Date,Market Excess,Size Proxy,Momentum Proxy,Low Volatility Proxy
2000-01-04,-0.039300031119355205,,,
2000-01-05,0.0015952099933904673,,,
2000-01-06,-0.016264794754517475,,,
2000-01-07,0.05788301835907461,,,
2000-01-10,0.003237102404533232,,,
2000-01-11,-0.012159975286728075,,,
2000-01-12,-0.010141682200719981,,,
2000-01-13,0.013349305941621648,,,
2000-01-14,0.013383980475118129,,,
2000-01-18,-0.008060771411973477,,,
2000-01-19,0.007950326394363438,,,
2000-01-20,-0.015499411925861573,,,
2000-01-21,-0.0023529459452582557,,,
2000-01-24,-0.02853605063450848,,,
2000-01-25,0.011162625693247108,,,
2000-01-26,-0.008120031860110677,,,
2000-01-27,-0.0041881502229838,,,
2000-01-28,-0.03138776036167423,,,
2000-01-31,0.026945124585943336,,,
2000-02-01,0.009658815304916857,,,
2000-02-02,0.0006934256781157,,,
2000-02-03,0.014869852424126861,,,
2000-02-04,-0.004340514977614673,,,
2000-02-07,-0.0017275223960265818,,,
2000-02-08,0.013414875198629383,,,
2000-02-09,-0.021198220910365828,,,
2000-02-10,0.0017970458304599202,,,
2000-02-11,-0.020502844829137667,,,
2000-02-14,0.005664990717128449,,,
2000-02-15,0.011119159936088252,,,
2000-02-16,-0.01492421745935646,,,
2000-02-17,-0.00536442727314701,,,
2000-02-18,-0.021662482242685188,,,
2000-02-22,-0.0027337236483914173,,,
2000-02-23,0.01161442645762878,,,
2000-02-24,-0.020330689612179986,,,
2000-02-25,-0.0038136807350251933,,,
2000-02-28,0.020783696884598246,,,
2000-02-29,0.009448229712287537,,,
2000-03-01,0.0070826558464280875,,,
2000-03-02,0.0004831484127820751,,,
2000-03-03,0.01852996374292415,,,
2000-03-06,-0.009937252194229362,,,
2000-03-07,-0.01953614362706002,,,
2000-03-08,-0.0014476488735819526,,,
2000-03-09,0.029030416637211287,,,
2000-03-10,-0.005517207075339647,,,
2000-03-13,-0.011122034346652154,,,
2000-03-14,-0.014398580526587268,,,
2000-03-15,0.02313700257360729,,,
2000-03-16,0.04652034158795049,,,
2000-03-17,0.006415444735427656,,,
2000-03-20,-0.005297682397889747,,,
2000-03-21,0.02032748319342237,,,
2000-03-22,0.005881468320555916,,,
2000-03-23,0.016878867449755086,,,
2000-03-24,0.005742628438676789,,,
2000-03-27,-0.010775063210150426,,,
2000-03-28,-0.005952862154973038,,,
2000-03-29,0.0008408213135830955,,,
2000-03-30,-0.01693255312362152,,,0.061602787906845494
2000-03-31,0.011155380517544389,,,-0.040109591595174424
2000-04-03,0.005625203526657074,,,0.05713581254878729
2000-04-04,-0.007630893181479026,,,0.0037338028848718395
2000-04-05,-0.006439501183278518,,,-0.056593011060692686
2000-04-06,0.008500549277371539,,,-0.03569324382264262
2000-04-07,0.006139817965235217,,,-0.03791537778768166
2000-04-10,-0.004114843124002898,,,0.06087897658134296
2000-04-11,-0.003094086222281467,,,0.020016971946951255
2000-04-12,-0.027619423055692538,,,0.05981956285710315
2000-04-13,-0.014079392177322014,,,0.002648484271845497
2000-04-14,-0.05738581006100196,,,0.08296732759923627
2000-04-17,0.03473268955240094,,,-0.0950118766990272
2000-04-18,0.026226933073240977,,,-0.03470269767944908
2000-04-19,-0.009495099014785846,,,0.024998828436690837
2000-04-20,0.00461040041609051,,,0.017648510274561137
2000-04-24,-0.011058798884563292,,,0.03874562092531716
2000-04-25,0.041326836331159855,,,-0.0475526701641996
2000-04-26,-0.0114783298873955,,,0.028611126378975373
2000-04-27,-0.0034999332253828896,,,-0.06315631075083626
2000-04-28,-0.006401524111654067,,,-0.04395440813242153
2000-05-01,0.013375297796048402,,,-0.0004784963108452997
2000-05-02,-0.02016793249688864,,,0.04512871682694014
2000-05-03,-0.023610536782460945,,,0.01712888378232874
2000-05-04,0.007354855412935235,,,-0.015941666827602532
2000-05-05,0.01192652954379847,,,-0.012265353418948622
2000-05-08,-0.007705422972345666,,,0.05130505066688142
2000-05-09,-0.008200144639111784,,,0.027937490478240533
2000-05-10,-0.022750406610626106,,,0.030266743484513716
2000-05-11,0.02265711033169704,,,-0.003181664131985895
2000-05-12,0.0106449399017845,,,-0.011793223542724286
2000-05-15,0.01709321882040693,,,-0.02495575705647942
2000-05-16,0.009485156838756392,,,-0.03374153860719152
2000-05-17,-0.010632245234147741,,,0.002451025079535896
2000-05-18,-0.012464392480685649,,,0.027886328108720725
2000-05-19,-0.01588692368567446,,,0.043686522545951234
2000-05-22,-0.007722746559576388,,,0.006442051760151824
2000-05-23,-0.014919456095831896,,,0.04161365594735124
2000-05-24,0.016111533763537356,,,-0.004134506531424343
2000-05-25,-0.01735088398473361,,,0.013397714386476967
2000-05-26,0.0009394930537036661,,,0.0023720278928636377
2000-05-30,0.03241520193706671,,,-0.08297791870937402
2000-05-31,0.0019997597660734723,,,0.028758756916127923
2000-06-01,0.01731177166044562,,,-0.04609663581731949
2000-06-02,0.017225731719291204,,,-0.07471913425366175
2000-06-05,-0.005054868601735096,,,0.015166707432031723
2000-06-06,-0.004654487559023646,,,0.02819351298738052
2000-06-07,0.006740486140045743,,,-0.03285472296754694
2000-06-08,-0.004113803769539404,,,-0.016737434533168706
2000-06-09,-0.0023208195639745632,,,-0.012249818605888706
2000-06-12,-0.011917903391692075,,,0.023151699417259766
2000-06-13,0.018572743461558572,,,-0.02477149670147062
2000-06-14,0.0014999626065175242,,,0.04215656867842016
2000-06-15,0.001920069135677105,,,0.01215171780660701
2000-06-16,-0.008410662923413526,,,-0.015440396347688734
2000-06-19,0.01259658932442953,,,-0.06787199007799469
2000-06-20,-0.0037714128543774317,,,-0.01973911755458305
2000-06-21,-0.0006161586004852504,,,-0.0007921515759371275
2000-06-22,-0.015408531675603743,,,0.02806974399959429
2000-06-23,-0.008777881408887023,,,0.01764233741553418
2000-06-26,0.012685557845941942,,,-0.003308203312983848
2000-06-27,-0.00756673042411149,,,0.010129588742589402
2000-06-28,0.002605800659193136,,,-0.015262280779768567
2000-06-29,-0.009640160834218814,,,0.029197487564049985
2000-06-30,0.007392203175518919,,,-0.02731820246119001
2000-07-03,0.013572220016206504,,,-0.005898270098882796
2000-07-05,-0.01822866352610064,,,0.05224990884147179
2000-07-06,0.007585149896033094,,,-0.0353727662956852
2000-07-07,0.015886360196155414,,,-0.028495822423656583
2000-07-10,-0.0018811423543482197,,,0.01075491487425978
2000-07-11,0.0019200215417956024,,,-0.01059450060429934
2000-07-12,0.006345516790611239,,,-0.06445790886776781
2000-07-13,0.004206242940118621,,,-0.006450237463973375
2000-07-14,0.009612544170432002,,,-0.018629585587790855
2000-07-17,-0.001846407740258571,,,-0.018902526143815303
2000-07-18,-0.008367928660564683,,,0.03954589172558584
2000-07-19,-0.00822738192211614,,,0.038380301124835946
2000-07-20,0.013689260573879647,,,-0.0003875493364196795
2000-07-21,-0.019695069052860448,,,0.029129306645300914
2000-07-24,-0.005907453516595829,,,0.0028928909661848357
2000-07-25,0.002998563272688104,,,-0.020305003676718072
2000-07-26,-0.009951529112536162,,,0.02306913387252818
2000-07-27,-0.0036216473848259545,,,0.07436240489720218
2000-07-28,-0.022764332358516493,,,0.01110194530032973
2000-07-31,0.006184353060500136,,,-0.04874352366441371
2000-08-01,0.005925246538825535,,,0.010283716945595767
2000-08-02,0.004801928902632646,,,0.022309131028508032
2000-08-03,0.006722569155828584,,,0.01827281305716344
2000-08-04,0.005172950491113992,,,0.0130872628656989
2000-08-07,0.011761366186580524,,,-0.045354565313368095
2000-08-08,0.0036038988335949096,,,0.0027899116188143
2000-08-09,-0.00860050473785734,,,-0.008564957254761953
2000-08-10,-0.005068810642658517,,,0.01972811912047464
2000-08-11,0.004492125475741293,,,-0.006254453040715746
2000-08-14,0.01252649846278886,,,-0.04688385673076565
2000-08-15,-0.0010308363056084069,,,-0.03340876185192515
2000-08-16,-0.0037554066945588715,,,-0.01942264860901259
2000-08-17,0.01031932077638853,,,-0.019312290873619686
2000-08-18,-0.0035231339683530205,,,-0.03840073840707229
2000-08-21,0.005234694645138482,,,0.017866676768909386
2000-08-22,-0.0018549657544327802,,,-0.004299855859286539
2000-08-23,0.0037583244559911133,,,-0.00750210243909818
2000-08-24,0.0029138326823427985,,,-0.03268145774184833
2000-08-25,-0.0006068942798144183,,,0.01154510326390521
2000-08-28,0.0032155830215883086,,,-0.016331856336388995
2000-08-29,1.2025201052479062e-05,,,-0.008446314106425757
2000-08-30,-0.009766388005228,,,-0.002597873518390248
2000-08-31,0.013109498639325645,,,-0.020370174447188482
2000-09-01,0.0008320182683998478,,,0.007828694207791398
2000-09-05,-0.008185827799479406,,,0.02235484141462548
2000-09-06,-0.011554609307435348,,,0.05291717101851187
2000-09-07,0.008373152414038243,,,-0.033338917126909125
2000-09-08,-0.00703001739281961,,,0.0348692786373175
2000-09-11,-0.0016538482864403292,,,0.030809013529689344
2000-09-12,-0.007505315181901118,,,0.025783394944398953
2000-09-13,0.0024365345559771434,,,-0.006388168043858522
2000-09-14,0.004843924521526599,,,-0.025489081218322385
2000-09-15,-0.022071293627712874,,,0.01173785679205509
2000-09-18,-0.00939752908212299,,,0.01426440013388228
2000-09-19,0.008879040593901877,,,-0.058594198919634355
2000-09-20,-0.00757878186054084,,,-0.018852799116224193
2000-09-21,-0.015399556759699284,,,0.06107866368854823
2000-09-22,0.01798481808322583,,,0.016619237179236523
2000-09-25,-0.007292111964424253,,,0.03089386964502744
2000-09-26,-0.01297534367921982,,,0.023213902320515067
2000-09-27,0.005073004339880338,,,-0.00879246260331069
2000-09-28,0.012685570284479253,,,-0.018637207553259594
2000-09-29,-0.009676217036281742,,,0.03190731989721992
2000-10-02,0.0013292961110795698,,,0.02400684423917243
2000-10-03,-0.009536086048547832,,,0.0064904102050175935
2000-10-04,0.008140378506056312,,,-0.04964538229235996
2000-10-05,0.0032858431893094675,,,0.016538073790658116
2000-10-06,-0.021866382273189933,,,0.033019212371978524
2000-10-09,-0.0077261410558028265,,,0.022104246806149207
2000-10-10,-0.016711502602606787,,,0.051222208588061535
2000-10-11,-0.008591233929943987,,,0.007379142835080544
2000-10-12,-0.025142049290427626,,,0.036393952407592675
2000-10-13,0.033139817822412265,,,-0.08756645491321749
2000-10-16,0.004349564904978953,,,0.04107446770984686
2000-10-17,-0.02506911359228947,,,0.05181665560072686
2000-10-18,-0.003904334441574564,,,0.012814526056458022
2000-10-19,0.037515875124310094,,,-0.14734060316545083
2000-10-20,0.004068236893389088,,,-0.00572579850555479
2000-10-23,0.004273802884512179,,,-0.020955119408712773
2000-10-24,-0.006864503790052101,,,0.05041805950780234
2000-10-25,-0.02369922082548881,,,0.03969363106537681
2000-10-26,0.002557229902052649,,,-0.02985291426352861
2000-10-27,0.01878259331024168,,,0.022806366790932953
2000-10-30,0.008780368247739867,,,0.008966895978758027
2000-10-31,0.017040110986731527,,,-0.045737342020723416
2000-11-01,-0.003582170781222027,,,0.03258562463872942
2000-11-02,0.0014517685264745506,,,-0.03583554856622828
2000-11-03,0.00035399133592828314,,,0.0012083756141765157
2000-11-06,0.006809993365164857,,,0.006379334032004791
2000-11-07,-0.00041117121389089295,,,0.024539247325922806
2000-11-08,-0.02236734849428168,,,0.06515568478460293
2000-11-09,-0.003972982390901936,,,0.015619100578667212
2000-11-10,-0.024519159883968022,,,0.04444949697842019
2000-11-13,-0.00797008983221792,,,-0.022183194823553323
2000-11-14,0.026085918015899434,,,-0.05693780214034048
2000-11-15,0.00295126288572245,,,-0.03332648050448319
2000-11-16,-0.01586828113842631,,,0.03084998777550374
2000-11-17,-0.005538872223517566,,,0.0030928315687694273
2000-11-20,-0.01448735458677497,,,0.026395947411719953
2000-11-21,0.004910459971380954,,,-0.004182806558261076
2000-11-22,-0.024085880182468045,,,0.01718398607033016
2000-11-24,0.020263203793226214,,,-0.07119858752953277
2000-11-27,0.008612311884528934,,,0.03073594152146546
2000-11-28,-0.017422467149377896,,,0.06920699271957469
2000-11-29,-0.0020639085359210885,,,-0.022995986557986882
2000-11-30,-0.00885878779767102,,,0.06158159435173808
2000-12-01,-0.0006664448684788882,,,-0.02150227422489466
2000-12-04,0.008315569374552023,,,0.03859631286079688
2000-12-05,0.03261608042104114,,,-0.11165428946300963
2000-12-06,-0.016191255430589635,,,0.04137283258729277
2000-12-07,-0.013914397946282686,,,0.02058940362070426
2000-12-08,0.0021453981676489153,,,-0.08348485040693845
2000-12-11,0.034561836270232016,,,-0.07706478222774849
2000-12-12,-0.0044766348624342145,,,0.046079029577678926
2000-12-13,-0.013890935262928394,,,0.06998601609579727
2000-12-14,-0.012933117874962652,,,0.026603519076723224
2000-12-15,-0.02278006713473002,,,0.007135942075627866
2000-12-18,0.013168786625788576,,,0.0063910111638802005
2000-12-19,-0.02056142761495605,,,0.01202216332470558
2000-12-20,-0.029156244847590607,,,0.086592292329694
2000-12-21,0.006736913265185773,,,-0.014379740217869308
2000-12-22,0.029796903796820207,,,-0.07415684023163706
2000-12-26,0.010545798806621987,,,0.019570093082705586
2000-12-27,0.007126475051994818,,,-0.028857848712386447
2000-12-28,0.002853658417677929,,,-0.00036907880664702707
2000-12-29,-0.01912311648403342,,,0.032045670132498205
2001-01-02,-0.018297767778954088,,,0.05646490299194071
2001-01-03,0.047841022150296286,,,-0.17779158030765133
2001-01-04,-0.010957077787099423,,-0.028008506719767654,0.02565215551173653
2001-01-05,-0.03283684311950141,,-0.009159990918334717,0.0576141213627663
2001-01-08,0.00754725136099732,,-0.019735844754623047,-0.004628300088891346
2001-01-09,-0.0028342837952086697,,-0.005616987960199682,-0.007564815162528105
2001-01-10,0.01737582933939663,,0.004664572885207696,-0.00907576261905455
2001-01-11,0.0007524098985189909,,-0.028223220230151048,-0.06509484729450614
2001-01-12,-0.002084014130787182,,0.012858080213748391,0.0006455972167958789
2001-01-16,0.006198600489692563,,0.011313363008196763,0.011113552797061844
2001-01-17,0.004393703112252512,,-0.01805765490440295,-0.04940764252815621
2001-01-18,0.009757853503475689,,-0.04273636166803294,-0.05934578359526574
2001-01-19,-0.00587431193443011,,0.020713526165038108,0.009968419703572885
2001-01-22,0.006452469649957049,,-0.02212949886660369,-0.017820777490812047
2001-01-23,0.007682198935332396,,-0.008754343587053137,-0.02953411351120543
2001-01-24,0.0027938613375138033,,0.003366634912436617,-0.010770983955097879
2001-01-25,-0.00271438647711586,,0.022652158919908558,0.046241276629326235
2001-01-26,-0.0013419135868443233,,0.003969912570173284,-5.899420796495747e-05
2001-01-29,0.005142305188749141,,-0.014027584614598732,-0.030943975703701897
2001-01-30,0.008590620291807793,,-0.025322021650197722,-0.01964609595888265
2001-01-31,-0.0058539191073776475,,-0.014608968539447962,0.021501113851854003
2001-02-01,0.0064479680708693365,,-0.016635263224615747,0.016896333967517406
2001-02-02,-0.022886292626594917,,0.011296609094950418,0.04758743425642563
2001-02-05,0.007150317743836121,,0.015528867908055556,0.022963232678351563
2001-02-06,-0.0031392704633953494,,-0.008308875974546636,0.004556717863780635
2001-02-07,-0.005364018913084023,,0.024436513228167454,0.04151466334819937
2001-02-08,-0.01184967060179043,,0.030178558355318907,0.03532425162117442
2001-02-09,-0.009809693960379895,,0.026398320269034572,0.030002540449960757
2001-02-12,0.01126026343264086,,-0.014820630826595725,-0.045638618261110354
2001-02-13,-0.008367567372495555,,0.03959986548052423,0.010365539094085198
2001-02-14,-0.001705713872825254,,-0.07502828398698108,-0.07680068969380743
2001-02-15,0.00949879607628068,,-0.03531835541489176,-0.03220930052160159
2001-02-16,-0.022242523466964648,,0.03105588088449317,0.051014394647479235
2001-02-20,-0.015607668823068077,,0.06565240538683176,0.06786369357078158
2001-02-21,-0.021768619634446984,,0.007078996221982924,0.029401935503605283
2001-02-22,0.0013186724574143494,,0.005272802891705297,0.0023802426048756264
2001-02-23,-0.006949786754042009,,-0.004250158222439071,-0.018130269577191094
2001-02-26,0.021093524507662442,,0.023237175121125463,0.015682767660531005
2001-02-27,-0.009439922902378384,,0.05822857188825098,0.06259889544042084
2001-02-28,-0.019887017450817557,,0.013625208365207652,0.025684555372046038
2001-03-01,0.0050507416842660025,,-0.06179567591547049,-0.025349220565286247
2001-03-02,-0.008139348050248851,,0.007499673138447294,0.005488485884462479
2001-03-05,0.00894848860837949,,-0.023822255427837447,-0.01486129593643619
2001-03-06,0.010548402389132683,,-0.040938199780208795,-0.055170546023856716
2001-03-07,0.0069450360778087195,,0.0064457291661730535,0.003885770629714869
2001-03-08,0.0009085929369971879,,0.013754617595125695,0.019758697657123837
2001-03-09,-0.029771991870954584,,0.0650899477506771,0.05492025124835461
2001-03-12,-0.04299507329175356,,0.02078475587852032,0.04057865120138158
2001-03-13,0.016235382392483677,,-0.06657027617891377,-0.058373307959565156
2001-03-14,-0.01994035188500165,,-0.007986316839437225,-0.004950684951247075
2001-03-15,6.168607987833141e-05,,0.007140431608797193,0.015354469342698473
2001-03-16,-0.020251395345758594,,-0.011281564329175209,0.016970583753893174
2001-03-19,0.020152960319435476,,-0.046429749622501924,-0.07874104344821424
2001-03-20,-0.027036626321682578,,0.05928138567341955,0.06279499846778828
2001-03-21,-0.017180886618374358,,-0.05530486840539722,-0.0241553886540416
2001-03-22,-0.010348631038009204,,-0.08797559397324464,-0.08119020540085897
2001-03-23,0.030044187788841326,,-0.008586650633747452,-0.02204680313864177
2001-03-26,0.012559281160740676,,0.051399254721267745,0.026981165210239556
2001-03-27,0.020247711780454924,,-0.008974823217838825,-0.017580213881461092
2001-03-28,-0.02783298158891978,,0.06863198918526227,0.06421654951670154
2001-03-29,0.0036317450977711996,,0.033014748920314564,0.017068063905226895
2001-03-30,0.01028403451556148,,-0.003502007239178862,-0.00044371726819392165
2001-04-02,-0.021532451640066896,,0.05785244137726745,0.06528211446293075
2001-04-03,-0.03355594954232177,,0.033422517525431295,0.05003173752081023
2001-04-04,0.003973582252733809,,0.04774369778937677,0.04461416775914629
2001-04-05,0.037695493522509116,,-0.11610378364974099,-0.1144983490864681
2001-04-06,-0.015404389001494434,,0.046309081394473386,0.0468399867327721
2001-04-09,0.010927056625136933,,0.019587676125971065,0.0006343183104244535
2001-04-10,0.018050147196433164,,-0.0754188761164131,-0.0942400787221055
2001-04-11,0.0004924423383219079,,-0.09263149797870739,-0.06507730952837094
2001-04-12,0.01796742307298027,,-0.04059043020877226,-0.05528907943805863
2001-04-16,-0.010710993528158075,,0.028409134221972363,0.03992438585963414
2001-04-17,0.013922374430879847,,0.007764126572690478,-0.0007119664240399118
2001-04-18,0.03955154477764311,,-0.0771011365874549,-0.10010071540266043
2001-04-19,0.013112882611580279,,-0.06433288574039994,-0.05851875633147859
2001-04-20,-0.009346499952059273,,0.0024636108224387887,0.00947115399420655
2001-04-23,-0.01834580516446005,,0.03645175602812652,0.06722832006578709
2001-04-24,-0.005593322110023058,,0.02463295098004962,0.015578789151763394
2001-04-25,0.012883664120717286,,-0.010581508081918501,-0.028271189464880997
2001-04-26,0.004272320277265651,,0.030723749253103894,0.03679650106933221
2001-04-27,0.016456885525417464,,-0.028823818014537872,-0.020491801849164038
2001-04-30,0.006802505138810089,,-0.03986313646477349,-0.038222370539900886
2001-05-01,0.002885938205834826,,-0.006248652651944764,-0.009772077406534463
2001-05-02,-0.0020039195881457195,,-0.027978027324642506,-0.03328814392830646
2001-05-03,-0.012889014719009717,,0.03542598019204121,0.04695836076046071
2001-05-04,0.016817680584398254,,0.008318767611823406,-0.010563046872350323
2001-05-07,-0.008831902353921506,,0.0008799183510868501,0.008758867736346997
2001-05-08,-0.0006690963274049722,,-0.026914821343519225,-0.01785108196122246
2001-05-09,-0.004393338482132192,,0.01870763542249562,0.040116542488986655
2001-05-10,0.0027505970105357047,,0.011158560684668606,0.009201119299303817
2001-05-11,-0.007097107599859487,,0.009621826619059625,0.005320212901206389
2001-05-14,0.0018040111145327664,,0.017338522568193838,0.01677190033728456
2001-05-15,0.004430930107493403,,-0.0013170293991984108,0.006271692817463837
2001-05-16,0.023382068716813587,,-0.014444962959951825,-0.050246048698092904
2001-05-17,0.001357108892636516,,-0.013510931839186134,-0.03335552246229114
2001-05-18,0.004374809611208175,,-0.008090099580530407,0.008898877765198189
2001-05-21,0.01452839096084002,,-0.04136844854104083,-0.08621301743148271
2001-05-22,-0.001485286786685247,,-0.0006322462360633272,0.008629646715324724
2001-05-23,-0.017153933205887317,,0.012321847949843766,0.04641335654019766
2001-05-24,0.0027462230335060234,,-0.00840699768538039,-0.013007771871856267
2001-05-25,-0.011996442235085225,,0.0001423178324926888,0.01022761515084677
2001-05-29,-0.00815646448596763,,0.03527696123088051,0.05269204259241417
2001-05-30,-0.014200112915843555,,0.03570289378134586,0.06452488502373749
2001-05-31,0.00499382756611455,,-0.007815024789245362,-0.020759385710885547
2001-06-01,0.0059990796733220275,,-0.001257044918329243,-0.020688905392371837
2001-06-04,0.004619732784949537,,0.007959903821999535,-0.0005440086195768971
2001-06-05,0.011271471922656318,,-0.04054079083183104,-0.051137947915042885
2001-06-06,-0.008500745208821492,,0.0010858890447501771,0.010118834076459261
2001-06-07,0.0034080498385866687,,-0.04545955155838318,-0.053207983617962154
2001-06-08,-0.009477016617245537,,0.019264123675015454,0.0384276320400012
2001-06-11,-0.007280382808191432,,0.020107280516066296,0.032555751157613375
2001-06-12,-0.0019383690368582895,,0.018402367567923683,0.013220071204822636
2001-06-13,-0.008772960214729508,,0.029700687692491914,0.027472616215846856
2001-06-14,-0.022629579171885572,,0.037159900093017076,0.05439920602172162
2001-06-15,0.0014169847402065727,,-0.00029400070290928047,-0.007109269788830709
2001-06-18,-0.0050351123679749366,,0.02239010945397317,0.010140175691865627
2001-06-19,0.004177124889754413,,-0.01031262343836895,-0.0054596543176733126
2001-06-20,0.005061784885361131,,0.008131114194436762,-0.002748390746511042
2001-06-21,0.011159053070347591,,-0.033126599836526674,-0.020203581969196048
2001-06-22,-0.008027545432730432,,0.0018879918126626484,-0.004172681609142604
2001-06-25,-0.009391527751027584,,-0.02482832715001798,-0.01929456864306319
2001-06-26,-0.0015906367136775401,,-0.015276380336735307,-0.006532444394986258
2001-06-27,-0.0007693425558816802,,0.0024828269266342195,-0.006746078013425127
2001-06-28,0.005321790498533874,,-0.03235899396582288,-0.04150462087475206
2001-06-29,0.003489993918561085,,-0.016238098780386078,-0.009637993841337622
2001-07-02,0.012286349383183737,,-0.014520928034514678,-0.0071028117339358545
2001-07-03,-0.00043573234434601815,,0.006349770034683155,-0.014586619334784412
2001-07-05,-0.019693727496251867,,0.02486504081361024,0.03483005366689759
2001-07-06,-0.021807917567130297,,0.04872219634929142,0.06492335737306418
2001-07-09,0.005266182471837633,,-0.021256691727419563,-0.015003441811224816
2001-07-10,-0.012223281040946499,,0.03293465847905771,0.04597494873541884
2001-07-11,0.0008210212512738124,,-0.011396963043137632,-0.0136584801684265
2001-07-12,0.02354341451942421,,-0.046839529289255055,-0.06139344022007871
2001-07-13,0.008470865290238327,,0.009707620908384219,-0.007910753444303942
2001-07-16,-0.012710355906115578,,0.024885626444252483,0.05343566134778519
2001-07-17,0.009167726510527885,,-0.015049215864105236,-0.032046559813676635
2001-07-18,-0.0070057740939071245,,0.035252404946561386,0.02500946342016348
2001-07-19,0.008566038122647113,,-0.04357833592795464,-0.039597224763262114
2001-07-20,-0.0061739820421379266,,0.002723188710317637,0.004967287778473994
2001-07-23,-0.019890884338271797,,0.0043846663631485604,0.01976353435523511
2001-07-24,-0.009861229112121062,,-0.018917598031378168,0.006612249367913225
2001-07-25,0.010842576985589991,,-0.014976139024090342,-0.01697334036563595
2001-07-26,0.01030146376428509,,-0.03223963225437737,-0.053615338488398265
2001-07-27,0.0036288206591832406,,-0.00959035542744342,-0.01977243994790161
2001-07-30,0.0001371501785221163,,-0.0010783292787262082,0.0029672317507547286
2001-07-31,0.003943776459307324,,0.012908529546680281,-0.002249920304963804
2001-08-01,0.006068766711581519,,-0.052538307194152103,-0.050764909198134665
2001-08-02,0.0039017730150812113,,-0.012183335502888725,-0.011919539863416305
2001-08-03,-0.005658413645013183,,0.015930982260390934,-0.00047509154921736556
2001-08-06,-0.01364303506665343,,0.014845186884611995,0.0059439400849965575
2001-08-07,0.0037129828966033784,,0.013472198638394762,0.029111066734630764
2001-08-08,-0.018741159131548613,,0.031100973626495887,0.049639858741029816
2001-08-09,0.0027595863850116142,,0.004650770347046174,0.00018565819498240783
2001-08-10,0.0032553689933116914,,0.012679505341190798,0.0036920607191765482
2001-08-13,5.7691495401579473e-05,,-0.011316799639137698,-0.01899417339935823
2001-08-14,-0.0006125961113959688,,0.026925563560924928,0.017685679522580124
2001-08-15,-0.008829928657801744,,0.02401426948349189,0.030131367642494588
2001-08-16,0.0032744441445178296,,-0.011874157161383103,-0.01318359357105505
2001-08-17,-0.01620725207281204,,0.03616339436711026,0.043519412171339214
2001-08-20,0.009056445878660835,,-0.005481725385275981,-0.013960986666124086
2001-08-21,-0.017251636064276932,,0.03046930819092409,0.026024864281534076
2001-08-22,0.010167162419748577,,-0.03366471608658273,-0.04105964098895271
2001-08-23,-0.003782645397218287,,-0.007311973060045541,-0.001002873419789452
2001-08-24,0.020560956369170214,,-0.04473518378745013,-0.04481337809863938
2001-08-27,-0.006159307326855101,,-0.003875224408416122,-0.004975862272049725
2001-08-28,-0.014816008543251047,,0.026944707048461993,0.02020194255706257
2001-08-29,-0.00911461981808992,,0.017476608403376604,0.01884781800187556
2001-08-30,-0.019407734552882694,,0.025364692938964182,0.028763192848204968
2001-08-31,0.007131110646317884,,-0.00671974298657292,-0.008783154385741477
2001-09-04,-0.006589857747546057,,0.04888942474143705,0.05214378693240272
2001-09-05,0.0022760846600871076,,0.0010895920200003515,0.014315827795767165
2001-09-06,-0.025962847210670437,,0.03169877987684679,0.041626044649990805
2001-09-07,-0.01870034397960485,,-0.021198266039885606,-0.0025807167435136333
2001-09-10,0.012039046269632703,,-0.009530375811109403,0.0021323155132738636
2001-09-17,-0.052442763231784206,,0.043357924977886125,0.06699399261806543
2001-09-18,-0.0025901303759772176,,0.05862726629657447,0.050883942758593016
2001-09-19,-0.02037627342902415,,0.021676987671516986,0.015594240136543112
2001-09-20,-0.03197403880461247,,0.014289813449445209,0.018985473601100953
2001-09-21,-0.010982793382122158,,-0.023963717232914874,0.004395260704838578
2001-09-24,0.03496295983554831,,-0.029193420112231337,-0.046831146523683496
2001-09-25,0.01023354240400276,,-0.003869325678998836,-0.016391743300885133
2001-09-26,-0.00373235170970454,,0.06363747601919624,0.06290937153089436
2001-09-27,0.008485844126035147,,0.03869973179309212,0.02408994676771673
2001-09-28,0.021024832537520632,,-0.013863931594174726,-0.02774500665060662
2001-10-01,-0.0018212914149410286,,-0.009415233575882965,0.0019544087536567554
2001-10-02,0.012369980667567448,,0.028673647439405113,0.011325430296580018
2001-10-03,0.016570485560757575,,-0.10603982385429013,-0.10022078174921363
2001-10-04,0.0006445110854513825,,-0.02650961572185704,-0.023871195694531833
2001-10-05,-0.00214761943394004,,0.023596431435764197,0.015649043012520805
2001-10-08,-0.006721571333477283,,-0.02363065272276934,-0.033747689303711324
2001-10-09,-0.005544473216645529,,0.01697438270895748,0.04922339257805403
2001-10-10,0.022079269754134323,,-0.035753385235111554,-0.04184628210146721
2001-10-11,0.015315131338306864,,-0.07141527610514746,-0.09814989825959067
2001-10-12,-0.0047386425674301735,,-0.0049576454916762875,-0.0075411840974549775
2001-10-15,-0.0020201539512708644,,0.028044133315296118,0.038603951096638195
2001-10-16,0.006118936643051853,,-0.007195112680376182,-0.01460237196478894
2001-10-17,-0.021467695319007163,,0.028600089718010882,0.04614711559958604
2001-10-18,-0.0023302186723273,,0.011278674628548346,0.013600411204279727
2001-10-19,-0.0008456366840996488,,-0.020711037676181085,-0.03156818523331787
2001-10-22,0.0195546845919925,,-0.01512297547142976,-0.021272192839601144
2001-10-23,-0.005308841342280712,,-0.00685001207443553,-0.006403096490607418
2001-10-24,-0.002856513702933272,,-0.02709810947633131,-0.047407445237403076
2001-10-25,0.017758759342778374,,-0.014115721918057756,-0.033912799303510155
2001-10-26,-0.0024547448991961707,,-0.012174643086358083,7.10088350761584e-05
2001-10-29,-0.026208682062038746,,0.049796322538142264,0.058871924750142406
2001-10-30,-0.012199330831100696,,0.0231942713799944,0.032389375452398894
2001-10-31,-0.0035837777813875205,,2.6250485614098644e-05,-0.016767073775992458
2001-11-01,0.025420176421630414,,-0.012782483237390285,-0.03369756339554266
2001-11-02,0.006625305412928828,,-0.01473235876370429,-0.036731349275547845
2001-11-05,0.012896220853918061,,-0.00604825314871338,-0.01753432478308623
2001-11-06,0.015346633684742317,,-0.016236732123059604,-0.03497206117464248
2001-11-07,-0.0015280195408484687,,-0.00987798365187328,-0.01708052627448098
2001-11-08,0.0029245295748174804,,-0.01527445576780857,5.9071470286609085e-05
2001-11-09,0.0008718571194339386,,0.007466433356707658,0.002916223673825791
2001-11-12,-0.006314563735990708,,-0.0050786648688389,-0.02067523520667145
2001-11-13,0.022299924062639143,,-0.008846704730615784,-0.03850419799838481
2001-11-14,0.0007665965630845317,,-0.030637526258930035,-0.007238173471524723
2001-11-15,0.0016377338411546205,,-0.0075195451838739324,0.011838272899407044
2001-11-16,-0.004633247814026187,,-0.00046650683410874886,0.0010615958999111719
2001-11-19,0.012135838869997029,,-0.007911350627020374,-0.012813092429132877
2001-11-20,-0.008572400055734453,,0.01140282383209551,0.05715384025749798
2001-11-21,-0.0068136499978646015,,-0.006488043162166191,-0.007596225103656517
2001-11-23,0.01418719899009413,,-0.012726031534307004,-0.02275350639578605
2001-11-26,0.001967808168502838,,-0.017403529653047468,-0.043321577638893105
2001-11-27,-0.00450687545441375,,0.0054718683834769416,-0.006603349024916716
2001-11-28,-0.018299373356409077,,0.028015649673380306,0.048498525234643375
2001-11-29,0.013304901032195282,,-0.01745561904306233,-0.03532905756551015
2001-11-30,-0.007332040460515166,,0.0026319071313782747,0.013369158800657609
2001-12-03,-0.00615567980188958,,0.006087663713682279,0.01124671229498616
2001-12-04,0.016741754689441057,,-0.02800851868421039,-0.056086176536301255
2001-12-05,0.01810826413970168,,-0.020773134190772737,-0.06592735282128838
2001-12-06,-0.0007051011248956351,,0.005487850333211874,-0.017356454926191166
2001-12-07,-0.006840352158835161,,0.012676534860737743,0.017904174642240967
2001-12-10,-0.018896779945750564,,-0.014127643526734412,0.020914609436372755
2001-12-11,-0.0022041913782990807,,0.02224956991871855,-0.02285333009724778
2001-12-12,0.0009450265014778747,,0.0207155182860031,-0.005071602805613906
2001-12-13,-0.019619454932039315,,0.019107829987246194,0.05644545510839186
2001-12-14,0.0093546138543672,,-0.011904795185376283,-0.006500804720429099
2001-12-17,0.010148370545299379,,0.0245685983144009,-0.01167678268021477
2001-12-18,0.005756005116656526,,-0.006201767631626509,-0.007293190007269768
2001-12-19,0.0068508384173291414,,-0.01276979653431215,0.05035718029441516
2001-12-20,-0.010038963059082695,,0.019724699664278887,0.05911432647282922
2001-12-21,0.005871326633821727,,0.0007971710620330429,-0.02733741405103276
2001-12-24,-0.002107258904334053,,0.003478861025850344,0.008052694949623617
2001-12-26,0.005297679283400525,,0.0028637616291996007,-0.012691885565381422
2001-12-27,0.0058740788473212735,,-0.006411451096077138,-0.022162748631481235
2001-12-28,-0.0007105655889075857,,-0.012222659200607222,-0.00847375496452928
2001-12-31,-0.014849032969629583,,0.0018996333558626947,0.02019051956710858
2002-01-02,0.010568017832339738,,-0.020951117168812306,-0.03430669069267387
2002-01-03,0.01114502255085581,,-0.0245169695030218,-0.05513073097000711
2002-01-04,0.006482274734599169,,-0.004268870858198902,-0.01363647891776847
2002-01-07,-0.007249570781893588,,0.021469037698559623,0.002240230355733675
2002-01-08,-0.00250626442677071,,0.011415134399041117,-0.007801096263496521
2002-01-09,-0.008346584048022687,,0.01393984742996388,-0.015668073554104146
2002-01-10,0.004219616233601231,,-0.0027561970876335607,0.017299643399121125
2002-01-11,-0.010014828297481682,,0.011237705308644996,0.010383163823558228
2002-01-14,-0.006457503964666267,,0.002663723374477168,0.021841624123236612
2002-01-15,0.007948196794101081,,-0.0028427568955257886,0.0043193459888731245
2002-01-16,-0.020428601064194862,,0.018044915798001115,0.04047846811354781
2002-01-17,0.00734082848416473,,-0.012179830082332966,-0.014711863972270135
2002-01-18,-0.004767933361270682,,0.001165496196839963,0.03096409376854841
2002-01-22,-0.00708724623927548,,0.024865660862086268,0.030828809531527425
2002-01-23,0.007459717273313959,,-0.007759926952499063,-0.03756162874704327
2002-01-24,0.0028973480052767453,,-0.009656494658475312,-0.012424848743953753
2002-01-25,-0.00045789876679469543,,-0.0012209246883457927,-0.01010874962766285
2002-01-28,0.0025368156496781147,,0.0013549267269625802,-0.005813889076227697
2002-01-29,-0.031635783629815006,,0.0037036513708375678,0.014216640180613492
2002-01-30,0.014224044738255337,,-0.013594434746027097,-0.0183071736774489
2002-01-31,0.01151620024475708,,-0.009273361730090702,-7.181589304563508e-05
2002-02-01,-0.00487624287615418,,0.013951291100654606,0.016130169504611738
2002-02-04,-0.02504940905420694,,0.033194063396618595,0.019484714643069348
2002-02-05,-0.006383857554818961,,0.014708413542240428,-0.00040587914069790677
2002-02-06,-0.004498464118834811,,-0.01084570679964454,-0.011430606704572289
2002-02-07,-0.006449563847801154,,-0.008844425639676067,0.03376501240048389
2002-02-08,0.018969748814024356,,-0.0053693359822885815,-0.006168348381978828
2002-02-11,0.012068837796897824,,-0.017758718932280405,-0.056465118158053815
2002-02-12,-0.003334043599452108,,-9.832905102504777e-05,0.011232591977267758
2002-02-13,0.01042843960787887,,-0.005242477344624974,-0.024085142002701575
2002-02-14,-0.0020643503500876736,,0.004702660605304864,0.0084542828044075
2002-02-15,-0.010634791286661116,,0.016191199504602596,0.027349235807315443
2002-02-19,-0.01940185760134472,,0.0035373260639718455,0.033249999534468166
2002-02-20,0.01663250951629136,,0.007729353959717623,-0.008656630521880903
2002-02-21,-0.020901069035168196,,0.016002196739679474,0.06186525753536801
2002-02-22,0.012180016934196791,,0.005378219290016395,0.009438860329834464
2002-02-25,0.016314182750466477,,-0.037163374726773835,-0.05472940854547794
2002-02-26,-0.0022569148059634614,,0.010669749280956398,0.004057519792521802
2002-02-27,0.003672342947646845,,0.0065599371810860065,0.01608948642241311
2002-02-28,-0.004671787782172365,,-0.00041164246253876384,0.030985500331495885
2002-03-01,0.023108977046175427,,-0.018278580321466467,-0.07513215040110903
2002-03-04,0.01747748606774513,,-0.04901946384676136,-0.08408907761388068
2002-03-05,-0.0033898830653806833,,-0.018269750348955793,-0.014554856260783944
2002-03-06,0.01167974558220286,,-0.0018445861101685362,0.0023736005683631326
2002-03-07,-0.002334950274449077,,-0.00922501206371077,-0.012200311913904338
2002-03-08,0.004012011327664933,,-0.01267886600739807,-0.03490767177470209
2002-03-11,0.0019438056520544311,,-0.005071295661799113,0.017131872726697497
2002-03-12,-0.0007906007228748457,,-0.0046877361629042765,0.04216017427258202
2002-03-13,-0.009837874319038376,,0.0063291464647047165,0.03846873636713017
2002-03-14,-0.0015726693417990045,,0.003907662076628526,0.008558739217076094
2002-03-15,0.009335401229586315,,0.004571001452185218,-0.024440311373920397
2002-03-18,-2.2375009512076716e-05,,0.012238246083954185,-0.001752941415944942
2002-03-19,0.006492121167715581,,0.0007411651153355183,-0.0015876401929111328
2002-03-20,-0.01901078674975465,,0.013332558832817054,0.017743540217374378
2002-03-21,0.0002406733863589139,,-0.0003006001650812549,-0.026246329764846102
2002-03-22,-0.0023625609559958516,,0.008395582631248,0.013550525845257566
2002-03-25,-0.012623695215765007,,0.005694281069062978,0.020673117798627284
2002-03-26,0.0056157073911995425,,-0.006624756363403606,-0.018858272236888782
2002-03-27,0.00243192423545735,,0.014664033441767144,0.011333530644240364
2002-03-28,-0.000630577501974261,,-0.011390318234750686,-0.020753444892699757
2002-04-01,0.00024350749502266567,,-0.0015929706303079872,-0.025501296435653152
2002-04-02,-0.00569232888079052,,0.007174068377081056,0.03996264566071144
2002-04-03,-0.007214795721994238,,-0.005400516503024632,0.008499969914267857
2002-04-04,-0.004348126201849767,,0.013860082688839804,-0.015722858347311998
2002-04-05,-1.60096032484347e-05,,0.004508112647371642,0.011406787870787395
2002-04-08,0.0019359680393917778,,0.0017997894636073491,-0.0019639809286104756
2002-04-09,-0.007189248948479943,,0.004779123426484022,0.029857705623695118
2002-04-10,0.011131465015263409,,0.006175558835800865,-0.001065915776716264
2002-04-11,-0.025059181554259458,,0.024026465913599103,0.026011067339993865
2002-04-12,0.007311398232787036,,-0.00041033335370726023,-0.025312822009317993
2002-04-15,-0.007822047624631456,,0.00837475070452658,-0.012108819632074708
2002-04-16,0.023592269570831936,,-0.020174083681590793,-0.04346434598071369
2002-04-17,-0.0023141586652926094,,-0.010287124395013503,-0.009613189405515744
2002-04-18,-0.004531284025442339,,0.0036604905025079074,0.017460341973296524
2002-04-19,0.003451700445860739,,0.011137578561190353,0.010031306183327272
2002-04-22,-0.016848428763190815,,0.004516231694152193,0.011810198746282984
2002-04-23,-0.00451778302672734,,0.025717455756663874,0.028341398563215457
2002-04-24,-0.010237190776975491,,-0.008943471856616748,0.02330562458725156
2002-04-25,0.00035478428413138197,,0.007259808050482553,-0.004817006126303147
2002-04-26,-0.019194380831316304,,0.007449424679003093,0.041903081826180515
2002-04-29,-0.005128530892231531,,-0.0004816161091193093,0.0009606875795203362
2002-04-30,0.009164060903227744,,0.0024184644670202093,-0.014770902357606419
2002-05-01,0.012044657228607258,,0.004666032570643287,0.004820915586580731
2002-05-02,-0.0040404032604318685,,0.015441253419813006,0.038062038428803874
2002-05-03,-0.011043250740931376,,0.02113897505298895,0.03142488967470112
2002-05-06,-0.019806950366404563,,0.008553625845406955,0.017487559698185898
2002-05-07,-0.0037010696991400804,,-0.0032025127477206755,0.012938222944316747
2002-05-08,0.03700802333171316,,-0.09285878416077786,-0.13904247028634714
2002-05-09,-0.011752601849723487,,0.0243449623401387,0.026178403738362877
2002-05-10,-0.019033094261282524,,0.01687812608606515,0.0352699717227357
2002-05-13,0.02014358419619744,,-0.025924963244252672,-0.04402467563272838
2002-05-14,0.021591932487592613,,-0.03147612877534077,-0.06369718081732298
2002-05-15,-0.0040950511040944715,,-0.020390538656446335,-0.015197572909273115
2002-05-16,0.004998167813539123,,-0.014007292065106324,-0.006200580594397298
2002-05-17,0.00469929042504047,,0.00398080074628725,0.003568951317169
2002-05-20,-0.011014130924202337,,0.017601608320364625,0.0193501447467335
2002-05-21,-0.009309386889828186,,0.0023219061212718,0.02519678014823403
2002-05-22,0.002014356355541258,,0.011662282143810432,0.008626361363614277
2002-05-23,0.010453705481599851,,0.0005765436273196256,-0.011349813931741837
2002-05-24,-0.012999644616066286,,0.011123105748587103,0.03267540711887098
2002-05-28,-0.005621989074206524,,0.007717881111273495,-0.01366805961840789
2002-05-29,-0.0075937804980172885,,0.008626164061337016,0.030190542160489095
2002-05-30,-0.0029901772273925875,,0.00280528401420288,-0.009935950178026143
2002-05-31,0.0018627368874162276,,0.0011426141971845548,0.006820089580924704
2002-06-03,-0.026774958465437315,,0.024217933523460355,0.03583546951999111
2002-06-04,0.0022980477971235036,,-0.01841901475336675,-0.025448898727682856
2002-06-05,0.009172234014213743,,-0.0017961926155348092,-0.0019025317138809837
2002-06-06,-0.020551469186527282,,0.012263973340846146,0.0315004516447755
2002-06-07,-0.001352851120444698,,-0.013825642401126416,0.00020458481654024309
2002-06-10,0.0036764150333299384,,0.01169144738126814,0.00819553356142254
2002-06-11,-0.017351702909225275,,0.01805941425919092,0.03148311187501936
2002-06-12,0.005887277861211793,,-0.022375325329092477,-0.023023163480834316
2002-06-13,-0.010234224002841796,,0.010134614835800259,0.004106394878008302
2002-06-14,-0.0016710190555269122,,0.006779753186251236,0.013557745426308786
2002-06-17,0.026630807519560706,,-0.011866417181019408,-0.02171079566789408
2002-06-18,0.007970419781162086,,0.00829856575424246,0.01296723768124497
2002-06-19,-0.023534082045486793,,0.033722512958586325,0.0431118326911761
2002-06-20,-0.01297148414001903,,0.024795331088491745,0.040391424160418875
2002-06-21,-0.01582953101514062,,0.010056655693144723,0.018678247504626967
2002-06-24,0.005043732101247089,,-0.018818543264242857,-0.036430075885954226
2002-06-25,-0.02263835407463488,,-0.029454121138344856,0.02382042776034871
2002-06-26,0.0014462955743999029,,0.0015625498286119264,0.01630066041949193
2002-06-27,0.017305518149845378,,-0.023678384075402268,-0.021994361527942666
2002-06-28,-0.004920120189874089,,0.008217810007312665,-0.009977728911255946
2002-07-01,-0.019697600316528563,,0.031170115908634676,0.03586369892172312
2002-07-02,-0.021423296007352266,,0.0064744844976593816,0.03752187573720813
2002-07-03,0.005492216503673486,,-0.039759127012850976,-0.04823492682264178
2002-07-05,0.039592502074126124,,-0.05787666976511197,-0.07806510681553962
2002-07-08,-0.012679575374477503,,0.0381519716086217,0.041158252679754426
2002-07-09,-0.025379644386684497,,0.01342538155945324,0.008441962308862995
2002-07-10,-0.036595210991498095,,0.013484377930053883,0.024434656367495956
2002-07-11,0.007947457648336709,,-0.05559168329460937,-0.06026033949565866
2002-07-12,-0.011176472822653105,,-0.02784151601183611,-0.016932372485720916
2002-07-15,0.005140683548276126,,-0.04117054146162939,-0.039822156599927855
2002-07-16,-0.0194697719983552,,0.005950160680829673,-0.0020190226819237767
2002-07-17,0.0017941862185293367,,-0.0007122324335645282,-0.02015609300229555
2002-07-18,-0.03259389554407577,,-0.009095256470685164,0.01594361572429448
2002-07-19,-0.03538761294378512,,-0.0232812936991996,0.0003968825404362074
2002-07-22,-0.029824374482740335,,-0.022469867551042598,0.038084450578182924
2002-07-23,-0.027565637802179355,,0.026924187234384986,0.042982899848665865
2002-07-24,0.059469023330977144,,-0.030731690089734823,-0.03042126987600081
2002-07-25,-0.008692302619549674,,0.058664818593337165,0.08616280180711747
2002-07-26,0.018853922866488793,,-0.020144186825123034,-0.014883064553617565
2002-07-29,0.04852176299296973,,-0.0016832353119154986,-0.060525796305592613
2002-07-30,0.01283890381748698,,-0.013617254624603094,-0.008635002713619711
2002-07-31,0.0022260319613309765,,0.01976617485652704,0.01982796547391622
2002-08-01,-0.0263022375761216,,0.054180961414008966,0.03082637109780586
2002-08-02,-0.022608481038255412,,0.0029937209654416277,0.012878351282166113
2002-08-05,-0.03498975984926678,,0.04766878163859143,0.039416171594381245
2002-08-06,0.033470336767709385,,-0.025583287343098372,-0.05072824233998979
2002-08-07,0.017243955318727133,,0.011260254468838658,0.0009267058297169123
2002-08-08,0.03215670359314737,,-0.02344640588935759,-0.0501958150473395
2002-08-09,0.003544382836651927,,0.003382377013463311,0.01038990356453774
2002-08-12,-0.007532653076935736,,0.009978846066921822,0.002459907984110077
2002-08-13,-0.018402106840801458,,0.00040636200084470664,0.01722992559601775
2002-08-14,0.03633614632590909,,-0.03475178252167913,-0.0562588011586375
2002-08-15,0.01368635204204982,,-0.018013872055207335,-0.014692170595811415
2002-08-16,-0.0031886859278389412,,-0.03239746680842682,-0.01835534701854731
2002-08-19,0.023192112803751108,,-0.04512532802567963,-0.03754532904578055
2002-08-20,-0.010780745177961015,,0.03235280262501269,0.024946044939089883
2002-08-21,0.014214445284842947,,-0.0210218910670948,-0.023262647952005788
2002-08-22,0.009519201361559704,,-0.0036063086147700932,-0.01139786950341456
2002-08-23,-0.021708129394677922,,0.01834912261991156,0.0392183850569306
2002-08-26,0.006783700711594509,,-0.0002736605254412775,-0.001214661368820169
2002-08-27,-0.01174080194282534,,0.011830987049433986,0.044225323517039936
2002-08-28,-0.022071861945915816,,0.00691916007046681,0.03217111706678466
2002-08-29,0.0002411054481603614,,0.0011846637626404472,-0.01613392574391953
2002-08-30,-0.004100384178415184,,0.01989444887767261,0.014793313122839567
2002-09-03,-0.03832891673129846,,0.0321901625788652,0.031962745177372257
2002-09-04,0.014079257273583945,,-0.009790612581275004,-0.01872343240587092
2002-09-05,-0.008681979787052985,,0.024513308203638385,0.02874066325809501
2002-09-06,0.013549151202538523,,-0.03423807193238982,-0.043041412048264054
2002-09-09,0.007139131676990873,,0.00814934111371498,-0.00826600987554712
2002-09-10,0.011278018667468581,,-0.02572355477632886,-0.017387284497566838
2002-09-11,-0.006409483167489571,,-0.0023121578841828637,-0.009948193104585435
2002-09-12,-0.018629242040223093,,0.039271811307320714,0.04515350298512669
2002-09-13,0.0022662709586327434,,-0.0012837009100932443,-0.010999887624782522
2002-09-16,0.002259773278104893,,0.01618749354876069,0.025533451556759037
2002-09-17,-0.023110414984166883,,0.005750328080920054,0.007410431133751684
2002-09-18,-0.010213104966655617,,0.016392517665020513,0.0068377981405114635
2002-09-19,-0.026071267673486,,0.029213377307995336,0.02391650878128575
2002-09-20,0.00013930963966646281,,0.009703766413658688,0.026027326122782756
2002-09-23,-0.00837372584739371,,0.019210454849498026,0.036116980261614764
2002-09-24,-0.01633081156231253,,-0.009774924236987337,-0.018998336068990717
2002-09-25,0.02459106687590973,,-0.029445030018498932,-0.03905441952368971
2002-09-26,0.016166420653321856,,0.03546441874592184,0.020468210308421164
2002-09-27,-0.03495355882102136,,0.01008704756891141,0.01298690983715155
2002-09-30,-0.011795402163698787,,0.02233335636787345,0.008604180023880493
2002-10-01,0.04785670010338028,,-0.02783851515101909,-0.036608803317187674
2002-10-02,-0.03017503980041425,,-0.010431523341325324,5.293332408732448e-07
2002-10-03,-0.010296003064527492,,-0.004737022171173066,0.03250155085954711
2002-10-04,-0.018538730365808886,,0.017979017895515315,0.045895580999646905
2002-10-07,-0.02086228167949644,,0.002807782263385048,0.02653207580800774
2002-10-08,0.015476565869513959,,0.006920357181757786,0.014442456130645466
2002-10-09,-0.028437645204721473,,-0.010497158334158128,0.013430873891415073
2002-10-10,0.03220110487429184,,-0.02996787450820676,-0.07121473772982737
2002-10-11,0.043586232229322786,,-0.047704452381945386,-0.06254309912450862
2002-10-14,0.005391034423348762,,-0.0035728549970367343,0.00598552793649818
2002-10-15,0.04789799685589857,,-0.06324417874991549,-0.07882730317078854
2002-10-16,-0.024432779977948904,,0.05974598134528614,0.0791293130125618
2002-10-17,0.019679992580885264,,-0.03435494722516025,-0.06342217347958734
2002-10-18,0.0039981311219448035,,-0.004776914244430231,-0.020271851477147596
2002-10-21,0.017066898473888648,,-0.027470837775089095,-0.04802949230325383
2002-10-22,-0.0074023140780034025,,0.010620700026906158,0.02564777727257991
2002-10-23,0.007401840212880817,,-0.01897472902959796,-0.053136645852704445
2002-10-24,-0.02059212278537359,,0.0034846209580345656,0.014533172926293447
2002-10-25,0.02062962478456143,,-0.03617133827580299,-0.038656238586716594
2002-10-28,-0.006733986589842922,,-0.004790171379090525,-0.02028728361215264
2002-10-29,-0.01179951111006472,,0.033658324444141484,0.04018889741551744
2002-10-30,0.009515685940782781,,-0.022777552736403726,-0.03515530994248844
2002-10-31,-0.01036860447511545,,-0.0137535411174604,0.00828722456334744
2002-11-01,0.019575920608979835,,-0.02601839925943887,-0.05716718212321672
2002-11-04,0.009333161428340953,,-0.03737402812416562,-0.0508096785158646
2002-11-05,0.007707248714866832,,0.004179704235715398,0.03558969515423956
2002-11-06,0.01276221796375987,,0.002145501768087976,-0.032738991322047425
2002-11-07,-0.0246993771241113,,0.029337362571010175,0.06123782983607456
2002-11-08,-0.012423918584159144,,0.017966886339313183,0.00860991052327118
2002-11-11,-0.015697888593469767,,0.01809944396916019,0.04340750913216047
2002-11-12,0.007737152237811573,,-0.010183191158297855,-0.026548741919946727
2002-11-13,0.0008186656774022971,,-0.003061869480024626,-0.002155733807545013
2002-11-14,0.018671451379500326,,-0.05679450817406418,-0.05959369180306185
2002-11-15,0.007191331146367608,,-0.0039041733249475796,-0.001197244193887592
2002-11-18,-0.010259381818125912,,-0.006903247877511364,0.007808004267886959
2002-11-19,-0.00152040219158045,,0.008418468241195942,0.013637010130018624
2002-11-20,0.022050870347192886,,-0.042653087450680305,-0.047853038211991494
2002-11-21,0.018427296874298227,,-0.05199521015749262,-0.08180060036797657
2002-11-22,-0.007314433117640462,,0.006294617765335531,0.008028578434786948
2002-11-25,0.0004489096719009211,,-0.028800444828666758,-0.032476300466510344
2002-11-26,-0.019235064511332167,,0.01669872362020115,0.033925360110568445
2002-11-27,0.027941631382215393,,-0.02068060581941078,-0.041193453401275865
2002-11-29,-0.003376150867190897,,0.0013645025545304893,0.011953875713316586
2002-12-02,0.0014024909158949495,,-0.008201813038259387,-0.007959226825496057
2002-12-03,-0.013579259599729943,,0.024830100712418843,0.0421469013303862
2002-12-04,-0.004715894354119787,,0.028247484268431888,0.05759260894258658
2002-12-05,-0.011226772513629468,,0.004961061319548309,0.006554604394466434
2002-12-06,0.006368854107654975,,0.007468819987000575,0.005946301371639418
2002-12-09,-0.027684526828192446,,0.030649878797431453,0.05665031212595987
2002-12-10,0.013214299957597042,,-0.02295977383350343,-0.04317112408140746
2002-12-11,0.0006872677423772622,,0.004936047229741325,0.004406716464243066
2002-12-12,-0.00030324075169885223,,0.0014105278984695825,0.0010770010648681327
2002-12-13,-0.01594740607288947,,0.020209075845991166,0.04153397439376505
2002-12-16,0.025662532230405155,,-0.024415586004960344,-0.0372583750120443
2002-12-17,-0.008922285426541388,,0.0023941416297512228,0.004379100426927162
2002-12-18,-0.011751083787621908,,0.05034202165948045,0.06690891619197055
2002-12-19,-0.007320685321665188,,0.003406720499787308,-0.0027743870881092535
2002-12-20,0.014075087546145282,,-0.002627024586587867,-0.0013961161702256922
2002-12-23,0.00014010846702361412,,-0.004016667571647059,-0.008709591644202808
2002-12-24,-0.007636863560566365,,0.007061417034702055,0.0037121235003900075
2002-12-26,0.00025456403098766955,,0.0049360248553800175,0.009045306575395696
2002-12-27,-0.02268030958698486,,0.0049875276719905885,0.013833299451163438
2002-12-30,0.008161370243997546,,0.013729505190527225,0.021482897323348026
2002-12-31,0.0011678818188409767,,-0.0010418639686602506,0.0037287491935352633
2003-01-02,0.031994639454581586,,-0.03608366765884499,-0.049811293728608104
2003-01-03,0.002881842614604002,,-0.005773152399492975,-0.01829691396784873
2003-01-06,0.017430415192838167,,-0.024201345498135417,-0.04953636443583649
2003-01-07,-0.0026671264694443364,,-0.011343546866477816,-0.013126623367879297
2003-01-08,-0.01464453734439275,,0.004887023779261566,0.021512454752057673
2003-01-09,0.01534458568463215,,-0.01092243488809632,-0.023599454430757495
2003-01-10,0.002499572435228359,,-0.020389829498444114,-0.018020343062963275
2003-01-13,-0.0005156674208589562,,0.0055171743286973485,0.017944293224629027
2003-01-14,0.0030309861253048354,,-0.0007639963159911777,-0.005996837085106043
2003-01-15,-0.010158307050761706,,0.017411313110570658,0.02582566078535431
2003-01-16,-0.004306336834990043,,0.02595021182012125,0.028007508602937593
2003-01-17,-0.014973223912300382,,0.022634166037652906,0.04896488160138231
2003-01-21,-0.015746261510996784,,0.00607409904571694,0.010198316449105915
2003-01-22,-0.012293811317086178,,0.0007135941770566754,-0.006145906172422289
2003-01-23,0.005930298108123733,,-0.016214849207463758,-0.02982053719467931
2003-01-24,-0.026459229658263306,,0.034075739297199176,0.018173107479113236
2003-01-27,-0.01385394255282768,,-0.007269397023710102,0.01444861729494059
2003-01-28,0.007200939161981834,,-0.0003995036777305061,-0.013898315191893051
2003-01-29,0.007379300476242356,,-0.019138545117103146,-0.014236634751734034
2003-01-30,-0.02389829087726436,,0.01839639407623183,0.026621736354522696
2003-01-31,0.019112375821177086,,0.010181128447126285,0.014178536320387347
2003-02-03,0.0017817870337049069,,-0.0019619687368792713,-0.0005880783724207415
2003-02-04,-0.010051109490060384,,0.00979900035545408,0.014515351211759155
2003-02-05,-0.0064012912072797246,,-0.0035181758124176784,-0.0019108007824328865
2003-02-06,-0.004907683891305914,,0.01043062952334889,0.02078423132072379
2003-02-07,-0.012390666005930195,,-0.00531065299669382,0.00740862702134737
2003-02-10,0.006879230944704551,,0.0007006265697116708,-0.0012383418551314643
2003-02-11,-0.0070975599353665375,,0.0013670105004900844,-0.008481701519900974
2003-02-12,-0.016135240821426144,,-0.005359509646801675,0.01209966184700525
2003-02-13,0.002851332498578385,,0.009051927637701783,0.01249270322115038
2003-02-14,0.021664146116475935,,-0.04569691149529496,-0.04420564736632117
2003-02-18,0.01739462791838564,,-0.016445635279125813,-0.024318360182295377
2003-02-19,-0.005449204826906251,,-0.004305741114925077,0.006005239800661545
2003-02-20,-0.010172350992862178,,-9.131876818160335e-05,-0.005601723270285663
2003-02-21,0.009885668487130017,,0.007230341476947922,0.0059791317642551856
2003-02-24,-0.016394520664588463,,0.005568395603086174,0.00015409750512466232
2003-02-25,0.007801795168608017,,-0.003050603059638102,0.0006745091366368808
2003-02-26,-0.014754958844408694,,0.017735754924664362,0.011020799890367527
2003-02-27,0.013021122829433018,,-0.018937814833248492,-0.015276286664732772
2003-02-28,0.006445979596788609,,-0.01055189501960102,-0.02668655739226431
2003-03-03,-0.009734124879998696,,0.02415129071793849,0.03700158413303708
2003-03-04,-0.01612884429923156,,0.01176841726937088,0.0119883643117634
2003-03-05,0.008265547224357794,,-0.011603704662680913,-0.012243299492212669
2003-03-06,-0.008581850791211876,,0.012953054223885109,0.006853719066393061
2003-03-07,0.006694346809975382,,0.005062647377037932,0.009835264737211335
2003-03-10,-0.02419749298380025,,0.0194479587514949,0.018338223123768538
2003-03-11,-0.010031001166844078,,-0.0006069293099915992,0.0073376716146892115
2003-03-12,0.006512627843735963,,-0.01986883170024069,-0.002353410564787462
2003-03-13,0.034348826057498005,,-0.033533036241452555,-0.054525511345006585
2003-03-14,0.003026088971268104,,0.0002755676451386751,0.012836878744574998
2003-03-17,0.031304861407001505,,-0.02984920319647546,-0.04366020977738263
2003-03-18,0.005683724850211069,,-0.002166638117077891,-0.010522829710578408
2003-03-19,0.007481853105272274,,-0.008628386500788354,0.0034087277584524123
2003-03-20,0.001966588654846335,,0.0010247873917333616,-0.006779961252724287
2003-03-21,0.021150890584557436,,-0.015092899766794586,-0.02354636406421351
2003-03-24,-0.03342653065428647,,0.024676126398518496,0.03516323854636002
2003-03-25,0.00938070424581472,,-0.005450825873499565,-0.015736848860491114
2003-03-26,-0.005221569944972471,,0.0011243734541525946,-0.006195273720323013
2003-03-27,0.000610251756550273,,0.016436956629515467,-0.0004599871185888781
2003-03-28,-0.005241915041399592,,0.014598109399436711,0.008548902669685266
2003-03-31,-0.022912978877956736,,0.03822817763453793,0.04185120296612756
2003-04-01,0.015147798040108462,,-0.00924359798406793,-0.014060300646435354
2003-04-02,0.023980265208084495,,-0.04387860464464195,-0.05682224651201025
2003-04-03,-0.004959535558935468,,-0.002199260884784504,-0.010809306314655941
2003-04-04,0.005735903755758054,,0.005281105978742961,0.023002795205327664
2003-04-07,-0.002120875790600607,,-0.02422959233608173,-0.014772903286802697
2003-04-08,0.001396222833906613,,0.018583102846221233,0.03470441767005411
2003-04-09,-0.013346518470546798,,0.006205875407342286,0.015867707584166578
2003-04-10,0.005321714575444725,,-0.004469131374385727,-0.014309638198158992
2003-04-11,-0.004308183270273269,,0.0150528689522894,0.009647124027044407
2003-04-14,0.020461052456931084,,-0.017094026610124845,-0.02379021092001703
2003-04-15,0.009137246221752271,,-0.002002420588001397,-0.010814976574437907
2003-04-16,-0.017235700156284173,,-0.0319307150376313,-0.033408604551754
2003-04-17,0.014650565932146753,,-0.01965955766637352,-0.02936461113667179
2003-04-21,0.0008112841460390374,,0.0020057583394642808,-0.008538073843202987
2003-04-22,0.01865751144282357,,-0.011392999019225657,-0.015088342429875723
2003-04-23,0.009003432476053286,,-0.017959351841569084,-0.0013154338213736683
2003-04-24,-0.0090897426315949,,0.008232140084911166,0.007275280124463235
2003-04-25,-0.012562024059349697,,0.015705330999797838,0.03447260075044478
2003-04-28,0.017095541048383955,,-0.00674866646449428,-0.017690212373494753
2003-04-29,0.0032923805287845553,,-0.011593452540381643,-0.013725765180344664
2003-04-30,-0.0023651826854661495,,0.01025181906892364,0.00657683808549444
2003-05-01,-0.00030213665919187616,,-0.006621999488408104,-0.00598798523206342
2003-05-02,0.014061119453237847,,-0.019071472777006458,-0.018888178464880532
2003-05-05,-0.0021251316063796155,,-0.0025590627332009227,-0.011013263859532418
2003-05-06,0.009265970767767362,,-0.012404373558665315,-0.021030806448872695
2003-05-07,-0.005730813039373062,,0.002512029320854858,0.013489796157910572
2003-05-08,-0.010259044456528255,,0.0039501425036645894,0.01598245457914728
2003-05-09,0.013651437434420988,,-0.016590650088091245,-0.02455107968365905
2003-05-12,0.012075632483993903,,0.006432349274334892,-0.029571456429296206
2003-05-13,-0.001985349958523286,,0.003288456446865862,-0.005653628061499816
2003-05-14,-0.0023055076541131925,,0.004046542341941516,0.012084890070780873
2003-05-15,0.006155224203509002,,0.0012593467905777861,-0.0021508137019813356
2003-05-16,-0.0027165990554369746,,0.00838729474757378,0.004555410109226288
2003-05-19,-0.023593606839032555,,0.005738499312481604,0.040691446694101345
2003-05-20,-0.0022453254902397024,,-0.006876941643857792,0.0032291014425255508
2003-05-21,0.0018622825837260049,,-0.008210450870186481,-0.003797357505329402
2003-05-22,0.009735379739152616,,0.0020371948697134653,-0.011769623125902295
2003-05-23,0.001837020860720795,,-0.007983071776601946,0.004353614987509635
2003-05-27,0.01729765330412536,,-0.012064769687231972,-0.044434889749858694
2003-05-28,0.00263692929347914,,-0.009044006889232936,-0.010686404189599541
2003-05-29,-0.0028071689808746303,,-0.0012318816762893038,-0.019678583217914547
2003-05-30,0.015840829785300325,,-0.004506296333998884,-0.011866303133715816
2003-06-02,0.003932835197266726,,-0.012188810346243185,0.007223433728893436
2003-06-03,0.003914799109902445,,-0.01102422672539195,-0.010618929698264334
2003-06-04,0.01423100023253876,,-0.012467349202915845,-0.03554549178136952
2003-06-05,0.0047476097051082355,,0.007276915063586542,-0.012418216234654389
2003-06-06,-0.004107451302548859,,-0.01566988646626566,0.014581682288831443
2003-06-09,-0.010368748196259103,,-0.0006597746547455582,0.029514374936725728
2003-06-10,0.0099843427504549,,-0.011332981416353837,-0.010244379988147834
2003-06-11,0.010386201248464344,,0.008711653770495853,0.00460437846102597
2003-06-12,0.00289682931666424,,0.0009142583433594752,0.002638020351266768
2003-06-13,-0.01062998295846651,,0.010948134278272525,0.03431037953923044
2003-06-16,0.02089920668039502,,0.010914278669203248,-0.018227849484014992
2003-06-17,-0.00019363050654397362,,0.004664493756723276,-0.0015604457432572996
2003-06-18,-0.001078820909680256,,-0.004865807799162514,-0.009744231799720515
2003-06-19,-0.015453984179819025,,-0.007214826721884993,0.015813999871407726
2003-06-20,-0.0024014341337699197,,0.001682344616975051,0.009962630452867993
2003-06-23,-0.010450632932647586,,-0.0015205186270066604,0.02056705094566358
2003-06-24,0.0008221522685103455,,-0.003339833139005699,0.011991344051587582
2003-06-25,-0.010242058313344238,,-0.0007747232417744223,-0.009851409441425197
2003-06-26,0.012828297649715825,,0.0042783619889081095,-0.023033743406878037
2003-06-27,-0.011732447204961693,,-0.0003389697352818022,-0.0007384693031803891
2003-06-30,-0.0005010224436403643,,-0.006261553031329815,0.006458850684939466
2003-07-01,0.009024892010916608,,0.01681106505435844,-0.02369439203807686
2003-07-02,0.01239075302934367,,0.013249882423721406,-0.024908211882171117
2003-07-03,-0.01051665816908498,,0.005870811650259733,0.00114897390541302
2003-07-07,0.01965622846625914,,0.00013134503979134182,-0.04422678207473052
2003-07-08,0.004275168172575228,,-0.008484614942582402,-0.013293245407776223
2003-07-09,-0.005829117332658562,,-0.006063859130079374,-0.006784977087738742
2003-07-10,-0.012919945631904017,,-0.005320073938637027,0.019379535455519056
2003-07-11,0.009272714408249394,,0.000851221664051471,-0.0009698059875470231
2003-07-14,0.004694867835299377,,0.022252708536470323,-0.04620577332851955
2003-07-15,-0.0023776361868740326,,0.0029956331227642074,-0.005011144550735191
2003-07-16,-0.006063887727346562,,-0.0057750964270184895,-0.0017239511831358078
2003-07-17,-0.014405242706782007,,-0.007547708218779236,0.043281353965419815
2003-07-18,0.010060494960125066,,-0.020709272945682033,0.000947020664079778
2003-07-21,-0.01255422446629395,,-0.0020259659866030417,0.0168155573607348
2003-07-22,0.008862343882242829,,-0.004797398745853177,-0.02893230954639159
2003-07-23,0.0005122276355409294,,-0.00010853626887103937,-0.01972389296963086
2003-07-24,-0.0077512793322298545,,0.00186845401125222,0.02234629583562353
2003-07-25,0.017473179927040228,,0.004769051029110593,0.003460665315479772
2003-07-28,-0.0038849227951127663,,-0.0032538251035614694,-0.008348094071342882
2003-07-29,-0.004799643881859383,,0.0013629918074271156,0.012040492391641854
2003-07-30,-0.002608665811308475,,-0.00961235620338905,0.006061880039268719
2003-07-31,0.002126337285355051,,0.0007933922688940333,-0.012344578625753356
2003-08-01,-0.009047897480935041,,-0.008592692641700029,-0.0056868527077616575
2003-08-04,-0.00019363050654397362,,0.0026144068609307404,0.0032451755381187387
2003-08-05,-0.021409901359764172,,-0.007040115185773511,0.03242547794728473
2003-08-06,0.00561434942850636,,-0.008667982698079979,0.015312406379869838
2003-08-07,0.010323848642003197,,0.0006557417310863014,0.006852878125403361
2003-08-08,0.00266339206347177,,-0.006811347599334894,0.018077433144129542
2003-08-11,0.0035710201159036004,,0.011443062769132817,-0.020367848516324394
2003-08-12,0.008930168360367974,,0.0031041778046524745,-0.01529992060804556
2003-08-13,-0.005317162785462792,,0.0067730056982924,-0.017079857699298564
2003-08-14,0.002532706960124864,,-0.002129454014565879,0.0032474727047008046
2003-08-15,0.002927521447797954,,-0.006264944725657318,0.0045835178799739865
2003-08-18,0.008439421556596605,,0.014713066723146108,-0.039046229271572475
2003-08-19,0.003588181517642619,,-0.003015682694740141,-0.02571250380709259
2003-08-20,-0.004258603236761305,,0.010153949868332091,0.006792177545088485
2003-08-21,0.0029920652175150497,,-0.0022607474452884697,-0.027645647256711637
2003-08-22,-0.010117690634720455,,-0.00520416631315701,-0.004511208433698344
2003-08-25,0.0014111228063176107,,-0.008660151008493534,0.009114125125142059
2003-08-26,0.00160649842632421,,-0.0006001986917774874,0.001716418928643859
2003-08-27,0.00010658713383127072,,0.01438172720769797,-0.016469470152143253
2003-08-28,0.005997979686975574,,0.02294471732775961,-0.02724073008091421
2003-08-29,0.006554826127294966,,0.0066257258524365596,-0.006956196979005546
2003-09-02,0.013213611977667794,,0.001983093632670252,-0.003335262884809509
2003-09-03,0.005253496041213834,,-0.023189890533506084,0.02113148472131693
2003-09-04,0.00029032415868801564,,0.01236815692973765,-0.00798172591125037
2003-09-05,-0.005802496349274766,,-0.0018937648486582969,-0.007389588313789285
2003-09-08,0.00807249868522164,,0.016592528199295485,-0.02651085997083382
2003-09-09,-0.0067522516368521135,,-0.0033653468410012035,0.008419277325677745
2003-09-10,-0.010290984265748149,,-0.026159419366378667,0.044711569173467004
2003-09-11,0.0027490566264039007,,0.015173368614024406,-0.011230720558885654
2003-09-12,0.0016647016429089945,,0.0037693833392005048,-0.004438785859726846
2003-09-15,-0.0037081676627263027,,-0.005804503300889007,0.011441850326507075
2003-09-16,0.0144019123594461,,0.020678406706989318,-0.02036447658841727
2003-09-17,-0.0021249999611500092,,0.0061299106717334515,-0.015989529429738823
2003-09-18,0.011607789508664368,,0.00501700086771113,-0.0039403600402629696
2003-09-19,-0.005280245741878797,,-0.00016851544719204137,7.17835281885515e-05
2003-09-22,-0.01099680676432635,,-0.018907086287778752,0.020012585956462648
2003-09-23,0.003609328677774526,,0.014167607141691753,-0.011874715332202601
2003-09-24,-0.017971311310200466,,-0.033833371857091225,0.04367669830630223
2003-09-25,-0.008402195642213117,,-0.008215770488562346,0.007631878059865737
2003-09-26,-0.003483819697617907,,-0.01395464317064662,0.010562274989709785
2003-09-29,0.009610250179334923,,0.0102827232056947,-0.011707379927349526
2003-09-30,-0.009902328277857753,,-0.01569208635189191,0.013056533855169505
2003-10-01,0.021115738994939237,,0.016615605622367347,-0.008407962787104994
2003-10-02,0.003431422714663235,,0.011683194667143005,-0.007563223408191867
2003-10-03,0.008981709895963252,,0.028956158635711472,-0.031583233099458305
2003-10-06,0.004352328969064789,,0.011469457787707893,-0.00158033563587584
2003-10-07,0.003657563666858321,,0.010103760688797148,-0.0015403203746996662
2003-10-08,-0.002687614030861707,,-0.007650162619981905,-0.004123622942830829
2003-10-09,0.0024991785277752587,,0.017765856768321407,-0.017627486726722107
2003-10-10,0.0025874280521196447,,-0.0014466583417997781,0.005208178625835325
2003-10-13,0.00296179897453408,,0.00850684305384005,-0.0022334671015218797
2003-10-14,0.0033338591571641096,,0.005770130955550145,-0.005551824225935931
2003-10-15,-0.0028538414581489313,,-0.004671309493996601,0.001561371283133395
2003-10-16,0.003806226578403571,,0.0032726106509031847,-0.0034547039799555316
2003-10-17,-0.011102846028023472,,-0.018490752715375536,0.018790115477292757
2003-10-20,0.007287320651844231,,0.008123318868221563,-0.009074795854035367
2003-10-21,-0.0019070237415891311,,0.01366699563433771,-0.03441611951280036
2003-10-22,-0.012781883141632866,,-0.022699355538756728,0.0342708592849684
2003-10-23,-0.0020283447582974956,,-0.012790490884923589,0.011033953857607927
2003-10-24,0.0020321705028800707,,-0.0001452812878573129,-0.0025750151366649267
2003-10-27,0.0002883433687284054,,-0.0012435862280753213,-0.00965233900125715
2003-10-28,0.013412332275782424,,0.02643067379345042,-0.04508606339926578
2003-10-29,0.0011393883281061168,,-0.007950922759851643,-0.0008879437864042217
2003-10-30,0.0018987807847496985,,-0.006647620639388208,-0.0033374626526372687
2003-10-31,-0.0011433497593831277,,-0.010554150569201372,0.01330599686449957
2003-11-03,0.006359240782239484,,0.021836603668578945,-0.031104880995527273
2003-11-04,-0.00236344586687931,,0.011627714774652666,-0.0036904668484641356
2003-11-05,0.0005627052421595113,,0.0034213967928885315,-0.001695622561163945
2003-11-06,0.005097046619399581,,0.010197544177906137,-0.009946003450907959
2003-11-07,-0.007618353635447717,,-0.009486665184378983,0.007679177873029307
2003-11-10,-0.004265053118983286,,-0.014655934139247283,0.027416316989966605
2003-11-11,-0.00047839393495030524,,-0.0083714194383127,0.005363061755807053
2003-11-12,0.011027945184754584,,0.012491816098557951,-0.02707457747711683
2003-11-13,8.8488638326778e-05,,-0.01775703189758028,0.014026183905038658
2003-11-14,-0.008655253203991853,,-0.02337583857628314,0.03464411247189038
2003-11-17,-0.00521914395929135,,-0.013286048259291692,0.010537835508756832
2003-11-18,-0.010582079635063746,,-0.004581240883115645,0.017419260819848834
2003-11-19,0.008281681822345677,,0.006006233069515177,-0.0042344110648825485
2003-11-20,-0.00917018618820964,,-0.007767321941322592,0.010872629325391625
2003-11-21,0.0039500302324742,,0.01868378221069149,-0.008871649530164262
2003-11-24,0.013048740637143341,,0.019817465131729384,-0.03192156945163111
2003-11-25,0.0035942457893503033,,-0.002715030127282858,-8.857172089679058e-05
2003-11-26,0.003391633275016792,,0.009262842704660434,0.0029895429391308182
2003-11-28,0.0005582591768287237,,0.0060683145621359905,-0.006715557251459159
2003-12-01,0.010609980289823406,,0.00782672393673307,-0.007187986320323292
2003-12-02,-0.00270294885663247,,-0.004928075592825576,0.01520597096974501
2003-12-03,-0.0017773744461506702,,-0.006121152202146596,0.01986192489463071
2003-12-04,0.003912246960407373,,-0.007249348103077924,-0.00115776175471054
2003-12-05,-0.007164222276784593,,-0.025165532382607346,0.01929217449723274
2003-12-08,0.006545145279632125,,-0.005884890216633454,0.010251331392213325
2003-12-09,-0.007909237414093218,,-0.028966160411027463,0.03020817226024174
2003-12-10,-0.00028777897325271695,,-0.008011755229567296,-0.0006347219313502461
2003-12-11,0.011049600986089425,,0.009596752298169375,-0.03364135421122011
2003-12-12,0.0017522495697466223,,0.004142863735415214,-0.003979820535850598
2003-12-15,-0.005187099736983836,,-0.020777888679750667,0.029202172922665484
2003-12-16,0.005010937419092976,,-0.009146267373238547,0.008247425256337515
2003-12-17,0.0029497643234781545,,0.0015469510352110194,0.003720511066952081
2003-12-18,0.01105057332646231,,0.01422148984035332,-0.03505584116801115
2003-12-19,-0.002977566552939015,,-0.004954883591989989,0.005339813260559246
2003-12-22,0.0067852690993706055,,0.005751231203297702,-0.01256559784290766
2003-12-23,0.0004451587214877595,,0.009235926473452161,-0.012055414009305742
2003-12-24,-0.001196306268842151,,-0.0032307005221086757,-1.30468801201487e-05
2003-12-26,0.0005360047746278962,,0.0014422447082114377,0.001656642703031963
2003-12-29,0.01311552473468569,,0.012438293517168209,-0.014922799222723014
2003-12-30,-1.4085661020457607e-05,,-0.002104440767109206,0.0035800986227103814
2003-12-31,0.0007060054621872425,,-0.0036545194282105896,0.00456041488085972
2004-01-02,-0.0006431477337403013,,-0.0008725983738569921,-0.005618238871826709
2004-01-05,0.01068531033955833,,0.0164641377131262,-0.02479745827991766
2004-01-06,0.000784469141354549,,0.008541174583659848,-0.0074898784518382605
2004-01-07,0.0031822460588033508,,0.008725240681947986,-0.01542088196822089
2004-01-08,0.003791690630321032,,0.010858121007922284,-0.020156128823129046
2004-01-09,-0.008926188030368709,,0.005882975518328082,0.0021224203929013255
2004-01-12,0.007192345325962357,,0.009389818727773747,-0.01589825650864679
2004-01-13,-0.0060234263201847105,,-0.007963527805739067,0.015854392805733652
2004-01-14,0.008157731737952423,,0.0002782148974399324,-0.0001033770408542245
2004-01-15,0.0022731491383665148,,7.736093021248891e-05,-0.007849735035313388
2004-01-16,0.0037615118013052395,,0.019872233761582203,-0.0093338308267506
2004-01-20,-0.00045641584552291725,,-0.004388725636182689,-0.0026027090957803757
2004-01-21,0.0076870576049394845,,-0.019811487381278903,0.0262541981602107
2004-01-22,-0.0027996195760066067,,-0.00577570882251528,0.02361529036436785
2004-01-23,-0.0034172189632566408,,-0.009686562916763019,0.006437167774398888
2004-01-26,0.012390574436164759,,0.002900448472829954,-0.0023604810877925434
2004-01-27,-0.010463585279878118,,-0.014454666755122681,0.020979047534912965
2004-01-28,-0.011616465304043144,,-0.007700158358478281,0.0051730606736693835
2004-01-29,0.0007767506590152795,,-0.012297200433876955,0.017910725814724915
2004-01-30,-0.00019363050654397362,,0.0021837113916108653,-0.018243800661055687
2004-02-02,0.004124019798103173,,-0.007179751530637401,0.00042511638355143824
2004-02-03,-0.0018606899756146156,,0.004458596836949635,7.220709217962138e-05
2004-02-04,-0.008367435985813132,,-0.036066349161081486,0.029392437580355514
2004-02-05,0.002730621681667156,,-0.00526495765683418,-0.0016245776003773861
2004-02-06,0.011027200144436256,,0.03650571149495096,-0.03890587995852368
2004-02-09,6.905255984235303e-05,,-0.001420615832307937,0.010074847918794518
2004-02-10,0.003038062755376547,,0.0028220448178515882,-0.0028736847095855115
2004-02-11,0.010429399710869092,,0.009841181578319425,-0.0020049059107435045
2004-02-12,-0.0038125161415376585,,-0.008043736304020832,0.0013249512407485396
2004-02-13,-0.004689926039681658,,-0.0024551707966577797,0.007101185685081546
2004-02-17,0.008839376350734396,,0.010661213005510206,-0.011910508061900603
2004-02-18,-0.004583007125988914,,0.007687633695765883,-0.00517310504474604
2004-02-19,-0.003911922628748177,,-0.012461569441911957,0.016271185526652854
2004-02-20,-0.0032310870032348227,,-0.007416651356031301,0.015935450804134766
2004-02-23,-0.0027179448110585813,,-0.012043993568667654,0.020423576177931734
2004-02-24,-0.0019390570706149246,,-0.0008053114177076102,-8.169087605846005e-05
2004-02-25,0.00400304002067009,,0.014216329650776238,-0.012478590888746999
2004-02-26,0.00041538319721734496,,0.0047919052867254845,-0.01321805868770901
2004-02-27,0.0005020331399325784,,-0.006613744906456986,0.009607644876195887
2004-03-01,0.00971811999966321,,0.010742170445505985,-0.011010515091505923
2004-03-02,-0.006047593227918924,,0.005038221993806168,0.0013104247370169693
2004-03-03,0.0016245583873264469,,-0.0032635445449219146,0.004889977969388925
2004-03-04,0.0023994666000322074,,0.015040046459023881,-0.014388403996137222
2004-03-05,0.0031685577263238507,,-0.0012177436999108227,0.0006690005693708034
2004-03-08,-0.01239459789052888,,-0.019694421179652043,0.028048185802002846
2004-03-09,-0.004195280803886203,,-0.0049648591715256716,0.0030405841728420755
2004-03-10,-0.01696217448125048,,-0.007606953643573366,0.01892407293675704
2004-03-11,-0.013162212802961815,,-0.006691508067054298,0.003385454155867518
2004-03-12,0.012945345683890164,,0.017292254654270443,-0.02500408274090614
2004-03-15,-0.012451863546546038,,-0.010368594318921842,0.013281370204338172
2004-03-16,0.005112335319027883,,0.014733559098389215,-0.012728392997588057
2004-03-17,0.01098829139162949,,0.013820733695650544,-0.014016055959892216
2004-03-18,7.202321006460899e-05,,0.00027288000975724815,0.002091026099749249
2004-03-19,-0.014527274094550124,,-0.01030475393243575,0.003434215938859575
2004-03-22,-0.012889715030065196,,-0.010230884446069455,0.008913210368711144
2004-03-23,-0.0019262855508950238,,0.001426228012253783,0.0010150139807558634
2004-03-24,0.0006289339222493862,,0.004035486602800032,-0.006211217682095572
2004-03-25,0.01304148711384756,,0.015324893648669579,-0.025477928040261433
2004-03-26,7.709855118753772e-05,,-0.006189497719335191,0.0024735451973884933
2004-03-29,0.01385668313148769,,0.013330975840644022,-0.014587710720314064
2004-03-30,0.0031817012897443764,,0.0004036605131508275,-0.0003322755035897074
2004-03-31,0.0009576130774280323,,0.0022351384736041587,-0.0025303452743679956
2004-04-01,0.005817913566825927,,0.008228063776495853,-0.01139703054647393
2004-04-02,0.007365363994491725,,0.01249645263203042,-0.020320589240074693
2004-04-05,0.005301641087803954,,0.008889132826656432,-0.007176298515108981
2004-04-06,-0.003403917770770759,,-0.015050657125610233,0.019995202954414527
2004-04-07,-0.0025433905735748885,,-0.0032788441552937812,0.0022498639885011997
2004-04-08,-0.0024616732720875723,,0.0027321744910235087,-0.0055878227687396476
2004-04-12,0.0037411183256568226,,0.0049286136699356435,-0.0023419242828523817
2004-04-13,-0.014215801357810087,,-0.018029343447682155,0.01610003470929153
2004-04-14,0.001396193161380177,,-0.018415225812126103,0.011126078705353648
2004-04-15,-0.003985772975896529,,-0.03402523572976115,0.024311314948283716
2004-04-16,0.007508371174221651,,-0.009029991714735064,0.00983492090642737
2004-04-19,-0.00019363050654397362,,0.0035509891629489365,-0.012430824987758536
2004-04-20,-0.01697309744418285,,-0.022749526600679294,0.021196348803092045
2004-04-21,0.006507773006367845,,-0.0030445756941115953,-0.0016949790127178898
2004-04-22,0.013829806878003392,,0.010425568467152736,0.006531388990301368
2004-04-23,0.0007688272100432325,,-0.0006410146470833046,-0.009129523623413283
2004-04-26,-0.001592752355256466,,-0.0041766307863056575,0.012340381370943954
2004-04-27,0.0006820709646224721,,-0.00025713326308071107,0.009767402424880101
2004-04-28,-0.013141547594947345,,-0.029968753050642016,0.026884101891444523
2004-04-29,-0.008968696799185105,,-0.015622660679607134,0.024127485369735226
2004-04-30,-0.007973350804215684,,-0.011336261637909429,0.015433314854181479
2004-05-03,0.010530659847079571,,0.011825864336327352,-0.002988527822713205
2004-05-04,-0.0009963625805845533,,-0.008526964161258,-0.0189080020526904
2004-05-05,0.0062314382979797855,,0.0004752728761030392,-0.005755730811566695
2004-05-06,-0.008793736376244032,,-0.006832587146660918,0.0032559030675471945
2004-05-07,-0.016740341155087046,,-0.0029336590109279356,0.0006913728979153653
2004-05-10,-0.010469713495915745,,-0.002493526830829717,-0.005158052639430988
2004-05-11,0.008259950503344493,,0.011831730482860004,-0.017552037040989142
2004-05-12,0.006184303127916735,,-0.002712270399326644,0.011048681777864179
2004-05-13,-0.004358582179859405,,0.0009355133979718988,0.006118456315675869
2004-05-14,0.00026134498136443085,,0.0010454725525988252,0.007856189656922762
2004-05-17,-0.00873614208133311,,-0.006590361569010705,0.002205062399057423
2004-05-18,0.004847399764477123,,0.00193569254645618,-0.012764910623117786
2004-05-19,-0.0036592547666050024,,0.00039195444467223775,-0.009209030455345102
2004-05-20,0.0030095562654852692,,-0.0026018574453677834,0.004104488606816037
2004-05-21,0.0015399176251595925,,0.0016855671762281872,-0.003008885228127689
2004-05-24,0.003995385631504922,,-0.0018299151067259437,-0.004714650575072843
2004-05-25,0.01413492042975939,,0.00974318687620106,-0.019173108731730018
2004-05-26,0.0032931439688665964,,-0.004133871997726169,-0.01093987863594229
2004-05-27,0.005419146597597679,,0.006062450902271233,0.0020823505429545704
2004-05-28,-0.0002823444453960988,,-0.001229017464380755,-0.0054897749209113725
2004-06-01,-0.0015226262387399991,,-0.004452465608157962,0.0020041529358243767
2004-06-02,0.003532550320098915,,0.005357289317710423,0.012727134240799264
2004-06-03,-0.009386396310311906,,-0.014128031865455592,0.016722479756363165
2004-06-04,0.007746403621690767,,0.0035290224039637996,-0.017206378720193195
2004-06-07,0.015030593684615123,,0.010114970449373182,-0.023948212284114832
2004-06-08,0.0012013437218727496,,0.0007253735617935297,0.007930333845962766
2004-06-09,-0.009509162822033623,,-0.008002415093180427,0.025679279027052627
2004-06-10,0.004727218430972346,,0.007174695631184247,-0.0007264777272324663
2004-06-14,-0.010075605539863086,,-0.002298280661695239,0.013223963617862287
2004-06-15,0.0068722149826001555,,0.002833829944506294,-0.01658546730017233
2004-06-16,-0.0003689667497942528,,-0.0020195016771410667,0.00978426162184014
2004-06-17,-0.001684703208601812,,-0.008901753558797664,0.026973297630029414
2004-06-18,0.0016932953719206445,,-0.007682399784965444,-0.005544245232388001
2004-06-21,-0.003977693060475018,,0.00018119432475357557,0.00790969745594181
2004-06-22,0.004841707825337993,,0.010103564862749957,-0.013820589682758101
2004-06-23,0.00842019997351362,,-0.0001890380717222903,-0.01821580402069359
2004-06-24,-0.0033308609318064564,,-0.0046457519405437965,0.0021592462190689996
2004-06-25,-0.0050016526851978105,,0.009961192716074985,-0.007294938067260659
2004-06-28,-0.003620058879336696,,-0.009265243711396642,0.014982074283037217
2004-06-29,0.003949203268402535,,0.006391729761551567,-0.019994702100225126
2004-06-30,0.005161698479160259,,0.008959938533502743,-0.007282400192535376
2004-07-01,-0.014076501994880863,,-0.014359698668255694,0.022699368187050897
2004-07-02,-0.000724864890010668,,-0.006234626326767956,0.007468796062969241
2004-07-06,-0.008964670344453696,,0.002818642545948791,0.024134699426484208
2004-07-07,0.0027561927423129795,,0.005394264751882372,-0.011674477528451542
2004-07-08,-0.007144599251041717,,-0.0017771513570842608,-5.590920590682353e-05
2004-07-09,0.0024090777021561482,,-0.0009693949170948789,-0.00941203944629614
2004-07-12,0.0002535518961577221,,0.006280680645267988,0.01776165297324382
2004-07-13,0.0005223398912785893,,-0.000157292303360268,0.0029219869869478556
2004-07-14,-0.0032328189980084243,,0.013103914603707766,0.031585736582832355
2004-07-15,-0.0066504339620458985,,0.001517712076827027,-0.0011809635160885067
2004-07-16,-0.0010058728343854684,,0.01113762342199246,0.016366615651656504
2004-07-19,-0.00443909856937208,,-0.01573715899700656,-0.002437394152011063
2004-07-20,0.012506576180184137,,-0.00796038703652191,-0.013719290199466895
2004-07-21,-0.01864608551501623,,0.02148401061480698,0.030631155546904206
2004-07-22,0.002544299963407326,,-0.0009521733096612972,-0.015338138105367582
2004-07-23,-0.008566587520338897,,0.01666501301467128,0.0277644369551565
2004-07-26,-0.0021210767914217055,,0.003048725322826751,0.01112802342959681
2004-07-27,0.009185729640812212,,-0.0050347929458181,-0.005488533627763003
2004-07-28,0.00281243206533488,,0.006724939839168432,0.003088229653864294
2004-07-29,0.004075047871017423,,-0.021066774053965696,-0.02744407542772397
2004-07-30,0.002248476168226876,,6.636647338054656e-06,-0.00877258899282538
2004-08-02,0.0018817637161678835,,0.005108048927036956,-0.00045717535571190306
2004-08-03,-0.007936496525820624,,0.01379913300643203,0.022943815855003546
2004-08-04,-0.0002843627667520332,,-0.010770875615121522,-0.002681471623729514
2004-08-05,-0.016527853698879658,,-0.005912945126972468,0.003972603248862271
2004-08-06,-0.01449217014976023,,0.0025667856155175417,0.027784466584539
2004-08-09,0.0012100436525952496,,0.008351208306959701,0.004758101215442478
2004-08-10,0.012703481832398555,,-0.00048781702586560977,-0.01118628291814351
2004-08-11,-0.002223550529025231,,0.017499869584893503,0.02914407070227317
2004-08-12,-0.011103173770572239,,0.01842015159814171,0.03082852200852325
2004-08-13,0.0017692751328153289,,0.003403748739439838,-0.00307350445444472
2004-08-16,0.010161722133896545,,0.0048116280357747175,-0.00917353748547134
2004-08-17,0.005439176880474239,,-0.013416258868241538,-0.012114992652013323
2004-08-18,0.010089994629156607,,-0.0183796376982434,-0.02939327711565167
2004-08-19,-0.0031021243671586207,,-0.0012141410060331976,0.0025122457450421185
2004-08-20,0.0068249075443169716,,0.000614695964243784,-0.008826757027053211
2004-08-23,-0.002727925350291649,,-0.003947661736820573,-0.0029456219909188897
2004-08-24,0.0011666463163302332,,0.018008492913212958,0.01870325015188209
2004-08-25,0.006603387419389373,,-0.004761976992677031,-0.013782540405534727
2004-08-26,-0.00019363050654397362,,0.006654787632258198,0.0044963304132180195
2004-08-27,0.002956663576513474,,-0.007800942145299761,-0.010650703245672221
2004-08-30,-0.008448642023195063,,0.012142170373800852,0.01755094327758251
2004-08-31,0.0050541258672176514,,0.010764852110486667,0.008331207103695526
2004-09-01,0.0016963138547050338,,-0.008503319642601282,-0.014528211807708146
2004-09-02,0.011125466970873576,,-0.004225958922068496,-0.009289132661889944
2004-09-03,-0.004279756327349005,,0.02658830546162657,0.034717017889213164
2004-09-07,0.006406587704751887,,0.013426361118194596,0.005942980765805673
2004-09-08,-0.0026745831404513254,,-0.008584497499150944,-0.0028666160973064734
2004-09-09,-0.001081852449833387,,-0.03674557250000695,-0.042950507625950915
2004-09-10,0.004962840109334676,,-0.029364415260386842,-0.0323278195688076
2004-09-13,0.0030788379626283113,,-0.0010922474825905363,-0.005825018975661767
2004-09-14,0.0018339713867048246,,-0.0036341195169699134,-0.004434479287160942
2004-09-15,-0.007759757362076569,,0.02121514289796965,0.027890059306681505
2004-09-16,0.0028199265953980923,,0.0035514360209126686,-0.004170916720094753
2004-09-17,0.004057936717222876,,-0.01158686340707039,-0.015475789666892337
2004-09-20,-0.006203377691759493,,-0.025040393109004168,-0.03616615009664406
2004-09-21,0.004163191901302765,,0.00626601971988271,-0.004733836705143868
2004-09-22,-0.01267603956216845,,-0.0004553786273658097,0.013354875997163661
2004-09-23,-0.005572449576863536,,-0.006338666015885241,-0.003990151623054484
2004-09-24,0.004402900652823227,,0.018309900666400414,0.022210807087573902
2004-09-27,-0.006563143203555777,,0.007692430946913309,0.01435454766271317
2004-09-28,0.0045914424361894746,,0.008309450987516176,0.005771703778267245
2004-09-29,0.004838754915817978,,-0.011492349377298958,-0.018634032892477947
2004-09-30,-0.0009083899425197384,,0.029227205156635305,-0.03199392892190705
2004-10-01,0.016716975134837497,,-0.027553847834950844,-0.030180496874728215
2004-10-04,0.0014783916838914113,,-0.0005675257067786921,-0.008449705040892229
2004-10-05,0.0003336215593774394,,0.005158882792115859,0.004345646037453787
2004-10-06,0.006654333430333503,,0.015302417414699511,0.004348547062032748
2004-10-07,-0.01091905330447318,,-0.0026185591049026503,0.004485509635273788
2004-10-08,-0.008479495666602,,0.018624884113648862,0.022018129193628666
2004-10-11,0.0038947999805172273,,-0.002726538584009908,-0.0012484455966589314
2004-10-12,-0.004087906147270948,,0.011880134123776143,0.012611844237824209
2004-10-13,-0.008991423722611191,,-0.01922137385590731,-0.008166600931501001
2004-10-14,-0.00826232570774954,,0.014232743631170375,0.01670658718506084
2004-10-15,0.00541036365487213,,0.004418672288088432,0.0028580769681649906
2004-10-18,0.0035807709471387117,,-0.0019404070069666494,-0.005523772542906302
2004-10-19,-0.008610715895229326,,-0.009923188022963447,-0.007360063354920744
2004-10-20,-0.0021800810352112787,,-0.004735151127695115,-0.004154994120186905
2004-10-21,0.006320879383570954,,-0.0027499586496228523,-0.003178462232779078
2004-10-22,-0.01143028067252383,,0.004227920584822575,0.022945393637116694
2004-10-25,-0.001375167943028277,,-0.010228093255004022,-0.01180375403219024
2004-10-26,0.015098134228133553,,0.008401694343808764,0.007651947568468232
2004-10-27,0.011819878165906461,,-0.015138402952664977,-0.027475335374362274
2004-10-28,0.0028185313923636546,,-0.011366454820645133,-0.00510804180310237
2004-10-29,-0.0003702429530217932,,0.010061003426066095,0.002177750512981158
2004-11-01,0.0025442956487633506,,0.00519260220358555,0.0038457453783819484
2004-11-02,0.0001590936552318123,,-0.00024267472178820517,0.0032518227600333957
2004-11-03,0.012400222597412913,,0.009136412528718496,0.006444084560631747
2004-11-04,0.013460953264741171,,0.004197193159607837,0.00491436961976176
2004-11-05,0.006069763645027537,,-0.0017643841582543505,-0.003842726543684527
2004-11-08,-0.0016434017568699444,,-0.005807120950268118,-0.0026621448975104878
2004-11-09,-0.0021575500759332122,,0.0049005077982161695,0.003111389771735973
2004-11-10,0.000576189732582888,,0.015712582584829715,0.01489558823667554
2004-11-11,0.007415366685778357,,-0.0022053696920137696,-0.009597244696095762
2004-11-12,0.007697032626050149,,-0.003300290041789722,-0.0027307546307159484
2004-11-15,0.002263525603341865,,-0.02592420437524009,-0.015655192873150404
2004-11-16,-0.007352799742859739,,-0.0039249925652526715,0.00651351544851425
2004-11-17,0.0057444027812127985,,-0.0048241024413439824,-0.01827359362253156
2004-11-18,0.0011557290865309433,,0.0033695003414871633,0.0020335175803287923
2004-11-19,-0.011310152405405227,,0.011745030496188715,0.023391828969461636
2004-11-22,0.004575638128200721,,0.009963313268885542,0.0017348134938627744
2004-11-23,0.0013319621675300652,,0.011287580903214599,0.004496937934222544
2004-11-24,0.0021763580602873756,,-0.0023393805054866997,-0.004870745691151046
2004-11-26,-0.0009538477602528683,,0.001077882994659829,-0.002579667311126743
2004-11-29,-0.004756196539831836,,0.0053020634589302515,0.008954777520139722
2004-11-30,0.000485410481612103,,0.0029612705351423573,-0.002176324839131716
2004-12-01,0.011172925183382754,,-0.024892262849396905,-0.024300438120773916
2004-12-02,0.0006446329522864502,,-0.002058370679899824,-0.006949526213319302
2004-12-03,-0.0008638319144429474,,-0.01597529944531697,-0.012311421176615366
2004-12-06,-0.0005292417348019551,,-0.00012620398273588407,-0.0012803229050337927
2004-12-07,-0.009504894305482403,,-0.00964322029712239,-0.00030161132665202945
2004-12-08,0.0056493680529063894,,0.018748622425292683,0.01376696845298394
2004-12-09,0.003341493512560856,,0.014810119153690748,0.004310808921932396
2004-12-10,0.0008129694270164745,,0.005871870413968494,0.004878552686000149
2004-12-13,0.00852203416617825,,0.000890027663704095,-0.001039804783745013
2004-12-14,0.0032956578068032982,,-0.017686666791120274,-0.013220746733352462
2004-12-15,0.0005513264564618314,,-0.009928501632263376,-0.005541745889586514
2004-12-16,-0.0007730069602713829,,0.0015700088224108065,0.006813079174996739
2004-12-17,-0.006863096216771503,,0.01221996122033885,0.012720359824946681
2004-12-20,5.7513557377930624e-05,,-0.0007436588026199732,0.009267484527898629
2004-12-21,0.007506691772442453,,-0.010270853450965045,-0.008001112898950401
2004-12-22,0.0022156278526752615,,-0.0018336843324861293,-0.006683774311345969
2004-12-23,0.0005519663682076459,,-0.002085673900102958,0.0021637611487328122
2004-12-27,-0.0022636995974755214,,-0.0023257733475542386,0.0049131606198663195
2004-12-28,0.005282590683182153,,0.002540466565183419,-0.004857647398543951
2004-12-29,0.0012916907148139423,,-0.01115141488582978,-0.007088138369310759
2004-12-30,-0.0020888244727800265,,-0.005087194950388585,-0.0008884520088443758
2004-12-31,-0.0023400632370901286,,-0.0029095703422795547,-0.0024019688002292483
2005-01-03,-0.004909569855825913,,0.005508509161320462,0.013722367227755848
2005-01-04,-0.012412848784477126,,0.012001855323537269,0.014955079660996493
2005-01-05,-0.0070941089785392375,,0.002525231993681331,0.010245053418530027
2005-01-06,0.004890882710814282,,0.008777809115704204,0.004128856447446117
2005-01-07,-0.0016270565100374723,,-0.002673060795072224,-0.0050574540814698025
2005-01-10,0.004534100618783787,,0.006253317004735903,0.00032427606394497255
2005-01-11,-0.007084062658828216,,0.005972419008350727,0.006977034012282058
2005-01-12,0.003106816986949923,,-0.011399565191732653,-0.0046275955360869595
2005-01-13,-0.008206339156229925,,-0.00043813443152945775,0.0064957143037018715
2005-01-14,0.0050776988583922655,,-0.009355786080173867,-0.014496273361706991
2005-01-18,0.010209022128759404,,-0.009765095072612574,-0.007214782422015653
2005-01-19,-0.01065641169857967,,0.018177544337123853,0.015326731642822146
2005-01-20,-0.006284245840219471,,-0.002919672241706861,0.017089984007137515
2005-01-21,-0.006321376300550852,,0.0038188318522666244,0.004045447118980871
2005-01-24,-0.0021629585609679314,,0.013082751715867348,0.017641426230570544
2005-01-25,0.002637747204248475,,-0.007444344311254281,-0.01378338580070494
2005-01-26,0.002800881956257939,,-0.016990366741166385,-0.016490644408627984
2005-01-27,0.0015123555969223101,,-0.01534493155385368,-0.011021579163366846
2005-01-28,-0.00019363050654397362,,0.015285321677212572,0.016362681511356992
2005-01-31,0.006022979825652142,,0.0046387846426264034,-0.00706277858613088
2005-02-01,0.006153655973942573,,-0.0009512810557975367,-0.008556708832940275
2005-02-02,0.0028337213963480767,,0.01554630828936544,-0.007899636981249226
2005-02-03,-0.002792359060610816,,0.01143072082520844,0.004574605145018618
2005-02-04,0.010481855680544605,,-0.01754144437830044,-0.02401647993214443
2005-02-07,-0.0015243273986190742,,-0.006077931520824609,0.005219924701311174
2005-02-08,0.0009719747041576632,,-0.01136467479470804,-0.007762397945095256
2005-02-09,-0.0076804478275617205,,0.0036993367886830383,0.013457963160964492
2005-02-10,0.0034102775478859204,,-0.0014455045985063532,-0.0019074929297364207
2005-02-11,0.008408768790540977,,-0.016962153209639542,-0.021837389255558802
2005-02-14,-0.0009386718807754546,,-0.004240046395320718,-0.002063009732442078
2005-02-15,0.003534916016152634,,0.0019311037548471414,-0.0022958191300618824
2005-02-16,0.000467241149566755,,0.011296988898835847,0.004288261943733374
2005-02-17,-0.008279110969415804,,0.003124732622464722,0.010990993235755286
2005-02-18,0.001136972343347864,,-0.010210592505376714,-0.010951020671873146
2005-02-22,-0.01506166507747142,,-0.008558164974907778,0.00342764380141709
2005-02-23,0.0069732475647215075,,0.010423862448820364,0.006663182707478432
2005-02-24,0.006420097434878258,,-0.0024700526891254567,-0.013276224242583566
2005-02-25,0.00970301446075661,,0.001351864166174565,-0.020965552618210283
2005-02-28,-0.006781550400074998,,0.00653916290271549,0.009739829756448458
2005-03-01,0.00478035698326873,,-0.020871969671758098,-0.007269024512119793
2005-03-02,-0.0006886886917359947,,0.009614253331669908,0.0019623971059459346
2005-03-03,0.00021899790095303295,,0.014081579499459661,0.010116244905023442
2005-03-04,0.01226294338904843,,0.015765858885153583,0.004473541495348687
2005-03-07,0.0002950087234843135,,-0.00923068858523899,-0.012005161208896165
2005-03-08,-0.003939876571668832,,0.013886878300154093,0.012252297814288458
2005-03-09,-0.011310663159627032,,-0.00901170392695071,-0.010129389673115996
2005-03-10,0.0020383587978529683,,-0.01626844056575316,-0.004210448819075874
2005-03-11,-0.0072049155597051495,,0.016862513594897488,0.010317060108735687
2005-03-14,0.006036368061218544,,0.00034332385270261466,-0.00286681233459356
2005-03-15,-0.00844852293244236,,0.007984447594418596,0.0036204294394482587
2005-03-16,-0.00868362449933513,,-0.005375490818374563,0.005674396947376304
2005-03-17,0.0018210142762236092,,0.007047061843484359,-0.0015514785539692767
2005-03-18,-0.0031627736410493323,,0.009759668894870566,-0.002985300704759797
2005-03-21,-0.003905565924245291,,-0.008430413100154643,-0.0015173520496505777
2005-03-22,-0.01035482571150348,,0.005433886295469126,0.0038456821888777854
2005-03-23,0.000662181500374226,,-0.014373914098424211,-0.003433970418657029
2005-03-24,0.0010029812465111032,,-0.005770667733755686,0.00029059333262957396
2005-03-28,0.001258066601310892,,0.004567138302808294,0.006862592501337239
2005-03-29,-0.00684299755419715,,-0.0034863622500748695,0.007278676784087534
2005-03-30,0.013965378938820106,,-0.007522439586672312,-0.01847805587350986
2005-03-31,-0.0020546330215848174,,0.0079170508727886,-0.012321814120279127
2005-04-01,-0.004687153880856942,,0.013374137918223028,0.0058539001284848785
2005-04-04,0.0015097885213974926,,0.0035632209329379935,0.000957981471142455
2005-04-05,0.004566989452136516,,0.0010328049456507895,0.0026166772985165235
2005-04-06,0.0032756323977760626,,0.009500562766842125,0.001150949594596984
2005-04-07,0.005202660120541935,,-0.0064928765167852846,-0.013935925837882912
2005-04-08,-0.010593168900934313,,-0.005735406306865121,0.000790063421742271
2005-04-11,0.0005696394576615305,,0.0034755640177345447,0.0020351255374534637
2005-04-12,0.004971226226977654,,-0.004812385818529396,0.0013253329746443887
2005-04-13,-0.011987994173459526,,0.007934078248854913,0.01963063394774747
2005-04-14,-0.01323695639718292,,0.00032393185923289616,0.016121850328342246
2005-04-15,-0.014186916227625579,,0.009481660164062235,0.01325659860969566
2005-04-18,0.002872736775172191,,-0.015143868680625495,-0.0037570380204289267
2005-04-19,0.007753824498976547,,0.005917841744199782,-0.027113937658492893
2005-04-20,-0.014144103230005478,,-0.000441662424576739,0.0017353152219616195
2005-04-21,0.019226584592510143,,0.0001315021525956743,-0.02084915601622601
2005-04-22,-0.003986032053755251,,0.006292572770450089,0.008542552895946909
2005-04-25,0.006381995182132449,,0.006593609081204654,-0.007105809324270307
2005-04-26,-0.009906953440041222,,-0.002823147877655186,0.003856664143162437
2005-04-27,0.0037126408794021515,,-0.006912874528052038,0.00985682620800179
2005-04-28,-0.01273210202311148,,-0.004044129560956933,0.0013814295024414227
2005-04-29,0.013379405789831544,,0.0041786040816099036,0.014301996788192706
2005-05-02,0.005422320124309099,,0.0006968089091219155,-0.0004439584006425412
2005-05-03,0.0015239897109065037,,0.00217123252698026,-0.004211493094077346
2005-05-04,0.007525015193796225,,-0.008968856801733073,-0.015571621530709144
2005-05-05,-0.0005339963092029221,,-0.0029090482370528583,0.00557154073045154
2005-05-06,-0.0033433018856203756,,0.0038009517958097036,-0.005892265081137815
2005-05-09,0.00604087568703493,,0.0042936606692343775,-0.006401815812011946
2005-05-10,-0.010548738996780882,,-0.003603029592293549,0.00560217496390174
2005-05-11,0.005295319440437485,,0.0008816149734158559,-0.004023835765495043
2005-05-12,-0.011196618169429962,,-0.014756697173013056,0.012570821748027938
2005-05-13,-0.002176774222056088,,-0.020413177742549683,0.0016060836627460385
2005-05-16,0.009138863106746609,,8.733452874160053e-05,-0.005101742689665512
2005-05-17,0.006484290255738934,,0.0018750066500217602,-0.005258695945707703
2005-05-18,0.01009755920441191,,0.004194689125856677,-0.01328808900670757
2005-05-19,0.004015543323157678,,0.005407258848513119,-0.0057544194135638604
2005-05-20,-0.0016187850170847895,,-0.004373189350431195,-0.0008174707932144587
2005-05-23,0.005346735006871883,,0.004127721881804514,-0.006969950742840614
2005-05-24,-0.0025311208618105097,,-0.0031622416699138896,-0.004037339525520911
2005-05-25,-0.0009464712362453609,,0.005144311832125114,-0.0005043262161051444
2005-05-26,0.005165676599616864,,0.004902610540482145,-0.012064647548522732
2005-05-27,0.0014722368590045498,,-0.0005585478389492637,-0.0014778229813004363
2005-05-31,-0.006597073249116847,,0.0020383873172781118,0.00043825644332977625
2005-06-01,0.008343325815809877,,0.001631386774856236,-0.0108645460081629
2005-06-02,0.001964087804012804,,-0.0017990866651777073,-0.005532330578738931
2005-06-03,-0.00524476155047271,,0.0012189330503313608,0.012891239230608986
2005-06-06,-0.0011087809758222322,,0.007051526540176633,-0.0032434050812482963
2005-06-07,0.0005561048202791241,,0.009182287578039938,-0.003887065737132167
2005-06-08,-0.002025173032672023,,-0.010366404983160415,0.0050616730764592496
2005-06-09,0.004559591633682469,,0.0038518565726109342,-0.006737209727927474
2005-06-10,-0.0025173531741977673,,-0.0012503013528749052,0.0036297466370103894
2005-06-13,0.0029679138997467103,,0.0023237859264272683,-0.008192775330463496
2005-06-14,0.0021280705661068655,,-0.0035318632109432426,0.01243584104964699
2005-06-15,0.0017093198632691653,,-0.001524058066848943,-0.004211453800581522
2005-06-16,0.0023667202190933434,,0.002832246377843006,-0.012487785986491307
2005-06-17,0.0035117533909323484,,-0.00169356524812746,0.007628465618871338
2005-06-20,0.00013541655744586656,,-0.0011032034359444774,0.0007544396233928884
2005-06-21,0.00038293642728692845,,-0.008295474055547758,0.004209566709014778
2005-06-22,0.0006297202224898601,,-0.0054422502142591365,-0.000889443579528304
2005-06-23,-0.014259536830841024,,-0.007797176694029683,0.003946766888529107
2005-06-24,-0.007535709548465941,,0.004308878796169846,0.00829094515687918
2005-06-27,0.001235339582850381,,0.012453779591534063,0.004503808307281809
2005-06-28,0.00819915671805016,,-0.003926888271872431,-0.0033300206006961364
2005-06-29,-0.0028567193759434506,,0.0030011285523895426,-0.006870403911544176
2005-06-30,-0.0056182784028991906,,0.01848283615381415,0.006491402886479435
2005-07-01,0.00274346809068704,,0.0005640071555062525,-0.0019589558588370528
2005-07-05,0.00783782451630377,,0.0009552823887297507,-0.003940000562729906
2005-07-06,-0.00857602561488946,,-0.006721227708412614,-0.005033412602837728
2005-07-07,0.003739986479576407,,-0.00030040124052073056,-0.007199606792289947
2005-07-08,0.011227599691206569,,-0.011897609652250575,-0.010957920102377183
2005-07-11,0.004916881200164314,,-0.006504293715448117,-0.0041127131896243506
2005-07-12,0.002430549592407072,,-0.0050253575218860425,-0.0002751790462360293
2005-07-13,0.0011968192550977363,,-0.0038270118616897,-0.009713598350006814
2005-07-14,0.003727206588602705,,-0.0077008018957411386,0.0021214513553253654
2005-07-15,-0.0007634789181052426,,-0.0017665162280147916,0.006171280387031319
2005-07-18,-0.004182469573753567,,0.0026865438618851713,-0.000868287701893955
2005-07-19,0.005282206298905301,,0.006417320423556993,-0.013353783581675438
2005-07-20,0.003220763142242511,,-0.0011698632485576121,-0.005986049805694294
2005-07-21,-0.0060264921409211025,,-0.014148061201576233,0.004011326805529303
2005-07-22,0.006488051511386095,,0.0024553439205653223,0.005988429490958236
2005-07-25,-0.0030266187620956453,,0.0006840002709250226,0.010926509685499698
2005-07-26,0.001024333959415591,,0.014892407492725312,-0.006240005443582164
2005-07-27,0.0034548175956754523,,-0.0070979634094467834,0.005595481905297772
2005-07-28,0.006107526523911,,9.326969744474257e-05,-0.0028336866797331493
2005-07-29,-0.006856671873589848,,-0.004294411470655813,0.0008145562002984993
2005-08-01,-0.00092083440483548,,0.004087002503547443,-0.0036558749234924417
2005-08-02,0.00579061809042436,,-0.009213188537006001,0.0044637028630953425
2005-08-03,0.0024597528909446886,,-0.012312346936316988,0.00016624373971110276
2005-08-04,-0.008211951416020269,,-0.00754680209376789,0.011679201941519357
2005-08-05,-0.0069831439835265074,,-0.007890353820367457,0.006104969934880233
2005-08-08,-0.002065716668515405,,0.0016096303731453318,0.008266220676700974
2005-08-09,0.005840419251113671,,0.006709313685097683,0.0007120414755018567
2005-08-10,-0.00068026275592592,,0.00916631843337451,0.009233905601934522
2005-08-11,0.0037795421196391565,,0.0070246646463816296,-0.014061525090253702
2005-08-12,-0.006331463226142309,,-0.003769609802597951,0.004469372772884473
2005-08-15,0.0059821078620809764,,0.002668039211227569,-0.004990649702103445
2005-08-16,-0.013196573680315904,,-0.014227300093431327,0.016141751259919502
2005-08-17,-0.0002750448060157007,,0.003977281039674341,-0.011627257918753386
2005-08-18,-0.0002758775772953026,,-0.008035393851197637,0.007353934078157098
2005-08-19,0.0020980017538143603,,0.00663613719341144,-0.0017315471117173241
2005-08-22,-0.00019363050654397362,,0.006876607535964286,-0.004556176106915844
2005-08-23,-0.0020716177555747395,,0.005681613568473587,-0.0023337329439314324
2005-08-24,-0.009110482413318022,,-0.00015089052267863723,0.0007905166755251773
2005-08-25,0.0034379955930916584,,0.00096956324521974,0.00033745266260782887
2005-08-26,-0.007019516176510754,,-0.004829949606351669,0.004645344057707612
2005-08-29,0.00750754515165486,,0.0045365048625252485,-0.00357625347526862
2005-08-30,-0.005452957178886941,,-0.005185624329234373,0.005223776711493511
2005-08-31,0.01244596919251495,,0.001293470341841952,-0.01633584744817316
2005-09-01,-0.0009278076082163134,,-0.0016644043604219227,0.00748574510571981
2005-09-02,-0.001989716133298458,,-0.009153545912859695,0.0017937249235626673
2005-09-06,0.011501427723798585,,-0.003293770778003269,-0.007034009791024831
2005-09-07,0.0015044533410386585,,0.016592033956889563,-0.001589404188612964
2005-09-08,-0.003502838442125067,,0.0005997244549847181,-0.005965497973081679
2005-09-09,0.008713448080490682,,-0.0012574917144828612,-0.006113931026453168
2005-09-12,-0.0022001193662005702,,-0.0065405801350924666,-0.00508039537239704
2005-09-13,-0.005742323851548825,,0.008871924885491166,-0.009434177757699856
2005-09-14,-0.0038327279726371177,,-0.011307573810695148,2.3162447488012106e-05
2005-09-15,-0.0006807006603052335,,-0.008628168994399353,0.0024608889731952853
2005-09-16,0.0069174156707154655,,-0.0008425695126713095,-0.01159002041642351
2005-09-19,-0.0035134083366576974,,0.009010020763513472,0.013175097155483064
2005-09-20,-0.008642678596853526,,0.0021213037998821798,0.0117601858910361
2005-09-21,-0.009534298244628925,,-0.006205996364124911,-0.002097892725202744
2005-09-22,0.003362620073138922,,0.00245268359668569,0.0015722064760438804
2005-09-23,0.0006305144649105809,,0.006319416938895862,-0.0007812887956765158
2005-09-26,0.0009592959168833737,,0.009406558447609315,-0.00514827714306697
2005-09-27,-0.0004403950975339077,,0.00017512714886465126,0.01217372528034245
2005-09-28,0.0007935795952536129,,-0.008629109312291838,-0.004502277708494395
2005-09-29,0.007943210608216233,,0.0047038182897941256,-0.017067924571770542
2005-09-30,0.0029047455983424175,,0.00532770206941554,-0.010425199046465793
2005-10-03,-0.0037701090663734282,,-0.0038901680000321794,-0.004155805499199106
2005-10-04,-0.011449451858713044,,-0.012364078481096165,0.011343494581640835
2005-10-05,-0.013310345599211293,,-0.006256541665673965,0.014455824683895557
2005-10-06,-0.0037886778862133985,,-0.00038664360521996084,0.014573808073844285
2005-10-07,0.0032467495760402088,,0.005302019096327881,-0.01102049711160934
2005-10-10,-0.008637856266993538,,-0.003302356107272764,0.007722866791644533
2005-10-11,-0.0016273177395229599,,0.004380584493013161,0.006138522882853536
2005-10-12,-0.008046422580526347,,-0.010787827403130489,0.002861425277274299
2005-10-13,-0.000789185980136109,,-0.0017883903408985823,-0.00430980974145051
2005-10-14,0.010366110530688255,,-0.0016340190400781713,0.001313861795589066
2005-10-17,0.003513704271019602,,0.0008634507573256455,-0.0004799994826525601
2005-10-18,-0.011024078983681296,,-0.00472062407773326,0.004348934725730347
2005-10-19,0.016442226910035274,,-0.0011465872658963927,0.013835797827468887
2005-10-20,-0.017809349233948057,,-0.017975832552595807,0.0005794723538205316
2005-10-21,0.0037162636614771483,,-0.008749457844881214,-0.00492438797744712
2005-10-24,0.0152971948544951,,0.006872588422526603,-0.005235040405664158
2005-10-25,-0.002194592718898658,,-0.005608957248468204,0.004579393598856596
2005-10-26,-0.0031172167362438774,,-0.001405328253162896,0.010620968912908913
2005-10-27,-0.010832437049854038,,-0.011382315557233756,0.02042065279773071
2005-10-28,0.01420101033913257,,0.01200683812036549,-0.01519419899107558
2005-10-31,0.002560924079163751,,-0.003048938785213451,-0.003126477923532922
2005-11-01,0.002803193404969928,,-0.005630434862889932,-0.0031096268783734394
2005-11-02,0.010263311203714043,,0.006087208182562498,-0.017641610491650507
2005-11-03,0.004077436712558669,,0.015550797968381382,-0.027382461629223653
2005-11-04,-0.0015018857055588697,,-0.0013655545078627316,-0.003454994024521907
2005-11-07,0.0007890520347646479,,-0.01512270397257879,-0.00044865052510644214
2005-11-08,-0.00019363050654397362,,0.004189818059372086,0.0018071996392942215
2005-11-09,0.0011151438283931725,,-0.002195471247440983,-0.004754218891321138
2005-11-10,0.007568622987332629,,0.00021750874724079175,0.0009661370973035989
2005-11-11,0.003211776577887182,,-0.007507956517678882,-0.005825683222531986
2005-11-14,-0.000759422534607368,,0.0005653279046804126,0.0030832766670710445
2005-11-15,-0.003831595305175406,,-0.0025859835245749087,0.012456725450067384
2005-11-16,0.0018351023837261948,,0.008879445347401193,-0.02263022563990371
2005-11-17,0.009118434611431248,,0.0025023541445995164,-0.012860063650797228
2005-11-18,0.0037377870038122207,,-0.0018877829335211648,0.0011507335424463913
2005-11-21,0.004840961616155104,,-0.0010902807304485232,0.00044981779552581984
2005-11-22,0.0041003199136318,,0.013411776716679534,-0.015331218957858382
2005-11-23,0.0055863681881209715,,0.003462957132721478,0.00591166797165299
2005-11-25,0.0005935108119652366,,-0.0004909064901964966,-0.0027066006924619354
2005-11-28,-0.007273121175422559,,-0.010480826463714333,0.013588118534379013
2005-11-29,-0.0013023648734336035,,-0.0033834060769967755,0.00674331510530064
2005-11-30,-0.00558657229831272,,0.0059208031875687015,-0.005447606501287161
2005-12-01,0.010012585957730025,,0.008464969199715632,-0.019519308549935596
2005-12-02,0.001069158059995745,,0.0044783740119264115,-0.0048911519880779795
2005-12-05,-0.0023217170487300764,,9.938499552392122e-05,0.004329153182115276
2005-12-06,0.0017025067403313443,,-0.012380530684990777,-0.009230985583171468
2005-12-07,-0.006029018401965125,,-0.0010116599899330668,0.003160782407491725
2005-12-08,-0.0008281238766109089,,0.002901047090631481,0.00910775191149733
2005-12-09,0.002425471483211261,,0.0009679284332943516,-0.0030633110016206944
2005-12-12,0.000756049200911102,,0.006475412337503839,-0.010753822628971454
2005-12-13,0.006607701899887797,,0.007925799044471283,-0.0022553763824294418
2005-12-14,0.003733770997614627,,-0.004997283675284648,0.013831322637207944
2005-12-15,-0.003088069731229326,,-0.0017746071587714904,0.002858786009750336
2005-12-16,-0.003412436290595511,,-0.007512303999401316,-0.008841266989296215
2005-12-19,-0.005337576765622409,,-0.008075159553171708,0.012267058044624291
2005-12-20,0.0007604730890433675,,0.0054261229414641395,-0.004848065994445571
2005-12-21,0.0013961154378554497,,0.027713547114067292,-0.027805290992916867
2005-12-22,0.005043393216457748,,0.006987241554224644,-0.007037608213992596
2005-12-23,0.0003587050889857224,,-0.00764417437162126,0.002134792989416312
2005-12-27,-0.010370611650725281,,-0.0021359758739023064,0.010795775663310601
2005-12-28,0.0020384350644335747,,0.0005773870250641135,-0.004408420215902242
2005-12-29,-0.004647201116247057,,0.0016184031693679656,0.0014493151221210755
2005-12-30,-0.005625457321412952,,-0.00013083598752814448,0.0026475794501449874
2006-01-03,0.0173955295686532,,0.01437759720121422,-0.029139653173963467
2006-01-04,0.004541980477772434,,0.0021435091091730465,-0.012903462996905712
2006-01-05,0.0004348722551674733,,-0.006215798788446347,-0.0053864091802199535
2006-01-06,0.008127906357969783,,-0.003853273071371611,-0.016345136772981227
2006-01-09,0.0023749698869510727,,0.006724100775269869,-0.008236422215211248
2006-01-10,0.0008161467220864083,,0.002526314956190068,0.002652845856946129
2006-01-11,0.0029876267706026027,,0.006288137637251468,-0.007114552624510651
2006-01-12,-0.004137850858408232,,0.0015348427718365307,-0.0035076553022330816
2006-01-13,-0.001125103573661912,,0.004817273936672206,0.0026117282353789405
2006-01-17,-0.0029135499511315777,,-0.006850938703196152,0.008541883640711056
2006-01-18,-0.0041678845644337326,,-0.0010722823305479357,0.003432295620862125
2006-01-19,0.003640016524115941,,0.01905044395785996,-0.015675734092755723
2006-01-20,-0.018431219233950635,,-0.015018457583872524,0.01853523533976691
2006-01-23,0.003378705595051379,,-0.00036195351065851974,0.0006164910826290449
2006-01-24,0.0008350928016895853,,0.01135830828852391,3.1744236680231186e-05
2006-01-25,0.0006751227013459538,,-0.007162996591564807,0.010436032401265094
2006-01-26,0.005333230053321092,,0.013026268412402595,-0.012653123184466819
2006-01-27,0.009071307354112212,,0.013643512982768058,-0.008624405445381723
2006-01-30,-0.0009712266108877765,,0.005483393419337634,0.00036624097981209354
2006-01-31,-0.00751232069248875,,0.010555748139314248,4.698844528864274e-05
2006-02-01,0.0067867870619078285,,0.0006535512749927253,-0.004747230147778602
2006-02-02,-0.01179902226358831,,0.0004540499348258849,0.008020348015817337
2006-02-03,-0.005158352385720599,,0.0028496363240613333,0.0011403300659237558
2006-02-06,0.00241999322825337,,0.011618668548668208,-0.00997450586004587
2006-02-07,-0.009040444867021935,,-0.007182568376042219,0.0046864450407305466
2006-02-08,0.008891708243436103,,-0.0012503660591807741,-0.0017905567589245218
2006-02-09,-0.0018525188398863524,,-0.008250634094126819,0.0038469258242608273
2006-02-10,0.0016262243427824785,,-0.0033188588967562604,0.0014365923942705307
2006-02-13,-0.0020101795003749645,,-0.0031204992001875763,0.004151763229746663
2006-02-14,0.010406969056743653,,0.006754156995349026,-0.00870214590198599
2006-02-15,0.0033291037141001123,,0.005502748032900218,-0.005533367379491894
2006-02-16,0.007294241935982937,,0.004322618505677345,-0.003402853694779528
2006-02-17,-0.0029030990396932133,,-0.0019734706671079238,0.011937024591694644
2006-02-21,-0.002677825677337542,,-0.011293664578724638,0.011980971605044778
2006-02-22,0.005876675046004198,,0.010076036004159338,-0.001682899607835275
2006-02-23,-0.001663286944376674,,-0.01838249928210527,0.013838942803722642
2006-02-24,0.0023626649326231597,,0.006132160280550569,-0.002374880176170624
2006-02-27,0.000193154712439636,,-0.0020532310248672415,0.003686041905530979
2006-02-28,-0.009694912540661238,,-0.011185814679710948,0.005302426537469785
2006-03-01,0.008696518421343225,,0.003860318083796832,-0.02112495794457663
2006-03-02,-0.00027083970077623754,,-0.0006380605842010501,-0.0012605322123701024
2006-03-03,-0.004832122717003506,,-0.0013781843870255051,0.010266479110347136
2006-03-06,-0.004775473282668807,,-0.005841007313940206,0.009546893040482951
2006-03-07,-0.0017542655063259582,,-0.012127316876038496,0.02284788989133543
2006-03-08,0.0019165155766189823,,-0.005884410874447754,0.008357977018750495
2006-03-09,-0.006899666467413801,,-0.0036439357292743606,0.014154582851176755
2006-03-10,0.00930500917430277,,-0.005137126585327634,0.0032306313454361192
2006-03-13,0.0016725313511571915,,0.0032170651375754145,-0.004183932582455108
2006-03-14,0.010285464730791505,,0.011239382112081519,-0.01772700470449633
2006-03-15,0.004262017044864175,,0.005280936678125481,-0.0044885808434256165
2006-03-16,0.0018714915331277115,,-0.008954037168737794,0.024559942876664742
2006-03-17,0.0006414340651124117,,0.00928493974480853,-0.0030509066057002434
2006-03-20,-0.001801364438778541,,0.0034009940184982377,-0.0005855949698501672
2006-03-21,-0.0064819176817001445,,-0.006780866515033346,0.0059195010717210455
2006-03-22,0.0059025083834574055,,-0.0045522136527351926,0.004861810983731785
2006-03-23,-0.0022641228207760378,,0.010780395606479042,-0.003021166871257386
2006-03-24,0.0005751119717853914,,0.006702509487030006,-0.007001260208868964
2006-03-27,-0.0016532722288395973,,0.006127839683436498,-0.0073148539219279225
2006-03-28,-0.006346211973455196,,-0.0037490025633675657,0.011016891078914692
2006-03-29,0.006074203479185636,,0.011002863195135637,-0.018524500497929117
2006-03-30,-0.001961771591521333,,0.0013628327329486046,-0.006894205664777253
2006-03-31,3.7594149439046376e-05,,0.003949964281369712,0.007280739933975532
2006-04-03,-0.0009644569052383867,,0.010052627619965903,-0.007981429657983674
2006-04-04,0.006204651364882574,,0.008400305854584632,-0.003688804820164182
2006-04-05,0.003252770035400143,,-5.240357863449678e-05,-0.014070210933382366
2006-04-06,-0.0012623754197210735,,-0.005870299030999759,-0.005657129126560134
2006-04-07,-0.010356216835633703,,0.0010363433904867943,0.010213164842828915
2006-04-10,0.001350534535866199,,-0.006583078690021705,0.009040609117505406
2006-04-11,-0.008672036570298358,,-0.0009148505059501707,0.004872875289009859
2006-04-12,0.0016719868858345865,,0.005097568436433941,-0.006653869107208066
2006-04-13,-0.001512655865216539,,-0.003568299940802355,-0.0028088230348082164
2006-04-17,-0.0005824405166219293,,0.0042806125717020135,-0.0018205939574780785
2006-04-18,0.015662432158019435,,0.016878150394638514,-0.01633488214074924
2006-04-19,0.0017188725829524465,,0.0005418823374203851,-0.008125444735296704
2006-04-20,0.001181365225645159,,-0.0038406201131685365,-0.0008003274281882743
2006-04-21,-4.1466203529960666e-05,,-0.004408987315541024,0.007198074137286226
2006-04-24,-0.0020229527729797026,,-0.0014146445752983628,0.011190971159424624
2006-04-25,-0.0043190297953183965,,-0.01164498392287242,-0.00233134425217556
2006-04-26,3.6328549029684964e-05,,-0.009795967369799296,0.00351966905149812
2006-04-27,0.004637963848304283,,-0.0013623564713394652,-0.006749327087797075
2006-04-28,0.0031642247903911347,,0.0010677811785863801,-0.005669152340302852
2006-05-01,-0.008332518892710139,,-0.0030247093028204276,0.006896592351406561
2006-05-02,0.0073215605723151445,,0.0006798450897346098,0.004091741142435046
2006-05-03,-0.0039231976363516274,,0.010354959329184777,-0.014477984844613568
2006-05-04,0.0033974549976136803,,-2.2764058798385202e-05,1.4812879750691899e-05
2006-05-05,0.008636666441614205,,0.0024017579389553623,0.001033828734492659
2006-05-08,-0.0014007659253418847,,-0.00561521435611847,0.00473263737676205
2006-05-09,0.001770220356842156,,0.010218747024537199,0.0018575381168116523
2006-05-10,-0.0007214323981692417,,-0.005116364673953767,0.012681170014374587
2006-05-11,-0.012264259222206864,,-0.014562746100387346,0.015235917243701479
2006-05-12,-0.013251948918032608,,-0.015190713067778205,0.015242401892310919
2006-05-15,0.0018181438623510182,,-0.01130139028664845,0.010201339728776937
2006-05-16,-0.0016609334089665584,,-0.006338349673392963,0.001618096960025117
2006-05-17,-0.019217519443169073,,-0.014797647331228868,0.019350168961789857
2006-05-18,-0.005239133646144589,,-0.009583050014991844,0.012640794866770442
2006-05-19,0.006858264047276297,,0.022860407290880524,-0.024113039735145836
2006-05-22,-0.007825145204656492,,-0.002017569897255489,0.02198193024716798
2006-05-23,-0.007805217498434769,,-0.0012304516570275856,0.018045752051811106
2006-05-24,0.007795775423072859,,-0.006494583541099908,-0.007991374874706914
2006-05-25,0.012170543999163508,,0.01665043325775155,-0.0152259385878738
2006-05-26,0.004895088726601937,,0.0049789355121793825,-0.012844224093848389
2006-05-30,-0.017952894581991563,,-0.010329396868042849,0.012407217881627474
2006-05-31,0.010987797056881243,,0.006005313971563186,-0.01073079774414043
2006-06-01,0.009374039901365983,,0.001295928695246874,-0.0034257831520522076
2006-06-02,0.0019037434560846833,,-0.0006134814216694033,-0.004835628717803742
2006-06-05,-0.014767224332922657,,-0.011823295453408447,0.01840594319661861
2006-06-06,-0.0026322803379487114,,-0.008438261471268239,0.0024217450922822013
2006-06-07,-0.00768551089198477,,0.0015496886071664998,0.013996264875173437
2006-06-08,-0.0010670282771066963,,-0.0039034908992335304,-0.0014655755767959521
2006-06-09,-0.003374774884225329,,0.00040112080688743386,0.003050205092646874
2006-06-12,-0.01104334946816976,,-0.01281591378621484,0.015576570627320863
2006-06-13,-0.011807224508535996,,-0.014162696456517387,0.021090102327503944
2006-06-14,0.007557953963232,,0.0024725140894173558,-0.0057966044249342374
2006-06-15,0.021021245507999664,,0.011575441898711316,-0.03135573727526571
2006-06-16,-0.00748115585243625,,0.0011313385794412987,0.010629719255106895
2006-06-19,-0.00805572311228242,,-0.0027533718074571507,0.008902489236511957
2006-06-20,0.0032028314817782455,,-0.005059510605348571,-0.002760978082260057
2006-06-21,0.007220653241663655,,0.010067832057603787,-0.009222240783452096
2006-06-22,-0.0045934372041391835,,-0.0017445559156126778,0.01015088424552516
2006-06-23,-0.0003541293294493375,,0.006596273253741302,0.0010066799957332063
2006-06-26,0.004226240896704869,,0.0031588389636922347,-0.003992279749519256
2006-06-27,-0.008834392048693629,,-0.00014118617831286769,0.013335585654650352
2006-06-28,0.006585331512079851,,-0.0031216016122783134,-0.0028492805947730403
2006-06-29,0.020006585808897137,,-0.004606628013225221,-0.02775402375361358
2006-06-30,-0.00011528277281058763,,0.006315931142333331,-0.0011951591092961844
2006-07-03,0.0038922516193924395,,0.002483270809925253,-0.008115776530503382
2006-07-05,-0.005905503240919097,,0.0014593747569545124,0.020067098160987052
2006-07-06,0.0027184680773360004,,0.0038160755792801095,-0.001054332021645044
2006-07-07,-0.0067070933027818525,,-0.0031532147837821326,0.008433984877489609
2006-07-10,0.0017019994151166173,,0.0024889417205259832,0.014387937342259915
2006-07-11,0.004220963494124819,,-0.01122079971997232,-0.021561764217374046
2006-07-12,-0.010868085863899202,,0.009899309787579426,0.017376774399713114
2006-07-13,-0.016456698957843185,,-0.013184539635743363,0.015629427684834808
2006-07-14,-0.004064956649666551,,-0.006186293767735452,0.0022144220514595412
2006-07-17,-0.0016502727864201594,,-0.007751715286418392,0.01278211002726224
2006-07-18,0.004913841240003158,,0.010633334100067782,-0.0019903890613668816
2006-07-19,0.013681068990654577,,0.0008970652975256455,-0.015576738547937619
2006-07-20,-0.007036131486805375,,0.012388697700351281,0.02294047545196587
2006-07-21,-0.0072431204538625504,,0.0023731967181946593,0.01942912772004336
2006-07-24,0.01803922559527371,,-0.012048094937683641,-0.004865616971129392
2006-07-25,0.0033721045992769483,,0.007702409958942902,-0.0020025615126317954
2006-07-26,0.0011485228157486205,,0.0007312608852743207,-0.005810339998111213
2006-07-27,-0.0011400185039047717,,0.012326104297383811,0.010903287572235876
2006-07-28,0.009829724656186922,,-0.013881091670629297,-0.027142265671917958
2006-07-31,-0.0012095134052056977,,-0.00034019288820805703,0.005122804285938343
2006-08-01,-0.005121105438703588,,0.014551348076698665,0.009064577129549344
2006-08-02,0.0065660597381917984,,0.001569910192713797,-0.0062942332097460476
2006-08-03,0.0024607435933163835,,-0.0038159220947080134,-0.00662454338817875
2006-08-04,-0.0019067358525274303,,0.000661506733733419,0.00576500957939875
2006-08-07,-0.002533543574123942,,0.0005327910695058884,0.002601454164628947
2006-08-08,-0.004024871549012987,,0.001271868929142439,0.004904641366851915
2006-08-09,-0.003568739413453703,,-0.01949151748848037,-0.001064036305992022
2006-08-10,0.002877933934008592,,0.00037980357453991625,0.0022105116397698413
2006-08-11,-0.0030200656420894534,,0.017499699803377036,0.007617553220288765
2006-08-14,0.000593619359450015,,-0.012933891514608276,-0.005831522079918139
2006-08-15,0.01176436801398384,,-0.015789533810589673,-0.029870391833094416
2006-08-16,0.008125184003713315,,-0.01478524723698462,-0.02594519491102858
2006-08-17,0.0023503698169460296,,-0.009772409699352568,0.0044138939556655045
2006-08-18,0.004882306456053698,,-0.001253686243785579,-0.0036351096836811144
2006-08-21,-0.004478428620504404,,0.0115124974585579,0.005322857177162621
2006-08-22,-0.000270933651291827,,0.0019094861376818485,-0.004533698934115804
2006-08-23,-0.0029598236767192088,,0.005983093550714347,0.008737441155618053
2006-08-24,-0.0010413799965697246,,-0.007274464883588938,0.0015518227315266752
2006-08-25,0.0010405754306979098,,-0.0006256004850721752,-0.002630559992312098
2006-08-28,0.004582290053671834,,-0.003749789914556989,-0.0072037935094062654
2006-08-29,0.0009565763169634423,,-0.011876152528761908,-0.004459288568667696
2006-08-30,0.0004189508513903206,,-0.007649703080225957,-0.010858689524052135
2006-08-31,-0.0003471037191861148,,0.0025439541905071805,0.003740779463965671
2006-09-01,0.005777309518641305,,0.0028444305651076363,-0.0037635379803005247
2006-09-05,0.0017086603244644838,,-0.008181981940325734,-0.005353552150130747
2006-09-06,-0.009003534498154608,,0.0047389565816937755,0.01995293338319476
2006-09-07,-0.0047905400217777006,,0.00047634036436667877,0.009016818215865797
2006-09-08,0.002654042159691228,,0.004582378247913631,-0.005015508877385733
2006-09-11,0.0008041488888126391,,0.0025760061032798157,-0.0025028160054037744
2006-09-12,0.00962188657241514,,-0.01747108491089755,-0.014939349904462529
2006-09-13,0.0038306387680149268,,0.0008538443968285736,0.0009144670628303488
2006-09-14,-0.00011771593385434542,,0.0028988604085905204,0.006402630303653812
2006-09-15,0.0021533765782226766,,0.011318203900115554,-0.003963749450743115
2006-09-18,0.001170110638178956,,-0.0011039188003895695,-0.006008713729987891
2006-09-19,-0.002691012584666752,,0.012467765928218855,0.008850151763882475
2006-09-20,0.0051174903898876245,,-0.002674432845820739,-0.01307608959398544
2006-09-21,-0.0050235297709866344,,0.008162627076804829,0.0010465415949485136
2006-09-22,-0.00322710344041377,,-0.0011937113694640788,0.0059223896713022535
2006-09-25,0.007488889738577864,,-0.008947765966312849,-0.007593695240718535
2006-09-26,0.008109719748473632,,-0.008606567862362236,0.007234048183575648
2006-09-27,0.0010036998901270522,,0.0027927228740580513,-0.007441622936707226
2006-09-28,-0.0005674103086548143,,-0.0002725884498702923,-0.00241182505793065
2006-09-29,-0.0010160566217363165,,0.014804434407692812,0.00835533757476432
2006-10-02,-0.003936725121102991,,-0.0017397464494223972,0.008610552501124812
2006-10-03,0.0019098998866222683,,-0.00011187622614466929,-0.0006039512018400249
2006-10-04,0.011504046615061991,,-0.006068375292467199,-0.01013298720365633
2006-10-05,0.0017338059736673461,,-0.011243018712913477,-0.008204523495843951
2006-10-06,-0.0014512033722487994,,-0.013329629163604162,0.007040613082484216
2006-10-09,0.0003984500443614536,,-0.003731962641054043,0.002284462055476821
2006-10-10,0.0011394880163571042,,-0.003359862073001352,-0.00044151368245731737
2006-10-11,-0.0013767317434033588,,-0.0014453171263939077,0.002063486047029095
2006-10-12,0.00846609125672071,,-0.000461983279300927,-0.010406178129144295
2006-10-13,0.002373980789078356,,-0.0009930223680651778,-0.01526975472483756
2006-10-16,0.0013441309181170258,,0.0010283137060857596,-0.010844146124306297
2006-10-17,-0.003336419371720911,,0.0027392238258986948,0.022287425908113768
2006-10-18,0.0011259442090567617,,0.005622640652206179,0.01692158325471369
2006-10-19,0.001417182540840889,,0.0004518514692904872,-0.006657243105692712
2006-10-20,2.5909465005691246e-05,,0.007987031979214288,0.013094400105399672
2006-10-23,0.004409844918993988,,-0.002425743838734573,-0.00043322891258352754
2006-10-24,0.0027887271886952725,,0.004771937729092101,0.0036153660467108887
2006-10-25,0.0032152135845462393,,-0.016787348005945835,-0.025241671015062205
2006-10-26,0.0029143825820303615,,-0.0010694329432686884,-0.003984567012354756
2006-10-27,-0.006462169387783989,,0.002156887879177515,0.01580906585849723
2006-10-30,-0.0009190630417159618,,-0.001187395220441834,-0.00018850367754789108
2006-10-31,-0.0003390611428168988,,0.005392094210215925,-0.007344703857417489
2006-11-01,-0.006942689070434049,,0.011848398802297133,-0.010433565741638251
2006-11-02,-0.0007781085428901768,,0.006260771655709196,0.0007857547164176748
2006-11-03,-0.0019481702588552974,,0.00895467065069112,-0.008461447437087587
2006-11-06,0.011085545385965956,,0.012092077660116251,-0.008713938181972379
2006-11-07,0.0036441232440387328,,-0.007872926933785973,-0.004067134806386019
2006-11-08,0.0019710439874143226,,-0.006361410577847171,0.0033888468412245133
2006-11-09,-0.005449111645644877,,0.005650107699484064,0.002088436301383767
2006-11-10,0.0002410961856431637,,-0.0021367453998440197,-0.00523094767107628
2006-11-13,0.002265443905750786,,0.0005098590514936215,-0.01681690591699412
2006-11-14,0.007310989380362232,,-0.015377354474397897,-0.02160142702993678
2006-11-15,0.002671304135956065,,0.0005037359611936632,-0.006334317574028336
2006-11-16,0.002377476047012106,,0.0029697678723553554,0.005166863465780269
2006-11-17,9.120249926386492e-05,,0.011686473001946562,0.006710524880086432
2006-11-20,0.0003761076552961651,,0.005147429910361823,-0.003821058301957181
2006-11-21,0.0008029411433192468,,0.009624717784436763,-0.013634976884032335
2006-11-22,0.001797138465508441,,0.003312266095293858,-0.006603084487900701
2006-11-24,-0.004238485182211815,,0.0007692031521600695,-0.0035214501131140778
2006-11-27,-0.013944979160734783,,-0.014031567487909246,0.02427231196673384
2006-11-28,0.004141581738403843,,0.014421815767232227,-0.005364602678143904
2006-11-29,0.01023625898845415,,-0.0009363484512675217,0.0008474038531264272
2006-11-30,0.00023322803248926327,,-0.0054945955307996956,-0.006716835586815039
2006-12-01,-0.0023996864857706024,,0.0022581189577264623,0.0014471370167095433
2006-12-04,0.007437105669117816,,-0.0030149348308405755,-0.007567007351850952
2006-12-05,0.004124097169312391,,-0.0004702720756370902,-0.007911673525033192
2006-12-06,-0.001039362824534651,,-0.004342795264174993,0.004209194473061772
2006-12-07,-0.004566301371665804,,-0.0009539082238108629,0.0033688082110256753
2006-12-08,0.0016479806739895242,,0.0060435053764777095,-0.002355829782569596
2006-12-11,0.0027056592578313943,,0.0028941713083454946,0.005963792423243896
2006-12-12,-0.000969241905742102,,-0.0048804232494846335,0.01136022472614886
2006-12-13,0.0008648001443816167,,0.0018730368999525402,0.008526459843850698
2006-12-14,0.008617067191503125,,-0.006952618833492896,-0.0014952775019322793
2006-12-15,-0.00010234339039816298,,0.0003627394203224222,-1.531004308944449e-05
2006-12-18,-0.0029333735418233253,,0.007337949995163129,0.011563383969068452
2006-12-19,0.0017084319516538216,,0.011291751055130896,-0.0015530559162548752
2006-12-20,-0.0007562624920688377,,-0.0002821647009760399,0.0024812428433290457
2006-12-21,-0.00385183782302001,,0.009928703195937383,0.007591966513035586
2006-12-22,-0.0063369337306150575,,0.0011718424761641309,-0.0007896016624479806
2006-12-26,0.005703508343305463,,-0.0014531445349646455,-0.004342273863520596
2006-12-27,0.006374730851186561,,0.004802286733887495,-0.008745845244640527
2006-12-28,-0.00229826983004644,,0.0006298391679264049,0.0017215371527496968
2006-12-29,-0.004342593990587118,,0.0011110129553239755,0.001985037934755274
2007-01-03,-0.0019592370518209945,,-0.011244457861655677,0.007383510475412348
2007-01-04,0.0019289837034812685,,-0.00665288175209885,-0.014400090671323218
2007-01-05,-0.008170127995056453,,0.0040157142575356405,0.004436217711619972
2007-01-08,0.004431167870224018,,0.008156532315422117,0.0005091982416545182
2007-01-09,-0.0010438512633810237,,0.00934790087755515,-0.002459051353226016
2007-01-10,0.0031379971748797253,,0.0003863939196781189,-0.005799141607717073
2007-01-11,0.004187236726357124,,0.0018456111344422486,-0.004237781974527021
2007-01-12,0.0074032275536550785,,-0.009320414793714737,-0.0036977453002360774
2007-01-16,-0.002147944597208684,,0.002169359636417567,0.007072728978329191
2007-01-17,0.00022606377745648665,,0.008327443865951235,0.0023485292432708586
2007-01-18,-0.0035496999473345614,,0.014821697801896152,0.037592723005513876
2007-01-19,0.0017703564834772312,,-0.001989145497184708,-0.0008411316098602241
2007-01-22,-0.003274533718749306,,0.008772190398557412,0.002899136247798006
2007-01-23,0.0027565047450208713,,0.0017210404945489867,0.011059866097338278
2007-01-24,0.007859396401024066,,0.005363715552208194,-0.0232539783907568
2007-01-25,-0.01193359627069246,,-0.0107830889267452,0.010175118796311933
2007-01-26,-0.0011075448797147613,,-0.011175019508803574,-0.002115538725897037
2007-01-29,-0.000756465253334726,,0.004180109369699869,0.0017600978609663143
2007-01-30,0.005015887579050471,,0.0021832550475421766,-0.0024177660709456704
2007-01-31,0.006529243852478661,,0.0034005697859824553,-0.00013111664389338102
2007-02-01,0.00578913213101373,,0.0051847775533060084,0.003045746015049666
2007-02-02,0.0011894385972734955,,-0.005692716404821318,-0.006220231703074685
2007-02-05,8.246566683078882e-05,,0.0005084331228053073,-0.0031149573253904995
2007-02-06,8.261539599052625e-05,,0.0038172580578133665,-0.0010276571693218607
2007-02-07,0.002014747597060662,,-6.47971503886964e-05,-0.011210783314941151
2007-02-08,-0.0015017943262470856,,0.0012143198684380074,-0.004254505249781449
2007-02-09,-0.0076411178747241015,,-0.01023969598203691,0.019834704807971247
2007-02-12,-0.0035981275105092525,,-0.0014221184321126287,0.00510188065208268
2007-02-13,0.008241932137309282,,-0.0002235899726093721,0.00428083240717173
2007-02-14,0.006373713939349157,,-0.007593988290974251,-0.015535388290132679
2007-02-15,0.001110939015481538,,-0.005401101799677755,-0.010180248158578133
2007-02-16,-0.0006742101291150604,,0.0014346036558230192,-0.0010284049203320269
2007-02-20,0.0019338987837576038,,0.004705500426493659,0.002111954383845516
2007-02-21,-0.000604697601015225,,-0.011116443373608498,-0.006484633077780544
2007-02-22,-0.0009469033199865917,,-0.023115432175128195,-0.006469716775858725
2007-02-23,-0.004101411862239668,,-0.01923175827582506,-0.00746403811769707
2007-02-26,-0.0010879736137090479,,-0.0002940985839640642,0.0071876338102463515
2007-02-27,-0.039251261843065155,,-0.0036725360826372344,0.021192688016045895
2007-02-28,0.010056528104054552,,0.00678491207605696,-0.007192666891160426
2007-03-01,-0.0031729592027686104,,0.004877908401059205,0.00408061287030248
2007-03-02,-0.013289241729139811,,0.0006645388993830274,0.009615234349863154
2007-03-05,-0.009712634490253502,,0.0011122690254110612,0.008209933284749749
2007-03-06,0.016915911769635583,,0.0016232989469887622,-0.014362817200097655
2007-03-07,-0.001195665812670721,,-0.00012924103953235871,0.007107058363354934
2007-03-08,0.00826147155469159,,0.00559031191980448,-0.009860164169209162
2007-03-09,9.045003094731996e-05,,0.002451215552260566,0.0008037555413767604
2007-03-12,0.001298434235195156,,0.005857690661774895,-0.00047379609758125825
2007-03-13,-0.01962757418626826,,-0.003157695815523177,0.006841166936556808
2007-03-14,0.007256604532088984,,-0.0035157829068968027,-0.012452345583934977
2007-03-15,0.0011706210583741772,,-0.0040035823448231755,-0.0018088995284303968
2007-03-16,-0.0029946784337090415,,0.0003888072594371078,0.0014762658029682791
2007-03-19,0.011862094129187595,,0.009626026116001486,-0.003368560207044147
2007-03-20,0.005298611222464666,,0.007400350006524048,-0.0016759921342235917
2007-03-21,0.016263545525633916,,0.006064090445787842,-0.01414370770465454
2007-03-22,-0.0009609701531081427,,0.007595698707074038,0.010907736398679146
2007-03-23,0.0012726363625259474,,0.01092036709175006,-0.0034043507476338997
2007-03-26,-0.001518393573101462,,0.006221880243768552,0.006796792571542198
2007-03-27,-0.0025681187012560613,,-0.002056035956081414,0.0033790688660224055
2007-03-28,-0.007473163334987154,,0.0016896015795706872,0.009896659815288056
2007-03-29,0.0008639982306783978,,0.010148731996759874,0.00044634427910253947
2007-03-30,1.7457459046354984e-05,,-0.00469630760276094,-0.00021406058415640583
2007-04-02,0.0009331332038746698,,0.008595139273899932,-0.0011876753342206724
2007-04-03,0.01056908782239363,,-0.0012842806170456408,-0.012373473032552328
2007-04-04,0.0009202587318795086,,-0.0017293777213811868,0.0021369124300982924
2007-04-05,0.002516990034830746,,0.007271828344908282,-0.0018057393852480503
2007-04-09,0.001193158395016658,,0.0051009803190070315,-0.0016571425041226216
2007-04-10,0.0009833082640533508,,0.004456253375954067,-0.003199471873991
2007-04-11,-0.004273772640148499,,-7.747097766622711e-05,0.0056341648459487526
2007-04-12,0.004250510807854768,,-0.00020166379099457662,-0.0033285705327268825
2007-04-13,0.0043686057328358174,,0.002163351214056075,0.0031151779893867303
2007-04-16,0.009302444922502984,,-0.00024343785716033316,-0.012936253615152415
2007-04-17,0.0024650720762231515,,0.0005625966625347979,0.0066050554798130715
2007-04-18,0.0010294022527239655,,-0.00827262689409165,-0.010433782959162908
2007-04-19,-0.00046441132997887546,,-0.0021095201537731033,-0.010956114373546544
2007-04-20,0.009247223910670455,,0.009888766774880388,0.0023531390587111295
2007-04-23,-0.003961749118749802,,0.014365612890531,-0.0021166791665488626
2007-04-24,0.0002117676889350495,,-0.03055319988747126,-0.0027956781749618916
2007-04-25,0.008987807990223029,,-0.00012359008721691753,-0.012728698387017479
2007-04-26,0.0009436986859980845,,-0.013107066000537581,-0.0026939105832564534
2007-04-27,-0.0009954493858026492,,0.010266405274600644,0.004040432869766275
2007-04-30,-0.008486104364933578,,0.004891406404640209,0.01592119428385359
2007-05-01,0.0023694447088946635,,0.006039625721722875,0.0011574889358910712
2007-05-02,0.00565774328361357,,0.004833454589816622,-0.01734992894620867
2007-05-03,0.005223044607101546,,0.005808496470498737,-0.01705346660967627
2007-05-04,0.0035972576449105897,,0.0005286827973605577,-0.009667874337628335
2007-05-07,5.22736386110445e-06,,-0.0008243399817732921,0.002858324046736427
2007-05-08,-0.0015190620708188662,,0.00034551810030335477,-0.0055864952242519195
2007-05-09,0.002526703109675399,,-0.003780102812730679,-0.0010231393044160212
2007-05-10,-0.010645844290527173,,-0.003154541231699238,0.007218551701767606
2007-05-11,0.008362739018899834,,-0.00040457928493419296,-0.010279323939952123
2007-05-14,-0.002380425480163928,,0.003983956654583542,0.005950869554635475
2007-05-15,7.164679521842743e-05,,0.0043838000928177025,0.011331206172079722
2007-05-16,0.006647409788819392,,0.0012816274382323467,-0.0009317600463098711
2007-05-17,-0.0021723574182908045,,0.009750035680972002,0.009022525416101611
2007-05-18,0.008530690362027249,,0.010056944411433223,-0.0019049504990702902
2007-05-21,-0.0007179163539657862,,-0.001998849669939151,-0.0031732853646897707
2007-05-22,-0.0009801156417185153,,-0.0014179420621490467,-0.00370101634351313
2007-05-23,-6.281480398317996e-05,,-0.006278694700987198,0.001158181297706573
2007-05-24,-0.009246104834558233,,-0.00494027142419584,0.008821163928210383
2007-05-25,0.003976931225969871,,0.0020380856299728745,-0.008223254192556562
2007-05-29,0.0034322529345338637,,-0.0019934615928764,-0.004644230198075805
2007-05-30,0.007950871142968996,,0.004165574792845784,-0.006345926402908308
2007-05-31,-0.0012359024129267038,,-0.009253853719864846,-0.008668774408778234
2007-06-01,0.004762999775781651,,-0.0009879113001498123,-0.009316449336247402
2007-06-04,-6.365990683865341e-05,,0.005867811846406357,0.002611101753745637
2007-06-05,-0.004151683451645516,,-0.003920552047149818,0.007417821448796269
2007-06-06,-0.010943575288588803,,-0.0007826481225655319,0.009965775883797656
2007-06-07,-0.018239015975602624,,-0.01137193445363056,0.02128847632859615
2007-06-08,0.012817250993012008,,-0.0003894012566952876,-0.010010349075011395
2007-06-11,0.0015284837847817645,,0.00723230254254772,0.006344979350307279
2007-06-12,-0.011099462493848411,,-0.0034518642849255213,0.0033388847656168124
2007-06-13,0.014775107415437416,,0.013576824520434294,-0.014207409649340162
2007-06-14,0.006192419935013405,,-0.0033003218860739978,-0.006628915928786994
2007-06-15,0.0054959338131490565,,-0.0029506795377064465,-0.016564027212840737
2007-06-18,-0.001370130115920687,,0.004877699646337131,-0.006572961276284495
2007-06-19,0.0022922773278339914,,0.0018263494935679804,0.005752867803582295
2007-06-20,-0.01409082446251797,,-0.023130848777422785,0.008585751509867356
2007-06-21,0.005364330286932617,,-0.0014452924446642038,-0.02114798640854029
2007-06-22,-0.00960265385746617,,-0.011977461400694346,-0.0028277148974139455
2007-06-25,-0.004976029106499191,,-0.0030949279671303007,0.004170546892655413
2007-06-26,-0.010471902343286321,,0.00261409263473088,0.0004293069135107297
2007-06-27,0.014034633859560497,,0.012438665409366056,-0.0022551420424150696
2007-06-28,-0.0003259940086606239,,0.004358278845771546,0.005298509590000399
2007-06-29,0.00013868903275859878,,-0.0013970181182797361,0.0029726622543839844
2007-07-02,0.008847147428152402,,0.0037794617762941345,-0.0029011958787042774
2007-07-03,0.003430209213978186,,-0.002333783670742606,-0.0057402602989735756
2007-07-05,-0.0012443082732465083,,0.0005309171536161394,0.000922362944077182
2007-07-06,0.005063364180011742,,-0.009582085818141507,-0.014482427324122171
2007-07-09,0.0005909753206148061,,-0.002089809089163653,0.0014099375461397946
2007-07-10,-0.014433089562852053,,-0.007685623463424917,-0.006426113114139754
2007-07-11,0.006896607055807413,,4.137194151797568e-05,-0.0002445563755351767
2007-07-12,0.01559663781689924,,0.017375132341563373,-0.010996600559597737
2007-07-13,0.0027858565342255837,,-0.004329128653471825,-0.000507648513353498
2007-07-16,-0.00032302858260702116,,-0.0026109440722424716,-0.000936211114420593
2007-07-17,-0.0007098922266388641,,0.005088467230104421,-0.013970484012750549
2007-07-18,-0.002003017969460452,,-0.008442764772535116,0.007880550003375897
2007-07-19,0.003690436393205987,,0.0023610426025706286,0.004044677422373655
2007-07-20,-0.01031813062888609,,-0.012077658548520765,0.008116628447119044
2007-07-23,0.002868188421121687,,0.005217211588518423,0.006646262259306434
2007-07-24,-0.017534261948208507,,-0.008140264059085666,0.02079793547769837
2007-07-25,0.0018544506678637163,,0.0007683561111243687,0.009804195292541507
2007-07-26,-0.023872441891726992,,0.001132669287252152,0.013907541233631103
2007-07-27,-0.019853249514901417,,-0.007399809756771857,0.005842483456443915
2007-07-30,0.015449843847427314,,0.010309354460913776,-0.025335595647891018
2007-07-31,-0.011457038700957933,,-0.0075409205092203495,0.0075023858871366535
2007-08-01,0.004678977598392642,,0.0011732653636067347,0.0027272395035140007
2007-08-02,0.007796212102364031,,-2.1347468205601362e-05,0.002204083230388531
2007-08-03,-0.02593881167807488,,-0.02835565709011769,0.04007131765904471
2007-08-06,0.016566236399842005,,0.0007630373698513156,-0.004507371672798643
2007-08-07,0.010475421465532486,,0.004328915991745908,0.00011140281927188842
2007-08-08,0.013747176343168466,,0.0005497209630780479,-0.018413113134569482
2007-08-09,-0.029827444055322117,,-0.011477811520859294,0.015154422954262569
2007-08-10,-0.004870721052757654,,-0.001436524300517849,-0.005932009650511538
2007-08-13,0.0034001838382689,,-0.002110346259048934,0.005259690398163708
2007-08-14,-0.015480067375289508,,-0.00592066004135474,0.02274512824773133
2007-08-15,-0.01396908258058982,,-0.006779724194179338,0.018751107034779314
2007-08-16,0.007322329344002121,,0.009786584747952132,-0.005402563265315963
2007-08-17,0.01817347263385427,,0.0012766355824498365,-0.012580859466368732
2007-08-20,-0.0006769876201999647,,0.009930237809188924,0.0017880066045165676
2007-08-21,0.0018110462247469261,,-0.008915454443281701,-0.012141158817551179
2007-08-22,0.011673902408704917,,0.010923736523938897,-0.008697727215932304
2007-08-23,-0.0010801988231730064,,-0.0037123753275592475,0.00834724489789287
2007-08-24,0.012159928594165148,,0.00406535028309013,-0.013061177371492117
2007-08-27,-0.009497126868852068,,-0.015142629268749097,-0.005020608949094584
2007-08-28,-0.022173652510273367,,-0.015403730513628599,0.021996655473806637
2007-08-29,0.01942740142694155,,0.013157846496130231,-0.009114689414020195
2007-08-30,-0.0028549625975383686,,-0.0016628896471768241,0.007735412961075349
2007-08-31,0.009659275473698159,,0.003579656218542138,-0.013633280701368088
2007-09-04,0.009902111167969574,,-0.0019665126081319095,-0.017392132751040502
2007-09-05,-0.008846653578054697,,0.0029885120761342972,0.01353591634557466
2007-09-06,0.00210653543922823,,-0.00961624800629326,0.002565673628821452
2007-09-07,-0.014100267887468432,,-0.015787324709780483,0.007756278504353188
2007-09-10,-0.0021104651125821716,,-0.007724935337171201,-0.0017077186877324736
2007-09-11,0.01146734971427188,,0.006575898275367066,-0.007567894280918819
2007-09-12,0.0023825575464544446,,0.0030428951259461436,0.0054407536278494595
2007-09-13,0.006839519332531463,,0.003958156071465169,-0.007862118956457286
2007-09-14,-0.00026054711145262477,,0.003345857498750571,0.004911081634959758
2007-09-17,-0.005566281756366087,,0.0006554633552105726,0.005253899449816024
2007-09-18,0.02924596340772201,,0.004551745799375895,-0.030745309963464293
2007-09-19,0.005709209094257206,,0.002881826892302275,0.0004147839446408622
2007-09-20,-0.007235823912642103,,0.00826088417124392,-0.0006843302730649369
2007-09-21,0.0025050777312942696,,0.006778910118393844,-0.0028263961650068724
2007-09-24,-0.0020364170815742044,,-0.0010203274428778782,0.0121390927449329
2007-09-25,-0.002171005306703444,,0.00374777727008041,0.006668178255879186
2007-09-26,0.005091096633444092,,0.0069988605268091475,-0.008762000461762075
2007-09-27,0.005719637320040327,,-0.004393907780036189,-0.021912577557282
2007-09-28,-0.003524953084021565,,0.010312805436593676,0.009665321129521997
2007-10-01,0.011079020674530371,,-0.002177269946489424,-0.012486757850838404
2007-10-02,-0.001554623547139311,,-0.012983170619348172,-0.011305340974321355
2007-10-03,-0.0022055467250136074,,-0.0013072901713352628,0.0006911143645815577
2007-10-04,0.0013669098244186717,,0.0036884269554097295,0.0012190826100663466
2007-10-05,0.01168815541366408,,0.013806404011876494,-0.0021039474408600213
2007-10-08,-0.005519617841052593,,0.010610269350439228,0.006411553567016648
2007-10-09,0.009224961374688423,,0.00555194501215267,-0.014253073286148
2007-10-10,-0.0018549649196323292,,0.003488287023404679,0.0065377636311616414
2007-10-11,-0.00499457897820188,,-0.005317975933479425,0.013090343221977508
2007-10-12,0.005337506293129124,,0.009539544163707614,-0.0020163915930930592
2007-10-15,-0.008637289644545909,,0.0055749615033838795,0.01449799173450491
2007-10-16,-0.008128511464920662,,0.012324613400765395,0.007789406395412634
2007-10-17,0.0028627485819354703,,-0.002713410038490971,-0.0026038650896534343
2007-10-18,-0.0038238891965080013,,0.0038728732994169016,0.003601521797099716
2007-10-19,-0.02635011765460815,,0.001622621351007627,0.011755274848964159
2007-10-22,0.005618830516605611,,0.0007231272429170211,0.014326431379439864
2007-10-23,0.007910695188651395,,0.014667465732111706,0.001045189573577787
2007-10-24,-0.0020390380330933544,,-0.0030565707112852557,0.0049060976721454486
2007-10-25,0.002183362014296364,,0.01133466664209678,0.006819562694438264
2007-10-26,0.011528971780958353,,-0.008699335733311808,-0.02771625804504636
2007-10-29,0.003126620056819851,,-0.0017245952755111874,-0.009845143374827246
2007-10-30,-0.007135907701734889,,-0.016127983138019067,0.0024615434889619704
2007-10-31,0.010194652500790102,,0.03249145639652444,-0.03342147880963175
2007-11-01,-0.023601848627022415,,0.01636251371901856,0.02302072098580845
2007-11-02,0.0009323844969124639,,0.010168350919119919,-0.0066159573996226635
2007-11-05,-0.007799588362053855,,0.009843426069000705,0.022994251140338807
2007-11-06,0.013268363242380898,,0.019820701323905145,-0.006691797876993011
2007-11-07,-0.027549521783722053,,0.015862324563780148,0.03079581904422716
2007-11-08,-0.005264093688008287,,-0.01896426405374012,-0.0008955835103265919
2007-11-09,-0.01392014469898939,,0.004156328389883581,0.01337993347877878
2007-11-12,-0.010115365643527885,,-0.01444394306505854,0.03027320098903602
2007-11-13,0.030286946320831953,,-0.009869871970664558,-0.03084571111442238
2007-11-14,-0.002962250170062797,,-0.007062971959205444,-0.006742456031107879
2007-11-15,-0.014617909567866239,,0.007537891170536359,0.019994117795757417
2007-11-16,0.0015238489028288615,,0.010087660961817568,0.0016673479820431105
2007-11-19,-0.014117236103728392,,0.01625600511068972,0.017499889098102225
2007-11-20,0.005927591424809808,,0.02459916514586593,0.018218606442303144
2007-11-21,-0.020658395667173424,,0.0043938500998697005,0.013460047793105567
2007-11-23,0.017098781280274533,,-0.011102738513779074,-0.014343688895053552
2007-11-26,-0.022257098792759833,,0.01163044911108525,0.014235675038308028
2007-11-27,0.011300179789969,,0.0067453054251265555,-0.0010628825230292061
2007-11-28,0.031790682399085224,,-0.021310916213315066,-0.05276222055575899
2007-11-29,0.00014610928585612193,,0.008423068145808644,0.007571006771553801
2007-11-30,0.00986201756004057,,-0.01353676803937931,-0.01218549949033846
2007-12-03,-0.006786157054514352,,0.020291917498916835,0.011070423456823075
2007-12-04,-0.009131490874149883,,-0.0014914418247862773,0.0054804557297759675
2007-12-05,0.016545469059447315,,0.00703191140480075,-0.011741896676061368
2007-12-06,0.014120298760748717,,0.002945162550762416,-0.016216886024156052
2007-12-07,-0.00039274279817158586,,0.002650307660659712,0.00042441634127583506
2007-12-10,0.007559595187696111,,-0.008691809840974384,-0.01689473084049047
2007-12-11,-0.027613707795623,,0.01225840170467525,0.02977553986788279
2007-12-12,0.00967763606308214,,0.0054559517112564015,0.009612834049079677
2007-12-13,-0.0022693378460110214,,0.009463709894129691,0.004083627271975388
2007-12-14,-0.012872513692194554,,-0.0018042549647125372,-0.0026663553427388794
2007-12-17,-0.01446313905092289,,-0.005292810540717284,0.012859477269031127
2007-12-18,0.005390209448218775,,-0.0038373859677037544,0.011543520680839891
2007-12-19,-0.00019363050654397362,,-0.0037877902553393955,-0.024031548048539984
2007-12-20,0.006112858077136574,,-0.010503966295763011,-0.00815031471835993
2007-12-21,0.014221066216854483,,0.02157875597287362,0.013019690633245807
2007-12-24,0.007232143748270081,,0.005736290601226013,-0.004176294166898398
2007-12-26,0.0019518683529846648,,-0.0015763189216550621,-0.002830761450726016
2007-12-27,-0.012765031328884957,,0.004732861091416239,0.01086986508871276
2007-12-28,-0.002699446231672842,,0.01155582025020746,0.0025679902756140073
2007-12-31,-0.007593470949052383,,-0.007822014863003223,-0.015513297262270109
2008-01-02,-0.008948268411156923,,0.003148760496289805,0.00962883512494398
2008-01-03,-0.0006766865544226564,,0.012180276477701212,0.008259674375259662
2008-01-04,-0.024700164638310595,,0.008945166406823558,0.04524231550266684
2008-01-07,-0.001042518125693559,,-0.004859399458262937,0.016034961067543187
2008-01-08,-0.016342115943555058,,-0.0003092713351176106,0.024102982338100543
2008-01-09,0.01031637369517524,,-0.007140866747033792,-0.00837584173916468
2008-01-10,0.006360303929693112,,-0.011087195271394502,-0.014227776645003765
2008-01-11,-0.008261670626968365,,0.00714393957190039,0.010422141243568526
2008-01-14,0.007869107446256685,,-0.010716536159080057,-0.01788335851729488
2008-01-15,-0.022206388888804107,,0.005735337182968259,0.014810813817015434
2008-01-16,-0.008806345329237075,,-0.031137408673353073,-0.010002713365322302
2008-01-17,-0.02610954845603508,,-0.009282921494720733,0.01043546107735226
2008-01-18,-0.010461436365418741,,-0.008232993176718727,0.00274890883207758
2008-01-22,-0.010340932086429833,,-0.02102769159224198,-0.018005049590467646
2008-01-23,0.02382732478589311,,-0.037573102802843095,-0.032639579168803695
2008-01-24,0.008248051860513472,,0.00177314481451267,-0.026968008720032743
2008-01-25,-0.014638903444178508,,0.0134539076364956,0.01443312355693973
2008-01-28,0.016342842629285537,,-0.008827440214941607,-0.012790044728383621
2008-01-29,0.00476087759685484,,-0.009481990148363706,-0.012990746240557316
2008-01-30,-0.007551987687062001,,0.0017362767954280933,-0.006485151204716655
2008-01-31,0.01804041737125961,,-0.004253889188624516,-0.007055711613859017
2008-02-01,0.01589435829446173,,-0.012232226230711097,-0.031342476577630264
2008-02-04,-0.01280274779389623,,0.00694327386239867,0.014652927877156864
2008-02-05,-0.026967784668550987,,0.008144703786389304,0.030726170742001388
2008-02-06,-0.008245543898084629,,0.015919939803052896,0.01197676792081651
2008-02-07,0.006420029308164654,,-0.014869569523117866,0.0010077206546420749
2008-02-08,-0.006614199873805959,,0.0333385345328136,0.005617326993400161
2008-02-11,0.00491629050950948,,-0.0005204375564509594,0.003989502718292525
2008-02-12,0.009077384902890229,,0.004118374879968023,-0.0023662598138748936
2008-02-13,0.010029315979364295,,-0.009019862580202997,-0.017750306118413883
2008-02-14,-0.00899323614194869,,0.011109732602899882,0.020723140213306512
2008-02-15,-0.0004155122459541527,,0.0006939869647762054,-0.007383529707356784
2008-02-19,0.0026183142944651294,,0.0067657386682510425,-0.00041744522067667096
2008-02-20,0.002758311050261364,,-0.005179350230422576,-0.016147912710033206
2008-02-21,-0.00850776140045828,,0.0019884821123792636,0.007305967027771321
2008-02-22,0.005964416877807688,,-0.011538083971147172,0.0011656497983936753
2008-02-25,0.012415213525976743,,0.004284047097962238,-0.006460018422904491
2008-02-26,0.0073061768407167715,,0.0002830220069205292,-0.007631916384940596
2008-02-27,-0.001205231284455488,,-0.007440690952327023,-0.005255211619202194
2008-02-28,-0.009961003378574307,,0.02145071344444236,0.017998910116944655
2008-02-29,-0.022477555786193593,,0.008899803195818158,0.02525823091978413
2008-03-03,-0.002584752147743674,,0.018518212054368245,0.018287276176791656
2008-03-04,-0.004014008320767926,,-0.0033710049326588277,-0.0019157598965454993
2008-03-05,0.006122750572679747,,-0.001984341641211385,-0.006057298725184646
2008-03-06,-0.02089213665758083,,0.016291811476673253,0.023433045887530167
2008-03-07,-0.010493800755333127,,-0.01442308401521153,-0.009010146843935375
2008-03-10,-0.013376979180331094,,0.020196478892168912,0.024499729536977634
2008-03-11,0.03574409608961138,,-0.021050453316857447,-0.054529205899038376
2008-03-12,-0.009544646868156925,,0.016747040243113444,0.014242876798576831
2008-03-13,0.002013462442916447,,0.008772726907639326,-0.0026147507152729284
2008-03-14,-0.01568882972611718,,0.02733247305493289,0.02820732499273796
2008-03-17,-0.010301179408580219,,0.008971409679296539,0.01627484521846713
2008-03-18,0.041349590671621694,,-0.03316005817276757,-0.04267701971801895
2008-03-19,-0.024963256115394294,,-0.004293074455042522,0.02614792140972497
2008-03-20,0.018328962633481716,,-0.034140713392441645,-0.03307793065407115
2008-03-24,0.019794340671087207,,-0.0023197737906701654,-0.02227616023261938
2008-03-25,0.0007710367073976432,,0.00811338706377198,-0.009163520844387452
2008-03-26,-0.012429216236146567,,0.0301178275443038,0.028068279912247144
2008-03-27,-0.003346551495553851,,-0.007125403973131083,0.030073690027899634
2008-03-28,-0.009758569317698362,,0.011772385602749937,0.013801420136648113
2008-03-31,0.0033042227445800876,,-0.002833410283533268,-0.014938362503286673
2008-04-01,0.03496584788971613,,-0.025150933754147346,-0.04263371213439839
2008-04-02,0.00046518648004245655,,-0.018255070565428445,-0.011140493528587037
2008-04-03,0.002293473751060704,,-0.002637728330247101,-0.021073827060825733
2008-04-04,-0.0012878765178426788,,0.011708117698530675,0.016995682613226447
2008-04-07,0.00031745762999779714,,-0.020488686264116963,-0.008601353569920579
2008-04-08,-0.0012155180919055653,,0.011047424431244478,-0.0032793354888262963
2008-04-09,-0.007429414321581285,,-0.0025629147253265813,0.014504640090142185
2008-04-10,0.001204703545573782,,0.012853285688947192,-0.00018499793284588735
2008-04-11,-0.019602548980121925,,0.00531865538937756,0.021224421845161233
2008-04-14,-0.003567007946676748,,0.006842636028892724,0.014178993669308337
2008-04-15,0.0021382173782673597,,0.004550394992941043,-0.009347942234545081
2008-04-16,0.026900614184328653,,-0.004588152367303155,-0.029638869034823098
2008-04-17,0.0012676488613783121,,-0.01677342241631886,-0.01677455577718485
2008-04-18,0.010240103743579532,,0.005152263202494026,-0.015020634078944241
2008-04-21,0.00031220542543297647,,0.011797854928241357,-0.0036734765592923322
2008-04-22,-0.004596224659122905,,0.017577871950367842,0.009586542848358415
2008-04-23,-0.0017885525948201364,,-0.010466916156163918,-0.004762162038947448
2008-04-24,0.0041629016254634,,-0.022495282831689188,-0.038859089088508936
2008-04-25,0.009060186220879896,,-0.01983321164142807,-0.00604057745150195
2008-04-28,2.1678777607725408e-05,,0.0009006660786906248,-0.008660439066619351
2008-04-29,-0.004133094904878676,,0.019431042495839747,0.011828559531621574
2008-04-30,-0.006089566101413979,,0.01100171546102775,0.007812317823272352
2008-05-01,0.020492298787621932,,-0.02150828229392997,-0.02342583992031958
2008-05-02,0.002569803583725161,,-0.0071052649479035,-0.0004466208283128827
2008-05-05,-0.00499861273246327,,0.014688705542247205,0.00010343132325311109
2008-05-06,0.00846892672376276,,0.013512201057326622,-0.006137421797599285
2008-05-07,-0.018003991030458133,,0.009450969418697608,0.013932026373611418
2008-05-08,-0.002774010011866168,,0.014806596563138142,-0.0019127602472289284
2008-05-09,-0.00206248043927304,,-0.012013237634417195,-0.0028616288191447015
2008-05-12,0.011038008386689002,,-0.00810070931887621,-0.012111610733424717
2008-05-13,-5.15769247220188e-05,,0.009863019782178451,0.01269633056295245
2008-05-14,0.0018708614607536589,,-0.0030764856242956103,-0.016022548075006096
2008-05-15,0.012309011989886764,,-0.012942011084356353,-0.011293862841299407
2008-05-16,0.0007184766029633138,,0.007869162021718869,0.00626672806916675
2008-05-19,0.002540271991339882,,0.002351384245968158,0.006221293914509485
2008-05-20,-0.00830263957448929,,0.019609623365554496,0.01925034548616117
2008-05-21,-0.017107625018382255,,0.016952239514076286,0.011486889439107452
2008-05-22,-5.097122443720181e-05,,-0.002695628375396719,-0.004757843582857779
2008-05-23,-0.013597641036612984,,0.0020978487091642614,0.01328848070122447
2008-05-27,0.0072168813063211434,,0.009065508800163803,-0.00623194463757264
2008-05-28,0.004422317968248324,,0.008506816984970843,-0.008776497208656031
2008-05-29,0.004831507041054284,,0.0004188799811851267,-0.005512494419885605
2008-05-30,0.002306185062110888,,0.007248924761272968,-0.004037676029521075
2008-06-02,-0.010525345650542195,,0.002624668229194693,-0.003448391960249042
2008-06-03,-0.006024770096459631,,-0.0010566185435127774,-0.0033510326348215823
2008-06-04,-0.000700354615836507,,-0.019707736155871902,-0.004206894917856475
2008-06-05,0.019803198641937136,,-0.008709754537839065,-0.019612046412060068
2008-06-06,-0.03208773585637881,,0.012567764797513412,0.02419955282528897
2008-06-09,0.0022282261396882053,,0.01539803089570857,0.02227437231797731
2008-06-10,-0.005171063542906085,,-0.0037983843501832038,0.003035770958230977
2008-06-11,-0.0149060528802335,,0.009177550172468775,0.02589411170130644
2008-06-12,0.0036142990300482847,,-0.015030525899740854,-0.019846685107625394
2008-06-13,0.01244999562422966,,-0.007140210499172916,-0.022055259786922146
2008-06-16,0.00039445047295849633,,-0.00017661278327456634,-0.02497852938322551
2008-06-17,-0.0050384568746423275,,0.016215465118632998,0.007602167145629956
2008-06-18,-0.009930377853497485,,0.008551082876990178,-0.0049377594961224625
2008-06-19,0.0010727746645111669,,-0.00033256604203717524,-0.00255464941116974
2008-06-20,-0.01642531401056091,,0.014142364151176258,0.010028757788840704
2008-06-23,-0.001181883586059418,,0.016769664572313592,0.018335301974516917
2008-06-24,-0.0021710430321199015,,-0.012770448656674515,-0.022724640085063197
2008-06-25,0.004531926246984286,,-0.009189417407230836,-0.0001670402107304624
2008-06-26,-0.02735418969561587,,0.011412617698702453,0.025669065386628696
2008-06-27,-0.005652049810443094,,0.019063816504262664,0.00011745270279864793
2008-06-30,0.0033347248198272172,,0.0014518803009603508,0.00471382720160426
2008-07-01,0.0029320909683783203,,-0.005274403065947064,-0.008628545419665144
2008-07-02,-0.017330332466302334,,-0.011298107603120843,0.01711307885980363
2008-07-03,0.0008365796043752205,,9.831463566916179e-05,0.02014328911670412
2008-07-07,-0.010406538667281806,,0.012325172209248768,0.006979719503359671
2008-07-08,0.017563454631843722,,-0.01181372578320343,-0.02810276337543542
2008-07-09,-0.01944885992062284,,0.010019077793853179,0.0267304880040101
2008-07-10,0.0038934794721625643,,0.011512600234385984,0.004976719161462551
2008-07-11,-0.011845488936574111,,0.014149126217614239,0.006692298089757442
2008-07-14,-0.009238042335882102,,0.016072791287941923,0.019355786154110075
2008-07-15,-0.014290549242629735,,0.010170048734129356,0.015900203343817688
2008-07-16,0.02435396914609189,,-0.03989711776151026,-0.043769457381231586
2008-07-17,0.009809751523284893,,-0.021854717306249893,-0.05202848483265922
2008-07-18,0.006036267599955014,,-0.01600837605415941,0.004772000621464068
2008-07-21,0.0003619010097464237,,0.006879852058559987,0.017958164381074927
2008-07-22,0.01115121165285049,,0.022293144541795595,0.0083988493542539
2008-07-23,0.005219030733124352,,-0.010985655545875517,-0.0037857220985556108
2008-07-24,-0.020947343453715517,,0.02350558925194918,0.040764737921317996
2008-07-25,-0.0004327639208503431,,0.01368824983873652,-0.00856053609881371
2008-07-28,-0.01485736738402299,,0.011180822376817709,0.0323948203626378
2008-07-29,0.021158869173291572,,-0.01669954742152681,-0.02970235811995116
2008-07-30,0.01762412076283515,,-0.00479347225361185,-0.015066462436907312
2008-07-31,-0.013420622018660566,,-0.021608636886139322,0.016690423354744435
2008-08-01,-0.00547599107976926,,-0.013717385879874788,-0.001581773440938061
2008-08-04,-0.009467664028105172,,-0.011503961079653556,0.01814535731217688
2008-08-05,0.026768451112304303,,-0.01653142201446516,-0.021317189057224593
2008-08-06,0.0042471237978818355,,-0.008914318724123838,0.0016291534045745348
2008-08-07,-0.015085455878385168,,-0.011379807130895259,0.011265194211093598
2008-08-08,0.018387373420281072,,-0.007274205123367097,-0.016494657551600424
2008-08-11,0.010164240668883329,,-0.025693511692169137,-0.01821612566196079
2008-08-12,-0.01059809860537475,,0.016754427868313094,0.03836424975896602
2008-08-13,-0.006223816446364494,,0.023089431512180156,0.008725748870885931
2008-08-14,0.007350835243721265,,-0.013360670212306214,-0.022461050397081586
2008-08-15,0.004669814543952544,,-0.005449026528794098,-0.002534931743235302
2008-08-18,-0.013867971221649844,,0.010647219551750686,0.01733358601822288
2008-08-19,-0.011098098596835082,,0.01648797182169125,0.020550696406290748
2008-08-20,0.004452456923614845,,0.0068968469770458556,-0.008527759035372806
2008-08-21,0.0015310351467316963,,-0.002789787021342793,0.005601878559944262
2008-08-22,0.014281746713572518,,-0.013852744942139915,-0.009427238503895808
2008-08-25,-0.020478612835028498,,0.002396238435509214,0.014193817423217113
2008-08-26,0.0027190056872106183,,0.004832062412225646,0.003478782807902803
2008-08-27,0.009540075808726511,,-0.001970832289148917,-0.008480459909535477
2008-08-28,0.01193441645954385,,-0.009679882401840256,-0.014250706680425284
2008-08-29,-0.0109470903768224,,0.005300189869597903,-0.0032451627012133003
2008-09-02,-0.00640559062964019,,-0.018697838531842658,0.001548087758804861
2008-09-03,-0.0010528282268402744,,-0.00726974300703035,0.001012214007330148
2008-09-04,-0.03029978693588231,,-0.0008262728586504106,0.02929495484737249
2008-09-05,0.0029504029782805308,,-0.0026946418379034,-0.008266069000816834
2008-09-08,0.020462256801081713,,-0.01931116186835423,-0.00882081996516472
2008-09-09,-0.029881003407674522,,0.008687152829092673,0.03584973394746123
2008-09-10,0.003864132343662341,,0.0038895533472195643,-0.014447249662726924
2008-09-11,0.014274701041485649,,0.02395865535957591,-0.009401333005159773
2008-09-12,0.004427643849785667,,-0.008429018427802238,0.0024018893209127533
2008-09-15,-0.047778945713227605,,0.02595573989908443,0.05844090340262643
2008-09-16,0.01654400755119556,,0.021198275418214053,0.0004461569192211077
2008-09-17,-0.04515705751708554,,0.030481754638004503,0.07643833710716202
2008-09-18,0.029478199317533926,,-0.02424866498860958,-0.05523269964152617
2008-09-19,0.03952007067929264,,-0.06395714734075969,-0.09185192675050642
2008-09-22,-0.022833024104834676,,0.00027524691142704477,0.049810529297924795
2008-09-23,-0.022945255184878777,,0.012995176582172696,0.003931062898723636
2008-09-24,0.0030117881969380367,,-0.0063133055477260554,0.009271597671865906
2008-09-25,0.015445961208055303,,-0.021383242037008355,-0.011597194475287086
2008-09-26,0.00030290942720889724,,0.003959131058124765,-0.004955811492378747
2008-09-29,-0.07855530352520912,,0.02073600619420632,0.09626951895722785
2008-09-30,0.04119648542796628,,-0.02294204979010467,-0.05696350638610051
2008-10-01,0.000409820857076193,,-0.02723507901651924,-0.014729522408924023
2008-10-02,-0.03646773129028502,,0.021467355922778875,0.03458408397697746
2008-10-03,-0.013694157212427172,,-0.0072575634972679385,0.013686154436009103
2008-10-06,-0.05112732540168774,,0.0017622675344373326,0.0012877594448406846
2008-10-07,-0.0449791308212073,,0.05858303963851793,0.07027692764516288
2008-10-08,-0.025386552555347386,,0.02206740636704826,0.00632221640239522
2008-10-09,-0.07003274995549236,,0.04052816000055312,0.025697368569062587
2008-10-10,-0.024449336914364017,,0.03408208328008813,0.045535590424194056
2008-10-13,0.14500450884923155,,-0.17333594378012487,-0.1304208769669898
2008-10-14,-0.014994409893571592,,-0.04747121000264163,-0.04418631139872724
2008-10-15,-0.09864088099643797,,0.0336434663105183,0.06175891688577316
2008-10-16,0.04146319682245059,,0.008869072491256357,0.004137122486629976
2008-10-17,-0.00616498415693334,,0.011605471631609465,0.0034475160096826274
2008-10-20,0.059885179958394374,,-0.03534669911207631,-0.03688652733524018
2008-10-21,-0.030048710672340384,,-0.0041745220246942275,0.0072187801225915265
2008-10-22,-0.05464769398601521,,0.005926620018291973,0.01082023727663077
2008-10-23,0.01139041595249024,,0.008626008338690894,0.03637770324457361
2008-10-24,-0.05090764054571806,,0.02727293503204714,0.01777562309929305
2008-10-27,-0.035695139643837415,,0.024212168177026948,0.039547407776407514
2008-10-28,0.11666152552149933,,-0.05054957736666344,-0.05266133326727292
2008-10-29,-0.007446119416605779,,-0.0018950026945904642,-0.00259834987223132
2008-10-30,0.03440075993154412,,-0.037569054252470466,-0.03579164956725335
2008-10-31,0.005310417405510304,,-0.027715523094184367,-0.01929641272170569
2008-11-03,0.0026973637219216418,,-0.01224571034730978,-0.002478729590334105
2008-11-04,0.03378838468030332,,-0.04293333607787493,-0.04677193732883578
2008-11-05,-0.0422214284383281,,0.027800892994041523,0.042048339228120964
2008-11-06,-0.05560467445742612,,0.05191591831885679,0.05012456634460742
2008-11-07,0.032824114668851934,,-0.008459231458588547,0.0037219094765766694
2008-11-10,-0.013298415196560498,,0.03493378944307628,0.04244214995799833
2008-11-11,-0.03106920376311939,,0.029096594843230884,0.019261393220961688
2008-11-12,-0.044194667924172815,,0.06906764948789132,0.07856570541441209
2008-11-13,0.062146591784170147,,-0.02276582207020439,-0.03944696471320237
2008-11-14,-0.05010061880571359,,0.04354680271217988,0.04779667196671446
2008-11-17,-0.01346998561409063,,0.021998105692481538,0.03588019296491933
2008-11-18,0.01864346416149365,,0.011937549545990977,0.021593774729944337
2008-11-19,-0.06427319610944793,,0.050338287527305,0.07746457129728543
2008-11-20,-0.07442668183177681,,0.025118394987654544,0.04163320129248147
2008-11-21,0.05374938841638599,,-0.0594645403456914,-0.04945470333703906
2008-11-24,0.0690974995676541,,-0.10297090146206708,-0.14611436866925456
2008-11-25,0.007215042711852027,,-0.01339259141905873,-0.041351917669045515
2008-11-26,0.038447771716835444,,-0.04008444151071948,-0.047698900696724195
2008-11-28,0.012394931616718896,,-0.033629949748397295,-0.020505063232403677
2008-12-01,-0.08877181184676075,,0.05990230077780565,0.11096613095615959
2008-12-02,0.03829203593020969,,-0.009994586980940433,-0.022078062384210118
2008-12-03,0.023847290557461154,,-0.020517917351447958,-0.0332057621508556
2008-12-04,-0.023326902918037518,,0.012823068163905584,-0.0014619257069553339
2008-12-05,0.03063836988012847,,-0.022974586649560803,-0.03744858835259143
2008-12-08,0.03472071722308634,,-0.04062295348255492,-0.05757290617245328
2008-12-09,-0.016677450680565142,,-0.0134655200928007,-0.004707409027644473
2008-12-10,0.006622236235556134,,0.015309593934991494,0.005613128885376373
2008-12-11,-0.02427493976006978,,0.03774146519154584,0.059117086146898465
2008-12-12,0.011745897563478325,,-0.025229484148798432,-0.022785758646129785
2008-12-15,-0.014127847046265574,,0.03012276056211295,0.034783538992390894
2008-12-16,0.04687199931902608,,-0.04955212961468176,-0.058901524486154884
2008-12-17,-0.009880263538255218,,-0.01679131172461519,-0.019575780938021273
2008-12-18,-0.018876469335726287,,-0.007883035449739261,0.009721947192670577
2008-12-19,-0.004495979651530035,,-0.013939614910416499,-0.0185841026468236
2008-12-22,-0.013006475196100986,,0.02953267678705033,0.04498077724511325
2008-12-23,-0.010531448208383032,,0.02771369038482533,0.025370465366936944
2008-12-24,0.00560927724784821,,-0.011641951614907376,-0.008332297057226146
2008-12-26,0.005576521968531312,,-0.0052556974711100764,-0.01108185106887496
2008-12-29,-0.0030622749252008363,,0.006372782174342995,0.0017932381367631641
2008-12-30,0.023509044341729846,,-0.02204715693991738,-0.01464783186816988
2008-12-31,0.014081345234320697,,-0.015073684710396962,-0.03368872914845292
2009-01-02,0.02994778476819726,,-0.030180967472773743,-0.02233723858094344
2009-01-05,-0.0013770846963014893,,-0.022783218054921305,-0.02387734590357745
2009-01-06,0.006483606518247642,,-0.05549393506041938,-0.04387254317173814
2009-01-07,-0.03014909641026986,,0.029633781737755636,0.04649684444643806
2009-01-08,0.0038870708009786092,,-0.003051199714781394,-0.004903521301200208
2009-01-09,-0.021613137118575154,,-0.012321236780584421,0.009467725552761163
2009-01-12,-0.02421433740725143,,0.0028844959818934875,0.039122458043865285
2009-01-13,0.0016462700004902242,,0.012379014299942613,-0.004477622337445708
2009-01-14,-0.03164707786871013,,0.028408806315465565,0.037377780028397534
2009-01-15,0.00016130331218366933,,-0.004824932236797608,0.006758962127051949
2009-01-16,0.007625775130142509,,-0.004720862763869194,0.014770702016683911
2009-01-20,-0.05297938116858392,,0.048473698046744076,0.0825422701344134
2009-01-21,0.04299865425009819,,-0.0932606279295411,-0.10726364450260951
2009-01-22,-0.01566037177369528,,0.007235664386426557,0.01606025348010257
2009-01-23,0.00415648011851788,,-0.0257678940132542,-0.038776479358995565
2009-01-26,0.006664563612668539,,0.02753935469350531,0.028414294391573315
2009-01-27,0.009963966363830234,,-0.05032724205392325,-0.02603914995571399
2009-01-28,0.033640898044581924,,-0.06316590122387511,-0.058095209504332126
2009-01-29,-0.032691765160472896,,0.043862203669403216,0.0497955640067037
2009-01-30,-0.02053650074133284,,0.005704230128065124,0.008874156377025268
2009-02-02,-0.003211604623149289,,-0.010890777501614556,-0.02472425351829857
2009-02-03,0.013853213035276424,,0.025952798092756822,0.035529511407673145
2009-02-04,-0.00508973634841503,,-0.0211014771002202,-0.04584762540590113
2009-02-05,0.014687141812982807,,-0.008059589064237316,-0.017116945408442955
2009-02-06,0.0283033747786543,,-0.013424320122373656,-0.03840189926426603
2009-02-09,0.001185607935457078,,-0.029934881150044324,-0.011291089330079506
2009-02-10,-0.0460028886319811,,0.0525579409701483,0.058950514310824445
2009-02-11,0.005702297083591823,,-0.021084336205920408,-0.035063840870772425
2009-02-12,0.0005235890113606256,,0.018435738894738728,0.00934861582813613
2009-02-13,-0.010951339169422258,,0.001765038999291979,0.012435515048263724
2009-02-17,-0.04296740740583682,,0.07351609569584666,0.0715779789753907
2009-02-18,-0.0025925210147327293,,0.002984234616797887,-0.005336106252719097
2009-02-19,-0.010948818377395697,,0.04880494294131541,0.05977863224170898
2009-02-20,-0.009914968517033107,,-0.002090407588511922,-0.007209238092121051
2009-02-23,-0.03597238151296822,,0.033481858336115944,0.027282754968552793
2009-02-24,0.037716719864280934,,-0.06447652803052539,-0.08559911802097209
2009-02-25,-0.008066194237536961,,-0.0002521055848303984,-0.00044276717243391106
2009-02-26,-0.01645509682043067,,-0.00794015739592907,-0.02140009047289275
2009-02-27,-0.02254258089345651,,0.03628880905186505,0.02446935372890062
2009-03-02,-0.045236126370212015,,0.05614159799698186,0.05752065512976418
2009-03-03,-0.007700899990887966,,-0.015384709298201526,-0.014780636513596802
2009-03-04,0.023497172992453796,,-0.012006997617993724,-0.007070908445867151
2009-03-05,-0.04104134230325618,,0.04240906380435358,0.049933599096910794
2009-03-06,0.0015505963314257354,,0.01964438838478406,0.03032833885357632
2009-03-09,-0.011946168476979602,,0.006204238659044558,-0.0035209443527465904
2009-03-10,0.05941600029373606,,-0.08518486800793013,-0.11356437723211121
2009-03-11,0.0063180627873393735,,-0.025722428497755787,-0.03767475157910036
2009-03-12,0.03917892387747579,,-0.059842020754442955,-0.08636012252447685
2009-03-13,0.007621063906327441,,-0.014343036606589865,-0.014508102547705915
2009-03-16,-0.0032165171835872863,,-0.012296677934243438,0.024074109735540836
2009-03-17,0.03038913970724666,,-0.008527732878006747,-0.023826945711898303
2009-03-18,0.022190652665856403,,-0.02744766292806092,-0.049394590015523314
2009-03-19,-0.01257946150845568,,0.007337627872196308,0.03965445358751077
2009-03-20,-0.021488102529844455,,0.045926598033982226,0.05292883098220236
2009-03-23,0.07163642984463503,,-0.096274830617278,-0.12142797111183556
2009-03-24,-0.01989711169803543,,-0.007849402687222739,0.0006699287675985509
2009-03-25,0.010351904839083437,,-0.05934332764655035,-0.06162211892918949
2009-03-26,0.020186706828585477,,-0.03281527850070517,-0.04172552260157997
2009-03-27,-0.018241678954232232,,0.022213805914401703,0.02724683598248857
2009-03-30,-0.034747969854291516,,0.07601764835587671,0.0848806698985942
2009-03-31,0.009070974958516054,,-0.015416190919323057,-0.041128387088410566
2009-04-01,0.019173259565385514,,-0.021497103636054494,-0.04161425876143652
2009-04-02,0.029043475440899025,,-0.04208006796180278,-0.03543300158949462
2009-04-03,0.009754887006072188,,-0.04071917105042418,-0.03268412665957197
2009-04-06,-0.008026692479100594,,0.013724986789561265,0.02207677661372318
2009-04-07,-0.02351883162452384,,0.005612824716452136,0.018498933440681542
2009-04-08,0.01058419865691751,,-0.01546594519464881,-0.02170456924955355
2009-04-09,0.039549293999944446,,-0.0911255671019557,-0.11514732546720204
2009-04-13,3.940527803414362e-05,,-0.02080407790760258,-0.046069850591917906
2009-04-14,-0.01743643884402657,,0.015638973737483595,0.06433663276091213
2009-04-15,0.010475346728407553,,-0.023111693659582176,-0.037053923571049155
2009-04-16,0.014469434395689262,,-0.03670367160641825,-0.02449117250267034
2009-04-17,0.006511699708412699,,-0.017209778559736412,-0.0117760883611569
2009-04-20,-0.0421092272180168,,0.06394964826528587,0.08829240914410125
2009-04-21,0.019343723564843485,,-0.036703165942945024,-0.04312801582982156
2009-04-22,-0.006306960865686162,,-0.009434015974387932,0.002497920346512683
2009-04-23,0.009624141145947895,,-0.03505108268406444,-0.027616991937675882
2009-04-24,0.014916928259994355,,-0.03279878045704482,-0.04297223705655922
2009-04-27,-0.009655702943261457,,0.03089171212103018,0.04070036781387619
2009-04-28,-0.0033387862208786867,,-0.0008747806143131311,0.0053569131111795955
2009-04-29,0.021075314045430282,,-0.038017739287319115,-0.03756950921559361
2009-04-30,0.00014969238608153468,,-0.03349160421446447,-0.02435562954725297
2009-05-01,0.005182536022397155,,-0.012433388043385885,0.004139906121187242
2009-05-04,0.033826251182646816,,-0.05141412329404241,-0.06193304124089038
2009-05-05,-0.0036046048642993656,,0.0013681911640195388,0.0035464594413341264
2009-05-06,0.017140689102520312,,-0.01985058605918307,-0.028099063182301487
2009-05-07,-0.014085907007198362,,-0.008133394118492522,0.011143032227539096
2009-05-08,0.023139707779769703,,-0.0516838213664728,-0.059053751371576244
2009-05-11,-0.018907295955641223,,0.02571074040710337,0.04725316494235686
2009-05-12,-0.003153039480701225,,0.03322792610036538,0.0345033757748678
2009-05-13,-0.02536676178355879,,0.028376072963569178,0.04965618524339395
2009-05-14,0.008376660766484356,,-0.03045873437342984,-0.04729962189055675
2009-05-15,-0.008355410025517873,,0.010072152205115446,0.010869833557880015
2009-05-18,0.028213669769131533,,-0.05022502299327582,-0.048191301954628375
2009-05-19,-0.0013993800833306258,,7.836824779403615e-05,0.0003154687908322627
2009-05-20,-0.006888877877037514,,0.015508833805767553,0.015954396715592654
2009-05-21,-0.014556170796594436,,0.015382467906853358,0.011069247549939078
2009-05-22,-0.0023231829152093875,,0.007683171506407904,0.015725734507848144
2009-05-26,0.025418800991016344,,-0.01267765660110436,-0.018589724790399158
2009-05-27,-0.01804715169033899,,-0.008209897314597047,0.002204831269581497
2009-05-28,0.013746135519044689,,-0.008233413103142462,-0.014818430136821182
2009-05-29,0.017514523399849935,,-0.018552907364758342,-0.018470926026876788
2009-06-01,0.024014781981612332,,-0.03021300880864948,0.00145994558511826
2009-06-02,0.0006503831278596994,,0.0017898079310579072,0.010151959621761786
2009-06-03,-0.01284512949150507,,0.015096335373780778,0.021424409030858894
2009-06-04,0.009202773125952968,,-0.02552914262973118,-0.03845876835663882
2009-06-05,1.785375924634458e-05,,0.00195922742297433,0.011216814917959561
2009-06-08,-0.004318184547582149,,0.008106219881156916,0.004924697869267946
2009-06-09,0.0049039209084902335,,-0.013441682366584728,-0.016775385020910683
2009-06-10,-0.0027299185300148077,,0.006017384289869731,0.01330517921418518
2009-06-11,0.0042560769736226245,,-0.004257827268226777,0.00885214629170622
2009-06-12,0.0025481321030120796,,0.007749390060285299,0.011529485093045355
2009-06-15,-0.023121465350897874,,0.006176539225930831,0.013279188614245162
2009-06-16,-0.013757056543224344,,0.016650735554540497,0.01257313492891645
2009-06-17,-0.001175379250034747,,0.012908801972541161,0.015209866723508082
2009-06-18,0.007124823011151804,,0.008980386120427009,-0.0034124021736478883
2009-06-19,0.0034922209814567395,,0.0015780539402614033,-0.008378836271375523
2009-06-22,-0.030180731959852047,,0.038031873354786895,0.05240279021000949
2009-06-23,0.000590951480017976,,-0.012914523708560588,-0.018969414571694355
2009-06-24,0.008423764173692172,,0.000586457874309676,-0.010177285815520876
2009-06-25,0.021555000993757956,,-0.019831989661001224,-0.01591295065135302
2009-06-26,-0.0027999210437320565,,-0.008767961133409764,-0.005509605618860813
2009-06-29,0.009170421953379249,,-0.003655623811346053,0.0004012789201697023
2009-06-30,-0.008284162473085166,,-0.002959064342237927,0.0020251840311569453
2009-07-01,0.003938932723773547,,0.0018973440580419493,0.005245058446829632
2009-07-02,-0.027486867634276435,,0.014288431168807101,0.02783900009515342
2009-07-06,-0.00030516716898987273,,-0.001934676033098848,-0.0037788660335788876
2009-07-07,-0.01956970991662632,,0.02264835885541163,0.01563122013466244
2009-07-08,-0.0008748596930807651,,0.005956041343861807,0.004815768852993785
2009-07-09,0.0017379715355561043,,-0.01196473624415415,-0.023440817428928774
2009-07-10,-0.0025753681829987496,,-0.0011000324549851666,-9.835167541853967e-05
2009-07-13,0.024135551515185538,,-0.019381763243952597,-0.030007758004432474
2009-07-14,0.005466802646223012,,-0.007433932433564572,-0.013162686650160004
2009-07-15,0.029053043818975555,,-0.042758901607598265,-0.043941648271655066
2009-07-16,-0.0018025732606264944,,-0.01577225544878976,-0.014710932460461977
2009-07-17,0.01076092984535415,,0.009422279509204967,0.0061073763004030335
2009-07-20,0.010430160087743667,,-0.016584514886897425,-0.019168502730019667
2009-07-21,0.004431716193630253,,0.00022286154502663144,0.008327042796555939
2009-07-22,-0.00040282698244775705,,-0.0055292032269674395,-0.014861933766858371
2009-07-23,0.021888781186181427,,-0.01138344384913018,-0.014111401256849853
2009-07-24,0.0039025580723048847,,-0.005607524059509017,-0.006995406343918299
2009-07-27,0.0027631145127424706,,-0.007417855253030581,0.0005195599601524048
2009-07-28,-0.00486988236074315,,0.009837257720222148,0.01307680359882819
2009-07-29,-0.0026461793618277607,,-0.001987480142325526,0.01155276411230971
2009-07-30,0.010252473342176494,,-0.021303643633788328,-0.01816912308687051
2009-07-31,0.0012249462341771267,,0.0023124338944450758,-0.015403215277509751
2009-08-03,0.016302260413807668,,-0.017400587234433558,-0.032769492268581786
2009-08-04,0.0023953993316110367,,-0.010057903863663231,-0.016011857394324102
2009-08-05,-0.003073475875604581,,-0.005314489704086711,-0.025099676379104884
2009-08-06,-0.005372720874096126,,0.02771884454798207,0.022371066532442082
2009-08-07,0.012921214772150025,,-0.0038424683871742023,-0.01661549989931379
2009-08-10,-0.0022691157592614752,,-0.007144153282446497,0.010876807339602635
2009-08-11,-0.012669885190290664,,0.009188215915591847,0.005088232716671226
2009-08-12,0.010535572143309802,,-0.002897462042305632,-0.00889202677859411
2009-08-13,0.007444802126174599,,0.0027181152220772447,-0.014333684930756896
2009-08-14,-0.007872985851453573,,0.0004453739296931148,0.01082958614488011
2009-08-17,-0.02479923478796764,,0.0037621678132049273,0.03034847055533051
2009-08-18,0.007740374704919839,,0.0010819413838584306,-0.019308726019720703
2009-08-19,0.008586490452524354,,0.0047508579011379505,0.01600536611632263
2009-08-20,0.010110246942431012,,0.0005940475980407041,-0.010259893089495754
2009-08-21,0.019412584541429245,,-0.015620880267467784,-0.02182228179160327
2009-08-24,-0.00029071173143624396,,-0.009607680327124724,0.009478103998272902
2009-08-25,0.0017486840061813336,,0.01047761444105154,-0.006779349615455721
2009-08-26,-9.622754187010862e-05,,0.004635303913976385,0.00195625313104425
2009-08-27,0.0020353088294307042,,-0.019146974283683157,-0.023628064438159832
2009-08-28,-0.0003868856522742936,,0.004959987045319203,-0.009311440177300956
2009-08-31,-0.009093176843551154,,0.009508521056142017,0.01756104209848458
2009-09-01,-0.02225106373031216,,-0.0006542637135682587,0.02712797690995068
2009-09-02,-0.0039859386634282234,,0.0020250179870726194,0.008115128289937944
2009-09-03,0.008121182587845999,,0.014694590014516194,-0.018513121859494875
2009-09-04,0.013815580920106818,,-0.004172403444732065,-0.016360028117091363
2009-09-08,0.008428828137224231,,0.006133328954261475,-0.010112416920282207
2009-09-09,0.007480629662893978,,-0.01484706089830533,-0.023689548473481592
2009-09-10,0.010025367216118575,,-0.006602790504051381,-0.007998422805336037
2009-09-11,-0.0003844207199915628,,-0.023936857947608768,-0.0022431828955611468
2009-09-14,0.004674025416104177,,0.001346903273288947,-0.00744359714737245
2009-09-15,0.0039856901789991905,,-0.0011298909735392593,-0.015576084569942016
2009-09-16,0.01494079033733664,,-0.013884666866344562,-0.03216640095032963
2009-09-17,-0.0016844512729949912,,-0.006980446957932474,0.018202486096572813
2009-09-18,0.0004438511604374362,,-0.002944640707042478,0.002438240021306836
2009-09-21,-0.0027237305201811557,,0.008453731093438156,0.010726843994997891
2009-09-22,0.00563096559470555,,-0.002665381557424018,-0.01739428740720751
2009-09-23,-0.008506230177154017,,0.005156120539565067,0.012986129154128402
2009-09-24,-0.011212673192605549,,0.0014658378177309084,0.0273693470206136
2009-09-25,-0.005526405555048908,,-0.01850038902730976,0.013179240703328965
2009-09-28,0.0177095041680968,,0.002972981683846944,-0.020127435183584584
2009-09-29,-0.0032037432596178084,,-0.0134410192075314,-0.0022656049162324333
2009-09-30,-0.004061151407902197,,0.014402607664490908,0.005747816859635324
2009-10-01,-0.025006453633524495,,-0.008266173496860582,0.034316862622400884
2009-10-02,-0.0048551949583969245,,0.0106307384785869,0.018650947355484882
2009-10-05,0.014734933708845821,,0.0009214364540346097,-0.03886936610843854
2009-10-06,0.014130494493653556,,0.008807326280482265,-0.002035139564884104
2009-10-07,0.0025546589844949175,,0.011475015101624608,-0.010724774372244039
2009-10-08,0.007462187212562865,,-0.0019291126036735107,-0.010118105828202462
2009-10-09,0.0059033479114711795,,0.01921651859035359,-0.000278607985469026
2009-10-12,0.003722171462443802,,0.007161383679342137,-0.00563059761419572
2009-10-13,-0.0022361462169918633,,0.0008598353876554388,0.0006735450206556861
2009-10-14,0.0170218011173644,,0.0037935219039955236,-0.015307211648275986
2009-10-15,0.003465194692102047,,-0.014338452253312328,0.011686004834906207
2009-10-16,-0.00766766110753736,,-0.01649475682827569,0.02064559277018363
2009-10-19,0.008071873696857912,,0.012408397456367104,-0.0037803377099510753
2009-10-20,-0.005476682510539788,,0.011007351740352623,0.013047188194501846
2009-10-21,-0.009167200026862221,,-0.002661702781877851,0.008529918628288835
2009-10-22,0.009969803599173321,,-0.0004087077936524054,-0.011291060838669187
2009-10-23,-0.011626488190756401,,-0.0046783422276148855,0.003786061492150262
2009-10-26,-0.01101914981537222,,-0.006142344660433409,0.01313627064057632
2009-10-27,-0.004776652597764164,,-0.005280382911183025,0.01881490948953981
2009-10-28,-0.019081331900703158,,-0.025645757381300625,0.03219879289812553
2009-10-29,0.021260146089928433,,0.013939698473252226,-0.03428827041066913
2009-10-30,-0.02916678271904727,,-0.020552165105729815,0.03492251020392344
2009-11-02,0.007144749176522414,,0.0005704350767035456,-0.0003494985512025317
2009-11-03,0.0029701535454897954,,-0.005482385731938922,-0.01134647559541494
2009-11-04,0.0023861223765633266,,9.066459011719541e-05,0.004263217517330586
2009-11-05,0.018201491086285326,,0.011222383329127186,-0.011006285458624554
2009-11-06,0.0024269847435822722,,-0.011934341041755614,0.0027890314230108572
2009-11-09,0.022582510123331012,,0.011228752442265066,-0.030575861733058398
2009-11-10,-1.1278127080016631e-05,,-0.00021214187329665624,0.012610731190704627
2009-11-11,0.004916088284950382,,0.0011336379977437312,-0.007730001600507341
2009-11-12,-0.010361301719992055,,-0.00724800171240989,-0.003027351658010125
2009-11-13,0.0052174987049282695,,-0.00061928236727139,0.0013485199983447659
2009-11-16,0.01431102790781269,,0.0028314016265865386,-0.013247807453477289
2009-11-17,0.0009754749078558778,,-0.003445894577865383,-0.003511678946383123
2009-11-18,-0.000822179363640152,,-0.00910283015355201,0.01033082418552157
2009-11-19,-0.013224755345821015,,-0.019992193005394055,0.017285249512567647
2009-11-20,-0.0037454307679196663,,-0.011881543784196001,-0.001188059072875325
2009-11-23,0.012508288043124205,,0.010145334300762464,-0.007651765454964987
2009-11-24,0.0013410155162725257,,-0.00885393167423092,0.013821804265085025
2009-11-25,0.003319617863327018,,-0.0007727706352655189,-0.009532912573871422
2009-11-27,-0.016443757273939874,,-0.009616184188242928,0.01621494276435589
2009-11-30,0.0031829840014638844,,0.013359654357108475,-0.006792288812526593
2009-12-01,0.012176662131121452,,-0.000552659306307747,-0.0022680976503567027
2009-12-02,-0.000642610264224186,,-0.0005524107804724899,-0.002992949886514995
2009-12-03,-0.008014025191236507,,0.0025485659715205004,0.01640760725980689
2009-12-04,0.00551371952001678,,0.007803655771119045,-0.010167732300940046
2009-12-07,-0.001725279288543824,,-0.008970439669077434,-0.011544381679653538
2009-12-08,-0.011290475939080835,,0.0013723704760526863,-0.0009262902438528448
2009-12-09,0.0035474503532941792,,0.018720949180888413,-0.0110443787918735
2009-12-10,0.0054414028094695865,,-0.0019720261896762348,-0.0038865618140411337
2009-12-11,0.004054295740359981,,-0.014712293221226191,-0.00664109113475383
2009-12-14,0.00664637981674332,,0.017719807171146573,-0.016427613196827073
2009-12-15,-0.00484218706252737,,-0.008034701467817729,0.0011087350293278678
2009-12-16,0.0013337110487303683,,0.013921228467039526,-0.010691952108666402
2009-12-17,-0.012209772946954467,,-0.00103890112263234,0.020349367664817618
2009-12-18,0.005464192647583355,,0.011359770464615426,-0.00937053050199449
2009-12-21,0.009968348204252964,,0.013197199009800643,-0.006488386912957456
2009-12-22,0.00339949871048173,,0.015207638637589815,-0.011508614741969592
2009-12-23,0.0017753779229532363,,0.004108835601713268,-0.00905308997187657
2009-12-24,0.004540783963746575,,0.010368737832044629,-0.007820974261243997
2009-12-28,0.0019403862938396355,,-0.014418952291069154,0.0034191128524205697
2009-12-29,-0.0016133392821381376,,0.0030340715330885223,-0.003337206746808807
2009-12-30,-0.0005495618309617756,,0.006374751297319025,-0.0014287317291820979
2009-12-31,-0.00979138938500923,,0.0011508115948882349,0.0009217221933306204
2010-01-04,0.016766200584073188,,0.006251873719017784,-0.022171814174273077
2010-01-05,0.002453071530066131,,0.012210441386401084,-0.01676818263292912
2010-01-06,0.0005106295017887064,,0.009972589622067828,-0.00014721107151935973
2010-01-07,0.004027697096222305,,-0.008174089491155079,-0.005494149262346127
2010-01-08,0.0031342134181846504,,0.005422434920504404,0.004274877953394596
2010-01-11,0.0012030650187391245,,-0.018048204337028216,0.010180465289044583
2010-01-12,-0.009520163410038807,,-0.008324623666788968,0.026376260095626134
2010-01-13,0.008252918604594095,,0.0080635125493273,-0.003886029299506821
2010-01-14,0.0025107788526639307,,0.007940718124670698,-0.004290152088319454
2010-01-15,-0.011418120120933573,,-0.024131510412424062,0.014927954881625826
2010-01-19,0.01230228536104816,,0.0012959755022664658,-0.010579292644316984
2010-01-20,-0.010362088376172696,,0.0018882292518771389,0.007137709459596931
2010-01-21,-0.019422846175429442,,-0.018038147069717347,0.01928414697496139
2010-01-22,-0.0224858237635156,,-0.05015896947479784,0.04249052233238908
2010-01-25,0.004934400846881015,,-0.002091362028716248,0.0028107152294394645
2010-01-26,-0.004384032228189505,,-0.004658674578113652,0.003376730292441621
2010-01-27,0.004563193323382286,,0.015201723983368432,-0.011729052560026121
2010-01-28,-0.011666239717209148,,-0.013224242056463643,0.022281908305263033
2010-01-29,-0.011061740341287929,,-0.014358372379795991,0.021323872983144854
2010-02-01,0.015357034597412111,,0.01173297866747933,-0.03520145271820703
2010-02-02,0.01190993241575744,,-0.001609787089897197,0.010919674083850962
2010-02-03,-0.00517654105532539,,-0.009262959394480264,-0.0027681598894681134
2010-02-04,-0.031059264449740498,,-0.028747139601507023,0.03111906978724216
2010-02-05,0.0018731398427977997,,0.0021380932125155683,-0.015925089398667824
2010-02-08,-0.0074132218656922655,,-0.0045583330943464555,0.0043346532880677024
2010-02-09,0.012366888608416504,,0.011215326450317331,-0.014933832222747932
2010-02-10,-0.002152308997807606,,0.008259826821497796,0.00618520290021064
2010-02-11,0.01027299662880865,,-0.0026609251928914387,-0.00844707282060767
2010-02-12,-0.001026269580054029,,-0.0073438632985925335,0.0002499128389953475
2010-02-16,0.015541383433591793,,0.018022459251782173,-0.0221785788801067
2010-02-17,0.00454483491293356,,-0.0021983148517478847,0.0004697329438470674
2010-02-18,0.005701378238941235,,-0.0005119216942937269,-0.0009328267797361406
2010-02-19,0.0018798967554174428,,0.00033241538978628915,0.00011857407739942482
2010-02-22,-1.3620899899535743e-05,,0.008083711354937528,0.002639265441375038
2010-02-23,-0.012337723736393635,,-0.01284101364327883,0.024197286681711103
2010-02-24,0.00900392563736041,,0.009836643350208073,-0.0018095731595665241
2010-02-25,-0.001547461957480234,,-0.008745812590270952,-0.004512707604855582
2010-02-26,0.0004387553533968802,,0.008737765669046504,0.0034047022440235053
2010-03-01,0.010191400116538407,,0.02194465798490511,-0.013818944596826189
2010-03-02,0.0025769468825513897,,-0.011055299600419788,-0.013830325481531026
2010-03-03,0.0006978229206180409,,-0.0019413952178407468,-0.0037958478993040945
2010-03-04,0.002833646667239842,,0.003229714031371911,0.0024640809133153587
2010-03-05,0.014099857806704419,,0.010266831602141768,-0.0010204769822256265
2010-03-08,-1.8521018374517695e-05,,-0.0023489600081148306,-0.00486053302907944
2010-03-09,0.0014692157975033648,,-0.004424766423460846,0.0075372480093098045
2010-03-10,0.0042619051924466245,,0.009600759476507415,-0.011156355844631016
2010-03-11,0.003981166615530496,,0.0009072146799268374,-0.003029563219165543
2010-03-12,-0.00010667587897272846,,0.006627924885862724,-0.0015090403853727286
2010-03-15,6.614820520156606e-05,,-0.00025598867815758127,0.010300970349902027
2010-03-16,0.0077724409722930154,,0.0038546987912718832,-0.021645046370649346
2010-03-17,0.005733837247476448,,0.0064996739444880165,-0.00414225168037492
2010-03-18,-0.000706435215687029,,-0.0037590875698746413,0.0006964612785014701
2010-03-19,-0.0052550436057050565,,-0.017038861358485258,0.016181758411138003
2010-03-22,0.005152598811911435,,0.01653551424646892,-0.019512700268769455
2010-03-23,0.006839106031952813,,0.012444326515044114,-0.016389762624011418
2010-03-24,-0.005048183388470795,,-0.0035872904628027943,0.01022807971722044
2010-03-25,-0.0018195053651545168,,0.0018381189568214217,-0.005116923721811694
2010-03-26,-0.000794104042767585,,-0.0012883465530182047,0.002684322074211354
2010-03-29,0.006153904640517238,,-0.0017335076013932135,-0.0015040448204402092
2010-03-30,0.0004884581913677799,,0.0015447472924751127,-0.008109212825916867
2010-03-31,-0.003600882150939677,,-0.011059019591766306,0.007190333713177089
2010-04-01,0.006644257909378171,,-0.007175939498941463,-0.004737461113383867
2010-04-05,0.007955572744218209,,0.014518815072402179,-0.023152584349948168
2010-04-06,0.0021643040439482952,,0.0028419189512008947,-0.0007318137454173867
2010-04-07,-0.005905900254991159,,-0.0036538145010044593,-0.004185378999656109
2010-04-08,0.0032701091676314853,,0.005385604131899312,-4.0443643280718656e-05
2010-04-09,0.0063739989672715325,,0.00147271788914326,-0.0005306376435532554
2010-04-12,0.0013951323346641509,,0.0036347933514627394,-0.007474536491672001
2010-04-13,0.0005583383100471462,,-0.005049531726120415,0.001657730613644015
2010-04-14,0.011155506322181985,,0.01982071034502796,-0.02040461500283357
2010-04-15,0.0006315015612117225,,0.00031346910685601246,0.0012993892610635883
2010-04-16,-0.016105751433525883,,-0.01789335180128595,0.013292798845235454
2010-04-19,0.0035762209853438254,,-0.009326303496926404,0.010265040446723018
2010-04-20,0.008737368054724026,,-0.0038763778224570338,-0.005158641317982859
2010-04-21,-0.002013711039843602,,0.019198433244481138,-0.0035284150645431556
2010-04-22,0.002789960334473429,,0.02043424212959547,-0.005757166139702008
2010-04-23,0.00633417067477815,,0.021076432616194296,-0.013723662616856412
2010-04-26,-0.003969985884803906,,-0.0063089171462471835,0.006613827447269161
2010-04-27,-0.023844335784990678,,-0.02701637762541287,0.016348519525171978
2010-04-28,0.007402762663215601,,0.0054956849704123735,-0.007759946535710416
2010-04-29,0.012203682180975672,,0.0036845868599866497,-0.011920886541055997
2010-04-30,-0.017155614343809744,,-0.02795818811024199,0.035214109376771635
2010-05-03,0.012768570913414656,,0.0158935240185948,-0.022820579007109265
2010-05-04,-0.023708476023982628,,-0.012846111750412927,0.015256318489810019
2010-05-05,-0.00615010327597032,,-0.015626752174190305,0.008102401112557566
2010-05-06,-0.033406762059384976,,-0.021171523194492423,0.01825661803398316
2010-05-07,-0.01506893405910159,,-0.009864218277512125,0.022054226852032056
2010-05-10,0.043847366531944765,,0.03946829781582726,-0.032284790716367695
2010-05-11,-0.003034773403954083,,-0.009425940695904755,-0.0018320408937345435
2010-05-12,0.013792475063454379,,0.01627166304690523,-0.022094473129027084
2010-05-13,-0.01262432907811839,,-0.014415970730889082,0.011945164394370454
2010-05-14,-0.018298494150627787,,-0.022291095435196896,0.02481798219433249
2010-05-17,0.00033289559225524457,,-0.00024800838329520555,-0.003191136897591429
2010-05-18,-0.01379596136975314,,-0.01079054006849962,0.021639815439151177
2010-05-19,-0.005887832691889416,,-0.012122060534577784,-0.004766085669903652
2010-05-20,-0.037952783202577445,,-0.010171045121922847,0.00943523431271506
2010-05-21,0.014405693272394604,,0.006516044417495459,-0.016288057407997592
2010-05-24,-0.013024986363783464,,-0.006025276800447076,0.0146496521438923
2010-05-25,0.0008276829488755855,,-0.0030476436785398793,-0.01476163406159936
2010-05-26,-0.006222249663341839,,0.003277409811329002,-3.1590668004300056e-05
2010-05-27,0.03330495600970074,,0.02624779468339744,-0.043197708532234376
2010-05-28,-0.012744029914730115,,-0.009880494876319644,0.014520768277585994
2010-06-01,-0.017016996335858958,,-0.014877559061544955,0.0323269700156348
2010-06-02,0.02584559961572741,,0.018728830584095087,-0.022673304044415366
2010-06-03,0.003250634457783841,,-0.003296217739495433,0.0012513049851043396
2010-06-04,-0.035330348861399186,,-0.025484258243146426,0.024689005065400456
2010-06-07,-0.012644811619337726,,-0.014675354015255136,0.028620370180910536
2010-06-08,0.010518375467904795,,0.005880039909462065,0.007130485840981892
2010-06-09,-0.005539848440265338,,0.011237082377304242,-0.0057502835252473015
2010-06-10,0.02903836784375957,,0.02658301124233777,-0.019138612634038824
2010-06-11,0.004661720079728315,,0.004294971627684052,-0.014971897557181868
2010-06-14,-0.0017434294949418838,,0.0005691647656946297,0.0014880171308936595
2010-06-15,0.02254380538459877,,0.016469769088270626,-0.02920443944032549
2010-06-16,-0.0005506017865819501,,0.0036585085308899587,-0.0028017358500146638
2010-06-17,0.0014140868276497631,,-0.00025736186178529894,0.003501789366055663
2010-06-18,0.0008905630911031359,,0.0013676355179533025,-0.004557879635254147
2010-06-21,-0.003057437779515282,,0.0027436242345000974,0.0003374743145891368
2010-06-22,-0.016709680253510828,,-0.011077224777159611,0.015876551381088885
2010-06-23,-0.003296167653019877,,0.012160259605863767,-0.014724223278277914
2010-06-24,-0.016764348175485666,,-0.005215812381629572,0.02492565316003793
2010-06-25,0.003995317774829754,,0.004178722467561557,-0.015939764488663487
2010-06-28,-0.0033456260141871974,,0.008241700265403407,0.004076708513312121
2010-06-29,-0.0310686275146711,,-0.02309592624895156,0.03784653729095036
2010-06-30,-0.009694007484022715,,-0.0036600197511320477,0.012971656840193913
2010-07-01,-0.00464952645272021,,-0.011613119620169355,-0.0006469310532729589
2010-07-02,-0.005643405028384674,,-0.008286065355596405,0.008232475150508544
2010-07-06,0.006361748006135315,,-0.0048011185116537455,0.00237080784090945
2010-07-07,0.03130263724344928,,0.025836010073267416,-0.029676425677956763
2010-07-08,0.009702240775413928,,-0.00015663037688392473,-0.008381054400900055
2010-07-09,0.007271592178337727,,0.006393478190922963,-0.012108261884969097
2010-07-12,0.0004548266132082812,,-0.004116064283960818,0.005914835699659681
2010-07-13,0.014894589366399869,,0.00508921319564859,-0.026716382456738377
2010-07-14,-0.0002849235524162719,,-0.0004349240440364333,0.004037125904360173
2010-07-15,8.027363661655684e-05,,-0.012060296824101056,0.0040942910854970815
2010-07-16,-0.027728425469122464,,-0.010401244827055282,0.032815300214394695
2010-07-19,0.00571276099718987,,-0.0083313049255622,-0.0004955199482923117
2010-07-20,0.010898134478445343,,0.004207650117542627,-0.012555126787497638
2010-07-21,-0.013191396211990725,,-0.016330792901033096,0.01304494558928605
2010-07-22,0.022128217171744735,,0.010714369929096558,-0.02482109194468759
2010-07-23,0.008485148849008528,,0.008817631346515786,-0.004277184474868778
2010-07-26,0.010222190116751406,,0.004841704346162901,-0.010378678482683812
2010-07-27,-0.000283096230862534,,-0.01067026914540301,0.015495658591955919
2010-07-28,-0.006648092738547495,,0.005359858364698288,0.012770957686021434
2010-07-29,-0.005066016649157068,,0.008325197754680446,-0.00028580272740438145
2010-07-30,-0.00037498983606198966,,0.005290198731929319,0.006168470191006669
2010-08-02,0.022386944995673064,,-0.007534986508594434,-0.01394290205758689
2010-08-03,-0.004982353383178095,,-0.00834740218861033,0.017103451816035422
2010-08-04,0.006489838060051989,,-0.0019089946760783797,0.0008560039184064008
2010-08-05,-0.0012562411166665566,,-0.011741555765316582,0.007612673173620265
2010-08-06,-0.0042695532549050785,,0.00279138849286491,0.010174486936640526
2010-08-09,0.0051447679883327435,,0.008674757862595583,-0.008781365004294373
2010-08-10,-0.005592374001255784,,0.006167955742055208,0.028340463762001923
2010-08-11,-0.027600400143917625,,-0.019741208236032204,0.012211114773162723
2010-08-12,-0.0063237347472403505,,-0.0014536518934571974,0.008113120075836056
2010-08-13,-0.003139349615530196,,0.002300107874712209,0.0031927981413172658
2010-08-16,-0.0006552238624436546,,0.00060822454953543,-0.0008285722847493959
2010-08-17,0.012091321526977117,,0.00800419799391866,-0.005295255336361026
2010-08-18,0.001631547744210371,,-0.0007319456137737765,-0.0033102387726111513
2010-08-19,-0.01759057352204485,,-0.008040798993712605,0.02061833891302217
2010-08-20,-0.0034380392505739543,,-0.00575338262132089,0.001527543234809958
2010-08-23,-0.004006265953575006,,-0.00384364035942345,0.00433348377413284
2010-08-24,-0.01503685891558093,,-0.003231970493439096,0.015775697494824905
2010-08-25,0.0036916451685711227,,-0.0008080477098362454,-0.004461950351851352
2010-08-26,-0.006895578605135233,,0.014590918125433295,0.0031282735105442327
2010-08-27,0.015296351822945642,,0.0027559556117518376,-0.019238938005147754
2010-08-30,-0.014698895269442791,,-0.001072614289875394,0.016299905818514107
2010-08-31,-0.00019363050654397362,,0.006989766738936776,0.00921622795269732
2010-09-01,0.029718160053864517,,-0.006716266050799079,-0.03163761756978682
2010-09-02,0.009118426400003266,,0.0026787336555799245,-0.012454294392225796
2010-09-03,0.01277795103061874,,-0.005376809804860126,-0.019075913297173775
2010-09-07,-0.011466073713257141,,0.002634469333744737,0.02520184851691819
2010-09-08,0.006829453937285068,,0.0025036397531369436,-0.0059143963994646945
2010-09-09,0.00442564011068991,,-0.02458278221043545,-0.0005855973089242458
2010-09-10,0.004855041040401575,,0.007598408764143572,0.006078163258532144
2010-09-13,0.010929621932942002,,-0.014186815726292356,-0.02694506884667335
2010-09-14,-0.000815063704273089,,-0.012604771816858373,-0.00500582488270368
2010-09-15,0.0036237284880098475,,-0.000686557622427308,-0.0015437841341344074
2010-09-16,-0.0004590471878838098,,-0.004296439752893266,-0.0025462171933199663
2010-09-17,0.00018031020019138033,,0.01675297810556616,0.0023745195346566383
2010-09-20,0.01509663729243238,,-0.005392491748709859,-0.015066775558344183
2010-09-21,-0.002207807403236006,,0.000692255276191156,0.0018275687484049729
2010-09-22,-0.005106596031249744,,0.011295229100475358,0.025679481564024262
2010-09-23,-0.008304945844313627,,-0.009267768230893736,-0.00011041705590282298
2010-09-24,0.02042818743973518,,-0.004101425402750082,-0.02577047168913238
2010-09-27,-0.00498322590844813,,0.007443256815243159,-0.006499070646059868
2010-09-28,0.0033065719167137964,,0.008415518569356538,-0.003415785057837628
2010-09-29,-0.001937627376103923,,-0.0010777548905538726,-0.010516074156530398
2010-09-30,-0.0031640978781563023,,-0.0006410431767016945,-0.0006169124452228724
2010-10-01,0.004012137290035467,,-0.007724815416992159,-0.005822426166138061
2010-10-04,-0.007697482288564816,,-0.006219645143796703,0.014183824434221948
2010-10-05,0.01993842477489194,,0.005713212457178197,-0.011338676839750806
2010-10-06,-0.0002800527323600921,,0.0029267747485859476,0.008321220965783882
2010-10-07,-0.0014001716796094854,,-0.019152246398663465,-0.017180039598253184
2010-10-08,0.0054151708204630555,,-0.00013782035206708673,-0.005299718519115593
2010-10-11,0.0007501680330719296,,-0.0037936830242801143,0.0020496340614123867
2010-10-12,0.0028925743074137422,,-0.013634502463383037,-0.0053632356950349515
2010-10-13,0.007583633610602991,,0.014952867760994238,-0.0027259537555149316
2010-10-14,-0.004094647030713494,,-0.0008044589085336,0.014214686383866493
2010-10-15,0.0018496794616817969,,-0.011918073622678427,-0.00994752407796622
2010-10-18,0.00473394963321172,,0.008033050083976014,0.0025113898228723563
2010-10-19,-0.013298242185633247,,-0.0007912503188436393,0.009256576817571438
2010-10-20,0.009573072096131341,,-0.005994044260143048,-0.011709746881692084
2010-10-21,0.0020119626910557464,,0.002936618616040121,0.006530516429991351
2010-10-22,0.0016687303763009975,,4.321191469944816e-05,-0.004540016019906179
2010-10-25,0.0027635925907096848,,0.005143983248012551,-0.01004757455655989
2010-10-26,-2.51688400640937e-05,,0.0005640477061120364,0.004074695456979971
2010-10-27,-0.003057336052549653,,-0.015040412278866534,-0.0069808357475003024
2010-10-28,-2.454320675404631e-05,,0.001547060780751952,0.000646582820987185
2010-10-29,0.0005661122041396016,,0.001996876919442336,0.001120597598065487
2010-11-01,0.000144145173828214,,0.001823792233558086,-0.0009604649398616051
2010-11-02,0.00773661341422871,,0.0002775622490307824,-0.004758469400483589
2010-11-03,0.0038243198874137185,,-0.005471540486833371,-0.00047178927589109883
2010-11-04,0.019064202937408625,,0.0044915533557345,-0.024175076455744928
2010-11-05,0.0035690729352459982,,-0.0035742122162596094,-0.015031239006179899
2010-11-08,-0.0020678887307234994,,0.0014826549801717492,-0.0012093190056610137
2010-11-09,-0.007377666705746244,,-0.005733325430437675,0.01812506679458128
2010-11-10,0.0038351657187147836,,-0.007669963909499167,-0.0021806121605077553
2010-11-11,-0.003960852227163358,,-0.0007168779202999416,0.006129022358422986
2010-11-12,-0.012031699719377675,,0.003726964669090515,0.006093460346655588
2010-11-15,-0.0016081883612055758,,-0.0009244682771943678,0.009728838346038694
2010-11-16,-0.015772785906633224,,-0.0030435000511910837,0.010350466854127095
2010-11-17,0.00031406406876688386,,0.014946512612073248,0.002786085244511427
2010-11-18,0.014524769266473392,,0.007198410377990759,-0.005220259355983459
2010-11-19,0.002557211020249195,,0.0016873637408497339,-0.009450836519837557
2010-11-22,-0.001024972693506765,,0.013249418667202417,0.007076603586552165
2010-11-23,-0.014670785423590016,,0.0072544444524519705,0.005692161629344628
2010-11-24,0.014580684939168753,,0.005993319176158751,-0.0158648864303919
2010-11-26,-0.01184079969705465,,0.0006115489122805462,0.0034611784539092753
2010-11-29,0.002836550664643056,,-0.0017394444978948488,-0.004799429037569114
2010-11-30,-0.0058164943270548886,,0.009470756114829991,0.006589514668816765
2010-12-01,0.021074328871571124,,0.0073865348085428335,-0.004228419896078205
2010-12-02,0.012614751986862016,,-0.003642732821628792,-0.01434626105451492
2010-12-03,0.002499266564196523,,0.005284320556121191,-0.0006952644695112809
2010-12-06,-0.0012513786160149865,,0.0008116570787636058,-0.008092255729207099
2010-12-07,0.000376813452057867,,0.006634062990540857,-0.0016656256459239185
2010-12-08,0.0034694726444943758,,-0.0064359174073649545,-0.00808157805742551
2010-12-09,0.003699980268256464,,-0.005119995771922725,-0.010164189449630467
2010-12-10,0.005624092827594573,,-0.00856749820496503,-0.007301514537682552
2010-12-13,0.0004490083075288087,,0.0008090939815734496,0.008160439259883866
2010-12-14,0.0006896427767211222,,-0.003112230018933693,0.012391381815547452
2010-12-15,-0.004765766532825455,,0.008736288629719258,0.01500324411864784
2010-12-16,0.005607828560451944,,0.011422383278158088,0.0010417338543450842
2010-12-17,0.0008775584194975483,,-0.003350785429748704,0.0027927598074132254
2010-12-20,0.0022201361179963186,,0.0010893155122809754,-0.01555457669190874
2010-12-21,0.006146873474888848,,-0.002158910982383488,-0.018332633985564027
2010-12-22,0.0029163076545097866,,-0.0016017535384364567,-0.00048376409785254575
2010-12-23,-0.0016243709970498177,,0.00019974911029867507,0.004374491488893073
2010-12-27,0.00020438014267565308,,-0.005100168100601798,-0.013775712936056329
2010-12-28,0.0012389090718203377,,0.0007564961418789374,0.0034795593513079147
2010-12-29,0.0005214951460130735,,0.0042471449334745,0.0052513081312689615
2010-12-30,-0.0017819460838606194,,0.0020873549045723806,0.0026646615261392893
2010-12-31,4.4979894110230845e-05,,-0.0067875124367064,-0.004835071594799301
2011-01-03,0.010144377927501447,,-0.0008907628818257234,-0.012064262907736413
2011-01-04,-0.0007447702191195615,,-0.008364938540610312,-0.004210371233502875
2011-01-05,0.0050043416273921615,,-0.011807796295193983,-0.01866373720834146
2011-01-06,-0.002152113618053897,,-0.014043155783130767,0.00265527143618135
2011-01-07,-0.00215650772880982,,-0.0019444424921912897,0.0030851821351410625
2011-01-10,-0.0014521375933449487,,0.012500613864266895,-0.002513446412388032
2011-01-11,0.003350405512895227,,-0.0043087261145034585,-0.0024183266507004975
2011-01-12,0.008830806023812476,,-0.01474204349285916,-0.010138985227303797
2011-01-13,-0.0018267516760408498,,0.001352753316987221,0.003804232264081431
2011-01-14,0.007050828249870911,,8.187160931740715e-05,-0.008859567329864239
2011-01-18,0.0015082484925577067,,0.005825570819201798,0.0025180179011289328
2011-01-19,-0.009998959109836614,,0.0017689993092912526,0.02732802081774375
2011-01-20,-0.0015192646290245193,,-0.015891998773616113,-0.007511273447156809
2011-01-21,0.0020703833139446015,,0.0009769759008543821,-0.0017332341214725045
2011-01-24,0.005493295000769338,,-0.00552608982082441,-0.007555493378985033
2011-01-25,0.00034852446978783647,,0.0023057410629452545,-0.0007284984037340459
2011-01-26,0.003677327820906351,,0.00755539600246542,-0.012310128551001298
2011-01-27,0.0022741958176173416,,0.001228982876318452,-0.019181508316972108
2011-01-28,-0.01765681511335293,,-0.007329015184279088,0.010598934531901928
2011-01-31,0.007322806744589405,,0.00824134690603251,-0.007343712053474538
2011-02-01,0.015815565957548294,,0.0071775356909042805,-0.010027419156858798
2011-02-02,-0.002105905137892772,,-0.018322831392648342,-0.004065537342043202
2011-02-03,0.002028261840705037,,0.0036542437896280866,0.0004984974713133413
2011-02-04,0.0026359571567022844,,0.0070627970561343515,-0.00373830232142891
2011-02-07,0.0060584818356195225,,0.004365148514556871,-0.007315521033459637
2011-02-08,0.004353025096487606,,0.0006937952795673776,-0.004429957451874511
2011-02-09,-0.0024565934224490826,,0.0066489128316974955,0.008940577055926402
2011-02-10,0.000184385415453292,,0.01936534081997774,0.0007988231225258715
2011-02-11,0.005776415607307683,,0.0141445156099675,0.0009892738729926024
2011-02-14,0.0022106460325601596,,0.005610972905477352,-0.013520517369825857
2011-02-15,-0.0033414492714721744,,-0.0008765570802954259,0.0004178542880244663
2011-02-16,0.006121887128233361,,0.003915255475717527,-0.0005844449947798424
2011-02-17,0.002794424688320696,,0.005336066240288784,0.00036946662559073085
2011-02-18,0.00189247136345716,,-0.00012157473012899258,0.003346391500558887
2011-02-22,-0.02026379159414149,,-0.02015430534436071,0.029891640860286957
2011-02-23,-0.006337822340886534,,-0.004222300342255835,0.019930889104841098
2011-02-24,-0.0008805049751843264,,0.006365368391681126,-0.014434492657973764
2011-02-25,0.010498912533405624,,0.007216008766237771,-0.016443145139954696
2011-02-28,0.006003187976581392,,0.0053474639071693034,0.01340215404095162
2011-03-01,-0.016866552035035398,,-0.005753140832429683,0.001660292661059614
2011-03-02,0.0019449087318643699,,0.005504422531085197,-0.0033817777412785354
2011-03-03,0.017030694294223547,,0.011447135239980843,-0.009589483727904545
2011-03-04,-0.0076862014485175045,,-0.005038245489946835,0.0016047302008242118
2011-03-07,-0.008044220591243989,,-0.025220479969499675,-0.009598750698181835
2011-03-08,0.008556227603865096,,-0.004721314396711375,0.0017963018631011029
2011-03-09,-0.0016268382753891197,,-0.017076026100587106,0.018324780546349926
2011-03-10,-0.018699700998099478,,-0.002852254850020452,0.012798910555546515
2011-03-11,0.00673266859698618,,0.0017900044632478181,-0.01025625871289454
2011-03-14,-0.0062315154491038305,,0.007615241389353544,-0.0010891372438748157
2011-03-15,-0.011650526353786383,,0.0012967566639600844,-0.003529535705440413
2011-03-16,-0.018706356270279723,,-0.0063921814881769175,0.014019378723120222
2011-03-17,0.013041888081989361,,0.01239672719034095,0.00171976574092173
2011-03-18,0.003443054797605427,,-0.003990269392245016,0.007650676515598387
2011-03-21,0.015303987264099428,,0.015956548441114993,-0.011490603910674968
2011-03-22,-0.003662196811952678,,-0.008166206705878488,0.0020303147189460135
2011-03-23,0.0026686178277426365,,0.00016568429881076447,-0.01743038906523321
2011-03-24,0.009369652252792404,,0.002958283783338256,-0.014280710429558164
2011-03-25,0.002861971039414879,,0.0021185323363426597,0.005570774642887577
2011-03-28,-0.0026307715785028885,,0.006099612342454619,0.0027618647874627536
2011-03-29,0.006524862348726623,,0.0017309542460421153,-0.005774484341546337
2011-03-30,0.0067078280814489855,,-0.0016702093005524395,1.4490899455776168e-05
2011-03-31,-0.0015494238539234262,,0.00044595117074450793,0.006031654100136253
2011-04-01,0.0040300026552029244,,-0.00532461138529201,0.007202380680405263
2011-04-04,0.0006328784796418851,,-0.0028741699998928285,0.010795853820544033
2011-04-05,-0.00034382843820235376,,0.0004961504086084534,-0.007439396050958613
2011-04-06,0.002958377574344695,,-0.01047582081117394,-0.006442235918544725
2011-04-07,-0.0027372635183400273,,-0.001372066701723329,0.004735031728633354
2011-04-08,-0.003644457384146871,,-0.0028404809813075693,0.0003951189863134366
2011-04-11,-0.003204005310792568,,-0.003763916536882117,0.014879376376102914
2011-04-12,-0.007667492901711537,,-0.012682170438748785,0.012739126938636635
2011-04-13,-0.0002700936771504736,,0.00308893900240611,-0.0007530957624643508
2011-04-14,0.0005671109224714144,,0.004873194496975087,0.0025074998636856805
2011-04-15,0.0034550463406533005,,0.007223745092247735,0.0008505582026677389
2011-04-18,-0.011402358822879655,,-0.004904961535639905,0.006563607891998257
2011-04-19,0.005550647981203083,,0.0008885154836487776,-0.0013843371122941425
2011-04-20,0.013438497199518507,,-0.004447806829662473,-0.02612763621881682
2011-04-21,0.004915639944506944,,0.00045716881736722597,-0.0024364987179360644
2011-04-25,-0.0012405562869681752,,-0.002527728415910291,0.0012437628759172652
2011-04-26,0.008411586855140651,,0.0018951878738519452,-0.00355632724925976
2011-04-27,0.006334733899250322,,-0.0011057517899404235,-0.00034080925400156205
2011-04-28,0.0030501895324863693,,-0.006044105527655807,0.01143544221281877
2011-04-29,0.00215709001265485,,0.0011173703269524605,0.011254665437875155
2011-05-02,-0.001732711860683911,,-0.011108052423394577,0.007971714840727107
2011-05-03,-0.0037909911132174567,,-5.924481255337177e-05,0.010155059289979729
2011-05-04,-0.006824394722437677,,-0.00802594652766242,0.01002301534099821
2011-05-05,-0.009242137216404211,,0.007123297454620125,-0.010508909588986447
2011-05-06,0.00422235397654247,,0.005426492948252715,-0.00215639366554915
2011-05-09,0.003681262757408099,,0.0036211275835897564,0.0013574990892905926
2011-05-10,0.00834282292539168,,0.003934260800220668,-0.007383282354757038
2011-05-11,-0.01071851783252209,,-0.008589070626948268,0.014087377811771417
2011-05-12,0.004566880044494237,,0.015208619585550875,0.008080432290142959
2011-05-13,-0.00789344554366811,,-0.0009131705083202379,0.008232390393870003
2011-05-16,-0.006534428179919005,,-0.0001174461315761495,0.012048556398704335
2011-05-17,-0.0003439823718814905,,-0.013582154713519822,0.014632739134769557
2011-05-18,0.008742256444234986,,0.011346737661900806,-0.008756839538850158
2011-05-19,0.0021883027905564845,,-0.001702712328040268,0.004522284439157675
2011-05-20,-0.00813868010667873,,-0.0027490102249983495,0.006084015061538805
2011-05-23,-0.01179448091828239,,-0.00836768007012939,0.010337128788343931
2011-05-24,-0.0010265078915417947,,-0.005698986131503969,0.005404126485260219
2011-05-25,0.003140807396226686,,0.007931643978146052,-0.01446516781623075
2011-05-26,0.004414233196785355,,0.008321300467034087,-0.009210327470574108
2011-05-27,0.0036407903068416125,,-0.005940744984037316,-0.002433902805171106
2011-05-31,0.010217620682228645,,-0.0008495171950357872,-0.005334622444772853
2011-06-01,-0.02265478552902922,,-0.003809069186577852,0.026621942919369458
2011-06-02,-0.0012552661627857065,,0.014084713893614098,-0.008605463140782166
2011-06-03,-0.010138172629514997,,-0.009762510043763262,0.014455207586106722
2011-06-06,-0.010774855814256301,,0.0034735057293111774,0.012219805008638673
2011-06-07,-0.0008136060664791778,,0.00829426208051679,-0.006980522030583247
2011-06-08,-0.004380868117183523,,7.159880593760048e-05,0.020869447037254785
2011-06-09,0.007437541559210503,,-0.0015474982736067957,-0.0014512413077569898
2011-06-10,-0.014104040007762886,,-0.011292308767686833,0.005752749609254348
2011-06-13,0.0005900455608713884,,0.0008860768524969977,0.012031342341313967
2011-06-14,0.012492496320015256,,0.007125608585777788,-0.018632435819198646
2011-06-15,-0.01797914004054968,,-0.0042755237955077185,0.015377456106185839
2011-06-16,0.0020106350502799852,,-0.006049629633688414,0.015234939632950218
2011-06-17,0.00279068263680049,,-0.003406890757705616,0.011664318890104063
2011-06-20,0.004922370040442825,,0.004637207501716911,-0.0004917348715787967
2011-06-21,0.013510461818742714,,-0.0026686274777964376,-0.020481642905999277
2011-06-22,-0.006218949122507089,,0.00823100837704629,-0.008961727476234426
2011-06-23,-0.0030694547458258725,,-0.007834639724640713,-0.018347443210564397
2011-06-24,-0.011807141135493304,,0.019675754154174527,0.019917593637038336
2011-06-27,0.008717527072087838,,-0.005255392164252248,-0.007606738269405477
2011-06-28,0.012859504027622926,,0.012363510690449152,-0.0009631798995745951
2011-06-29,0.00837042845058944,,-0.020203939633731505,-0.0010719590576701243
2011-06-30,0.00936887124598873,,0.004009487427228809,0.0025303923016553598
2011-07-01,0.01458232785064073,,0.002080949606218574,-0.01917624809702454
2011-07-05,-0.0010149679833800773,,-0.0008112916768207353,0.006337525349029838
2011-07-06,0.0010020849614278404,,0.0071504956930006575,0.007895933138019784
2011-07-07,0.010181551626553986,,-0.007113887467051817,-0.02034592702265382
2011-07-08,-0.007285626106336429,,5.001376123562294e-05,0.007021869095297385
2011-07-11,-0.018273836035151203,,-0.004405391535409985,0.01680993701196225
2011-07-12,-0.0045130451406169,,-0.00876879560638898,0.013618257846539139
2011-07-13,0.003155104523294261,,0.000975276452876428,-0.005049397630139396
2011-07-14,-0.0070959126093059766,,-0.006750086500358265,0.015213433145169541
2011-07-15,0.005611082881275209,,0.004898218915506448,-0.006731089483991437
2011-07-18,-0.008394923421220057,,0.003542392052961308,0.007084923491764028
2011-07-19,0.016038166209906057,,0.0043335766858170754,-0.013352862040119384
2011-07-20,-0.000796689583207999,,-0.013180284701521383,-0.006867093336091257
2011-07-21,0.013677534569329186,,-0.008253951214735766,0.0016607159072262283
2011-07-22,0.0004756188130168315,,-0.0108611231376197,-0.017271487008792063
2011-07-25,-0.005766732173632438,,0.00685475797587517,0.005453758690280608
2011-07-26,-0.0039295075892702425,,-0.006099926282625079,0.0023656080269236044
2011-07-27,-0.020669147546354072,,0.002241891647699612,0.021491667658224235
2011-07-28,-0.003103168982686033,,-0.003786398869616359,-0.001645128730585743
2011-07-29,-0.007028299887031353,,-0.006570668485564513,0.007909096031183626
2011-08-01,-0.004446373832834638,,-0.002098159338147376,-0.0030750866204412586
2011-08-02,-0.025741085052040646,,-0.02485866195915406,0.028059267474596757
2011-08-03,0.005225341229756042,,0.014821374522078436,-0.024009183027466387
2011-08-04,-0.04703525103554995,,-0.005076402554568801,0.03769700610078292
2011-08-05,-0.0016899311788095561,,-0.003883038628122981,0.015618667416153274
2011-08-08,-0.06531741974961147,,0.005420028850616168,0.05107939489032888
2011-08-09,0.04630555373692258,,-0.011715251924652705,-0.05110998723529085
2011-08-10,-0.044371272868999445,,0.015447423898528989,0.013003779734386035
2011-08-11,0.044690358054508605,,-0.02169377336156711,-0.0432599064566038
2011-08-12,0.006539262783455513,,0.012704509036505817,0.00977093755519386
2011-08-15,0.020971208040637235,,-0.0027022163837947116,-0.019976187008202514
2011-08-16,-0.008732790827798653,,0.0049974648593171245,0.013248731639607868
2011-08-17,0.00047519169689125285,,0.003962075886882566,0.014207795898757503
2011-08-18,-0.043312213312102776,,-0.013822529874752063,0.04988503434474287
2011-08-19,-0.016523902250073053,,0.0045807704534909024,0.01988354392899776
2011-08-22,0.0006052638990874382,,0.012400183414889831,0.01608596215832857
2011-08-23,0.03271685618418463,,0.015753168643932433,-0.019988081160429202
2011-08-24,0.013890869326419253,,0.0013928456776040495,-0.005521254483234484
2011-08-25,-0.01543743086696947,,-0.010163465800314164,-0.0022433138983953393
2011-08-26,0.014340203749774627,,0.005100278018820558,-0.01684303650971756
2011-08-29,0.028542502543090986,,-0.006096321318455302,-0.02593810681847555
2011-08-30,0.002443131143511801,,0.009599932844997794,0.004958195641092134
2011-08-31,0.004244111427333497,,-0.0058749175519986156,-0.008740846238179768
2011-09-01,-0.010666301909024845,,0.010982050441050306,0.011976402260967266
2011-09-02,-0.025743407635522964,,0.014325429343992016,0.03264702346817398
2011-09-06,-0.007491139734318808,,0.00794051114953338,0.009173681100871378
2011-09-07,0.028013771949733535,,-0.010127276802661435,-0.03185273801046162
2011-09-08,-0.010585187842073296,,-0.000930972491032701,0.004181836176162256
2011-09-09,-0.026403554732816192,,-0.006419639301069646,0.007064363371719142
2011-09-12,0.006276421242387142,,0.00834124715142155,-0.010140637980333845
2011-09-13,0.008977756136210324,,0.006762151786855186,-0.0132005421496324
2011-09-14,0.013650567948930936,,0.01407351478424227,-0.0121406559764059
2011-09-15,0.017063442182915445,,-0.003884933719121242,-0.006667883139132981
2011-09-16,0.005724742767028612,,0.008433108095658382,0.014713895816729782
2011-09-19,-0.01015081153783759,,0.012757025945707568,0.013907272486666823
2011-09-20,-0.001357319691216552,,0.007631026028190479,0.016066665030447735
2011-09-21,-0.02965157828075471,,0.009441333029364174,0.024296423204884433
2011-09-22,-0.032518516227714844,,0.0059818736415690535,0.030176249682132526
2011-09-23,0.005831845260690027,,-0.008355538590171217,-0.012377084776441128
2011-09-26,0.023586619322077063,,-0.014703258108239546,-0.016811489352771228
2011-09-27,0.010990509153733674,,0.0019382560274000971,-0.007163730820054014
2011-09-28,-0.020612293045388363,,0.025275239861211416,0.016709962779252897
2011-09-29,0.00770950967849493,,-0.012970389334865906,0.00602376809811973
2011-09-30,-0.02518267730789059,,0.027441328763570912,0.04569701984991718
2011-10-03,-0.028651593797269226,,0.029980126864522564,0.04151820673204014
2011-10-04,0.021729245185886592,,-0.03644278375032385,-0.04276614150601083
2011-10-05,0.0183218563625549,,-0.023718341796948192,-0.03160032471659986
2011-10-06,0.017897427814581146,,-0.01712015825282711,-0.019760448561303642
2011-10-07,-0.00688944175606343,,0.02779372781933166,0.031584842096926746
2011-10-10,0.03325241065586981,,-0.01174430555222581,-0.04100105246412118
2011-10-11,0.000809480890803016,,0.0021570625753551285,-0.008855854030982456
2011-10-12,0.008578389843691303,,-0.00844759297659513,-0.004803020423816395
2011-10-13,-0.0021812331562443,,0.005111766394597584,-0.006905001340022765
2011-10-14,0.016900533775022097,,-0.004017111656354853,-0.0047862831436644715
2011-10-17,-0.01928479848102227,,0.006598412757818195,0.016193010653526917
2011-10-18,0.01935220340832222,,-0.0254995243931287,-0.03880916702176114
2011-10-19,-0.012022795143946108,,0.013067627463291986,0.024397706009600506
2011-10-20,0.004182249742038291,,-0.022017310873024463,-0.011448584974307896
2011-10-21,0.01879331488713265,,0.0074131846367390015,-0.00467041472476527
2011-10-24,0.012067369709326314,,-0.014510108248652287,-0.03778294611719555
2011-10-25,-0.019637369042976305,,0.006913515643029413,0.024888687060903216
2011-10-26,0.009965164309524877,,-0.016330022422695344,-0.01629317164798345
2011-10-27,0.03464132575706258,,-0.03253794469057956,-0.04847034249673133
2011-10-28,-0.00042711018659002953,,0.008931678814203137,0.00811462667996501
2011-10-31,-0.024299370860309533,,0.011162151279962437,0.03423483165405647
2011-11-01,-0.028081735079731107,,0.019260956820387365,0.034954808929035096
2011-11-02,0.01611760741196888,,-0.01260004817956649,-0.02582619543777691
2011-11-03,0.018033463262387972,,-0.004558724073364086,-0.022096622645536666
2011-11-04,-0.006292437695581299,,0.005312942129764352,0.0031074704192809886
2011-11-07,0.006022223153241191,,0.0037418344873836216,0.004271792335014169
2011-11-08,0.012637240036843522,,-0.00435608062463504,-0.008027627584245599
2011-11-09,-0.03710318394791712,,0.032671592472615,0.05006256931830369
2011-11-10,0.009225103564307391,,0.002534163026734681,0.005799389677126077
2011-11-11,0.018628561019666146,,-0.001096256426090094,-0.013852186481265415
2011-11-14,-0.00966746534204943,,0.005082817380118798,0.007249638788055269
2011-11-15,0.004748100127113242,,0.00814501463001488,-0.0014605092088208925
2011-11-16,-0.016056823789361352,,-0.018770594377293528,-0.015981606463714083
2011-11-17,-0.016070718392423355,,0.02043816447713838,0.030627040006363182
2011-11-18,-0.001257698348557268,,-0.0072461247473596165,0.002155632856021339
2011-11-21,-0.019213160844162025,,0.011144469878356657,0.005109558471788777
2011-11-22,-0.004121632822283061,,0.010984657171293866,0.01349035468661609
2011-11-23,-0.022259262019593273,,-0.004918820980161078,0.020059587429106587
2011-11-25,-0.002081164894719323,,0.00037087070707837386,0.006444051261550898
2011-11-28,0.028773310978812194,,-0.00487840413243543,-0.016859719912947817
2011-11-29,0.0026467537192562673,,0.0082616772469985,0.008343632941779944
2011-11-30,0.040955508822701825,,-0.025547751719788972,-0.04731272092301765
2011-12-01,-0.0003532632011225001,,0.014456754295256335,0.00760462540920842
2011-12-02,-0.0010738460664396765,,-0.02767239648975005,-0.02871060101927302
2011-12-05,0.010698492613751887,,-0.014244655993098342,-0.01698322257196596
2011-12-06,0.00012291505515138468,,-0.011124198792956307,-0.0023809661455714503
2011-12-07,0.0035288098627148656,,-0.01375536534805598,-0.0077210663840555195
2011-12-08,-0.022129857951411425,,0.022976105406461833,0.03064059937407943
2011-12-09,0.016748859966683627,,-0.001804095989098243,-0.014488779779778594
2011-12-12,-0.014790829263114924,,0.01923287220287011,0.018067060723827844
2011-12-13,-0.009532980401546376,,0.01396705897216406,0.020226537466073533
2011-12-14,-0.010839757066469335,,0.008786660439395477,0.016615770396181926
2011-12-15,0.0034206482486420775,,-0.014443709638943559,-0.0037136818131134897
2011-12-16,0.0012891282173419505,,-0.0016253921095334412,-0.006101420519390855
2011-12-19,-0.01088563721672997,,0.03075667086291612,0.03041732346411271
2011-12-20,0.03006698580021494,,-0.008712480124148835,-0.03015151547861616
2011-12-21,0.0017426517348810844,,-0.002326001413734291,0.005301752462942488
2011-12-22,0.008665322127159092,,-0.03225634114176555,-0.035437376623510895
2011-12-23,0.008747448537464342,,0.010393603157803988,0.006954206493639014
2011-12-27,0.0005973988891214699,,0.01055823569622204,0.013852393809038655
2011-12-28,-0.01331724316518379,,0.008571411444645315,0.014295191189178214
2011-12-29,0.010140227015378755,,-0.003587123514235537,-0.011859449112416078
2011-12-30,-0.0051093551023201345,,-0.013223370168719982,-0.005476285147029625
2012-01-03,0.01574267528774076,,-0.036251243936666594,-0.042983849554737344
2012-01-04,0.0013748093171321862,,-0.007733958553511278,-0.003198077582835024
2012-01-05,0.002468710915884964,,-0.0037400256769374975,-0.013662209189251073
2012-01-06,-0.002770903444380468,,-0.0077331475474695655,-0.006804391793299957
2012-01-09,0.0022342079283206306,,-0.005460045963321925,-0.010601409226395199
2012-01-10,0.008476372725904291,,-0.01576912256870052,-0.015020308651592984
2012-01-11,0.0003486679766400158,,-0.01919246930443429,-0.014543106714899756
2012-01-12,0.0022057524397778305,,-0.010667524808818685,-0.009376541552069562
2012-01-13,-0.005367237626317856,,0.012236045040704534,0.01585305845324294
2012-01-17,0.00368729893787223,,0.010071430590615127,0.008500460661066467
2012-01-18,0.010862577877788437,,-0.026396955547421688,-0.03309424939452571
2012-01-19,0.005082719478497255,,-0.016895139357531543,-0.018033866577573533
2012-01-20,0.003533607892616919,,0.0009408683504332437,0.005964559773802958
2012-01-23,-0.002770369481613133,,-0.005186556252753239,-0.006164419659760201
2012-01-24,-0.0013332256514343443,,0.006398244104442241,-0.007702851306138048
2012-01-25,0.008173980855497476,,-0.0018394651712509867,-0.003357816913697309
2012-01-26,-0.005323615080809474,,0.001639851517364743,0.006686683016580497
2012-01-27,-0.0006484459883200344,,0.0019906622416810404,-0.007931023527310987
2012-01-30,-0.003607267204058462,,0.0017567159578312564,0.007287958637245129
2012-01-31,-0.000574488458787048,,-0.013043223983396057,-0.008345979399781133
2012-02-01,0.008563831395393295,,-0.012973757102239946,-0.018786693400673314
2012-02-02,0.0013915041138843343,,0.006751321511347263,-0.0002975673332406227
2012-02-03,0.013825150659060093,,-0.00809430383950287,-0.033100852984168185
2012-02-06,-0.0008628032621620374,,-0.0028309379587811434,0.0013523428227528056
2012-02-07,0.0023352691693823147,,0.003249265279855684,0.007960234588381443
2012-02-08,0.0027741049237219872,,-0.007169830774334095,-0.008031027342047713
2012-02-09,0.0010636798024199479,,-0.0023961634107670274,-0.0016220788771267093
2012-02-10,-0.007580819622502899,,0.005794384738623514,0.007588926185144885
2012-02-13,0.007248535295627967,,0.0006083085418697952,-0.0016523776393709837
2012-02-14,-0.0014493619713917827,,0.0014895372546001818,-0.0017230044602873917
2012-02-15,-0.004853719798893041,,0.005236918898866827,-0.0009589924496998469
2012-02-16,0.010879284103781695,,-0.02234060809338805,-0.02243247095798857
2012-02-17,0.0024527753431504706,,-0.013366418479996377,0.016970390436538696
2012-02-21,0.00024572105288411805,,-0.001850172117234739,0.005835447676810901
2012-02-22,-0.003417197212780221,,0.015905991941606256,0.013467163995573449
2012-02-23,0.004217066947173054,,-0.012450589214280936,-0.013228999045680333
2012-02-24,0.0020021056828323225,,0.007464967175485237,0.002293258778074914
2012-02-27,0.0014858877967918183,,-0.009600905169815576,-0.011549922472188879
2012-02-28,0.0027228963693055608,,0.008708866552438476,0.0020236343356067167
2012-02-29,-0.004119377688482584,,0.008093543786193137,0.015683421741656267
2012-03-01,0.004988178592862491,,-0.017230643540110724,-0.02680767119322094
2012-03-02,-0.0032431813767400675,,0.0010874291386355648,0.011061932771432614
2012-03-05,-0.004271992908084776,,0.018673784247268232,0.026423972170926326
2012-03-06,-0.014818908781070617,,0.01382269447713369,0.02411005474279134
2012-03-07,0.006782453386321441,,-0.011917802823040047,-0.015625622467538382
2012-03-08,0.009755197825308315,,-0.001723837408281947,-0.008829281146426227
2012-03-09,0.0036739227765767435,,-0.006188707735281651,-0.0077620074960205055
2012-03-12,-0.00012046350761574232,,0.011510289031152587,0.01891499273140166
2012-03-13,0.017831900124167133,,-0.018202331970700782,-0.023119795979025026
2012-03-14,-0.0012648227958665936,,0.00802542119580163,0.0034349906196314947
2012-03-15,0.005596154445503876,,-0.013063711723778581,-0.016294821659122747
2012-03-16,0.0011906852662328937,,-0.0007169114731790716,-0.0011528329291865314
2012-03-19,0.0037266714378922927,,0.0032667530634468587,-0.0024650752113788313
2012-03-20,-0.0031045181523478016,,-0.005485350101361841,-0.002714186651348627
2012-03-21,-0.0018311988102057697,,0.00015538332853605149,0.001807641047856412
2012-03-22,-0.00739723535629111,,0.007564566298607954,0.0011212589766965598
2012-03-23,0.0030392483071741694,,-0.0008952735585503364,-0.006073662621066023
2012-03-26,0.013841616398855283,,-0.00043172662602495096,-0.005780258327909803
2012-03-27,-0.003300650967061891,,0.006678398399505792,0.008768056175887672
2012-03-28,-0.005152542870234478,,0.00697191390348717,0.0009502630765579447
2012-03-29,-0.0019019143922407444,,0.006624558980069562,0.008195727301033217
2012-03-30,0.0039423270356067075,,0.006683755400341318,0.008891331893092769
2012-04-02,0.0071209275700112595,,-0.005690747328474389,-0.0046457267962747625
2012-04-03,-0.00428264304310344,,0.014456729244352729,0.010806885550728163
2012-04-04,-0.010104447686954954,,0.013919874509945295,0.021382789901412125
2012-04-05,-0.0006940967881613469,,0.01452239632486365,0.009918988051525945
2012-04-09,-0.011424754043447338,,0.009579082231547575,0.010334270012091341
2012-04-10,-0.0169784699808172,,0.0011627127355771892,0.012444666197670774
2012-04-11,0.007900681014374689,,-0.0017125804342802316,-0.001516618877708942
2012-04-12,0.01287167726287275,,-0.0027209330650213373,-0.014282412770593557
2012-04-13,-0.012081999400324284,,0.017341338526437267,0.017721340179856847
2012-04-16,-0.0008496049536977912,,-0.004012176138759971,0.0017728256449635492
2012-04-17,0.01461860811926452,,-0.0007972734375237388,-0.0017131411239632351
2012-04-18,-0.003573341009692421,,0.00416779048451087,-0.0012127221768320371
2012-04-19,-0.006614468027760889,,-0.009079256012618586,-0.015417662494172379
2012-04-20,0.0014765640669351932,,0.010258683311407212,0.025860689296643546
2012-04-23,-0.008602404571328104,,0.012403637601890338,0.001725271180540256
2012-04-24,0.0036076890587548593,,-0.012272168281716012,0.007401660329180671
2012-04-25,0.013498055627124028,,0.006387979505970864,-0.004238716104995433
2012-04-26,0.0067751851165165355,,0.010535173989734959,0.010871549865541563
2012-04-27,0.001447627631384174,,-0.0005346740891038811,0.013971512919728634
2012-04-30,-0.0038979604845533755,,-0.000924465018160081,0.0007210361030436153
2012-05-01,0.006026555290959523,,0.004230318776589281,-0.0033239134563658014
2012-05-02,-0.0031777219748697627,,0.008486604794730868,0.003506460091022079
2012-05-03,-0.007818993085263681,,0.011372856581300907,0.026033820939965577
2012-05-04,-0.01635172436150001,,0.003035506249902087,0.009648860537034587
2012-05-07,0.0005362362818837063,,-0.00459723133162534,0.0031020078551682205
2012-05-08,-0.0042053623296811615,,0.00633026132618969,0.00869313654855619
2012-05-09,-0.006125557622444933,,-0.019308181916634616,-0.022273751239891903
2012-05-10,0.001869571736903941,,0.011430568618084468,0.01398005742305629
2012-05-11,-0.0032082402113028374,,0.012392311411623013,0.010567561714294915
2012-05-14,-0.011254787200519978,,0.013687707225634517,0.017418230926523948
2012-05-15,-0.005935230441221462,,0.010986292124411367,0.00838211356501707
2012-05-16,-0.004018366231977821,,0.0018567128568129586,0.009317469871546812
2012-05-17,-0.015024653607105143,,-0.0028989670048699123,0.014606436405037327
2012-05-18,-0.00875240765758567,,0.0095119265149044,0.014364855404459708
2012-05-21,0.016994449649282872,,-0.011104507381333928,-0.006094215250675217
2012-05-22,0.001549335433830068,,-0.002943678224640189,-0.00044614203920267926
2012-05-23,0.0003361298521458167,,-0.009086048352235943,-0.008253251981549092
2012-05-24,0.0017717945989621509,,0.015936487932637623,0.011388712508200238
2012-05-25,-0.003438199284319765,,-0.012446547947089137,-0.010916870113453736
2012-05-29,0.011918370251358112,,-0.008381382845124574,-0.008408952813974392
2012-05-30,-0.014703425107858492,,0.014533860770858909,0.021450860982694497
2012-05-31,-0.002395065643087224,,-0.004353064690198716,0.0031766824339031553
2012-06-01,-0.02537006620279958,,-0.0005419573467769015,0.024314572910301358
2012-06-04,-0.00066189394798577,,0.018681138680642563,0.01379562922565325
2012-06-05,0.007378648499777762,,-0.014379894817444028,-0.016808794582154618
2012-06-06,0.02227445713992804,,-0.01175594386134144,-0.01593892246744335
2012-06-07,0.0004126958241548184,,0.009614665758160622,0.012420033625422254
2012-06-08,0.007757803337091085,,-0.002399577316696733,-0.005794946107374255
2012-06-11,-0.012890371631757436,,0.010779851576807596,0.017318811783669476
2012-06-12,0.01129693901687756,,-0.008129891650348109,-0.012362473826019637
2012-06-13,-0.006588698757016176,,-0.001508622650655744,0.014685860570037389
2012-06-14,0.010406454140149402,,0.014667451438021072,0.007251485028222337
2012-06-15,0.010034119704867672,,-0.004946755137418636,-0.010961556113967687
2012-06-18,0.0017445574744137105,,0.017078708348592774,0.007932239417013497
2012-06-19,0.009478707613853832,,-0.013446531521907158,-0.0147112695519647
2012-06-20,-0.0018146505671958746,,-0.0032555138234518165,-0.015064839861027602
2012-06-21,-0.022632049294183165,,0.006156349315183728,0.02712337147256054
2012-06-22,0.007507708453134532,,0.0063785537758541564,0.002089825905890175
2012-06-25,-0.01622833109444677,,0.011859886087647264,0.015311970885948767
2012-06-26,0.004832147232783468,,0.010521291415160571,0.002476703620830323
2012-06-27,0.008822890520458815,,-0.0025539650817824056,-0.007783526185243162
2012-06-28,-0.0030469668978494457,,-0.006408686030253896,0.011330995930393883
2012-06-29,0.024733037344326858,,-0.020656086573761286,-0.023721583594985933
2012-07-02,0.002818542970977944,,-0.00031912795474469107,-0.006582947692740648
2012-07-03,0.006399754632467225,,-0.024410416995304662,-0.014612126613710865
2012-07-05,-0.004705872149315948,,0.008499837305111013,0.013760232765548787
2012-07-06,-0.009697256256633313,,0.0019101087780409535,0.009663929588987995
2012-07-09,-0.0014483769053399431,,0.002101904084541506,0.01170705713247916
2012-07-10,-0.008913709459795194,,0.0040692867247190114,0.008950163113256204
2012-07-11,-4.4472188730715345e-05,,-0.0037837350684224117,0.0028023175335675776
2012-07-12,-0.005038776584131099,,0.020287899948506105,0.01492159189747445
2012-07-13,0.016584376399355838,,-0.006447308344737859,-0.007387906185674774
2012-07-16,-0.0025507125255607166,,0.008762318809133607,0.005660463093767965
2012-07-17,0.006672823907456937,,0.0025885934410844642,0.0066433526314893295
2012-07-18,0.007213701870131706,,-0.006140182327928345,-0.006819870942502482
2012-07-19,0.002426673271958668,,0.004962605239445228,0.00019865303785253645
2012-07-20,-0.009341573033399553,,0.006861740833519514,0.0039330773878496934
2012-07-23,-0.010305985492334302,,0.000312648357255918,0.004531352317572934
2012-07-24,-0.008780590659719478,,-0.01643526268178026,-0.004628989502272529
2012-07-25,3.0276241343107912e-05,,-0.007669222118907305,-0.0059500307510911505
2012-07-26,0.016303869385993153,,-0.027216768760375508,-0.052390631765246026
2012-07-27,0.01823899685681374,,-0.0026971669067113006,-0.01057603931774186
2012-07-30,-0.00019363050654397362,,0.00980016696711714,0.0048045366760319785
2012-07-31,-0.007187652794243049,,-0.008226856055591324,0.0029878249966933225
2012-08-01,-0.0010653089321462916,,-0.009231320458657077,-0.0012336523228995257
2012-08-02,-0.007098276489412081,,0.025371175954625402,0.010723424994562315
2012-08-03,0.019639888550693207,,-0.02606876286122638,-0.022114136559206042
2012-08-06,0.0017439879377911804,,-0.013403116573226459,-0.015185693140122136
2012-08-07,0.004819916485470754,,-0.013936056864762113,-0.020926237353463682
2012-08-08,0.001017648459583631,,-0.00392158676881228,-0.002159793990440817
2012-08-09,0.0006607302087040523,,-0.0033832717023963284,-0.008322403444527194
2012-08-10,0.0014419660061020245,,0.0013652398147905643,-0.0031770219228208327
2012-08-13,-0.0006907460210509031,,-0.00042809162393399065,0.0018818083329951605
2012-08-14,-5.1635442029907e-05,,0.0007446678742550896,0.006871481711578631
2012-08-15,0.000943066869766751,,-0.004766658063616913,-0.011079472520221822
2012-08-16,0.007185167771706524,,-0.005601251844814537,-0.011819462866236663
2012-08-17,0.001144176844402267,,-0.007423401067360791,-0.006987162682055248
2012-08-20,-0.00012309762549667091,,-0.01048446022387336,0.0026694417980270614
2012-08-21,-0.003218121612810765,,-0.006530887552194042,-0.004134025774054828
2012-08-22,0.00022965422966714222,,0.0041917541959399455,0.004206827303943317
2012-08-23,-0.008372621270989367,,-0.0016370718958194416,0.0058343501471920245
2012-08-24,0.005848815568013199,,-0.002200208994982256,0.002637323141106318
2012-08-27,1.855761489411023e-05,,0.0011072632832010766,0.00047994636628790883
2012-08-28,-0.0011828070160689874,,-0.002713416340373675,0.004629480594776037
2012-08-29,0.0005841722800357108,,0.0013671148661371976,-0.008140604837325404
2012-08-30,-0.007401496712688416,,-0.0076980174349241415,0.008716990775684653
2012-08-31,0.0045751423739144315,,-0.007201337074054237,-0.0024538743223449736
2012-09-04,-0.001114289809130642,,-0.0028457525248385407,0.004084231498477175
2012-09-05,-0.0010441681101756028,,-0.014554815810387756,0.0010684466106963054
2012-09-06,0.02010287112705411,,-0.003915990557053675,-0.02183410442297087
2012-09-07,0.0037010940080159926,,-0.010329306774885994,-0.005341310902446117
2012-09-10,-0.005874525863366453,,0.01149528177940511,0.006384367421790238
2012-09-11,0.002593607018648303,,-0.006237763067196622,-0.009562339718995805
2012-09-12,0.0031416498601815057,,-0.004956759441613534,-0.0049409792297207215
2012-09-13,0.015042580821230889,,-0.0037861631262234192,-0.007153387763747254
2012-09-14,0.004241007404238717,,-0.02031308095064548,-0.014548625590172148
2012-09-17,-0.003589301036527437,,0.012325977255905885,0.018183810021878556
2012-09-18,-0.0010122643902047423,,0.0013226496921601826,0.0014897394954398126
2012-09-19,0.0003521524000289489,,-0.0034534541841101827,-0.009739210183854995
2012-09-20,-0.0001252708090877519,,0.006481192685560533,0.010904959614246057
2012-09-21,-0.0006115177236704072,,0.0024570976800669885,-0.002218172639808813
2012-09-24,-0.0017019830560451865,,0.002385482703724395,0.008667765656151892
2012-09-25,-0.010835472364503995,,0.009601070134312651,0.014114871286937182
2012-09-26,-0.005814638107641157,,-0.003925373827124123,0.017843832116147852
2012-09-27,0.009228145364210905,,-0.00018770071936578033,-0.01402800737309219
2012-09-28,-0.00482626591661206,,0.004044186207017519,0.00813586424062175
2012-10-01,0.0024458935794073877,,0.0047011284740866134,0.007660314305942495
2012-10-02,0.0008453376006003488,,0.0005970615110213017,-0.025468949064464473
2012-10-03,0.003889365322345739,,-0.004616221027209599,0.00837543207325614
2012-10-04,0.006974570382060952,,0.006317900629393957,-0.0038530085123104404
2012-10-05,-0.0001255672047602019,,-0.0005684379891842339,0.0016177229720995777
2012-10-08,-0.003614704132055113,,0.004528930232968964,0.0038775111238931953
2012-10-09,-0.010080668527884806,,0.0008205780038451627,0.004451716207727629
2012-10-10,-0.006574151533224382,,-0.003138449485377303,0.004282182263424927
2012-10-11,0.00036508318516914606,,-0.0032243702943997588,-0.0033689104337605302
2012-10-12,-0.003472502688974144,,0.005287889711848315,0.0030361715463902428
2012-10-15,0.008134654991183377,,0.0011600578189763571,0.0072628234502967294
2012-10-16,0.00993952819712085,,-0.012918756149429432,-0.0030341816788031052
2012-10-17,0.00434142206812993,,0.00532221707628715,-0.004321548895531979
2012-10-18,-0.002793025655305925,,-0.002711954605531153,0.014578727276730132
2012-10-19,-0.016858147426641823,,0.009711109940330741,0.007651602784785693
2012-10-22,-5.4295385402802765e-05,,-0.006122815169536588,-0.0049324349804379716
2012-10-23,-0.014069745040653725,,-0.0008582966730770192,0.008556629118354607
2012-10-24,-0.003021820125167718,,0.015872394171542247,0.006862160992429212
2012-10-25,0.002713796182421513,,-0.018590214842864106,-0.009646487841092987
2012-10-26,-0.000759515585491144,,-0.0036574879006863845,0.004170534582704411
2012-10-31,-0.00019363050654397362,,-0.006043270865113127,-0.007861721988031766
2012-11-01,0.010277132529957544,,-0.0018074939694133207,-0.01326244764152439
2012-11-02,-0.009085478843987915,,0.011583074151917672,0.009108672443185271
2012-11-05,0.0018549307777870894,,-0.012652721078813623,-0.007633018025267302
2012-11-06,0.007631504337309636,,-0.0039698975078775855,-0.014767938023169856
2012-11-07,-0.022857158648199594,,-0.0023776762634595133,0.015247757983807265
2012-11-08,-0.012218156670398383,,-0.0011691417055730395,0.0011194390583290428
2012-11-09,0.0006761833161503805,,-0.001739093383549006,-0.00011638382522003452
2012-11-12,0.0006027374616763836,,0.016549789121896995,0.007507384963735053
2012-11-13,-0.003665416611604577,,0.0025569379699624697,0.005479269458818648
2012-11-14,-0.013692266578492984,,-0.006557730458484989,0.009290499780156848
2012-11-15,-0.0018858090387103843,,-0.009143799852025713,-0.0006444565486333987
2012-11-16,0.004743637288114888,,0.007477417942099396,-0.0048735438776934415
2012-11-19,0.020045437480068706,,0.011033390208188611,-0.007753508400127163
2012-11-20,0.00023779948848035026,,0.010650271963207525,0.010037766934514025
2012-11-21,0.0016739115677184557,,-0.0006664382301113879,0.0007653880061160522
2012-11-23,0.01343149087561546,,-0.0033922582601890183,-0.006911742206929229
2012-11-26,-0.002315874353149061,,-0.0065439489364536915,-0.00793996599684722
2012-11-27,-0.00529832829092991,,-0.0044521858516994965,0.0011658853680316938
2012-11-28,0.007858981880025206,,-0.008429748130083148,0.0008985078047003322
2012-11-29,0.004471879688478841,,0.0011690661419189066,-0.002098773968746759
2012-11-30,1.7137692483348843e-05,,0.004793592658901169,-0.0009461915628860341
2012-12-03,-0.005117937719770205,,0.0029631891152381512,0.007469331328940275
2012-12-04,-0.0016070493673135955,,-0.015454147011913421,0.002921226648755437
2012-12-05,0.0015763287638437262,,0.003830100273066517,-0.0079239489921902
2012-12-06,0.003198153697074879,,-7.396007085386236e-05,-0.005457964223524393
2012-12-07,0.002835061623851498,,-0.0022314380933666335,-0.004872997464512396
2012-12-10,0.0002279307089001481,,-0.0011830960423715232,-0.00885203646303504
2012-12-11,0.006614311823463392,,-0.010128636397125947,-0.00584996210377895
2012-12-12,0.00029471562564009623,,0.0035055250965280614,0.005256509577712176
2012-12-13,-0.00632518094311052,,-0.00024096234500167214,0.00045316245139094286
2012-12-14,-0.003909787551233501,,0.004432015356721863,-0.002914403363799744
2012-12-17,0.011558415971923974,,0.007958533630295606,0.0016060257335991923
2012-12-18,0.010935155599088864,,-0.007050934793395558,-0.01710709334975352
2012-12-19,-0.007623032320796308,,-0.007748427650275868,-0.017819788482265453
2012-12-20,0.0055586440410861915,,0.0009338036695262682,-0.013512429884218658
2012-12-21,-0.009270586723715946,,0.00024184147900726573,0.004325771007900447
2012-12-24,-0.0032751661596712722,,0.006098404837422933,0.0021349212764427694
2012-12-26,-0.00440838219820483,,-0.004304120207924089,-0.0044706772890524375
2012-12-27,-0.0015341441511957932,,-0.002789181179233191,-0.0019794714573636574
2012-12-28,-0.011001900577293111,,0.007964014894348824,0.0008250338889208564
2012-12-31,0.016803158613030167,,7.864318541799323e-05,-0.014814417481933349
2013-01-02,0.025436291831603786,,0.0025760109574869162,0.0027850334094388536
2013-01-03,-0.002452859170833266,,-0.0014725627505969507,-0.002836134130839807
2013-01-04,0.0041980688928457965,,0.010005621560478416,-0.0025842555812465974
2013-01-07,-0.0029264245403418654,,0.003295294188249187,-0.006586442692489713
2013-01-08,-0.0030710062798152693,,0.0020737991620845553,0.009282738810604596
2013-01-09,0.0023484916671321354,,0.0055655410132702254,-0.005626171750246035
2013-01-10,0.007755754463270703,,-0.010085134781786742,-0.015233345592988324
2013-01-11,-0.0002613005094637133,,-0.005864071624044187,0.0018753293677598593
2013-01-14,-0.0008737078018914435,,-0.004387145471822551,0.0066957023617966955
2013-01-15,0.0004869096086843605,,0.0003174035217437643,-0.0060529904242129446
2013-01-16,-0.00032982886989041393,,0.003911415074491731,0.00621054032685342
2013-01-17,0.0062667098894022555,,-0.012879808932322356,0.002882506949680053
2013-01-18,0.0020363085133578984,,0.004602991820190916,-0.00685847193669552
2013-01-22,0.005199541786168549,,0.008626149395897521,-0.003915963411559897
2013-01-23,0.0014156614230447229,,-0.0007651261461733895,0.008782627532542553
2013-01-24,7.437898177653501e-05,,0.004339649378189303,-0.01139332922755909
2013-01-25,0.005428688348424027,,-0.006106390708210397,-0.0022727039263421905
2013-01-28,-0.0013917458247277859,,-0.003941599896219883,0.006565984964393623
2013-01-29,0.0037377879684725723,,0.0030100699653700883,0.017806019236652815
2013-01-30,-0.004109653456586093,,-0.004734831146104734,-0.007907355119535987
2013-01-31,-0.002659441371206994,,0.01034285439072501,0.003652604469443288
2013-02-01,0.010093742216891632,,-0.004168209790474954,-0.003716265141350962
2013-02-04,-0.011433953583889211,,-0.021127454733180593,0.0014997858951462106
2013-02-05,0.00990404864041916,,0.0015903690551497315,0.006471414408827525
2013-02-06,0.0005340373380486874,,0.0031134916338467766,0.001339932564710611
2013-02-07,-0.0015164115894207297,,0.0023679817919234794,0.0034665039671538337
2013-02-08,0.005370961533363694,,0.005384646419878547,-0.00163285273503484
2013-02-11,-0.00039127747602041296,,-0.00884065546139443,-0.010429428545979648
2013-02-12,0.0014534366725913461,,0.0006140832098594285,0.0010208004845938426
2013-02-13,0.0006616003839938767,,0.0015207671972732651,-0.0020082508852817703
2013-02-14,0.000726410939836164,,0.0029830594947809264,0.0006377860105280741
2013-02-15,-0.001375760018960226,,0.0058224619472816205,0.007657300824300961
2013-02-19,0.007300892697349237,,0.0018263413509583826,0.002486740899168804
2013-02-20,-0.01265653130083555,,0.003873024230755851,0.017746605483403274
2013-02-21,-0.006272846565333445,,0.005722746148967695,0.009362995200062074
2013-02-22,0.009578965604191136,,-0.0016731678670351986,-0.0050578119766975915
2013-02-25,-0.019220637266203378,,-0.006558539730309742,0.011516374401693896
2013-02-26,0.006652199278950555,,0.0021056912644010443,-0.004082540998976392
2013-02-27,0.012404398761207691,,0.0027089618835441486,-0.01022528418529216
2013-02-28,-0.002167658011512752,,-0.0038407292447921624,0.0003332994671765065
2013-03-01,0.0031035353679635946,,0.003470355643537604,-0.0008881291388462274
2013-03-04,0.005131774488364771,,0.001561966280062354,-0.003188081414909716
2013-03-05,0.00876526248405507,,-0.0023504731062955805,-0.00790469003106401
2013-03-06,0.0011678817596130209,,-0.007827079989007746,-0.004871839268090883
2013-03-07,0.0016182145627321454,,-0.006051531729165438,-0.000579213404074963
2013-03-08,0.004070451736944536,,-0.0007685467442090977,0.003945617824217584
2013-03-11,0.0036019697566487263,,-0.003919094603553064,-0.007624137846403801
2013-03-12,-0.0024371842148357414,,-0.0014752049752949302,-0.0018678224934055797
2013-03-13,0.0012202750372591886,,0.0020050331378455135,-0.004615545825637224
2013-03-14,0.005129868760633816,,-0.002806241220869898,-0.00032409021359007875
2013-03-15,-0.001513657526182266,,-0.0019347763348511954,-0.002243957340613578
2013-03-18,-0.005712848675612281,,-0.0005778884817882251,0.00643548889620592
2013-03-19,-0.0025163437150327317,,-0.0044300890606591365,0.011641981029418779
2013-03-20,0.006792092757138102,,-0.0001657479017017965,-0.002772252871476021
2013-03-21,-0.00873650518940372,,-0.0030572452630987616,0.007395506790976503
2013-03-22,0.00783929232003211,,-0.00020332559875374523,-0.005137784583158456
2013-03-25,-0.00437066615370818,,-0.0013109893296059166,-0.004457855024523482
2013-03-26,0.00780901335904538,,0.004642955022320994,0.0053220314637050905
2013-03-27,-0.00019363050654397362,,0.007111694842894567,-0.0051955943343562905
2013-03-28,0.002879454840771567,,0.0034031021411177415,-0.004639481430391246
2013-04-01,-0.0041510546205068,,0.005006978020627717,0.016747270376191604
2013-04-02,0.004740319531726378,,0.00578599689749899,0.009380719155700445
2013-04-03,-0.010332671498667234,,-0.005702292794495244,0.004486327049594585
2013-04-04,0.0038655106233340675,,-0.00015626098704988375,-0.006814419935950455
2013-04-05,-0.004684885758630353,,0.0001558221944981458,-0.0026128032622077303
2013-04-08,0.006573276080297674,,0.0005681189787434926,-0.0020783707092266734
2013-04-09,0.0032632099603726594,,-0.00887180781167779,-0.009583339672883707
2013-04-10,0.012055226374408257,,0.0021511354475345582,-0.009764078130998045
2013-04-11,0.0030835113117291257,,0.011277159666668923,0.012513084951920106
2013-04-12,-0.002643248148453403,,0.009110597614996418,0.008879804912232192
2013-04-15,-0.023367684480117834,,0.0014112517868992806,0.011887627654225765
2013-04-16,0.014569207328835931,,0.00822141986348063,-0.005758347442027157
2013-04-17,-0.014805011342490904,,0.00021562832517542027,0.010198206441250935
2013-04-18,-0.006447095567110095,,-0.0019516799138825979,0.010103692621412707
2013-04-19,0.008499372369199065,,0.016558163307329433,0.0008949435717291784
2013-04-22,0.0042445037619966985,,0.0009298368481258203,-0.006660593324781227
2013-04-23,0.010115116219034714,,-0.00646137697839737,-0.007619611559343354
2013-04-24,0.00044068978567990413,,-0.02747609589683353,-0.014745160750281448
2013-04-25,0.003860017000777427,,0.004119853211719493,-0.015221620635161881
2013-04-26,-0.0019599752288537164,,0.000476088137227792,0.002971922442583508
2013-04-29,0.00650533289519073,,-0.007302973465175466,-0.00791875101345707
2013-04-30,0.0021914917104806086,,-0.003253698394305238,0.0036357766340315064
2013-05-01,-0.008961196185868436,,-0.01841206545221534,0.020578728285188874
2013-05-02,0.009093997915322394,,0.018622619699991128,-0.008715667146723637
2013-05-03,0.009947020714458743,,0.0057600362632025046,-0.005762060804030779
2013-05-06,0.0023470659190554244,,-0.006113744791656906,-0.007095872975743678
2013-05-07,0.004874766545047704,,-0.0039672347838193844,0.0017374525570898135
2013-05-08,0.004357217511390621,,-0.005860862136661349,-0.010102342624622595
2013-05-09,-0.0030098153893685087,,0.002387503249036249,0.0013793755333991744
2013-05-10,0.0030608167447745416,,0.0030730217570587807,-0.0038322635701114717
2013-05-13,0.0006019191912560728,,0.005302296464844558,0.004076657992510402
2013-05-14,0.010139826540375596,,0.00947061489536275,-0.0036058428342733324
2013-05-15,0.005193128709868988,,0.00816732446066315,-0.001645269356717694
2013-05-16,-0.00488917493843688,,-0.0007275173740041276,-0.002299741596032101
2013-05-17,0.009483565295623553,,0.011331525691577948,-0.005757433319534834
2013-05-20,-0.00025378824356803165,,-0.011047068541589345,-0.004039821379367181
2013-05-21,0.0012442832030488127,,0.007953143618946433,-0.0034407281556258942
2013-05-22,-0.007611116099993209,,-0.0025793200148473416,0.011593709530832575
2013-05-23,-0.0030865580629989564,,0.006103695074921888,-0.01019071011935585
2013-05-24,-0.0010398394580680703,,0.008587595647131097,-0.0015441420800503924
2013-05-28,0.005795021222340324,,0.006748917697306943,-0.002568679342662094
2013-05-29,-0.006687834632384648,,0.003451846718070406,-0.019665571474009158
2013-05-30,0.0034986796794667097,,0.0035254823179340245,-0.015132252273876767
2013-05-31,-0.014545868951648111,,-0.006026429966353431,-0.007727335355894083
2013-06-03,0.005312413010241102,,-0.010518053036679376,0.00411976725302563
2013-06-04,-0.0050005024746786475,,-0.009520260757862576,-0.00044472774866823874
2013-06-05,-0.014194329190657662,,-0.0035827555197664555,0.0028403172488843387
2013-06-06,0.008859528871003386,,0.008770890869442861,-0.010994040092559842
2013-06-07,0.012527111962103987,,0.022299196221414175,-0.0006878009508030185
2013-06-10,-0.00019363050654397362,,0.0001932238825671285,0.0008194061607766923
2013-06-11,-0.010509367123752611,,-0.004969746860287262,0.00602311479758163
2013-06-12,-0.008470711519853902,,-0.00611639859783284,0.006799953552322258
2013-06-13,0.015015088018690115,,0.003261896159551192,-0.009545634361829024
2013-06-14,-0.006466096553159328,,0.002211673426213756,0.0032533530175367087
2013-06-17,0.007527372417318157,,0.0018784687630201795,0.00025413529496949236
2013-06-18,0.007711690372218527,,0.00318394556694317,0.000677145429000393
2013-06-19,-0.014009834642148888,,0.00012441187724836558,-0.002059744721116785
2013-06-20,-0.02497205517678347,,0.0011497339944326786,0.0023359935300328524
2013-06-21,0.003016720669380746,,-0.004165706239050282,0.006662590774318422
2013-06-24,-0.012829580581191324,,-0.004582153550559753,0.014466888466302875
2013-06-25,0.0094204860769318,,0.0069894650030865035,-0.015370555323020552
2013-06-26,0.009707353651893458,,0.01672738650202963,0.001946988292658547
2013-06-27,0.005675636516528693,,0.008534656592350854,-0.014379326647219704
2013-06-28,-0.004290725140416729,,-0.009650071063827138,-0.007982777695050403
2013-07-01,0.005665987285058627,,0.000498160090074018,0.0016129067217406923
2013-07-02,-0.0011229954676099663,,0.0057778295027384845,0.001852607516723337
2013-07-03,0.00024085429610765097,,-0.0031892612146282805,0.006434258743031529
2013-07-05,0.010595223952229338,,0.015833994968945907,0.0019907099835276484
2013-07-08,0.005510898426268396,,0.009437908148749407,0.010530430072461216
2013-07-09,0.007003825418990806,,-0.003542905573668065,-0.003991772838547158
2013-07-10,0.0001696972856468637,,-0.0003510508414427016,0.000739556321983614
2013-07-11,0.013426846780930202,,-0.005217536700126301,-0.004276619210080336
2013-07-12,0.00022446095536698962,,0.012600092944302588,-0.003223303622424745
2013-07-15,0.0036270303925916014,,0.007317586149405753,-0.004972493187212723
2013-07-16,-0.003940452186688481,,-0.01332080554882047,-0.0037997579730573387
2013-07-17,0.0023731274057141594,,0.008102687178617562,-0.00195862084194216
2013-07-18,0.005284536473768364,,0.010972897504254465,-0.0009059909888990076
2013-07-19,0.0015827751751598118,,-0.00035557135881182384,0.006337810819290501
2013-07-22,0.0017570069600254534,,-0.0017028676938157464,-0.006926413776118368
2013-07-23,-0.002317282343496596,,-0.010075847525230297,0.008253262589828936
2013-07-24,-0.0038591207183283904,,0.002688172076651896,0.00419180004623938
2013-07-25,0.002239109236033876,,-0.011168324678188124,-0.002494157529830554
2013-07-26,0.0008720596435660699,,-0.012813335032574058,0.006590138432666714
2013-07-29,-0.003268475937247328,,-0.004601296868563154,0.0058601720134565435
2013-07-30,-0.00019363050654397362,,0.004567807119665934,-0.007198249556240732
2013-07-31,0.0005178860044428024,,0.007315771900068657,-0.0076711158681920695
2013-08-01,0.011364690691824775,,0.013887154169317408,-0.009600696228130456
2013-08-02,0.0015056063532483677,,0.002665509341711658,-0.0010418610513893366
2013-08-05,-0.0016559013150460045,,0.0053717773163985405,-0.003409016815307664
2013-08-06,-0.005876156157723633,,-0.0014438081326534347,0.010470140172859955
2013-08-07,-0.003434377164170166,,-0.006242832301199274,0.004597629184142959
2013-08-08,0.0034711068202053497,,0.004757124905307454,-0.015523642643107594
2013-08-09,-0.003079370618028987,,-0.002475765650132844,-0.0066685279352269086
2013-08-12,-0.0013744864568407955,,-0.010222528381323093,-0.005093162825320973
2013-08-13,0.0027628434456545836,,0.014394818786732867,-0.005210044356592092
2013-08-14,-0.005323348169010922,,-0.013683942205495892,-0.005015615159920994
2013-08-15,-0.014179243893002735,,-0.022932577440711456,0.0012837075200699335
2013-08-16,-0.003499399562464145,,0.0007291580921408797,0.003078322094246244
2013-08-19,-0.006585671723310704,,-0.007096027503501124,0.002630908042890956
2013-08-20,0.004722184983904754,,0.0040195244261845625,-0.008348310467089903
2013-08-21,-0.006353877840388211,,0.009033382392138545,-0.003110669596708582
2013-08-22,0.008921607470199211,,0.008295963835495624,-0.010496616226552548
2013-08-23,0.0031786677875063063,,-0.00810103943099041,0.004393448107803555
2013-08-26,-0.003914673453795481,,0.00041824693903483876,-0.005950658605637815
2013-08-27,-0.01627773023655943,,-0.015723902948020407,0.01999790912049565
2013-08-28,0.0033571280518933655,,-0.0011018277025144686,0.0006479282363664575
2013-08-29,0.0013922768934595542,,0.004486917325177498,-0.006033018787871813
2013-08-30,-0.0033606548794414826,,-0.002866165135690368,0.003429977779283866
2013-09-03,0.0043279386001406905,,0.01510159364465693,-0.014113176028043507
2013-09-04,0.00807945433213364,,0.004884399572100094,-0.013300083034664234
2013-09-05,0.0010734328602857168,,0.010476093190245261,-0.001862952956727304
2013-09-06,0.000288613268486948,,0.001442978413374052,0.0005565662444569351
2013-09-09,0.00938219035668486,,0.0069585569268836075,-0.0015621353167001514
2013-09-10,0.007203843173556157,,0.014863446192550379,-0.00970476614046265
2013-09-11,0.002944629857625447,,-0.0018928082448233631,0.0052966502658544625
2013-09-12,-0.002849734462808895,,0.0010138707744625445,0.010709957663181901
2013-09-13,0.002055417710981944,,-0.005975704367980971,0.005623954321601376
2013-09-16,0.005593867993259893,,0.00640738352747533,-0.0028108140869810725
2013-09-17,0.004268882529276485,,0.0026029975831808657,-0.010882974025103109
2013-09-18,0.01137998139137375,,0.006061460641337547,-0.007491105460796699
2013-09-19,-0.0018690702228770784,,0.0029081057330686663,0.004462888002529596
2013-09-20,-0.007185078550026702,,0.0031622222791254373,0.0019314059491350889
2013-09-23,-0.004820934952518563,,-0.007370374620575314,0.007403173057994284
2013-09-24,-0.00254734569252002,,0.006759488587226725,-0.008788044295206809
2013-09-25,-0.003084242312312413,,-0.001727308631404467,-0.011347287387133708
2013-09-26,0.00365171463410241,,0.0053169733258470854,0.0020859737973992765
2013-09-27,-0.004790435585850128,,0.00903461217359779,-0.0020815758901506004
2013-09-30,-0.005521863110219849,,-0.0037805729382342722,-0.005206367104731669
2013-10-01,0.007722737625425191,,0.002982059044499919,0.0006319829703677502
2013-10-02,-0.0011388664247037328,,-0.0012662771870849189,-0.004198808576849067
2013-10-03,-0.00941428692594748,,0.003013333608273782,0.0008671888537232888
2013-10-04,0.007382815159181488,,0.008691330791232733,-0.009524202879773468
2013-10-07,-0.008838234695321745,,-0.009303108462750032,0.0031349549934595266
2013-10-08,-0.011839918572432273,,-0.009602284302486252,0.012391806958754834
2013-10-09,0.000531403702574762,,-0.0052494701296577845,0.00421076676637403
2013-10-10,0.02136439755765651,,0.0197992797446813,-0.01742088282354055
2013-10-11,0.006249342466549956,,-0.0011595217004444769,0.009756695112930569
2013-10-14,0.003800442001576032,,0.007696926422281437,-0.007534747844578816
2013-10-15,-0.007447678146375258,,-0.005545517527371536,0.0018304529181794706
2013-10-16,0.013771830711307276,,-0.0002159333333926032,0.0014607666780395608
2013-10-17,0.006489941802493737,,0.006669957927537773,-0.0080683128431304
2013-10-18,0.006561007848266742,,0.0052337323923493,-0.003248157560883491
2013-10-21,-0.0001364065461877395,,-0.007577760047847737,0.000916243824898888
2013-10-22,0.00559727663785492,,-0.000756180354818569,0.0006224024207466591
2013-10-23,-0.004982101989138177,,0.00389741611355493,0.008624904293997215
2013-10-24,0.0031286628651510107,,0.014123364777147086,-0.013051276776707121
2013-10-25,0.004374153845599915,,-0.0016794022717048882,0.004040573629096311
2013-10-28,0.0013974479172422782,,-0.005240664505232151,0.00484622434368257
2013-10-29,0.005140006554056553,,0.00417842084794956,0.001978727560271897
2013-10-30,-0.005159945475399441,,0.0027444140083597527,-0.00570222566600086
2013-10-31,-0.003030543610813896,,-0.003963958896873421,0.010946599047981577
2013-11-01,0.0021960225456496563,,0.007349593105381458,0.008072972099060039
2013-11-04,0.003324918658792031,,-0.0068299823107284335,-0.0052524030945663705
2013-11-05,-0.003360165849982999,,-0.0003151350835781,-0.0019257829035192243
2013-11-06,0.004911372204894571,,-0.015876114889995928,0.01292357668373525
2013-11-07,-0.012836325488594924,,-0.011926317211384794,0.010881132094121214
2013-11-08,0.013297032189542701,,0.015066807590997322,-0.014529729402952652
2013-11-11,-2.4446208769290934e-05,,0.00010024726499860978,-0.002141778941958361
2013-11-12,-0.0022232850776184865,,-0.0036899106535389636,0.0038967279688087997
2013-11-13,0.007830639625478586,,0.006301954110418407,-0.004307710124581887
2013-11-14,0.0047954689088891556,,0.0029609854119307163,0.002635024147939114
2013-11-15,0.004157633101717684,,-0.0026753314319860055,-0.00027177296905540535
2013-11-18,-0.0036925628636385044,,-0.007205588866553125,0.011249539406439357
2013-11-19,-0.0023675481387278596,,-0.004437860147699757,0.007959303108771043
2013-11-20,-0.003321465808013291,,0.005087076055244478,0.0016888759459044783
2013-11-21,0.007875323083365249,,0.01676306280157862,-0.007713943025414405
2013-11-22,0.004808190892372499,,0.00799413755275925,0.0005557318753892423
2013-11-25,-0.0011892883408274324,,0.001460436952364108,0.004747317909892445
2013-11-26,8.344389805015062e-05,,0.007379542810397555,-0.003932965414304712
2013-11-27,0.0022416012476371705,,0.004716440709342895,-0.005878814632275409
2013-11-29,-0.0008558480277489622,,-0.00442898412388909,0.002299423039945692
2013-12-02,-0.002790586367500847,,0.005345300994799185,-0.001795979287824978
2013-12-03,-0.004513894799142104,,-0.004398623449679495,0.0006664527073412586
2013-12-04,-0.00030550844623689066,,-0.0032408073521664974,-0.0057896184952286435
2013-12-05,-0.004588965833395853,,-0.002602539636411316,-0.0001037013489307622
2013-12-06,0.010983434435568595,,0.008677677296850584,0.002663800208785337
2013-12-09,0.0023485114272545626,,0.0026120189907271833,-0.0068212178426153795
2013-12-10,-0.0037766540067478704,,0.0011762338631503447,0.0011825072324295862
2013-12-11,-0.011424503936857011,,0.0020904885232088995,0.010027409279057585
2013-12-12,-0.0034953568192641615,,0.00470040081835027,0.000544949898375802
2013-12-13,-0.0003054629415857324,,0.020122687384594884,-0.014776518244197047
2013-12-16,0.006038535567461478,,-0.011394881577516336,0.007253881683229723
2013-12-17,-0.003374253504192626,,0.005315464159296501,-0.007107555019915124
2013-12-18,0.016878688386188445,,0.015925344178568657,0.03322221183410465
2013-12-19,-0.0013487598791578348,,-0.004081970297545379,-0.009327129259263545
2013-12-20,0.0056229180477804785,,0.01780537792015522,-0.0063531060349721336
2013-12-23,0.005148830784936997,,-0.0022666770346617014,-0.002032329362191665
2013-12-24,0.0019976422084220236,,-0.0047328040399883696,-0.0049847406280224445
2013-12-26,0.004890348319476878,,-0.0003618527072643436,-0.0005449297734934078
2013-12-27,-0.00024812616814640087,,-0.007168581904945969,0.00039045197056084544
2013-12-30,-0.00035671663702130374,,0.0012235793851446354,0.0008277846251303121
2013-12-31,0.004539097704509887,,0.0037543516357142932,-0.006466964009772036
2014-01-02,-0.00977725281188957,,-0.002317124505374379,-0.004643925018873308
2014-01-03,-0.00035754580887148446,,-0.006588877742799714,0.010637270213572213
2014-01-06,-0.0030912466616860312,,-0.0009405052583804417,-8.95633582591704e-05
2014-01-07,0.00594789982367816,,0.008055624627380364,0.002761768385026564
2014-01-08,2.418770024559258e-05,,0.015127198943727382,-0.016681175411022785
2014-01-09,0.00046029756198429084,,-0.00024135478562711246,0.007222572631839031
2014-01-10,0.0025288789526534128,,0.00045687110771264194,-0.0056899090267070965
2014-01-13,-0.013498585989805911,,-0.003592178022145875,0.010294799618802431
2014-01-14,0.010704133311835173,,0.005615739895047033,-0.015758065449893267
2014-01-15,0.0051964596437776844,,0.004180995723378034,0.0008713057482235718
2014-01-16,-0.0014931065446688319,,-0.0011120573345049344,-0.00613114791108309
2014-01-17,-0.00442331643319005,,-0.004361717942810006,-0.009763887585369757
2014-01-21,0.002747020202548356,,0.0028717158828968524,-0.006287143379148053
2014-01-22,0.000458260909104391,,0.01581966766782681,-0.004302938739452744
2014-01-23,-0.008387498012619954,,-0.015317304276665823,0.0026520450800583068
2014-01-24,-0.021529627091548154,,-0.01659535276423431,0.0179168819642491
2014-01-27,-0.005112482762419046,,-0.006526736101322672,0.006660882020054493
2014-01-28,0.005761107685258393,,0.0085803520987498,0.0015185206546919575
2014-01-29,-0.00979868061479594,,-0.011757161572317253,-0.011763012047646914
2014-01-30,0.010406596263419887,,0.013197282137693465,-0.0038809946970926983
2014-01-31,-0.006051827647923669,,0.006535632242935675,0.009513575005957451
2014-02-03,-0.02269924850782512,,-0.0032201239456884564,-0.001966198513842367
2014-02-04,0.006811106433565195,,0.005478265137509587,-0.012780424744146812
2014-02-05,-0.0014477486185050514,,0.006676863008187683,-0.004105506565070105
2014-02-06,0.012993349036488855,,-0.005764253770022043,0.005902316473845837
2014-02-07,0.012202518648795513,,0.014454365738953855,-0.00980236366879068
2014-02-10,0.0016426837584282428,,-0.001460158583094018,-0.0027654998397081184
2014-02-11,0.01075017731584249,,-0.006146462169930367,0.0015216237222213536
2014-02-12,0.00030127636154619886,,0.00958090765591042,-0.005827537898439028
2014-02-13,0.0049689780072292855,,-0.001212475349705977,-0.004049903344092864
2014-02-14,0.005324777531068747,,-0.00140725441638877,-0.0017528383184344572
2014-02-18,0.001002492160558921,,0.005249581824510507,-0.014838523230104629
2014-02-19,-0.006815506638676472,,-0.0054357121570775095,0.002793157636523147
2014-02-20,0.005707078368835994,,-0.002012867281920549,-0.004574438790581802
2014-02-21,-0.0013347061928850046,,0.009288166854270585,0.006862609235184713
2014-02-24,0.005354190723089847,,-0.0008585018186071155,-0.0028397689473271368
2014-02-25,-0.0005727300808870961,,-0.00997989408350799,0.004343894678591409
2014-02-26,-0.00013932188132548262,,-0.00036145660374854445,-0.005790094765840937
2014-02-27,0.005053846470090884,,0.006687916726036646,-0.002860801061384111
2014-02-28,0.0023359866808254637,,0.0001880345395693147,0.01457486340162727
2014-03-03,-0.007226193453699459,,0.0007112783826188959,-0.003779709997093105
2014-03-04,0.013861963874557848,,0.008065904774240983,-0.009021211747409975
2014-03-05,0.0007131180683717098,,0.0034890460345585075,-0.0072568407589447045
2014-03-06,0.0020962154156254353,,-0.009108348309223668,0.01096904063199573
2014-03-07,0.00023152577441942768,,-0.008871222426231706,0.0068124850249959065
2014-03-10,-0.0007246499237671955,,0.003916038310240122,0.0004417936750853112
2014-03-11,-0.0051361962886422585,,-0.00540349247781794,0.004879293757583248
2014-03-12,7.364156103029096e-05,,-0.002944472501185202,-0.0013216865199511705
2014-03-13,-0.011407409331178897,,-0.01025081635122077,0.001832597381375067
2014-03-14,-0.0030016119310892764,,-0.004390373551498706,0.0015421988230130855
2014-03-17,0.00885017604338234,,-0.0007209785755980854,0.004551500122911555
2014-03-18,0.00694406229510669,,0.006104979011005419,-0.009475669118860075
2014-03-19,-0.0055219075083009495,,0.0002549568393265256,0.005500051633696669
2014-03-20,0.00564588910203323,,0.004666986716287113,0.0029619828969445266
2014-03-21,-0.004072736031154656,,-0.009278479101038373,0.009814599402642765
2014-03-24,-0.004329128123240156,,-0.007111434481922274,0.0006403424046961925
2014-03-25,0.004552322520119834,,-0.009656281558044953,0.017378158332078307
2014-03-26,-0.00738586801886032,,-0.007803927252711207,0.019360222632725386
2014-03-27,-0.0023017901670974172,,-0.007239686463325856,0.0018709863118933521
2014-03-28,0.004736207079444776,,-0.008907503213997858,0.0008076633833671298
2014-03-31,0.00800085690078256,,0.015114204075164584,-0.008472871378427992
2014-04-01,0.006437159114005775,,0.013157972421571362,-0.010706651499328868
2014-04-02,0.0031528665585849325,,-0.005427083134531829,-0.006695201364837601
2014-04-03,-0.0015169635585987606,,-0.003679074418229977,0.005643147490353795
2014-04-04,-0.012016027153766706,,-0.019976665284325446,0.015095624365109495
2014-04-07,-0.011245267247688262,,-0.01522141825794402,0.018180005856623892
2014-04-08,0.003929174583677364,,-0.0035163295400191807,-0.0028717973224430928
2014-04-09,0.010557262547866708,,0.009756763903777322,-0.012023993793560917
2014-04-10,-0.021199312642483426,,-0.02604471085017801,0.025222550462231732
2014-04-11,-0.009202332390245815,,-0.005158465351697749,0.01499363851530463
2014-04-14,0.007684879448463189,,0.0009615031925230503,-0.005852829172220929
2014-04-15,0.0066941473699737575,,0.0011374085670438406,0.003478162791025608
2014-04-16,0.010283730538936275,,0.006643668313508766,-0.004300345132394556
2014-04-17,0.001203453428300305,,0.01876777687030523,-0.007930399313123292
2014-04-21,0.003293703524423819,,0.00401670586956544,-0.017263491562760278
2014-04-22,0.00435056497245867,,0.004866773547172076,-0.014633284241669398
2014-04-23,-0.0025352884151133015,,-0.00018769324456404667,-0.0001743762511081104
2014-04-24,0.001833820913597295,,-0.00256222540586436,0.004437441866991987
2014-04-25,-0.008392846743252247,,-0.015960854365088862,0.013147086393173014
2014-04-28,0.002973882719275789,,-0.013891794382360313,0.02674287298227458
2014-04-29,0.004461514504810138,,0.012809011513365533,-0.014345891527157572
2014-04-30,0.0027892552774040347,,0.012302292893698484,-0.009164367283766305
2014-05-01,-8.748326697971542e-05,,0.001697199254355941,-0.015915846167728433
2014-05-02,-0.0016276609255521102,,0.001194142528128217,-0.0020480444657722807
2014-05-05,0.0017208567910456107,,0.008032484623798408,-0.0030365786882355474
2014-05-06,-0.00889730203303174,,-0.0006210820460505473,0.006263937100367035
2014-05-07,0.005695502365774097,,0.0011942507883396123,0.009146115707098968
2014-05-08,-0.0012585304174297374,,0.0006305924981998446,-0.0046949118865887264
2014-05-09,0.0012985189489838067,,0.00023663640766070655,0.0036356568537163625
2014-05-12,0.009542316850126298,,0.0035546408618586482,-0.014139785793007032
2014-05-13,0.0007022771379054937,,0.002105890326187276,-0.0007724820539650626
2014-05-14,-0.004931926096154338,,0.0025652724014642693,-0.0002238417606160502
2014-05-15,-0.008973568707283941,,-0.0042446028702415525,0.0023872772580881274
2014-05-16,0.003274908994682857,,0.0048265069713841705,-0.004150888987077506
2014-05-19,0.003475807017542909,,0.011229888767053109,-0.0058693083423711715
2014-05-20,-0.006499175589119943,,-0.003081346777345362,0.008282390508540037
2014-05-21,0.008230786886735508,,0.0014807473974168261,-0.0037822859597206665
2014-05-22,0.002239056430233477,,0.00300411984995953,-0.0027606545607481102
2014-05-23,0.0038153043920285956,,0.005023131128550584,-0.004915552591747674
2014-05-27,0.00595268417227679,,0.014081884605533923,-0.013468996844230363
2014-05-28,-0.0009245992516089263,,0.003810429196914933,-0.003027585079110451
2014-05-29,0.00497891994892119,,0.0010306715884972123,0.0007651179478892047
2014-05-30,0.0014184882126115905,,-0.005744682827030855,0.008264391237560198
2014-06-02,0.0009477992478408304,,0.0043625708109642945,-0.007754850502675004
2014-06-03,-0.0007121269485151904,,-0.005522917956459105,-0.0068650026631769225
2014-06-04,0.0018290099958280237,,0.0002765911596524502,-0.007805335329714569
2014-06-05,0.006328998411272435,,-0.0009685173421196012,-0.00030286260403925534
2014-06-06,0.004588964227568049,,0.0014786550766233472,-0.003738543072511879
2014-06-09,0.0008298155642110228,,-0.003185998431521719,0.01043574419194776
2014-06-10,-9.123713825953672e-05,,-0.0011114376545375171,0.0011513976495377664
2014-06-11,-0.0036700471170741933,,0.0059652067313848535,-0.009250965524793231
2014-06-12,-0.00727345904609511,,-0.009160356632924449,0.001627770213654834
2014-06-13,0.0028549364218819484,,0.006137428261901501,-0.004631428138993043
2014-06-16,0.0006300891420962795,,0.0034069420621642976,-0.0011668882051234174
2014-06-17,0.0025860654177685127,,-0.0030713399844683907,-0.006112802842959742
2014-06-18,0.007145860004234006,,0.006235338081626541,-0.0022028308088329236
2014-06-19,0.0009273610029461032,,-0.009691067811692522,0.006360062272606248
2014-06-20,0.0018363627366735358,,0.005422931635234529,-0.0005999896099297742
2014-06-23,-0.0004994507777515977,,-0.002211281533497489,-0.006704141800306606
2014-06-24,-0.006217684422069492,,0.005871834573319246,-0.0002780428553225689
2014-06-25,0.004325793036919157,,0.0016295050194768063,-0.005485459874815357
2014-06-26,-0.0009093514931034496,,0.0021034335769204546,-0.002522057231782038
2014-06-27,0.0017506367600237382,,-0.004815751931888157,0.00252335865150769
2014-06-30,-0.0007040562088224123,,0.002190117001683034,-0.010139335889776158
2014-07-01,0.006499450227097636,,0.0027776703792662064,-0.005891117691590453
2014-07-02,0.0008213304113988684,,-0.0019510661644867365,-0.003523919149927124
2014-07-03,0.004724733600194098,,0.0027707783607669456,3.1000304464190616e-05
2014-07-07,-0.003674838358464605,,-0.008645523314002956,0.00928355123471002
2014-07-08,-0.00662366684710558,,-0.004399071397380272,0.0016979875780043677
2014-07-09,0.00429042154813386,,-0.0012053236172390631,-0.008090090988266763
2014-07-10,-0.004150795537054108,,0.0006022328315860915,-0.0005822485982969524
2014-07-11,0.0011818004621431122,,0.002008840946627976,-0.011890896174690468
2014-07-14,0.004842088128396149,,0.008066716833131427,-0.002378118563411769
2014-07-15,-0.0020666842490107973,,-0.00030732974253850904,0.0034730147920454253
2014-07-16,0.003507939725265752,,0.00539941573348518,-0.0006818674919307878
2014-07-17,-0.01155952184071174,,-0.013377429893047577,0.004390842700011555
2014-07-18,0.010025767011084818,,0.0056226775938784225,-0.004409001299035363
2014-07-21,-0.0020654534408347525,,-0.0010454370798599344,0.0018588112648082909
2014-07-22,0.004164431705231397,,0.0035350592830169615,-0.003485347441256992
2014-07-23,0.002026648138849785,,0.003395362484315567,0.006358787978086322
2014-07-24,-0.0001436507990568714,,0.005431753197727174,0.0002618862710831787
2014-07-25,-0.004875424109686555,,-0.004247302700036593,0.0031466407772994254
2014-07-28,0.0002113712796734113,,-0.002324721353975956,-0.0018170385427625836
2014-07-29,-0.004491459062489045,,0.0040963250669802335,-0.005768139402298344
2014-07-30,-4.088861910900299e-05,,0.005908473771209555,-0.0076552833344477825
2014-07-31,-0.019941694145088285,,-0.0071804733604494825,0.0029938331656715993
2014-08-01,-0.003249323623217615,,-0.0012491716177286728,-0.0007452341467264591
2014-08-04,0.007027003621463468,,0.004243227620892387,-0.006175817734995681
2014-08-05,-0.009889695351792849,,-0.005303002832595427,-0.0006692225396849327
2014-08-06,0.0001187406549305603,,-0.014848295338074335,0.0095397163916645
2014-08-07,-0.005608186848710339,,-0.005709592589509338,0.010430411728701038
2014-08-08,0.011375428846392976,,-0.002291347609486405,0.004436603466766031
2014-08-11,0.0027038229348277376,,-0.0007786192938851744,-0.0035032196845351743
2014-08-12,-0.00158660677086786,,-0.0016305240080014439,-0.0005805547592646065
2014-08-13,0.0065752865323005505,,0.00885389672610477,-0.0030585122595120804
2014-08-14,0.004527992750311904,,0.003605760758972687,0.0008183667700768615
2014-08-15,-0.0003976345919640689,,0.011545645018408456,-0.013364926424042377
2014-08-18,0.008185497104597594,,-0.002370540449444781,0.006367861418767141
2014-08-19,0.0050249242497493185,,0.001225696861953729,-0.0023347848162523447
2014-08-20,0.002478105651632534,,0.0010603820978496215,-0.0016271586947886442
2014-08-21,0.0027224097129148195,,0.0019018284596895693,0.00018513120911692847
2014-08-22,-0.0017476414365361626,,0.006819668454620697,-0.0038922335963442857
2014-08-25,0.004877015453446987,,0.0017799102795611477,0.00042548418969824437
2014-08-26,0.0004556105246316111,,-0.004689247780436234,-0.001129148986210915
2014-08-27,-0.0005927035838668715,,0.0069996691363833794,-0.000695023524083982
2014-08-28,-0.0007431808016254982,,-0.0027554179954140555,-0.003727108130105128
2014-08-29,0.0026544691363830086,,-0.0007273893508156879,-0.0024294875247615755
2014-09-02,-0.0006918062794695201,,0.002005080536600357,0.0071413216672166595
2014-09-03,-0.0007419155946966072,,0.002819693985019578,0.0008469925232817423
2014-09-04,-0.0016400208040759923,,0.0021171425181186086,0.0044633182972445675
2014-09-05,0.004301614285619815,,0.00505874670029226,-0.0035321437251567105
2014-09-08,-0.002779585822074937,,0.00989854718235642,-0.0018905128342128206
2014-09-09,-0.006524565651253478,,-0.008929604979591043,0.005814500871586658
2014-09-10,0.003569305023212843,,0.0013167776432623456,-0.001910740056813287
2014-09-11,0.0009554283266861585,,-0.003850650803684708,-0.003249078866189381
2014-09-12,-0.006034722505839252,,-0.0014713227971485665,0.0076492779402591365
2014-09-15,-0.0009468234231755357,,-0.012737620917672476,0.01199083368918914
2014-09-16,0.007344913794736785,,0.011106017807754642,-0.0063321117806531945
2014-09-17,0.0011528381803562748,,0.003641987750366893,-0.001639480886699407
2014-09-18,0.005136384299104346,,0.004018693083737368,-0.0030179625771608156
2014-09-19,-0.0010944399405024008,,-0.002274026905646043,0.011114863739524406
2014-09-22,-0.007916368622760017,,-4.4832159887231784e-05,0.006012610386545992
2014-09-23,-0.0059182788124017005,,0.0009243365678075046,-0.005304392637386224
2014-09-24,0.0076341168385931635,,0.011516270579730748,-0.00476095724962866
2014-09-25,-0.016329376439006116,,-0.0004132737530362241,0.0012104987221594355
2014-09-26,0.007752259862684907,,0.010993923271253848,-0.007230085341673697
2014-09-29,-0.0020128133778793966,,0.009122208921775475,-0.0032956996489696523
2014-09-30,-0.002826013166876251,,-0.0005556018887816205,0.0026196601686758526
2014-10-01,-0.013745430064132091,,-0.012480585987718028,0.0012762134553348167
2014-10-02,-3.908761945914385e-05,,-0.005508754049292653,0.004158108136320937
2014-10-03,0.010815633753639586,,0.008084480826034246,0.004760246261904744
2014-10-06,-0.001364147430976681,,-0.011229128467712846,0.0019626475757196114
2014-10-07,-0.01562993238785859,,0.0019970131873773833,0.008935102431761465
2014-10-08,0.017295741571684564,,0.002027734866671096,-0.012742687507992612
2014-10-09,-0.020027096085022067,,-0.0043346962573224575,0.013919465327271587
2014-10-10,-0.011607666251961302,,-0.011438385242293281,0.021968730381137894
2014-10-13,-0.01662081249663605,,-0.0143794107111917,0.003709987773986744
2014-10-14,0.0013540198796797576,,-0.0014910285373408326,0.004846625384930558
2014-10-15,-0.006959716908632063,,-0.0032922121765285653,-0.005583015072837117
2014-10-16,-0.0010515791752887527,,-0.001520719782247027,-0.01388511306135981
2014-10-17,0.011616559239889135,,0.010129026360484537,0.0019460373107121672
2014-10-20,0.009516365616277556,,0.0005016915346242271,-0.011090249507162886
2014-10-21,0.019617347976097044,,0.012347175455234137,-0.01604587684565595
2014-10-22,-0.007304627954678233,,-0.0003275258359693011,0.011833978851815207
2014-10-23,0.011431003449213106,,0.00638285658319504,-0.014651972493326757
2014-10-24,0.007501472099747497,,0.01324445821178677,-0.003367134610586898
2014-10-27,-0.0015680866342069333,,0.01144474831252137,0.002465485754353192
2014-10-28,0.011276787199643312,,-0.00976565729897748,-0.011522538291014593
2014-10-29,-0.0017058442562208898,,0.004114079777787927,0.006666524595435596
2014-10-30,0.006216829050207817,,0.0026052322609234403,-0.000595285146566516
2014-10-31,0.011242277884332186,,0.01123877125704852,0.0029952402153720636
2014-11-03,0.0003516568520647301,,0.002429469647839277,-0.0026988202881215065
2014-11-04,-0.003662695547347772,,0.0017462601134482503,0.00973810096467136
2014-11-05,0.006121902443512406,,0.0031020434828307407,-0.006097338754281366
2014-11-06,0.0038098531144794556,,-0.007965631178365452,0.0018557045816944397
2014-11-07,0.000741554446670234,,-0.01216371277765723,0.00016781161529199045
2014-11-10,0.002954051866379981,,0.008898584942955224,0.007199677532227
2014-11-11,0.0007864670387955908,,-0.0018695956347888232,-0.0040564851651767484
2014-11-12,-0.0012707458715127684,,-0.0028052655285476847,0.0012250855106316183
2014-11-13,0.0009340976635192622,,-0.0011317117999851576,0.004362184109105294
2014-11-14,5.1346554033271374e-05,,-0.008432868002573446,-0.010985987146199494
2014-11-17,0.00044289920513329584,,-0.006619127090239663,0.007666710404962118
2014-11-18,0.005580026855680265,,0.0030488989004075692,-0.015474298351480321
2014-11-19,-0.0017990766251028134,,0.0006952946542044926,0.016633449509860277
2014-11-20,0.0015604828122537384,,0.002786544967980676,-0.00602432396334499
2014-11-21,0.005156895442982812,,0.0036447069118146647,-0.004940978766803317
2014-11-24,0.002612897628163635,,0.012662109933440968,-0.01132895617177806
2014-11-25,-0.0009174068553503556,,-0.005477299530898749,-0.00043901270028359144
2014-11-26,0.0023654572549913766,,0.0119972569649054,-0.004263668801765685
2014-11-28,-0.002312947583877678,,0.008461731326720158,0.011418542853199876
2014-12-01,-0.007143126289118618,,-0.013670250293781628,-0.001747879551286879
2014-12-02,0.006270257328396145,,0.00578066904996607,-0.009988526162244138
2014-12-03,0.0036692299206588785,,-0.0018126264844441024,-0.01773935121473582
2014-12-04,-0.001299593225289497,,0.007185174370247049,0.0044749890103736424
2014-12-05,0.0014433571677912038,,0.008030317669239829,-0.005862437988011992
2014-12-08,-0.0068759952397611235,,0.005185363822864129,0.018453343548880164
2014-12-09,-0.0008716756615463339,,-0.0017246776605153611,-0.010389664415776122
2014-12-10,-0.01622486801566514,,0.005994998569302114,0.012547264526102385
2014-12-11,0.004876306500503524,,0.005764508571982752,0.0017451445741444639
2014-12-12,-0.016355202929968393,,0.01037532792342586,0.008980231132366755
2014-12-15,-0.007063126449477597,,0.0009450900692875245,0.011392524090418566
2014-12-16,-0.008213156600657578,,0.0011968242564523888,0.01184095896578109
2014-12-17,0.01941138778948348,,-0.0030609392828341436,-0.016719741544953336
2014-12-18,0.02453496231839658,,0.0038362829466038507,-0.005807706181297001
2014-12-19,0.004061374433135256,,-0.008372714323647345,-0.003916261456396231
2014-12-22,0.00440623693140374,,-0.00019891601552193263,0.017756383262631292
2014-12-23,0.0011559262374778445,,-0.004309286080423947,0.005183499274805792
2014-12-24,-9.733175741399869e-05,,-0.0038493641227093423,-0.007221480285593507
2014-12-26,0.0030314001340476793,,-0.0022213201900333495,-0.007946633078022503
2014-12-29,0.0011496455094253122,,-0.0015313239026746306,-0.008567016850394137
2014-12-30,-0.0055600577222617575,,-0.005364880230950731,-0.00012391757974054016
2014-12-31,-0.01011654384506977,,-0.002849852533121356,-0.0012459150680934512
2015-01-02,-0.0007283842897247705,,-0.008758371422737821,-0.003708279993889585
2015-01-05,-0.01825352008509984,,-0.0067191893278234945,0.004683800731887344
2015-01-06,-0.009612734910019904,,-0.011098766062632348,0.002488431917089029
2015-01-07,0.012267434155446066,,0.0018172803512245695,0.001795516804894282
2015-01-08,0.017551456038418012,,0.010562583316592725,-0.012827144032783622
2015-01-09,-0.008207282631089052,,-0.0021598972348887196,-0.002255955553189093
2015-01-12,-0.008026831176214388,,-0.012950143753572684,0.004813682175789069
2015-01-13,-0.0030066216963821057,,-0.006325090773803865,0.016477790915915537
2015-01-14,-0.006230754955115381,,0.001868313972890623,0.002278728804113261
2015-01-15,-0.009354350481175389,,-0.007822553661854914,-0.0037622771827843684
2015-01-16,0.012920848178286093,,-0.0018212928974132396,-0.007234274392622763
2015-01-20,0.0019388563307827233,,-0.0020980218246445595,-0.014767691076780488
2015-01-21,0.004854443076097059,,-0.0014631011948992526,-0.01597121069503471
2015-01-22,0.014677498654104282,,0.007797403404250135,-0.002231302406995761
2015-01-23,-0.005676678089329701,,-0.010228723984825517,-0.008777228974221896
2015-01-26,0.0021483451670467613,,-0.007023634604905715,-0.010242307972086705
2015-01-27,-0.013384365126809517,,-0.018931518388201285,0.0004775739817856721
2015-01-28,-0.013017727216151131,,-0.001625515465392413,0.012362305776751603
2015-01-29,0.009049608810229426,,0.006470988836481462,0.0022380924811047694
2015-01-30,-0.012768484584589679,,-0.02128449972571067,-0.007899621078883423
2015-02-02,0.012190616810890953,,-0.012719212878928767,0.0009574896390210242
2015-02-03,0.014267535312079582,,-0.004756198337576635,-0.0026075731049111997
2015-02-04,-0.004001372497416833,,-0.006649914053011009,0.014779865318061126
2015-02-05,0.009901240258415989,,-0.0018806945904724648,-0.00704265670282922
2015-02-06,-0.0029588179314745666,,-0.006939411449851052,0.006378508867006239
2015-02-09,-0.004669525523781082,,-0.014758574208768527,-0.011147311309064923
2015-02-10,0.010459543409686578,,0.0036111156225278173,-0.014219255081511305
2015-02-11,0.00038678826497440255,,0.0025327074041755935,0.000987520638397732
2015-02-12,0.009423251970951174,,0.008012347354414074,-0.009717878782983847
2015-02-13,0.003922787506841052,,-0.0051423586948035616,-0.001528850442475349
2015-02-17,0.0013793504654320277,,-7.986536220572216e-05,-0.0011215454915954881
2015-02-18,-9.841341156735517e-05,,0.0025859660892652014,0.00504578972179719
2015-02-19,-0.0009079105065896709,,0.0029480613854583008,-0.0025249130112158236
2015-02-20,0.005807355156648875,,-0.0018240524526880525,-0.0011472485123270263
2015-02-23,-0.0003358232960053442,,-0.001394460687557031,0.004010348175902134
2015-02-24,0.0026471312409197534,,-0.002286155042145654,-0.002626544949208898
2015-02-25,-0.0010430960540441792,,-0.010687978232951322,-0.0022930870539296325
2015-02-26,-0.0013749026684902743,,-0.0014464893383331122,0.0015874099278870737
2015-02-27,-0.003599626961944602,,-0.0009556320945891209,-0.00178549757056371
2015-03-02,0.006119711395873306,,0.011445271399549872,0.0018161337455607114
2015-03-03,-0.004297664549714142,,-0.0099373896976226,0.010975481891506456
2015-03-04,-0.0044094261120751765,,-0.0019156434514475684,-0.009463006016318077
2015-03-05,0.0009004335173341538,,-0.0006171048920356915,0.0024077550848319307
2015-03-06,-0.014258111582788002,,-0.0018163108257124982,0.0057070237383425645
2015-03-09,0.0039506020697361866,,0.006441732250326271,0.005845199087354402
2015-03-10,-0.016415159027450055,,-0.00784396601364693,0.00845782789421605
2015-03-11,-0.0025353113348343115,,0.0020527497900882374,-0.0014640259144523716
2015-03-12,0.012520185599387501,,0.0017914218148394334,0.007528136232303407
2015-03-13,-0.006325875748186993,,0.002021125016411729,-0.004420219899363908
2015-03-16,0.013166877308886882,,0.00477128199761947,0.00584823699042001
2015-03-17,-0.0031659497046298,,-0.004285279543812526,0.0024880760315733937
2015-03-18,0.011827824823897881,,-0.015945036244026344,0.0026428629522050823
2015-03-19,-0.004755045872443353,,0.00810721320282155,-0.003029916175599967
2015-03-20,0.008633378994481022,,-0.0016339407487993667,-0.009073450203649004
2015-03-23,-0.0021423077921252087,,-0.008203380966944873,0.0072745706673244875
2015-03-24,-0.005812872950517245,,0.005988420355194701,0.006209010304445418
2015-03-25,-0.014847207187218991,,-0.014031701668743802,0.019034934316663407
2015-03-26,-0.0025750578756905673,,0.0023421057647008085,0.0065732263509057365
2015-03-27,0.002095735788838038,,0.002473358082835042,-0.012844593036912677
2015-03-30,0.012006341300412782,,0.002247437946762033,0.002536534305622385
2015-03-31,-0.008933046454066118,,-0.0008413642570954897,0.0020923049546233037
2015-04-01,-0.003730123936466878,,-0.01081656029071253,-0.0025859430366589995
2015-04-02,0.0034041401469984134,,-0.0011259688976225312,0.008467849606050504
2015-04-06,0.006539331502317669,,-0.005221252385435738,0.0013304385544511965
2015-04-07,-0.0028397258898628097,,0.005294034387019097,-0.0004802201086305691
2015-04-08,0.003183384938275413,,0.012177906380173131,-0.00011038640831966288
2015-04-09,0.004229322229786003,,-0.0041460463466621465,-0.0048718222883778915
2015-04-10,0.00526398980795606,,-0.01306215885878167,0.0011263611400281759
2015-04-13,-0.004716362501444915,,-0.004888240520109899,-0.002871584048323594
2015-04-14,0.0017190610099839798,,-0.009553159681628454,0.0012602620517637388
2015-04-15,0.004293482858185316,,-0.005988064839818852,-0.013919783377642181
2015-04-16,-0.0004787160907745447,,-0.0017699140085144615,-0.00010527517319388648
2015-04-17,-0.011697342921251797,,-0.005475398215496596,-0.0032478483685264856
2015-04-20,0.008943189286216846,,0.009036106725473825,-0.0006705726590610535
2015-04-21,-0.001384536642475509,,0.008079797365073183,0.00019421981228209253
2015-04-22,0.004720184910603553,,0.0017712099590283525,0.0019490353028980166
2015-04-23,0.0023224671662773755,,-0.013261011304355409,-0.0007474979123906931
2015-04-24,0.002127245796706312,,-0.0064357832802618975,-0.004554357455984137
2015-04-27,-0.004351333522692569,,-0.012508193328915174,-0.0008714479944343049
2015-04-28,0.002984979747360006,,-0.005249146705062479,0.00016269079059809746
2015-04-29,-0.004308234035190983,,-0.0032106759346005815,0.0009730159346884931
2015-04-30,-0.010214074546051388,,-0.007840644001136286,0.0021770665404941547
2015-05-01,0.010647776596726777,,0.010220953998279204,-0.010736983369838315
2015-05-04,0.002654087077791356,,-0.00012502038178198102,0.005936195848290004
2015-05-05,-0.011646232059973394,,-0.00665767314196194,0.008485315268637527
2015-05-06,-0.004310021238810413,,7.78134815005993e-05,0.0010186139429521623
2015-05-07,0.0037962133985702806,,0.006733682907779181,0.003964432223758474
2015-05-08,0.01297228592682309,,0.006259582747054982,0.002884714196219407
2015-05-11,-0.004966337909745877,,0.005059689555182378,-0.004008259054274399
2015-05-12,-0.003185343633205995,,-0.0038725898754709224,0.005087731073552971
2015-05-13,-2.698983171400826e-06,,-0.007717745199172621,-0.00619116185436791
2015-05-14,0.010234144341646267,,0.00585892427073701,0.00511180037303809
2015-05-15,0.0008898284156995118,,0.004112168233351821,0.005195764456416264
2015-05-18,0.0029134194001692038,,0.005686993324685819,-0.0034682672874346123
2015-05-19,-0.0005225232839601857,,0.0021574214001448327,0.006611526273312528
2015-05-20,-0.0008975596640251604,,-0.007901659850606679,-0.010467164547489494
2015-05-21,0.0027186667639256257,,-0.0051696358587596586,-0.0036491532061017516
2015-05-22,-0.0025821859073072995,,0.006891572765979303,-0.006313756174970298
2015-05-26,-0.010945285317974007,,-0.0020291586727110063,0.0009289355706720969
2015-05-27,0.009298323703252231,,0.005780353797348748,-0.009966813309213098
2015-05-28,-0.0013220622216399969,,0.0022311426673842006,-0.010364789729221514
2015-05-29,-0.006406626797062498,,0.002766043909627502,0.0003125138660515893
2015-06-01,0.0018431645480090353,,-0.0009252481090136211,0.0009074154087630016
2015-06-02,-0.0011863143742837368,,-0.0030860530173583926,0.006169714312869346
2015-06-03,0.0024558668372587356,,0.0050069253318756664,0.004211523147498208
2015-06-04,-0.008640071927830228,,0.0017243462799066411,0.0010519080601935956
2015-06-05,-0.00190641096449784,,0.008523114272725363,0.004720796916276882
2015-06-08,-0.006343479677563213,,0.0002452670113547769,0.01159492704755436
2015-06-09,-0.00033794759341354563,,0.0005987905006951455,0.012118868241068503
2015-06-10,0.011800268128536295,,0.005352909026537045,0.001105237199334464
2015-06-11,0.003029780450542585,,0.005131805009676272,0.007216013704737001
2015-06-12,-0.007848683345439755,,0.001721394873887572,0.004065680117378933
2015-06-15,-0.0044789036860318765,,0.00422272757811748,-0.005851350638005925
2015-06-16,0.005257625547878675,,0.0022536232708559208,0.007423210669775326
2015-06-17,0.0014237915723038785,,-0.004521297362561172,-0.0035867775743894216
2015-06-18,0.010205744004465167,,0.005557742190786374,-0.001846563978751603
2015-06-19,-0.004633143407319906,,-0.0005395898110343803,0.00016786944786971762
2015-06-22,0.004929562437597346,,0.00153726664050382,0.00479687200355462
2015-06-23,0.0005142876216361891,,0.0034496940078210026,0.000723545296473449
2015-06-24,-0.007456396687852362,,-0.0009041425615755492,0.004492673257467605
2015-06-25,-0.003234234815782444,,-0.0005688440531220976,0.0038497139077805055
2015-06-26,-0.00038418246099225506,,0.020380738429825972,0.02807729356811015
2015-06-29,-0.02116374835900403,,-0.001480862173084043,0.009984885391439324
2015-06-30,0.0018994563997287717,,0.0062080408725849745,0.004731023874082874
2015-07-01,0.007822045747514217,,0.004199725948294352,0.002889921772841086
2015-07-02,-0.0011091567197881735,,-0.010245730187605072,-0.006747224730724245
2015-07-06,-0.0030394828771135307,,0.007784885668077601,0.007405047201249059
2015-07-07,0.006094834093142598,,0.0013339836850475239,0.015289263365396388
2015-07-08,-0.0169708080129215,,0.008373174543059848,0.0028438696149011167
2015-07-09,0.0016156010214920524,,0.007231338487837991,0.009670178786464511
2015-07-10,0.012397563134004308,,0.003987097148557307,-0.002455620625144694
2015-07-13,0.010844022683565324,,0.0014133251625698447,0.0009058854987255109
2015-07-14,0.0041440905400753625,,-0.0031626695701126306,-0.010789733074813714
2015-07-15,-0.0005259070123710963,,0.009998814276128832,0.013119699891994319
2015-07-16,0.007830755311890814,,0.006168385479906469,0.00885343452517906
2015-07-17,0.0006541270909898866,,0.004030122977138506,0.003844113811234418
2015-07-20,0.00032420573041624934,,0.034615989841012974,0.021391222049536363
2015-07-21,-0.004144952233906429,,-0.011837135019090528,-0.004639376210424939
2015-07-22,-0.0019883641452542733,,0.01463244223955451,0.014331263223571667
2015-07-23,-0.005823459143114995,,-0.004312572860765496,-0.01052593389609431
2015-07-24,-0.010565727697313454,,0.00895965508000357,-0.002877411019788955
2015-07-27,-0.006011108669003673,,-0.006773948882721715,0.01157332569243762
2015-07-28,0.012089462093420655,,-0.01907137488587588,-0.008961416326015527
2015-07-29,0.00668579279171122,,0.009851440470136374,-0.0017032215947699325
2015-07-30,4.3335556772383654e-05,,-0.004934857609341149,-0.019876970499917556
2015-07-31,-0.0017115381708795452,,0.01857511070518748,0.00047693577780261176
2015-08-03,-0.003566795478107676,,0.013859516999390498,0.004937714623467526
2015-08-04,-0.0021475052101084247,,0.008097877593493286,0.003950111747232821
2015-08-05,0.003101689518416606,,0.0036975058001736615,-0.0001263540347196555
2015-08-06,-0.008381436103029882,,-0.010145116377843589,0.004276750839511944
2015-08-07,-0.002113750223491695,,0.005346210169797117,0.008269452471133565
2015-08-10,0.012405813251763709,,-0.008569146579408925,-0.014683881939047017
2015-08-11,-0.009216543576013647,,0.006564190512678326,0.017045511836940818
2015-08-12,0.0010041761662136217,,-0.011517464284606127,-0.01191999521328585
2015-08-13,-0.0014377469709825341,,0.018293173586149424,0.012089819189518115
2015-08-14,0.0034482021261570406,,0.010470108680885114,0.00702953612896211
2015-08-17,0.005393449897652669,,-0.003880333533890545,-0.011252652599411618
2015-08-18,-0.0030906685491248753,,0.014003061837955378,0.01702600051824349
2015-08-19,-0.00809897899339318,,0.008813339491260164,-0.001844538970305432
2015-08-20,-0.02107481305403225,,0.0012003671114640194,0.016187928404047612
2015-08-21,-0.03029628586420474,,-0.005265242720902952,-0.0020815246197276177
2015-08-24,-0.04230041670896423,,-0.007940996128142933,0.006237343708288903
2015-08-25,-0.01196157916827878,,0.0086923677371347,-0.00021182190507980196
2015-08-26,0.03820057267867849,,0.00312392682057909,-0.00500120932935311
2015-08-27,0.02454152376100116,,-0.02529744872110013,-0.02705833771140647
2015-08-28,-0.00014339198377322226,,-0.01107358957335145,-0.013117623747112972
2015-08-31,-0.008272901627199847,,-0.015436827139660481,-0.005576109851036404
2015-09-01,-0.030041322780904878,,-0.00044032957669746034,0.013783227290594044
2015-09-02,0.018787192645391526,,0.01488507508879263,0.005645456870143317
2015-09-03,0.0005232277250470929,,0.0014698899049261915,-0.003066445256631656
2015-09-04,-0.015330647577523338,,0.001051317866739409,0.00013417041907498595
2015-09-08,0.02493726292905607,,0.0019073303412458845,-0.011214023296256911
2015-09-09,-0.013565381079752803,,-0.0018807514185930872,0.004141665941889916
2015-09-10,0.00524811812897874,,-0.005613512804443721,-0.004214560093565067
2015-09-11,0.004350818203262774,,0.009629059602409652,-0.0018094171900556177
2015-09-14,-0.003904390659807966,,0.004413407611115161,-0.00011325559614172587
2015-09-15,0.012305798761381048,,0.007347918651104681,0.004105743660382721
2015-09-16,0.00847325988249592,,-0.009781059752788689,-0.009696118164677268
2015-09-17,-0.0024415274516185193,,0.0019983008018950813,0.007485754977719494
2015-09-18,-0.016535045557245942,,0.008724656978974331,0.01771463914501052
2015-09-21,0.004974208276560255,,0.013268254470923013,0.006885802122447005
2015-09-22,-0.013173769855373996,,0.012716955532866524,0.012627441526006788
2015-09-23,-0.0017923691677479425,,0.02263701314687976,0.013097099589934035
2015-09-24,-0.003809366212411347,,-0.02109714931858673,-0.005379873935591417
2015-09-25,-0.0004525311725973591,,0.007327011310033127,0.009079002435440232
2015-09-28,-0.025290934579956015,,-0.004090844952047323,0.01754643585920148
2015-09-29,0.00039138500057944725,,-0.005047920838642772,0.0005693605718059208
2015-09-30,0.018464334355558387,,-0.023553028890425532,-0.0321009126344946
2015-10-01,0.002415670244940049,,0.0007948042103552043,0.001142760507240814
2015-10-02,0.014744244434050646,,-0.026466550846537828,-0.020809845293637795
2015-10-05,0.017601286589287835,,-0.009550479621262143,-0.01835094758890994
2015-10-06,-0.003619917001485673,,-0.02014364498682627,-0.012880997777702453
2015-10-07,0.007997010817228922,,-0.012406492874685583,-0.0083965960357117
2015-10-08,0.008832923789738656,,-0.007348361453417407,0.0037517631973459807
2015-10-09,0.0004027745580941211,,0.005374978637207995,0.008177196774981499
2015-10-12,0.0007502277003967883,,0.015616669928558723,0.0131102775725482
2015-10-13,-0.006496167079199311,,-0.000255373838348583,-0.0015404674464863603
2015-10-14,-0.0049873820817610826,,-0.01705584023980282,-0.027651706429894007
2015-10-15,0.01516108218585921,,0.0052044407357861085,4.0438363086692936e-05
2015-10-16,0.0043528673746093816,,0.0011505478236301875,0.008504161706519364
2015-10-19,0.00029829209214016217,,0.001001533543885924,-0.0009852422885141098
2015-10-20,-0.001472161552171225,,0.006666321436401656,0.018477970298662737
2015-10-21,-0.0063967206402699706,,0.009399262401548836,0.01891925724268829
2015-10-22,0.016699816131084066,,-0.0010938483090794822,-0.006003033418152247
2015-10-23,0.010768029937799906,,-0.002789187805471516,-0.0036008063762657536
2015-10-26,-0.0026514196106556254,,0.020862493431357806,0.02415311637297722
2015-10-27,-0.0021261284441779216,,0.000682977923815619,-0.0003611470439751853
2015-10-28,0.011181193988408555,,-0.0064467305611395475,-0.008358988199521779
2015-10-29,-0.0007681175483452707,0.002382684069008001,-0.016993181000604696,0.006366351660272307
2015-10-30,-0.0045031470671750284,-0.0022879149577940904,-0.004510500428269093,-0.01196136212079816
2015-11-02,0.011637141409052365,0.00021571724251773228,-0.015068105642817686,-0.0008906051745856012
2015-11-03,0.002705789626737287,-0.002088321623747047,-0.006885420495484339,-0.011915075657943109
2015-11-04,-0.003226700548113026,-0.004161436459418755,0.01071403164295125,0.007828694324159691
2015-11-05,-0.0011920926532652532,-0.006213982267761342,0.030150486803311727,0.015363335576452952
2015-11-06,-0.0007170128124965869,0.004354984152457298,-0.006955831811333135,-0.021633024225554874
2015-11-09,-0.009524960058906573,0.004655518146700177,0.00412580357770923,0.002195502460872101
2015-11-10,0.0021125252300184805,-0.012501441211278509,0.009714480427922546,0.017069789664602576
2015-11-11,-0.004125048845544654,0.003511319668006507,0.0034063438771207433,0.0015252739364908674
2015-11-12,-0.01415312958913606,-0.0017806799887581382,0.00838386827973542,0.004247970074234941
2015-11-13,-0.011422287068435955,0.004390159615700262,-0.007614655372979607,0.0015628003922065203
2015-11-16,0.015013493383045029,-0.0030398213678878294,-0.01164640702084424,-0.00204069663039369
2015-11-17,-0.0009232583927800686,-0.004777372327828921,-0.0018337348480180092,-0.004080357908091548
2015-11-18,0.015672653688278526,0.007256302767111245,0.003800660926968058,0.0003024122270516849
2015-11-19,-0.0010559640127627556,-0.0005237978236961815,-0.0017747367418538217,0.004465190572349708
2015-11-20,0.0034505726245617208,-0.0026314227380693223,0.010739629512082339,0.0017343034863657515
2015-11-23,-0.001340019481307464,0.0003235392357103018,-0.00027201666998822845,0.010927467736402696
2015-11-24,0.0011452276705450348,0.00631647599330728,-0.00828901636176469,-0.017843057757843686
2015-11-25,-0.00033686915944664,0.0034156084743189206,-0.0037464592627505897,0.00027924771877438923
2015-11-27,0.0009527038243557495,-0.00472350217191343,0.0006990522027174539,0.004867828277836228
2015-11-30,-0.004344953398073614,0.009912416583196793,-0.019485690197390118,-0.018711145176012335
2015-12-01,0.009342277748563,-0.0001995836480593212,-0.0057551880058063325,-0.004376807920387981
2015-12-02,-0.010398753592926746,-0.006276145900622875,0.0008312861682701188,0.007429765305282077
2015-12-03,-0.014196807593797267,0.008502740364153572,-0.006946477907148063,-0.0074756889208755
2015-12-04,0.019309550082705407,-0.008000957132282284,0.010852531590120538,-0.0010838971920600245
2015-12-07,-0.006252282012308319,-0.006193822513157899,0.01648128911144814,0.011519429710922268
2015-12-08,-0.0069132425368821915,0.001287786026662718,0.019280815025601205,0.005413396122139713
2015-12-09,-0.007973351816776164,-0.007997014125248815,-0.014898157462532657,0.013369252661614749
2015-12-10,0.002387490372019574,-0.0025206109826611204,-0.004333030175755292,0.0019662611340151796
2015-12-11,-0.019574454473242575,-0.005494925794276084,0.01424951036659281,0.010905374063943894
2015-12-14,0.0048588522915478105,-0.022649336128595165,0.01664958762576575,0.029663712332821612
2015-12-15,0.010304092221559147,-0.013513002335180657,-0.00453856402891405,-0.009336484794290488
2015-12-16,0.014438166267159547,-0.0011116189011786803,-0.0006251519106899375,0.0036111544238261687
2015-12-17,-0.01543152386220803,-0.011603995960391267,0.0005326172092660411,0.008399045760713032
2015-12-18,-0.018008736810158688,0.008166092155424166,-0.009611124862941757,-0.006188314165753661
2015-12-21,0.008055581776207799,-0.00021474879410416942,-0.001549155674810643,-0.006417284842423132
2015-12-22,0.008880715318920318,0.005319625386316895,-0.0031727272494234335,0.0005699612833772287
2015-12-23,0.012189601030295316,-0.001550572618530999,-0.004631742487650503,-0.005122817342359398
2015-12-24,-0.001844023707057496,0.008491027077168345,-0.005031730182035754,-0.004297309631447754
2015-12-28,-0.00247892622574597,-0.005229387713970579,0.008334617146507474,0.010310354479707129
2015-12-29,0.010478458875115226,-0.0018070674243093488,0.0001591742792072734,-0.0030467361861968526
2015-12-30,-0.0072811686185548785,-0.0029668612310405733,0.0026355324204211383,0.00966028657291782
2015-12-31,-0.010197084610467644,-0.0006907743642565857,0.0006932323622953485,0.00040951492624643517
2016-01-04,-0.014173269803689492,0.016875214855246654,-0.01708399910070749,-0.014531183599696306
2016-01-05,0.0014979034591464657,-0.004576580333645375,0.013512829201048127,0.005151745259274731
2016-01-06,-0.012807791739786412,-0.007939300919819993,0.02182161497018418,0.013761000034738369
2016-01-07,-0.024185572928067,0.008907637602503647,0.01082606281616708,0.004337924811648065
2016-01-08,-0.011169634732862477,-0.0057130829689426305,-0.0014663261163515469,0.004732715315499536
2016-01-11,0.0007961174213038102,-0.018299370303122963,0.019454410415345114,0.01973727764754185
2016-01-12,0.007874708101952788,-0.00635303848918607,0.002845659836052749,0.0031021011992443
2016-01-13,-0.02513418104167331,-0.004880135116316943,0.009904393983527958,0.01072288936119481
2016-01-14,0.01622343674861515,-0.01374785621056066,-0.000389956224475364,-0.001767998359403767
2016-01-15,-0.021659997381828,0.004645324212093606,0.023926617462310017,0.01801489428197003
2016-01-19,0.0011376304772745538,-0.02643199284619997,-0.0010057986833820753,0.0190461167925817
2016-01-20,-0.013008965985053966,0.003191080217449292,-0.00041717513957109133,0.008502444995846304
2016-01-21,0.005408241723778184,-0.0025736162843715046,0.0017137179774793232,-0.00700073979356569
2016-01-22,0.0203213701066558,0.001635258279290475,0.011317834299347573,-0.025013105043271245
2016-01-25,-0.01530969350728728,-0.005589316086244965,0.0028441309358755978,0.009807254092494711
2016-01-26,0.013449447903465916,0.007125570427876492,-0.008810227826933336,-0.016554305624966882
2016-01-27,-0.01107663803289649,-0.001293671158200194,-0.0029184363650220143,0.007731870455948754
2016-01-28,0.005014892233301094,0.007458417595431156,0.017748176426942618,0.012070125589122793
2016-01-29,0.024183863224822355,0.02424257527179736,-0.019208554744835182,-0.030512140328489194
2016-02-01,-0.0005546455193121691,0.005795684394812395,-0.0028140779226434654,-0.0047668664983355315
2016-02-02,-0.01821622489877106,-0.003066010039858933,0.02425586710558446,0.02120163297807537
2016-02-03,0.005801536468298174,-0.006229791762978132,0.007676128398187332,-0.0019202217933525952
2016-02-04,0.0013746628702833164,0.017756109549493092,-0.027081466073058245,-0.018205836977390734
2016-02-05,-0.019243836972104633,-0.0029920521677283766,0.0014211693478214382,0.022128915908842417
2016-02-08,-0.013654834330255383,-0.014963011101355894,0.02082465983170334,0.030259638880251325
2016-02-09,-0.00013974832987972974,-0.010865167093971216,-0.0027462833702539434,0.0108590048264251
2016-02-10,-0.0010559917051898848,0.0012891857179179289,0.013103413912235008,-0.0033970041191249693
2016-02-11,-0.013201954223765022,0.006975326224994817,-0.0023024621885448064,-0.009064302649653478
2016-02-12,0.02042353436356814,-0.00882589564621439,-0.014514016094536395,-0.016352667957323295
2016-02-16,0.01668443096173111,0.017930150295287217,-0.03022066544391595,-0.02469801634597373
2016-02-17,0.016140973474011888,0.002238907734105844,-0.012622572289454815,-0.013589375632930036
2016-02-18,-0.004289252190686543,0.007358510472711611,-0.006795973021414636,-0.0014500148994919914
2016-02-19,-0.0006621081426728681,0.002165379676793888,-0.009147882418942488,0.01203298475241905
2016-02-22,0.01428526718398171,0.005997481684159731,-0.017314342247976733,-0.016059881215928874
2016-02-23,-0.01282330073961635,-0.004294515165977564,0.02684606852719558,0.024062142916412232
2016-02-24,0.0043823051519777945,0.008608384294087067,-0.00657776079469894,-0.010596813129597527
2016-02-25,0.011918025499754403,-0.003273270582766342,0.0075280660443650445,-0.0008856091198873317
2016-02-26,-0.002494968944542042,0.0024966623092402608,-0.01196159141322186,-0.0043808428162230295
2016-02-29,-0.008036118341517073,0.008185602427965288,-0.0016978387877329857,-0.0017221583822253916
2016-03-01,0.02331324702476545,-0.0021179464046115377,-0.012397459076312956,-0.016239868018481693
2016-03-02,0.004298815710041204,0.008913289635162878,-0.009715718235446081,-0.014851868386669666
2016-03-03,0.0037261030421622543,0.011343295343188953,-0.00866037943348784,-0.004701393981436086
2016-03-04,0.003059592434580205,-0.006071802541596671,-0.00680858920905698,0.002670550382501946
2016-03-07,0.0006050051304853366,0.00396377177848658,-0.012883214020862233,-0.011277814070171232
2016-03-08,-0.011111427836263288,-0.02233457373088118,0.031815036592491554,0.03466325726825183
2016-03-09,0.004746373950781146,-0.0035414256754934806,-0.003909129960873736,-0.004808802320324257
2016-03-10,0.000608302557009166,0.0036802948197019233,0.0003567390736290868,-0.006354484697425478
2016-03-11,0.01594338381654614,0.010415764848315036,-0.025939882938443782,-0.0178078389950896
2016-03-14,-0.0014759195992224416,-0.0029730428922878026,0.005842768535076947,0.011224565463102165
2016-03-15,-0.001823017461098253,-0.014161498901476144,0.01707421542233296,0.013587310709599176
2016-03-16,0.005593195254933514,0.010852436806125987,0.007205577498013727,-0.006759465978274493
2016-03-17,0.0061507503588951185,-0.008892700631346506,-0.019296143794901945,-0.007142414700378552
2016-03-18,0.003735984210246901,0.006670001571405225,-0.021387841868356683,-0.018306181158045585
2016-03-21,0.0012250015364085876,0.005093601520328483,-0.0040614509914074556,-0.0032434316407172316
2016-03-22,-0.0007310883441686844,0.003299702828239204,0.00035736274675979285,-0.0016237140966157248
2016-03-23,-0.006792978907704361,-0.025683696981278113,0.015185867140497855,0.04035818174960082
2016-03-24,-0.0006364152637960974,-0.004947377388035268,0.005712753732290831,0.0019928861987921877
2016-03-28,0.0003972175452442439,0.0022779581333945646,0.009014850197765111,0.0028556448900042388
2016-03-29,0.009056518845887096,0.011697551396096816,0.00424898757942258,-0.006637761449047418
2016-03-30,0.004194127067808973,-0.0064480727558063776,0.0033091083455100145,0.0011109244692059427
2016-03-31,-0.0026206828096129176,0.0076117206759141465,-0.004986909268776285,-0.006550214828551604
2016-04-01,0.00661836933715243,0.0016642697032972394,0.000792097618375398,0.000935846686287334
2016-04-04,-0.0034314341153544037,-0.007108624199832548,0.011547631021685701,0.013188398427026104
2016-04-05,-0.010181560724432992,-0.008454011521157734,0.013702134758287776,0.01297198896515337
2016-04-06,0.010727353166831488,-0.0016008504783730712,0.003927145860442837,-0.0031093080991987272
2016-04-07,-0.012159439340945322,0.001080297709459277,0.009475473193191121,0.006176384708691207
2016-04-08,0.0025028798248551976,0.003984211866916676,0.0013518716093793293,-0.006933567046776523
2016-04-11,-0.0025403701875856832,0.009535260710081895,-0.0005495925307777644,-0.011887099622804532
2016-04-12,0.009118765960971054,-0.0058123147075948905,-0.002326764437952244,1.2557433808423925e-05
2016-04-13,0.009907722304176358,0.002347119865516923,-0.03590917827328434,-0.018708287546634304
2016-04-14,-0.00014584414068674612,-0.024282926589026456,0.007454422636787561,0.015979482294427937
2016-04-15,-0.001298983674195786,0.014175147282808432,0.007719885025923079,-0.003984841917071391
2016-04-18,0.0068329428376103785,0.00283989438590343,0.0019529041873932677,-0.0039674733540865925
2016-04-19,0.0029602532738413068,0.0024437300230570006,-0.0063653010402294095,-0.009931499066686856
2016-04-20,0.0007591078871576062,-0.00039878291861428217,-0.020132849229596492,-0.013635376898746622
2016-04-21,-0.005571658727415163,0.00986142927879743,-0.009095552861854973,-0.017980023543923595
2016-04-22,-0.00019363050654397362,0.005248390101237166,-0.022174280293988012,-0.0065869425531038805
2016-04-25,-0.001916639343900739,-0.0010026871213024034,0.008961480767066755,0.002891298951895127
2016-04-26,0.0012926515733773236,0.022290378276219172,-0.019214530554626044,-0.02046270610254698
2016-04-27,0.001864546078284235,0.0028082660884056754,-0.005651110507502666,-0.0018772202498940072
2016-04-28,-0.009269454002122979,-0.005372156645660841,0.006869518432072419,0.002771660900969375
2016-04-29,-0.005592357546460369,-0.01898773104735736,0.030520189759677983,0.01328259917234118
2016-05-02,0.007754764184426222,-0.007210182321637072,0.0009440943566776491,0.005028790994851928
2016-05-03,-0.008896680548172609,-0.0019026755222670728,0.003647128698312241,0.010033032408172094
2016-05-04,-0.005772086203025162,-0.006219606931715437,0.007164929564147314,0.012797592126113233
2016-05-05,-0.00038861780470245133,-0.0052887494786972526,0.008236244280729022,0.0056615134791285875
2016-05-06,0.0034653784292177914,-0.0017394489614688479,0.012004980516562581,8.325754734713788e-05
2016-05-09,0.0006327305602871203,-0.008715735300476058,0.004220017629904893,0.010658729643683518
2016-05-10,0.012240001879163964,0.004351598295373902,-0.0035719373083601177,-0.009875349277045786
2016-05-11,-0.00954792188457021,-0.0032949980260295166,0.00677637862646735,0.00356545530806064
2016-05-12,9.665274765247034e-05,-0.009169631217750395,0.01494675401583241,0.016967472296481212
2016-05-13,-0.008908143891875442,-0.001508352927560309,0.008247348602833026,-0.0019054896384171453
2016-05-16,0.009672024505516852,0.00020177790522376594,-0.00401360203214921,-0.008230301115939465
2016-05-17,-0.009527242612861642,0.005153445648984701,-0.00775061066752658,-0.008165245652140518
2016-05-18,9.943044477189744e-05,0.004302460082288151,-0.023186950438043787,-0.00988146891060836
2016-05-19,-0.003658715634964893,-0.004185104886062684,0.010633702371390075,0.0011995327447857913
2016-05-20,0.006123797268110742,0.013670179974871011,-0.01767775807396832,-0.012448879493619856
2016-05-23,-0.0015563168747819711,0.012167954580981332,-0.009273668273244728,-0.010500500845897398
2016-05-24,0.012768633409305119,0.0008546169623715582,-0.01608522631074575,-0.008805570368233963
2016-05-25,0.0065895218843989856,0.00666076558152634,-0.01415988135727553,-0.011879207274109726
2016-05-26,9.29688607520518e-05,0.008787898279404804,0.0010650847689567032,-0.003366186614173017
2016-05-27,0.004105848575675308,0.00449830376181356,-0.004503321254362647,-0.007865427083387644
2016-05-31,-0.0020962819024382684,0.013219963350288112,-0.013014201564328254,-0.01619146193517329
2016-06-01,0.001855522214285532,0.006461334797761398,-0.0037922256019992328,-0.0039011240645439814
2016-06-02,0.0028500920372898086,-0.000848454019036793,-0.002589825734184148,-0.0008753243892580698
2016-06-03,-0.0031809044973678535,-0.0036361456143406356,0.022381709560069407,0.0017775524396377086
2016-06-06,0.004894727718259384,-0.0030295157104580973,-0.008679337974618761,-0.002450585073488498
2016-06-07,0.0013679520243152776,0.002977999208733595,0.0004229413856963515,0.0018768874910729094
2016-06-08,0.0030659572656337453,-0.005314715431234729,0.008062400625778655,0.00613570749404011
2016-06-09,-0.001559143771651117,-0.004401169805792449,0.015780728225705733,0.008413228428412167
2016-06-10,-0.009670880242173885,-0.004405231511736496,0.013737705577326108,0.008534674706842672
2016-06-13,-0.007905882438849932,-0.005335709824054846,0.007979951272783392,0.0030154477789172685
2016-06-14,-0.0021603044235948277,-0.003636084819897689,0.018330414059156055,0.021741973567113514
2016-06-15,-0.001587651139538071,0.004779216091506344,0.0017025179736580688,-0.005261980112381182
2016-06-16,0.0027908917371781694,-0.006156613992010873,-0.004147134609136927,0.006539350713794933
2016-06-17,-0.0039178918870068635,0.007421110127588992,-0.007641733042886445,-0.004380473907164839
2016-06-20,0.006246467397308164,0.003858767125750207,-0.00530530719716481,-0.003283008384077712
2016-06-21,0.002644832874261871,0.0008355956783796083,-0.002984931649252731,-0.00449238445104937
2016-06-22,-0.001824425302438537,0.0026976278320354208,-0.006998704328913674,-0.00521355605594005
2016-06-23,0.012828588180649803,0.015307398705169818,-0.023398359907185265,-0.023685478837826613
2016-06-24,-0.03610257881432688,-0.02057653126834763,0.042155315902735385,0.03105277645666448
2016-06-27,-0.01810358258643563,-0.03488821536694879,0.03673936843695713,0.04332905287568644
2016-06-28,0.0178423553089202,0.01389802918153581,-0.018877321611337372,-0.02296308473919637
2016-06-29,0.016833970440040202,-0.0008367791321389553,-0.013149991688811626,-0.013443757768023226
2016-06-30,0.013451893243492608,0.017140212666033938,-0.0029351745504816243,-0.01479431386832595
2016-07-01,0.0019070867696280303,-0.010554831986376311,0.0115484530052428,0.006978560293114344
2016-07-05,-0.007386769453149422,-0.018839459289439697,0.026774190825715995,0.022601757798153918
2016-07-06,0.005804028327327071,-0.006734378968081978,-0.004546209016378911,-0.0033317047325966517
2016-07-07,-0.0008140086424396342,0.015362898790962486,-0.019279516931969307,-0.01750342104955772
2016-07-08,0.01469724947173412,0.011710557448762616,-0.012346028565266877,-0.017237384306879468
2016-07-11,0.003332926665902569,0.002631965251679469,-0.004620898008270746,-0.003429772082898408
2016-07-12,0.007069736731680765,0.011231624392904583,-0.023791594876080714,-0.020508450498901345
2016-07-13,-0.0003328867730759688,-0.0008279968809298821,0.008012759868986929,-0.0004530392160977505
2016-07-14,0.005389648212559939,-0.0027557914614710355,-0.005959299999579992,-0.008203680363596866
2016-07-15,-0.0015353877012072026,0.00514215925509266,0.0027112365049453916,-0.0037362795435466165
2016-07-18,0.0024934893451764584,-0.00039752899059645195,-0.0034536312517831516,-0.006872833710787241
2016-07-19,-0.0012101056818694111,-0.0021911864304516747,0.007047931932674256,0.010250002845827532
2016-07-20,0.003969292310890049,0.006310273441718561,-0.014321993878319762,-0.007383478221664919
2016-07-21,-0.0039709457387118174,-0.0037526086630109597,-0.00945520045671877,-0.0006297895317324389
2016-07-22,0.004291612281832391,-0.022071399294449234,0.0047579355429525514,0.025080140662772008
2016-07-25,-0.0029094866918329965,0.013571966119885625,-0.012455418474112533,-0.01273765468936967
2016-07-26,0.0002679068228714776,0.01853920229434053,0.0060329874516290355,-0.01022871444716802
2016-07-27,-0.0012547097097965754,-0.000959539628904338,0.0025581411109740436,-0.005824357994363205
2016-07-28,0.0009609883079182424,0.0012602905731839307,0.0005509023969643256,0.004913579495212616
2016-07-29,0.0014209385288017629,-0.018330803881386526,0.017963788367623523,0.016535345531844547
2016-08-01,-0.0010225498669717004,0.0020690454575711505,0.006079842224166632,0.005122399540202249
2016-08-02,-0.0066011000911285755,-0.011968952224378538,0.010832582189056483,0.007372083578151611
2016-08-03,0.002729342279442548,0.0015846814968465406,-0.00858492069522775,-0.01054404848987348
2016-08-04,0.0008700805399175504,0.005214757857218644,0.0037241089029521946,0.000973409700128458
2016-08-05,0.007985352561363568,-0.002561128707210725,-0.015213533130907654,-0.014881453745714956
2016-08-08,-0.0007893722666127978,0.004479240170103139,-0.0019318979540870916,-0.0032969747271147983
2016-08-09,0.00040246637332930213,0.0009557936429853364,0.0008105022422947195,0.0017252770923517292
2016-08-10,-0.0026686353793765605,-0.01211357652007421,-0.00158323758797615,0.0032177306518854643
2016-08-11,0.0044470050223268665,-1.8032856399208784e-05,-0.008091918295114686,-0.007364161992596641
2016-08-12,-0.0010626285764293586,0.0012278450189592061,-0.0018845248684118633,-0.0012332483505501535
2016-08-15,0.0026904887895449203,0.014389534782036882,-0.011512777078054759,-0.016336399599335905
2016-08-16,-0.005351686418378687,-0.0014693814947535078,-0.01170231297558797,-0.007349148757418945
2016-08-17,0.001687611895854424,-0.004373407402807006,0.0019821578688831386,0.0040650772286782155
2016-08-18,0.0020504338914433262,0.006013698861622696,-0.0025357442269629323,-0.0103774067465911
2016-08-19,-0.0016559307672223689,0.015500298092906583,0.0009843570628467633,-0.0090184535406715
2016-08-22,-0.00023920475892746929,-0.0024707712703549213,-0.004234524195325051,0.004942360908574361
2016-08-23,0.0018198432007912047,0.001435391046168677,-0.005382846743123293,-4.325630393434707e-05
2016-08-24,-0.005308946611629395,-0.011171403079827759,-0.00568577695799759,0.018271703069648093
2016-08-25,-0.0008817120672326428,0.009371392777879184,-0.004450164197747852,-0.00789440281930509
2016-08-26,-0.002077201294649389,0.003575556453900286,-0.004586569625827786,-0.00788581600883792
2016-08-29,0.004731147462951668,0.0017363092247640773,0.005469519936550593,-0.002400623587168493
2016-08-30,-0.0018426283431007828,-0.0024840146959314133,-0.011366632136050514,-0.002423394157479386
2016-08-31,-0.0030378192052715747,-0.0014723954814146014,0.0034703531396887417,-0.0009200564527487852
2016-09-01,-0.0001477306493198327,0.0024515712580251204,0.01263337624865938,-0.006740224943383821
2016-09-02,0.004314566856420177,0.0046392836423541535,0.002758649233913057,-0.004679719473206357
2016-09-06,0.002828834500907318,-0.005559021879493031,-0.0032963552265961368,0.001757370408978276
2016-09-07,-0.0002849840155083605,0.006873067172779756,-0.019992794817130854,-0.0161826473249177
2016-09-08,-0.002476531795907566,-0.0055946466074763505,-0.008722740982042265,-0.0042027738184355345
2016-09-09,-0.024128395297212224,-0.007934743340164863,-0.00698388745689912,0.004116995028226742
2016-09-12,0.014153387783113702,0.0001546035444131219,0.004396303575985418,-0.0015509025134048601
2016-09-13,-0.014569153812886149,0.001968423007495279,-0.0007652904346894356,0.004405192745795917
2016-09-14,-0.0005688161041215167,0.005189822678244904,0.0007391691117067502,-0.0029534341359954363
2016-09-15,0.009799666395643225,0.007836576264064156,0.006500849011078414,-0.012229029404307347
2016-09-16,-0.0040595350424997845,-0.0025618683281426247,-0.0007896986911756221,-0.004684606368555899
2016-09-19,-6.017101090050048e-06,0.005036015003048111,-0.0022062939240399594,0.00012600588376173718
2016-09-20,-0.00014686122808038604,-0.005543822671549703,-0.0034103831490928547,0.0039433948181041185
2016-09-21,0.011052184673920218,0.011736452905880013,0.005301579794573496,-0.01128256211839532
2016-09-22,0.006107441466019603,-0.00767876424135715,-0.005541758432781152,0.014807802831816652
2016-09-23,-0.005672904487559083,-0.0025689945984630706,-0.0042359269631301105,0.0025152929275482523
2016-09-26,-0.008295755989022102,0.005001193472065235,0.0031923957275448948,-0.003240386727154843
2016-09-27,0.006014731389724304,0.00962825199487469,-0.002260576227314126,-0.001141652706051378
2016-09-28,0.004769797777820717,-0.008631347694867321,0.002243400856555677,0.002211790201456665
2016-09-29,-0.009241176606889723,0.007865732201188014,0.0021464064166481275,-0.004713529179183351
2016-09-30,0.007352534575748804,0.0025525417061370674,-0.003486130402215081,-0.0031721300551259095
2016-10-03,-0.002597918177610903,-0.0010774584446556544,-0.005013376622711141,0.0021075254825813185
2016-10-04,-0.005291245939263889,-0.009488168141034592,-0.01751348646505051,0.00836048345448781
2016-10-05,0.004231718391406902,0.0038755709773224626,-0.0055040346762314845,-0.002547089873259201
2016-10-06,0.000501677872889017,0.00017520859241256794,0.006935857381363275,0.0008002862799408206
2016-10-07,-0.003622987997197291,-0.007138468075653104,0.0026242714698019643,0.002883793393689793
2016-10-10,0.00501493636840622,-0.0007493456790656269,-0.0009931865789007289,-0.003706136063539056
2016-10-11,-0.012823119460379173,-0.010549932339895485,0.006260876754275023,0.01275758214134043
2016-10-12,0.0011182917434819917,0.002337822916443133,0.004722363708293853,-0.0023517451218926233
2016-10-13,-0.0034693057178882825,-0.003645253234479307,0.0018618916353788095,0.0014441120611436652
2016-10-14,0.00032305279997491,-0.0008314772424115712,-0.004059792747968572,0.0004594491276635693
2016-10-17,-0.0036661236557671284,0.009897661094693457,0.006478250156668863,-0.00034267958238195503
2016-10-18,0.006068936231072852,0.007532176782910305,-0.00948109057366342,-0.0183342745554849
2016-10-19,0.0024733130458751695,0.005317019499245135,-9.142896917807564e-05,-0.003800759993393376
2016-10-20,-0.0020602998127097205,0.006408371333426655,-0.012268266436772401,-0.0035828580148103417
2016-10-21,0.00027386789616978824,0.005459284611269066,-0.004979865670784856,0.002341866244095425
2016-10-24,0.00405911680386839,0.0020911039348584627,-0.004376378757352383,-0.00534086061692064
2016-10-25,-0.0035438816696309328,0.003718902176387151,0.001188147572203291,-0.002645824678212438
2016-10-26,-0.0022014839957376076,0.005903266477841141,-0.00840691458912569,-0.0030559617046234775
2016-10-27,-0.0028604499393281024,-0.00013594166959219884,-0.009618147586355619,-0.006042067045084243
2016-10-28,-0.003149264970061183,6.117817130422141e-05,0.004254425824070252,0.012810823804172665
2016-10-31,-0.00014641820035032893,0.0036960214373198295,0.010510760334800064,-0.005259245175122429
2016-11-01,-0.007439161481553658,-0.007488851339653536,0.002664127185500542,-0.00016825243740191658
2016-11-02,-0.0062121215734520785,-0.004692469105831565,0.0010300778802769146,0.009581424372318537
2016-11-03,-0.004770541951295448,-0.0008076485431889216,0.009849547530039837,0.0009515585669790604
2016-11-04,-0.00129556913484552,0.0017738566252855528,-0.007452512944386591,-0.0037309527179254618
2016-11-07,0.021863471826565783,0.0014105155858811537,-0.005639091075770396,-0.003983007356500756
2016-11-08,0.004310310138403439,-0.00014296381811905717,0.0037139518110295144,0.0015682461805195278
2016-11-09,0.010408514878942565,-0.0019815717336686516,-0.013397642135191977,-0.0048010940367171455
2016-11-10,0.0023014460191028707,-0.003543789810473785,-0.02832738644039688,0.010020202146765356
2016-11-11,-0.0024983648663947644,0.006032609772154585,-0.00927294158729237,-0.0031558674073101757
2016-11-14,0.0005922011350798506,0.015368644679145426,0.0011471405672672129,-0.020065753368202367
2016-11-15,0.007608812068775617,0.0018905224897637143,0.012905229815381204,-0.007514196581371169
2016-11-16,-0.0020719821688574003,-0.0050793387593046635,0.003676598171829393,0.010291631745033836
2016-11-17,0.004947116672098684,0.001395887457103861,0.000246886339211827,-0.010290550432035583
2016-11-18,-0.002431245288784134,0.0034916840957596065,0.002093093748466579,-0.0025255263783769744
2016-11-21,0.00735821748155896,0.0022325908023059565,0.005123994276025534,0.00027601723506985934
2016-11-22,0.001759764095438543,0.011120256206844294,-0.0006807808316403484,-0.008704204213071375
2016-11-23,0.0003501657358320198,-0.006125972534120516,-0.011276231810160997,0.0003243652725705149
2016-11-25,0.0035217175894954877,0.0005265566093014982,-0.0006732297381712889,0.00039849312780395555
2016-11-28,-0.004888733250637434,0.0008699369639446615,0.011026169196010481,-0.0007595319872117923
2016-11-29,0.0017570028672651006,4.644675055119878e-05,-0.0029074226551042415,-0.002868802275222038
2016-11-30,-0.0025926840845466037,0.00516733470788715,-0.002743901722818066,-0.007974192191271134
2016-12-01,-0.0038691638943979534,-0.011744795262770391,-0.023070921552284684,-0.005926363705753091
2016-12-02,0.00030712891228290573,0.0016214926812608166,0.009684181721026076,-0.012444465732565491
2016-12-05,0.00581539568948064,0.0008267149172260123,-0.001306177251072749,-0.0032494451315999264
2016-12-06,0.0029735077105583763,0.009255974821397273,-0.004516248071816476,-0.011335423966426228
2016-12-07,0.01288730105972613,0.013643683647265946,0.006302337460049136,-0.012427426330645409
2016-12-08,0.002254886749808893,-0.0026781284015583995,0.0005417667930441739,-0.005431817134397887
2016-12-09,0.0058468881329278855,-0.015280610992839172,-0.011195356680730906,0.016173629283264122
2016-12-12,-0.0013415087455249664,-0.016496114171965105,-0.007853579258435904,0.017949795251476608
2016-12-13,0.006480505785523505,0.0013095360187952215,0.003469131789576008,-0.006751690401201826
2016-12-14,-0.00844808383975626,-0.006148488355562599,-0.006464720695683235,0.0058993350595341835
2016-12-15,0.0039236814805230225,-0.0024726056823332287,0.007170285312472357,-0.006357517939398205
2016-12-16,-0.0021493105086688447,0.005147309862834992,-0.01366698183363837,0.009032626650698372
2016-12-19,0.0019838239621783327,0.0037660024554555635,0.003729801633741281,-0.002943493499751959
2016-12-20,0.003663690188774771,0.0023199376397747495,0.005064989785674467,-0.003289498739225161
2016-12-21,-0.0029765210593826197,0.00022452202682720062,-0.001490198152268629,-0.002171857064809679
2016-12-22,-0.0019207799745470933,-0.0035737139213773196,0.015587845092137786,-0.011167587419014425
2016-12-23,0.0012708582742124719,0.004649504909044278,0.006268597464850789,-0.005186412708877097
2016-12-27,0.0022872099427266868,0.002034664811271758,0.0015261445509142657,-0.0012544590847691772
2016-12-28,-0.008458217574370819,-0.0020935033781058765,-0.00041149845315031734,0.0025331886832368087
2016-12-29,-0.0004163793456600784,0.007381794954086273,0.002912031880530275,-0.003675466654487558
2016-12-30,-0.0038485204985173604,-0.0065291353306794146,-0.00833410966553071,0.0071918336214306655
2017-01-03,0.007456311350188205,0.004289907628299738,-0.0009028979827116479,-0.010231590165913195
2017-01-04,0.005755599572963455,0.008496952248803535,-0.004157267589606994,-0.01176972554032013
2017-01-05,-0.0009882331829184077,-0.0008217349223670122,-0.0012691253822251225,0.002402559768982515
2017-01-06,0.0033840250376913072,-0.0017088599387903745,-0.008578557309279455,0.00981028487337865
2017-01-09,-0.0034942428791613356,0.004560529952772741,0.005345342079348392,-0.010921415245392651
2017-01-10,-0.00019363050654397362,0.008940077144487156,0.008492010817572105,-0.018359708194216652
2017-01-11,0.0026324944997251354,-0.004704810282753779,0.006393624232414719,0.004302373323084719
2017-01-12,-0.002703603494490836,3.99175371264104e-05,-0.00817092031818999,0.006135588410871384
2017-01-13,0.0021019257211691844,0.006752373876023243,0.0032506033601533814,-0.005839595719829815
2017-01-17,-0.0037171850052040156,-0.001740545881341171,-0.018177752935297865,0.011588913386799026
2017-01-18,0.0020162704575015233,0.009914230937171743,0.008703825198001868,-0.012288289751734849
2017-01-19,-0.0038982933383883145,-0.003634410174917146,-0.0061677692585852435,0.005581477410697721
2017-01-20,0.0034805715751196065,-0.0033206395395165454,0.001306975890987861,-0.0014970928182906902
2017-01-23,-0.002795815845219596,0.0063107606660933735,0.0018638327252247899,-0.002890719342928061
2017-01-24,0.006218214498800556,0.01479444486024475,0.008284133317190766,-0.006232852940567657
2017-01-25,0.008461817501640212,0.008311299804141758,0.01124814348930634,-0.01132424400052826
2017-01-26,-0.0012389931800111942,-0.014337409559839042,-0.005705185461796947,0.013037742039976829
2017-01-27,-0.0017633926702305125,0.009075307168700454,0.009594478186249332,-0.007779491586722964
2017-01-30,-0.006395338423520469,0.0036457850562445658,-0.006277438411021342,0.0022370392730381543
2017-01-31,-0.0002816990695165833,0.004719628495669903,-0.000714872911095954,-0.005181736179798479
2017-02-01,0.00020189524756375476,0.013879212028603705,0.017249633846773305,-0.02350855686909433
2017-02-02,0.00046555198417408405,0.004629070723306006,8.19950117184054e-05,0.0026633750903364505
2017-02-03,0.0066991104501952226,-0.0024201033175919586,0.006968597115486974,-0.009822160012031832
2017-02-06,-0.001981275329686616,0.014429228263857742,-0.01284117562567122,-0.0023996571055422185
2017-02-07,-0.0001499003607075,0.001595119153774871,-0.003182602991292061,0.006740359071771973
2017-02-08,0.0011166685992174408,0.0055442662537741995,0.0008633840546744985,0.0027560368168522923
2017-02-09,0.005739057083252064,0.0024992252305576002,0.003925082992090068,0.003369843041628973
2017-02-10,0.0037525371190221257,0.0036985737177485877,-0.005711531598898346,-0.00047213517206426935
2017-02-13,0.005248917173054535,0.0010315980333992052,0.0015210678227875474,-7.844619565773332e-05
2017-02-14,0.0038019188127875747,-0.00990485021895493,-0.004726081690224459,0.002234487810822139
2017-02-15,0.005026639535450572,0.005917904505467387,-0.005752564792647198,-0.0006765938362421342
2017-02-16,-0.0010448767684821947,0.0015975661457847566,-0.006098690972777399,0.0020996680032490554
2017-02-17,0.0013825092185937304,-8.72214438421448e-05,-0.0015456865412481029,0.0050436464513365035
2017-02-21,0.005761614073925614,0.008403996500280432,0.005217369353032464,-0.0045416580558192195
2017-02-22,-0.0010819323889258436,-0.0024154563129248135,-0.0003077779054301956,0.004274464114528465
2017-02-23,0.0004837619531847803,-0.012548261256162228,-0.010536862132023372,0.009571426659681526
2017-02-24,0.001075330181454115,-0.0001316009100542524,-0.006550536120665651,0.0031906736678616763
2017-02-27,0.0013692853516706904,-0.0028849663336935616,0.01179092710217643,0.0009994489007855377
2017-02-28,-0.0028928924746220996,-0.0025528239066297644,0.002213342444342614,0.0022496630116974007
2017-03-01,0.013803852575066333,0.004838437826887643,0.006950787181788622,-0.003296381100622371
2017-03-02,-0.006490992906415527,-0.006673838813506927,-0.006980007262802713,0.004815519919237576
2017-03-03,0.0004358652008382702,0.005651269682111548,0.013663756260341964,-0.016179071924171885
2017-03-06,-0.003171393820437518,-0.002583680707160585,-0.0019902173964851276,0.004948992084489656
2017-03-07,-0.003180585536516789,0.003356792140766218,-0.0006202051091854011,0.0008009900764542109
2017-03-08,-0.0020500710078539264,0.005678951112729647,-0.0076223853270302126,-0.004426566207524208
2017-03-09,0.00107431172238881,-0.010174722733206333,-0.0003519108778984202,0.008543040721551898
2017-03-10,0.0033107884306340374,-0.0010695513071052772,-0.004538169878428089,0.001996369899583284
2017-03-13,0.0003110457626385177,0.00961078501313859,0.0077795437465556175,-0.005727031095827562
2017-03-14,-0.004020008110518503,0.0005397123654441449,0.0011952943914283918,-0.0020391947037845196
2017-03-15,0.008459726965489356,0.010959907187445439,-0.0012959807552697551,-0.01053178208783463
2017-03-16,-0.0021605360691234754,0.002439034200698875,0.0008743005190635756,-0.001060255170576707
2017-03-17,-0.0019499853958848679,0.00694275768058481,-0.006075169080354814,0.009208351393352254
2017-03-20,-0.001290353021829227,0.005361489598542301,-0.0016294824594540237,-0.0005036057988371701
2017-03-21,-0.013033150441009611,-0.006245883159468868,-0.021235025630455883,0.008848331689746204
2017-03-22,0.002159477615283345,0.005282716540836951,0.00756128231198684,-0.006166691670180935
2017-03-23,-0.0012606799153744852,0.00468482002174615,0.004628795796686192,-0.005261813927341785
2017-03-24,-0.0009201047132042506,0.0006386486971699856,0.012445794183918724,-0.012284103169779792
2017-03-27,-0.0012198225825729159,0.003704185730915177,-0.00012927930174969635,-0.0018408350441397325
2017-03-28,0.00708303047123926,-0.0018107132240879342,0.008733692730925469,-0.006519007348143225
2017-03-29,0.0007416279422884919,0.001514432902314855,-0.0013159259163821103,-0.003762148899273754
2017-03-30,0.0029900180408268806,-0.001309508683258076,0.008426741186586706,-0.003208229379375327
2017-03-31,-0.0025210960106202274,0.003130031736321504,-0.002049909253464055,-0.0005673150955613827
2017-04-03,-0.0019327686202582628,-0.000644711923720609,-0.006176651970163649,0.0072773584733783255
2017-04-04,0.0004438175063581351,-0.0029901662626975133,-2.9580358204139823e-05,0.002466378217839482
2017-04-05,-0.0031663679887786733,-0.00211687872457984,-0.011316680721341265,0.0026050062004643994
2017-04-06,0.0026174709169584087,0.00848969684334171,0.00877904144932783,-0.006372343696217663
2017-04-07,-0.0012130109489314478,0.0030292985759270974,-0.00013401941977744239,0.0023199909533721417
2017-04-10,0.0004015648604283051,-0.0010355348440604039,-0.006424953574475201,1.9404356022215824e-06
2017-04-11,-0.0013832381826431872,0.003669419146576913,-0.003925526904317333,0.00274709440130555
2017-04-12,-0.004575480970933965,-0.0107631992083288,-0.007499305846294734,0.007007757913819245
2017-04-13,-0.0066886280339535364,-0.00032357744562413505,0.0003135605340186202,0.003768159626933388
2017-04-17,0.008666412768957965,0.0029977988438129937,0.0053845986616988025,-0.0013616691106342442
2017-04-18,-0.0031779754811792627,0.0003150731698415062,-0.0070328310603313795,0.0010958707423530997
2017-04-19,-0.002032218294905297,0.0072021324622304934,0.010615631727259512,-0.008541244881365383
2017-04-20,0.007945352596308908,0.004918530149435397,0.008949519687555106,-0.004394956558670126
2017-04-21,-0.0033805106833876275,0.0030367048189216543,-0.0015366491697952015,0.002143177709272792
2017-04-24,0.010804490899648966,0.01316023845596712,0.013937142258361335,-0.007543882181043361
2017-04-25,0.005624827648164299,0.0025919936626047856,0.007658912419618092,-0.006403935443247345
2017-04-26,-0.0008222522924747899,-0.00359025005278405,-0.0014950583896176095,5.5154255922873464e-05
2017-04-27,0.0006451084279335273,0.0033902461322838917,0.005658242908953181,3.472781553579549e-05
2017-04-28,-0.0023730861572537343,-0.00236957617940764,-0.009876575110834585,-0.004093648701797103
2017-05-01,0.002326635885413486,-0.0024876601933309424,0.015712158849754188,0.00016574923969031596
2017-05-02,0.0001834110411285117,0.0010871701432640934,-0.004198608219881372,0.007066564600699821
2017-05-03,-0.0014081170994602044,-0.005610828860659566,-0.004752966402150671,-0.0026781007408359985
2017-05-04,0.0009803138035620051,0.002182955452681312,-0.0032866711284875393,0.007837749662318183
2017-05-05,0.0037434012218737767,0.0021255308263209535,0.0014842524785864016,-0.005271291731402595
2017-05-08,-0.00036055688553393583,-0.0021914044164588645,-0.0005158912407386197,-0.0016100282951736155
2017-05-09,-0.001111289966990281,0.0041621166802053074,0.0037012303059777095,-0.002420512573806244
2017-05-10,0.0016018919824691835,0.0056367549769232965,0.004429184593144009,-0.009051526649888552
2017-05-11,-0.002236441199295447,0.00030542222870701954,-0.002241158371788887,0.0040416706983776975
2017-05-12,-0.0018644626459519698,0.00132879517368919,0.0019180781483036707,-0.0029703777077464298
2017-05-15,0.005329911948777077,-0.002238569865471063,0.0071130485762350044,-0.0014370249672244978
2017-05-16,-0.0011089926219026713,0.002546952754639009,0.011453944537017856,-0.0027239620112538224
2017-05-17,-0.017937929217976767,-0.0014577619388714928,-0.03810192058116372,0.025329091406862635
2017-05-18,0.0038350522845294055,-0.008283574707498475,0.011694150795053482,-0.013124306081086834
2017-05-19,0.00631025291994991,0.006704023826669969,0.001139365194642538,-0.0009854450471733275
2017-05-22,0.00488364274364983,0.0033908188926074613,0.011009812573480438,0.0030067473867024025
2017-05-23,0.0020195120557222612,-0.006586337397659537,0.0062131918191271176,0.0005945455135172861
2017-05-24,0.002139343125724169,0.010252074481512163,0.00928928547385589,-0.0003609417912389997
2017-05-25,0.004585591240150455,0.003091576899223525,0.004083819298600655,0.0028491120213013144
2017-05-26,-0.0004002916204094431,0.0025082126730770816,0.0017193107927768294,-0.004893622633456351
2017-05-30,-0.0010624143011971343,0.0020649742125397274,0.011072849457080047,0.0017353822128455044
2017-05-31,-0.0004420807243451508,-0.001261962769015912,0.0005223248729192664,0.01207018964133264
2017-06-01,0.007758606093794862,0.007504116914721426,-0.0038504722800744573,-0.010362409346253664
2017-06-02,0.003134631162343915,0.0027732741635951184,0.003548138078413621,0.0047316363278811615
2017-06-05,-0.000930686382691448,-0.008072416931667359,-0.0033378555833324165,0.005330259395050119
2017-06-06,-0.0033904494793305373,0.005928960982272946,-0.004138034198216567,-0.01057286892502931
2017-06-07,0.001656898726972278,-0.0005574505253589601,0.011897652461283437,-0.008764170196000454
2017-06-08,0.0002984304490636358,0.006877323432534754,0.004872017319847054,-0.01517510561646086
2017-06-09,-0.0017112784193203945,-0.01647068702535386,-0.04417021593523045,0.02169731121259766
2017-06-12,-0.00039903566277876834,-0.0077415606761115805,-0.007452394148215214,-0.0035451433461995974
2017-06-13,0.0046963645406814525,0.011050843813033229,0.010723498800125164,-0.009588430046815245
2017-06-14,-0.0014614365297695997,-0.0126310813302426,-0.008092803780940417,0.019020858309386057
2017-06-15,-0.002117762025317771,-0.007356935497218331,-0.010551805832983995,0.01240018345447429
2017-06-16,2.4932434878888188e-05,-0.007284511398829652,-0.0010592589976831986,0.0034931882487707288
2017-06-19,0.008131219083378216,0.01001939960970768,0.01777279092176246,-0.014629524269585357
2017-06-20,-0.006937651074292561,-0.0016105254908120653,-0.00446316423000307,0.008802735642705884
2017-06-21,-0.00044056688437599245,-0.0007094249206323067,0.009139746626657851,-0.004351112021748193
2017-06-22,-0.0006462904037387585,-0.0016638032162160422,-0.005738491140361346,0.0027795821866311355
2017-06-23,0.0010004174722644255,0.008479254877621046,0.007073692456566405,-0.0028057768291153916
2017-06-26,0.0004644211925046715,-0.000438264353656781,-0.0034906425935938065,-0.0024723052847060558
2017-06-27,-0.008249949764272402,-0.006042950393770929,-0.00584057872228767,0.009049033981594278
2017-06-28,0.008757020187974529,0.008666552703847674,0.010668836640055402,-0.011812640317504366
2017-06-29,-0.00898260773577153,-0.01053009431876133,0.003110504668149116,0.004041707894486612
2017-06-30,0.0016711306290841943,0.004326786376943836,-0.011902869305122766,0.008715513179323996
2017-07-03,0.001501751896214376,-0.01356962200331583,-0.0042076689689123925,0.013254755609796465
2017-07-05,0.0021184798983586717,0.0017270499139283913,0.01217102732534946,-0.011034114792452698
2017-07-06,-0.009338079373592434,0.005638581353177198,0.00768220373152746,-0.0034136708545171816
2017-07-07,0.006291497438908333,0.0076418560032032725,0.00982921152207028,-0.00469801669081984
2017-07-10,0.000880235663292428,0.010085942193714125,0.008539523977686281,-0.008756367569001621
2017-07-11,-0.0009362509512933492,0.0068584849763661864,0.006725669268438073,-0.01445135763779245
2017-07-12,0.007321166973919047,0.006120486590286545,0.0010660622756564547,-0.0021381042993484757
2017-07-13,0.001486612844900037,-0.0020363242523707024,0.0024349083167653275,-0.0015080958682920811
2017-07-14,0.004470591815999514,0.006664571485859061,0.002631973845003832,-0.006431563433072518
2017-07-17,-0.00031595951939678013,0.0033514471191452453,-0.0009561060734711856,-0.005083056957679177
2017-07-18,0.00033571635322360294,-0.004402804164818241,0.001368048388200471,0.003182493945905596
2017-07-19,0.005220460208222866,-0.001818718065952896,0.01544584924985376,-0.008819507419603112
2017-07-20,0.0002518384936969209,-0.008886578321264792,0.005744508288871996,-0.0012319103271629661
2017-07-21,-0.0010838875982979168,0.007037920828269962,-0.0032933631601710254,0.0017769695216812821
2017-07-24,-0.0004369092987774881,-0.006499896772385905,-0.004863600624532383,-0.001250233541434687
2017-07-25,0.002237544355026877,0.009697717416865315,-0.012914494905261632,-0.008766618422542682
2017-07-26,-0.00015346819403494472,-0.005685704383442569,0.0021247801874151985,0.00024313959937061203
2017-07-27,-0.0011232158863464514,-0.014147244286934823,-0.011059629165806195,0.008833290678064943
2017-07-28,-0.0013666186270208103,-0.012967817598644947,-0.013474689598068478,0.01497769487235463
2017-07-31,-0.000760548478640044,-0.008968917489014138,-0.00994572723269883,0.01207958164708638
2017-08-01,0.0020350595919849113,-0.004649299425851483,0.0031471767935916995,0.0020861521734805155
2017-08-02,0.00029149363100122727,0.006133518144743145,0.0022435019329675064,0.010741273091888538
2017-08-03,-0.0021336118460548725,-0.005240165765644999,-0.004426591737945972,0.01226570126028551
2017-08-04,0.001628841549263571,-0.006335600148604148,0.0026568877485342313,0.004542582305939114
2017-08-07,0.001665406279932391,0.0016133938317246742,0.00772624586307168,-0.014932620849954647
2017-08-08,-0.0026544544416495786,-0.009239779089289945,0.0026593557636712005,0.00747067532235296
2017-08-09,-0.00023403182440795423,-0.0035301337124923893,-0.014977349405995776,0.006239948763699344
2017-08-10,-0.014308887555225636,-0.012697827591484336,-0.02036451295343199,0.016727178887159133
2017-08-11,0.0012831408466269512,0.011032562161718652,0.0055265817125022204,-0.01355130597074301
2017-08-14,0.009719675263738958,0.0050217256588675485,0.021312990459002937,-0.00993107456263128
2017-08-15,-0.0003155444703215604,0.003775713498676636,0.010624704561430155,-0.003156297192457669
2017-08-16,0.0015508348718649145,0.009379307663498572,0.006625860023822693,-0.006545437101501928
2017-08-17,-0.015784646577671868,-0.005735940992750854,-0.011539067242146584,0.01312650814490435
2017-08-18,-0.0017568056703455293,0.0007766103504940558,0.014282453767610413,-0.01022265054227386
2017-08-21,0.000589180746465523,-0.0002516581833816201,-0.00928306907306714,0.008160605649480079
2017-08-22,0.01026341956553578,0.009773885691441086,0.013233003085536033,-0.015921965205810185
2017-08-23,-0.003778815433159277,0.0016976857804410937,-0.0010495038124067268,-0.002540299926731915
2017-08-24,-0.002524370451687963,-0.0017141315331822393,0.005636530638830528,-0.0024370083714488787
2017-08-25,0.002142554478263392,-0.0010368133455782138,-0.0007150874917891568,0.0002932301605171549
2017-08-28,-0.00015278315296063383,0.008635521384067969,0.0029874173600546563,-0.012663601836247906
2017-08-29,0.000951053668014179,0.0027862564814687073,0.0016102341426172838,0.0010659144670206455
2017-08-30,0.004543999048153502,0.01030486312484823,0.012985546340534337,-0.014468379235668839
2017-08-31,0.0058223556498153695,0.0016869203779913966,-0.0018071331578623174,0.004374031845637461
2017-09-01,0.0012205204233337597,0.0012408999428613508,-0.0005407607733998289,-0.007423651449953994
2017-09-05,-0.007375603842725953,-0.00527650584499323,-0.009476331007552529,0.008381010991183092
2017-09-06,0.003220341334467136,-0.00896989800712048,-0.0036244086169586074,0.0009070074583089173
2017-09-07,-0.00031515338950194316,0.004228238077171176,0.0051609580015608,-0.0010525037641438417
2017-09-08,-0.0013683996596761672,0.004865234489336145,-0.00018002151908863562,0.0011972604057056357
2017-09-11,0.010471969490949862,5.0827332579739606e-05,0.01204489156765577,0.004465727326088442
2017-09-12,0.0031771896514509734,0.002377071415439025,0.001922842551206238,-0.006543078618452735
2017-09-13,0.0002860567530902358,-0.009644621670980347,-0.0020983825549663383,0.0038732180392839653
2017-09-14,-0.000513362257499872,-0.004106154180747812,-0.0009612212506759032,0.0016969532008487384
2017-09-15,0.001152817331694811,0.005688936956098201,0.005415117065388253,-0.008526080379193524
2017-09-18,0.001933392294593661,0.0043413054278930935,0.010944169860248631,-0.006871986706542288
2017-09-19,0.0008073202847758143,0.004843580401388969,0.00413249942116255,-0.004250156944493233
2017-09-20,0.00016635984059898412,-0.009939769333647142,-0.007867640406438413,0.006112971165956005
2017-09-21,-0.0028729202694508515,-0.004071501617528261,0.0029720217501682748,-0.002987651745367903
2017-09-22,6.852600302531542e-06,0.0014089381548581968,0.003490773422286808,-0.009338270734887456
2017-09-25,-0.002238400434558918,-0.005056765721793121,-0.021085603827973542,0.0065431851548109045
2017-09-26,0.0004092812533793566,-0.0002168273638209592,-0.0029865881459539057,0.004609952344310142
2017-09-27,0.003700736173696484,0.012286944539476728,0.03408715822802179,-0.023688591951124407
2017-09-28,0.0010057435860393316,0.008708846090820753,-0.0020226932244968975,-0.006571700944151782
2017-09-29,0.003321398244091167,-0.004506041573213837,0.007561219692659782,-0.0021274137882164924
2017-10-02,0.004145337778892477,-0.0007716061626650839,0.0038084954964078812,-0.0018258175734244377
2017-10-03,0.0019465408511767368,-0.0065103419047173984,-0.00030172582644779624,0.0015363797260713684
2017-10-04,0.0009927606500470532,0.006798489087074611,-0.00729368791726962,0.00045749354772223194
2017-10-05,0.005731503016498385,-0.008042475159580176,0.004749359869743486,0.004193156192510916
2017-10-06,-0.0013324651592223624,0.0038366193877919395,0.006955404814154009,-0.004154004003201384
2017-10-09,-0.001844732203653443,0.0035919607615119364,0.008936730702975548,-0.0039014118871373627
2017-10-10,0.002444548867639895,-0.0044773155763501386,-0.00037951274293434017,0.002701479683990848
2017-10-11,0.001377427662677233,0.00021257837894392842,-0.00189931743243531,0.007329578560609162
2017-10-12,-0.0016839932930154955,0.010478632981477132,0.0029156796305527697,0.004772496834892226
2017-10-13,0.001024053428288152,0.0023815214741339185,0.004074781234698355,-0.0007159491646044126
2017-10-16,0.0011398141984300114,-0.0034042229806338534,0.003076041279424413,-0.010011449161361131
2017-10-17,0.0005116202998993735,-0.00278979986935205,-0.004982728867695773,0.006118755747396986
2017-10-18,0.0007849282521483758,-0.0009385320791784225,-0.00022333206446565387,0.004866042204629129
2017-10-19,8.018006559096236e-05,-0.0009831119743821336,0.001988793117957033,-0.002810114463524904
2017-10-20,0.004966709381851286,0.006775515874191663,0.011630109288502766,-0.005433423558777994
2017-10-23,-0.004082898613417596,-0.004684350331868769,0.005297658398286465,-0.0009873431968546286
2017-10-24,0.0015635100255448897,0.009587534616327907,0.009640434816127596,0.0011813868530350822
2017-10-25,-0.0051440109451974525,0.0020560750581948284,0.00195418723867442,0.0015426929531604182
2017-10-26,0.001099238063816399,0.0020405747162775545,0.007866378824135335,0.002486025300117789
2017-10-27,0.007982552133664278,-0.0015936821531073897,0.01047939741242292,-0.005770291920857207
2017-10-30,-0.003918810856100685,-0.003924038102225236,0.007587061447209153,-0.0004915555560289896
2017-10-31,0.0013644620762303106,0.006426046741214819,0.009310038401723352,-0.00934407072357435
2017-11-01,0.001128405959515355,-0.014159110248115137,-0.0070672117302258645,0.005802565395487624
2017-11-02,0.0001946544551312268,0.00567121017717207,0.007510530254740022,0.0019464673197519542
2017-11-03,0.0031452871312722674,-0.00771441026886639,-0.018672842558108593,-0.011919014937822624
2017-11-06,0.0013536047820468244,-0.0012955146544491036,0.003366836390891692,-0.001960893240891881
2017-11-07,-0.0008887770339833789,-0.0027551900726129007,-0.0066206559776616275,0.004350090789107674
2017-11-08,0.0015072188375375717,0.005040993147351281,-0.005552959776233036,-0.007634261629702554
2017-11-09,-0.0038211485918822063,-0.007844010133180113,-0.005651459549815019,0.0012956935096208096
2017-11-10,-0.0005036162076837991,0.006382154457465317,0.00554256350020722,-0.012458269697796752
2017-11-13,0.0007361411389406047,0.011787283366593349,0.008541265382152252,-0.006232850899496922
2017-11-14,-0.0025160356911164694,0.01260992824892022,0.010212196185900534,0.0076541784688395
2017-11-15,-0.005198811177969276,-0.005688024682008786,-0.010466932264476491,-0.003975132828466599
2017-11-16,0.008307315023190709,0.006503267314420401,0.0006110623422587377,-0.003515296292286264
2017-11-17,-0.0031324588215123628,0.0038044409896630825,-0.002699265461619627,-0.0031312608117268215
2017-11-20,0.0015128327467399671,0.0016245268186439788,0.008586370132275877,-0.00042977054884220075
2017-11-21,0.006349180473453231,0.005568950135484852,0.012966200406830119,-0.00565705199109181
2017-11-22,-0.0010783739732708186,-0.0014866379055824331,-0.011759710463528472,-0.00796660703436386
2017-11-24,0.0021163257094052312,-0.0027789512835437622,0.0023388434286962466,-6.09389622750478e-05
2017-11-27,-0.0006929105395027113,-0.007140392850767708,-0.00606241956845297,0.015625472036075783
2017-11-28,0.009951227659923179,-0.009204393797968835,-0.009169331796601631,0.012076059101291647
2017-11-29,-0.000802650016368367,-0.020724349193260126,-0.04381871946331529,0.026574808406045314
2017-11-30,0.008561671820438432,-0.001026395436374861,0.006594651744916391,0.013053860737227817
2017-12-01,-0.0022690924408621527,-0.0011397878457585222,-0.007067057480387806,0.004030243304054503
2017-12-04,-0.001403817933000484,-0.008168533938833456,-0.03381706239879879,0.025955430428766548
2017-12-05,-0.0037900992765983466,0.0033153878395039693,0.009585249718064681,-0.0060592856006747246
2017-12-06,-3.7922056312922336e-06,-0.0010301242902078012,0.017744939601294363,-0.003009670968076728
2017-12-07,0.0029596090100496575,0.007271496282807921,0.00944265055858483,-0.006885787942597642
2017-12-08,0.005259263337769049,-0.004919422624374791,-0.0010711674957721408,0.0010380680626463246
2017-12-11,0.0028194133619219297,-0.0036570722279921416,-0.0011982876004610898,-0.0004137280002705296
2017-12-12,0.0015713209876295764,-0.00609695692990363,-0.006694817531563602,0.0038300615761642123
2017-12-13,-0.0003060662096272537,0.011627551104694368,-0.0015738851838848265,-0.009103652234930504
2017-12-14,-0.004279886836511593,-0.00616518972049126,0.0030095240250863856,0.00019983938010431634
2017-12-15,0.008133806905004759,-0.006197972707795429,0.002861963274461465,0.004971542564587129
2017-12-18,0.006147659558661811,0.0038405306393961784,0.009344508207953073,-0.005347588934573143
2017-12-19,-0.004034024857885066,0.0030252281323356113,0.0029614788930259596,0.0014166357644836093
2017-12-20,-0.0007177841532370888,-0.00010932908087523101,0.004189551605689878,-0.0017110608158367848
2017-12-21,0.0018660060710602444,-0.008771093708449362,-0.018930136512911578,0.012648992463353104
2017-12-22,-0.00045514342437924515,0.0007077157244507637,-0.0012585046385848674,-0.00103744354519536
2017-12-26,-0.0013897185857709715,-0.002289270614258365,-0.007882691132011154,0.012385586758835264
2017-12-27,0.0002929495757557632,0.0008087284192942801,0.005001721394269764,-0.0008812061040900155
2017-12-28,0.0018636412446135786,0.0012223935260035736,-0.00012767714072143833,0.004184948823469104
2017-12-29,-0.003964202757439583,-0.0019022411092509462,-0.001181288128168501,0.004952102345930065
2018-01-02,0.00696357970749828,0.0034914164368024317,0.006568992714497002,-0.022400253077282717
2018-01-03,0.006131976178670895,0.005953931015680613,0.011971414354713782,-0.00045579995612668976
2018-01-04,0.0040211166680679256,-0.0006582952954498067,0.0027406358219735256,0.001762015920642612
2018-01-05,0.0064700711873300065,0.0046117449230007376,0.004427173220715053,-0.003624131099019201
2018-01-08,0.0016352385829812022,-0.0023158250615921585,0.004620114773869821,0.0013525289312919296
2018-01-09,0.002069976468746182,-0.005007734688487397,-0.009001779657756847,0.012793218840886822
2018-01-10,-0.0017234988353066472,-0.00886211430178232,-0.0028254257414659033,0.005839692355842142
2018-01-11,0.0071024016815199875,-0.0021217237729444505,0.008126907534877114,-0.0009449919461302358
2018-01-12,0.006325412850092249,0.001815905447853595,0.008624712574315907,0.003283990696872863
2018-01-16,-0.003612216587896122,0.0025637751561592764,-0.011698220299262596,-0.00563760267529928
2018-01-17,0.009338300558869861,-0.0017608084397955914,0.02571729209377206,-0.007348759212437163
2018-01-18,-0.001874596866392686,0.009497223068015648,0.0050554009453194545,0.003427756494147627
2018-01-19,0.004356082749255252,0.00143814147899608,0.002251174367718378,0.0036765049899175617
2018-01-22,0.00793717948393402,-0.014697742470229935,0.00049787106932353,-0.005836279139869194
2018-01-23,0.0019289222280272078,0.01168876309526028,-0.003204484589315283,-0.018757550015847523
2018-01-24,-0.0005820616276626112,0.01014792492215465,-0.016090956347055495,0.011849613867747544
2018-01-25,0.00023018233721328052,0.003184445008282832,-0.002954283428990234,0.011734069790705626
2018-01-26,0.011384043717789893,-0.009988570729503076,0.004079180488186396,0.002990715489310525
2018-01-29,-0.006823287235265596,-0.004944839448096661,-0.003316960559783399,0.008597073669259601
2018-01-30,-0.010450746487600804,0.005292673618469513,-0.00731187103580281,0.015961363550814567
2018-01-31,0.000302826408515422,0.0016874139337890394,0.013687390722501969,-0.01237459303691818
2018-02-01,-0.0013283545735764957,-0.00616718329723347,-0.0025122841348239502,0.006214616784178095
2018-02-02,-0.02196379994002562,0.00478816038913292,-0.0044339288063486755,0.004431887774063795
2018-02-05,-0.04201607823739717,0.012845881928805203,-0.00328367711114054,-0.005371793744256663
2018-02-06,0.019508794921018424,-0.00255876924108709,0.02828316369272315,-0.021005854626965293
2018-02-07,-0.005618767949731263,-0.003525046668345566,-0.015298346278223861,0.011055604379521623
2018-02-08,-0.037702594668855505,0.0038314037660510045,-0.02022270468410018,0.011769907170067762
2018-02-09,0.01482792514043374,-0.007648301666759351,0.007444045532897502,-0.013137771201572666
2018-02-12,0.014491029555679047,0.0008403876278805893,0.017913535174618064,-0.0020075726034884285
2018-02-13,0.0022938322853385262,0.004324641624697678,0.007749463369202913,-0.0020546952386614747
2018-02-14,0.013302463228141548,0.009428279412464637,0.007120288575038814,-0.016599475512201922
2018-02-15,0.012566740123289177,-0.003277931385310219,0.007248437505983529,0.0056907152151207015
2018-02-16,9.939369675859844e-05,-0.0026949944741561874,-0.0002661282740783477,0.0028242460716297545
2018-02-20,-0.006455116468381261,0.006064413588723195,0.013680995457473144,-0.022771067215759166
2018-02-21,-0.005167816880189746,0.010080945212335435,0.004109128394629702,-0.0010061134411921023
2018-02-22,0.0011023605713529339,-0.0048633447616057476,-0.0027191670021790904,0.0055530554194962774
2018-02-23,0.015745788209324152,-0.004985861694067839,0.011259299059349715,-0.01049780131865705
2018-02-26,0.011418710554219835,-0.003589833918947939,0.003000394328262646,-0.006206661903145316
2018-02-27,-0.012680191403272256,-0.008849717035918924,0.009603465598502503,-0.003949708592832456
2018-02-28,-0.010323818049947975,0.005846065301823855,0.008609985374933371,-0.013879611754685516
2018-03-01,-0.014734235853024358,0.003923463778634506,-0.01657134357233174,0.0009517626737906345
2018-03-02,0.004961174667349688,-0.00045986745129062995,0.001932599251538769,0.0005853946879907698
2018-03-05,0.011364352804196454,-0.0002543755571874362,0.004721801832834648,-0.0035159232273433427
2018-03-06,0.0023415753108280146,0.014456792309313238,0.009707933009386948,-0.014301432736642616
2018-03-07,-0.0005600643510949022,0.0002088662428504917,0.006505687977207741,-0.00262394989989394
2018-03-08,0.004645222227482426,0.002023116883892462,0.0015058464400471766,0.00765393905290781
2018-03-09,0.017208858422228968,-0.0053685335529085835,0.013136222723593381,-0.002755973893974894
2018-03-12,-0.001448756998338907,0.004801608443693828,0.00167373186322175,-0.008127278849504083
2018-03-13,-0.006656437989604247,0.005099838701853465,0.0005024141023311163,0.010836317286888953
2018-03-14,-0.005325188106596324,0.002220158636978941,0.007698770814541855,-0.002380675456924719
2018-03-15,-0.001283395278725008,-0.006868250104247309,-0.005319245483939816,0.002854560322553434
2018-03-16,0.0008910660132310788,0.01209264788437888,0.006771821778965148,0.0003885383640327869
2018-03-19,-0.013723945583178021,-0.004705948122626513,0.0015794451641042654,0.010863329200890436
2018-03-20,0.0015068082385247816,-0.0036038191093979988,0.024264453677959152,-0.004944858860993318
2018-03-21,-0.002112633072455128,0.003777712097695607,-0.005358782804578632,-0.009531162081487299
2018-03-22,-0.025190997887351907,0.0027754412815108494,-0.01218007660867676,0.01239412670459298
2018-03-23,-0.0215082887396163,-0.006279279652254853,-0.021899820276308542,0.02046204441925383
2018-03-26,0.027165467822586775,-0.0001669170715677508,0.02862114028790178,-0.01880550590108251
2018-03-27,-0.017205239416631768,-0.011230343113511431,-0.03826432318223647,0.03391040128481363
2018-03-28,-0.0031484920911977188,-0.0039448922649164215,-0.02073715756552381,0.015339442378493572
2018-03-29,0.01258388935218635,-0.003458605076083133,0.018198999606360212,-0.01076580139760358
2018-04-02,-0.02177829246564955,0.004996684687896137,-0.006781902736770273,0.009570696979499395
2018-04-03,0.012623351492005108,-0.0058176364615128776,0.007163095847175671,-0.004779237489270938
2018-04-04,0.010505808587631282,0.0010745706594093019,0.004783787302352793,0.0022408252683056903
2018-04-05,0.007698329298722273,-0.00822410720989465,-0.00828896762895599,0.014989093571361366
2018-04-06,-0.022479663675274653,0.0007987153771497855,-0.014555080737176606,0.014466422817561386
2018-04-09,0.004734628225139703,-0.00393200025435263,-0.0017424076411363901,0.0030453883688005947
2018-04-10,0.015706971479354737,-0.0015210599749723164,0.00967204460651827,-0.0166725207520475
2018-04-11,-0.0054360104349941984,0.004275305165088972,-0.004383806195688855,0.0034850701499903433
2018-04-12,0.008033511573493746,-0.005100895391449246,0.01734055453992671,-0.021995311511385885
2018-04-13,-0.0031266350326344394,0.0050688774641693855,-0.012563272322994345,0.011976305230253892
2018-04-16,0.008028249858238024,0.0030719154705045933,-0.0018802360366071743,0.0052962296522441115
2018-04-17,0.010504547965447308,-0.004813533448346342,0.013071453841662816,-0.010894499341839902
2018-04-18,0.000546592485552333,-0.0020063152493653867,0.010493821824501415,-0.005971717254028607
2018-04-19,-0.00574122852362724,-0.016472675611837448,-0.008630495550952032,0.019017507275475763
2018-04-20,-0.008672829165550455,-0.009869980240142816,0.00016821237330214532,-0.0009229055220641436
2018-04-23,-0.00034368899104286754,-0.0029831982708324323,-0.010217389765283025,0.006910286086137929
2018-04-24,-0.013660981653429771,-0.007076102191852453,-0.02229046818478301,0.0012201532528920318
2018-04-25,0.0022783633929921443,0.0030908368416828202,0.005407315598169671,0.0025945728741944007
2018-04-26,0.009971567337922593,-0.014432437892286543,0.021399302415480326,-0.026024424956893423
2018-04-27,0.000745308002799483,-0.0022744538120282763,-0.00947246787533793,0.014944931899564352
2018-04-30,-0.007884223165625204,-0.0024328292710387167,0.004622287423870653,0.000769502531895349
2018-05-01,0.001583604200025679,-0.001955766350309551,0.011504799839165459,-0.011806197770937155
2018-05-02,-0.006911425745301902,0.0021112399715213833,0.0009606776895741305,-0.006754841066028772
2018-05-03,-0.002397504251881011,-0.0006056682456495045,0.01176765249794257,-0.004320262128843966
2018-05-04,0.012753153173040044,0.006237187442806481,0.003114211859253358,-0.011957569607438621
2018-05-07,0.003189359933359892,0.000659896975900698,0.012089321859679036,-0.011143104466475184
2018-05-08,-0.00019363050654397362,-0.0033946937556483146,0.010659831115349839,-0.007178821317011319
2018-05-09,0.009472183443611115,-0.001705937967735516,0.009254897674193829,-0.013563641261414829
2018-05-10,0.00915707223504758,-0.004062536554834917,0.005510812385500219,-0.004542304017739807
2018-05-11,0.0028574410533095396,-0.006133221216089535,-0.006513074328132062,0.003854680384862974
2018-05-14,0.00028304911817778056,0.007408619967468932,-0.0017055131230080955,-0.012556445865045274
2018-05-15,-0.007080598379388681,0.0029766294049597404,-0.005678466345469924,0.0011859606101555118
2018-05-16,0.00401108819601248,0.010608688627352458,-0.006288903172749215,-0.01571881267970058
2018-05-17,-0.0010380988351981202,0.004103346261467166,-0.007989297891461787,0.004391651403122021
2018-05-18,-0.0026935364736756506,-0.0023510459526381536,-0.000557425338760742,0.012319826383191157
2018-05-21,0.007325074379743279,-0.002684073917525209,0.007928780014305793,-0.010358362187022687
2018-05-22,-0.0029737946414767347,-0.00086401719266167,0.0034111805350693913,-0.009541458014618032
2018-05-23,0.002557262157141027,0.0038272311261384417,0.015850324347775738,-0.018237914051331596
2018-05-24,-0.002241814831227318,0.004221861223835799,-0.0006951024273178399,-0.01010218258849872
2018-05-25,-0.0025765759504767782,0.0039541359564797315,-0.003959779249171192,-0.002273617501072722
2018-05-29,-0.011694788408257883,0.004979725251646073,-0.00011707393702799999,-0.004153198744091058
2018-05-30,0.013151395758794537,-0.00877294337774528,0.0026198227469023116,0.004417232379386638
2018-05-31,-0.006319524726056014,-0.008128192131064084,0.0001396510648956177,0.0031296399959683044
2018-06-01,0.009623640012649037,-0.003839990488745849,0.009199754886505405,-0.011701272789005977
2018-06-04,0.004558263803622342,0.0037407303477025476,0.002677543735564813,0.008151083596302022
2018-06-05,0.0005339096890599748,0.003716177024268863,0.0033833472223024465,-0.0066440417990067165
2018-06-06,0.008166904656309537,-0.007491359879497994,0.004815523688966806,0.01052372078554512
2018-06-07,-0.00030196836539597705,-0.002633523433585239,-0.0172619523998908,0.010327644240934863
2018-06-08,0.0027627656460467165,0.0008140243209526997,-0.003764604061320309,0.005998596788774368
2018-06-11,0.001136335967995672,0.0004007465917428288,-0.005269708547336827,0.004276117305295179
2018-06-12,0.0010986486938762141,-0.0013360849264565044,-0.0005980931705135028,0.004095624479726579
2018-06-13,-0.0033845327453084773,-0.000996214346050595,0.006295156837209315,-0.010568749871170026
2018-06-14,0.0023241877728155114,0.003641978852203254,0.0014722754029055873,0.008489622937456488
2018-06-15,-0.0014697185445694538,-0.0020254392539587503,-0.009996390932512221,0.008795278006565809
2018-06-18,-0.002249882956758542,-0.0038056221660293325,0.012831561996688412,-0.001455494274719915
2018-06-19,-0.0040267077509335,-0.004675985022729022,-0.010163627321674428,0.009330951101374562
2018-06-20,0.001512399695920763,0.0006471089856463497,0.0037637849120089493,0.0008404183994503599
2018-06-21,-0.006462255699911212,0.004007477396549164,-0.0034972531294186204,9.135547337109102e-05
2018-06-22,0.0016297739501418551,-0.005449922465658818,-0.0153151515276164,0.014613137904236195
2018-06-25,-0.01380666717542145,0.007859468224115072,-0.025944578642206798,0.01814434609650174
2018-06-26,0.002020487753419564,-0.009436705759350062,-0.0047708627018656635,-0.009056133382091224
2018-06-27,-0.008478294350760973,-0.008035288407649077,-0.014484098751449726,0.010465149066215297
2018-06-28,0.005523955342503051,0.004910733829169801,0.005658844239546212,0.010418993096748708
2018-06-29,0.0012461692460734586,0.006535789898734601,0.0021065997969132,-0.0016354238848212302
2018-07-02,0.0019444452913084387,0.003512795435925864,0.015328288625582387,-0.0013075223096325802
2018-07-03,-0.0037252288310237747,-0.003037739682327323,-0.009117704025134565,0.008507214884805103
2018-07-05,0.00796465958486614,0.0035773988944520566,-0.0006019360188948327,0.0010042893132763183
2018-07-06,0.008264767195023337,-0.0021636331270334487,-0.0005280199858138327,-0.002100605745224037
2018-07-09,0.008810304350401532,0.006877663823141112,0.0063684723137727,-0.008068835392011442
2018-07-10,0.0034050263537599434,-0.007572784445729518,-0.0001893311669454948,-0.003940373630039573
2018-07-11,-0.007508311967562187,-0.008614349136349984,0.0020090823909363117,0.013611547313857896
2018-07-12,0.008872599754353283,-0.0033889122083609726,0.015684879653291472,0.0018463717642230974
2018-07-13,0.0005940831590143247,0.004141068417964644,-0.0022282140110161273,-0.00769813923540128
2018-07-16,-0.0010881643941036412,-0.013586532592663703,0.0036529493290284316,-4.897803072795304e-05
2018-07-17,0.0038516021626631147,0.006470437517879569,0.0005910121629782109,-9.765341474466966e-05
2018-07-18,0.0019103967137590327,0.005747862593249598,0.006454846799723168,-0.0003537292736878637
2018-07-19,-0.003965397836861673,0.003819880301524348,-0.00480106597469625,0.0081678573543161
2018-07-20,-0.0013366277037080154,-0.004502020868899625,0.004642491380096814,0.009587745466918563
2018-07-23,0.0016658499320927334,0.006150411024158253,-0.012886249533474581,0.016098866994058703
2018-07-24,0.004838240779406311,-0.014542659975999028,-0.0015384033392104256,0.02138702575461998
2018-07-25,0.0083290444342079,0.003899512507402181,0.009579614297167038,0.013284073988732003
2018-07-26,-0.0025529344075206906,0.008702414499625234,-0.007980359534199632,-0.001079377224942113
2018-07-27,-0.006969495825462357,-0.0007874154728309095,-0.010664095691723484,-0.012351823920379403
2018-07-30,-0.005417353615843279,-0.0020261924068846852,-0.017296364317951698,-0.004320536656058426
2018-07-31,0.004735309100725393,0.017274582178146237,-0.010308783367235742,-0.008485620175297238
2018-08-01,-0.0018636946406332955,-0.005881450380679232,0.011179276168662988,0.0027613199527471433
2018-08-02,0.005253988153031797,0.0045816840482407525,0.00010805250929849484,0.0039800022679600585
2018-08-03,0.004091027091909227,0.005767679941694094,-0.00442113079682822,0.002699877162042297
2018-08-06,0.003473256834129357,-0.002386520119345958,-0.006351952126919225,0.0014534600819669952
2018-08-07,0.003109290475411308,-0.0050661145004714525,0.008426611651501891,0.003531005484743755
2018-08-08,-0.0006140151675609884,-0.0019784551695411156,0.008166982665033162,-0.0020268865238140753
2018-08-09,-0.0015600024461231987,-0.0008843848207254253,0.001498391007191513,-2.3382328464332733e-06
2018-08-10,-0.006893612490639245,-0.008008836887078695,-0.0018236728841691027,0.01278363481074165
2018-08-13,-0.003937061167654354,0.0015201356173638377,0.004927859978184245,0.0034298857868242045
2018-08-14,0.006186996414090817,0.0026113325510627727,0.004366315910483254,0.0013437979249352526
2018-08-15,-0.007660977330475105,-0.002647036348642816,-0.013450782123103388,0.018353634483343838
2018-08-16,0.007897969007903738,-0.005485025100579444,-0.0029395551808005793,0.009104960750620783
2018-08-17,0.0033265611943800177,0.0009954187905458212,-0.003927889704286758,0.014918352968229454
2018-08-20,0.001946346840989266,-0.00023696178006447086,0.008015186463938307,0.00643671706512613
2018-08-21,0.002151842925198988,0.005453467492820585,-0.0012341232488975113,-0.013527217970372195
2018-08-22,-0.0007875646739852193,-0.0011026636488484676,0.007743981539229561,0.007840448089233265
2018-08-23,-0.0015211407734745386,-0.007337024824114413,0.006098955267335716,0.0017781907070850036
2018-08-24,0.005824620414218495,0.001051227980733837,0.005841066921203641,-0.004604187096624357
2018-08-27,0.007701337904710837,0.002543603286827012,0.0019043305429604206,-0.006909360031735388
2018-08-28,0.0002898884552497982,0.001557446159166609,0.00181454243957202,-0.0012377350416831632
2018-08-29,0.005186826768124098,-0.0075749017551928755,0.0070310259368275615,0.00865492237800286
2018-08-30,-0.0042413163108608876,-0.003130193177718687,-0.00010558403392951776,0.0012351139235363467
2018-08-31,-0.00015955393184996502,-0.0012646670902024648,0.0016612677733709668,0.003215373149238798
2018-09-04,-0.0019159230101311042,-0.005592717430507932,0.018405932828915728,0.00484697114463426
2018-09-05,-0.0028852372629276646,0.013000700187327165,-0.02146601748501624,0.001783054175172938
2018-09-06,-0.0032034006320412756,-0.004629932713898322,0.005299581843169476,0.03603535867140436
2018-09-07,-0.002137143279087872,-0.0012002108537407458,0.004878691384682077,0.007846777965718654
2018-09-10,0.0015450107381922429,0.0030309978898568233,0.006916187418424091,-0.0002119113026432971
2018-09-11,0.0031033006328551327,-0.006468645248476112,0.009731617433801831,0.0161652021497406
2018-09-12,4.867995230051214e-05,-0.0009460266262873332,-0.009483345112711561,0.006742398704457109
2018-09-13,0.005721270456359173,-0.0008885489805309345,0.0028317755331446317,-0.008678069550797795
2018-09-14,-2.178032482125225e-05,0.0007818052818864937,0.006800299837216938,-0.004531982157376269
2018-09-17,-0.005488076599413416,-0.00013386758340990787,-0.011041813327564386,0.0053800262713417975
2018-09-18,0.005232517932311165,-0.0035872087791674278,0.015177550742825684,-0.011140793834946539
2018-09-19,0.0008719033190305314,-0.002514420879621282,-0.009506017755453223,-0.002636188123265182
2018-09-20,0.007910033712701825,-0.0002285094911105741,0.0006343854385206689,0.0018469229035806495
2018-09-21,-0.0011069415661550952,0.0008480270267776312,0.0021190672815848076,0.010023014726161506
2018-09-24,-0.0035155328044477185,-0.002746726036804148,0.006794279653654489,-0.0006622444709197708
2018-09-25,-0.0011216706663588205,-0.0064054012671363675,0.01521685001822104,0.01009013595306445
2018-09-26,-0.0031859206535361784,-0.009274015266982249,0.005640911972953422,0.0037874266040883726
2018-09-27,0.002600847960062991,-0.00832032750614482,0.0021661937492419734,-0.006888097514233915
2018-09-28,-9.010932259223559e-05,-0.0009965595647412283,0.004138384480306745,-0.004913877990778326
2018-10-01,0.003280284678370826,-0.014159672839173553,0.002488088209269269,0.00021839017701805706
2018-10-02,-0.0007765517606573846,-0.0033966555281311657,-0.008707551122833557,-0.0011926906197514682
2018-10-03,0.0003550304993344966,-0.00861309834043721,0.0003767586882354678,-0.006560809094658437
2018-10-04,-0.008009350446245511,-0.002927379933708018,-0.0005808588323930833,0.004534249799362678
2018-10-05,-0.005790253730592054,-0.00445713029002055,-0.0034958865235968917,0.001558450401560751
2018-10-08,-0.00019363050654397362,-0.0005893938197180982,-0.011798490108564874,0.0012916181313137654
2018-10-09,-0.001653444317992081,-0.02401860319770379,0.019665894909537296,0.012978480243533985
2018-10-10,-0.031856594248204306,0.014586052163162402,-0.030458863768703093,-0.0012709375548966562
2018-10-11,-0.022219907698093566,0.01739743519288891,-0.011828473433077292,-0.006867296285850734
2018-10-12,0.013694359242271581,-0.00597572168989735,0.025657607728247867,0.0013320484252842936
2018-10-15,-0.005810246174016265,0.007770285909440311,-0.01052187832399446,0.008331790468133437
2018-10-16,0.021672015537804734,-0.003054386608159841,0.018315592099659207,-0.009978930934786343
2018-10-17,-1.5212250464857746e-05,-0.007811023529630968,-0.00472236289806115,0.000508925021490958
2018-10-18,-0.01463497847417139,-0.0033350362448290698,-0.007977655208047319,0.004107045926668673
2018-10-19,-0.0007363211010884552,-0.006403705520254466,-0.0030037270373634906,0.01904731260435736
2018-10-22,-0.004681969210108994,-0.007371140750244942,0.015073735723352754,-0.005005595384532369
2018-10-23,-0.005284570585857962,-0.0016421041502970848,-0.00687754117515611,-0.0005963110147376937
2018-10-24,-0.030492132793780047,-0.016157832315920863,0.01866842545750029,0.020860191300182837
2018-10-25,0.017747086567325487,-0.0022569458964346693,0.009935195685494547,-0.00849498370132893
2018-10-26,-0.017781116599570157,-0.01285961956910937,0.003955992560005738,-0.004965508849315847
2018-10-29,-0.005733991411432715,0.0012774215895609113,0.0008878579362607275,0.010784468424319505
2018-10-30,0.014624873669942362,0.007977829048524442,0.00918523175025554,0.009430305226914036
2018-10-31,0.010487417661648957,-0.0010188577650983351,-0.007583320630345558,-0.0016385286106859309
2018-11-01,0.010448076523072336,0.04575136033560581,-0.039645016987558235,-0.01527857347011715
2018-11-02,-0.006116842896437991,0.006556130172443875,-0.003393217038665586,0.008131055644049602
2018-11-05,0.005323483539200646,-0.004786315902577609,0.0011030769263679413,0.007496998188070936
2018-11-06,0.006134252151976272,0.004953936978076978,-0.004052958679582086,-0.0006411427216318714
2018-11-07,0.021215255138227862,-0.005658103624056587,0.01799552596943669,0.009226466669978364
2018-11-08,-0.0020086181356522292,-0.007096205089203933,0.00916184592082,0.014796425217845199
2018-11-09,-0.009961911965849612,-0.003259502351275645,0.0028676428986111335,0.023337346632959166
2018-11-12,-0.01887873485750302,-0.0005045999554133887,0.008889858323732125,0.026540061817236806
2018-11-13,-0.002064818404953428,-0.0012233674890839707,-0.020201370971579855,-0.01736749413745089
2018-11-14,-0.007030518980683631,0.016924695397384892,-0.007749995266326393,0.003175582024875145
2018-11-15,0.010243416967310015,0.003619669698542615,-0.004580564769726448,-0.012604013562599714
2018-11-16,0.002406871810236355,0.005058652572303136,-0.0008737708865933723,0.002866621895681565
2018-11-19,-0.017107800852395605,-0.013254993609262689,0.0038125724042859972,0.033896602059945845
2018-11-20,-0.018700375556459203,0.012379093241743034,-0.009536729687337975,-0.020107237261857768
2018-11-21,0.003214294269674456,0.012023823018723356,-0.012785160355117044,-0.020010405948662192
2018-11-23,-0.006872588529275636,0.01336408271995393,0.0013181986049008113,0.006902820907081775
2018-11-26,0.015950791817779697,-0.007332723477097403,0.001655597611838977,-0.009869781178715563
2018-11-27,0.0031708477783711775,-0.00846814938998287,0.009887337917487428,0.008108587270359336
2018-11-28,0.02283155004466053,-0.007527091053572476,0.011137725699795542,-0.013233373026972618
2018-11-29,-0.0023786563997568733,-0.0031800294919727473,0.004561945553987278,0.01271206602875441
2018-11-30,0.005902083569931049,-0.009186241864652866,0.007766679888481053,0.0008525423048422638
2018-12-03,0.013047307524404639,-0.000972682098295239,-0.002515239979531181,-0.025789690749856098
2018-12-04,-0.032596036452524735,-0.0023249540492542853,0.019444252275469295,0.03628148704994568
2018-12-06,-0.0017106436412520631,-0.012166285657181752,0.007638024371578167,-0.003020377174253552
2018-12-07,-0.023429353044089773,0.003007326842466452,-0.0006701817798945992,0.023850851342986205
2018-12-10,0.0017032420134162063,-8.48280264823531e-05,0.010558039157543065,-0.0008696101961567335
2018-12-11,3.36983751973996e-05,0.003350534520314108,0.0043364220752030065,0.000789520788526476
2018-12-12,0.004841673783805511,0.003946768175616522,0.0022950437977015906,-0.002945840472169237
2018-12-13,-0.0005325474819671827,-0.026080074015945143,0.005915619814863615,0.012959086894724104
2018-12-14,-0.018658842758344063,0.003636370533310909,-0.00567450814796162,0.004674686186626895
2018-12-17,-0.01981171670885251,0.0075286332717323,-0.013018616602580501,-0.011547245695070197
2018-12-18,-0.001290101181093184,0.003368264369431972,-0.010562194819521954,-0.018070773260360794
2018-12-19,-0.015169418113035071,-0.0038271893660462367,0.008130843379996124,0.011262554707799908
2018-12-20,-0.016471519788873956,0.013211004787414792,-0.0019098265634378102,-0.00232225456699099
2018-12-21,-0.020683053867121437,0.005852310841048935,-0.0005971978979650294,0.0158189742736443
2018-12-24,-0.02661664074127057,0.010367262892981309,-0.012683561222308293,-0.021926230410927817
2018-12-26,0.05033111369403298,-0.010324146793084403,-0.002713377168792497,-0.014020198894917485
2018-12-27,0.0074837230395845555,0.006583870850936313,-0.0012016727030170413,-0.00328323064098247
2018-12-28,-0.0014836785852785361,-0.0035860468991476325,-0.002165647333816412,-0.003728279141037583
2018-12-31,0.00856527025423337,0.008526617871986409,-0.0008477746787812993,-0.012273244145571606
2019-01-02,0.0008467661491171619,-0.010994803819823618,-0.03906788008254343,-0.010729995279199322
2019-01-03,-0.024056362883248972,-0.010746131505161616,-0.001114209968920546,0.02795382501632251
2019-01-04,0.033302035065529534,-7.178207874197068e-05,-0.009774302030594394,-0.020384658818926392
2019-01-07,0.007691054097286321,-0.001133714976326028,-0.012813224579011994,-0.016955821754591125
2019-01-08,0.00920156312331688,0.0017342223717576213,0.011977187962831315,0.012640773933283
2019-01-09,0.004479905213812918,0.011103251353745824,-0.014617773634072196,-0.023037197566381874
2019-01-10,0.0033340614421684123,-0.005792888223589731,-0.004970796337137895,-0.0035381406600205273
2019-01-11,0.00019253561433330013,0.0038427139635746174,-0.0016596088881438154,0.0010053489552280471
2019-01-14,-0.006294688994154085,-0.019925465552989588,0.0008569678724279928,0.014873172407364132
2019-01-15,0.011267452670019829,-0.006481567420445356,0.018336382251167738,0.007978885459024199
2019-01-16,0.002225984069006648,0.004345430416943974,-0.024244417177914524,-0.007606867390895678
2019-01-17,0.00739317046492638,0.0008101828068325274,-0.003159414347821776,-0.0033487470127978375
2019-01-18,0.01311643613460034,0.0062479444727363675,-0.015835636708753067,-0.01776069583919787
2019-01-22,-0.013704175195445978,0.004505584943593854,0.020266749016143948,0.014327381969952868
2019-01-23,0.0018990660215070232,-0.005655668043482231,-0.007750021941882723,0.0012272057051778585
2019-01-24,0.00033722527532575874,0.00311052571180086,-0.029107001790373753,-0.045945584759185566
2019-01-25,0.008268178932433035,0.017063708641327936,-0.02814278673394326,-0.029944919334494936
2019-01-28,-0.007793907545360468,0.006871399293721281,-0.0031336654716028972,0.0031619851688219573
2019-01-29,-0.001520367232790698,0.004096960780486325,-0.00253462284355368,0.012964740219377636
2019-01-30,0.015636789368779436,-0.0019344144438254926,0.0029215577011113755,-0.023789276842479265
2019-01-31,0.008588926871458291,-0.010485056996910548,0.005153235093680486,-0.0020062967622235806
2019-02-01,0.0002880685318398246,-0.009690687854529912,1.1974384299850288e-05,-0.005665624237030497
2019-02-04,0.006841739041731465,0.0011606271291567886,0.003939744365069785,-0.010456658800583074
2019-02-05,0.003998288998968036,0.0031750167582467737,-0.011634562026250695,-0.022757661338685266
2019-02-06,-0.0015121545989789098,0.000623757664722169,0.0029493781132645777,-0.004748121422354335
2019-02-07,-0.009726542163117746,4.6835201055351466e-05,0.014724650310666986,0.017599067940945914
2019-02-08,0.0010282131356069701,0.007854051996166456,0.017042767171731407,0.0031848882918633302
2019-02-11,0.0003610178725552693,0.00047852402399886076,0.0009462800184644182,-0.004173846736592968
2019-02-12,0.012665629047784899,0.005357264121122186,-0.005199044714741042,-0.007712003012618407
2019-02-13,0.0030534724745989728,-0.002143387816406951,-0.003970963946103856,-0.007557100926695959
2019-02-14,-0.002412167056448311,0.0017190220877214778,0.004387096522235479,0.0012417103843542
2019-02-15,0.010703961840449194,-0.00782375768241096,-0.00041128906257689203,0.015862937130693533
2019-02-19,0.0015369069581376849,0.007906472254126662,-0.002807399126027443,0.0003579040894784557
2019-02-20,0.0018219545647069069,0.010709627628441265,-0.0038761983368454933,-0.007255056390334202
2019-02-21,-0.003749542273419393,0.0007983758582029927,0.01198860651240562,0.011141856871589105
2019-02-22,0.006005939042940112,0.004227564999104349,0.004758677235906683,-0.005471222913340346
2019-02-25,0.0011677960387195263,-0.00550430751328006,-0.01734323110649175,-0.0143624239270842
2019-02-26,-0.0009091773326641572,-0.01249934516657052,0.0014167058378633634,-0.0025267832138825995
2019-02-27,-0.0006232904529244188,-0.012662822578723865,0.005962193276557814,0.009285716490649333
2019-02-28,-0.002055842575244604,0.006567330027183993,0.009975268701831951,0.0032886520385285393
2019-03-01,0.006049765730611112,-0.0010888554332032065,0.0007687777875010843,0.0007544791945020115
2019-03-04,-0.003830745293691984,0.00021289350445230504,-0.007437948181462573,-0.004826711520846183
2019-03-05,-0.00155360668299942,-0.0043612670958719565,0.013482171725457548,0.015569900469817797
2019-03-06,-0.006250792080430334,-0.0004631113311269752,0.014541340633731182,0.0191721016784427
2019-03-07,-0.008558867565261918,-0.009010238530549542,-0.0011773685071500345,0.001079020728132285
2019-03-08,-0.0021935607927390244,-0.0006204779500644797,-0.009393009449970879,-0.003461898205877367
2019-03-11,0.01430749768352868,0.0022631496247832034,-0.010077980505735553,-0.01119745048569096
2019-03-12,0.0035771626103051624,-0.0030847717366524587,0.005064119237366149,0.0004478398827373663
2019-03-13,0.00642610216657169,-0.004762043071793808,0.00020470834072553509,0.0016755833706370129
2019-03-14,-0.0008337958594539785,-0.009422490744515366,0.011930314062470504,0.0025947806075997002
2019-03-15,0.004746790033438142,0.004574502081502052,-0.00028166565754700335,-0.0037883058400294935
2019-03-18,0.003432255870034373,0.002633638525299409,-0.010877325281963402,-0.0035048361243683154
2019-03-19,5.4548212930827233e-05,-0.002359510746301929,-0.0010040264420270951,-0.0019781228400568064
2019-03-20,-0.0032035091287926365,-0.0029045307090080456,0.011932435060992598,-0.004002619174648891
2019-03-21,0.011100829596754291,0.015483728089247892,-0.015478382887477972,-0.026350515528670994
2019-03-22,-0.01943963277428795,-0.006526882231086804,0.023209323649353977,0.021429461273886164
2019-03-25,-0.0009456484761611872,-0.0012666899555125012,0.011430308854596815,0.01181336775981513
2019-03-26,0.007260212412405709,-0.00023644661230994707,-0.0005176615877390701,-0.0007979436203013994
2019-03-27,-0.00542316388385089,-0.0002400285234875569,0.010579087775343221,0.012194891879565984
2019-03-28,0.0035973982341759303,0.0024955368784549295,0.0007420220683459818,0.006834726463463503
2019-03-29,0.00611149518035492,0.006232247411012871,-0.00775650456518614,-0.015228337124902937
2019-04-01,0.01166573084290845,0.009516261871985277,-0.01577475872685026,-0.014410086040305026
2019-04-02,0.0002961736763504863,0.001061618234913797,-0.00015790007515565914,-0.005871962782855944
2019-04-03,0.0013800541603039562,0.01200585374384978,-0.015819546427872856,-0.01645404194651584
2019-04-04,0.0024596427135987753,0.003685372306391665,-0.010563526849859362,-0.006004063077933696
2019-04-05,0.004646852240780097,0.006483583952536832,-0.00043609791570794424,-0.0030911669364350747
2019-04-08,0.000568820555879368,0.006503761532394226,0.006704096232402157,0.010616507831024469
2019-04-09,-0.005318671654942708,-0.007250769684221781,0.01250927629463463,0.014693149885981482
2019-04-10,0.0032174550071415453,0.006202309671840368,0.0016514444749788915,-0.0029984847601537083
2019-04-11,-0.00047107975012072867,0.0034473741229196996,-0.004720622255663798,-0.005110176571058877
2019-04-12,0.006572117546294276,0.008327885729010987,-0.010464877528365191,-0.0018169061918891227
2019-04-15,-0.0008481941448315045,0.0008812642527580073,0.008799108836651859,0.003030666589178521
2019-04-16,0.00046136186593392914,-0.0015876875213306713,-0.01813189966084048,-0.008799319328138067
2019-04-17,-0.002640518613619025,-0.008673409386513054,0.0067412535452592735,-0.01642834360680634
2019-04-18,0.0017755811704518454,-0.0009681637361713013,0.000607959624774468,-0.002458165819363356
2019-04-22,0.0006682997440927707,-0.013990797308501524,0.014291504258382404,0.010979019454585714
2019-04-23,0.008798178144978408,0.015975083495146813,0.004591896540299456,-0.0016664508832587082
2019-04-24,-0.002412997118470539,0.004729558787976252,0.0066652908395429256,-0.002921354881594118
2019-04-25,-0.0008096199896276968,-0.008070111943726999,0.010074016974870892,0.009176623697233145
2019-04-26,0.0044634455335237355,0.0011901997914168351,0.0014311601529840234,0.009297110958908662
2019-04-29,0.001373255959474129,-0.004919834813970592,0.0005608932534130861,7.562157541878283e-05
2019-04-30,0.00031721490331348967,-0.008612751688965336,0.007279605464487204,0.0061086628628621575
2019-05-01,-0.007710082419641995,0.0029370883317647806,0.0028370011708957147,-0.006845594730942328
2019-05-02,-0.002352464242825425,0.0008649319350640394,0.010104546947810466,-0.003051573716601186
2019-05-03,0.00959381230312828,0.00360050659135378,-0.008577437356730421,-0.010376630169023328
2019-05-06,-0.004308548809422885,-0.011259699690400315,0.011559666265200153,0.014226298280852166
2019-05-07,-0.016893327331217955,-0.002226695699404169,0.004926024719537094,0.015151635731830438
2019-05-08,-0.0015829651865104655,-0.007164898614851135,0.006919169767997757,0.008158537812277267
2019-05-09,-0.0032192654805879295,0.00611794099953853,0.004978097909917589,0.004217582558396637
2019-05-10,0.004829564269503983,-0.0014177986990314695,0.00713615215650214,0.005399591172547479
2019-05-13,-0.025323831794074048,-0.015441121603802076,0.012527105341493781,0.01889094207351655
2019-05-14,0.008850146292577854,0.004378408271880442,-0.008739410689287429,-0.019843544469141505
2019-05-15,0.005663947510304634,0.005100463653273168,0.0050764383391359805,-0.001282556966199588
2019-05-16,0.00906760682640928,-0.005543084067981329,0.0019942037259463646,0.011835853461760592
2019-05-17,-0.006658882125424537,-0.005885429692602195,0.0037040854608745514,0.008160102475891162
2019-05-20,-0.006805576960774773,-0.015913742087606077,0.011112419368695193,0.02223988854764827
2019-05-21,0.008822060696747291,0.012178353747792338,-0.013469860712021475,-0.015672252229920136
2019-05-22,-0.003264888602115046,-0.007546658617014668,-0.004697846444349486,0.019503427246241545
2019-05-23,-0.0124122850329772,-0.005602957877845725,0.0024488465479877465,0.015307504978364805
2019-05-24,0.0020744655224822495,-0.007544092778594613,0.008287068853664158,0.00666935066151555
2019-05-28,-0.009494348869211078,-0.0029432196315160135,0.007926697919179417,0.006764988104497827
2019-05-29,-0.006904227051498735,0.004704043815343983,-0.008645015175234827,-0.008501252915202474
2019-05-30,0.002537901610851989,-0.0004086605821050028,0.007366882253384499,0.0024022729969200296
2019-05-31,-0.013669114751043043,-0.021179317870096595,0.0004104754729583257,0.013665601386986649
2019-06-03,-0.0027366012837256593,0.006388535572130416,-0.02924441464996378,-0.002328572027177611
2019-06-04,0.021513343344791602,0.011016246141197773,-0.03418725086889963,-0.026759590519342544
2019-06-05,0.008468569016070182,-0.013633450458670803,0.019738498157743443,0.027200745432811646
2019-06-06,0.006308803562573573,-0.007863390122368384,0.004670924929807463,0.01007991204483275
2019-06-07,0.009813604192199454,-0.003707428172231098,0.008926417793836627,0.005604831798961229
2019-06-10,0.004395116218794959,0.0033486104869422722,-0.016741028493961838,-0.010049990645179863
2019-06-11,-0.0004364590714577288,0.0020650916109492103,-0.004242525017261568,-0.0020597750882075275
2019-06-12,-0.0019586211707743884,-0.0100890449211956,0.01762245869193856,0.022492750999962917
2019-06-13,0.003932512279548606,0.0072248254979259355,-0.01517468115464391,-0.0160973852357857
2019-06-14,-0.0012982495924100945,-0.01024974505606736,0.010558796559668758,0.015553514715995342
2019-06-17,0.00018656825357132867,-0.0070004719976904045,0.0052150155670684034,0.002866302280957522
2019-06-18,0.01027769781479937,0.008124223433035793,-0.023866345347401174,-0.021667915936369086
2019-06-19,0.0020631806398658803,0.013804376492729841,0.016682037485109057,0.009402280656009288
2019-06-20,0.009360544684703598,-0.0015687141362392253,-0.00694254915947522,-0.006071138460004776
2019-06-21,-0.0016470940167576664,0.0022330683578405063,-0.0014114413503519938,-0.001415134991154221
2019-06-24,-0.001417783946038087,-0.00036502237068214427,0.008935430332047533,0.005460008992329212
2019-06-25,-0.01000173879135613,0.0051421672214201014,-0.0005449129996473179,0.002941475164964547
2019-06-26,-0.0011909104513593283,0.01033064095177858,-0.033148544489420916,-0.035362084115181734
2019-06-27,0.003352056975856277,0.010728951603847701,-0.009519190122381904,-0.005016826242748762
2019-06-28,0.004952183798655252,0.004034125451844051,-0.01746352830447353,-0.007550391495450382
2019-07-01,0.008884809438683972,0.007954049992734547,-0.0025325818805219114,-0.010659254760020578
2019-07-02,0.002410810052033252,-0.013371238246503948,0.020540389522266556,0.01628038730157
2019-07-03,0.007801443694011256,-0.001320918467947364,0.010534862672257317,0.011004023047375834
2019-07-05,-0.00133126570040909,0.001863033822905136,-0.004762980980308085,-0.005415572523232904
2019-07-08,-0.005688402941766646,-0.0020250863026421203,0.0030771411129830615,-0.000345258613414179
2019-07-09,0.0010525987219724975,-0.004306366861228639,0.0006247098271489727,-0.0020552368280801316
2019-07-10,0.004584800532615452,-0.001086883831774266,-0.005350344343853508,-0.00237287735042514
2019-07-11,0.0021502088079732307,-0.0015158418700644606,-0.00887988376836416,-0.00169197773424008
2019-07-12,0.004283659341849599,0.014269633396391847,-0.01970365300299205,-0.020014789324022942
2019-07-15,0.00013880325824877637,0.0029682367591547963,0.006520591064898629,-0.001262966013155198
2019-07-16,-0.003418751045381918,0.005306676225769469,-0.0017610499970415862,0.004411668816360171
2019-07-17,-0.006998478484363968,0.0016916988961903521,0.014089614186085597,-0.0018617729927049237
2019-07-18,0.0034670944116665936,0.005922623651122861,-0.006876957848747966,-0.0015238797899730493
2019-07-19,-0.005748898266717428,-0.0009201713352481769,-0.005736592140302366,-0.005696447520416769
2019-07-22,0.002263250106983472,0.0023717209662261545,-0.009068849931142898,-0.016792983690706108
2019-07-23,0.006955966186946272,0.015735498465690057,-0.01891241659446492,-0.0024911696111700517
2019-07-24,0.004506223875589521,0.005795309943268345,-0.0071118546626572025,-0.00972849469392445
2019-07-25,-0.004971293527517462,0.0004273464805503273,0.006354163941460689,0.01349566326755398
2019-07-26,0.006506747421315406,-0.0008502816320872684,0.010475472802877894,0.006527463343022111
2019-07-29,-0.002014398815035734,-0.008115870359493738,0.009178533363734198,0.013025299374404952
2019-07-30,-0.0026488467478812394,0.00901869732233257,-0.004864893006678617,-0.008184119811892732
2019-07-31,-0.011133971328783021,-0.004129586689887299,0.0033309535677752966,0.010202945178265786
2019-08-01,-0.008901506368714784,-0.0017680227563952149,0.02022351987890214,0.004796854201692569
2019-08-02,-0.007723171582958432,-0.016250966591884665,0.005678348449835191,0.024210953447143503
2019-08-05,-0.030266884372848635,-0.0011304890910602584,0.0024679991549791808,0.011291681755941842
2019-08-06,0.013829475171984296,0.0050989508644119115,0.002777997124578104,0.0008476730879733666
2019-08-07,0.0003969865855553145,0.0008477260426093091,0.012989266422245894,0.0038951297321130006
2019-08-08,0.019426663367105412,0.0026719764216055937,0.006895454659464817,-0.0010965221105107004
2019-08-09,-0.007005177028743703,-0.0037239683999414144,0.008977160053567922,0.015386392656562563
2019-08-12,-0.012366778786264465,-0.003142627310798396,0.006278880103004959,0.007173323882269277
2019-08-13,0.0153574539122876,0.0020827596690348414,-0.006198187135818878,-0.009817693732501452
2019-08-14,-0.029760651054406062,0.0050871211295637556,0.00944733228748107,0.0023740087013691333
2019-08-15,0.0024479741718632653,-0.0012084305192282428,0.028993437144287683,0.013470450597032134
2019-08-16,0.014561711334724725,-0.002868540607118275,-0.014478380043451833,-0.016092824889416123
2019-08-19,0.011854029351549222,0.005492492015657902,-0.00786368819645944,-0.00783987960813588
2019-08-20,-0.0078561521134628,-0.0021659263336088145,0.007000840626166771,-0.0009216910195173449
2019-08-21,0.007941454312959007,-0.00228830022889952,0.006372695343836643,0.005980057602193533
2019-08-22,-0.0005011753051072931,0.0020913689250821156,-0.001773714507909874,-0.0030259320097154483
2019-08-23,-0.02588123233767481,-0.019507535875050674,0.012426632320578567,0.019851763632109366
2019-08-26,0.010864867423933111,-0.003196719308663454,0.0040210957865309364,0.0015616926114439883
2019-08-27,-0.004117467186495083,-0.0047482107140154,0.01867566870608698,0.013074592918760276
2019-08-28,0.006848060451295712,0.005050905200402023,-0.008129708808261936,-0.0028994857624554567
2019-08-29,0.012579280172936524,0.017603783927180774,-0.023297324078260562,-0.025694344381477108
2019-08-30,-0.0006379340636063491,0.018217531107347418,-0.011841940243521776,-0.0237914944218775
2019-09-03,-0.006040911225715706,-0.005626462926203591,0.013651188158177107,0.0022319786367160257
2019-09-04,0.011156894179844556,-0.0067168116994459105,-0.010787554680391364,-0.012974677577367123
2019-09-05,0.01266190962017677,0.01470372797488958,-0.0240735997226605,-0.024301408259649094
2019-09-06,0.0005784483614883484,0.004808692762716272,0.0011529818301033278,0.003579824361192019
2019-09-09,0.00030954030877761163,0.014755327195033741,-0.04756417243296188,-0.027032260591640045
2019-09-10,-0.0004280307615279755,0.0021319876857727733,-0.03166716104909105,-0.009936591788595683
2019-09-11,0.0069170060506922315,0.0075976939115779294,0.0009362948139910784,-0.011983568449612769
2019-09-12,0.00327033679250599,-0.009518766341565755,0.006507296634010784,0.010967462025972019
2019-09-13,-0.0008571980565987847,-0.0027306674004936803,-0.01234953338380208,-0.0031882094742308963
2019-09-16,-0.0032823068604330707,-0.0007769401381761188,-0.007811832108095785,-0.007913247705822513
2019-09-17,0.0023382063510055673,-0.0023263197957386294,0.016198668601021315,0.006854381216170335
2019-09-18,0.000404258315787942,-4.607346592919723e-05,0.01858506109979676,0.01654569210478407
2019-09-19,-0.0002603097756673778,0.0033491125271452593,0.0013356007668132719,-0.0008119296949522625
2019-09-20,-0.004917958454811799,-0.007380859223282222,-0.0009818639695895024,0.019052820066347433
2019-09-23,-0.0004285825500458529,0.006918616939898925,0.0018747853490616473,-0.005436595387072441
2019-09-24,-0.008040255495431081,0.0023478051601181554,0.01437726302180652,0.010769064834280551
2019-09-25,0.005721306791095282,0.01736092275635738,-0.006448112441424059,-0.029880700111354644
2019-09-26,-0.0022769395822721528,0.0008813226213170711,0.015595605862788898,0.005939049486295566
2019-09-27,-0.005580828875657917,-0.0005686806684460865,-0.021152290348732086,0.01844905007426211
2019-09-30,0.004443934843400887,0.004037471467802279,0.004048639341457837,-1.3238210687294052e-05
2019-10-01,-0.01208830257320126,0.0005022556163103552,0.02716693730844343,0.014958779182937056
2019-10-02,-0.017858258432080887,0.0005827334188300837,0.00163575982536651,-0.0041558293432829695
2019-10-03,0.007999202043899922,-0.0020515781603459345,0.0037519264525452288,-0.0057301495212174975
2019-10-04,0.013338543886008303,0.001130173930610056,0.009488111605906513,0.0019496294945282149
2019-10-07,-0.0045081502766161075,0.0008175416131667723,0.0004918891153711915,-0.0031048310660138244
2019-10-08,-0.015718910199091995,-0.008999706134041118,0.0024789400627423276,0.016051355283637592
2019-10-09,0.009302930821960098,0.0031764055569112673,0.008595026006325501,-0.008334471408070743
2019-10-10,0.006569924151834883,0.0020321180310893137,-0.010440086627734137,-0.0022189611421821968
2019-10-11,0.010173361254200541,0.007805947569213699,-0.0206377922488852,-0.022724863601644885
2019-10-14,-0.0013075057077801544,-0.00160463096475244,-0.0016040092023694608,-0.0023452322043584052
2019-10-15,0.009706573941101748,4.024567039304615e-05,-0.0003485283965686363,-0.016122254775361423
2019-10-16,-0.0017996470743941728,-0.00562294034207087,-0.010570072104562268,0.007097807231124486
2019-10-17,0.00275556346274497,0.0047826061966782405,0.004167082138999556,-0.004032415526392397
2019-10-18,-0.004570856386103661,0.008091778241631719,0.0011563681273839442,0.005584341950823247
2019-10-21,0.006585517237415406,-0.003327604404615791,0.0071594447001068215,-0.003758663473265378
2019-10-22,-0.003460284926200541,-0.015920243728909735,-0.026530114656373352,-0.01333790786578718
2019-10-23,0.002715790596632628,-0.007423228755990153,-0.026477985400140312,0.008205703532800456
2019-10-24,0.001440464215077597,0.0055100466577874705,0.0308030268813523,-0.012660298496796918
2019-10-25,0.003901239011073976,0.0013328193356076587,-0.005537702164264436,-0.020272935462034403
2019-10-28,0.005443163827434594,-0.00039339120575451053,0.006485211785493939,-0.008250586572204755
2019-10-29,-0.0004903632845340011,0.012557687009418684,-0.005355211904482349,0.002167499022696473
2019-10-30,0.0028733333878343537,-0.011375480719418374,-0.0059835988284259066,-0.004037103679397991
2019-10-31,-0.0028568501981083294,-0.032972945979082284,-0.008885981244182562,0.03182530216859854
2019-11-01,0.009070395110890361,0.005211723478654017,-0.011566647099897078,-0.016379056277615333
2019-11-04,0.0038239502695567307,0.005976288383965212,-0.01582640820441851,-0.02610485975983613
2019-11-05,-0.0012994980296787695,0.0029849415670220925,-0.007477550181378977,0.0009526185668952247
2019-11-06,3.418735882565471e-05,-0.0038221784484259056,0.013927967255448726,0.013617853892436183
2019-11-07,0.0033231024594861935,-0.005814870897159841,-0.0023759013529640605,-0.007025878052491595
2019-11-08,0.002272556314476759,-0.0013940325771519934,0.00766162395222657,0.002934086216938436
2019-11-11,-0.002103354241308475,0.003728829165116676,-0.0011186905224629395,0.0020736891828156963
2019-11-12,0.0019141837910665593,-0.00040225635857729083,0.0015833674036764278,0.0029176086167857387
2019-11-13,0.00013029317943091812,-0.0030781087643772633,0.017839608656049798,0.013127710029389006
2019-11-14,0.0012620846339275182,-0.0004133955569546433,-0.005718401607520384,-0.00037001437208711296
2019-11-15,0.007042736730371146,-0.0051593036072305806,0.013070169906921236,-0.007336039459619704
2019-11-18,0.0005439177686072938,-0.004875330849733395,0.003745241205703964,0.006697589845036822
2019-11-19,-0.00048196270319000867,6.981669127368315e-05,-0.003791241704440595,0.006795085579036365
2019-11-20,-0.003912398138143702,-0.004412795156438188,0.00021534529946850602,0.012742816033589278
2019-11-21,-0.0018026165779124748,-0.016077193251783594,-0.017597702576794584,0.005225859374018982
2019-11-22,0.002029854154231181,-0.000546377766842987,-0.008542452799467581,-0.0021709101591298576
2019-11-25,0.007557072873358273,0.015892502497553095,-0.0031836697561658626,-0.023777172120935053
2019-11-26,0.00207195416503958,-0.005348821626837818,0.0014944179042230997,0.013631735600147254
2019-11-27,0.004264202135181749,0.0014554454970136413,0.005601792994917165,-0.009374054734432181
2019-11-29,-0.0039028643670149243,-0.0046785674199400044,0.0018690544349755141,0.003618564569767913
2019-12-02,-0.008687984231321555,-0.007275106520424979,-0.004464817870506466,0.0024785229787281163
2019-12-03,-0.00690029040918827,-0.004742467289935215,0.006561839065890918,0.01630760114072368
2019-12-04,0.005976611882793081,-3.311877317085932e-05,0.004725684261401609,-0.0008869668242517774
2019-12-05,0.0016042862044567396,0.004249305095162003,0.009402972399485076,0.0013455522330815817
2019-12-06,0.008940375494086883,0.0011892454553365187,-0.007472712595560139,-0.01161416917347231
2019-12-09,-0.0033375386462560774,-0.0006934182885514509,-0.005361062156193741,0.0012992721855905496
2019-12-10,-0.0013090397795331166,0.001682610418741559,0.003350558141066895,-0.006689284630264536
2019-12-11,0.002645007724020765,0.012540622473275753,0.0070091109005497865,-0.020492924794173972
2019-12-12,0.008425514955834323,0.004767762203174718,-0.0034356778560495696,-0.02490464990655404
2019-12-13,0.00040567521544110363,-0.005157972921258036,0.008459912674403713,0.012770138148099575
2019-12-16,0.0066761797347354435,0.005743839888031266,0.0030292658650696294,-0.0063228168592158965
2019-12-17,2.5611646413903344e-05,0.009145005937586692,0.012532547119616455,-0.0008199016985779184
2019-12-18,-0.00013119914287984535,-0.008203242725419148,-0.003160813970613275,0.0019439799394451065
2019-12-19,0.003905527470107195,0.0010107757354694937,0.0071820314973578435,-0.004372131660177026
2019-12-20,0.004190639424495712,-0.004275451990768609,0.004128407817259994,-0.0009117044074068653
2019-12-23,0.0013341709176850625,0.005889911682058158,-0.007335950180174222,-0.008994548029441508
2019-12-24,-0.00016267499753164216,0.0002167029181719071,0.0042012389628795395,-0.0010466753923729754
2019-12-26,0.005129301541859421,0.001073882585495445,0.0008829724712212548,0.003280653756002527
2019-12-27,-0.0004411998072871848,-0.005003320397053523,0.0013223433115015057,0.007732661509995797
2019-12-30,-0.005707040927520168,0.005448508604576985,0.004548471570937573,0.0013261628520382703
2019-12-31,0.0022359259127611164,-0.0006922350252719037,-0.0037849324150973085,-0.0045281189651829815
2020-01-02,0.009158295238094194,-0.006475025839441607,0.013990638643539123,-0.014783354076647735
2020-01-03,-0.007766002057931987,-0.0036077918444219603,0.006851533426100399,0.012644831987555382
2020-01-06,0.0036214444340969543,-0.005391528595159722,-0.008809343139587488,0.00755864300018293
2020-01-07,-0.003005243246121725,0.011415393930054618,0.029896576300233946,-0.028268907768112493
2020-01-08,0.005135787000457137,0.002343151333404714,0.003662270543012125,0.007372610424984749
2020-01-09,0.006587172243420758,-0.01050289620130257,0.003619244590655246,-6.492713441363907e-06
2020-01-10,-0.0030715797921557764,-0.0006387168324041622,0.006676941497700118,0.008873742812346564
2020-01-13,0.006683879445893881,0.0036675277791805468,0.0055754618871833965,-0.011849746449691057
2020-01-14,-0.0017182191692763915,0.00945792576764113,-0.007488691524377344,-0.0036130698571137715
2020-01-15,0.0020660710729774046,-0.008085900096827492,-0.004112438583497379,0.01884358077274051
2020-01-16,0.008125186264033912,0.004695086105597646,0.009153554466399415,-0.014617238850087044
2020-01-17,0.0029184251478566736,-0.002353757428808245,0.009478718066429703,0.004903302237402218
2020-01-21,-0.00215159237041318,-0.0012418522064358345,0.013387849804957275,0.0007535394934967464
2020-01-22,-7.256524135090814e-05,-0.004639394185378698,0.009943349055352223,0.01288338954770819
2020-01-23,0.0009530158408650458,0.005331604028258819,0.004009685473104363,-0.008711591529271645
2020-01-24,-0.009086715765124542,-0.014900393032994187,-0.004473095747223066,0.010940419314513273
2020-01-27,-0.016223085730322717,-0.01407568953421946,-0.006398916352323137,0.029965127267242354
2020-01-28,0.010285526367122655,-0.003664651485387093,0.013495623000112443,-0.009259058064999205
2020-01-29,-0.0010195410744814337,-0.011516260660790478,-0.008674033605078301,-0.013207029747983923
2020-01-30,0.003051445067184355,-0.0060233994550276,0.008236660309952248,0.014544447638270185
2020-01-31,-0.018351432562113024,-0.0039753506624650575,-0.0031389988507410475,0.02501876157283317
2020-02-03,0.007234946987361601,0.00920487846047614,0.01383198997316638,-0.006996261189159414
2020-02-04,0.015047513206233765,0.013067538945245195,0.006948832581865537,-0.024226181099648525
2020-02-05,0.011354525677125249,-0.009029021470912847,-0.02448041733375348,-0.0038176744330978953
2020-02-06,0.0031713581618277864,-0.002079000073456094,-0.0010551703831453317,-0.0066242942579526785
2020-02-07,-0.005523467821600292,-0.009917704897842062,-0.010841621543555158,0.00870707173948776
2020-02-10,0.0072716214982440075,0.002677094737923091,0.005026538070456499,-0.006341048898147206
2020-02-11,0.001539385754038225,0.012448809366546664,-0.006644927192949379,-0.018056280355432906
2020-02-12,0.00624929886829273,0.0035028098212343643,0.008597444312786971,-0.01821899058412855
2020-02-13,-0.0012605778029394221,-0.003285200587951087,0.002318967861842369,-0.003018630778050291
2020-02-14,0.0014085494912767782,-0.0036677763494496474,0.0051385313943623,0.009147683611859359
2020-02-18,-0.00277067021919597,-0.009065864158113234,-0.002053384728911112,0.0007216880034269235
2020-02-19,0.004587592831608589,0.006960698122144416,0.004473999000954767,-0.017723793813372437
2020-02-20,-0.004301879609902359,0.006226032688797756,-0.015764703675464398,0.000428716438509647
2020-02-21,-0.01049186640057198,-0.011603491416159895,-0.008074611337992033,0.01567531661573234
2020-02-24,-0.033358988751887364,-0.0036733168636003746,0.00712303771775101,0.014726901994546938
2020-02-25,-0.030495833241112713,-0.008702949964582839,0.003350281465928695,0.016418587701536667
2020-02-26,-0.0038719754633402825,-0.005673678026752959,0.01175924086187694,0.003245666755998743
2020-02-27,-0.04510517423747773,0.002384651731630147,0.005689530316547918,0.0069082736764218555
2020-02-28,-0.004395075709165419,-0.004388911261738548,0.011110576198984767,-0.03818287419732489
2020-03-02,0.04311269040839982,-0.007727382398685201,0.011480754252674398,0.010150396092774537
2020-03-03,-0.028826209031963868,0.002724602304744382,0.0103030744438504,0.01786967138171688
2020-03-04,0.041839352732204294,-0.007500141525165885,0.021129205240009885,0.0187507433699209
2020-03-05,-0.033435008060409,-0.010064905161606477,0.019197517416366626,0.010752609757750484
2020-03-06,-0.016725035260853116,-0.011162111228259278,0.007577423634965129,0.029795962115508
2020-03-09,-0.07828793880982199,-0.01425679622114924,0.03131103074669124,0.03320536162784604
2020-03-10,0.05155120536894442,0.010706190470844291,-0.016858151148598566,-0.03124656812335226
2020-03-11,-0.048942278315335486,-0.021397227089613502,0.011279858231153572,0.034342277149039924
2020-03-12,-0.09587068774979624,-0.03677805238351725,0.012580225109338941,0.049442212179783424
2020-03-13,0.08529266676521696,-0.04280400456901283,0.00953339394780818,-0.04454954620228542
2020-03-16,-0.10961742422399001,-0.030505526864811144,0.03547339042757068,0.0820331341480762
2020-03-17,0.05379856393626614,0.006660308558746525,0.034311875562890636,0.005692883480699962
2020-03-18,-0.05082648741565099,-0.046141973605301714,0.0372743390647232,0.07664287531151909
2020-03-19,0.0019312272038771727,0.056825131966700484,-0.06976645795543328,-0.05571490578530995
2020-03-20,-0.04328792493260114,0.005196447805014617,-0.05140704433324475,-0.01643137576713701
2020-03-23,-0.025761647427945733,0.01997267280935623,0.0036286932040367585,-0.07302931987226834
2020-03-24,0.09040980969994195,0.05156314619604914,-0.08790996954545237,-0.07491821439407205
2020-03-25,0.014776172812236865,0.028423695517688786,-0.07626762965222979,-0.07725269313873268
2020-03-26,0.05819639197805282,-0.013839357302594273,-0.002756900935662651,-0.008522981906631283
2020-03-27,-0.02997927630883801,-0.008577813233414833,0.022979968383955066,0.0517878374356931
2020-03-30,0.032282153353530685,0.003331213645371478,0.02203430224550058,0.025237672031528033
2020-03-31,-0.015099066036366016,0.004303645813807655,-0.008445971543433595,0.009191724608635942
2020-04-01,-0.045198491740242264,-0.01564716443107489,0.03868940679566873,0.05667187296224174
2020-04-02,0.022881711547068972,-0.020933169235387752,0.008029093854301648,0.021177697132751874
2020-04-03,-0.01464779166698471,0.0015770920872516855,0.008981615777036201,0.0064247193490691405
2020-04-06,0.06697264978477269,0.022617389347817304,-0.04356957997447629,-0.08365578717759642
2020-04-07,0.0008259692840444366,0.023230200153585824,-0.03562586785668276,-0.02358497090287791
2020-04-08,0.03337482704822481,-0.0019920269405896557,-0.03618398263153037,-0.035525405507080075
2020-04-09,0.01502358811082738,0.030093539230198574,-0.01658599778196388,-0.011244681395411339
2020-04-13,-0.009323808008594003,-0.014207652869726917,0.0291938979926886,0.02284050488179826
2020-04-14,0.02929895782916625,0.0015172195151011737,0.041010717567758544,0.0298730092475291
2020-04-15,-0.02144160632152803,-0.017197036306792788,0.01674301096417086,0.03266361607366867
2020-04-16,0.004630994228555174,0.0008210088927205761,0.048686169226818926,0.038246645055966165
2020-04-17,0.026821406521650548,-0.0033757213017134233,-0.05224829278498909,-0.042365131553060834
2020-04-20,-0.017811697975526952,-0.00341663408389712,0.003023052281998652,0.026940583330429105
2020-04-21,-0.030556662089940678,-0.014525901737530912,-0.008604346782879267,0.009469127665188558
2020-04-22,0.02200116642661576,0.004766355386092068,0.027180334835682562,-0.010766229006946213
2020-04-23,-0.00026560111915996387,-0.0012216219316824933,-0.026931411020632658,-0.010418183761497201
2020-04-24,0.013745283811075204,0.022722977582430838,0.004115499275540235,-0.010915286700560932
2020-04-27,0.014224649829551295,0.018451916786867327,-0.02583277902965171,-0.01955532651687204
2020-04-28,-0.004792308856126359,0.008991869300285471,-0.04035621037887077,-0.032810406972882754
2020-04-29,0.0259850063176974,0.020319608117664076,-0.024439690041380302,-0.06018469676986054
2020-04-30,-0.00950425705086555,-0.025629245693434978,-0.004947072899125594,0.04668280086163734
2020-05-01,-0.02666663139605474,-0.02833259618115206,0.02711955493791815,0.03918486439993152
2020-05-04,0.002564062550801882,0.0001550961696373032,0.013728787923575526,-0.0010019128466791762
2020-05-05,0.009045820542100902,-0.005855634207078031,0.023685760924795518,0.006255760804810295
2020-05-06,-0.006972233775834669,0.007707058463055493,0.0173225873011564,-0.008417797244549474
2020-05-07,0.011873449785546386,0.017974379519873518,-0.00931575984200592,-0.027805769324181138
2020-05-08,0.016352192843929636,0.01981578213878297,-0.027828387866255414,-0.030616369242013067
2020-05-11,1.1806319298868218e-05,-0.007663587024838103,0.022191689434888286,0.023199678741819506
2020-05-12,-0.020125557833030716,-0.001495546077370246,0.0005415706022375288,0.008372065515862549
2020-05-13,-0.017879284417002816,-0.019503694460124645,0.03340270888646102,0.029371591669727394
2020-05-14,0.011773425251659697,0.00864398647315301,0.00900910654134236,-0.03679955836183352
2020-05-15,0.0044035744489066,0.003399786233765023,0.0032323490596528823,0.027003215683612934
2020-05-18,0.03026590226862713,0.011578241023900128,-0.07344923122544882,-0.05431426731472585
2020-05-19,-0.010464790530233303,0.007073855467833113,0.01881629596276361,-0.0025348237949275633
2020-05-20,0.016794217809154688,-0.0013220736869770863,-4.923632843086695e-05,-0.017915693927257146
2020-05-21,-0.007097411932346476,-0.0033571180389652903,-0.024171201959605093,0.0028998973746663936
2020-05-22,0.0017051299602290904,-0.00541157423476375,0.012342708841627515,0.008692946376600785
2020-05-26,0.012127288400305192,0.02023809240926482,-0.05780107783064494,-0.043487839734434874
2020-05-27,0.014685537945376526,0.007467423648756535,-0.018842825597135578,-0.01636002570873611
2020-05-28,-0.0020387183521786145,-0.006794185656321771,0.00905234172179745,0.03487155246293779
2020-05-29,0.0042622769380182834,0.006461248757672734,0.015155020934782293,0.011839237868542407
2020-06-01,0.003847894655154782,0.007989518521688433,-0.021469512222021925,-0.020873399823290072
2020-06-02,0.008086512216223474,0.0029825968735075585,-0.017824796836117752,-0.01793954292301195
2020-06-03,0.013114966565186625,0.010714452568418985,-0.03865965171584139,-0.043919647922174385
2020-06-04,-0.002820817892462135,0.007467411579267936,-0.02030691319260134,-0.024253286688913703
2020-06-05,0.02543624470660011,-0.0007044463463907608,-0.029047510154601473,-0.022705947208134833
2020-06-08,0.01189379846726446,0.003409850087650601,-0.038979610774876314,-0.01984376572896894
2020-06-09,-0.007650440112901946,-0.011839076396687655,0.025626328137088983,0.01645494829681262
2020-06-10,-0.005773574127106551,-0.016133848757759306,0.06434249771994047,0.045221242763449465
2020-06-11,-0.057842460885758284,-0.0027247424440222726,0.02283026641530854,0.03802137398797368
2020-06-12,0.011781853841886125,-0.0010401745277883075,-0.030841117247450686,-0.03858672062201936
2020-06-15,0.009142046866730924,0.009967361490345428,0.010170660774177687,-0.00020295913843453289
2020-06-16,0.019054178352371665,0.006462887158382658,-0.00594807377037284,-0.010203860307096236
2020-06-17,-0.004347665559372049,0.0014899352883525731,0.02652707863575062,0.021937027270810473
2020-06-18,0.00019169113129513526,-0.009420345388355655,0.006450882217496234,0.012038046229055178
2020-06-19,-0.005908563463130623,0.010402786799134544,0.01955776174036994,0.006122828646237977
2020-06-22,0.0062217706651301885,-0.003882128143803154,0.007395535346863413,0.001404489780441543
2020-06-23,0.004409592731219991,-0.007433967281667187,-0.0004527791137751258,0.0039423996090166
2020-06-24,-0.025702254656713164,0.006143307763156559,0.03408112980127856,0.02598292635829261
2020-06-25,0.010526832560793231,-0.003926125314329265,-0.0002901817389246667,0.004046877008472382
2020-06-26,-0.023945103726687567,0.004094372573192683,0.017664168961298674,0.023681177265455735
2020-06-29,0.014503874436322839,0.018476533057078758,-0.033515706686471525,-0.029976116771602033
2020-06-30,0.01261600079846259,0.0036758797878815863,0.02019858594199132,0.008510984789362385
2020-07-01,0.006811463081158209,-0.01633707498321003,0.013333830466232509,0.02077543466305108
2020-07-02,0.005312957089968595,0.0059911767371956135,-0.004192234891452395,-5.784734404822283e-05
2020-07-06,0.015243518161914604,-0.0036471547844961535,0.0001707139923401886,-0.011233613102203908
2020-07-07,-0.010507129563399276,-0.0028543612727675027,0.02130934114252837,0.0324603368689551
2020-07-08,0.0074550788793572575,-0.00398976212708867,0.011219878022281183,0.0033578625327968176
2020-07-09,-0.00588661853500283,-0.0049003629310837675,0.03985192834977275,0.023681071287894262
2020-07-10,0.010016772414623176,0.0018958164868466913,-0.03205713032446477,-0.020655578140135078
2020-07-13,-0.008852342464838459,0.004560211395576586,-0.022126710300649322,-0.00824770546602882
2020-07-14,0.012765207061970152,0.010660342493100527,-0.009918274923864368,0.0020196570868862528
2020-07-15,0.008993503100704903,0.01739119069421884,-0.04226268132471412,-0.03856175775360724
2020-07-16,-0.003486873823530301,0.012344276598754977,0.010919153792827018,0.014113052168923224
2020-07-17,0.0027057556194383103,-0.006525966780720161,0.01938387905467792,0.013165336234811243
2020-07-20,0.007887419372776927,-0.01149042488461478,0.03351462457852553,0.012806724006082314
2020-07-21,0.0019338168855984605,0.011163399285821506,-0.03562602687802923,-0.018885006936625082
2020-07-22,0.0054986508484409224,0.0023634983747625408,0.00303364781749873,0.0014216192446309121
2020-07-23,-0.012125202429072446,0.008467542715528364,-0.014954693196458679,-0.00817252762421139
2020-07-24,-0.006634451011113707,0.00034521415292996377,0.0019658635109185973,0.017180563579296437
2020-07-27,0.007099122789761658,0.007899710742926835,0.027223330996771898,-0.00035865757501996054
2020-07-28,-0.006536074716933626,-0.02007134552002079,-0.006871305071290979,0.012682481556618608
2020-07-29,0.012105334669242351,0.014633685234426708,0.013118242155322157,0.0074977341107856695
2020-07-30,-0.0037617719479275946,0.0009499854210828999,0.045345312823289956,0.016942224103262092
2020-07-31,0.007708592727682095,0.004553992771945381,0.020609325812829205,0.011499506330387687
2020-08-03,0.006758705452153846,0.00820976913111675,-0.001665482766068661,-0.007220855925907944
2020-08-04,0.003668999206113188,-0.003446679900596561,-0.004720419284729583,0.00029791801133410845
2020-08-05,0.006017174205314335,0.005245535414933921,-0.029756587942166794,-0.025066859470730396
2020-08-06,0.0064907160688933985,-0.020838599662058657,0.012846663939113124,0.025624361947349305
2020-08-07,0.0005244845885228333,0.004903410068070912,-0.003996403605861132,-0.009608030772611452
2020-08-10,0.002795328559762167,0.008529821500232838,-0.03499113204668267,-0.03191788770885882
2020-08-11,-0.008448345391516177,0.0013103924391658305,-0.01652679856673365,-0.01213806229918446
2020-08-12,0.013748774079294313,0.002133041302338278,0.02368782848314288,0.015116097298234555
2020-08-13,-0.002001391149921372,-0.0062194214823874435,0.014421264894201114,0.009851604690295768
2020-08-14,-0.00016391883568167565,0.003879509688114291,-0.004647423112676319,-0.011997406375672459
2020-08-17,0.0029827675582014823,-0.003693416503791136,0.02115865268911451,0.029707034379725897
2020-08-18,0.0019669185598676364,-0.008562130997822714,0.008244955652507347,0.010534101265722308
2020-08-19,-0.004357257077347132,-0.00670198891731566,0.007328010326292633,0.012100866759826134
2020-08-20,0.0029197409043282274,-0.01682566220098708,0.01130403227879374,0.012934531352318722
2020-08-21,0.0033538426743413563,-0.004740346312459865,0.007108775669046341,0.007480015078659352
2020-08-24,0.0099396881975502,0.014117626989257125,-0.033343723714247146,-0.039325998781743116
2020-08-25,0.003305358151603377,-0.007461839552068217,0.009815306750506726,0.007969993402348108
2020-08-26,0.009832234399086426,0.0018753489467978387,0.020675770712573583,0.007211481815628895
2020-08-27,0.0019928692565764905,-0.00836269807699468,-0.025032009736095484,-0.013241064375128253
2020-08-28,0.006265555751100882,0.010921355263307064,-0.0007968013575581079,-0.017507472886377617
2020-08-31,-0.0038159938788752124,-0.0011523374937235323,0.016701116007186614,0.013374779961545269
2020-09-01,0.009224867373961887,0.020561687360238598,0.007789044348226871,-0.012486017280866934
2020-09-02,0.014270424295232509,0.000760786298302743,-0.0022035045672317184,-0.0058934786369515095
2020-09-03,-0.03460785896754226,-0.011604924114840036,-0.021349647445029894,0.007215141289880454
2020-09-04,-0.008358334591908712,0.005177259946628376,-0.029675553224955974,-0.023978633204786548
2020-09-08,-0.02751658938372692,-0.005720895394575244,-0.014547908357138241,0.005516849939955694
2020-09-09,0.01955352907399588,-0.006918062020323957,0.028858628056594685,0.011059367012182842
2020-09-10,-0.01755725528231955,0.0036057778521869435,0.0035683640456168793,0.002521746231561161
2020-09-11,0.0003155184940748512,0.008446351546909293,-0.0025056860681652027,-0.007033965412205257
2020-09-14,0.012977590807391914,0.0014011585539657756,-0.005004036930391387,-0.01738222779312182
2020-09-15,0.004858681414237287,0.0018983692862607924,0.020779788737286788,-0.000226313988660487
2020-09-16,-0.00416210868863276,-0.001280029824965845,-0.03619412520805819,-0.023698137708750913
2020-09-17,-0.008988957218401206,0.0010127026610569747,-0.023363859466350154,-0.011199886742343346
2020-09-18,-0.01170620934630684,-0.0034140288411186872,-0.0008543245061139008,0.008030951996294855
2020-09-21,-0.011323113349393954,0.0010551494556855327,0.025842939807597522,0.0021600479724731003
2020-09-22,0.009990683273971568,0.00031766258032060995,0.022623122334636668,0.0067320613731882036
2020-09-23,-0.023384528421865336,0.010926639487742052,-0.01165367206596125,-0.004063855888187052
2020-09-24,0.002471603680718637,0.002549098446869047,0.020977608377169644,0.015048965024980465
2020-09-25,0.015973404092048726,0.0006369607984851432,-0.0034764645825580472,-0.01831517305339191
2020-09-28,0.01641571310895995,0.001737481413828925,-0.005939015198288388,-0.014561779167739552
2020-09-29,-0.0056397227659661375,0.005763944162336044,0.010117909823476368,-0.0020544209174780063
2020-09-30,0.007388657170930291,-0.010705589256557103,0.0036335954375813382,0.0055794272252527866
2020-10-01,0.006225970629597732,-0.001239134208503068,0.006766687726208198,-0.01635193084872947
2020-10-02,-0.009688015411891016,0.013230865986968376,-0.02675919338509767,0.0035112476091294195
2020-10-05,0.01753940953032207,0.011488480282930659,0.002324015384703214,-0.014108103774178838
2020-10-06,-0.014409645505067847,0.01409762841841784,-0.008377302272563081,0.005399648278544424
2020-10-07,0.017212964000306696,0.0073235433007247455,-0.002997314799938422,-0.01814930118510174
2020-10-08,0.008668926058870152,0.012170248394375305,-0.027061835159372053,-0.01421545292793034
2020-10-09,0.008737005989245539,-0.009406911143712416,0.013744850018130238,0.0008038383511104752
2020-10-12,0.015893726307501632,0.0007161327788428925,0.008327709137409356,-0.004366689934184431
2020-10-13,-0.006719673005846971,0.007229665575812761,0.014630447078319576,-0.006313504583779972
2020-10-14,-0.006477097000410215,0.010892161650019948,-0.003195186265260719,-0.009225683255194884
2020-10-15,-0.0014294312958741395,0.009237797073846688,-0.011888253047668485,0.00048378200872153384
2020-10-16,-0.000798000664126608,-0.011371017785989201,-0.007093245010502202,-0.007397989553537132
2020-10-19,-0.015397081804986334,0.01477533065993246,-0.00911745834811344,-0.022298021858316232
2020-10-20,0.0038119734401136363,0.0008614602634907098,-0.0010378420047699177,-0.013245059050349029
2020-10-21,-0.0020865531597038522,-0.0051340780499315114,0.001192727303401764,0.007798817349305976
2020-10-22,0.0052916467465915495,-0.006995058719363701,-0.045107905194791985,-0.01812533325440889
2020-10-23,0.003201526586516623,0.015982052175160986,0.010426363745825628,-0.004883593208403526
2020-10-26,-0.018673323815245002,-0.015541513844935961,0.010718999181124754,0.013473023416218687
2020-10-27,-0.003641200455987703,-0.0032031784622716386,0.023688303157821944,0.003766032156951548
2020-10-28,-0.03437248307586682,-0.004619332521374874,-0.004541652565147478,-0.0022709780998914422
2020-10-29,0.009970138642218407,0.015697162053325418,0.0006058429206579289,-0.0192442087591559
2020-10-30,-0.010618627373263467,-0.001859207993152645,-0.010947739473614148,0.011876430386634962
2020-11-02,0.011014780046674666,0.010447627229777955,-0.0050314263365739305,-0.0035382878168018876
2020-11-03,0.017462001798095317,0.010259192575527931,0.005702362038357089,-0.017633123310731004
2020-11-04,0.022155588901787482,-0.027485277224154246,0.025086522524462942,0.0007719605089469891
2020-11-05,0.019309294840985203,0.03279125696890507,0.008763341005463384,-0.05053033041434195
2020-11-06,-0.0004218771286211842,0.00689790033891169,0.008126886162045054,-0.006314254900493122
2020-11-09,0.0123721314517804,-0.014523847336351859,-0.11022043189082904,-0.04059390264119794
2020-11-10,-0.0016604600694573035,0.0114821451072309,-0.038304265835905474,0.00703262097547348
2020-11-11,0.00723510249844872,0.002853709359076551,0.03151027426420598,0.010157492512545264
2020-11-12,-0.00989468665581017,-0.009216489304243848,0.015915266708447718,0.015971193739931625
2020-11-13,0.013650933599240522,0.007090739335481509,-0.027417559132146475,-0.013823459897526737
2020-11-16,0.012289102516193529,0.01814235378484469,-0.02608617530230247,-0.02316712175053839
2020-11-17,-0.005572105572948738,-0.0025560822041550747,-0.004769524469968089,-0.006759753872780006
2020-11-18,-0.012228429554962839,0.006907385167438307,-0.006710831103244929,0.006829932289184815
2020-11-19,0.0040166369988101636,0.00010828820981594305,0.0023121218111860414,-0.0028480213206483864
2020-11-20,-0.007041559886614923,0.006827094300765879,0.003960573103399435,0.004431628439777747
2020-11-23,0.005800586413122755,0.01079173730162001,-0.030563199886422622,-0.03982011257396687
2020-11-24,0.015920294476793995,0.007093276310280425,-0.027708707569933808,-0.029485494503548117
2020-11-25,-0.0017352600939825047,-0.009453362126790954,0.006550464594239736,0.010492179410777869
2020-11-27,0.002591229987408239,0.0028546042341035193,0.011810464408964905,0.008322203991731137
2020-11-30,-0.0046208416820665565,-0.011596672194901991,0.01573852801856248,0.026894860275389065
2020-12-01,0.010743934873940653,0.00577067318543284,-0.0009281938211568325,-0.012503121660103655
2020-12-02,0.0019099958141064466,-0.009552346812774004,-0.016446245414800508,-0.02338627471529665
2020-12-03,-0.00046629028922606786,0.0004901815435006451,-0.010397457004634713,-0.014652771334469405
2020-12-04,0.008424138438127837,0.010508953025783552,0.008067018718902051,-0.021388234808847953
2020-12-07,-0.002248699905295193,-0.004534339350864558,0.009992120626697987,0.0005277441619744531
2020-12-08,0.0027325663237880438,0.0018334271993883265,-0.0040535627103057475,0.00019722989685808795
2020-12-09,-0.00916256584448627,-0.002325928289457524,-0.019330716966580543,0.0005994704144068554
2020-12-10,-0.0005207687567340136,0.006958075636649253,-0.005686895014078208,-0.015009221420935926
2020-12-11,-0.0013661695134012941,0.002957981378134633,-0.0065674350833827225,0.022019134610412126
2020-12-14,-0.004670782631589598,0.0006132464114837477,0.010410041598109078,0.012256284599914725
2020-12-15,0.013325927764221257,0.012058644261245966,0.002314521840796802,-0.018361325061674847
2020-12-16,0.0013756367183561657,0.0006611439398212515,0.005017364415494796,-0.0014455430227007348
2020-12-17,0.005398534737717009,0.011871971086802368,0.017473928232062685,-0.0013775697490505559
2020-12-18,-0.004186671037594514,-0.003206214923545758,0.005559721406802675,0.011767978923680299
2020-12-21,-0.003769040071303187,0.004089667167994183,-0.0005963600685561007,-0.004672556029183207
2020-12-22,-0.0018791075376420885,-0.006067715744853463,0.01255023277166617,0.005588336013907168
2020-12-23,0.0007051675043765471,0.0017089311022244536,-0.01324065846639092,-0.013229705106878199
2020-12-24,0.0036965308018779286,-0.003481798568451644,0.0067768057550882995,0.007285711635678882
2020-12-28,0.008397256649316898,-0.012112902647846702,-0.010336382702078751,0.005978996836519523
2020-12-29,-0.0021012031752956073,-0.018511542226959478,-0.005727773122974833,0.011116897525182324
2020-12-30,0.0012330811094278804,0.008957833383353387,0.0059466403187601775,-0.014303864722471915
2020-12-31,0.004887061987292718,0.004799843745326526,-0.014142850186680789,-0.0010339968356739455
2021-01-04,-0.013807565437437885,-0.005979660403789354,0.01242488102732012,0.013908591572613593
2021-01-05,0.006693739520336139,0.01251526629853752,-0.005981067212199022,-0.023341399613189942
2021-01-06,0.005784813779154296,0.013066058752745436,-0.009835890422093894,-0.02536387910404407
2021-01-07,0.014663656743639786,0.003937136092317828,0.012547771841157872,-0.013221693425336235
2021-01-08,0.005504496218906585,-0.00756872567999235,0.006165181810558707,0.0036407101623872947
2021-01-11,-0.006934694646261952,0.0010158158837253795,-0.0008908285748332467,-0.005985913393313047
2021-01-12,1.7787543575842335e-05,0.004357837009850152,0.0004656219821116414,-0.01629840829087046
2021-01-13,0.0024992105917958085,-0.019670597063671434,-0.020036995884582166,0.003269263872048134
2021-01-14,-0.0036956358000515,0.011025080688313182,0.002389424531804697,-0.02183804327655712
2021-01-15,-0.007486341174021027,0.005551980068503116,-0.0028359039068005087,0.02820031260866316
2021-01-19,0.007658462270954791,0.0027110527291518416,0.01931322959541326,-0.023185902630017997
2021-01-20,0.013645210793314266,-0.010764003899916974,0.00255331378368977,-0.006013119513936061
2021-01-21,0.0007178096339441886,0.0010964739116255508,0.0010105017674252098,0.006619384213075896
2021-01-22,-0.0037330010102673006,-0.0004296421791829645,0.001587416636952355,0.013502790562362199
2021-01-25,0.0037499102747802215,-0.0012410266086736233,0.0025755322535517267,0.028481836340322187
2021-01-26,-0.0017542996935835387,-0.010804744221639384,-0.007148218194446819,0.021351776852229453
2021-01-27,-0.02463414883896653,-0.007050966606584365,-0.034871105078667114,0.016688979282786797
2021-01-28,0.00840646236589171,-0.0029731924657911517,0.009415197599572144,-0.018478567925451536
2021-01-29,-0.020213226776046422,0.005010946376293079,-0.012385392668728644,-0.0009582895353520415
2021-02-01,0.016451961406292348,0.01571531828098697,0.014770481993604478,-0.018550324698036524
2021-02-02,0.013946415579247473,-0.0022908840799963567,0.0029497005616969524,-0.018097934265215762
2021-02-03,0.0005929861906099898,-0.004270201129354545,-0.019832018947985107,-0.01119063524626882
2021-02-04,0.011172016783637773,-0.006022765832837753,-0.005441538375812915,-0.015403585278228181
2021-02-05,0.0037424928268523505,-0.00152258303402375,-0.009019107547682282,0.004281899159365887
2021-02-08,0.007028083802905982,0.004886259557681738,0.005489320040119171,-0.032058940720093014
2021-02-09,-0.0008595208061668025,-0.0059039671814853254,-0.006564639158208818,0.004583738044300134
2021-02-10,-0.000629206779764524,-0.0023475279369495673,-0.003197993406568189,0.007885467751951536
2021-02-11,0.0014215349619766116,0.009856279378884013,0.013196477169369591,-0.020009906093685678
2021-02-12,0.004746004449032393,-0.0007695609048887879,0.005264252576056561,-0.013972914448018004
2021-02-16,-0.0010596477021667106,-0.006589269783012908,-0.0069059128692896,-0.02161135582396173
2021-02-17,3.5586271621479426e-05,-0.005580817383557246,-0.01976152973950198,0.015223980458830656
2021-02-18,-0.0044491670721039656,-0.0002024801754367811,-0.004773639323900625,0.009838225795618438
2021-02-19,-0.001959831491249231,0.01701540658205527,0.008106430491068494,-0.03974393621935572
2021-02-22,-0.007885146749886718,-0.0067206204195222165,-0.023557321235751893,0.017980077254584125
2021-02-23,0.001020793394908015,-0.007851488780556705,-0.005730783713958909,0.0016529382255640267
2021-02-24,0.010825384773447855,0.0008698017821697664,0.014830991284599915,-0.03694900825223403
2021-02-25,-0.024289507646571784,-0.007806473647400024,-0.0264628565547385,0.042653253243000525
2021-02-26,-0.005346152073524624,0.017048000501059223,0.02764058675023845,-0.03170323509575028
2021-03-01,0.02404674403400331,0.008328834648837137,0.018213093832850417,-0.03028958083266311
2021-03-02,-0.007997037758723513,-0.004160030253781311,-0.01512687319868835,0.020152908202089304
2021-03-03,-0.01343897050277898,-0.0031268680794866105,-0.016440912599946497,0.009213495222509492
2021-03-04,-0.012568619337042675,-0.016253710001275134,-0.026766171950606397,0.032556048310589156
2021-03-05,0.01820293864302336,0.009691491254364124,0.008117586965920853,-0.011957442738982527
2021-03-08,-0.0051723398716219116,-0.010130706522564936,-0.01884048745274928,0.029263157466486778
2021-03-09,0.014083659499843693,0.00425259773251485,0.024747494473928953,-0.038260751173431196
2021-03-10,0.00603113066284422,0.004082624669508572,-0.0014464060496684368,0.008334494131459914
2021-03-11,0.009945619034099629,0.01181060153368977,0.01594024711010329,-0.02640151570985023
2021-03-12,0.0011529010576492027,-0.00039662044408086397,-0.0018741714551876567,-0.0029087570457182795
2021-03-15,0.005770164366936115,0.004884284593321142,-0.011494736085754487,0.0032854338113081794
2021-03-16,-0.0014551804121349932,0.008221760754208985,0.0016318224063048056,-0.0060206867281648035
2021-03-17,0.0032160930081626127,0.010614692386204883,0.02218194709917923,-0.03249676402102706
2021-03-18,-0.014742974060706793,0.005759675867752867,-0.01682031557820549,0.0263586030543136
2021-03-19,-0.002044050328779079,0.014333074337557738,0.015467743004028124,-0.008801918525163422
2021-03-22,0.007791189470393256,-0.0030170340758738706,-0.020326249832028964,0.010137032173686167
2021-03-23,-0.00806421458343698,-0.018836506959655865,-0.031212480374858163,0.044902619890512065
2021-03-24,-0.005277095737305393,0.0034111201716265473,0.011967532437221274,0.0039740764085742005
2021-03-25,0.005431807435397618,0.00677571525177546,0.01156873819476496,-0.004206943905930271
2021-03-26,0.0159214163263266,0.008396428065081452,0.011248313364513873,-0.01877125391685055
2021-03-29,-0.0006986881145480961,-0.005526506417915444,-0.020091524508646607,0.018102205437207274
2021-03-30,-0.002846667660072577,0.0026185867860936576,0.01856457185528365,-0.015472909549571333
2021-03-31,0.0038597084834217643,0.005891759120054962,0.0014864149490104836,-0.01607317532935305
2021-04-01,0.010605554477470136,0.008896311242822351,0.017418987323944268,-0.03338520278493656
2021-04-05,0.01415946890431874,-0.0017604098417595363,0.002804578713786565,-0.010693811637227059
2021-04-06,-0.0007842989131040534,0.0013909633335643435,-0.0032190669667396146,0.005366441536049638
2021-04-07,0.0009636409688396075,-0.0067642116238122,-0.0026447252190900158,0.002474957057502991
2021-04-08,0.004553134437990547,5.521524278033745e-05,0.003742760976247339,-0.00417600471348346
2021-04-09,0.007076471813117546,-0.0006838206946942482,0.00511003420519226,-0.005094991021776995
2021-04-12,0.0001711439081053534,0.008607459761695824,0.00329975191021008,0.012453838603775302
2021-04-13,0.0027700557617866828,-0.004765447769793419,-0.011635619522495444,0.005679612427253366
2021-04-14,-0.00360876677834443,-0.0011515368222401068,0.0031269476859365985,0.00596863167978725
2021-04-15,0.01054883145793517,0.004433549926810798,0.001330992654786733,-0.0002145825464948568
2021-04-16,0.003148657870004179,0.008500377807918357,-0.003515287430509939,0.012196106160812348
2021-04-19,-0.005106514491211134,0.002593694525958812,-0.003044520994380873,0.012612316065363472
2021-04-20,-0.00751511729271126,-0.0027257665590753825,-0.031883328569697354,0.03425209837992928
2021-04-21,0.009268177877689077,0.0113837661762478,0.016451165576234338,-0.022164022627462296
2021-04-22,-0.009326692333653908,-0.007844159290640963,-0.007858135494719032,0.02028608467894657
2021-04-23,0.010648960740384128,0.011304801058471637,0.03072019772863239,-0.02812349240241153
2021-04-26,0.0018938668886041565,0.008233678783172261,0.014506724477311928,-0.02609352674510075
2021-04-27,-0.0004091935799619417,0.002534159487740473,0.014213936286244611,-0.007354406378125367
2021-04-28,-0.00048095298664074804,-0.008994743373919579,0.0008497271867431211,0.01521227910501075
2021-04-29,0.006178882079984627,0.001256466643908616,0.005874755304907253,0.0006081915051452391
2021-04-30,-0.006763882935909016,-0.0012821868561745057,-0.011239560057043308,0.013735811646194597
2021-05-03,0.0019631305555112277,-0.0036099849868043714,-0.007188074272980149,0.00782902300341085
2021-05-04,-0.006362898610463574,0.002351249035125203,-0.008119901521127338,0.020381028190842886
2021-05-05,0.00011920292332967541,0.010357712671212993,0.011697006874327454,-0.00811251459953366
2021-05-06,0.007791961435987593,-0.005850208244316945,0.0032290875285112992,-0.003601806475100765
2021-05-07,0.007084182669360617,0.0036751633278200857,0.00808721840705846,-0.012191542813205248
2021-05-10,-0.010096017504949373,-0.009725685886231907,-0.023782275706982537,0.0487171866829072
2021-05-11,-0.009118169477213667,0.006375684886568766,-0.0014387486037259808,-0.004484870416126307
2021-05-12,-0.021438986685832773,-0.02245817713421537,-0.02556484317969274,0.031068985544803862
2021-05-13,0.011818967518067547,0.015747148798498832,0.010360110536480826,-0.006043610280198418
2021-05-14,0.015161615402713435,0.007426021743287858,0.018600410954288948,-0.03421119304812283
2021-05-17,-0.0027382638183489627,0.0015155447727796091,-0.004595682930100609,-0.004155288228593346
2021-05-18,-0.008809146745318963,-0.0072356130543978926,-0.0039052580792164233,0.0055226685831542555
2021-05-19,-0.002815355467651104,0.00012438143665274284,0.001733134779708101,-0.007151794658663091
2021-05-20,0.010564178540671154,0.00393781461640219,0.0003109564590823115,-0.008964171511986883
2021-05-21,-0.0010122071235246777,-0.0007095398253822106,0.010562564394796848,-0.007148698760324024
2021-05-24,0.010000498797938295,0.0019934521677552382,0.011157419365892651,-0.018612340444222195
2021-05-25,-0.0024123567435483384,0.00105785920214686,0.004060483521743808,-0.00560670346569988
2021-05-26,0.0017910584317073486,0.0032209985423010236,0.010522242233247592,-0.011018482819432306
2021-05-27,0.0003312050250561249,0.0030651160419202014,0.018817207059319982,-0.023498353345560274
2021-05-28,0.0015951401700864398,0.0005092604698051727,-0.0005722848503104229,0.004640032917744042
2021-06-01,-0.0010744474154833483,0.012931972874542263,0.022575849647581955,-0.024342166817430965
2021-06-02,0.0013788592822248091,-0.010160345741339928,-0.014154107712306574,0.004024473054837707
2021-06-03,-0.0039047874907912616,0.0018383285851882646,0.005446529089067554,0.0124886785019234
2021-06-04,0.008952043409694799,0.0012902809482265411,-0.0022697466988021225,-0.005308317787201867
2021-06-07,-0.0011638379445839675,-0.005734450044834161,-0.0013850491243859618,-0.0020312205856016343
2021-06-08,1.9749291339632435e-05,0.001647793762557248,0.0011524220409005583,0.001026768882941587
2021-06-09,-0.0016855740733441316,-0.009479659367132853,-0.012433813617873346,0.009352889355858074
2021-06-10,0.004454760305412142,-0.005898456944642184,-0.014125974890209114,0.004563604684320622
2021-06-11,0.001458888558440563,0.00545926642348703,0.007581367684848772,-0.0037374349398573868
2021-06-14,0.0020454676901335844,-0.005670847060116835,-0.01027503820661726,-0.0034544998810126515
2021-06-15,-0.0020280818635403097,2.4585351169759215e-05,0.005418917748241825,-0.0037630596457331467
2021-06-16,-0.005777095627424789,-0.0035261000647205387,0.0042598045099582205,4.402265215742822e-05
2021-06-17,-0.0005252467769280011,-0.012955431520572401,-0.02825063398195672,0.00969283349963349
2021-06-18,-0.013684013549858154,-0.00763842824609663,-0.01195823120513122,0.009525688709501278
2021-06-21,0.01412251503180717,0.001410622116822479,0.01592307279501386,0.0018473926699997603
2021-06-22,0.005152374470781762,-0.0038687240934857097,0.0024835101645323877,-0.0003338904152291322
2021-06-23,-0.001398894495859726,0.004464443296954968,0.011495477396765142,-0.015985351470774112
2021-06-24,0.005722055743271559,0.0006713044826985202,0.007234174310677233,-0.006166905995560955
2021-06-25,0.003358841580050731,-0.003343179403381946,-0.011091120887253891,0.005857903041474299
2021-06-28,0.0018218527337481305,0.008794173012125817,-0.0045946481571838005,-0.004437750238593031
2021-06-29,0.00034465004800043886,0.003167390649835622,0.012663221930829405,-0.004266609359144857
2021-06-30,0.00064797760929447,-0.00014649983452663662,-0.0017143769582404489,-0.003195454697029132
2021-07-01,0.005343009112329211,-0.008890924129267553,-0.004009067182004921,0.020882652108895682
2021-07-02,0.0074499284030609125,-0.00457870501631239,-0.006465594939550234,0.008483620759562637
2021-07-06,-0.002015193107024138,-0.00599836531313821,-0.017109274264630138,0.006803937891123225
2021-07-07,0.0033405225777416447,0.006757249115131436,-0.004026718588850708,0.01831505742979702
2021-07-08,-0.008341903691007513,-0.007630257990527922,-0.008632023491797137,0.004052994243646335
2021-07-09,0.010481319644414455,0.008143065698551555,0.022600175231222642,-0.01801500877405686
2021-07-12,0.003388405065502864,0.0009267801220801508,0.01383597876315723,-0.01017402468968166
2021-07-13,-0.003602638900684574,-0.015826866084021163,-0.006702279829027268,0.013321479945292746
2021-07-14,0.0012984569324034911,-0.0057206553607155874,-0.009953188387745048,0.017685425817146282
2021-07-15,-0.003609128809123896,-0.00614786824463256,-0.009376118892464314,0.013219197961951234
2021-07-16,-0.008037174802583702,-0.006692321350924135,-0.019601764726119564,0.027364886199070248
2021-07-19,-0.014961525944996557,0.006672358968968103,-0.016981948939085147,0.008904851590465591
2021-07-20,0.01413692941209832,0.0031598560133273904,0.03362373483659917,-0.024161580646246232
2021-07-21,0.007902562412561487,-0.001740849956719314,0.029951208476063328,-0.03176217101873317
2021-07-22,0.0019002912819043871,-0.006289673136762498,-0.008840145249737152,0.014266075880051887
2021-07-23,0.010094613228434524,-0.001968405432166231,-0.0017903433788787227,0.008630409550617623
2021-07-26,0.002261170903176346,0.008630540251038554,0.010284022375179535,-0.013637937410762625
2021-07-27,-0.004751230566366282,-0.006788105237678377,-0.012550376261613294,0.02156777623511895
2021-07-28,-0.000603816751180708,0.00964944410333739,0.008043309613358918,-0.021168093347020477
2021-07-29,0.003953815283683326,0.00407935072119564,0.013334748084661329,-0.014547410125299054
2021-07-30,-0.005049974590430106,0.013960031840576047,0.0013902193973060473,-0.006574370673933561
2021-08-02,-0.0022917259434153125,0.00046856189005931546,-0.0002705723325679976,0.0018680627557639885
2021-08-03,0.007941802652218444,0.005555290083767506,0.0018725831377254358,-0.0060312369315587925
2021-08-04,-0.00511249081304288,-0.005903457534143907,-0.005784036793507273,0.001291582475421181
2021-08-05,0.006139215206099502,-0.00282998627268326,0.008414646622675647,-0.006917648361315098
2021-08-06,0.001458705199880006,-5.284700267227382e-06,0.017280665114880623,-0.011042035144300933
2021-08-09,-0.0010068871281545544,-0.0038164452763212783,-0.004913762401777266,0.009632039609823007
2021-08-10,0.001050030533196633,0.0034603346510025503,0.0033071526762993965,0.006707086911353488
2021-08-11,0.0022913396284520715,0.009857771482211841,0.0019598125658410017,0.000915775076543235
2021-08-12,0.0028033829279607847,-0.012021601960356865,-0.010430086249509684,0.022150735520438624
2021-08-13,0.0016260678047002042,0.004243923897777324,-0.008633599331482722,0.0032149984742120942
2021-08-16,0.0021612513627402574,-0.004161020827641393,-0.014671344522906372,0.010869998619641308
2021-08-17,-0.006749089763448235,-0.013151289284153512,-0.02409676356453041,0.021822405504225827
2021-08-18,-0.011138498494336457,0.002366189549104591,0.00951190159983437,-0.007393193202575054
2021-08-19,0.0013546600245795126,-0.017388909460237335,-0.022405567898868516,0.025618040110052354
2021-08-20,0.007763378041283131,0.006523380420003632,0.007728538799799655,-0.000332384980567868
2021-08-23,0.008602810116911108,0.0024313406132553516,0.00900547781646458,-0.01956264897578943
2021-08-24,0.0013939997171696916,0.0011148453790903454,0.013045041558700753,-0.010763137438743964
2021-08-25,0.0019046934801316695,0.017380681420569713,0.02718610799388409,-0.024798258623537375
2021-08-26,-0.006096829219927602,-0.0007331253165890669,-0.001735480365372067,0.00783991489735102
2021-08-27,0.00874744352864254,0.003840130421089217,0.017614580045806738,-0.02409849426416323
2021-08-30,0.004203893988629748,0.00013987746226089563,-0.013066171068926512,0.017780614470478462
2021-08-31,-0.0016752202378852443,-0.00019040396926884792,-0.0014309758399033811,0.0013062463938440126
2021-09-01,0.0003377709906069448,-0.0055170174299536525,-0.007914655615935118,0.007837995188134472
2021-09-02,0.002882944113182573,-0.0001686607662710893,-0.0047328759426098705,0.005771350506654105
2021-09-03,-0.00043643661894643415,-0.0022570485496075984,-0.004321096627995324,0.004355625691941834
2021-09-07,-0.0037688639470910834,-0.004713413219758123,0.005710105379501851,-0.00626469031244976
2021-09-08,-0.001411951361701802,-0.0131575476995341,-0.01866644436539826,0.020276039532959256
2021-09-09,-0.004473853152273111,0.01028983631398319,0.01627988820674072,-0.021589527402268438
2021-09-10,-0.008078242898251209,0.0005013294194378686,0.007949601484211189,-0.005340990681592372
2021-09-13,0.002365444798705596,0.004800630641158288,0.012293686372290401,-0.017856830769311414
2021-09-14,-0.005589790527039784,-0.001132499931168019,-0.009554371206371915,0.008725683788809292
2021-09-15,0.00815899677192733,0.007422435295267138,0.016740400454572934,-0.014326291178192984
2021-09-16,-0.0017789895054975968,0.0031176433174824325,0.005646760669746098,-0.0013923528881516602
2021-09-17,-0.009934688953989967,-0.0037995635281747996,-0.005695095925563021,-0.0017907154664459912
2021-09-20,-0.016868043299649638,-0.004312527412028765,-0.02329251642370589,0.015290066452344698
2021-09-21,-0.0011381780801792418,-0.010896731784664927,-0.0032760711063348218,0.00839814995632665
2021-09-22,0.00956116066525059,0.010896786189679531,0.03219373060671412,-0.025650671396941185
2021-09-23,0.011956507780128467,-0.0006674579665041473,0.02279406290188879,-0.012647210498995132
2021-09-24,0.0014535123857457588,-0.00026239773576198794,0.0026241405013335047,-0.000897914676469791
2021-09-27,-0.0030544534290251057,0.0094102937977389,0.014890972236302412,-0.021980939651972196
2021-09-28,-0.020345523395475795,-0.006347148715014451,-0.02116008691556547,0.009357725111877003
2021-09-29,0.001489513774168616,-0.014955604751288576,-0.023185494854096267,0.02173007951558371
2021-09-30,-0.012416058834085253,-0.001941944745392733,-0.0022482367289018423,-0.00054084976585843
2021-10-01,0.0116905361084223,-0.0016890443133873115,0.001942987557679422,-0.003140745763555053
2021-10-04,-0.0130896559547089,0.0005540158735964362,-9.952786937534892e-05,0.004475975918561258
2021-10-05,0.01021141214630994,0.008362298329936024,0.01196033578677277,-0.00753950233701135
2021-10-06,0.003962500666198299,-0.004596010593326016,-0.014738804479540646,0.010707437393488128
2021-10-07,0.008452139447003182,-2.774316738346494e-05,0.006703530011030667,-0.00895601727939982
2021-10-08,-0.0020176424067320786,-0.0058981002334902105,0.005892061558268192,4.633658546582264e-06
2021-10-11,-0.0074332855060679215,0.007192254808566001,-0.0003385986521143858,-0.0039040678179902864
2021-10-12,-0.0026550213821987523,-0.004162097396542142,0.002476980141858609,-0.0008697655038211738
2021-10-13,0.0034038697982017307,0.001066615962551476,-0.01811272895058178,0.009198153295619394
2021-10-14,0.016627041730988834,0.00962516682533704,-0.0026525100852526004,-0.004581283127621528
2021-10-15,0.007422026333009146,-0.009226862758995279,0.00862388878081858,-0.0008096330623499793
2021-10-18,0.0027668151509374628,0.0015560616346320777,0.0128412473105731,-0.012299410362223838
2021-10-19,0.0075214212573258,-0.006926559724830262,-0.0027684572890503195,0.001478277217432333
2021-10-20,0.003734141874778052,0.0005267634297446704,-0.0010034431476677822,-0.0013176414680180493
2021-10-21,0.0024143759314929625,0.010426295995713696,-0.010674717984982096,-0.011066104367623298
2021-10-22,-0.001229641912858792,0.0012040164535117356,0.019626433367979035,-0.01897332486992117
2021-10-25,0.005169147693995013,-0.004474400885858243,0.004701639996711615,-0.009597481646826844
2021-10-26,0.0007063177014223765,-0.004210386301352664,0.002316455692416175,0.0020322591445893767
2021-10-27,-0.004623796149853421,0.011111986724633382,-0.016930895992417216,0.01341990283722585
2021-10-28,0.009455327200529995,0.013425659256972266,0.008551619561525215,-0.00679699526596561
2021-10-29,0.0018355613362384116,-0.013376553692979154,0.008452032833915568,-0.005694802306325608
2021-11-01,0.0015264919424182732,0.015373830271573507,0.014417104617892007,-0.01405556793004289
2021-11-02,0.0038494383005498456,0.005138829796603395,-0.001882669577062013,0.004207626282091836
2021-11-03,0.005911590950953727,0.010285735696692909,-0.010567501938800607,-0.010489542290484977
2021-11-04,0.004518900942841242,0.0037654238393918455,0.003625806651917551,-0.01889908978075535
2021-11-05,0.0032760562993958686,0.008929198255778637,0.005608779081091664,-0.010356903480927538
2021-11-08,0.0006600591465275585,-0.012682586085283809,-0.0025907222068118243,-0.0057801274898023666
2021-11-09,-0.003498864951223646,0.007851994256775473,0.004437276831954228,-0.003942589542907538
2021-11-10,-0.008238572542765832,-0.008889123425115886,-0.028147165151079047,0.022892825507998017
2021-11-11,0.00012986717737262232,0.018685900845423552,0.016013124574524272,-0.0315992178141223
2021-11-12,0.007353049893099151,0.0049024086114110915,0.004029372195974245,-0.005297772915423138
2021-11-15,0.0001488637291464645,-0.0062127594505999246,-0.0014610565610634007,0.008641397216029545
2021-11-16,0.0037642110994373645,0.0009126284168941012,0.002615530668559973,-0.004779799154374931
2021-11-17,-0.002622920758595493,0.004433808259449267,-0.006949977408805464,0.003837698181214566
2021-11-18,0.0032029765156738055,0.0115780273548048,0.008278256921150529,-0.010613478297886858
2021-11-19,-0.0019819442927324626,0.0023492483624764082,-0.015882759966955262,0.01846574067182648
2021-11-22,-0.0030088030063152305,0.0016236708821454893,0.00587882271048662,0.014221414879448047
2021-11-23,0.0011323087154873068,-0.004406738562843516,0.005219430942197911,-0.009479843695858548
2021-11-24,0.00247628701840652,-0.005126280067992473,0.0007206526435279527,-0.004969268876281762
2021-11-26,-0.022497126560102387,-0.005151433918711135,-0.01225378998701436,0.02395878921028779
2021-11-29,0.012073207036361167,0.004571168573861806,0.010534128175158109,-0.00264018513841191
2021-11-30,-0.019651171810866508,-0.00507565504971268,-0.005328259326773388,-0.0038490749939543364
2021-12-01,-0.011300844658711173,-0.004935795844412937,0.013271436576287298,0.0107690895220102
2021-12-02,0.015122738263371627,-0.010602508025952471,-0.011939635528155346,-0.007070849003153624
2021-12-03,-0.008894992658742495,0.010985225688462531,-0.0153077750287254,0.01588162015708091
2021-12-06,0.011649736622116658,-0.005489903207824021,-0.008558163268636577,-0.00249082822033243
2021-12-07,0.020491165344507456,0.007116367408265302,0.028526246054766648,-0.030856958356580633
2021-12-08,0.002454227214196525,0.002270936164710935,-0.0026474667286662144,-0.0026938982304329008
2021-12-09,-0.006944972705981933,-0.010701270995701529,-0.0077943089906708065,0.017082334711228976
2021-12-10,0.009219704777257531,-0.0008875299388182763,0.0014626749871069827,-0.001157736546461197
2021-12-13,-0.009051921905459559,-0.01368490225997897,-0.0273037518720469,0.03333593255267644
2021-12-14,-0.0070737420549548125,0.003524384453323747,0.0014605954117997257,0.00472340826722133
2021-12-15,0.015431409005082442,0.0060998587441411616,0.011498378286155762,-0.007238231778075966
2021-12-16,-0.009012091344019701,0.001983466546168422,-0.02653013336399712,0.028352490883134976
2021-12-17,-0.010836522563101525,0.0010596247290725058,-0.020052527714964987,-0.004883480458267074
2021-12-20,-0.010827164725302207,-0.00858273336826386,-0.012519798037259357,0.013968496065964864
2021-12-21,0.017565332147966295,0.015865094967360726,0.01677345311450361,-0.032425401561474124
2021-12-22,0.009805332166568315,-0.003074116273003113,0.004262960759666056,-0.002224062578176556
2021-12-23,0.0060282844845893635,0.009376939950434371,0.005033516582617982,-0.010220696190223333
2021-12-27,0.013958422113122593,0.007984320586390049,0.014350226691879707,-0.0022303231440775843
2021-12-28,-0.0010106937056314491,0.0018512717421521607,-0.009906998126248023,0.0072400575565128465
2021-12-29,0.0010855072510902453,0.009330912206216568,0.003235563545466569,-0.0031844745472319642
2021-12-30,-0.0029582606302798187,-0.005237898749251912,-0.008706570787341883,0.0063257288401111006
2021-12-31,-0.002713625765716099,0.006358432027187488,0.0010735890286469483,0.005140678939311083
2022-01-03,0.005596323921158275,-0.014346611365909267,0.002852292701457048,-0.021954910402732453
2022-01-04,-0.0005286889893557634,0.008709333590930336,0.01181150342522911,-0.005688018223849767
2022-01-05,-0.019395690404381716,-0.005359871006331762,-0.02695614191693916,0.026827864689805702
2022-01-06,-0.0011328935506772497,-0.0019517458158243239,0.013865699303164702,-0.005047636152124835
2022-01-07,-0.004147109771380775,-0.009004697774605708,-0.010763912239986007,0.010107706690293117
2022-01-10,-0.001438193502446783,-0.004045436455420848,0.005583050613291951,-0.0009579412339240975
2022-01-11,0.008914740710114,0.003758575584594092,0.006452240480012151,-0.01518414766594125
2022-01-12,0.0025098186264258526,0.008078118608581807,0.0017290583897415328,-0.01241344194365638
2022-01-13,-0.013972107429085945,0.006776141175972871,-0.0091876528705629,0.0007057962873557198
2022-01-14,0.00021523931540712304,0.00576650606334288,-0.00043427478426938393,-0.017910709819556038
2022-01-18,-0.017903383600830436,-0.009601264324598692,-0.02353263669951273,0.0320633613556705
2022-01-19,-0.010577080363743274,-0.018943259491440635,-0.017196576816180767,0.0324071669411794
2022-01-20,-0.011261400025319723,-0.015851065783702135,-0.0022642400225314947,0.018578070847746965
2022-01-21,-0.019824368083966704,-0.007127031204055934,-0.0028155674341203037,0.031679271883670555
2022-01-24,0.004052798484607267,0.004122930711536776,0.0013819830298186227,-0.01756364781809112
2022-01-25,-0.012402468098608344,-0.018614072898696255,0.01310377023516871,0.03145672218920181
2022-01-26,-0.002702440492872271,-0.010563076531730331,-0.004452684364999258,-0.01830921234237861
2022-01-27,-0.005131444021854281,-0.0072651463730380676,-0.004625371126525202,0.03641343477717786
2022-01-28,0.02464171856965991,-0.030559478982768416,0.004355548919156038,0.0055300184693273125
2022-01-31,0.017817455327318044,0.020036951334461817,-0.009079160992480385,-0.04432062599108964
2022-02-01,0.006563392202087126,-0.0009667720108910913,0.011346439187449531,-0.010439614068550984
2022-02-02,0.009520395749682775,0.002878389183547313,-0.003936468395711201,-0.010156703903985754
2022-02-03,-0.02369857514428786,-0.004281936110176287,-0.012672430704658654,0.022160997533091698
2022-02-04,0.00450861587132545,-0.015220449355696386,0.011146479909146634,-0.00726513552346204
2022-02-07,-0.003402819353107378,-0.00037348892646335,0.0026710946698427886,0.006570153359783237
2022-02-08,0.008034034008312485,0.012517846595602435,0.005600101375813725,-0.012814994104623523
2022-02-09,0.01444250271526748,0.013941092635874341,-0.00129427466481934,-0.029881648232463042
2022-02-10,-0.018159531001557316,0.0032648719386449976,-0.0006383062473502062,-0.0005259252305481986
2022-02-11,-0.019912187215314292,-0.009052458142575246,0.010412121138589782,0.02844203702557059
2022-02-14,-0.003462856659351754,0.0011773110638110037,-0.0026178163030966765,-0.0013009406100187746
2022-02-15,0.01593313656535922,0.015276828547984156,-0.006151869916011054,-0.04110273297677839
2022-02-16,0.0009273385434991344,-0.0012054757348170962,-0.001093973194027309,-0.0005949692543664839
2022-02-17,-0.021555197652810998,-0.005700052240951804,0.00017150104508860745,0.020695040356135598
2022-02-18,-0.006668739424992576,0.0017541004340150494,0.007719376711542736,0.014531845204112437
2022-02-22,-0.01092524972269815,-0.011317191906807222,2.075660075671025e-05,0.012115684545736537
2022-02-23,-0.017932367223028267,-0.01074840691241733,0.0023832378797444143,0.01713193004839243
2022-02-24,0.014855668563617863,-0.002403087019523487,-0.02292537033585327,-0.040825675929304514
2022-02-25,0.021870287321980264,-0.008803286925407272,-0.00458241924910463,0.014985764220492356
2022-02-28,-0.0027521034040021153,-0.007306147405631725,0.010150048252044542,0.007942434302700419
2022-03-01,-0.015423988237290964,-0.01655868794617966,0.01314930204753938,0.024794798461425127
2022-03-02,0.018202695463169993,0.02091119787461978,-0.00990451529915356,-0.02105386229164864
2022-03-03,-0.0051721354973813805,-0.007434272947212106,0.005326728180911444,0.03332027035944265
2022-03-04,-0.008318196062179428,-0.016178274144945336,0.03297189820173019,0.043067329241731185
2022-03-07,-0.029672908135833787,-0.028662367805880527,0.03746821170284685,0.040304612581857316
2022-03-08,-0.007775358762605711,0.003702414892814765,-0.020424187675165906,-0.031080706237822785
2022-03-09,0.026617219626004163,0.018744978461029724,-0.025076927236041498,-0.03832626962001312
2022-03-10,-0.004709138264976209,-0.0028947993619874556,0.01674104244042779,0.0036541023039844966
2022-03-11,-0.012908657436245474,-0.0065655913636443845,0.010449668076639686,0.012235896934919164
2022-03-14,-0.007501831631129718,0.0019400275705756752,-0.004850678425243348,0.018818022775428666
2022-03-15,0.021796713867993756,0.00810351402497842,-0.025984958210330457,-0.007958997656251666
2022-03-16,0.021980560817604466,0.018122827875226198,-0.04018994354102022,-0.04790800156831517
2022-03-17,0.012317377566390286,-0.010517777172381136,0.004701017924238892,0.0023746811520354736
2022-03-18,0.010759089264075872,0.003948162370395424,0.0050288578067304805,-0.01821605673478306
2022-03-21,-0.00048596319263327636,-0.007304975077916731,0.020286078263257915,0.0147536772483703
2022-03-22,0.011507680085643957,-0.0008529394776725322,-0.01140796297422374,-0.011220722048033083
2022-03-23,-0.013072168690265507,-0.00842055216215658,0.015900382569281623,0.026982733585503335
2022-03-24,0.014880720540556114,0.0004917357617948981,-0.015330299435509665,-0.02477063979192934
2022-03-25,0.004689998419766805,-0.007612121398829096,0.004793988214499345,0.012218975506390718
2022-03-28,0.0069194352985284535,-0.00742182781942049,-0.014158035799854663,-0.004552712587144391
2022-03-29,0.012177168360033575,0.009923174015336822,-0.025201692229908954,-0.01796814610295043
2022-03-30,-0.006368316493687409,-0.014975103640563927,0.0054130743617785354,0.02315884285337233
2022-03-31,-0.015585135386644855,-0.003069580361734268,0.0042889904849247595,0.006506392780890279
2022-04-01,0.002640513439589931,-0.0061317834036998635,0.01639053864589464,0.01699574230449299
2022-04-04,0.008373222867644525,0.0018357164088263376,-0.008639217421590174,-0.014481426731938663
2022-04-05,-0.012825011263532082,-0.010409041973494858,0.021432097911239643,0.03274577806058308
2022-04-06,-0.010193217584847702,-0.005653412010121661,0.01607782735145724,0.02719086258474406
2022-04-07,0.004845440049278116,-0.0026347627870766605,0.015730359539965943,0.0018942109674660364
2022-04-08,-0.0028675785234613116,-0.013908952524161168,0.009438071198846399,0.012034810644902439
2022-04-11,-0.017285725469514124,0.006247008009905875,-0.021932899775487423,0.0029884269335332166
2022-04-12,-0.00389919099342273,0.003919505062059447,0.009869022814808392,-0.004946749590305788
2022-04-13,0.011260074273678589,0.004743310833659286,0.0017856273751411644,-0.014365102981746824
2022-04-14,-0.012645373175050878,-0.008872435420804771,0.017330596415087586,0.01256041081898316
2022-04-18,0.0002174511196730844,0.0023923220377931377,-0.002264716349132678,-0.019737507943724343
2022-04-19,0.01594919997476274,0.015346457552183125,-0.028927369586645803,-0.007260816344441437
2022-04-20,-0.0009352690190879143,0.004456649369799746,0.004488372692291675,0.01863567589257096
2022-04-21,-0.015147051024782088,0.000668904482802957,-0.017219905923780768,0.01887632520576542
2022-04-22,-0.027632910082447615,-0.0003836309785292813,-0.001912920201046265,0.01605766750835584
2022-04-25,0.005604196653470117,0.002964036736654174,-0.010901617301421175,-0.003787892112176139
2022-04-26,-0.029154725235894574,-0.0060764118216246055,0.03071068857235344,0.020428126634034146
2022-04-27,0.0026181510797640417,0.002176222255533943,0.006805340397519532,0.007471318244764868
2022-04-28,0.025065856911367312,-0.0019876101736316723,-0.0043879604315271055,-0.025624754895464008
2022-04-29,-0.03714930280609585,0.015359021737206813,0.012332423100072874,-0.005393971276928589
2022-05-02,0.005825787868264154,0.010586183479057919,-0.016071010044085555,-0.027506465326752952
2022-05-03,0.0043905940195916315,0.02634243134421128,-0.020878544734553008,-0.03351526207552787
2022-05-04,0.030259259199846067,0.003509300344198652,-0.008922348376265245,-0.009569146533375927
2022-05-05,-0.03573649969815984,-0.008765994204103223,0.014163853282312601,0.014542598813347907
2022-05-06,-0.00616249763445631,-0.012095011709045922,0.01174525225487677,0.01740438286074103
2022-05-09,-0.03221082926301411,0.011371561792994957,-0.0037591132048473766,0.04436329670425978
2022-05-10,0.002116891728487058,0.0002391156845343522,0.0017514761621246322,-0.022265908831282277
2022-05-11,-0.01607998214676709,-0.015424559397183102,0.013449891176213924,0.024158186183410868
2022-05-12,-0.0012374359219174957,-0.0017854772503841376,0.01135034555584723,0.010706335246885223
2022-05-13,0.02371429073537179,0.012903310919132573,-0.007756469626367623,-0.042180794345363155
2022-05-16,-0.004251315732904382,-0.011029220207699652,0.020420696676004057,0.02252682663037544
2022-05-17,0.020376826158289063,0.01391747100209182,-0.020655314487637622,-0.038327562813306626
2022-05-18,-0.04050507653696667,-0.02216643276898964,0.003692048065074484,0.012418682704866159
2022-05-19,-0.006318450288946953,-0.0021950510652029576,-0.006487365498806052,-0.00603949701147144
2022-05-20,0.00024289381013531397,-0.019574334674043858,0.014463529110503592,0.01608115615916763
2022-05-23,0.018516527474855105,-0.011536251550910093,-0.006299739799708461,-0.006082544498772791
2022-05-24,-0.007827304728112439,-0.011677059403530187,0.01501310020866332,0.039358302025843284
2022-05-25,0.008641091017822733,0.01612140639779961,-0.013625151649476842,-0.024304491477423827
2022-05-26,0.019787838659683255,0.01388067431833675,-0.018460258487397706,-0.030555965224147195
2022-05-27,0.024355414973221023,0.019214951990588137,-0.006461913349554881,-0.02537115797556673
2022-05-31,-0.005804509387211776,0.0011770097890781211,-0.012710508188980308,-6.597329001503064e-05
2022-06-01,-0.00828225299377583,-0.0038729454806018413,0.003477875427927369,0.002374232371680573
2022-06-02,0.01884996256166671,0.010387365402506309,-0.010827657497760644,-0.032008020635810444
2022-06-03,-0.016605327060969288,-0.009099017191164606,0.01250419555268578,0.022288475460908327
2022-06-06,0.0028513153259945856,0.00015943281807763172,-0.007178611756336694,0.0011696219514373053
2022-06-07,0.00939864535777768,-0.0014356365640348038,0.010945152688747206,0.0016080145179984458
2022-06-08,-0.011065829016211115,-0.00797735344483358,0.011707194033599612,0.006592109857226568
2022-06-09,-0.023976591205432385,0.0036125303174502008,0.005868709339704192,0.0067889393312972925
2022-06-10,-0.029189341086340637,-0.008310683130411813,0.025999629749267016,0.03317574303916253
2022-06-13,-0.03816167921527114,-0.013670102607160492,0.011851544679595413,0.03544655257394551
2022-06-14,-0.0032070122875906826,0.0032389979009726172,-0.028487143530397274,-0.022323962626261507
2022-06-15,0.014062810564376749,-0.002074692054930949,-0.03075962251182449,-0.019876842660202176
2022-06-16,-0.03328986117357868,-0.025521732299908683,0.012674469075903284,0.03652092091199176
2022-06-17,0.0019621614890708017,0.013013230306636236,-0.027035707017019316,-0.014284463829895587
2022-06-21,0.02498005194869024,-0.01328539207585262,0.022617351398499196,0.0038988506007362617
2022-06-22,-0.0020066455027581975,-0.0011783822350257883,-0.007929963473082457,0.017865903562972518
2022-06-23,0.009609118376966652,-0.008621584320456444,-0.003544132416639212,0.017845893986019157
2022-06-24,0.03160006726376885,0.013070252410541095,-0.02280076591534916,-0.02290135996492826
2022-06-27,-0.004013317447540965,-0.0013074118677781188,0.010266900348070962,-0.0033795905484247935
2022-06-28,-0.020626504743391116,-0.005120624821935114,0.009574895288335827,-0.005406019725220802
2022-06-29,-0.001007938992614421,-0.016745616581760693,0.009778744507038029,0.025290538356973036
2022-06-30,-0.008317957940809806,-0.0032317067891008515,0.01259858028470906,0.02211373985431755
2022-07-01,0.010382563000819633,-0.02733323006949403,0.0201263720584551,0.03913945452948721
2022-07-05,0.001695263223929988,0.005636351782840776,-0.023671978946158023,-0.019383118466654182
2022-07-06,0.0031836669474816226,-0.0010657997902061346,0.004933674220676565,0.0105218835046747
2022-07-07,0.014783408441351176,0.012482804662873326,-0.021202444609821913,-0.0374850604976136
2022-07-08,-0.0010162197217612468,-0.00028772024720206133,0.0026524154376438955,-0.008336436951784298
2022-07-11,-0.011617145874887935,-0.008615053429116726,0.017977854446155118,0.022181217354526172
2022-07-12,-0.00904276315128183,0.010138023303777378,-0.02554652543201318,-0.022955246804921857
2022-07-13,-0.005444994577082807,0.0037938144807716954,0.0009832770729476525,-0.0017132640746536643
2022-07-14,-0.002622202347892122,0.0012705211165305874,-0.008580611367862978,-0.012433825229945083
2022-07-15,0.01891149445021134,-0.005433578671438689,-0.016834784611460228,-0.01246482725604896
2022-07-18,-0.008450639698042384,0.0033250936553783647,-0.003280637637823969,-0.01084483666724706
2022-07-19,0.026825794541304848,0.0142363215427634,-0.023223508488644972,-0.03837161136148152
2022-07-20,0.006179484767700805,0.012889170132163773,-0.01263164991012924,-0.027183301919374257
2022-07-21,0.00998952056083291,0.008621993465780797,-0.014719786493169584,-0.01917275781551404
2022-07-22,-0.009471836623690333,-0.0099205887986741,0.011397168571422723,0.028324172352456746
2022-07-25,0.0010214063218407787,-0.00889397933073517,0.012309566666520954,0.007842851928997318
2022-07-26,-0.01202478460665668,-2.1361897076943668e-05,-0.009578962045998373,0.020302270029997536
2022-07-27,0.02577272087488036,0.013993198265278815,-0.00021281807212479922,-0.024397506514136136
2022-07-28,0.012348764770729215,0.009010180288954717,-0.006003154097704932,0.0005550307643172768
2022-07-29,0.014385089571216314,0.003859103257050401,0.020683652668880368,-0.012840978632793664
2022-08-01,-0.0031548730421927518,0.00418304790540297,-0.014620180552540274,-0.007221777696606569
2022-08-02,-0.006790805322506643,0.003056972421769677,0.014280813787200176,0.011349856067849974
2022-08-03,0.015465634984909826,0.003729226329218226,-0.017975626524618295,-0.005639495021243536
2022-08-04,-0.0008689763591249733,0.011085897124760413,-0.006063488095196567,-0.005145568175308136
2022-08-05,-0.0018839134588997108,-0.012132809305302384,0.011189376991386913,0.003538145342503163
2022-08-08,-0.0013544995114816993,0.003801057361347593,-0.007580367019569834,0.0009982042811849225
2022-08-09,-0.004164536152730713,-0.01181244902365768,0.019172660674975472,0.028775622708112892
2022-08-10,0.020810246972233104,0.013922223864252702,-0.022784379906943906,-0.025372605028352972
2022-08-11,-0.00019363050654397362,0.003946684836466474,-0.0029499944741546713,-0.010960655892845117
2022-08-12,0.016735367002632673,0.011636071987893503,-0.004548027946539104,-0.0141630808263845
2022-08-15,0.003927176652450237,-0.00559053488833342,0.001183145509040484,0.00943168207032209
2022-08-16,0.0017650811548395318,0.005140884666369472,0.00121558287888901,0.00356804383327195
2022-08-17,-0.0072917304448600895,-0.007541771981649137,0.01843405484012901,0.01838598141545831
2022-08-18,0.002712871991050081,-0.0004021726869821267,0.006388665805132809,-0.007342482327840782
2022-08-19,-0.013631725463744693,-0.008650163669278553,0.0037701932800670475,0.021367855481884336
2022-08-22,-0.02101619148531586,-0.009425215616408543,0.009470092857250614,0.01786083045544904
2022-08-23,-0.0026129331489050944,0.005386052335873581,0.006473597365231943,-0.012049059042229894
2022-08-24,0.003007684278739653,0.0032407540494388985,-0.0018101744300962007,-0.007828888320785033
2022-08-25,0.013923848448140985,0.01495741265472581,-0.009775391694026714,-0.03059389910637208
2022-08-26,-0.034042633037207226,-0.02529077892651851,0.022853904883018496,0.020770711269677156
2022-08-29,-0.006805725788454953,-0.00922586613530152,0.007877015822052035,0.006766937862595124
2022-08-30,-0.01117157187527118,-0.0038546830493413013,-0.001608495041616996,0.009111030113532481
2022-08-31,-0.007802672748386641,-0.0011414803085429415,0.0023141653214547187,0.007177650033169747
2022-09-01,0.0029440855327207416,-0.01827537081143209,0.008261947741376997,0.025081767278946565
2022-09-02,-0.010738025065725076,0.0015170541188582291,0.0012754751804322836,-0.0069942080331258025
2022-09-06,-0.003966592858177687,-0.006762245054180149,0.009632976304635832,0.009368452116233328
2022-09-07,0.017771179889481292,0.015187252147847396,-0.015663547125426436,-0.0027103231918175538
2022-09-08,0.006342752032530763,-0.0037267977515956785,-0.008710468231589174,-0.018479475033378802
2022-09-09,0.015341607583792882,0.007850133749365018,-0.006209911511325184,-0.017765548413347907
2022-09-12,0.010554000411173492,0.0007922580471650398,-0.003662347285521539,0.0006938884723273978
2022-09-13,-0.04367607731238776,-0.01618577471137306,0.028898971874693535,0.025549383338833886
2022-09-14,0.0036220996446527653,-0.015698467461955468,0.013311301743165516,-9.762824877698187e-05
2022-09-15,-0.011547049937137621,-0.0033887394884357,0.008491943092660105,0.001083887677302553
2022-09-16,-0.007822401659831613,-0.013141841420424105,0.007380888330394143,0.006317074130406863
2022-09-19,0.007561310851779579,0.011808630162397327,0.001435039933819149,-0.00040676802621878453
2022-09-20,-0.011672287378921897,-0.015409677595240935,0.009376822935250906,0.014683573757948076
2022-09-21,-0.017637177492712763,0.005922811311168608,0.006498296199047293,0.0038789773758911017
2022-09-22,-0.008593412876320983,-0.0197246515816512,0.014104207759199882,0.014879267239230642
2022-09-23,-0.016948553051140625,0.002643880065999849,-0.00540491422586491,0.010977617595194677
2022-09-26,-0.01008636402804397,-0.005986444347280653,0.012247545270002724,0.016336670627347928
2022-09-27,-0.002746420524911475,0.007412069148941081,-0.013253517191252739,-0.022659412234640686
2022-09-28,0.019482701460452168,0.004412687899289646,-0.0048836550306920155,-0.015149349133658018
2022-09-29,-0.021082544201172948,-0.010721635119945727,0.016212807444951252,0.011933779494383855
2022-09-30,-0.01565708837681834,0.0030954193997742904,0.004596754889028132,-0.00025553215775950787
2022-10-03,0.026207585354041774,0.00587762300332878,-0.008379763030991541,-0.01994364985246483
2022-10-04,0.030792957542209676,0.014027180022169076,-0.023459540095782258,-0.027090681220581024
2022-10-05,-0.0025219990063173325,-0.003924271570811289,0.006019898111983734,2.7350015624993907e-05
2022-10-06,-0.010509278818635504,-0.001818144488958051,0.008731912176007306,-0.01360913254057149
2022-10-07,-0.02808755013929176,-0.011967783281658729,0.020106732391031314,0.024918791999157332
2022-10-10,-0.007829027675786415,-0.007338059696649646,0.008438690603170373,0.020774873709276664
2022-10-11,-0.006526705809865807,-0.006169444437061922,0.009843096345132939,0.016107246055439083
2022-10-12,-0.003491933468231956,-0.004938563679085838,-0.013179231657847679,-0.00021274607791954558
2022-10-13,0.026197473334876875,-0.007927427253198525,-0.01604245605720025,0.0019171246056888247
2022-10-14,-0.022982174364551522,-0.01304983518758419,0.0017695710750246993,0.011578781497792323
2022-10-17,0.02550312934832588,-0.006042339781414897,0.00040898526274810686,0.007234035970427943
2022-10-18,0.011555856306170842,-0.0016590995986546127,0.006992294089716168,0.010325114976235748
2022-10-19,-0.007280087405954094,-0.006119317007635949,0.006141238203834632,-0.012903078307104876
2022-10-20,-0.008579059358910013,-0.009645100422514697,-0.0032225555377619285,0.0008759711134249783
2022-10-21,0.024107891257154845,0.014103005672010616,-0.010295174412992145,-0.01995577687161261
2022-10-24,0.01204289876193787,-0.0066141117250822275,-0.0018897556792481958,0.0034070896917266953
2022-10-25,0.015775032510279674,0.01095038919081338,-0.01769672009961637,-0.010170633783169824
2022-10-26,-0.007727651382032352,-0.012603585913708115,0.008185795435261666,0.01693870026938369
2022-10-27,-0.005533615271745784,0.00017315233303923918,0.004042661817209958,0.002813817052956391
2022-10-28,0.023597034458016974,0.0013191362474564532,2.3004471538821958e-05,-0.001995970497494337
2022-10-31,-0.007417145651125945,-0.010418391295486796,0.0105691813345277,0.009632584626579854
2022-11-01,-0.004569286923496785,0.00908228558069345,-0.001755174386002467,-0.010790129725871789
2022-11-02,-0.02528977152448808,-0.012707331595280313,0.008934740846654465,0.0050962786008403975
2022-11-03,-0.010490481460633472,0.0004789809998715583,0.012234583662704713,-0.006702049988783565
2022-11-04,0.014199394802842713,0.027414721545975105,-0.024187450177296375,-0.023658608245079375
2022-11-07,0.009371979811955367,-0.0001697836079408866,-0.010690879834977296,-0.011970398798647763
2022-11-08,0.0052016065796751665,0.0009330838449102983,0.0032269556339700528,-0.003922837444959993
2022-11-09,-0.020795513872295168,-0.007043050794501803,0.014652762674236751,0.015339704214069272
2022-11-10,0.0547603418437006,0.031257184558991694,-0.06584080858740264,-0.04898549381120048
2022-11-11,0.009485093060353833,0.03188522751457549,-0.05371104811783417,-0.04433920312463255
2022-11-14,-0.008700496953254366,-0.01666434300011502,0.026268770755888828,0.013413329555344812
2022-11-15,0.00833534480977094,0.00011723256749920311,-0.0007988909845681683,0.00619648327281167
2022-11-16,-0.007822220549002057,-0.025566294681304638,0.03216145745323486,0.03883190953172529
2022-11-17,-0.003253459201865372,-0.004729205574831807,0.002811048754911438,0.0072051857759848565
2022-11-18,0.004346723323552126,0.003703701981360408,-0.0008928268615300602,0.008227254499723991
2022-11-21,-0.0038299467445357394,-0.0025048931888698948,0.011627728242290436,0.02024460949998306
2022-11-22,0.01326373001994563,0.009466795918052818,-0.006464767471636358,-0.009156153207249927
2022-11-23,0.006107918446515814,0.0038167676194473922,-0.010147450146025618,-0.007827532411255432
2022-11-25,-0.0004174358588302507,-0.005027168214302425,0.006498630187297882,0.006210214670225378
2022-11-28,-0.016150643246780172,-0.01006609533524442,0.010761877617153083,0.016446814452748072
2022-11-29,-0.0019113115998151686,0.004029042730360799,-0.0016755415865558065,-0.008487059891509474
2022-11-30,0.031306999054998785,0.005500990426990215,-0.01645221814272143,-0.017111190257464905
2022-12-01,-0.0009295251127833248,-0.0022382089680267224,0.012323866248447312,0.020442841076825157
2022-12-02,-0.0013472787795070218,1.2157132949963808e-05,0.010043754726310927,0.008717166842189783
2022-12-05,-0.018182742737055335,-0.004537742384167808,0.00248478991038026,0.004555086427355415
2022-12-06,-0.01460850726917684,0.0005918448361363349,0.007046947604865315,0.009120936282936478
2022-12-07,-0.0018949015710387762,-0.001430420856426029,0.00411787074985126,0.007632789641265991
2022-12-08,0.007640317394791207,-0.000991547776330936,-0.011125920721743142,-0.014413643425671318
2022-12-09,-0.007663812166952222,0.0049462380127247236,-0.008949229201539444,-0.005177821596961829
2022-12-12,0.014223847378490362,-0.0025696793997886935,-0.007302826614721968,-0.010457615176192947
2022-12-13,0.007376092209937513,8.556226874745221e-05,-0.006294387213654196,-0.004227603345868535
2022-12-14,-0.006587320122018903,-0.011634719457895825,0.01183711510137897,0.013530404198967914
2022-12-15,-0.024655271858306627,-0.02466787793777142,0.018346991606415487,0.02639197651655231
2022-12-16,-0.011999747518519177,-0.003407577062345001,0.008449289780196746,0.0017826160978647084
2022-12-19,-0.008673229264278493,-0.008926771577508463,0.01007128527789054,0.005904934413048413
2022-12-20,0.0011745705228445313,-0.0015925830066381929,0.007830265104201782,0.001346753673778711
2022-12-21,0.014758940400162235,0.007191328393314444,-0.007464940247455188,-0.00044801389777093803
2022-12-22,-0.014459773346132798,-0.0061160918350233965,0.013012922810463444,0.02546147936366734
2022-12-23,0.005558746428351746,-0.0028197647190880146,0.003122502277875994,-0.002649783168751596
2022-12-27,-0.004137059376750907,-0.0014198983763667019,0.008981537578978193,0.00559858735543628
2022-12-28,-0.01262162702138947,-0.007985508824151678,0.006562277085652945,0.0061322856743081244
2022-12-29,0.01780672537740391,0.016337114384271115,-0.02494107300914975,-0.020973073384156216
2022-12-30,-0.002827966536751325,-0.005806171160481766,0.003903494544153219,-0.002905191235517313
2023-01-03,-0.0044033103165049825,0.006943194828627297,-0.009232884666570207,-0.001210843374352366
2023-01-04,0.00752648747592688,0.005165021299924499,-0.028007619651481207,-0.02614880171306924
2023-01-05,-0.011606915439134946,-0.0021240114226740324,0.006999656325622827,-0.0009621818288349073
2023-01-06,0.02273831498200707,0.019200663345028166,-0.024051457321192814,-0.020705280671448566
2023-01-09,-0.0007603519894577859,0.013189945557962268,-0.026024597056043083,-0.020302848006117036
2023-01-10,0.0068192353835869746,0.0007831196820992205,-0.002934763347301427,-0.010679165973931593
2023-01-11,0.01245404273717865,0.006871874528332888,-0.013058517864325115,-0.013095585467185455
2023-01-12,0.003447193590306652,-0.005864754929798499,0.0038791635462732564,-0.004381864056284002
2023-01-13,0.003685721875575476,-0.0035609477452532177,0.005115753541440981,0.005060402359655613
2023-01-17,-0.0020252976528185584,-0.0012841440039023317,-0.0046179429479069715,-0.004687819647793278
2023-01-18,-0.015981774362171963,0.008919318539398625,-0.010730151080104744,-0.018647700095874298
2023-01-19,-0.007473276983810284,-0.019142920904649908,0.018608901607280917,0.010418016180395406
2023-01-20,0.018435319688829166,0.01808499302832898,-0.02265310558861925,-0.02832290625465641
2023-01-23,0.011805026357216697,0.02083171799357989,-0.034618715476814194,-0.04023232246703856
2023-01-24,-0.0012671103833570285,-0.005395298970082863,0.0175556432956405,0.011018849540566566
2023-01-25,0.00018127501941678226,-0.004399055563964105,-0.005388691825574355,-0.008208428346787987
2023-01-26,0.010796766388829537,-0.0028383012481616897,-0.012231298672889003,-0.02052016827255686
2023-01-27,0.0021041646982398188,-9.909688400910714e-06,-0.0042598970194481335,0.0022610365364597925
2023-01-30,-0.012740379893013576,0.0017241486621542897,0.013018289230523727,0.016608817769730798
2023-01-31,0.014509371919802394,0.011200927456991028,-0.007538671470611347,-0.0006970014376467826
2023-02-01,0.010434337230389223,0.01275333438971773,-0.0252395223991004,-0.01948025873410314
2023-02-02,0.014363349909237488,0.016749131103570958,-0.0373415848609309,-0.0337936448286508
2023-02-03,-0.010822677967732286,-0.01280177750222714,0.012097641728643981,0.02066797345471074
2023-02-06,-0.006305080114929473,-0.009075537256312726,0.018091957796292902,0.02020498843912961
2023-02-07,0.012885058982945452,4.000560928406685e-06,-0.006907041002313607,-0.016158915524121076
2023-02-08,-0.011128586921920536,-0.0036824153770077424,0.010144527248434452,0.020832832057027184
2023-02-09,-0.008862678536401214,-0.004819982668805422,0.010191270773832983,0.003430596348568715
2023-02-10,0.0021400354273666267,-0.0012317012499147417,0.012809344875389284,0.012563718313367478
2023-02-13,0.011545304893722186,0.007501096039668731,-0.006099412367051827,-0.005594136866129661
2023-02-14,-0.0006537041755406703,-0.001671174309743117,-0.0034221420299100137,-0.00668789196226518
2023-02-15,0.003053582295377666,0.0036811229214878784,0.008740692013460338,-0.0059681834222719
2023-02-16,-0.013962356341425175,-0.004490457965341688,0.006088694562478993,0.01561880660755578
2023-02-17,-0.0026919255778695694,-0.0008371874031510742,0.0041904135098331345,0.02298793611051063
2023-02-21,-0.02025442030370106,-0.00845022009375749,0.018594945264294983,0.0270064852398485
2023-02-22,-0.001571707407905465,0.0028505120997627366,-0.0004692793665337369,0.0031468619930028587
2023-02-23,0.005125677742335855,-0.0007628474960010073,-0.00437921021145371,-0.007400924283960575
2023-02-24,-0.01087584823053378,-0.004616560176268969,0.013902803696757293,0.0069777733261562995
2023-02-27,0.003212150076899567,-0.005212127721121307,0.007726324249147731,0.0047117316207102794
2023-02-28,-0.0038894936386781875,0.0004324669502389416,-0.007114458287076419,-0.008116725513930622
2023-03-01,-0.004029736911701165,0.002000128773243526,0.003236223795674442,-0.0030702051519179044
2023-03-02,0.007583644004645507,-0.001997992334320386,-0.0013577815664921663,-0.0017617499443078558
2023-03-03,0.015844204342427615,-0.0035789189920019445,0.0007751817766244,-0.006231583466972057
2023-03-06,0.0004991109714644892,-0.02271271292740932,0.011851258975711942,0.013098032241436498
2023-03-07,-0.015522264749449843,-0.0071026852643414455,0.013921256473391663,0.001835867143218796
2023-03-08,0.0014383516967162446,0.01781035941669519,-0.012355763058655668,-0.015358383828078458
2023-03-09,-0.018643345304982684,-0.00719756783723703,0.002339683694737492,0.008404989628927929
2023-03-10,-0.014623080483562312,-0.017210780227559418,-0.0014740084635772588,0.016677504421965486
2023-03-13,-0.0016190209320223747,0.0013328638667481573,-0.007600142983884317,0.021047521868141537
2023-03-14,0.01633634098884995,-0.0016546657945378344,0.006737760523200142,-0.005354206697922536
2023-03-15,-0.006447859543657675,-0.006808506990077602,-0.021365935139322126,0.008592907567125739
2023-03-16,0.017351568268369144,0.011505561219644089,-0.011255202146173815,-0.02441272666765676
2023-03-17,-0.011886392683614022,-0.004038116434061656,-0.006275855902545846,-0.003077031536803676
2023-03-20,0.009422139793732631,0.0027554364912996225,0.01079344802974763,0.009607619113438125
2023-03-21,0.012936709215277231,0.0021899741921599727,-0.001779847575870996,-0.005619329016495256
2023-03-22,-0.01723997719192294,-0.0034313775648184726,0.004514197980330049,0.005826349595889324
2023-03-23,0.0025096176644983093,0.0006697657476295915,-0.005057004622854977,-0.016986044041063932
2023-03-24,0.006368523557504169,-0.0005562023382806535,-0.007661433696239294,0.01124029954857233
2023-03-27,0.0016762092370870008,-0.002473774404527739,-0.0033869150137098908,0.004876326888095094
2023-03-28,-0.002438238307620577,0.012471517910735364,-0.009596154458136618,0.0016796268636177004
2023-03-29,0.014341257186196055,0.015517139704670935,-0.022024360977358548,-0.029973580270829726
2023-03-30,0.005661467734494607,0.00784529438756434,0.0011403322067952918,-0.009065419021118225
2023-03-31,0.013901087364793119,0.009113487483920268,-0.0008790509659477811,0.0007279758455788106
2023-04-03,0.0036170075155401715,-0.012001282392511213,0.01500423001161565,0.019549268791616482
2023-04-04,-0.005741971431680093,-0.012474164041676427,-0.004729498716742343,0.011473177064626227
2023-04-05,-0.002811768009644333,-0.022552398239467742,0.006495925014601079,0.02600453537586157
2023-04-06,0.00370722255154754,0.00032369772126600305,-0.007024520640239762,0.003563286362904017
2023-04-10,0.0008326506198912398,0.01829859605506473,-0.01036105010593381,-0.025121496733265747
2023-04-11,7.517384425193008e-05,0.004057287420356703,-0.0028452585639346826,0.00010176586561304606
2023-04-12,-0.004269775980091817,-0.0057558606527373215,0.009958411394426714,0.01579158321852192
2023-04-13,0.013089147184311312,-0.006745926935840319,-0.0034336530557586113,0.0023565716728780727
2023-04-14,-0.002636422482356404,-0.014654030289976161,0.0029250561066912597,0.0031422113492665443
2023-04-17,0.0033946205900929893,0.010020232396995232,-0.003650065669992475,-0.0018508435728648359
2023-04-18,0.00045863871750140284,0.0015428794494171782,0.010306494364780395,0.004317060889558177
2023-04-19,-0.0003625787808920755,-0.015969330987930873,-0.0005400682548157175,0.009054896012234493
2023-04-20,-0.005650791120127119,-0.0027963152204707464,0.010255565098261199,0.00551213697445202
2023-04-21,0.000583172816936095,-0.008957912406667878,0.005687206754286101,0.006473383962866253
2023-04-24,0.0008495309545484275,-0.0028434196054162976,0.009209140693722594,0.005422413516046587
2023-04-25,-0.016067311732252842,-0.014418084802124776,0.0001722775630650271,0.020311938675541152
2023-04-26,-0.0044291616140833545,0.009957095574448493,-0.007830272711119713,-0.01007068100199694
2023-04-27,0.0197143634194763,0.0279803751589202,-0.01799527538094342,-0.023325017286186363
2023-04-28,0.008341612187509284,0.004427157842651673,-0.016534293731392646,-0.016448610014905152
2023-05-01,-0.0012033574896381793,-0.0037924874776045225,0.010311470752037366,0.01653452378506407
2023-05-02,-0.011432984237200294,0.00915793811314345,0.0015674306532193934,0.001323976074461752
2023-05-03,-0.007057685079086218,0.004882391280594833,-0.0030555037150969185,0.0029063802587086397
2023-05-04,-0.007276481488483588,-0.00502286618544422,-0.006354039188878646,0.0014173205278456558
2023-05-05,0.01831874039947956,0.0050634069684696095,-0.0008453118675522363,-0.007720826117830893
2023-05-08,7.320650019670971e-05,0.003030545418268071,0.004561322166188342,-0.001064460384707655
2023-05-09,-0.00457920518506727,-0.0015985878231598474,0.006514670148588842,0.0031461106717671217
2023-05-10,0.004478816193875579,0.00033752046864980994,0.0011416284950463316,0.005222498198815639
2023-05-11,-0.0019375047861773798,0.0008091971541251079,0.009129654033793778,0.003900453043880492
2023-05-12,-0.0015038981709910582,0.005838238351398206,0.002292402827264817,0.0072959500365101905
2023-05-15,0.0032563600034909435,0.02465392679994903,-0.01566242473625191,-0.03574264451931162
2023-05-16,-0.006876276750391264,0.006234353267639147,0.007785001606141562,0.0045702910911510465
2023-05-17,0.011945228762002769,0.002004486738676415,0.0030573810077558425,-0.011338153343489065
2023-05-18,0.009439642325311137,0.010813345941224583,-0.006470157822315491,-0.022915206883045294
2023-05-19,-0.001648633045688408,-0.006502137917588181,0.006819106649000206,0.00322427208625895
2023-05-22,0.0002124042977629248,0.006993108447946106,-0.0052522165141996036,-0.005667475059656479
2023-05-23,-0.011416323392544725,-0.0037934329939751993,-0.0052946879854979595,-0.006342078448433431
2023-05-24,-0.007438551241780944,-0.0069400901464374155,0.008963158844869146,0.0072895074021853135
2023-05-25,0.008466238385788305,0.0044987914371980246,0.02944494548256258,-0.01780075221326373
2023-05-26,0.01275703296805486,0.01142599246675271,-0.004763448163865345,-0.03523826115644295
2023-05-30,0.0001873574885113971,-0.0006731444206651725,-0.011752729392947359,-0.013463010944370569
2023-05-31,-0.005738742456422585,-0.01611566106040656,-0.005466578300433278,0.010678599995459559
2023-06-01,0.009307332121922585,0.007991781402252618,-0.004869724546743458,-0.008522421914297905
2023-06-02,0.014267432860809892,0.006760997423867585,-0.003123334331916836,0.001578583809593359
2023-06-05,-0.002109691747986364,-0.009333221746589949,0.010940255700574785,0.014399438589265156
2023-06-06,0.00198383120884027,0.01184261831556873,-0.01815818829351763,-0.014663319722281555
2023-06-07,-0.0036514292428986295,0.016658736174612467,-0.0074762675617787485,-0.005286672793794589
2023-06-08,0.005854921898789112,-0.0076186638268792685,0.011235374902273852,0.002819552042926321
2023-06-09,0.0016005568775685486,-0.009664071111783534,0.0024646544574310593,0.002572169161582516
2023-06-12,0.008878241719557867,0.008007881033104125,-0.0021933044489173444,-0.02098717722554677
2023-06-13,0.006399329399922049,0.008166551860991111,-0.0009173560726066683,-0.016588280616562413
2023-06-14,0.0009970858812391459,-0.000872449986598056,-0.0035180109967645422,-0.0051144552781058564
2023-06-15,0.012204241160153506,-0.00022405948544459466,-0.0008436261341983834,0.00938416500987841
2023-06-16,-0.0035998837256999705,-0.001146353108376008,-0.003976858790607418,0.008894160962698794
2023-06-20,-0.005381923264998312,-0.002948778221227733,0.011283164902221421,0.01548750071659839
2023-06-21,-0.005317468114910628,-0.006796834758320624,0.014415329774815133,0.02490232448775731
2023-06-22,0.003416225649810256,-0.0010498799252903533,-0.0004210143302108226,0.00232986205078074
2023-06-23,-0.007753483972745001,-0.005412813114235693,0.0009649403918039817,0.0021870860801965204
2023-06-26,-0.004279444818396039,0.009039410741127074,-0.008468979298060985,-0.015251839459987126
2023-06-27,0.01076960386602499,0.008419075238593943,0.010912978557727162,-0.022608468179984475
2023-06-28,0.00031104308025375893,-0.0018855614189708825,0.003889439630066627,0.001650905566178351
2023-06-29,0.003747428904057326,-0.00434237883455727,0.0007194564722629469,0.0024779185049417897
2023-06-30,0.01160721194803016,-0.0008796177148959316,0.0032976754503573295,0.005426093292729183
2023-07-03,0.0009568116551352812,0.00813038235890422,-0.007573117566536791,-0.00946835483851437
2023-07-05,-0.0016807985695259653,-0.015062710937058233,0.002841938487251394,0.020687876142485573
2023-07-06,-0.008024275325399732,0.003988219227005551,-0.0007863501274826372,0.005429777232146937
2023-07-07,-0.0027184385485795604,0.011801127890705289,0.0016436761604538665,-0.01821207596640504
2023-07-10,0.0023375683266617653,-0.0017399314585746948,0.009640402520530134,-0.0038613166603756474
2023-07-11,0.006174839876801341,-0.0005916484851813944,-0.005651101459847142,-0.0022314045934153093
2023-07-12,0.00785233959253051,0.008967993014920128,-0.006007799858305629,-0.012409613225413485
2023-07-13,0.0077433041225147825,0.010863631963910214,-0.002001396469832684,-0.011041555966546213
2023-07-14,-0.0008164461334594364,-0.002905361361745051,0.0004355872880027808,0.011987315115636332
2023-07-17,0.003278585350540597,-0.0020085034651578628,0.01781275641564628,-0.004664744664025977
2023-07-18,0.007236875460506331,-0.001852681700415837,0.007392727221856733,0.0002956550687857717
2023-07-19,0.002030155064871364,-0.0015592680261001133,-0.023541592562285107,0.0038277110788632273
2023-07-20,-0.006828055109718623,-0.023779741129129794,-0.005819610993434476,0.035397973899759225
2023-07-21,-0.00019363050654397362,-0.0024646586778445225,-0.01171798925930968,-0.0059060286422443434
2023-07-24,0.004273710373422057,-0.009191447616069904,-0.002872772436760096,0.0030601174775555795
2023-07-25,0.00253629604564809,0.008479921299091198,0.0028549953995739346,-0.020842415435475256
2023-07-26,-3.998898691603969e-05,-0.0011182748185451733,-0.0010089958018279946,0.011809190745312203
2023-07-27,-0.006823540603552725,0.011788636863828295,0.012792868189058771,-0.02689307168708981
2023-07-28,0.009596704413217916,0.005631837443278231,0.003525420393932166,-0.027700878661066484
2023-07-31,0.0017103033009229218,0.0003762304634811753,0.003851808807626622,-0.009244612255581753
2023-08-01,-0.003055140785291788,-0.003230397879209157,0.003068944959337927,0.004478224655054919
2023-08-02,-0.014104294673636497,-0.001418706637852707,-0.008687453736099728,0.018446885431942214
2023-08-03,-0.003059711538516141,0.00010104432175983558,0.01579626151320186,0.004514101900852729
2023-08-04,-0.0047162350248152185,-0.0006579287397713409,0.0047490530886686085,-0.0010620834689244242
2023-08-07,0.00853478975474009,0.0014581384276511448,0.016844790080260998,0.008547020888730505
2023-08-08,-0.004542216560692536,0.003998529579277388,-0.0029227166412906565,0.006641047589670058
2023-08-09,-0.0068789421905745,-0.0047991371600065395,-0.012055700814835212,0.008154678789851632
2023-08-10,0.00016545842663062693,-0.007315964283131593,0.006796849112668779,0.003337019160646415
2023-08-11,-0.000776789604905681,-0.010839335674458005,-0.007184285181248295,0.013227794866488906
2023-08-14,0.005326334675410882,0.0007129370135240398,0.006456734092727678,-0.017165229805111537
2023-08-15,-0.011842462615463512,-0.00702608025029372,0.0070624030339594066,0.01102586569234504
2023-08-16,-0.007531859950468123,-0.0029819233133644768,-0.0021072930938145096,0.008465841080785186
2023-08-17,-0.007813432134043174,-0.008156487276133684,-0.010790904256566347,0.0024489496897655227
2023-08-18,0.0002875979183150079,-0.0009109243132687792,0.00935792475055679,-2.4772957791829517e-05
2023-08-21,0.006312673362048882,0.0020697889961356353,0.006783094435585846,-0.012200251028008124
2023-08-22,-0.002902189396898569,0.00631533826211309,-0.010298306964051785,0.005011415361565608
2023-08-23,0.010944036154676207,-0.0023272808251079144,0.0047951641030194786,-0.00652083767280185
2023-08-24,-0.014052775059440803,-0.0010004470785861756,-0.009007803667370163,0.016655687320494585
2023-08-25,0.0068563137220913895,-0.0024741742277731623,0.0031059594706196684,-0.006262599385288937
2023-08-28,0.006147745421628326,0.017501889003622352,-0.002522620735890789,-0.011091629784909185
2023-08-29,0.014261128891779107,0.006760959964878199,0.004477194119700812,-0.015424721714462342
2023-08-30,0.003925169386794103,0.0013831416733481533,-0.003690380765592305,-0.004184397296596354
2023-08-31,-0.001656920943427509,0.0015733282991529872,-0.0077558694865608735,-0.0161926177150836
2023-09-01,0.0016714683216778603,-0.013350928443153253,0.024741616338418395,0.005049741907820949
2023-09-05,-0.004515544772160762,-0.006527669462334817,-0.0056374707783403135,-0.009870655879657964
2023-09-06,-0.006915932415639592,-0.0015997635325140426,0.009269503800931334,-0.005967869824802907
2023-09-07,-0.0032640033150139747,-0.019448380956927837,-0.004639795681295633,0.025388957143410495
2023-09-08,0.0013125668919045097,-0.0030250467724278972,-0.005754760389503266,-0.0026859029577045003
2023-09-11,0.006382944327733453,-0.0013434180236150505,-0.0037835267341999597,-0.0015548532438914293
2023-09-12,-0.0056792714916141795,-0.006370504747101447,-0.012732193906642895,-0.0022737094641932408
2023-09-13,0.0009724786039941868,-0.0011404141656424338,-0.0029409094732961156,0.0018632348583737298
2023-09-14,0.008428562417576613,0.0020095670187508237,-0.0028360327958325115,-7.438321093414767e-05
2023-09-15,-0.012241878360876424,0.0007126818575657994,-0.020162690360820235,0.011950494433912839
2023-09-18,0.000392730227335214,-0.006869684047668656,0.008875198405925423,0.003495089197309476
2023-09-19,-0.0022675305664335843,-0.0009474697414658562,-0.005087092902965596,0.004596406786281204
2023-09-20,-0.009386752812703292,0.004784272931837063,-0.0063882942909921575,0.0064800163322753955
2023-09-21,-0.01672198994165519,0.002018074922715076,0.001895980778930573,0.003286651878270496
2023-09-22,-0.002442278215427307,0.004645965267464325,0.011294865802678633,-0.007367227299203782
2023-09-25,0.004011579271754995,0.0011081392039211657,0.002642857410502752,-0.0037625443031773067
2023-09-26,-0.014884883278206362,-0.0082764623575311,-0.0059345844734785096,0.0013313259669435196
2023-09-27,0.00020549851018736298,-0.006926507187190057,0.012804411973838182,-0.012673498408953288
2023-09-28,0.005603915262549997,0.026652984413459226,0.02036199273147361,-0.006273630673268683
2023-09-29,-0.0026204999422058117,0.012671504971748782,0.0031369943805169996,-0.015024475765625045
2023-10-02,-0.0005914871021320822,-0.009895993905560197,0.010944371140869113,-0.0017043735084584458
2023-10-03,-0.013579727167739253,-0.012323503097886079,-0.0019020741517152152,-0.003276574821360855
2023-10-04,0.007088356500015713,0.008501299736559631,0.011156088047870416,0.00033714557164905585
2023-10-05,-0.000570491732712175,-0.009336917489396702,0.0026500144194323565,-0.0038618468049990253
2023-10-06,0.011679296625930258,0.00464620859797683,0.0033106164427781134,0.0019266688293975483
2023-10-09,0.006208640774535645,-0.009470702029944478,-0.00041461479398525753,0.005717582798334153
2023-10-10,0.0050111355137432145,0.008701319165781084,-0.0016815274576161606,-0.000978150729690641
2023-10-11,0.00390262622378601,0.015932573876112133,0.02927330862233768,-0.01569725837215661
2023-10-12,-0.006290015872643551,-0.014542104160040658,0.0156523441776803,-0.0005874543848342406
2023-10-13,-0.005174578362796556,-0.01134380889689629,-0.025957257584314896,0.01420995407325013
2023-10-16,0.010327792480673503,0.0050135630066099664,-0.008381399376750188,0.000999675712161763
2023-10-17,-0.00023938203549200843,-0.0006451191822290036,-0.00403735943539364,-0.00034166190113572577
2023-10-18,-0.013518793825980868,-0.010681525139402025,-0.012034599207228392,0.0012425320691462184
2023-10-19,-0.00898008168451292,-0.016487713150740612,-0.0072501905834161835,0.01362674077474292
2023-10-20,-0.012481608988924364,-0.007542309015691261,-0.009702781675966953,0.010541253444113817
2023-10-23,-0.0019268600474543485,0.0014167597854156996,0.0005022398285994155,0.002101696953004316
2023-10-24,0.007345761627431502,0.005500964525936613,0.0008149883846609758,-0.006628226997138543
2023-10-25,-0.014545822562367472,-0.009066925524429382,-0.02377926503049075,0.015607865980755286
2023-10-26,-0.012168094035866606,-0.000845273644170674,-0.0011781603322209115,0.014591581857654834
2023-10-27,-0.004726597697162549,0.004307120336395298,0.012515168318155979,-0.01592531551874814
2023-10-30,0.011762166808837682,-0.005107351966869511,0.0010138041987306952,0.004829022922893856
2023-10-31,0.006086765273764172,-0.004693213751900172,-0.0034424048294402158,0.00031244560021198575
2023-11-01,0.010470986531195159,0.005263561137569784,0.0041310110598397065,-0.02474579274040335
2023-11-02,0.01897086013667959,-0.001965394403744769,-0.0014324771527801962,-0.005496693006931298
2023-11-03,0.008929602608989562,0.015841506950897033,-0.0019266682762229207,-0.013545583142056629
2023-11-06,0.0021068596982911636,-0.010031589761157278,0.015434798156536957,0.004712754388278928
2023-11-07,0.002652415523141105,-0.004739786451483807,0.012793538804165672,0.005351303932144724
2023-11-08,0.0005387812267527714,-0.00032990490832717195,0.013047519853206836,0.007968008449964759
2023-11-09,-0.007992315454846688,-0.001339497190779037,0.009879490944164139,-0.001125586854497828
2023-11-10,0.015411157339484838,0.007064077692148441,0.02095979562048389,-0.006830231435291765
2023-11-13,-0.001146883157039147,-0.0006662589958314146,-0.004066393240599142,0.0011387720681407477
2023-11-14,0.01920721356774724,0.025970719141515893,-0.004926963128736993,-0.01964758951103914
2023-11-15,0.0019233147135064854,0.004488923406337298,-0.0055905748516777215,-0.00394931856914783
2023-11-16,0.0010295317859982944,-0.0002347753336590097,0.012878140574879217,-0.004909106701263433
2023-11-17,0.001050262380410727,0.004289096701892093,-0.003923064852465919,-0.009416341203157574
2023-11-20,0.007503854576462743,-0.001006327865662693,0.008975672014065229,-0.0028820888084593824
2023-11-21,-0.0023729158855000376,-0.006679929320805411,-0.008014917546975564,0.009027556806700787
2023-11-22,0.0036672028847064553,0.0033067110278824367,-0.004869458601658994,-0.0028250676176502006
2023-11-24,0.00042162992225547313,-0.0008314104873414995,-0.0020782776454752907,0.00016608097654676737
2023-11-27,-0.0019945993566533593,0.0010573734094970972,0.0033500329283983723,-0.004164191639398207
2023-11-28,0.0007965121014954502,-0.0019387841933250383,-0.019571379960238767,-0.00887829901069238
2023-11-29,-0.0008970631998030942,-0.007630982923325192,-0.020463103094837877,-0.0006787061681208127
2023-11-30,0.0037438661432371845,0.001053607347665476,-0.0007886125976428572,0.00807845887491897
2023-12-01,0.005722301933544838,0.010057148495860323,-0.019428209072202652,-0.008741981352421112
2023-12-04,-0.005443113654190479,0.0030127544184925577,-0.03099390136249224,0.00272845778923817
2023-12-05,-0.00039068690828858443,-0.00604416353209547,0.006061050164572457,0.004950447727349938
2023-12-06,-0.004223402050277381,0.0076553829218282245,-0.01094963099502685,0.0015623164277652978
2023-12-07,0.0074367261924501715,0.007591495879791043,0.010418043369807183,-0.013819944590981126
2023-12-08,0.004105410475561788,-0.0012641718597265373,0.008631941785427245,-0.007086957969043184
2023-12-11,0.0036960381116331043,0.006058124660537522,0.01728859557518424,-0.01180463786153705
2023-12-12,0.004373581957214601,-0.004509992101021099,0.011058176633384842,0.014126852253119071
2023-12-13,0.01359650186857908,0.00969428217155186,-0.02137434421796619,-0.014370854908398544
2023-12-14,0.003015936148956788,0.02957225173600834,0.0025309734255223974,-0.046878220431352466
2023-12-15,-0.0018402927536671498,-0.007522672207975468,0.01062040393310374,0.0011070362625499658
2023-12-18,0.005431457244155169,-0.007067266695848561,-0.005548144572673552,0.006408738888406085
2023-12-19,0.005887182376953959,-0.002440902746652939,0.0012754200309117222,-0.007630777673721978
2023-12-20,-0.01405076163541652,-0.0069665044053385805,-0.017293705639654093,0.007662277315929323
2023-12-21,0.009288247618199463,0.011940334200307236,0.01989948273951305,-0.011851164104739964
2023-12-22,0.0018158997814636813,0.0026882648327584352,-0.0026088092106427265,-0.001504360576096742
2023-12-26,0.004028971185058738,2.758393476821712e-05,0.006597404728911783,-0.007781089411306696
2023-12-27,0.0016143383969724479,-0.002032663745650154,-0.00153618707245462,0.00205136647868861
2023-12-28,0.00018421374126731394,0.0034838280317769253,-0.003928920611007003,0.002644760138248958
2023-12-29,-0.0030886168170891626,-0.004104290046551562,-0.003646296813954109,0.009063590830048585
2024-01-02,-0.005789948220764729,-0.013980487839066635,-0.03191928539431749,0.021205442259241723
2024-01-03,-0.00836031114130753,-0.015530380321114479,-0.004151392728518267,0.014365610089963956
2024-01-04,-0.003414772874705929,-0.006302054973718629,-0.003496782762570472,0.009790269520738082
2024-01-05,0.0011761055062573522,0.001565871024236376,0.0015962094420773232,-0.006664220276150434
2024-01-08,0.01408228693850222,0.007436297851034336,0.018413615198234035,-0.00940812655716582
2024-01-09,-0.0017106260432609988,-0.0006046079487789678,-9.620930046583265e-05,0.010569115630322923
2024-01-10,0.0054617676899859635,0.00028014864310047525,0.0038743481863570016,0.002611670346606476
2024-01-11,-0.0006342375481293017,-0.00433984419297595,0.015347682214870517,0.0016349531752353874
2024-01-12,0.0004990194772567236,-0.007403713332479711,-0.011150594100395672,0.014951741255400918
2024-01-16,-0.00386487145655412,-0.004121956174299834,0.01712340640763611,-0.0006764040119919155
2024-01-17,-0.005752259368823953,-0.009936768702741537,-0.002584649967765428,0.01021845835257158
2024-01-18,0.008699046695657131,0.01182268245421686,0.020217959510222604,-0.008405761440346004
2024-01-19,0.012272651895685716,-0.0019511650414998465,0.021943934220068094,-0.011082405409324992
2024-01-22,0.0019206260169482015,0.009358540480143963,0.0042836186130380425,-0.008675582481268207
2024-01-23,0.0027229132285087054,0.0029674680526173944,-0.01994888406774972,0.004331907654685496
2024-01-24,0.0008995674742686699,-0.021365412745674217,0.024724000316181396,-0.011387609007369869
2024-01-25,0.00524534061046289,0.0022213694165533204,-0.013948777293588597,0.01211162683619017
2024-01-26,-0.0014640933848323323,-0.00030671547152147935,-0.037023358097126785,0.014127210975462878
2024-01-29,0.007725741795157948,-0.0006259757575341803,0.009493551369397458,0.0019262284801771614
2024-01-30,-0.0009671865619046427,-0.01374763583894526,-0.003896763396687741,0.01020917816135991
2024-01-31,-0.01651095614204845,-0.003630373313119028,-0.002678927922994123,-0.0011585239227872358
2024-02-01,0.012894680041996898,0.005163945788579793,0.014276598852912568,-0.00174198093795328
2024-02-02,0.01033360054462018,-0.006700040921993188,0.009455477336274342,-0.0004680929537667633
2024-02-05,-0.0038348266702636913,-0.008552352906962568,0.018292843829803618,0.0061786724887081925
2024-02-06,0.002709751306482877,0.008619105518152226,-0.026037604696623508,-0.0013529422875658498
2024-02-07,0.008146801633373002,-0.00046411571382142273,0.006256652531039276,-0.005863027899697804
2024-02-08,0.0002479306203231335,0.006138968286664415,0.006313672185174446,-0.015122191285610298
2024-02-09,0.005585895071436919,0.009998009251294803,0.026577104099764482,-0.0127836781662645
2024-02-12,-0.0006326486915190221,0.011499731916147159,-0.01564521137749967,-0.008257451948332306
2024-02-13,-0.01396668273060897,-0.014749742388042197,0.00217601223913224,0.020820233305336076
2024-02-14,0.00889410056655815,0.008197404331507764,0.019777236338255,-0.006604260404518948
2024-02-15,0.006706099711551561,-0.0013613851098258625,-0.023304303401741833,0.0023950927190240605
2024-02-16,-0.0051735414630808,0.004018347984845916,-0.0014884986123255063,-0.004993502507476089
2024-02-20,-0.005699074428511586,-0.0011082552274717882,-0.007753762369312223,0.00873539813271148
2024-02-21,0.0007121888942178689,-0.006299997679221858,-0.011168770665925188,0.006074135717101881
2024-02-22,0.020501921116435895,-0.0016515930691780702,0.035520095178885325,-0.003672842336127557
2024-02-23,0.0004959654529144153,-0.003870226696451739,-0.0015665683309490476,0.0009456555127463346
2024-02-26,-0.00385614755039676,-0.003566257541365192,0.02501709796934337,-0.009698368917984791
2024-02-27,0.0016640555444513705,0.005977896873557232,-0.005244416901561388,-0.0023079210576068543
2024-02-28,-0.0015152713505360849,-0.003059180836582098,-0.005846399573829708,0.004853830385629509
2024-02-29,0.0034012754452763527,0.01684558458469293,0.009215418484184723,-0.016735038193606
2024-03-01,0.009194700779090681,0.014060127823759226,0.05882903817256907,-0.0528585276529806
2024-03-04,-0.001266090751187554,0.018745146865182794,-0.01028571777273719,-0.009521507416854293
2024-03-05,-0.010187700021839774,0.0011894499125148063,-0.020916447919062744,0.012788414487539446
2024-03-06,0.00487362273202141,0.006712447403079701,0.016528685570473965,-0.010978526538425716
2024-03-07,0.00973282108073481,0.005221885094908118,0.012645331619393074,-0.014827957140385395
2024-03-08,-0.0061958393203644935,-0.008679861177321146,-0.02529884029737507,0.02412699037564996
2024-03-11,-0.001053493219718038,-0.0009434415745719908,-0.01702097557655955,0.011899494295708246
2024-03-12,0.010563657453669606,-0.007545523835970469,0.022375221769078538,0.003797270746485826
2024-03-13,-0.0017610384469540774,0.0019144229512791711,-0.026731269932260073,0.013787677655295195
2024-03-14,-0.0021705133160536683,-0.005496572022298385,-0.011055596285412793,0.005242077430892789
2024-03-15,-0.00706015483898681,-0.0025548717110779676,-0.03246614219678336,-0.002868102553767382
2024-03-18,0.005749463254953513,-0.006434215300113666,0.005140780686234104,-0.0060173008217646266
2024-03-19,0.0053635196776748995,-0.003273247487803754,0.005178539381688496,0.0009873631836932904
2024-03-20,0.009055590090360388,0.005723193736192555,0.006579575110643098,-0.010365360183089777
2024-03-21,0.0031111618126424823,0.01503724856580585,0.02977832759796665,-0.010852883610983143
2024-03-22,-0.0020893238029821015,0.005134895444721289,-0.0030456708620897554,-0.003699554425204776
2024-03-25,-0.0029564637578587405,0.0012696683330113978,-0.00047219289016822187,-0.01453059478245996
2024-03-26,-0.0020407830642569236,0.014065877033553975,-0.0004917494164576874,-0.007253423196932762
2024-03-27,0.00821035574169815,0.00310975015965086,-0.00893613047522501,0.0019664380531419605
2024-03-28,-0.00038490910121125044,-0.00015366481172315307,-0.005657418751856491,-0.0016648637802927245
2024-04-01,-0.0019332625774167722,0.009934937591860649,0.016107885218562212,-0.02568942616571409
2024-04-02,-0.006551705934578211,-0.0065170365503394055,-0.012023212064226662,0.00878764653527051
2024-04-03,0.0009048443018073726,0.011135818243860618,0.03554693150136464,-0.02006396259845118
2024-04-04,-0.012399901240245925,-0.0010576698808794863,-0.01058775597608339,0.00742020363597038
2024-04-05,0.010253227998820114,0.0025193663439236225,0.02004726112067562,-0.008455057940293487
2024-04-08,0.00036586509502267717,0.0042436800114293745,-0.0003742012543337392,0.004944206257636686
2024-04-09,0.0009632222160205206,-0.0011869174951681491,-0.012412346180863398,0.00400418775001532
2024-04-10,-0.010206915288935248,-0.009312500408328917,0.00720205486138995,0.0013438113217590815
2024-04-11,0.007353293854011733,0.004557216626676686,0.016407783630726192,-0.013571996499352913
2024-04-12,-0.013996719537397007,-0.006272607379542685,-0.014729914356122545,0.020339299817896127
2024-04-15,-0.012721675277563071,0.0013417536926134009,-0.007189219411507575,0.004077491169267322
2024-04-16,-0.002017542283812679,0.003023245253945761,0.01371554412844228,-0.005998999498600744
2024-04-17,-0.006111681917114198,-0.0072816409673583824,-0.021553414008594073,0.014009183904254962
2024-04-18,-0.0022515238866666065,-0.005582354657162225,-0.012715062462608662,0.012091538959723836
2024-04-19,-0.008921965738864612,-0.01847057965469974,-0.034138159975331185,0.0342580030956124
2024-04-22,0.009015503750527731,-0.0065694001106984205,0.009325467224254157,0.002753522330466795
2024-04-23,0.011673007076271835,0.006171855508972512,0.022197918077029886,-0.011047531950230772
2024-04-24,-0.0006682209220613133,0.011747925101056222,-0.006883240680257541,-0.0046628764246383295
2024-04-25,-0.003992590649490979,-0.004673221484961788,-0.01351708236071244,-0.011629216100141958
2024-04-26,0.0092802615439469,0.010707262305017663,0.014912482000976602,-0.0036034591663748005
2024-04-29,0.0033478584937083333,0.0036463003243637714,-0.0015093230950926628,0.0030046835311397287
2024-04-30,-0.016034796228170833,-0.0039526521731517265,-0.0027611504244348124,0.017469825022356878
2024-05-01,-0.003440905526407523,-0.002456437413047996,-0.026389236571077127,0.02240998125155229
2024-05-02,0.009159757693736337,-0.010161713655147385,0.010604869670200844,-0.02340125938844294
2024-05-03,0.012201827690139,0.008305077242633163,0.012618679396951993,-0.013477472175412475
2024-05-06,0.010133103738610538,0.0024949681870838018,0.019937832311199187,-0.01715009990897256
2024-05-07,0.0009099749950780556,-0.0009457187029453529,-0.008518968775483826,0.015991887855116037
2024-05-08,-9.720935544033082e-05,-0.0033519133085798234,0.010354179471175362,-0.0009984036687573526
2024-05-09,0.005568295839889048,-0.0033468461884108795,-0.007144123213433373,0.008130432730768666
2024-05-10,0.0010945985228756339,-0.00265384186957186,0.0061859970704005954,0.0033758543237184194
2024-05-13,-5.938321653697898e-05,-0.0001082392355605699,-0.013087943317528973,0.0019351637781288011
2024-05-14,0.004394652042279068,0.004506734825328584,0.013865337015971412,-0.015041915280108774
2024-05-15,0.012189315322836736,-0.009364391434432452,0.03555351218759807,-0.023751789191381732
2024-05-16,-0.002251151651448624,-0.00661983984347172,-0.017591305037574678,0.008576331397077553
2024-05-17,0.0012439128865184834,-0.006213946239441303,-0.003985835380310177,0.005579518476287637
2024-05-20,0.0009583050589396791,0.020876451349997115,0.008766715901100619,-0.015197738374974323
2024-05-21,0.002258954718131978,-0.004586728393006556,0.0066345897509241135,0.001934553421517682
2024-05-22,-0.0030727912784237477,-0.0014084794985689264,-0.003098291793598995,0.006450393157229739
2024-05-23,-0.007497909983105067,0.0018291554509906266,0.02468823742394962,-0.006096503473454539
2024-05-24,0.006422763893391581,0.006835462880809451,0.01861622325130182,-0.012310310774214638
2024-05-28,0.0005052394268119098,0.0009167577093852188,0.018678042588315125,-0.02485133041541554
2024-05-29,-0.007196260293411472,-0.004774089102536017,0.009988206740273675,0.0014245659845729224
2024-05-30,-0.006827149732270166,0.0031989304091468054,-0.0231369833106577,0.02139441034643489
2024-05-31,0.008914522081323595,-0.00421722693184493,-0.030201463244122304,0.035060043608791114
2024-06-03,0.000621609816414237,-0.006182842723520954,-0.012467151445954316,0.006531716407485633
2024-06-04,0.0009241405449196272,-0.01133645535656289,-0.003316069361417273,0.014058397943389866
2024-06-05,0.011691550781943949,0.009587067302855433,0.025405417801708005,-0.017147550738074835
2024-06-06,-0.00021227075329866008,-0.01129928972321037,-0.0176150586416417,0.01150969598491144
2024-06-07,-0.0014092551698555722,-0.006717762041498442,-0.0052647361318179705,0.006320039870201244
2024-06-10,0.0028961403482647974,0.010842775333148223,0.014647222729416908,-0.016813146017996317
2024-06-11,0.0022145911481430414,0.006533448535996167,-0.00453451582072949,-0.00016776338639988867
2024-06-12,0.008019362143145692,0.020077518070733248,0.019043674304710323,-0.02391687527282932
2024-06-13,0.0018197635601437945,-0.004598472892772831,0.008233182700266906,0.0015053061552795844
2024-06-14,0.00041475523289435934,-0.01942313194458646,-0.030397825957180172,-0.0020657999411971993
2024-06-17,0.007765545012440533,0.011182509323607925,0.02250039559891003,-0.01593017396373537
2024-06-18,0.0023469747819249154,-0.004314793675262685,0.02272994599240694,-0.009359199627138015
2024-06-20,-0.0029100746503041286,-0.02815087014565624,-0.03935339633313441,0.020881880254641595
2024-06-21,-0.0015344673005448506,0.0017497329732237942,-0.01979682323884694,0.003648628423787792
2024-06-24,-0.0034441409231974474,-0.0024116601894670795,-0.015960261947761102,0.024837984893829445
2024-06-25,0.003657123256920247,-0.0046072866449122125,0.018567033670855645,-0.006869552930981915
2024-06-26,0.0010545258997014528,-0.0025041590711781924,-0.005728566510018718,0.0011642441772842576
2024-06-27,0.0013829456830896092,0.004479666898596014,-0.0132343604256855,-8.811139193656316e-05
2024-06-28,-0.004128809603392236,0.0035247147814672086,0.004244684853533876,-0.018420411534642123
2024-07-01,0.0018643932258242124,-0.011835520602343719,0.01503838900832961,-0.0041398565557202675
2024-07-02,0.0065359172227534845,-0.0026538178656452024,0.012376471046139058,0.0020551757734873282
2024-07-03,0.0042691183323322335,-3.257867682471445e-06,0.011916930863910925,-0.01236383954522916
2024-07-05,0.005572853842565451,-0.0032688762982492794,-0.013176444095683991,0.008199807060288777
2024-07-08,0.0009602410801539119,0.00895273929755841,0.012475147496130913,-0.012551095242926169
2024-07-09,0.0007787667779448615,0.00016220904505821494,0.00821282333296558,2.6545267393596195e-05
2024-07-10,0.009701652248901294,0.014140273613848875,0.000210575563873161,-0.01427954190251789
2024-07-11,-0.008815974446604424,0.007298014493959992,-0.04281469098604614,0.016585782576827978
2024-07-12,0.006113770553870079,0.004701255146908445,-0.0028515839586018,-0.004159948057086527
2024-07-15,0.002556545835445956,-0.007448226225401289,0.0034662822839691357,0.0015910578024217136
2024-07-16,0.005736595621366636,0.013885289736280348,-0.015280001102935623,-0.0006884587343697467
2024-07-17,-0.014214866161880058,-0.03326716525455564,-0.0618764603034542,0.05079741789279782
2024-07-18,-0.007878384726450194,-0.003677324191883358,0.003636181738231048,-0.003583117227870268
2024-07-19,-0.006834496893094566,-0.009793405516534504,-0.0017202915104572725,0.008870886021772483
2024-07-22,0.010116452720937419,0.013274108021048836,0.019875738361486293,-0.024961858152663097
2024-07-23,-0.0017622500942713337,8.07897128573664e-05,0.005891552859729188,0.008420549597234749
2024-07-24,-0.02285605210606656,-0.0066647483345954155,-0.046804869190952045,0.034074199463077874
2024-07-25,-0.00540405440197389,-0.003738407317276404,-0.02494237703842449,0.024529122291615933
2024-07-26,0.011006038810138286,-0.00034076640456463976,0.022033798361820924,-0.00666019106225265
2024-07-29,0.00039417146639109113,-0.0022210512784113126,-0.005476943744211172,0.01515391249432635
2024-07-30,-0.005260071488309981,-0.0022826082719781815,-0.025885578087949668,0.021968795664299934
2024-07-31,0.01606098474709916,0.014172484221993287,0.02066826074593823,-0.03912532448723349
2024-08-01,-0.014354613798761573,-0.02776883256789013,-0.026384225661627615,0.05767687889459013
2024-08-02,-0.018812001930920585,-0.0383561508913961,0.0018544560107228714,0.05006210414882247
2024-08-05,-0.029317440568565556,0.008524071863184348,0.011532010864988309,-0.0060346711820086565
2024-08-06,0.009026159003318046,0.007521593008254701,0.007087184482761744,0.008907503408209038
2024-08-07,-0.006877913401487912,-0.012662527164579607,-0.003031567649530432,0.026889524353366747
2024-08-08,0.022923974333042052,0.008018281482295954,0.0015575845973381658,-0.03816108008849655
2024-08-09,0.004215826100046449,-0.004876533950520468,0.011349085394196868,0.003113883634259707
2024-08-12,0.0003318918507222435,0.001800308945814733,0.011863392849392751,-0.01035405179211455
2024-08-13,0.016251863675500466,0.013539607068179083,0.006785122502557984,-0.031711953963769524
2024-08-14,0.0029610345316111175,-0.0026716849938561047,0.011563008052768754,0.004490403184156833
2024-08-15,0.016946766337037067,0.013941627176916327,0.0027653261463968376,-0.03450673232109479
2024-08-16,0.0020485890829857745,-0.0019021881758039647,-0.006004153596656813,0.0033845863110912085
2024-08-19,0.009367573088085335,0.0034190153747833286,-0.002673982110114748,-0.008419118918685752
2024-08-20,-0.0018198027126539174,-0.0020106956698658918,-0.00064812426836529,0.01351501262002378
2024-08-21,0.0032430530909886013,0.011505586189618989,-0.005587747979412628,-0.008768664526533874
2024-08-22,-0.008042143933037593,-0.009922830773123826,-0.006593573059545133,0.02929472845466964
2024-08-23,0.010431755416445698,0.00881689840446609,-0.0015726812201566683,-0.010813087505953112
2024-08-26,-0.0025776606500925725,-0.00816308027824123,-0.007279940807163466,0.020675693066598534
2024-08-27,0.0011796633073613005,-0.002781119874664617,0.007009216580521604,0.002410058418768024
2024-08-28,-0.0059989269369269405,0.000590033981726168,-0.001695649105922647,0.011542330477328423
2024-08-29,-0.00010421339642885386,-0.0056845392331490874,-0.005528641061208395,-0.0013276679504441338
2024-08-30,0.009352443107259356,0.008585902169357885,0.0027499967597907835,-0.022563198358848714
2024-09-03,-0.020772770467861967,-0.022184632110572144,-0.015476226365342051,0.05928969924159976
2024-09-04,-0.0022401223003756243,0.005949773508250378,0.0023869005320292565,0.0036913577692905264
2024-09-05,-0.0026260376222505544,-0.0013206942751627484,3.5170281886820476e-06,0.0006764886995068494
2024-09-06,-0.017023836388044278,-0.007283717468000526,-0.003658874102653021,0.022840594394916904
2024-09-09,0.011002624296447161,-0.0024231539382923665,0.005242108589972995,-0.005525478545922833
2024-09-10,0.004162056654218427,0.0049587064372605735,0.0017177378091636115,0.0013499087722217864
2024-09-11,0.010065447941080219,0.008311144313193186,0.0003080015136945448,-0.03732731472632458
2024-09-12,0.00822960483894919,-0.004255306827522221,-0.000807280081163409,0.010982831039214968
2024-09-13,0.005029264494447183,0.022535785471471094,0.0060886134086665985,-0.019661720104493106
2024-09-16,0.0012830738513069928,-0.0084141728989907,-0.002005154553553978,0.0108957198712183
2024-09-17,0.00021488105383360434,0.0046769518016657515,-0.004975764274814908,-0.01657759716318815
2024-09-18,-0.003159345193628149,0.005082710263067326,0.003909149604361839,0.0029927968064307198
2024-09-19,0.01687086151851136,0.014466722929502584,-0.0003114648191614097,-0.027281004845716085
2024-09-20,-0.001922561485540153,-0.003138994950949847,-0.00406449854218568,0.003012572633221333
2024-09-23,0.002305384323888937,-0.003681323807090431,-0.013073201554898594,-0.0032109210629343906
2024-09-24,0.002667638303472053,0.019983526739990033,-0.0060938154184471795,-0.009034922931864788
2024-09-25,-0.002398986708041173,0.004069772028833475,0.007947068421988723,-0.009905296479537296
2024-09-26,0.0037709507319674263,0.04368194850965816,0.00277160055656628,-0.043070211205047344
2024-09-27,-0.0016440296003003008,-0.014803449659343559,-0.020844015113362035,0.02167434011206564
2024-09-30,0.0038137857095073002,-0.013648879753841946,0.001514168155099427,0.017581646397009175
2024-10-01,-0.00915212650318109,-0.008845831916922587,-0.006941480270936163,0.02737688509533429
2024-10-02,0.0002284432151549165,-0.0026379122392567126,0.004559881637358154,-0.007598212563756523
2024-10-03,-0.0020218084932924762,-0.0018327021313709448,0.004196712770795585,-0.006342095423179972
2024-10-04,0.008893794160745871,0.0017794343431685178,0.006478773542072436,-0.01146622575635734
2024-10-07,-0.009234222396688807,0.003990558689633839,0.00032904647236967673,-0.0012036021074265275
2024-10-08,0.00926414131512554,-0.005802104656342277,-0.0013460907490024598,0.001754483362954794
2024-10-09,0.006732743017723308,-0.0013777697529282814,0.009422752756706787,-0.0013373216953721729
2024-10-10,-0.0019436672017321133,-0.0032137037695452505,-0.002270033041604913,-0.004022742583221295
2024-10-11,0.005794603203988835,-0.0010267961385645227,0.007336407903902886,-0.0027716121702400006
2024-10-14,0.007984716503760092,0.0029656930718933603,0.005379815221330786,-0.011295349033260526
2024-10-15,-0.007963552631431337,-0.01728120794252158,-0.014461159162357616,0.042698006675217545
2024-10-16,0.004152999308276728,-0.009618263914992453,0.0009101791404867001,0.00840053262091911
2024-10-17,-0.00010773307791511755,-0.003652154961844545,0.0005091052506482003,-0.008057598899686446
2024-10-18,0.0036527035285278675,-0.0002376877378237552,-0.0073359892230517535,0.0037091203162171738
2024-10-21,-0.0018356975995450497,-0.0038123285019202816,-0.002210354273528581,-0.0008721461491201787
2024-10-22,-0.0007247034499890948,-0.006008286661361939,-0.012817676558645118,-0.0075556801969189225
2024-10-23,-0.00933110209543575,-0.007950516544805053,0.0049977745530564105,0.011956631448770749
2024-10-24,0.00196917185767731,-0.0074979224459217455,-0.009977197977738751,-0.025133812161067026
2024-10-25,-0.0005391428358390016,0.004234329843119799,0.006249077707979244,-0.023381078977111114
2024-10-28,0.002897799687084035,0.00021292720721791678,0.01281250730278275,0.0022045617141063455
2024-10-29,0.0014247491212833197,0.003336712863007551,-0.004020552652914555,-0.012927613872735189
2024-10-30,-0.0032188396908456873,-0.003993948775300171,0.008133015130646504,0.012912659508026149
2024-10-31,-0.019796609373215035,0.006873668301513326,0.001195072454111025,0.02621286444524824
2024-11-01,0.004026738293748666,-0.0022667937896391098,-0.011176645085709478,-0.011113146179099698
2024-11-04,-0.002347523111665417,-0.002091654910562679,-0.005671969153127954,-0.002780647918304291
2024-11-05,0.01189818305997803,0.009406340041505678,0.019331827792687453,-0.013976534252606612
2024-11-06,0.024671962633391997,-0.01559407802737063,0.056250670625266064,-0.027916112757794407
2024-11-07,0.007538430657330064,0.009602161952272236,-0.02494663748659011,-0.0021724146034335706
2024-11-08,0.004137976556384038,-0.006072097586084779,0.0019807612623192524,0.01570687304980791
2024-11-11,0.0007594635817422812,-0.00900191620324926,0.02520785774711265,0.009324581749057814
2024-11-12,-0.0033000702546581717,-0.010958346599608159,0.0016800864779851332,0.012444685512963526
2024-11-13,0.0002920337875611523,-0.009317133400020727,-0.0020675101614516357,0.007588864620808389
2024-11-14,-0.006623733334159998,-0.004646277372941032,0.0011388350275224222,-0.007074985820499013
2024-11-15,-0.013002271331624904,-0.010365205927919376,0.009137710970259926,0.01748762789777163
2024-11-18,0.003903885961629161,0.002670876762957664,-0.007578642199156471,-0.005704486985040603
2024-11-19,0.0034618436974007682,0.0034918978517637254,-0.00033726185342651885,-0.0009847421664290973
2024-11-20,0.0001450916751053466,0.0014889545908153723,-0.003744122821676921,0.005486269890532724
2024-11-21,0.005174616739791249,0.005671975636173766,-0.0007292640017341635,-0.011390070529472319
2024-11-22,0.0029057639469038943,0.0006524959581684642,0.009689889556944964,-0.0034723951075789627
2024-11-25,0.003198474914611671,0.01184234466828733,-0.010543074579370714,-0.005858069833806878
2024-11-26,0.0050278549643227866,-0.00798999651149591,0.0021724274629188467,0.028651057531375854
2024-11-27,-0.003223718903739292,-0.004916479946179475,-0.014492472756547104,0.020349569847289806
2024-11-29,0.006018523896729411,0.010628220276317612,0.001682807111317985,-0.010256825770672563
2024-12-02,0.001598696868491345,0.009089907532645247,-0.005894166196064787,-0.0008383734839158331
2024-12-03,0.00027010858439124874,-0.001875540461705117,0.005547431906482159,0.003668018461538613
2024-12-04,0.0060159838958337986,0.013143442128504134,-0.0028222411855299057,-0.0025683789777265374
2024-12-05,-0.0018391651448790292,-0.012801840801463394,0.004101960030022012,0.02272089321728068
2024-12-06,0.0017019612210698032,-0.003168489509845873,0.0013270190197867794,-0.008136769859553316
2024-12-09,-0.0053433035766028425,0.013460875980067621,-0.020489870099772312,-0.004201155145144264
2024-12-10,-0.003302724560296011,-0.01494135108195259,-0.0006653469426613594,0.03133631204874795
2024-12-11,0.007537006501954879,-0.0030222723753156153,0.008416317518937688,-0.014127790154463981
2024-12-12,-0.0053462706783519165,-0.004975383621683282,0.0024198252204208678,0.00039108775060260354
2024-12-13,-0.00039193947934468287,-0.0028630128555129255,0.0006864208591068842,0.00010850276600654673
2024-12-16,0.004076218860081582,0.0012379452120205529,0.005509766344876266,-0.009039766922072156
2024-12-17,-0.004313826870029569,-0.0014036276059416044,-0.007305565913544454,0.0087976174534794
2024-12-18,-0.02999688857608429,-0.0016130672168807696,-0.008039954240256896,0.02369291893103406
2024-12-19,-0.0005008894676261644,-0.018937097159557506,0.010100187742494039,0.02699845958890168
2024-12-20,0.01181738320277792,0.006992302441855314,0.0061245465687552285,-0.012615635511814792
2024-12-23,0.005794683339364282,-0.003417513192695498,0.0011293625475613635,-0.012109932689160885
2024-12-24,0.010921362776440402,-0.0016191061880283745,0.004591554914327499,0.003035448413373388
2024-12-26,-0.00012703871176822368,-0.0034698532063704656,0.0013721067424839251,0.000936089890291758
2024-12-27,-0.010720214710184472,-0.0028190869689647567,-0.005166892033044157,0.0030746889547114903
2024-12-30,-0.011605216874072455,-0.005086379856814394,0.0029012258421947327,0.007376416475669712
2024-12-31,-0.0038315553506260702,-0.001990441659560316,-0.007568716275994136,0.0051112888521889326
2025-01-02,-0.002650754503123909,0.0004168543996656781,0.00043140536224438585,-0.01776724752410398
2025-01-03,0.012309774054001021,0.004551240594934558,0.017020206564633676,-0.01632596271820723
2025-01-06,0.005566880002549235,0.015608495571578264,0.011943222412066412,-0.037987109673128926
2025-01-07,-0.011497572845979409,-0.007628799405885689,-0.007851923190688392,0.010413256897277245
2025-01-08,0.001267275544182489,-0.0018714063071809451,0.004432220573819389,0.007776152326346774
2025-01-10,-0.015460849489911,-0.007702556011916285,-0.006470640143244343,0.0055704862262519125
2025-01-13,0.0013567401782423882,-0.003149509498386326,-0.008177392732130806,0.013448843320622116
2025-01-14,0.0011823197704612376,0.00673889290219274,0.009158692466638507,-0.009610624152075298
2025-01-15,0.017996291705429712,-0.0008774682553154833,0.01599606279130338,-0.016715771958248193
2025-01-16,-0.0021167324029823797,0.00959794483602515,-0.005673768944859336,0.006071643797983884
2025-01-17,0.009846270763860243,0.0005546229814165637,0.0010036017603999529,-0.015484688649436062
2025-01-21,0.008959849937372422,0.015962133437108072,0.010617517701363464,-0.014231517389840444
2025-01-22,0.0054279078254440005,0.0020456203755688795,0.007256625778438642,-0.007826700818071108
2025-01-23,0.005264428032613067,-0.0019646275653496525,0.0049609206396855395,0.017418033972487246
2025-01-24,-0.0031128954663133257,-0.00412862533170092,0.0025700479677448597,0.013287980374083474
2025-01-27,-0.014338986728948622,-0.024477873114446082,-0.013967515980823342,0.047596736673277386
2025-01-28,0.00839878838604724,-0.0017819775458037257,0.006554515031142839,0.011068275991107235
2025-01-29,-0.0046766998979473895,-0.007214441650904013,-0.001887848710306106,-0.0013903433682454502
2025-01-30,0.005173555469493163,0.003665465446707549,-0.006268984440872838,-0.002354022610553539
2025-01-31,-0.005515541588519857,-0.009949326442745843,0.019251602945394762,0.006790311221860577
2025-02-03,-0.0069232863697330504,-0.02092840107347881,0.005390872912544631,0.023960888379544253
2025-02-04,0.0065147392791122805,-0.008118901878620365,0.006321066732973191,-0.004218383994678877
2025-02-05,0.0038608957169654623,-0.004007221193356347,0.008948251861206458,-0.0018071573855775952
2025-02-06,0.0032818959390816804,0.01741378170901222,0.001479939940683561,-0.004303714612576814
2025-02-07,-0.009347144457615308,-0.0018465275820798046,-0.0011640370872636916,0.007169924084498102
2025-02-10,0.006597697813911063,-0.00016886915089349072,-0.01226416270479258,-0.02214006991578811
2025-02-11,0.0005670132458366339,0.005122708888824979,-0.009210151001099932,0.004559152762076113
2025-02-12,-0.0034153200367145198,0.000545821007704483,-0.01092659368856832,-0.0032249229238831886
2025-02-13,0.01036397377230558,-0.003003856239084635,-0.0030533187952325857,-0.004272965306420974
2025-02-14,-0.00024280747449578755,-0.0032778423708870186,0.02101966448831557,-0.006335355535132269
2025-02-18,0.002742165040797051,0.009571158978314264,-0.01847546710329341,-0.033318673538371764
2025-02-19,0.002161288330684963,-0.0018139543981781968,0.012644995439779483,0.017144131139304852
2025-02-20,-0.004353976622708533,0.015652578352817248,-0.019327336883966262,-0.008399114761778992
2025-02-21,-0.01729773835040016,-0.016658921875508124,-0.007142749190484432,0.025898726285896678
2025-02-24,-0.004743933896320329,-0.012752083652150303,0.002966525368666473,0.01840154923768511
2025-02-25,-0.005167020830886049,0.0023358390741296756,-0.0016022046577497282,0.016651133501210235
2025-02-26,0.00031137604736297675,0.004580124574422384,0.0046640809075139894,-0.01911015718351593
2025-02-27,-0.016155540029862747,-0.021970211227268034,0.015467969987776064,0.03739187093978941
2025-02-28,0.015411858387909927,-0.0072671519270072205,0.011760937441473406,0.005017157693879592
2025-03-03,-0.017713608172848283,-0.021331102860626363,0.013752618982788968,0.030458429660577234
2025-03-04,-0.01203060484195373,-0.006717068153794293,-0.018744570534313394,0.001826765394671824
2025-03-05,0.010554317878508801,0.019650521738287432,-0.006296803137247876,-0.018557297043438035
2025-03-06,-0.01794489370066188,-0.014930989429665099,0.008055284769645878,0.018230848677313838
2025-03-07,0.0054112559459162934,-0.004566013947375236,-0.0010404070319234516,-0.003893152559077095
2025-03-10,-0.026829145028940626,-0.011053582706021846,0.009479617618775828,0.02125334669352814
2025-03-11,-0.008506521683915858,0.01665565563607221,-0.021891589326134185,-0.025481370972012286
2025-03-12,0.005112969711482229,-0.0012095321903227586,-0.0038170254415319403,-0.02023720457623045
2025-03-13,-0.01352417791798044,-0.009214809409780866,-0.00010498522675950195,-0.009892673180264155
2025-03-14,0.02046227562872427,0.014618413421370715,-0.015732851676821327,-0.02408693247876277
2025-03-17,0.0075177062836360165,-4.288726726040491e-05,0.0028532396898275462,-0.009313479409820666
2025-03-18,-0.011002118405172956,-0.007333672182940499,0.0010235243228511326,0.004336419078828712
2025-03-19,0.010697326144190944,0.0005379269109344947,0.0030219003055005243,0.0019217603906161338
2025-03-20,-0.003085438593733003,-0.003834143015229063,-0.005438023652479418,3.5333005510018896e-05
2025-03-21,0.00013626144807732388,-0.008889314039934227,0.0002515190950727387,0.00891928615323353
2025-03-24,0.017714857245056947,0.009829734905565213,-0.0045599384017255724,-0.01330738259763269
2025-03-25,0.002210191026310593,-0.009894240850642744,0.016440997075674348,0.0032206447425009335
2025-03-26,-0.01213196636725189,-0.013684972730013567,0.00763200640299444,0.02804264488680678
2025-03-27,-0.0028492578217543807,-0.009754456837724856,0.0020665892996347907,0.014294031143537566
2025-03-28,-0.020331951993656006,-0.010010258000856477,0.007041805897473476,0.016779068291198553
2025-03-31,0.006519058730608318,-0.006931436519445489,0.009388727977404398,0.017345534386515447
2025-04-01,0.0026308125491787404,0.006882751160228651,0.008066275997522387,-0.0057437364227115205
2025-04-02,0.006134778818197351,0.013019051937137639,-0.0134618357725224,-0.013832875501723274
2025-04-03,-0.0494743273598367,-0.0716612933134137,0.05884999994344056,0.06570093076324529
2025-04-04,-0.05873668071335281,0.00037365197531626093,-0.002850713180815742,0.011602024805505567
2025-04-07,-0.0019747578209192707,0.0024143773429479935,-0.009468730896616196,-0.03253857207784748
2025-04-08,-0.01585644617983928,-0.017972975315986062,0.021888164529868102,0.01296637155619681
2025-04-09,0.10482581636177679,0.07055660107200379,-0.08374172182719292,-0.11189067893675715
2025-04-10,-0.04401269307980471,-0.025435340417051443,0.047486311975039414,0.06862953396481537
2025-04-11,0.01764926325457261,-0.007524814109295019,0.004876586575316744,0.008982989050067692
2025-04-14,0.009507759433667218,0.013438778152285901,-0.006871982974759494,-0.002736601092578627
2025-04-15,-0.002994537423143484,-0.010639574162238142,0.01049109713955667,-0.004016257354156216
2025-04-16,-0.022421593770630244,-0.01065283030520281,0.008345649392307641,0.013537865386464476
2025-04-17,0.001233086605254119,0.0007810972356194542,-0.00739979572655446,0.007550496099043347
2025-04-21,-0.023996396419136312,0.003936389230708069,-0.005350698589530713,-0.0018543196974575293
2025-04-22,0.02582419102460931,-0.0005535364513795209,-0.012899719779301443,-0.012917281980101745
2025-04-23,0.015301849802280998,0.015329659221249767,-0.016700135869881994,-0.039763241321321814
2025-04-24,0.020855282443324352,0.04325356587532057,-0.029336601991880453,-0.06057704397657123
2025-04-25,0.007031794021111759,0.009339779394239366,-0.019623611735852666,-0.002499829620224936
2025-04-28,0.0001876422137188083,-0.005175058840069225,0.007735532762893549,-0.00220595024108714
2025-04-29,0.006105645969366913,-0.003496210502541763,0.0029907095656609094,0.011746849408978542
2025-04-30,0.000203199586978009,0.01457158937901456,-0.004434978797680966,-0.0019042149988692256
2025-05-01,0.006893461581342741,-0.006238593090485934,0.0011861201217819306,-0.0027520286438780456
2025-05-02,0.014650393531957517,0.008037560809768939,-0.010069391188789925,-0.020359973288263045
2025-05-05,-0.005928064510481779,-0.008317169683303094,0.007045337423022569,0.007423658802957478
2025-05-06,-0.00855173834674039,-0.012063176837037504,0.006969363461963862,0.01125384253334838
2025-05-07,0.004011896589914521,-0.0008750670435736961,-0.008350320306436143,-0.008862559006235737
2025-05-08,0.006774020998597141,0.014694606734180193,-0.010796732992409607,-0.016293765430116146
2025-05-09,-0.001467632787283013,-0.0001932467755630052,-0.0005058520924843935,-0.007392206984297489
2025-05-12,0.0328536856088717,0.041596604775903795,-0.035859756482219604,-0.06266224408539484
2025-05-13,0.006410230314989773,0.009123994385760925,-0.006661001939963118,-0.04384419618087139
2025-05-14,0.0010844521374564486,-0.004449477017940428,0.004761383719014734,-0.0004483051828817145
2025-05-15,0.00469065462809759,-0.01812985481679159,0.014899984991233118,0.025875558737689753
2025-05-16,0.006140413422953239,0.001438974786197345,0.0011354551975299217,0.009463048271505126
2025-05-19,0.0009002932998192215,-0.00706505146937193,0.0035631635170032317,0.008411905504934591
2025-05-20,-0.003555887882486952,-0.0005401511470720325,-3.9329021173750527e-05,0.002797278189818653
2025-05-21,-0.017044405853099076,-0.009564270889166625,0.004436286637908425,0.015232544126604299
2025-05-22,0.00020097139047603463,0.002373713993958626,-0.00013978538024679273,0.002136643587442255
2025-05-23,-0.007019270191997551,-0.005671429613890044,0.012096062639171611,0.014108351960751598
2025-05-27,0.020596945113674714,0.011269139621648414,-0.006088054448478753,-0.023450487519534883
2025-05-28,-0.0059790822475401795,-0.007272643152008129,0.004882509146563796,2.3301177491907334e-05
2025-05-29,0.0037538117701163554,0.00644557923831055,-0.0013959745107830599,0.00550887373177078
2025-05-30,-0.001312136435212774,-0.018520336184841557,0.01827802774546866,0.027616877706848675
2025-06-02,0.005439395802474989,-0.006249202031367984,0.006491961667390478,-0.00804768095839058
2025-06-03,0.0055088217421539465,0.015361320675044999,-0.017591004456940354,-0.03137668995101878
2025-06-04,-0.0004621429383269149,0.003524685259654403,-0.008698839132812974,-0.009028985628382336
2025-06-05,-0.005026386770842439,-0.0004883054579948308,0.006637183396928148,-0.0068329594283877085
2025-06-06,0.010075400467220552,0.000613754373656494,0.0018174652504601586,-0.01032928208426358
2025-06-09,0.0007075982699265015,0.022501212965911434,-0.02291708921028797,-0.027179630092033048
2025-06-10,0.005476191095441285,0.013677530278899796,-0.026695007373569002,-0.019307938451317574
2025-06-11,-0.003045810488121914,-0.0035554531759002805,0.014435054099008594,0.000798043037246632
2025-06-12,0.003780645284770623,-0.003190297215725457,-0.0008764337765078899,0.006910350748333016
2025-06-13,-0.011373691437809419,-0.007237886855256026,0.012589617826221566,0.011789579689575435
2025-06-16,0.009320713997305052,0.007478019588950445,-0.008024283159998223,-0.033497194004035794
2025-06-17,-0.008738801904975113,-0.002234303746394006,0.01526762373757803,-0.005712498999079307
2025-06-18,-0.0003442400141058233,0.012977505259953271,0.001987446873263155,-0.0073981452577607685
2025-06-20,-0.0025422081149129028,-0.004689319202977849,0.008105848409458327,0.006610296010497774
2025-06-23,0.009683751390678896,0.002318373569081534,0.006405455540102802,0.005608395829608637
2025-06-24,0.010853762322321492,0.011524084150471934,-0.019175672003597863,-0.03254624123767508
2025-06-25,0.00036675385814244343,-0.0030644345860262098,0.0036564184721627367,-0.008079900640888982
2025-06-26,0.00763007678007499,0.009037333514793888,0.0011800211595381811,-0.009503558617296716
2025-06-27,0.004774792643915671,-0.002660664686247616,-0.0015361711615948905,0.005689816818117466
2025-06-30,0.004587548342422476,-0.007591988656134262,0.01674274886543107,0.011051462400534806
2025-07-01,-0.0005174445202396072,0.019651220455274763,-0.02131639296743694,0.0036856622294419005
2025-07-02,0.0043397354384888676,0.019953848375711035,-0.006012573695443779,-0.019856474075477915
2025-07-03,0.0076877697369996945,-0.009456805129549706,0.003360802536103668,0.0009423066216514451
2025-07-07,-0.00764560242761092,-0.009377803670698969,0.011478095869448014,0.013106455697329388
2025-07-08,-0.0007412663760173466,0.00567462768402438,-0.03202375420260138,-0.03111321243214944
2025-07-09,0.0058028260152167555,-0.000550158402555556,0.005269059363309158,0.0010544952312177116
2025-07-10,0.002626726934528145,0.0020016097624690255,-0.0027773970187142893,-0.008326981165539649
2025-07-11,-0.0037091375995338405,-0.002423049219038787,0.001811715183466468,-0.0028675264849559396
2025-07-14,0.001714652752990764,-0.002945413635756155,0.018964358247290168,0.0014920486566000531
2025-07-15,-0.004466941464239316,-0.0044873457490612,-0.00018226177188691503,0.002024686371935081
2025-07-16,0.003149742401839406,-0.008681905753180697,0.010227895686651856,0.01311839511935612
2025-07-17,0.005925907904286154,0.008746255388495605,0.0038259472422709547,-0.0020427445127102926
2025-07-18,-0.0009258668479091847,0.0005382890884600088,0.002774782041152124,-0.006508708924844997
2025-07-21,0.0017025127991350253,-0.003158872665366097,-0.0035650774531747697,-0.00550120109053881
2025-07-22,-5.053322777714975e-05,-0.000600719464105004,-0.017739868389240344,0.011984384591055209
2025-07-23,0.008313747713064368,-0.001671408938019682,0.005829852523787938,-0.008811357365182636
2025-07-24,0.000137399176757258,-0.027768448633155387,-0.006380196205217136,-0.0004760223584117096
2025-07-25,0.0040308053290916135,0.005400134670427059,0.014459670605948594,-0.0020992882085877906
2025-07-28,-0.00044469951129078034,0.0039761562355358215,-0.0006530414627984428,-0.007618380172138128
2025-07-29,-0.0028312921958159043,0.00868642867669005,0.006521416495230403,-0.0013761180987720612
2025-07-30,-0.0014530001281278793,-0.021903543684171724,0.02769962557886485,0.004443154366010316
2025-07-31,-0.0039447946600980055,0.006342171867470558,0.012675169743666892,0.01973128600256717
2025-08-01,-0.016584048127851414,-0.00873633271240093,-0.004111155457408033,0.0038669239304122364
2025-08-04,0.01500613365352943,0.0033776733692181156,0.012394296580535015,-0.010579873183168177
2025-08-05,-0.0052636546232568415,0.007167907538817264,-0.022082146088312903,-0.006370801774744928
2025-08-06,0.0074661289625628235,-0.01042091198666364,-0.0012030288511922116,0.0097328102169572
2025-08-07,-0.0010313644625246088,0.009509757268670649,-0.005306216447973589,-0.013539738896586773
2025-08-08,0.007604120297681538,-0.009034040976958969,0.017280195903059948,-0.004728423214192024
2025-08-11,-0.002171228511880896,-0.004638263617457017,0.004631143143780847,-0.006389409129312051
2025-08-12,0.010452448338972964,0.016266545878993854,0.004882551222877306,-0.019730405612753618
2025-08-13,0.0032295018794763486,0.01820902242276188,-0.03622493475620374,-0.006645463170300837
2025-08-14,-0.00010061693574914266,-0.0013442586286812497,0.006239029026529286,-0.012230704734180198
2025-08-15,-0.0025348284328786663,-0.013724894179350045,-0.015852580814023687,-0.005820295982553836
2025-08-18,-0.0004112471544380769,-0.0001446694537017624,0.0028634308546031883,-0.000875562411335118
2025-08-19,-0.005618826943761035,-0.003505707957055759,-0.01968486169447002,0.011013313081820597
2025-08-20,-0.0028507113114886184,-0.00907947168509995,0.004350746227744518,0.01870344793177585
2025-08-21,-0.0042054403121564166,-0.004106041861243292,-0.0024378120025586704,0.0003207822096374046
2025-08-22,0.015163202534552944,0.022911060665694115,-0.01239498562292929,-0.024420345629275798
2025-08-25,-0.004594746172438602,-0.0021411835589632776,0.013228475602631152,-0.005670674724630519
2025-08-26,0.003993338654156409,-0.001187393403967796,0.007258334752849916,-0.0014194785193615053
2025-08-27,0.002085013769938193,-0.0005942111769773771,0.0015821276840099706,-0.0010624818199626903
2025-08-28,0.0033476936263006074,-0.0025181190289144785,0.010044301243479704,-0.007420483566777936
2025-08-29,-0.006157364998204851,-0.009449979221482208,-0.006268791556925567,0.018412750193924177
2025-09-02,-0.00760388318815286,-0.013358903138195077,0.006071194427762072,0.005147272051811614
2025-09-03,0.005225915656463798,0.008988563244533565,0.006224399344155284,0.0012061080146260283
2025-09-04,0.00816378704184717,0.014223906827087629,0.011765606631709256,-0.0062690043046233265
2025-09-05,-0.0030899196817902874,0.028971876227447936,-0.015986909353601864,-0.023653702812653988
2025-09-08,0.0022629474636579605,0.00480380929706854,0.0012399366130201542,-0.00011990219052774318
2025-09-09,0.002118349445390244,-0.004788331588308203,0.01423300474338466,-0.0024704190818200414
2025-09-10,0.0026970798967111964,-0.0034427016784471906,0.017820338982674523,-0.02319020616549592
2025-09-11,0.008116755356319283,0.015177716366253658,-0.0008945681508138771,-0.006724603455365876
2025-09-12,-0.0005281670767399715,-0.0008924497071275406,0.011654613409643732,-0.004667898762187761
2025-09-15,0.005130144050931484,-0.009835470032475679,0.025064387402439672,-0.00938345383487169
2025-09-16,-0.0015705154598040227,-0.006484553576903884,-0.0031710753398353723,-0.007075516950659266
2025-09-17,-0.001435900680016755,-0.013890474812310871,-0.00038627375094609775,0.006843847896843636
2025-09-18,0.004478774973882826,0.02275391785381595,0.01769302385868121,-0.06033998962944313
2025-09-19,0.004759237944349293,-0.003816086196303958,0.004470826989428222,0.006720381431490486
2025-09-22,0.004537418846563446,0.012149189631524138,0.022113703696136643,-0.01517770041210148
2025-09-23,-0.005637193443766342,-0.010556257875694287,0.004914296345703539,-0.005886156397375286
2025-09-24,-0.0033752022402829818,-0.0015030074672677364,-0.018528778693702695,-0.008234100603736394
2025-09-25,-0.0048070980710557265,-0.020623901833252623,0.009379388083448126,-0.0034295693305948617
2025-09-26,0.005535310056083542,0.012528488407858628,-0.001144430172084654,-0.011969159207062251
2025-09-29,0.0026169095253563146,0.017670768580623518,0.0014195120572027316,-0.009736012047921905
2025-09-30,0.0035731115221631082,0.005730010382150496,-0.01356925426597495,-0.010565804629928299
2025-10-01,0.003213942032894268,0.011483169931184324,0.008090336718152302,-0.04789195271443855
2025-10-02,0.0009581942901419893,0.00736754016138157,-0.0003299517936885435,-0.013951200971289457
2025-10-03,-0.0002083439538808074,-0.013843032878618143,-0.008600674053646729,0.01817362847596705
2025-10-06,0.0033925491697297527,-0.006000998643450883,0.0040503392611279335,-0.012355970525946891
2025-10-07,-0.0039010527640709336,-0.02675167409165498,-0.004893334701497365,0.024548857653878365
2025-10-08,0.00576933224181575,0.006898563877642283,0.006498046972987814,-0.029821186942061408
2025-10-09,-0.003090605231477195,-0.0029785798001319194,-0.0037222091041976607,0.003985425371435458
2025-10-10,-0.027221492685389648,-0.02121429147373337,-0.006194286913486526,0.03704665723337894
2025-10-13,0.015150487628624365,0.01675237882551913,0.022838446624222786,-0.03249778808669718
2025-10-14,-0.001415276794185294,1.4686292100029794e-05,-0.022394278183172134,0.019661709475740096
2025-10-15,0.004245899403061415,0.01131892867036156,0.0316759960161051,-0.0370246559413673
2025-10-16,-0.007003857587820073,0.013266457045378188,0.00898922265828802,-0.019113021932450867
2025-10-17,0.005482668339807706,-0.006164953757158665,-0.011447612199827806,0.01979549085741994
2025-10-20,0.0102068697563793,-0.007407124686899436,0.006894731086867201,0.0006257472586042034
2025-10-21,-0.00020857338532720426,0.0004977202480532128,-0.017163598694923045,0.011489901632687516
2025-10-22,-0.005392638247895931,-0.011763701933096504,-0.01073681264317954,0.015171791244141676
2025-10-23,0.005736424900478765,0.020729514959499873,0.022854527911811737,-0.04184956581922926
2025-10-24,0.007978924187936443,-0.004099717894541754,0.014661744627277228,-0.01672315550762583
2025-10-27,0.011604033986240658,-0.0010966836982518437,-0.004480311225319578,-0.0011341018115299752
2025-10-28,0.0024623855125358585,-0.011276283770784323,0.020218335174086412,-0.0005333587393257727
2025-10-29,0.0002866505608873915,0.0005523470318715366,0.044139069841392334,-0.04074558722186897
2025-10-30,-0.011191639577188717,-0.0017401821195510813,-0.0054661553310681125,0.026430528072112637
2025-10-31,0.003086591284100715,0.001971305910622656,0.00245647428939203,-0.004940690452660024
2025-11-03,0.0016830189717134125,-0.013454742887017146,0.03938188343211009,-0.03096831277087142
2025-11-04,-0.012047267925424543,0.0006539207138313574,-0.028609898542366688,0.04268795780441487
2025-11-05,0.0032718461496101803,0.016096470323549994,0.027832005132801364,-0.042069450343428426
2025-11-06,-0.010922903551338958,-0.009206437643940645,0.005208325634330835,0.010832181375768257
2025-11-07,0.0007908426722311734,0.005259019666397446,-0.006741936252960568,0.0061673829490895395
2025-11-10,0.015410648120599335,-0.007491460780782166,0.03257555762541149,-0.023023346006092293
2025-11-11,0.0020957273479944583,-0.005561662578002292,-0.02176420863433387,0.026385595900442226
2025-11-12,0.00036266970599263537,0.006462126928436762,0.0012249079067576324,-0.005950427254975476
2025-11-13,-0.016787536867732045,-0.002799871549512378,-0.039832996052851115,0.0256132575099021
2025-11-14,-0.0003574548798562782,-0.010744566523561193,0.007901174842768787,0.004805335194925597
2025-11-17,-0.00950997802205944,-0.002948736447617284,0.004697448560187257,0.011704846912749521
2025-11-18,-0.008591183850338857,0.0011622379857112114,-0.01666138022602934,0.01472971752165715
2025-11-19,0.0036695461367326487,-0.00012339678062263078,0.004272083661539694,-0.0071596851412438324
2025-11-20,-0.015435857823192012,-0.010515079382421876,-0.04199141017692595,0.05089720668330435
2025-11-21,0.009767507662421071,0.015961775015039738,-0.025503635006893864,-0.009955038870825661
2025-11-24,0.014524976369690634,-0.0023260036241376848,0.044349419175157244,-0.04330199445241947
2025-11-25,0.009212297559166638,0.012964479445569933,-0.00709880195526843,-0.004101834320355513
2025-11-26,0.006709860113180088,0.008490318053657532,0.010052103103545085,-0.02350832773185356
2025-11-28,0.005264803722786926,0.0006478328099670649,0.012214584724023725,-0.01879221637378541
2025-12-01,-0.004759100807708472,0.005376683644491941,-0.00645530252841392,-0.008923180359815062
2025-12-02,0.0016585558993631455,0.0009907105935406005,0.011040574488363741,-0.019696888615345486
2025-12-03,0.0032692091845392124,-0.003032875022458514,-0.002670279929180552,0.007294305214530483
2025-12-04,0.0005375092814443594,-0.0036670002847211556,0.008144119932286387,0.0016546786429921358
2025-12-05,0.0017057642462778855,0.006552257176925213,0.003858047757184891,-0.013374051437860057
2025-12-08,-0.003197839612349984,0.0056222397647413104,0.01906446361501669,-0.010707044679523913
2025-12-09,-0.0010566585801171646,0.0015625637214906395,0.00768344697333414,-0.01521395016715853
2025-12-10,0.006438423951823147,0.005399866258780707,0.011986095404550114,-0.019033087516663747
2025-12-11,0.002133405238010422,0.0029184208222949298,-0.0056714027434908165,0.01174449355867303
2025-12-12,-0.010945616784806655,-0.018789623194995265,-0.03580146796903135,0.04965654795576886
2025-12-15,-0.0017044389203847432,-0.0020827983005141546,0.00011988918081462518,0.0063919723658690695
2025-12-16,-0.0029260058089233265,0.0015438589074932337,-0.0018544278101481175,-0.000915293668966909
2025-12-17,-0.011197224489944202,-0.0034159372422008726,-0.029172889157226822,0.03438160389784004
2025-12-18,0.007357632203208286,0.007806794291264374,0.03096148164550048,-0.03299314498936429
2025-12-19,0.008869875717043119,-0.005007701388368391,0.032103414918435755,-0.02333324247137113
2025-12-22,0.006036173343889617,-0.003536878580700742,0.010037597044817848,-0.002098744763392668
2025-12-23,0.004376861840786672,-0.0007560929957473707,0.005321586116828625,-0.0001588979903187071
2025-12-24,0.0033240438897008673,-0.004571034108405791,0.0006819040589602149,-0.0015029989910959277
2025-12-26,-0.0002950401719961082,0.006514506554835597,-0.001892454999366311,-0.005533742635320204
2025-12-29,-0.003757284014038742,-0.003937973919027249,-0.009076046814155126,0.006981483452683623
2025-12-30,-0.0014148441199089978,-0.005261121871671659,-0.001799601160443165,0.0028774944839621286
2025-12-31,-0.007602483475381505,-0.0029573984964155753,-0.007581570702866724,0.011145025225785699
2026-01-02,0.0016393625954596036,0.005416715254292173,0.056745850473789265,-0.045638907832460184
2026-01-05,0.006466576601700691,-0.008270076394035784,0.017579549281047067,0.0052370083221783045
2026-01-06,0.005753527792827118,0.011887314279557526,0.030361993169070588,-0.04790964350733996
2026-01-07,-0.0034170427877421305,-0.0032085328411768158,-0.005547352545980776,0.00799195996464297
2026-01-08,-0.00029515782081723785,0.0084412577373845,-0.04214468122763534,0.027431826807431184
2026-01-09,0.0064197524903446546,0.004999195523144673,0.01841393433840577,-0.04504504100652451
2026-01-12,0.0013768024941198664,-1.8567633671517914e-05,0.02113861504500153,-0.013236077922179457
2026-01-13,-0.002193137271925827,0.013237489082950683,0.016499503176935916,-0.023233600605903112
2026-01-14,-0.005108883409682963,0.00029792628299318835,-0.014334799082579584,0.01016804952139123
2026-01-15,0.002529667001443192,0.014749846656924602,0.020372637800377846,-0.02077163238200236
2026-01-16,-0.0010315356957060207,-0.015924122748231642,0.01671985877538055,-0.013443678904778133
2026-01-20,-0.020550430518041285,-0.0048117330898999715,-0.0014424299922667144,-0.004216211582122676
2026-01-21,0.011347478775117326,0.011139872123626948,0.02607708741267305,-0.04289343123829632
2026-01-22,0.005029627166170503,-0.003572885944442394,-0.011554230895562711,-0.017545290665579624
2026-01-23,0.00016910468242969934,-0.0049441060734860655,-0.014231026363930956,0.020815047978571345
2026-01-26,0.0048846012553287466,-0.003919721611875149,-0.0034012027792102552,0.006815807750399794
2026-01-27,0.0037905348719269316,-0.0013883116271453892,0.04066316539352564,-0.01753532892737094
2026-01-28,-0.0002942950868688454,-0.005202360716190057,0.03622258576382251,-0.030725023183400854
2026-01-29,-0.0021780076613777677,-0.007196923006289879,0.005152036032577068,0.015441251949435643
2026-01-30,-0.003176114612118308,-0.025487742928589532,-0.060029012549492757,0.07303004631155598
2026-02-02,0.004777592230517547,0.003463852638834775,0.01990417295901421,-0.028470960332965988
2026-02-03,-0.008649016407716537,0.009081816478094619,0.008411123596996351,-0.007472447152868111
2026-02-04,-0.005037484232537359,0.03096568470364429,-0.05264798887509173,0.034136761042939154
2026-02-05,-0.012682914566868209,-0.007128588994774976,0.010683317601823939,0.02129981585415839
2026-02-06,0.018991155970276008,0.007486241056017039,0.033748282527165566,-0.054672692212853514
2026-02-09,0.00462809621003335,0.012322567950174557,0.007891079527669164,-0.009475459576359656
2026-02-10,-0.0028306882772434205,0.021267114532704346,-0.014660568832687659,0.016197083152914737
2026-02-11,-0.00042475265020847086,0.005849331616116206,0.028357286155678372,-0.012691894199718246
2026-02-12,-0.015642490204430204,-0.00795221951438746,-0.015613627051166779,0.009353622154314865
2026-02-13,0.0005108685965751203,0.011661766137161954,0.014208240968991705,-0.021542346235420538
2026-02-17,0.0014198525125079797,-0.01208640483032871,-0.0021664467172353595,0.013507812768282668
2026-02-18,0.00484407704403278,-0.0015619325841342846,0.007844819401989965,-0.02023450152564621
2026-02-19,-0.0028309748300935356,-0.013560446034539363,0.0010074881883112008,0.002862241312221148
2026-02-20,0.007038218782552397,0.005229310077650318,-0.0016515935435092,-0.006111855002172028
2026-02-23,-0.010404996545310241,-0.0024791409857400915,0.0017317758706343889,0.014303658573502489
2026-02-24,0.0070748447636543865,0.012663613483263125,-0.008963432199809863,-0.005845686941857308
2026-02-25,0.00824467579399446,-0.012803424662411567,0.01602418366671402,-0.04188460919259469
2026-02-26,-0.005748076085751119,0.0033589020294982675,-0.02510100305087576,0.019145470064647088
2026-02-27,-0.004995571365155271,-0.005334419248984101,-0.008189013130387479,-0.013269844380600705
2026-03-02,0.0003748924795039521,-0.009712997533922796,0.004756617878622017,0.004536569114002642
2026-03-03,-0.00900788141902964,-0.012937500839736271,-0.04542802362337417,0.029884676686211066
2026-03-04,0.006861725451753564,-0.00543105502836021,0.026000540195302946,-0.02693387774706416
2026-03-05,-0.005769300998451743,-0.010029395584488121,-0.022784956285477286,-0.01156078348466273
2026-03-06,-0.013300760417406021,-0.017954256894331222,-0.03336764604912932,0.026456698326266834
2026-03-09,0.008566331015768647,0.01138415024268119,0.031922922478983776,-0.03176835760433925
2026-03-10,-0.0018006460830336524,-0.004782094025028405,0.026653768741661355,-0.01206508036703836
2026-03-11,-0.0014487650552097442,-0.009334357403559857,0.029465693062675637,-0.01776562942056391
2026-03-12,-0.01537859677754716,-0.0008542765128000552,-0.009101628154646966,-0.003339213405030161
2026-03-13,-0.005853766259152904,-0.010297437582659542,0.008442468264096304,-0.004826433849175837
2026-03-16,0.009983234503912586,-0.006952521909660391,0.013522750593888121,-0.010245316634784774
2026-03-17,0.0024369144845615143,0.009617505779741497,0.011951879174459133,-0.026232732143800386
2026-03-18,-0.014147275021801131,-0.0026505173990584822,0.012370942798648532,-0.005220555784686175
2026-03-19,-0.0026580115498552326,0.001528162904380603,0.008061003045339321,-0.0072230953945132785
2026-03-20,-0.014529326773396689,-0.013990539178299077,-0.021344912690278495,0.033306239947455574
2026-03-23,0.010306360718932428,0.021107218446099228,0.00764680088283718,-0.00887380250423212
2026-03-24,-0.003550444983721479,0.01596243578160402,0.033052652692848294,-0.020295962955449054
2026-03-25,0.005379057737504578,0.0068886160721120405,0.0053791879494697326,-0.0042366738827322005
2026-03-26,-0.01805236048988801,-0.010068816521484714,-0.05271331366999519,0.039884400496728464
2026-03-27,-0.017245524663969225,0.0008864604890020051,0.004608358166017779,-0.002864154809989539
2026-03-30,-0.0035370211939776963,-0.004708939205870866,-0.047231038195171646,0.03663363213717421
2026-03-31,0.0288742352782132,0.01131107646165629,0.050487666515673636,-0.035417271414062916
2026-04-01,0.007340860903759516,-0.0006260492857927957,0.05701542527394641,-0.04841987464279751
2026-04-02,0.0007068290247949083,-0.013495975241918545,-0.0019884598295473177,-0.004609121602244937
2026-04-06,0.004533214577219891,-0.0026581553942146893,0.005462281934950153,-0.00830525127694436
2026-04-07,0.0002463700580832562,-0.0022389075874110873,0.021687455351929764,-0.023863555479286678
2026-04-08,0.025276006005646945,0.0189626340442482,0.056856089705451376,-0.02929641660016324
2026-04-09,0.005575387192641612,0.001917182648596172,0.021322073856635627,-0.00757931912007267
2026-04-10,-0.0008554059331025154,0.01590281888867806,0.016191975877491403,-0.013083855466353456
2026-04-13,0.009578816739937768,-0.007042069465197886,0.001089614464963251,-0.015075300055024887
2026-04-14,0.011991246703296765,-0.011646633390297501,0.01309574782791666,-0.009320901170191409
2026-04-15,0.0076973387204999355,-0.007970610669646681,-0.020521640305009282,0.0033964134154002013
2026-04-16,0.0022637171403936396,-0.002901969866114462,0.013986173222159028,-0.017068478277526097
2026-04-17,0.011892055595100093,0.016599167080551137,0.011789294608653366,-0.0020963337077043107
2026-04-20,-0.00219336562156347,0.006098743069068802,0.007032767356589864,-0.008875102215593155
2026-04-21,-0.006740523355083461,-0.012773848021773837,0.015716951954075888,-0.021803244780048223
2026-04-22,0.009933081588574977,-0.010162061848742599,0.0156732558094593,-0.01528581598575297
2026-04-23,-0.004074371374942376,0.007710805769304851,0.012634490468917925,0.02496463887994145
2026-04-24,0.007555678730687632,-0.01838497672526075,0.04486541904283392,-0.051591413110794855
2026-04-27,0.0015291573310196593,-0.01117674976098061,0.003185339787008445,0.007404212160967849
2026-04-28,-0.0050596227736634525,-0.009853365322687536,-0.040813366210033244,0.03351069103101408
2026-04-29,-0.00034813983152992556,-0.039529732972225715,0.00811276697828177,-0.016989215588503838
2026-04-30,0.009756003021020865,0.017744467322829784,0.01387219602337193,-0.013935232910021222
2026-05-01,0.0025754647858067248,-0.010161714551125876,0.0036830094990663365,-0.005373770612808959
2026-05-04,-0.003857022653300457,-0.014746010808636044,0.006402788465390141,-0.011907544382581637
2026-05-05,0.007828598217398453,-0.009284349220167732,0.03929514109959803,-0.045298641617494716
2026-05-06,0.013705769186230121,0.03267398725537827,0.055691328724970374,-0.04072020382232511
2026-05-07,-0.003259712925614555,-0.015867224771560294,-0.04596393870678375,0.018961684523605016
2026-05-08,0.008062466504624277,-0.023999168509427828,0.0750642633571164,-0.07480079237777947
2026-05-11,0.0020839325358434913,-0.025065829323235075,0.03351618909574544,-0.046899556018134864
2026-05-12,-0.0017085831211305358,-0.0016384422925372674,-0.03284362428821571,0.05193182212280335
2026-05-13,0.005401207308067146,-0.004076691202344173,0.03553317587465162,-0.02468437635993511
2026-05-14,0.007700684398010527,-0.002989109410783896,-0.011782328006321053,0.018175377471272135
2026-05-15,-0.01222297426334018,-0.01905596429818358,-0.03868369553869968,0.024175141157191472
2026-05-18,-0.00089713982427575,-0.01097387199403881,-0.04473544294192218,0.0323953498531981
2026-05-19,-0.006854418594037348,-0.011485800191963347,-0.007755065889078905,0.013814624206743986
2026-05-20,0.01005536407601948,0.0007546286816489719,0.026747198926564797,-0.03123965999862951
2026-05-21,0.0017894571945231696,0.0005911539168527487,0.007949910925036063,-0.009745888329174168
2026-05-22,0.003737918570259957,0.006569136007616616,0.019424544889628234,-0.028764835339428453
2026-05-26,0.0064450108456435284,-0.0016697333882796823,0.06599993857248179,-0.06725537467479537
2026-05-27,-0.00036687267128998613,-0.0009523086389601864,-0.011519082003618697,0.018378876182510263
2026-05-28,0.0053229480943659535,0.0001292265277262894,0.0018872472956127041,-0.007223253507265448
2026-05-29,0.002297774296905253,-0.003971250565804663,0.02666854463165389,-0.040378245571911366
2026-06-01,0.0025294829543598407,-0.014748845631470553,0.0037371174541098277,-0.015099938805144375
2026-06-02,0.0011643092907323016,0.0015098588879191577,0.03202789220331666,-0.030481482144544804
2026-06-03,-0.007210812827043833,-0.011724279229691159,0.030809611613000977,-0.025239518150136288
2026-06-04,0.00358505525559516,-0.006707920664587664,-0.022558285898088948,0.030720615770180995
2026-06-05,-0.026003001755469657,0.030938138106157396,-0.10068105183396564,0.10370292426376115
2026-06-08,0.0020705421022275683,-0.02469247562339062,0.05895021551252602,-0.05287778373414609
2026-06-09,-0.003129081057351768,0.016881732011219074,-0.02078175049918164,0.028676638146302204
2026-06-10,-0.01595919301457127,-0.013433762451597974,-0.03139573694179963,0.02921648827473352
2026-06-11,0.01680321738020396,0.0023706732915028464,0.09400326384589494,-0.06724901761850588
2026-06-12,0.00521461739498541,-0.001776953519294279,0.024849905376197468,-0.017301134871349388
2026-06-15,0.017440339387209347,0.0030656267458328288,0.0426618632225816,-0.04837687972568296
2026-06-16,-0.0061551933507780765,-0.0055838626320296675,-0.029673018573868302,0.03979581765073413
2026-06-17,-0.012681501391595407,-0.02312669629066457,0.03549863624257484,-0.021085337998325848
2026-06-18,0.0102033619354156,-0.017534420118967463,0.038411601657823785,-0.05192407662716443
2026-06-22,-0.0033406102005066884,-0.020246280450466725,0.03442656590662949,-0.01817219247964894
2026-06-23,-0.014715584517035585,0.018998337026041857,-0.08074603482311456,0.07176400626171313
2026-06-24,-0.0006571475701870888,0.0011736660792042385,-0.0041066440674663255,0.019178780531494098
2026-06-25,0.0012520047189092942,-0.022358696327759876,0.043555363096171654,-0.04757990255325849
2026-06-26,-0.0074250041234136255,0.02004516123809137,-0.08354474054429653,0.056867227215674596
2026-06-29,0.01628123187361541,-0.026424836904808346,0.04767752149383741,-0.04249263234889509
2026-06-30,0.0075931704802980615,-0.02453510829929778,0.03477022225040592,-0.029478371556351357
2026-07-01,-0.0015461349446024286,0.02548172066282267,-0.08015841551162742,0.05802828299599003
2026-07-02,-0.0015076999872312147,0.008566496556919712,-0.08567209886171999,0.06993192092857307
2026-07-06,0.008533778586495844,-0.006259804306598793,0.015615542055098974,-0.03269740286981591
2026-07-07,-0.004945530177775659,0.013134611914205807,-0.05300561884918753,0.051986968735874384
2026-07-08,-0.003283060219548717,-0.005610586616506963,0.030138490240001214,-0.031732692997957966
2026-07-09,0.008271619496035276,-0.014465182774859642,0.02278317586309815,-0.026428578020221305
2026-07-10,0.004116529182258022,0.009041860217781182,-0.009762469970523645,0.01135862205506739
2026-07-13,-0.007849805357084905,0.0056452621190787085,-0.041910336703969486,0.04361664684256055
2026-07-14,0.0033570111907574862,-0.013865629239346278,0.038348031036548824,-0.003872552797815365
2026-07-15,0.0037700054231371016,0.0202421632738783,-0.04233039875989031,0.042769305544016284
2026-07-16,-0.005612248262930053,0.020322509695004633,-0.07482760350430046,0.05526961592157442
2026-07-17,-0.010090786524416195,-0.0034895796298330386,0.00011177313504856512,0.008905455288631148
2026-07-20,-0.001808008753724999,-0.0037214874085970797,-0.007935929359984762,-0.004270690335352834
2026-07-21,0.008147678792053803,-0.008188987449908692,0.07726422027300472,-0.05061178020634606
2026-07-22,-0.0013563718844761263,0.013136325525290805,0.01150758510661768,0.0011975568406740853
2026-07-23,-0.012542917779119755,-0.02099055192037096,0.023789895570450147,0.013976414495894063
2026-07-24,0.0008223818582471232,0.014344862133290094,-0.058640964845416955,0.03779532644230065
2026-07-27,2.2945057140955072e-05,0.007275242340509459,-0.03431859088620676,0.018637241965379046
2026-07-28,0.0022011501450420745,0.024792592017587267,-0.06490493807116934,0.0494832831724239
2026-07-29,-0.01558110398913004,0.007333626767922362,-0.051152509118832144,0.03929637396298506
2026-07-30,0.016572168989468006,-0.04317188343848598,0.09537481823215715,-0.0717151754450634
2026-07-31,0.007006179168510318,-0.016066482475747833,0.0005758469495864339,0.00307913600615396
2026-08-03,0.014049376060803587,0.004293839529526244,-0.007256222772196563,-0.008860644532217687
2026-08-04,0.01783537220941467,-0.006344844130075033,0.04013137179437984,-0.04805509429539881
2026-08-05,-0.0021902325165505943,0.005150366676527585,-0.009934763647489164,0.013948249707607496
2026-08-06,-0.0017914435514759797,-0.0016674951750176082,-0.02708514195165711,0.025162914612523367
2026-08-07,0.005921717965873707,0.0070500915896332,0.004756545004820623,-0.01888615472456906
2026-08-10,-0.0004910472432761992,-0.004300327832658224,-0.012096926431938848,0.013827723992504416
2026-08-11,-0.003388890256709076,0.011327290905093613,-0.0005338260122264126,-8.083218991328201e-06
2026-08-12,0.002311031923242446,-0.01550985232098292,0.040110511427183165,-0.023681610703949352
2026-08-13,0.006783825145408429,0.00891128161473429,-0.014227549632406102,-0.019711960983962617
2026-08-14,-0.002173342052897098,0.0031389062416303463,0.0035144839462024737,0.002761607124417953
2026-08-17,-0.00492099714790839,-0.02370685158088256,0.03297715982445132,-0.012706232707547137
2026-08-18,-0.0069493875808186445,-0.007629419586049357,-0.056712752550638845,0.03965547218268763
2026-08-19,0.0019042069108174964,0.009568974539902696,-0.024020377840721308,0.02146011050413812
2026-08-20,-0.008593523873984488,-0.010871994951301145,0.005636165379509395,-0.010288318287996668
2026-08-21,0.003897629940704528,0.0006025080346299782,-0.0036480512245946175,0.012502119869135265
2026-08-24,-0.003132041526350493,0.0025369937665588593,-0.021400542830302183,0.0376900796667254
2026-08-25,0.0030023071662359513,-0.009560393044163529,0.02507383478278935,-0.016483666182008003
2026-08-26,2.8385071363157266e-05,0.006837022205311771,0.007157145135397858,-0.008748613843196506
2026-08-27,0.006359155604707567,-0.004206530559510379,0.005339158540024536,-0.01898025271103053
2026-08-28,-0.0024631157294817685,-0.001675784242368728,-0.031163141524370316,0.018112328564307667
2026-08-31,-0.0031831513565538927,-0.011424456858176502,0.006226119562842015,-0.010849620290540207
