Date,Simulated (Max Sharpe),Equal-Weight,Markowitz,Black-Litterman,Risk-Parity
2000-01-04,-0.0179763748168481,-0.02826970555356568,0.0015955445398237724,-0.010477953278640453,-0.025865225621513166
2000-01-05,2.5586197186339057e-05,-0.00041855262813775306,0.001483421583023191,-0.0023186993476689236,0.0012870538852324262
2000-01-06,0.016706199914647685,0.012783121512274512,0.01148140573964876,0.0053155083682587395,0.013256175899786456
2000-01-07,0.03755218757765939,0.02915725312257189,0.024785691040350614,0.009622175630537107,0.02690343950765817
2000-01-10,0.006720940659996469,0.011952893186686457,0.015792238633685004,0.0024696559608215164,0.009144050529961258
2000-01-11,-0.0168219041937009,-0.013642206969880888,-0.027217461383702585,-0.007973341362866244,-0.011326089184641012
2000-01-12,-0.004248689130063698,0.000338391019626214,0.01202046777766631,0.007826992135990661,-0.00018687141468759396
2000-01-13,0.002605995926198447,0.004714951098076871,0.0018511288688184586,0.004064709428941706,0.0036368025363609103
2000-01-14,0.007296984099032595,0.011088310883370155,-0.007729748293731021,-0.0042673560405139645,0.005729102162289224
2000-01-18,-0.006433472715227807,-0.012681191129539205,0.001626145514390031,-0.009148314136637596,-0.012318195553862007
2000-01-19,0.018724461425066955,0.009485955924199877,-0.007158839747757627,0.0030585756912139203,0.005085694352801166
2000-01-20,-0.02313329210248532,-0.016202216865183968,-0.0022791298987702158,-0.008516989561829004,-0.014271557475395614
2000-01-21,-0.011485806583428751,-0.006464952811499241,0.0032990919960278722,-0.0014110458788572308,-0.005296901366129486
2000-01-24,-0.029695344096746023,-0.022408442603333672,-0.03820661811612624,-0.013531930568928603,-0.022612680270973438
2000-01-25,0.006919681828033019,0.002806505640902022,-0.002277685470397018,-0.006709251552017484,-0.0021412082974033137
2000-01-26,0.005639909220969493,0.0038580439604664484,0.006843371343924773,0.003507872765975138,0.0058266871595130006
2000-01-27,-0.02157264424282214,-0.010841946487116887,-0.010201842783287222,-0.000764865634230669,-0.007363618747433229
2000-01-28,-0.0122819131430622,-0.020539449996321586,-0.004437089678272156,-0.013863976961317803,-0.016715907656129507
2000-01-31,0.006003973075552033,0.01259381472118221,0.003024293453679965,0.005807235396229068,0.010874800610295922
2000-02-01,0.0039158362866109795,0.006362414727587934,-0.018059766955675724,0.003013525048263205,0.0027968024517285054
2000-02-02,0.0014065576827939734,0.0024168756869367898,-0.010003013795493523,0.0011081939863981146,0.0012901525380204911
2000-02-03,0.011448110168381268,0.013607575078598354,-0.005422019383816685,0.007564110426997818,0.010321543379962772
2000-02-04,0.0035231894630264027,-0.0005644029721656482,0.009247332151768171,0.0027547452357297737,0.00031695795198433867
2000-02-07,0.0016727191887019321,0.004115839449999614,0.01312189180703245,0.0009135254837952969,0.0003982227106846129
2000-02-08,0.010106154094468762,0.010888497332647788,0.00770277781924859,0.0036178716459505994,0.00937482303597737
2000-02-09,-0.011922863898292465,-0.012881003772653837,-0.014192121378555137,-0.004639681045874946,-0.01066663703672858
2000-02-10,-0.004937778789182376,-0.0012791502223181914,-0.008239217405299041,0.0004428920761491465,-0.003083524675599393
2000-02-11,-0.011919612174861337,-0.01575039076666153,0.004426339947326408,-0.011400648365413801,-0.01563341207556621
2000-02-14,0.001362926598855676,0.0019969748827396716,0.01668323231564279,0.0019567875830313894,0.0030875210055129327
2000-02-15,0.010204033684722657,0.015162354563581743,0.009118231022883156,0.009804248522995582,0.015332977024561975
2000-02-16,-0.005721580883182631,-0.0025969050349201,-0.003972201699373769,-0.0028960158945709595,-0.004007059058961371
2000-02-17,0.011017354198449061,0.0075139423176893705,0.030030809314122733,0.0012688509464075667,0.004504556950525773
2000-02-18,-0.01593794317066599,-0.024068580593948195,-0.002116917202096365,-0.011061784435723712,-0.019512663867357335
2000-02-22,0.012640469809313371,0.012960209279399476,0.004344084083814957,0.007859626906078736,0.010895094756403122
2000-02-23,0.0005164220900440823,0.0023096547840293124,-0.004920288868384985,0.00022021161697531296,-0.0023987625400776137
2000-02-24,-0.010781690795542798,-0.004606781422153533,-0.011572605181250462,-0.0072515168256519266,-0.009089327307913064
2000-02-25,-0.014331127065371605,-0.0157901177870845,0.0002140023409845115,-0.0074022050130246805,-0.014587703383435187
2000-02-28,0.010076194787464077,0.010580607600831595,-0.009765295796778331,0.007651638244295852,0.010769671381725635
2000-02-29,0.022704550721269305,0.024974640177683582,0.014740798425432331,0.024952535362809926,0.019324475427712186
2000-03-01,0.005325615264868446,0.008422150945376612,0.024046387650266204,0.006404644533034095,0.007760275794996465
2000-03-02,-0.01458019420826152,-0.012814288054694003,-0.014942392524466934,-0.010564084465065671,-0.010726352878420314
2000-03-03,0.016992579668539308,0.024054709049701493,-9.388870738364849e-05,0.0017827705091865804,0.018702006771824386
2000-03-06,-0.003490131476975338,-0.003984407235140239,0.018357055163483463,-0.0011615727985073217,-0.007039193515489579
2000-03-07,-0.03565034307995847,-0.02667837944539001,-0.022183426934511908,0.0010046016688282037,-0.028273098641629208
2000-03-08,-0.0007127672570122743,-0.006067969159147271,-0.0007409781592742698,-0.003285058573941225,-0.0030687327480583126
2000-03-09,0.02847693846554379,0.028867027927345253,-0.012118281053301443,0.01368066740736714,0.021957446889582823
2000-03-10,-0.010552855075686828,-0.0036403636258453788,-0.009810984774618982,-0.0039047465000652468,-0.007464515556106734
2000-03-13,0.013102107055666999,0.0010975479935177589,-0.002542637773144155,0.006513798763377249,-0.0004238522132860409
2000-03-14,-0.020295803329990533,-0.022136689800437374,-0.013831605411613556,-0.009942890071577573,-0.014478546668091183
2000-03-15,0.017257401594187823,0.018052245527834448,-0.002690272587093546,0.01824207469136688,0.023803000921766855
2000-03-16,0.05686774607975205,0.052481350745904286,0.025462177049689755,0.020356817209660677,0.04599724993851176
2000-03-17,-0.0007196815199153449,0.006322820641045897,-0.0005600878469537848,0.008260287251879087,0.0005454095112921648
2000-03-20,-0.01606904280166843,-0.008979768936628225,-0.01836054406659262,0.004558510417590914,-0.007844818508651158
2000-03-21,0.013267752172579032,0.015230300576813908,-0.008839149423220873,-0.0057944761117415915,0.014067498430373294
2000-03-22,0.02137833232564109,0.020356838285674188,0.022232854926640174,0.02136590116641609,0.013215727121763124
2000-03-23,0.018851494468908166,0.015640332099807752,0.016033390430170474,0.0013028033119724808,0.012592545329252046
2000-03-24,0.003761648076768818,0.0027004421048280308,0.009093490842171863,-0.00047966030652358887,0.0015819094280691659
2000-03-27,-0.002024035238487335,-0.002760222074120021,0.0006601840501372902,0.001378305895889432,-0.0035794724699635978
2000-03-28,-0.008491422351313806,-0.010732952881663376,0.0036662236449605404,-0.0020793829991436617,-0.006142421999848616
2000-03-29,-0.001326072504266172,-0.003987007644979905,-0.005689070599917358,0.0030243947712934416,-0.0011091579502554647
2000-03-30,-0.012919601223524516,-0.012583488332092255,0.01099560901135841,-0.004004471749260845,-0.005590220227227667
2000-03-31,0.015001938346151069,0.012870079845633533,0.008353559950153246,0.0067141118178142365,0.009088746760680628
2000-04-03,-0.0057995725693079335,-0.00496106814743053,-0.004770594444734361,-0.008681477526676737,0.0016314079140328118
2000-04-04,-0.0064785147093360685,-0.007168436392241241,-0.004524412390900817,0.001158119310699202,-0.0006594026687251394
2000-04-05,0.018091712622695776,0.011942014991348854,0.01535584896198235,0.01762034607892671,0.006648198831876114
2000-04-06,0.015105447380938596,0.019932231922465855,0.014479333612196228,0.007870121989149822,0.015964242184517672
2000-04-07,0.002180312081815531,0.0062129981769786565,-0.006235092145620892,0.003205787325384993,0.00288351172995965
2000-04-10,-0.014613063209433673,-0.01719863412669572,-0.003427093671467817,-0.010835357110833886,-0.01093397478473627
2000-04-11,8.059991537757256e-05,0.0015657151990934033,-0.003345771840687379,-0.0010753262010841566,0.004494551234094242
2000-04-12,-0.01514582032635527,-0.022135641170578507,0.0015616026650230336,-0.004385093202864027,-0.014552867169052661
2000-04-13,-0.008263533294874267,-0.018578917860155468,0.0021956486403623254,-0.01592065948394522,-0.015249336915806447
2000-04-14,-0.05540834158625925,-0.06025092903333042,-0.02293311880213629,-0.03162777123524181,-0.05274949374963818
2000-04-17,0.015845632550042708,0.035464279210991045,-0.008791766343830373,0.03340839970864072,0.028458455120483728
2000-04-18,0.021686630522467568,0.02289346439075931,0.009981791797830273,0.013306560968721577,0.016104784470257084
2000-04-19,0.00598988055952469,-0.007583692529790749,-0.002449955748824045,-0.006535113827740554,-0.004165558349345065
2000-04-20,0.0027100172070567054,0.007201584396610695,0.01961787309504251,0.01612228934533047,0.009029833926462515
2000-04-24,0.0037193587096360278,0.0022813251422171203,0.024603919790578486,0.008487764056231965,0.00737225004870235
2000-04-25,0.027256720544926463,0.03175828409604483,-0.0017101262879180884,0.014124012896599456,0.022480631331661532
2000-04-26,-0.016564826992745252,-0.017271674445117034,-0.020242453301257526,-0.013960885159508959,-0.016306659313375937
2000-04-27,0.015502081995427686,0.01756514074998861,-0.007276165905298057,0.009687776131922204,0.01056443235448936
2000-04-28,-0.005272970581946377,-0.0022459265951467523,0.03500392355955968,0.0017872908792252438,-0.0025184785365410097
2000-05-01,0.013685815176226614,0.008286991433361443,0.027966628543724614,0.001460881438452427,0.007590605064071624
2000-05-02,-0.016562052866459398,-0.016806866076597586,-0.008490855473469196,-0.008628278903609142,-0.009976327242209232
2000-05-03,-0.018887748626282404,-0.02138828648879225,-0.01798739401350131,-0.00821225825584624,-0.018134310611209233
2000-05-04,0.00975087740012773,0.007821218895108659,0.03541191353076206,0.007805090234896581,0.010323074742505144
2000-05-05,0.017338514251193655,0.01480832801474384,0.013966204135376572,0.006065749029359123,0.01364247399225682
2000-05-08,-0.011294458471620403,-0.013468145728614182,-0.007226943628755211,-0.010545148916186194,-0.007973490839496524
2000-05-09,-0.0112022849036917,-0.011860633685496029,-0.006242420795889642,-0.008603231495768573,-0.007575631551479405
2000-05-10,-0.011250409710093197,-0.02225282322848772,-0.007962772954007252,-0.010954945022804162,-0.01688761211879674
2000-05-11,-0.0013894757115542758,0.013890520785404533,-7.684806878829821e-05,0.012194717313941623,0.012149301850571472
2000-05-12,-0.0031628101525051034,0.0008581126901660639,-0.0036075367951930904,0.0013752842980387996,-0.002674038739831686
2000-05-15,0.01607700786675057,0.01851984793886357,0.005665997616883589,0.008277875321890456,0.01534552084997225
2000-05-16,0.010253456532714719,0.014566851955647768,0.006754932744220107,0.006428801814330178,0.011426951529380086
2000-05-17,-0.015957104804778185,-0.0108690717581667,-0.0140957137687557,-0.007557918927616423,-0.01091501095948734
2000-05-18,-0.0011306616734189337,-0.004555849278493669,-0.004348178384154283,-0.0029119876912787083,-0.0031300451639545606
2000-05-19,-0.015643798219730304,-0.02061113573002265,-0.01699839265310801,-0.011629236883485303,-0.014859979957930269
2000-05-22,-0.005765039284755831,-0.004335907945891674,-0.008103689046155264,-0.004637826814591011,-0.0028805593156512876
2000-05-23,-0.00419781330296164,-0.009676162064446695,0.012993447287333008,-0.003947880055827736,-0.005329627091186208
2000-05-24,0.007528764696834091,0.009716268024511483,0.010481382887838793,0.0046708268045741515,0.009864176094934344
2000-05-25,-0.01744664082120392,-0.014809718376254624,-0.015003107258455078,0.0005873986528044913,-0.013875520474481755
2000-05-26,-0.013335953641272102,-0.010704344488887189,-0.025279877895072522,-0.004441196067310328,-0.01143859382878643
2000-05-30,0.03188953340284243,0.03704741845112447,0.02457004721775127,0.017508911783971105,0.027960135188555606
2000-05-31,-0.008467175826810556,-0.004950763080773062,0.0002667923310700165,-0.00034883476087054334,-0.005456549882338865
2000-06-01,0.013271672377915432,0.020756863904495458,0.008008332818275088,0.011703847744526947,0.014596536229370988
2000-06-02,0.025048235795916342,0.03097460939080564,0.023360135744169883,0.015050558238701673,0.02154819219287505
2000-06-05,-0.007727561922006921,-0.008167182862078907,-0.009114870626624392,-0.0016274698252356184,-0.006197471483876194
2000-06-06,-0.010343798434170937,-0.012916542740387293,0.0072345673474925225,-0.008657309852681672,-0.007394425595515009
2000-06-07,0.002547818089543347,0.007203199024346514,0.0009739058785573924,3.2088120654568796e-05,0.005542273542082171
2000-06-08,-0.00881682090379125,-0.004250195641270799,-0.02143686214456709,-0.0003189858977980147,-0.0063948705380410965
2000-06-09,0.010147945441417724,0.00501815035758132,0.022337325832318913,0.0018729793058074526,0.005702694338020597
2000-06-12,-0.009685097833319107,-0.007162635904048381,-0.01356454160098894,-0.0015205562601894548,-0.005721826117541582
2000-06-13,0.011794182094524545,0.012705196430753919,0.0010985524403650249,0.0048767768473433485,0.010078162940036392
2000-06-14,-0.003318094342724482,-0.0008665318705692335,-0.009062886911327932,-0.004939715532352093,0.0020357565159815384
2000-06-15,0.0045600999955481775,0.002374044767717672,0.010702578723553614,0.005699637382792116,0.004328714945348498
2000-06-16,-0.008375609954793764,-0.00978562436462602,-0.00623610247331885,-0.004536313186113576,-0.009130200782194193
2000-06-19,0.017044074586575964,0.018437338790608035,0.01567146533505841,0.0053369316784471375,0.011397092019282093
2000-06-20,0.0008260590826795855,0.0006754264969006736,0.008707179811518192,0.010807362416944062,-0.002547993517094888
2000-06-21,0.0004207679935429783,-0.002509466013815295,-0.010054317163963511,-0.0005730950376228828,-0.0020866435359534275
2000-06-22,-0.01820703681401739,-0.01863308454329949,-0.023893782659711045,-0.010196061639398563,-0.01627319971099625
2000-06-23,-0.0038727314913844842,-0.005299505088794712,0.018391122495156446,0.0032140939208715144,-0.001894493065602328
2000-06-26,0.005242933917033399,0.005775668739275437,0.007536247210357518,0.001993050401440513,0.005523078834880548
2000-06-27,0.0037668992768414605,-0.00022921115828847304,-0.006174657673922393,0.00035119210732997494,0.00041160441828062594
2000-06-28,0.00987644879505142,0.007434165340505478,0.0028192999114695933,-0.0010109127069261562,0.006676903639557148
2000-06-29,-0.008387169323749284,-0.010012914584160657,0.013368021499919815,0.0005920795221717669,-0.008314616440984378
2000-06-30,0.002915826598831401,-0.0012085697315246655,-0.02402096043989361,-0.0003417796913524583,-0.0006684220250820227
2000-07-03,0.007022929502173532,0.01217865766880816,0.010814238725424719,0.0023278073515560146,0.010104043967824348
2000-07-05,-0.005567240648378773,-0.017797041910519406,0.006822319630036069,-0.013503909489852231,-0.012864138500272302
2000-07-06,0.004441942454050657,0.007646577449970492,0.006364153056003047,0.0057596342835054114,0.003778751004372079
2000-07-07,0.013481603237907164,0.014894584298368999,0.015119152474492466,0.008062545975617492,0.011000830003895151
2000-07-10,-0.0001766776185333158,0.0007481886365363652,-0.004768892940041087,0.0024764443654477566,0.00010698663843289021
2000-07-11,0.015813072861520665,0.011679173588956229,0.009545605619616055,0.0025332594993554224,0.009940176456845518
2000-07-12,0.018127612100244404,0.013780840828524763,0.023742373066834,0.009823810472364351,0.010141674489240192
2000-07-13,-0.003757258149158702,0.0003561389914389526,-0.016069847770071324,-0.004072232880939266,-0.002030322565487693
2000-07-14,-0.0006639873671912579,0.004061119412834087,0.010202312382644553,0.008311630035238732,0.0018541747718914922
2000-07-17,-0.0009170215934476314,-0.0012090304587345619,-0.005432472726882945,-0.003166803636386547,-0.0014438734355309638
2000-07-18,-0.010367847888528068,-0.014004946140811006,-0.0051885567460580664,-0.009316511962735707,-0.010967985372521596
2000-07-19,-0.01599444870248104,-0.015090536726257958,-0.011751603685968042,-0.010515402235194152,-0.012392471348565831
2000-07-20,-0.00025478627976278315,-0.00034513405993489925,0.006797038835242014,0.002448439826201153,-0.002729648859935552
2000-07-21,-0.007575679465388171,-0.011133403721356724,0.0013061527428253781,-0.012868660158269098,-0.009564515039596003
2000-07-24,-0.0028426573403481214,-0.00264581202420322,-0.01334151795602993,0.005074355708237267,-0.0011052660995593557
2000-07-25,0.0006907269766246139,0.004894711899093772,0.006186559108303933,0.004863172610943559,0.0029841590804083455
2000-07-26,-0.011824657970781267,-0.014310938003344906,-0.000613939876152923,-0.008923825917866397,-0.010320780474953266
2000-07-27,-0.013345853257633383,-0.014730588709913735,-0.009676454162241877,-0.013813118343912457,-0.008785331103246263
2000-07-28,0.0021894635451790187,-0.005194279337548575,0.015200224073223481,0.003760385802890426,-0.0014741825038948925
2000-07-31,0.012742870674704037,0.013160859553010907,0.01913061258523072,0.005961050282094012,0.007932107968806423
2000-08-01,0.009272315541124045,0.002606119568991836,0.03162106309895633,0.0004219464648071952,0.00749026652853633
2000-08-02,0.00042428682833816136,0.001954575119927667,-0.004836352924048829,0.0010658586086300685,0.004593705028354111
2000-08-03,5.945234194458353e-06,-0.0053190810128846775,0.010118878680426074,-0.009926337870144703,-0.004170965857606474
2000-08-04,-0.006221090679742587,-0.0018420256942952517,-0.0030962384428815442,-0.003246190407728112,-0.003100550643942779
2000-08-07,0.015438284959912191,0.01532605045495165,0.013307086596958367,0.007136496136968769,0.010303988524506261
2000-08-08,-0.0018204011883212901,-0.0002084251618627035,0.0015015888628852668,0.0028161998818212325,-0.0005204215320919489
2000-08-09,-0.003127371235384156,0.003799434203954337,-0.001301322278134582,0.008141401699593407,0.0004923935287675049
2000-08-10,-0.0011330254615178662,-0.0059989379124250316,-0.0063253958561642004,-0.010053343775500937,-0.0015189213803666968
2000-08-11,0.012751378425542994,0.016002635779847056,0.003373642879827864,0.005013125530506446,0.013582897384832402
2000-08-14,0.010147382718955104,0.016856355913216037,-0.003248524200283302,0.010150708141849136,0.012278414793016452
2000-08-15,1.6443807853691594e-05,0.0022396970616041807,-0.008593782893688326,0.006746428799910045,-0.000509401291851677
2000-08-16,0.00027293924544123053,0.0029999503426729234,-0.0030263867244291185,0.0010304384214144507,0.002474670887344211
2000-08-17,0.009618478419064118,0.010170525958891279,0.004283467039511763,0.007117087105656241,0.006325334252239458
2000-08-18,0.0123890961066909,0.004702596252941765,0.005830856123868711,-0.002423424102317436,0.002782848806010708
2000-08-21,0.004706060673777141,0.0026387510021358015,0.01529443469252981,0.0009718050503939269,0.003928206839660199
2000-08-22,0.006307868230632052,0.0030646976015509986,0.02329956914260115,0.0014666083702292495,0.00387682849982159
2000-08-23,-0.0047824448773763585,0.004702007906234592,-0.021481416304127775,0.004392455740929179,0.0025093442524497223
2000-08-24,0.013745217465424089,0.00672331106631401,0.011139177063203644,0.004803461831007708,0.00487022476872016
2000-08-25,0.0014762029137768166,-0.0020630557201541905,0.0032921770693649334,-0.003623595287094674,0.0007733791200694512
2000-08-28,0.005149265473459463,0.008087542399511451,-0.0130295336254465,0.0030730245745299407,0.005262159027120961
2000-08-29,-0.0038878830668879587,-0.0020457221154280038,-0.0031870428758124097,-0.006439038312381228,-0.003590052750947572
2000-08-30,-0.0032933026092406537,-0.005370050124304838,0.012668061255169593,-0.00799282279349601,-0.004482849276502524
2000-08-31,0.011201768896353052,0.011642804680424137,0.012283672899621744,0.0023524022047726138,0.010194676281504148
2000-09-01,-0.0006713843980590026,0.0014881882595843407,-0.009651284710293612,-0.005941508294136261,0.001270471082377178
2000-09-05,-0.006458613603417963,-0.007272154037570384,-0.010148245671756321,-0.0014092535099848506,-0.006377624582690611
2000-09-06,-0.005939461221804219,-0.010650738554168038,-0.009750030287073613,-0.010765199723055716,-0.006619694889138815
2000-09-07,0.013213803753392216,0.013683813397674265,0.0402105942414753,0.012547926255233252,0.012503470899568703
2000-09-08,-0.0032931229579061965,-0.010783977912857875,-0.006313717437489507,-0.012360822588908653,-0.007151105536386222
2000-09-11,-0.005220065526695835,-0.003714730054213182,-0.006391264910155701,-0.004342706624615432,-0.0028449944859481745
2000-09-12,-0.008267095602116505,-0.010654137475770282,-0.010842765051016782,-0.005836512921537757,-0.008046458140423741
2000-09-13,-0.002819224220352636,-0.0012474251565389542,0.004096725260292776,0.004573869820083896,-0.0008526774146292858
2000-09-14,-0.0002930316467796004,-0.003858169077995934,0.00719618458583266,-0.004941928764833799,-0.006588843690383855
2000-09-15,0.002824900743267636,-0.006167248636477506,0.0006038010980037303,-0.0058695399885554875,-0.0027190278990693786
2000-09-18,-0.01609248926903064,-0.017624157529854256,-0.023913085456393656,-0.0022150105333635225,-0.016038519508695517
2000-09-19,0.012836624604228485,0.020470825352918904,0.006849595873505967,0.012398302963341845,0.014678886005952258
2000-09-20,0.006943239056718873,0.0014113903241482924,-0.002558662301133458,0.00209285829434287,-0.001621230591629512
2000-09-21,0.004078017491782274,-0.012100520294141099,0.027580035828432554,-0.013672556895519774,-0.0020533494459047544
2000-09-22,0.004920542800229943,0.0012783853761835682,0.009842502654483243,-0.0018813854600156488,0.006151413572492602
2000-09-25,-0.0008141884450019385,-0.006590638747246333,0.009013652666783063,-0.010593985325095045,-0.0052036740707956
2000-09-26,-0.012832389617476478,-0.00993154538654627,0.0020651914230587834,0.005418538339131581,-0.008080064339567624
2000-09-27,0.0023544675123131236,0.004463365941146804,0.00475026230133041,0.009597171480322825,0.006087669322942986
2000-09-28,0.020911499857756595,0.02107232204928605,0.014614493586006262,0.0003800672816782869,0.017842428675976248
2000-09-29,-0.005529767755515715,-0.011110510809795748,-0.0027572811870691973,-0.007610395920022197,-0.007855150300551235
2000-10-02,-0.012880939539626622,-0.0062310977281716425,-0.02046868879132211,-0.008904467590121118,-0.005866962720734901
2000-10-03,-0.00017323596146919256,-0.001234085579103646,0.0033091120770695702,0.003379649600489649,-0.0007950180644839276
2000-10-04,0.008411994892955361,0.007982755910348612,-0.0055003914131558276,0.007432436855615655,0.005090114371076743
2000-10-05,0.0020088324552584966,-0.0014068423662105035,-0.00041941136151067357,-0.0076957026945009615,0.0013539067639733208
2000-10-06,-0.01873499134273266,-0.018612253458989963,-0.022562118770708642,-0.005017061302688566,-0.013867489271927904
2000-10-09,-0.006437634654487909,-0.007975013922858182,0.006271878380880571,0.0015166741173705926,-0.005445039519868653
2000-10-10,-0.004272771236016522,-0.015957904262690364,0.004022064636647697,-0.007092100478158098,-0.007949322851108056
2000-10-11,-0.005994373410983854,-0.0028924399375356217,0.0010394351172958024,0.0002619077432442616,-0.002552041738506844
2000-10-12,-0.028287931216106427,-0.03185817356899016,-0.009909918843307228,-0.012785189208871263,-0.02404440596289241
2000-10-13,0.0300564644098507,0.03494737548110437,0.020471324946650625,0.010031595297122352,0.023998352391363366
2000-10-16,0.002637333869955469,-0.005285097288251921,0.0073006495122126935,-0.0030392453328673633,-0.002175772505729231
2000-10-17,-0.01429971247719187,-0.01898572649707274,0.0009609752274092793,-0.015946242518425652,-0.01238139988658743
2000-10-18,-0.01296667691129002,-0.011021770019022402,-0.023482179759224293,-0.007118029173633222,-0.011259346558929122
2000-10-19,0.020371390477782712,0.03189509969336789,0.0030756542855718333,0.012561487469901048,0.019497024024697593
2000-10-20,0.008423980044966077,0.008329554576854466,0.0101610961311582,0.004112802561261527,0.0071736675432996075
2000-10-23,0.009659985768988685,0.002989454875536404,0.016261558582371213,0.003983015746289488,0.00398006817890187
2000-10-24,-0.0056140795746879414,-0.004413357534210858,-0.021774576896903805,-0.0033006078288663225,-0.0020961506960001145
2000-10-25,0.0027729451506303873,-0.010780389533929121,0.01665251597442774,-0.0033598705572847644,-0.003750843988839447
2000-10-26,0.00913709710294695,0.009395286252447699,0.0013917150234795176,0.008521044058844423,0.007656075604477871
2000-10-27,-0.0007108284224971654,0.0033230933105036537,-0.023132918526388317,-0.0017574014678946896,0.0037612927798260933
2000-10-30,0.01217557559493453,0.015191722091941046,0.007764923519763463,0.010752796802368179,0.016236021269742565
2000-10-31,0.02236832663512717,0.02266776840796888,0.014558665931075316,0.013241413900043915,0.015350599036502413
2000-11-01,-0.012400932884292821,-0.013059837850140695,-0.007199162404707706,-0.0030468460388122544,-0.010833320429080136
2000-11-02,0.013297199416302474,0.010369242691333979,0.0037943666863880687,-0.0006795083089809382,0.006827719582348688
2000-11-03,-0.008456098164798736,-0.00408978474947155,-0.022909875764776218,-0.012396700165857411,-0.004818554126634171
2000-11-06,0.00913203469982388,0.005466524715985343,0.020903932512884003,0.0038598568639880686,0.006701122418324245
2000-11-07,-0.009619575004380264,-0.009949326752240792,0.0011152845612809503,-0.0007178726231404147,-0.006997070219476263
2000-11-08,-0.008362166484934166,-0.014112291285651325,-0.01322367183199756,-0.005962719620247118,-0.009059055737656026
2000-11-09,-0.0073472812614390395,-0.00604635551370846,-0.010402823554484339,-0.005260886989390032,-0.004067049105100579
2000-11-10,-0.016137224811308106,-0.019743413816103547,-0.0012711462785353986,-0.009725639235816656,-0.014039547155294221
2000-11-13,-0.015371718699628539,-0.0074462293572230475,-0.023831895120465834,-0.0036112149268293986,-0.0079058335784803
2000-11-14,0.021382856035058906,0.023049415299013554,0.0055717980651464015,0.010630336147026657,0.017006950632814717
2000-11-15,0.012762858027217864,0.014012261569254893,0.008270800147910963,0.010377076247491802,0.013562193590967808
2000-11-16,-0.0050302000978805625,-0.008543833537965555,-0.003672292708364046,-0.0015107899621677337,-0.006259039275937832
2000-11-17,-0.0030068396232186085,-0.002600188730882871,-0.004894862126409607,0.002583844683042303,-0.002547649223582498
2000-11-20,-0.010740176873572902,-0.011617856577196998,-0.011699295603714095,0.0003203185169107655,-0.007040927087148552
2000-11-21,0.012085347390073687,0.009465233825621283,0.013903064089241399,0.0042477523123032965,0.009752763898430807
2000-11-22,-0.014598874871153012,-0.012801015311469835,0.00391033472183882,-0.0034513801272645682,-0.007667673957367161
2000-11-24,0.008243148516612448,0.013561117680772113,0.0016410206431033301,0.013038650992783354,0.006590197495801283
2000-11-27,-0.003192987987362661,-0.007201804769466072,-0.0026627863078208767,-0.011856695889146823,-0.004745147095664248
2000-11-28,-0.011949273673416446,-0.012970091697330887,0.010446234007310396,-0.006367658305204838,-0.004228443248617961
2000-11-29,0.005020663707475296,0.004833671550622391,0.02146309535647721,0.006854829910355905,0.00568213229193729
2000-11-30,-0.021655842093200144,-0.02182057208832247,-0.0069646739776166285,-0.007031420779250766,-0.01603540877951981
2000-12-01,-0.0015268676577720602,0.001821774288712141,-0.011694867333365732,-0.00847410877234424,-0.001664651608792366
2000-12-04,-0.0036543748591111834,0.0012355359061403358,0.006801586754167203,0.0109884057804416,0.005392608604586865
2000-12-05,0.03844043290017905,0.038175020676039305,0.013876466197242917,0.010348851996618186,0.0240394872213544
2000-12-06,-0.026507230347506548,-0.02226988763771145,-0.02116318432420542,-0.01375955019714966,-0.019362210185894256
2000-12-07,-0.004294357579741018,-0.009670619711519201,0.007957305591642516,-0.0010532163868387239,-0.005557926741673979
2000-12-08,0.023716391291554707,0.02771480357985122,0.026158649930958212,0.013038339133285629,0.018388852159082026
2000-12-11,0.010035850528706647,0.012996924262831333,-0.009846986328609787,0.00601541868963355,0.004895773305178765
2000-12-12,-0.009509819958087896,-0.01077344011865017,-0.024596976913612283,-0.009810664682327127,-0.007063643404179877
2000-12-13,-0.018787652660703313,-0.01752644929812737,-0.013869129283732786,-0.008002910981460188,-0.012702413798157612
2000-12-14,-0.02175968959525923,-0.019724762355019503,0.0024339393879087116,-0.006169280758997919,-0.015263074604158693
2000-12-15,-0.014015568164275065,-0.011467359214779788,0.0024046594078754673,0.000686882074100417,-0.01088160276597604
2000-12-18,0.016081690444154542,0.013452533360192,0.019402228175765434,0.009097451988430209,0.014064157644706596
2000-12-19,-1.0274764744571329e-05,-0.001266995415239761,-0.009828069162429908,-0.0008116043947902803,-0.0011713652098332985
2000-12-20,-0.02446076738208377,-0.02813862152331695,0.0012412437251206592,-0.012444015285669291,-0.02038149069460778
2000-12-21,0.006465384141158653,0.009611816766343838,-0.010412280426471136,0.0058144101705587935,0.006511746099754518
2000-12-22,0.017824203165463764,0.022570415718125195,0.014728965548894603,0.010873162857810564,0.015839937885055833
2000-12-26,0.007618844280331761,0.009835171414686055,0.02168799306805881,0.006349992214891605,0.011770494354777311
2000-12-27,0.012185688351403743,0.01557278605668259,0.002792340275970637,0.007339136724935945,0.013599559762314823
2000-12-28,0.007342765422301431,0.007591125677633442,0.008139008283311901,0.004611396343790119,0.00783422102372118
2000-12-29,-0.006611988665271936,-0.011117002862199105,-0.002405845664549498,-0.008908867620880546,-0.008589136960838191
2001-01-02,-0.03262345073616575,-0.03235703407106823,-0.02366325275152214,-0.008684075880588374,-0.024013216794676398
2001-01-03,0.05033456894352893,0.0575034376367831,0.009904481466780891,0.025635312638298685,0.0357794042144646
2001-01-04,-0.00844304536073032,-0.011259808534610512,-0.02114040210662319,-0.010707616812405663,-0.014161406706074312
2001-01-05,-0.023294904811708532,-0.025591713667326592,-0.018475993584682944,-0.012455152234459723,-0.019001354899390706
2001-01-08,0.0011007167493379917,0.0032071701201105913,0.004125979669360085,0.00499877047020907,0.004393086496506328
2001-01-09,-0.001003565106544604,-0.004710937252284774,0.0025274681502872516,-0.0023733995612784144,-0.0026071258984397784
2001-01-10,0.00702754701970825,0.007653868364572886,0.009105725627861348,0.004891045232641607,0.004695608353652112
2001-01-11,0.008108342731650831,0.013755705231831263,-0.003259306658890334,0.00931680378162481,0.007066170079289554
2001-01-12,0.0011217739368045655,-0.002503547732106982,0.003830516828370845,-0.003969123253693612,-0.0015949048396529841
2001-01-16,0.007396221102290298,0.0019097006282848942,0.004344546170739131,-0.0011802531155784834,0.0040014504832673195
2001-01-17,-9.372650776662641e-05,0.005447216910884534,-0.0121381238202873,0.002961500855685598,-0.00017315835602776334
2001-01-18,0.007504030800945995,0.013396920231499127,-0.006200801800585916,0.011362025816634987,0.010311401111532944
2001-01-19,-0.013618811002786793,-0.008546278030732091,0.001567516803263402,-0.0016465207724836654,-0.00813794073535062
2001-01-22,0.018296166890658657,0.004564016612575356,0.013874119652860992,-0.001155322018870268,0.004620966782314961
2001-01-23,0.019139988505549065,0.013013011316654884,0.012493021598155032,0.00203159083610451,0.009818361308824908
2001-01-24,-0.0018301769989557005,0.000382886820098065,-0.011953381411153593,0.0016998418290944902,-0.0028713954549695114
2001-01-25,-0.0023120495391077047,-0.005400373721415524,0.015491787654474912,0.005316085207439176,0.00015064552473865707
2001-01-26,-0.010364148302716496,-0.006583866981050828,-0.0023280451673927376,-0.005485058535823869,-0.005638648957035592
2001-01-29,0.011623629851582721,0.008657578721660696,0.010558237684407518,0.003736063753513613,0.004846494790260988
2001-01-30,0.014199798265452685,0.015234604617292234,-0.004242673996901324,0.008111940287672805,0.01365826813264822
2001-01-31,0.012214771778610656,0.001900163074887981,0.0023353297429700368,-0.0015999299313743602,0.0026058510904148078
2001-02-01,0.0006593805367697105,0.0034436276350907733,0.004115411254343314,-0.0032972777864577947,0.005755994338508586
2001-02-02,-0.018213012254427743,-0.019199702065829567,-0.004770726632965057,-0.005458633286377985,-0.014583351686905771
2001-02-05,-0.0025102170661213527,-0.0041789752814043995,-0.002362913006916362,-0.004355413562040925,-0.0023082161639155514
2001-02-06,-0.0045341686908536355,-0.0014958612879106005,0.005121957833594806,0.0011447457161651953,0.0012320658821649822
2001-02-07,-0.010883733670490678,-0.014391007241107982,-0.0005875493052871948,-0.005397155124989221,-0.010360557869862367
2001-02-08,-0.009237315257256136,-0.008189599932803906,-0.004829149917953942,0.00014039472844182895,-0.006249587939434658
2001-02-09,-0.004988771218092556,-0.00656572215444377,0.0006616560720351739,-0.003927415049417279,-0.004535021009281149
2001-02-12,0.02465217269107825,0.01878769034989973,0.009719116578868134,0.008952417587141428,0.015613985127621546
2001-02-13,0.002121426308347475,-0.0037531181453877645,0.011477435570570816,0.0050790973529918956,-0.002776864346251449
2001-02-14,-0.0011081588275602297,0.007168178867653361,-0.005680608100679966,0.006701575773143168,0.001109431501043484
2001-02-15,0.018903624247132992,0.01515720045564461,0.00048314426318926836,0.0038440915730639695,0.011598205674618995
2001-02-16,-0.017194323958636484,-0.016887725304007638,0.002488042951330154,-0.005784837430805,-0.00925326273324767
2001-02-20,-0.01712139784057403,-0.021381425249986114,0.006090621441046867,-0.006895256977001866,-0.012915113675057892
2001-02-21,-0.016364243128414856,-0.013744746290506798,-0.009197155720115698,-0.0010961327395412278,-0.010819279239484236
2001-02-22,-0.0021103019532236586,0.0010124079535000535,0.0003351779998976923,-0.0010576361902672055,0.0008659968302761156
2001-02-23,-0.002748258762175432,-0.0028038374884324334,0.00550610354235117,-0.0038255177513938157,-0.002666515254228748
2001-02-26,0.015262748641807445,0.009768881712565838,0.01746804754172355,0.0037389118270743735,0.010106782820735127
2001-02-27,-0.011638654102143231,-0.010219531621678622,-0.001734124928669974,-0.0013853505716671718,-0.006344833800199557
2001-02-28,-0.010859237219310928,-0.017321101073229317,0.0003708788708622502,-0.009580182786792376,-0.013465767597040584
2001-03-01,-0.004905845126101422,0.0034108124370135313,-0.01268686761779406,0.003921045272825077,0.0012938620688196039
2001-03-02,0.010671313805907866,0.007556128135202102,0.014717620845085816,0.0035574999710963956,0.007428767729540051
2001-03-05,0.0035999187702896876,0.010301546929617844,-0.004370999429358888,0.009666129846328884,0.007563599252092
2001-03-06,0.01000827144696133,0.012235518570213114,-0.0012381256489979123,0.008415411866612996,0.005911522152850783
2001-03-07,0.009590962579401925,0.007577330528421143,0.0037712559923045,0.0005607263995718904,0.005561182469178681
2001-03-08,0.008810999387919821,0.008700455099244844,-0.0016003360954139356,0.0076427276218314355,0.012108258540453512
2001-03-09,-0.01713435243904289,-0.022704453459445932,-0.0019737391796572647,-0.01101788744735184,-0.01795070728554551
2001-03-12,-0.03255024790853312,-0.033103226069484376,-0.01322777190947312,-0.01109945951117893,-0.02827672793749066
2001-03-13,2.7182372410470244e-05,0.009895769588736184,-0.0034186734088095623,0.008498815621829497,0.005448390563695005
2001-03-14,-0.012355128535102768,-0.01850749078770931,0.004003987687378656,-0.008544850107139632,-0.017105506778228485
2001-03-15,0.0035019621157985504,-0.0013523506238629628,-0.003039978393308502,-0.003412021350306575,-0.0017919533082937204
2001-03-16,-0.02237261801924819,-0.021466937279484136,-0.020971793310750976,-0.012660113301480418,-0.020567608655798753
2001-03-19,0.027975696764242754,0.02569799641377724,0.014065596012478566,0.011121664343885933,0.02059188229422521
2001-03-20,-0.026132273441485887,-0.02742392493526277,-0.017264493333983763,-0.015203529349548777,-0.020881440622808632
2001-03-21,-0.0020469833505175968,-0.005971004589318957,-0.02250861015935728,-0.0018363385408978583,-0.008256420037249404
2001-03-22,0.0018066058124386643,0.008083661179821577,-0.0006742519148005967,0.007946835277063122,0.0023153347323133563
2001-03-23,0.010733645363155983,0.013211328661913225,0.014296308163651617,0.008902200394467662,0.00899665360428401
2001-03-26,0.007283405268782667,0.003601344773124823,0.02206015256020149,0.005287212821353515,0.006511631463479748
2001-03-27,0.018371126782491448,0.01937738636291607,0.001537103229440062,0.009224649282143768,0.01667002229815534
2001-03-28,-0.016227188343670394,-0.022803368487744384,-0.008304863711914395,-0.014128290402303534,-0.016637974059909664
2001-03-29,0.004060786377235354,-0.00012706034449563516,0.008066309595385455,0.0051550051565153795,0.0008212364897999464
2001-03-30,0.00936300396424418,0.00714036863911337,0.0032961562791211964,-0.0060589813338049695,0.008079500503407461
2001-04-02,-0.014316034218479781,-0.019445252246221685,-0.008955432185879141,-0.013135320845086736,-0.01600775252138803
2001-04-03,-0.029344616535325205,-0.027689993963835653,-0.006864376248387699,-0.008736361019093176,-0.02213542613721719
2001-04-04,-0.011483156123436419,-0.008571547805719535,-0.003019090228282635,-0.0038596234709849906,-0.002898710436960694
2001-04-05,0.04030787522517221,0.0474652561361662,0.015441142164914995,0.023038389676326737,0.036952973288921664
2001-04-06,-0.015421571813352023,-0.019231137770003966,-0.0007334445753125795,-0.009127850583629735,-0.014432156101606513
2001-04-09,0.0047065860955871185,0.0026905664474347864,0.008135221888829548,0.0008325371832691639,0.0029997686378687373
2001-04-10,0.038661597533957016,0.035065699523089806,0.012326468198983207,0.014208759593443896,0.02480266188915272
2001-04-11,0.003973967381645783,0.00882199280681916,-0.0015304266216872385,0.004327784035611574,0.0013365637529372922
2001-04-12,0.015871920903047773,0.020044382202131124,0.013127197704965269,0.01749303602667552,0.015453929445746903
2001-04-16,-0.0027500289138543375,-0.007011182497999451,-0.007502836792918101,-0.004107003211647192,-0.0033484664949693737
2001-04-17,0.0021788976836245775,0.0027515715838220614,0.010550335241933011,-0.0009748349900540151,0.0024908990121228084
2001-04-18,0.04230711262368066,0.0468896663044584,0.006073140421994552,0.02082477711734599,0.034031026386711856
2001-04-19,0.011067166648020078,0.01470260517201756,0.0014718453224553457,0.004422785936404789,0.010875013387499813
2001-04-20,-0.014054531270912557,-0.012757226188462875,-0.016545623159468812,-0.008326310951900838,-0.011759806111053202
2001-04-23,-0.022375226339767372,-0.021321150993738144,-0.010042587399219016,-0.011330333240974823,-0.01646401842053829
2001-04-24,-0.004571905991581889,-0.00912187098508115,0.003427674400870608,-0.004457372411560246,-0.007654788942706884
2001-04-25,0.013460662777158666,0.014919238077996319,0.009673299221534067,0.010245513109617955,0.013109257626597141
2001-04-26,0.0019515324504392048,0.0019856101429897226,0.008956176546359015,-0.00024432915289590085,0.004633925765831278
2001-04-27,0.016032702685247945,0.013842755355035203,0.015575346832712441,0.008727686165760161,0.0141857025343666
2001-04-30,0.008852078198599008,0.004913419589220595,0.0079791452654103,-0.001987264779138771,0.0026590842345456493
2001-05-01,0.012029497465222909,0.009631764236778272,0.016374399953189317,0.001556735107503818,0.009511154931273632
2001-05-02,0.000872938199326311,0.00398343398184201,-0.007489737785910217,-0.004214165450492387,0.001059752844937872
2001-05-03,-0.011889747547635185,-0.015663073340662137,-0.010558157428755963,-0.0063630734002465715,-0.012635651881378142
2001-05-04,0.013074838815432314,0.0129322057637414,0.014657929584528169,0.0032650616429674376,0.011637077197618695
2001-05-07,-0.0023109522919267534,-0.0025719952026342827,-9.273341741022944e-05,0.0001814686457499553,-0.0008170093065003116
2001-05-08,-0.0005199745588619316,0.00023725256290971697,-0.005998419221893235,0.00017415477293090736,0.0005216557742362018
2001-05-09,-0.005133214235261654,-0.004935016497266487,-0.002748532418110508,-0.001003369666627211,-0.0005451124869067458
2001-05-10,0.0008540336361842417,5.859328321395469e-05,-0.010594412749859032,-0.00046953966819136524,0.0005087442027231499
2001-05-11,-0.003771919523231863,-0.005203007155151558,0.003979585924946651,0.0007262721195524516,-0.004189317474056291
2001-05-14,0.0007770825058161974,0.0012625690232990147,0.002249102913543361,0.001058809550684668,0.002188528788790515
2001-05-15,0.002695626127894042,0.0018779719277662134,-0.006473572512703551,-0.00121488411225781,0.0015936135528796316
2001-05-16,0.03543980102262525,0.03704583775821938,0.025842389170302647,0.01800631255780884,0.034988757551231056
2001-05-17,0.010201157821774205,0.007842612850823105,0.022773103005429257,0.006315339645254861,0.0069655756827776616
2001-05-18,-0.004418300935846099,0.00028973966874601235,-0.015470430097027586,0.0016096261438232492,0.0008126781315796728
2001-05-21,0.026014305078332564,0.026029365470826675,0.026202907503252992,0.009323402716710574,0.019789427923235285
2001-05-22,-0.012941526173221923,-0.009594723174879787,-0.004837522645008892,-0.0069213048472828165,-0.01099346177038703
2001-05-23,-0.019489681946263028,-0.020437053579798914,-0.01502254146413692,-0.007133205810246812,-0.01604700248270421
2001-05-24,-0.0006540505498780809,-0.0004750491051715302,-0.0017638473652531739,-0.0009237396711098088,-0.0015759864460886369
2001-05-25,-0.007815063915810647,-0.007881971355550462,-0.003732024942133456,-0.0032308430263110607,-0.006470649643216487
2001-05-29,-0.015425694895814154,-0.014068003221701231,-0.002911038169452515,-0.007900218040025124,-0.008882020008471114
2001-05-30,-0.021289498824635204,-0.023470473929506918,0.00018578016698122396,-0.00860162792882151,-0.01798079282863522
2001-05-31,0.006294269829546959,0.0070879587217340285,-0.0011453879207146667,0.002352972267083526,0.00471818629617958
2001-06-01,0.010897108560482972,0.009397472639441146,0.016159800960406822,0.005781323854016154,0.00820694506119796
2001-06-04,0.0062100223383478636,0.005570096767946939,0.0060494714104244104,4.145377455409534e-06,0.006477519661547337
2001-06-05,0.014040705491016076,0.017973849356342483,0.005254043824491036,0.011758345225017681,0.014807636787280108
2001-06-06,-0.01403546688355757,-0.012232234982090775,-0.010531574373266338,-0.006705348175778274,-0.010817793713262731
2001-06-07,0.00971263253468194,0.012859889075666344,-0.002438422819234558,0.009626483166345144,0.009046832038768361
2001-06-08,-0.012996800004518725,-0.013286689121662608,-0.005930290636276668,-0.006863358440984525,-0.010332200206850627
2001-06-11,-0.01881837193859083,-0.01439422226414399,-0.0007394166867177761,-0.007161704158869014,-0.010832460966438693
2001-06-12,-0.001952761184948483,-0.0012893196898402944,0.0005985147201655809,0.0020103772171718593,0.0005255941042086839
2001-06-13,-0.008950412440220412,-0.009626799449799722,0.00028141157058398237,-0.0047943964190581174,-0.007153705290033907
2001-06-14,-0.019603642391431954,-0.021873035014171295,-0.01315065523312003,-0.012635022262476082,-0.01654065906757765
2001-06-15,0.006384655111710594,0.001566742944826408,0.016774856814637796,0.0010701292936621306,-0.00015299525016091147
2001-06-18,-0.006654577932346651,-0.0044969140170371315,-0.0056998471539955586,-0.0002199490736846273,-0.0026117308500274326
2001-06-19,0.0001712146192341074,-0.0013830757530485932,0.0008480413539454323,-0.006318012024473119,-0.0017831982978158331
2001-06-20,0.010323557047285792,0.005822462087546569,0.02376254919008284,0.0025973693347963235,0.006197078483601261
2001-06-21,0.008702953497407007,0.00892712147648203,-0.0025083007760154097,0.0026502723766605504,0.006045897753677598
2001-06-22,-0.006649030851704537,-0.006879121980922646,0.005382534209123464,-0.0021881757218586754,-0.0067934294105485285
2001-06-25,-0.009745854619807912,-0.005041112205180361,-0.009230135478643348,0.00018015040591881946,-0.005722955302097019
2001-06-26,0.006113406555388797,0.004708057156452888,0.004646746679368396,0.001244286045730102,0.004222086403818907
2001-06-27,-0.0018244873836818793,-0.00617281711634681,-0.0007485634767800693,-0.004924593214828254,-0.006286157716075697
2001-06-28,0.01758678765880841,0.016670550070653156,0.004750159144220061,0.0091317407146562,0.012590753457359697
2001-06-29,-0.00017421225354629939,-0.0017074119145213261,0.0029460987086613053,-0.0018351098802043585,-0.004482322008528799
2001-07-02,-0.0027316635855894446,0.004442341797051529,-0.008714469743098223,0.00033610431479374234,0.005576011523352618
2001-07-03,0.004891504661475456,0.004628634509102273,0.003133282708761692,0.006768380730568948,0.004417205492329722
2001-07-05,-0.009523550507195111,-0.00967087687338259,-0.001524158008089822,-0.004466411017814512,-0.007893832900690002
2001-07-06,-0.02833046270297756,-0.029729255158764206,-0.009399065372603892,-0.013481285840714173,-0.023290383357373504
2001-07-09,0.007039703178139756,0.004558967517181331,-0.0014469837843877396,-0.0011778833296483208,0.004104073463850926
2001-07-10,-0.013532720990027974,-0.016097409819152603,0.0012217187290220338,-0.00463669051755501,-0.011275701162760802
2001-07-11,0.003871359372233941,0.004064004626211765,-0.009111414568401557,0.003226306845236892,0.003916014634840714
2001-07-12,0.023554562020118942,0.02811440690545425,0.009851694187266124,0.011884846752915044,0.020620525381513682
2001-07-13,0.0050340429574105006,0.0014623272658376056,0.00800113746022473,-0.0010551221796980023,0.0016622903006249898
2001-07-16,-0.016100004699036757,-0.01852532706103159,-0.02624974985217427,-0.011341534322133627,-0.014238320920218057
2001-07-17,0.012033875696639572,0.015102009989691675,0.014448167978482095,0.007826117502587394,0.012747386333768963
2001-07-18,0.0022045500608563113,-0.004136518761284167,0.008376706543422258,-0.0016830999098917587,-0.0009061215917817035
2001-07-19,0.009199151190315277,0.011530037163463625,-0.001626624089165479,0.006630795035842912,0.007931664625032416
2001-07-20,-7.948543882556574e-05,0.0013205226754627053,-9.301866332862363e-05,-0.0013879729725628411,0.0019919439416758882
2001-07-23,-0.014101158808693177,-0.01419501412079284,-0.00634486689746281,-0.008261887743696069,-0.012456937526866765
2001-07-24,-0.018269255799238545,-0.01458762843585743,-0.012528721573071033,-0.005464171318642119,-0.012974681596074733
2001-07-25,0.014479646533733345,0.015494098516823394,0.00735265786219484,0.0019547885130169603,0.013639866193688607
2001-07-26,0.023083547686535238,0.0175790232869384,0.023917474210865854,0.007506979676340642,0.013760509541460884
2001-07-27,0.004601201380964636,0.006219842881501776,0.0027870975826765746,0.00474693200716865,0.004060508232699881
2001-07-30,-0.006518633249736874,-0.0046853596375094125,-0.008485591460208634,-0.002158639373000445,-0.004477253310501311
2001-07-31,0.005793985717788629,0.004360687558870573,0.0031180696815546797,0.0029629232624284714,0.004966502295029623
2001-08-01,0.008492599076383042,0.011763286861379462,0.0012678565197816012,0.00414401933012572,0.007058291497050657
2001-08-02,-0.00037828808948051296,0.002792145074764041,-0.009505617614505668,0.0008835014686638229,0.0007766889049230075
2001-08-03,0.000875162899932374,-0.0029676169080402794,0.010628969279922424,-0.0024723102657366273,-0.002119360517639723
2001-08-06,-0.005465561170442408,-0.008546411334497513,-0.007448790542443515,-0.005602054668950937,-0.0076752235331276055
2001-08-07,-0.003682798294293911,-0.0051724502209448695,0.003932444528178999,-0.0007942159132144136,-0.0025217188639788677
2001-08-08,-0.01938734701852166,-0.019672413675420927,-0.012667425117089449,-0.009053779084792046,-0.015028870559223605
2001-08-09,0.0016013882945319824,0.0009395017640855365,-0.0011453251584242466,0.0023471617687488146,0.0025569216692202476
2001-08-10,0.0054358810150353515,0.007793040313217102,0.013144979152196229,0.0055491600794738615,0.007926019670900212
2001-08-13,0.007353781077079356,0.007377905508854505,0.002528219094348699,6.338551451228494e-05,0.007478554477298731
2001-08-14,-1.357526330364716e-06,-0.002116121231591275,0.011373652592380514,-0.003058091899204071,-0.0007699592643814828
2001-08-15,-0.008735027046184004,-0.008819992850066941,-0.000815781295506383,-0.005192421081643729,-0.005656254088667817
2001-08-16,0.00466191245040762,0.004418192562147441,0.006017315180900371,0.006708907151065148,0.004491706747355642
2001-08-17,-0.01841627997223282,-0.018981797800218907,-0.014130302507999255,-0.007875145789578965,-0.015150195475494975
2001-08-20,0.010892039452752737,0.01021167068847879,0.00796082364918283,0.004236408716703802,0.009730305916201883
2001-08-21,-0.008738951712485043,-0.012808123968096219,0.0008534241075422787,-0.006171618246409084,-0.009417902317905543
2001-08-22,0.014572377015543125,0.015879676980878537,0.006391934860815446,0.0055064206146720265,0.01254988760151067
2001-08-23,-0.0010840649024508268,-0.0016782721974649287,0.012248203566854136,-0.0011629385860740884,-0.0007755598739290978
2001-08-24,0.018953484470805627,0.021181669344613036,0.002450931987327499,0.009860163514066033,0.017039852159119365
2001-08-27,-0.00371785635308587,0.00036922538115779146,0.0012744104062612691,0.0038950590449482393,0.00010518256569993405
2001-08-28,-0.009686600239674964,-0.01341957261813901,-0.0003105794010222554,-0.007921150488326777,-0.011870544575284955
2001-08-29,-0.01038618096655211,-0.011055987888880976,-0.002162747030982738,-0.007725076415508387,-0.008568376319379189
2001-08-30,-0.014685706916992886,-0.015376652418779753,-0.0022966511331776653,-0.007213919991468084,-0.012647061027260924
2001-08-31,0.00332897984263289,0.005684968887107468,-0.0011301878209327306,0.004883079749032338,0.003774980114655657
2001-09-04,-0.00564245906557049,-0.006878285712229267,-0.0020588156208844926,-0.003152989938061512,-0.0017203842969033397
2001-09-05,0.004012619575152696,-0.00017603783406877453,-0.0062639276443259406,0.0012984036087217788,0.0010059420559479343
2001-09-06,-0.023847125356303678,-0.02278248789560172,-0.0028052796547982034,-0.012866258182898452,-0.01822373075282257
2001-09-07,-0.017183760367128945,-0.014912532970682891,-0.00730542780375865,-0.007908090745083128,-0.013991533601558661
2001-09-10,-0.001130362273238104,0.0010122548296732652,-0.0013883382044934027,-0.0012820874867262313,0.0019130141921696936
2001-09-17,-0.04866518515735956,-0.05369326790036687,0.008453751422459615,-0.025685183163720246,-0.03944132281433675
2001-09-18,-0.017637524889834638,-0.019585727919921095,-0.013922024126393111,-0.00936194784847607,-0.013634966534488993
2001-09-19,-0.013339008136030535,-0.01943601590793137,-0.01529276807626046,-0.016427401514059418,-0.01675901968549679
2001-09-20,-0.028104197012878737,-0.03278949219230054,-0.013324253201767016,-0.017754944535190973,-0.026929779728866385
2001-09-21,-0.021399264959645618,-0.017573360633331724,-0.020861927222916292,-0.0054089942761083535,-0.019210673010879156
2001-09-24,0.03260004404687758,0.034199784403205036,0.012285115371660578,0.014673371664192133,0.026666363143689035
2001-09-25,0.012184635699647697,0.010070620701347179,0.01640053844536267,0.004362528110007578,0.010558771672344466
2001-09-26,-0.007877437233328628,-0.010762548054591887,0.002591857873724861,-0.011711848462139362,-0.0038933201199812515
2001-09-27,0.010738964184510627,0.00944207707325654,0.021587700180861553,0.009370277211920262,0.012850771094831178
2001-09-28,0.019493727822308498,0.022398168688001575,0.008366294231082901,0.008597548996210558,0.01897315763069668
2001-10-01,-0.0027101954357616055,-0.004158005641731049,-0.0015686896896960109,-0.0008822947362662047,-0.0034619984093284726
2001-10-02,0.005951092019474763,0.004678969225685904,0.009831733508542367,0.0022931391199533906,0.0052050312838416634
2001-10-03,0.02661904207001393,0.025860318080218596,0.010068377771657115,0.008053328677255063,0.016023747452286765
2001-10-04,-0.0020015810825402647,0.000818768555303281,0.008166282368348416,0.0006544046856528669,-1.8962997319397286e-05
2001-10-05,0.002065395940419752,0.003154940838594755,0.0047722373549916675,0.008019561900460397,0.006103386335712789
2001-10-08,0.0011933468699677145,0.0021920039699749603,0.007357239500321123,0.004584489500724482,0.0015163710321487672
2001-10-09,-0.013938004707152082,-0.012440009779723508,-0.0039446256070257415,-0.01064369048776503,-0.009671476901985316
2001-10-10,0.025621827191119814,0.024471523847739325,0.012533867388066347,0.006765891041813436,0.019924169942310478
2001-10-11,0.02243094985432243,0.02467731172583104,-0.004889462557547164,0.008699105851277717,0.014781203378809653
2001-10-12,-0.005768841227008973,-0.005265709071448431,-0.008257437949345347,0.0002472999387711826,-0.0041250313524466365
2001-10-15,0.0007598126093303519,-0.005772404269405332,0.015255498480036284,-0.0022047189536433514,-0.002997933826763503
2001-10-16,0.005477802431473175,0.006845094264204222,-0.00021171465928682522,0.003582803179412634,0.004988759526008604
2001-10-17,-0.015332921521794846,-0.014949102827978497,-0.01763892793069182,-0.011427779925257167,-0.012442699754650424
2001-10-18,0.0015055727206319217,-0.003710281681564357,0.003058052336664779,-0.005353141358035399,-0.0033116693506546283
2001-10-19,0.01593447640992389,0.010505056311856938,0.018794108464413067,0.008296560850340915,0.008991005797834038
2001-10-22,0.01582982970934856,0.019504830363679754,0.013839489398695289,0.008156108217712798,0.016312025859990472
2001-10-23,0.002557760808078141,-0.0006762653542227515,-0.008820097815055859,-0.0008078905120890432,-0.0022554542053878205
2001-10-24,0.013720157015972435,0.010068681963988989,0.017195818497505438,0.00811843796008583,0.008318982233958945
2001-10-25,0.006641917272496279,0.01152776382938792,-0.0027795425767488226,0.003542094692095332,0.008855504718607089
2001-10-26,0.00515257467406995,0.004460677601627353,0.006683060210654328,0.007158203765900482,0.0037334049847893625
2001-10-29,-0.026057530230334927,-0.026219197430255685,-0.014446966758655897,-0.014382936129046245,-0.02049739969647528
2001-10-30,-0.01100645040052534,-0.01369075502703422,-0.011023443866201136,-0.010084522029901517,-0.009663360962948562
2001-10-31,0.002121836118710852,0.002647929606299449,0.002187769725324016,0.005656018088783053,0.001964859354570259
2001-11-01,0.01872889581500554,0.02286201499090755,0.004172385990457082,0.007279011474765147,0.0189833537280454
2001-11-02,0.02109217501102037,0.014198045353597859,-0.0017162208762785578,0.008129743195555404,0.010145998132386059
2001-11-05,0.010090001781358894,0.010683858866822753,0.011354296153469931,0.005341299792773046,0.00937359360326808
2001-11-06,0.014111955705328997,0.01634758197696258,-0.0012232505091142507,0.003172895387209492,0.011888650506104555
2001-11-07,0.0006005501915231322,0.0031662263369921255,0.0011435706541846366,-0.00026615949703190454,0.0020460669816775336
2001-11-08,0.003910028005744286,-0.002339018739209043,0.006287307109049954,0.0035126710279805066,-0.003867539080940766
2001-11-09,-0.008571495721429429,-0.002804234816438953,-0.011946455263564984,-0.0035210230921252084,-0.00208830252214194
2001-11-12,0.004034610242979627,0.00197808420226709,-0.0007909352175689162,-0.00034862452654422127,0.00038708348615154684
2001-11-13,0.017162744333542486,0.02132398776431932,0.0029901632653998103,0.005123271093450427,0.016237339156723537
2001-11-14,0.004296330985521002,0.0023942057274826917,-0.0034011376752709132,-0.0035280698122089195,-0.0011830372314860418
2001-11-15,-0.001664949174205408,-0.002263024974354529,-0.001977395561178858,-0.001993177532166098,-0.0011835741052195578
2001-11-16,-0.0036490102801679082,-0.004611513545384149,0.007501847266349347,-0.002990690892245145,-0.003690047311806015
2001-11-19,0.017225936284859533,0.012690936946975276,0.01521204388329343,0.007420288501826732,0.010731828708075136
2001-11-20,-0.02025383077619504,-0.017396306018236773,-0.015083834517420345,-0.00786052421084653,-0.011928755630757973
2001-11-21,0.007316063318587231,0.002283362927928695,0.005996116861101535,0.0006850718104795486,0.0009108698644473428
2001-11-23,0.013352327406055277,0.01210946017127228,0.0021068461316403873,0.0035223098110610546,0.009417463626855074
2001-11-26,0.013178128447250633,0.011181147658811915,0.011486358564166337,0.009409785444483952,0.007186175577592777
2001-11-27,-0.006244119146648053,-0.005473457386437617,-0.0005823597318661451,0.00023466029656138204,-0.005584422220772127
2001-11-28,-0.016698851092635535,-0.01916400015639827,-0.013292033301094932,-0.009130490614690815,-0.014214553310919408
2001-11-29,0.00959403412459851,0.01161457620613316,0.010831089449836444,0.008953142987141416,0.009033897228787665
2001-11-30,0.007677236774054129,0.0008528134231848257,-0.0005091341320196561,-0.00412923041797357,0.0021817300022047292
2001-12-03,-0.007429419556525445,-0.008222896985351981,-0.0031405819547492284,-0.00038257892912120354,-0.005781701164405819
2001-12-04,0.01227967159908328,0.016593476707648526,0.0018007160197441897,0.009770003712512843,0.011068870400149587
2001-12-05,0.018332181540464995,0.024847504447833162,-0.0036682871586090605,0.009914864024367535,0.017924118657243165
2001-12-06,0.00629403496612785,0.0030615364518349368,0.004047655762580963,-0.00012699036014728082,0.0007210245566982099
2001-12-07,0.00034910403909352533,-0.005569647745490596,-0.001860954960548568,-0.0040792805668845335,-0.0038823543382376256
2001-12-10,-0.014692458891574972,-0.014520519961523993,-0.013008064223470124,-0.004104295985662162,-0.012694842696408706
2001-12-11,0.0074532186093141176,0.004136470042496216,-0.0041238071491676905,0.0006881953141284195,0.0005408124027107644
2001-12-12,0.0029218699448270444,0.003293329540824524,0.007373598331636132,0.0026505555944109013,0.0036541886152639106
2001-12-13,-0.010732158624965094,-0.016639612652159325,0.003571565724082441,-0.008572358922530256,-0.011323225583403113
2001-12-14,-0.001884205709370986,0.0004511600804784923,0.0013816435786471772,0.0039953152043810305,0.0014047565450720151
2001-12-17,0.012329786860019289,0.012859158394760704,0.014260810567174832,0.007071840320104805,0.011048915275126778
2001-12-18,0.010797857759871765,0.010158127422896485,-0.0020468477021313644,0.005719907085316231,0.008328782958670058
2001-12-19,-0.01061368030631741,-0.007145611434980017,-0.0094281708974917,-0.002099330172970517,-0.004128087259125306
2001-12-20,-0.014844422783320847,-0.014897242215072094,-0.005421107027859982,-0.005870083309022033,-0.009882362479671222
2001-12-21,0.015785155707513862,0.009242334582119278,0.008008145530684742,0.004788252831166783,0.007257222571718479
2001-12-24,0.0011901051652494163,0.0004302606598736849,0.0029945204133543183,0.0007917472804778458,0.001071310765473304
2001-12-26,0.00932929560563192,0.0068269177918602484,0.000912536322842632,0.0025565882346896478,0.0048377352607436265
2001-12-27,0.0064171045769385,0.00796088736348538,-0.001984679854364878,0.006441888358971283,0.005909415990850974
2001-12-28,-0.0023727453412940866,0.0007136250653276067,0.004987781492173381,0.00014395465467011617,0.00015951944722292124
2001-12-31,-0.012289936031713985,-0.012554164788114065,-0.004382075461906661,-0.006859028514891653,-0.01076157372969836
2002-01-02,-0.006347683264243388,0.0011500102555322962,-0.017248152937051307,0.004821265433682613,-0.0006889672010804405
2002-01-03,0.010610889099889583,0.01736732766433483,-0.002452820045560504,0.01156748585213797,0.011537226392116937
2002-01-04,0.012614824761664617,0.012106775578324003,0.0067068317789112375,0.0010935460062862633,0.00822316321401958
2002-01-07,-0.0036385752835330987,-0.007009901713391181,-0.0025449324911022337,-0.001808802553174771,-0.0062999172245915055
2002-01-08,-0.00040798531176020384,-0.0017150579974651752,0.0052610798750581,-0.002179068608547756,-0.000817834811571266
2002-01-09,0.0010075646338102043,0.0011782377255182192,0.006365189146789558,0.0011401818114242413,6.712050327492569e-05
2002-01-10,-0.004044507806904371,-0.005055635561790857,0.004412988943373245,-0.00195983697903651,-0.00239076491862581
2002-01-11,-0.008051181777778854,-0.009463652942068856,-0.004996880608679624,-0.0008348701165076179,-0.007678979433111082
2002-01-14,-0.01026960894055754,-0.009917653099794414,0.0006069865127009051,-0.001623813295380059,-0.006320340233255806
2002-01-15,0.0030506965608984825,0.00510077663728235,0.0039775904019544814,0.002144633529583233,0.005385281890737666
2002-01-16,-0.014833868738734188,-0.019199635238106492,-0.003602996690030731,-0.011230115166111169,-0.014151209876289976
2002-01-17,0.012540300313316561,0.012674770176691193,0.006088484915186372,0.008486907833240251,0.010234501840169826
2002-01-18,-0.008496189393341088,-0.01173166270526795,-0.0079746871665608,-0.005985032249472521,-0.009603260846311487
2002-01-22,-0.0017643282591240984,-0.008004347472056781,0.002862047815756218,-0.00013540796557570277,-0.0054273849052678185
2002-01-23,0.007355412470679868,0.007505556670976011,0.0006603147061424292,-0.0003238931583230576,0.004571675919173801
2002-01-24,0.006221975795359681,0.005809837144073803,0.0047881233104383105,0.004680022272868886,0.004444134031008187
2002-01-25,0.006064523071842109,0.007457499383661585,0.0007289995087681731,0.00654680807061796,0.006628738772629013
2002-01-28,0.0016609594869331,0.00136604441867972,0.005378126019465171,0.0036353527444243114,0.0018718013331975782
2002-01-29,-0.014794039938074724,-0.02145868957885704,-0.008200080704441056,-0.009404962303382176,-0.017770739271732682
2002-01-30,0.00703275202881267,0.012438135947743522,0.00404571823388171,0.0074360578622836935,0.010653765651650424
2002-01-31,0.01201533246299962,0.015253578995111684,0.012702075606127858,0.010434973557000892,0.014823083380993893
2002-02-01,-0.001986113984929853,-0.002512109330525897,0.007931076952522438,0.0026294301115508617,0.00032169293476126264
2002-02-04,-0.015170024387542001,-0.01765280091150798,-0.008308079638316496,-0.005393733429734878,-0.014146827217738273
2002-02-05,0.0009022879770305674,-0.0008160584062749919,0.001973891004109836,0.004324898366307018,0.0007240158882264153
2002-02-06,-0.002978511427729668,-0.0008232753493595577,-0.005936434931067625,0.0054091131310497415,-0.0026716977654593593
2002-02-07,-0.007884871063208744,-0.011874067281941956,0.002785351237086483,-0.00868484728105409,-0.00965112227398273
2002-02-08,0.010411774053536008,0.012287815206822348,0.01299765912263879,0.006002018056255035,0.010774446686220816
2002-02-11,0.018632326560830022,0.017017454055413807,0.004694382957237394,0.008702837163428005,0.011450283677530575
2002-02-12,-0.0013595348386331414,-0.001977420601599193,0.0004385426557115355,-0.0027797515253510188,-0.0004395644203692657
2002-02-13,0.006696683171385223,0.010556636718567183,-0.0018748116422619538,0.00880003459823418,0.008187191702526466
2002-02-14,-0.002456089745602674,-0.0018692902274124643,-0.00433646019611387,-0.0011569794284814398,-0.0007654793936898096
2002-02-15,-0.003970152187184179,-0.0063214474779489035,0.009521895176723551,-0.0022457851876729034,-0.003432944818188513
2002-02-19,-0.018591221295426646,-0.01865881986426294,-0.008474796197967163,-0.007196644719352702,-0.015400009604544702
2002-02-20,0.017642965705038077,0.014974846101795327,0.015305644020544741,0.01050107204403904,0.01378144296560285
2002-02-21,-0.013743790441332733,-0.017392695564290916,-0.007348004384788934,-0.01033132264394581,-0.012570433558796189
2002-02-22,0.005595846774133368,0.0069532315703872225,-0.0022505845185555057,0.0015181568099665568,0.008489786229653361
2002-02-25,0.016713718137787034,0.019539051507401217,0.010786583683203677,0.010595535573808768,0.01453434767453097
2002-02-26,-0.0017433817925977784,-0.0013576028859956357,-0.0012568174450629352,-0.0015619110259738275,-0.0011567266664138601
2002-02-27,0.0018850752809332744,0.0008128286797412719,0.01421536479311775,0.0037106886479058945,0.0012301350877600339
2002-02-28,-0.004461059363647898,-0.004111225740841266,0.006247805492257916,-0.0050897168397260745,-0.002023607632964469
2002-03-01,0.02680079065316631,0.0313624837889057,0.013801365781691666,0.016705447940495374,0.026181153772126493
2002-03-04,0.026352148889903435,0.030659636902700727,-0.0017495690176802126,0.013094080592842519,0.021386823565816004
2002-03-05,-0.014588184469252637,-0.007653183915257877,-0.01627189849375938,-0.00741854825122347,-0.009854400489432804
2002-03-06,0.0161567608501065,0.012599364334256919,0.02056224426624012,0.005615183551758469,0.012893694100009373
2002-03-07,-0.006012875330304172,-0.004660090294161302,-0.00475729298210518,-0.0058766524950181285,-0.006231822080673825
2002-03-08,0.00420053721697468,0.00776538858418497,0.00390751070340351,0.003309216775712859,0.004067504733190583
2002-03-11,0.0017121538016830638,0.0008684888650955921,0.006056702531611394,0.00021589844686351533,0.00172623585777511
2002-03-12,-0.006165425688545558,-0.004935038744047673,-0.005474554693616204,-0.0030773928800766964,-0.0009962964888162557
2002-03-13,-0.010746663687360897,-0.01381130147043139,0.005558616376856156,-0.00795334906957593,-0.010397792867458563
2002-03-14,-0.003424350918379257,-0.0014449432788713082,0.0023659147472208666,-0.0017637034581805564,-0.0008616198153105611
2002-03-15,0.008094719770289659,0.012285519648514868,0.00813224876473996,0.00257194824250919,0.009759579968798972
2002-03-18,0.0012624027435734677,0.0012868446478025725,0.005328194110170894,0.0007791378515790845,0.002282936516623354
2002-03-19,0.005743646933413671,0.007195366526185941,0.0038539302912526845,0.0027037429848289964,0.0064889451815722966
2002-03-20,-0.011436397299813876,-0.012522431134805678,-0.008419495436820823,-0.007507009025843496,-0.010160749961597654
2002-03-21,0.003973589115946958,0.0026965672963721204,0.0006202649513134817,0.0007955290555797091,0.0017427671018940048
2002-03-22,-0.004603548640257304,-0.0038230034264574845,-0.010459816669627272,0.0001257570651191265,-0.0020797717824323487
2002-03-25,-0.012975440913627342,-0.013282763928721204,-0.0059708556001633354,-0.0049217452697704125,-0.010740393097744242
2002-03-26,0.009384704148244896,0.011334048373205109,0.004870868445831198,0.005926143330211331,0.008833296027356696
2002-03-27,0.006361728517262516,0.006430286635223723,0.008927926714281517,0.0022880018438820424,0.007302816334772783
2002-03-28,0.0022433253104314635,0.004593561909279518,-0.009316027188437387,0.00222263064391472,0.0024000464499960633
2002-04-01,0.00315928612940354,0.0027040318530689115,0.01124335810856657,0.004785991548836816,0.0023522847068226872
2002-04-02,-0.009615765042786134,-0.010101418128350253,-6.06217000472236e-06,-0.004624272711893277,-0.00665787168619747
2002-04-03,-0.011842419278684471,-0.013336593663700247,-0.006328730136985292,-0.009648429702889955,-0.012270325353742353
2002-04-04,0.006365071611628003,0.003966683351317574,-0.004360635135303426,0.004102196190966716,0.0027543995603982125
2002-04-05,-0.0015699865188202856,-0.003192962366192606,-0.0017928941342479434,-0.0030522856815089613,-0.0035612900936340124
2002-04-08,0.00381013849750347,0.0033473218962078903,0.008430152929540467,0.005714966928515736,0.002912032322401894
2002-04-09,-0.0062723366920699585,-0.008625876551047454,-0.004898575111767073,-0.00591274663903095,-0.007113452012031925
2002-04-10,0.014296548695035487,0.012988511373456572,0.017425727240344264,0.0070026103332484855,0.014037107956539506
2002-04-11,-0.014571574998999876,-0.017663724369376972,-0.0029905153610407086,-0.006721976883914187,-0.01473201589841397
2002-04-12,0.009627069667371906,0.00830140420326975,0.00696902454443649,0.0007349468538746771,0.007124989476472436
2002-04-15,-0.005000736872060378,-0.005569906166242299,-0.008364897743710905,-0.0049356967301970815,-0.006351590372981556
2002-04-16,0.019835724578084253,0.022148176830920643,0.010770388144980747,0.011025504699196796,0.017743713476067832
2002-04-17,-0.009229693790075577,-0.004169462654939962,-0.015713223477405412,-0.004675908988570818,-0.005331938887728501
2002-04-18,-0.007202989091536679,-0.008826374915850848,-0.0040155783936153865,-0.007783548479375406,-0.008188625307083893
2002-04-19,0.0007329387632478437,0.0015084636208601563,0.0013636364657548055,0.0029063556696175465,0.0023305937122854903
2002-04-22,-0.012408480161517596,-0.012333263463360432,-0.01162069692814474,-0.0009806353612452948,-0.010554366716172702
2002-04-23,-0.005593748819227194,-0.007253249585610714,0.011035222952436485,-0.0009249085528005201,-0.004937350322729853
2002-04-24,-0.010022114486551936,-0.0114691539276702,-0.0027737528613178564,-0.009361068541415513,-0.008057698179294675
2002-04-25,0.0010454569468627908,-0.0006409220626959016,0.0022277301084119693,0.0029883260475457277,-0.0002722128194038698
2002-04-26,-0.01432524478461343,-0.012832352878636662,-0.017170682500826855,-0.008226873330320926,-0.009200521259663292
2002-04-29,-0.0031304083624201385,-0.0057281380252790955,0.0010368318937434072,-0.00020102311697658254,-0.005720281395715862
2002-04-30,0.013259308826039939,0.011831564436949483,0.020675768231987468,0.0021338763540523684,0.009922700736126302
2002-05-01,0.006695615701159285,0.006845945447474525,0.0076218285212774715,0.0047084864846735994,0.008828887831798134
2002-05-02,-0.005046547343298591,-0.005052155163078891,-0.002364209836065211,-0.0070930376003455935,-0.002798797794852224
2002-05-03,-0.008058986431697078,-0.009516561062446782,0.001131545771865067,-0.0013729476054028071,-0.007300142399167065
2002-05-06,-0.023060453375704372,-0.02038649627830915,-0.015603577901910307,-0.009294531068740113,-0.01670237115318845
2002-05-07,-0.008751514280712833,-0.004523392481205495,0.0009709446068989695,-0.000954907797317414,-0.005069060441402146
2002-05-08,0.04341546287588699,0.04710402684055087,0.020462479246162027,0.017061070144234546,0.03610794604384288
2002-05-09,-0.0055507223375839045,-0.010532148407513927,-0.003885401039285492,-0.007714259798364029,-0.00836775816385852
2002-05-10,-0.014209645041294936,-0.014209654844143266,-0.010918082164278246,-0.006964517989623665,-0.01045157696265615
2002-05-13,0.01652066980007601,0.02102482285692684,0.013611806446772567,0.008405222122332603,0.01738538129387559
2002-05-14,0.02452745286227275,0.023514601013847086,0.01864424910248861,0.012270988672328882,0.016999202162417876
2002-05-15,-0.005475486210298626,-0.004749278489538289,-0.013324409032203253,-0.006296753462817604,-0.007066347046552437
2002-05-16,0.00314053256740903,0.005211491404571623,-0.00341173088761839,0.0030987845839090334,0.0047203157667441665
2002-05-17,0.007905748332355132,0.0063109307780562065,0.006058150469256693,0.003060984681173535,0.007076207036171888
2002-05-20,-0.009553257167939453,-0.01092604787440526,-0.004371282449372476,-0.005732842352610817,-0.00874146442631092
2002-05-21,-0.013914919182831907,-0.012564229217880593,-0.006058262726192342,-0.004273308450172642,-0.009095209912866841
2002-05-22,0.004065736693971617,0.0036912359853640713,0.0027880967757469947,0.0009922345050405196,0.004526548290994368
2002-05-23,0.008919586530847463,0.008147473435650301,0.012548734602428717,0.004464290100865606,0.00792949699637143
2002-05-24,-0.013149774053038271,-0.012634952789835563,-0.009101174596737961,-0.006960799198946627,-0.010964742400876547
2002-05-28,-0.0014205091815158498,-0.005077811339978758,0.002662171911904842,-0.0011620994919122082,-0.004120584420720466
2002-05-29,-0.010463956393248916,-0.009736483654484276,-0.014331414248481734,-0.0035508671812182133,-0.008259826653212954
2002-05-30,0.002530100071350342,-0.0006648153991052044,0.010089336578136533,-0.00020234939005026108,-0.0006616554288570608
2002-05-31,0.001171926259717855,0.003258702746797096,-0.002333479828172184,0.00016134540050611197,0.0035788094836073014
2002-06-03,-0.018163514129249957,-0.02011563800916848,-0.001769746119198186,-0.008876468659533945,-0.016220424243267938
2002-06-04,0.0014131568661478358,0.0013733728104235116,-0.0070534801029818175,2.4909204974855924e-05,9.797298582998881e-05
2002-06-05,0.010633037329425696,0.01084969556485041,0.007333806314010623,0.0068002193880861254,0.009917455815236436
2002-06-06,-0.017009917117577097,-0.01876520124095736,-0.013788064197433865,-0.008497576490148998,-0.016433305958350488
2002-06-07,-0.0007693680894572464,-0.003868926675792216,-0.00014262674081319911,-0.001865788785782245,-0.00415644001980801
2002-06-10,0.00344889991298502,0.0024097107046095675,0.008730746939775979,0.0014297051171869623,0.0025000182888986824
2002-06-11,-0.01857668968990326,-0.016177303391415227,-0.01158389926288973,-0.008672555288856599,-0.015156266428004887
2002-06-12,0.009178386698602508,0.007845686201524645,0.0099199701828943,0.006190402853424803,0.00666545382679832
2002-06-13,-0.008754487924840293,-0.011408351512189888,0.0027593440227812226,-0.007017524658412523,-0.00995716107005577
2002-06-14,-0.002022458898774542,-0.002695104776384579,0.004471829030942814,-0.0003939484436028854,-0.0012913038222504016
2002-06-17,0.020093215315147357,0.02372092700953684,0.02237586652173875,0.011233852839557494,0.019866647115558505
2002-06-18,-0.002317984813505699,-0.0016149660225893512,0.009187605865681493,0.003951313250557678,-0.0004479538927711171
2002-06-19,-0.011216654448626994,-0.01666158907346523,-0.005172147152372637,-0.011341925892690405,-0.013986641661468062
2002-06-20,-0.006713787924718198,-0.007783238592525151,-0.0005295553894162841,0.0009591954411729264,-0.003788534451346105
2002-06-21,-0.01639810367805428,-0.015237856556646109,-0.005559401439892294,-0.006295717564125123,-0.014484791834106052
2002-06-24,0.009189277046987626,0.009118422300907132,0.004294918292125056,0.0032785569524838533,0.005779130228806216
2002-06-25,-0.020066264296887598,-0.017885097473472583,-0.013051138172804181,-0.004915312505576882,-0.017050407963617654
2002-06-26,0.002246841435596687,-0.00040003311636314015,0.004567075632411795,-0.0013118261578596514,0.0020305270350885257
2002-06-27,0.0182072947914382,0.01838771576683809,0.011887644131036188,0.009803897212437178,0.014298401677950323
2002-06-28,-0.0027082732995664547,-0.0009082651566803697,-0.008087252044688067,-0.004128565186149989,-0.003443005121818498
2002-07-01,-0.011972677071551623,-0.016517340246054883,-0.01883109794962707,-0.007900510725299981,-0.012368345444481867
2002-07-02,-0.018670492598781695,-0.019466727243726438,-0.013446634361819913,-0.010172921619077329,-0.018529568044474424
2002-07-03,0.008913008075104634,0.009744516447320436,0.01103172457040719,0.006427045661928889,0.008411933299402295
2002-07-05,0.031102714167799732,0.03617302150155449,0.01118781648947843,0.01767562017936369,0.029430625398642843
2002-07-08,-0.012767209649699999,-0.012790164569643835,-0.00584555437663606,-0.007111175051320771,-0.009615719757014193
2002-07-09,-0.01394351647798884,-0.017028747943682768,-0.0036015446764187005,-0.004094048987420057,-0.01448114255763051
2002-07-10,-0.028409880014293527,-0.028459454033564046,-0.03332350644180891,-0.015022907826995908,-0.02523026308947889
2002-07-11,0.0017577562270272291,0.004778771624987264,0.006997975737724385,0.0023518486529188606,0.0007768219328953183
2002-07-12,-0.0048083973671821986,-0.00206720306701314,-0.015028966178685026,-0.0011884398353951427,-0.004234377202268741
2002-07-15,-0.0021012930884569798,-0.003967065876265847,-0.015930329127770298,-0.003603783619645649,-0.006172200307344626
2002-07-16,-0.006103408891956263,-0.010623829323122225,0.003809362147925194,-0.0113214886461609,-0.010411319694121797
2002-07-17,0.012844482660143852,0.0022855184643542775,0.023145047929182483,0.008385439784017935,0.005355564707008317
2002-07-18,-0.01989706597137414,-0.020787115410331347,-0.0068954963799750055,-0.009755491940147928,-0.020369396695795128
2002-07-19,-0.030874200132883764,-0.03173076085236404,-0.026371000748013268,-0.01821674795028177,-0.03342623766363133
2002-07-22,-0.027322278515195766,-0.029696933304528134,-0.0225358843198667,-0.011836927036102092,-0.024032469791600446
2002-07-23,-0.012660166069261125,-0.017271948322690186,-0.011378706072905989,-0.005229581456999964,-0.013037474529525386
2002-07-24,0.03982620977252632,0.047020633811387234,0.028630256613554325,0.02508014724820521,0.04561684804451667
2002-07-25,0.00013472027833112384,-0.007881283831105073,0.0071844845393591785,0.00043787867078280934,-0.00017644889234784563
2002-07-26,0.005481015862664636,0.0015843126176186208,-0.0010841033553540005,0.0001512538512078378,0.00038174788975519985
2002-07-29,0.043550160282044934,0.04617066066750275,0.02342618272123407,0.023236422980607883,0.04061256457926306
2002-07-30,0.0006108842457117525,0.0006973147130117062,0.004189252978510683,0.002596302372741427,0.00010938732262422753
2002-07-31,0.00226937217771094,0.002412715523929606,0.006265741511979093,-0.0021854567406854523,0.006099263052397344
2002-08-01,-0.02513383486889998,-0.02627615754878054,-0.009739032128115485,-0.009289453670454893,-0.02123431819273111
2002-08-02,-0.019186650571311435,-0.02128256297749246,-0.017127962242166585,-0.011348095906369942,-0.01644690061532901
2002-08-05,-0.023485420030475067,-0.030285876078149455,-0.0027499934152103896,-0.016339778733720473,-0.02706944110258746
2002-08-06,0.032359006461965406,0.03383462697192946,0.025386536684051466,0.01791181250197237,0.028079577095734075
2002-08-07,0.019187078517162837,0.017400262219126716,0.014522374359087317,0.010769192689288484,0.01763794901601892
2002-08-08,0.024608948302548055,0.028311016377387872,0.017767741086009103,0.010196089501589322,0.02386327626518602
2002-08-09,-0.0032959219303621773,0.0013587194502020792,-0.004100128439296441,-0.0009426717706115272,0.0025866325327336534
2002-08-12,-0.0025926645565656813,-0.005333617191282448,0.001005656869972533,-0.002521998799267216,-0.004230348833953267
2002-08-13,-0.020445723919709072,-0.01897675151451455,-0.020060875834174652,-0.014937769684453938,-0.017400299726450588
2002-08-14,0.027176649870665336,0.029665196946302076,0.014449100711747355,0.009121311001943076,0.02539693468052731
2002-08-15,0.004862287397362901,0.006328085189817406,-0.0022811345549826234,0.0019970380222470952,0.005239242774442361
2002-08-16,0.0035889765555140885,0.005468617906097092,0.006520210808429068,0.0028687331602029404,0.003152779453677577
2002-08-19,0.018081243802982077,0.02076466635193612,0.000328558436472749,0.009160564026221975,0.015431145114288093
2002-08-20,-0.009999802204453274,-0.015510592761292796,-0.0011249219650871624,-0.009503778249168576,-0.01333654568830974
2002-08-21,0.01008569070873588,0.011377508609349553,0.0078113098370901565,0.0035385967405998538,0.009506726895979308
2002-08-22,0.010025614451462115,0.008884881525570001,0.00029993277416518176,0.0027182199529980997,0.008461012660818945
2002-08-23,-0.020780045208965044,-0.02253342373854132,-0.014380325714189214,-0.011682247257003049,-0.01965205371502087
2002-08-26,0.005695112300411717,0.006714727098642641,0.005501575740020819,0.0017484132410609905,0.007284703956765306
2002-08-27,-0.016252166799975633,-0.013631761676240344,-0.008799797626160389,-0.003772658033465758,-0.009819301806321033
2002-08-28,-0.017536358922976624,-0.01874195477691322,-0.007330551219364045,-0.007464792134099001,-0.015792913668192434
2002-08-29,0.004723992941134026,0.00414556503056992,0.010089636996591878,0.0004954361958621158,0.004271285463154423
2002-08-30,-0.001478801590788062,-0.0002156697367021121,-0.004411651552456248,0.0014552585845161602,0.00011874762321978523
2002-09-03,-0.025584737693038637,-0.03220495605149803,-0.017554357815908327,-0.012241164609106608,-0.028494539576964108
2002-09-04,0.017102629909431614,0.01799831162828864,0.014951660412679205,0.006346211031776216,0.016341660690055097
2002-09-05,-0.013725469572306248,-0.015765614710622967,-0.009114724419257179,-0.005768179340368454,-0.01104734995871515
2002-09-06,0.020819863241571326,0.01987619415775158,0.015594241619285427,0.008534692781714683,0.015385222825843111
2002-09-09,0.008200428853073535,0.006930178471338597,0.011588287219342824,0.0028782578900988813,0.007084371500802559
2002-09-10,0.004947799401505887,0.005546712258771597,-0.004388025288744895,0.005531569831518324,0.0036672876205087216
2002-09-11,0.0008983390689513515,0.0021908454633113457,-0.002705086357708672,0.0007212616485139291,0.0017545932690943744
2002-09-12,-0.018785267899389464,-0.02205162661384748,-0.00811915645372794,-0.007567072110920359,-0.01794530486316373
2002-09-13,0.0002959762875103869,-0.0006602573724902388,0.0006458260093026311,-0.006496496035039621,-0.0003883036349127771
2002-09-16,-0.0012996242396545602,-0.0007961385453545329,-0.0020910825153614564,0.003012139388419842,0.0016143886928519616
2002-09-17,-0.011554201551640038,-0.017448754406415266,-0.011495987693840675,-0.007835305610764856,-0.017241922402889825
2002-09-18,0.0023004568163340153,-0.004460342751219284,0.010600735905505296,-0.0006081922046086415,-0.002030013661769584
2002-09-19,-0.01252556666606798,-0.016439897165440705,-0.010630052580008098,-0.004933037558584913,-0.013878185006981715
2002-09-20,0.006173525499856806,0.004696040708702701,0.005909980363483057,0.0028133937434334615,0.005744307331746455
2002-09-23,-0.012936957994993985,-0.014706814298614356,-0.005337361131628922,-0.006052385766955496,-0.011371580861620274
2002-09-24,-0.00843301693404254,-0.010705156626702175,-0.001286739315910225,-0.0028012602385191505,-0.009293333064603077
2002-09-25,0.019212394636811406,0.021212746815793913,0.00039690435416959817,0.005900537327252239,0.015800745911197435
2002-09-26,0.014655532732147912,0.011602929058171002,0.011617607205534154,0.006203047295883722,0.011658544018056455
2002-09-27,-0.02068079811140994,-0.02312860047877385,-0.004395358524097272,-0.009737827826955777,-0.020910039167377534
2002-09-30,-0.008576551833230923,-0.0102250319311421,-0.004366120568194318,-0.004219727805454163,-0.009775175264190658
2002-10-01,0.031523869237230245,0.03401026870996429,0.008571154207899147,0.013557345573229709,0.029083381404101313
2002-10-02,-0.022832182675441924,-0.024509346946320232,-0.01621857601175188,-0.00923284059785125,-0.021246658617557816
2002-10-03,-0.005600686963504556,-0.007942389776486362,-0.010722802603998039,-0.005860156182681275,-0.004469890461693445
2002-10-04,-0.020786259778316676,-0.02309161793863835,-0.01343291427416761,-0.011450224154501858,-0.019471499985698464
2002-10-07,-0.011551061584252589,-0.01437855172635492,0.004393514330040485,-0.0047611144152207045,-0.01124157628600488
2002-10-08,0.0023529079184728833,0.0029558476278599578,-0.014612547352437949,-0.004508163255665194,0.0022993174926498002
2002-10-09,-0.01731311926481255,-0.021816177879309465,-0.0036334383487020396,-0.006501649796957444,-0.01791203803633555
2002-10-10,0.02616662949361484,0.028876375564873994,0.0238295966269671,0.010406073427321706,0.022514950855954223
2002-10-11,0.028742595919315456,0.036878974572867707,0.011487591797703318,0.017682754153511185,0.03046068349768921
2002-10-14,0.003310802799518725,0.003913215661682376,-0.0009097249409668511,-0.003955907851541573,0.004376020147062956
2002-10-15,0.027503215713432085,0.03882859298739785,-0.0028976051294091025,0.013867623808661215,0.029084956313819237
2002-10-16,-0.022221974665380985,-0.029365836127505186,-0.0003014359135402366,-0.010816729046531854,-0.02204030388728842
2002-10-17,0.023579118961633276,0.030622273252783536,-0.0005845742313704749,0.014519003301181443,0.023948160610044636
2002-10-18,0.0028332670829137123,0.0020021670299556977,0.00517589135697675,0.003656118946341131,0.001893229824873898
2002-10-21,0.01865165926916045,0.022303554055725705,0.002597763549875183,0.010321042500410302,0.016874265521030638
2002-10-22,-0.01399109596445114,-0.018757555719446727,0.00029029008517387654,-0.007931239904529284,-0.015843876267267794
2002-10-23,0.007578205528857589,0.008515573870329654,0.011544080654132437,0.00571244405535378,0.004853295620785371
2002-10-24,-0.01563222530470062,-0.01796455646115938,-0.015419564421912921,-0.007993558856945908,-0.01598271567897527
2002-10-25,0.011750397639890553,0.016072478298896086,0.0002556589634516689,0.00657807636033866,0.012625862370642072
2002-10-28,-0.00710918185512608,-0.005218025515179622,-0.007313972797369969,-0.005993978450016559,-0.006280058781368633
2002-10-29,-0.003485472807626309,-0.006805284565352735,0.009654752382738453,0.001784359839969709,-0.004231137887458674
2002-10-30,0.011028151377242558,0.014923509923168623,0.017689116827982618,0.004853625297792936,0.013297218475240843
2002-10-31,-0.005444259053096603,-0.0050873227087584166,-0.00464003946656768,-0.002060993341493789,-0.004576001637162484
2002-11-01,0.020104741008561557,0.018860910717145744,0.006285362603594558,0.004847264036325519,0.014983143744558468
2002-11-04,-0.0015649374688421892,0.006299668509197925,-0.027589151248510285,-0.0038704903038737767,0.0011758874565893974
2002-11-05,0.0070391801424925906,0.0032530002638729294,0.011780475188051035,0.004742148419060599,0.006093453025609024
2002-11-06,0.019736641245308013,0.01531484864214452,0.01787323895618526,0.010148413355347278,0.012339889878735294
2002-11-07,-0.01933482052734183,-0.023146207072399352,-0.009054795792038273,-0.0080843781933976,-0.016840936445331228
2002-11-08,-0.00028469272474596714,-0.0030702494226327055,-0.0016363155766114974,-0.0008309565196319671,-0.0018430823804932877
2002-11-11,-0.020722288754534225,-0.021859944436129788,-0.010294640696200742,-0.014090655062092209,-0.01834949240156626
2002-11-12,0.006875812865350448,0.0071308568002973,0.0033893118715354296,0.00147354328590401,0.002967091578700918
2002-11-13,0.002598347866587357,0.0009761272036433524,-0.007067122955334358,-0.0027665780722604073,-0.0008628742313562825
2002-11-14,0.019810700163459774,0.024992604928731326,-0.0009766000343953904,0.0046943241528211305,0.019406499075403805
2002-11-15,0.0015685849719340615,0.004410282392522308,-0.004934062908288961,0.0016567268926205633,0.005354295284138543
2002-11-18,-0.0121519096946722,-0.011794233482299011,-0.006228990837163193,-0.007391512487627605,-0.010823200811627198
2002-11-19,-0.0020037570188581213,-0.0017563143695592932,0.008828231610792603,0.0018729567156382497,-0.0007827959436694191
2002-11-20,0.013958753385002565,0.01982611412879243,0.007910468417358884,0.009442955303080007,0.015642819652196986
2002-11-21,0.02034116673835745,0.02305635844488546,0.01119397528443607,0.0098730287598816,0.015792516488063915
2002-11-22,0.0006942622880486515,-0.0026025732483589887,0.006967642330377605,-0.0015279340926642264,-0.002285580283777847
2002-11-25,0.005023529425014507,0.006679877763580004,-0.008876812470900376,0.0031265125256147736,0.004733535447671557
2002-11-26,-0.018930579858175374,-0.02087552122432059,-0.011457355370922684,-0.00841679991895148,-0.018422474004028553
2002-11-27,0.028945426871381862,0.02905304733035035,0.024611641460569406,0.010212129251599937,0.024229750484673233
2002-11-29,-0.0056137250820225805,-0.006274652485811055,-0.005070654216123192,-0.005325427845481056,-0.005174379765870993
2002-12-02,0.0002921671872862871,-0.00024545938198937477,0.000245064630291357,0.0008941712803057176,-0.0018357887195408198
2002-12-03,-0.014875796070623157,-0.014980269787983724,-0.013163763357027625,-0.007046748523180119,-0.010344827286780808
2002-12-04,-0.004042386879173507,-0.005425044405428973,0.006045883353763328,-0.002187929326785509,-0.0006951028024520369
2002-12-05,-0.010033104868994445,-0.010670956021559538,-0.00015682027054846233,-0.005309606080732406,-0.008841538417429651
2002-12-06,0.007966076310625878,0.006308572931562912,0.007307870473098737,0.0034072965435202073,0.006355318702129796
2002-12-09,-0.02308147245820036,-0.023502897454719368,-0.010709265728905178,-0.009473140606557396,-0.018128102987129552
2002-12-10,0.011653356456614267,0.01354918199234114,0.0009881819263903653,0.006028811886135178,0.009782988842863308
2002-12-11,0.0005897924682093395,0.00014287640880469914,0.0027619476182751844,0.002226723570346733,0.00045328088650370115
2002-12-12,-0.006215503777725975,-0.002364401593060036,-0.0018916838329375405,-0.00039209874161624613,-0.001833247134356273
2002-12-13,-0.01552375315663336,-0.014290103771258066,-0.019791808871646752,-0.00905698235343894,-0.010414545660669093
2002-12-16,0.019367737265880335,0.022053669331963538,0.010923462054033755,0.010099788575785314,0.017884353017257135
2002-12-17,-0.00501877461937959,-0.004988939529359181,0.002252363773690333,-0.002018632918237174,-0.0052178234692332815
2002-12-18,-0.0127685184479468,-0.016120396767072304,0.0042678610994738705,-0.007059684423192972,-0.01064873881612074
2002-12-19,-0.0035613219760338285,-0.006324901542550584,0.007479548968746861,0.0002511233477927573,-0.006420293173438509
2002-12-20,0.009884323745211164,0.012139473596121546,0.0005273196929049548,0.0038579679532271638,0.010934515964228262
2002-12-23,0.0017704419489754147,0.003047479495802979,0.015813747783661673,0.005408194231790621,0.0040841063903027984
2002-12-24,-0.002404378614440113,-0.005325579438049236,-0.003651988501202296,-0.0027170709297218683,-0.005341294888437981
2002-12-26,-0.003344557507106097,-0.0017188555942878258,-0.0037806417177548425,-0.0004035144482526337,-0.0008337975084493901
2002-12-27,-0.01036951408245489,-0.012398079309939405,-0.0023552694637180116,-0.002995926728541681,-0.010754444762690524
2002-12-30,0.0009029229827441018,0.000717299279540555,-0.003316060775264957,-0.001410951244144357,0.0008335922447655755
2002-12-31,0.0046918675179713635,0.0025487094181837902,0.00810507193724895,0.002002809710534556,0.0033426443238213123
2003-01-02,0.02576917145234785,0.029336055141626932,0.01055354735569669,0.01190902019708582,0.02529705594800035
2003-01-03,0.0003601258633449041,0.003018047149730705,8.06654667653145e-05,0.0033332073585405544,0.0022731988862272887
2003-01-06,0.01963466836537959,0.024150032538206422,0.006108983193277009,0.007368610470858149,0.019069916220886787
2003-01-07,-0.005211892555091903,-0.006544149055551836,-0.01130721320235941,-0.005284504326253347,-0.009045106910894033
2003-01-08,-0.012352252677699705,-0.01481234879189922,-0.008663546446487827,-0.01123797528271876,-0.011964957090652158
2003-01-09,0.017248134216374646,0.01821945870154155,0.005862254103955128,0.0048725220313503865,0.014817280544536637
2003-01-10,0.0007678455953335425,0.004188543154626991,0.011961815537116217,0.0035513431521767866,0.003201906813831717
2003-01-13,-0.004641881803982409,-0.0051777460643404665,-0.005758823623619989,-0.0044343911650904675,-0.004736170756852724
2003-01-14,0.0028566613297789185,0.0037708874381658184,0.0006744764072937023,0.0004261255788155741,0.0031711721146773903
2003-01-15,-0.015641070432055884,-0.017605629537234865,-0.008836382421268869,-0.008975814677274601,-0.015761418694742034
2003-01-16,0.00033773491441224993,-0.0032967698527379555,0.0060084183775981365,0.00018432443132972848,-0.000422953188968547
2003-01-17,-0.0207229092723875,-0.021531646101248723,-0.014276623899199913,-0.010952743319454067,-0.01803438678932385
2003-01-21,-0.009705582230906664,-0.013076183798263936,-0.007191372010620693,-0.0066307073008568095,-0.01165845580391096
2003-01-22,-0.0071389744560301505,-0.007330920334671214,-0.006142351171647264,-0.0055362396666961715,-0.00635667090163407
2003-01-23,0.012758207426093598,0.01319501771478537,0.007909924260804096,0.008279897669963366,0.010254399365079787
2003-01-24,-0.015327367721950681,-0.021751575720971125,-0.011244111583482687,-0.01208358615371542,-0.019328030754880834
2003-01-27,-0.010633333372978688,-0.012806111834608124,-0.005277057277906553,-0.00558413984885631,-0.011828908721060991
2003-01-28,0.01609168825547916,0.01576995159942172,0.008017275392104162,0.0050357903776512706,0.014564057751502685
2003-01-29,0.0018489102065990274,0.0037267878644041737,-0.0047548986994274504,0.003223355713865231,0.002309171646213984
2003-01-30,-0.014566014882002331,-0.018137956675800725,-0.00808538891388186,-0.006729980549750042,-0.014875220637554738
2003-01-31,0.005477859996295028,0.007321187526090024,-0.0018289463241011935,0.001776505794581473,0.008173233266863495
2003-02-03,-0.000991638386506117,0.0034881274434842404,-0.00810242974152726,0.0025197052988567403,0.0026412692459884582
2003-02-04,-0.007545176043286667,-0.008063264491523298,0.0021474846507919653,-0.000559548959960567,-0.005659081764530085
2003-02-05,-0.003672693498871846,-0.0044364843259494,-0.005667006233326841,-0.002938772099418418,-0.005256709000317859
2003-02-06,-0.0038669976290882776,-0.007515318959287249,-0.0014473206411919396,-0.004680080329059334,-0.006024147862810971
2003-02-07,-0.008187158567705032,-0.008277178111100736,-0.0021037849260648897,-0.0028429203128005768,-0.006770760767013195
2003-02-10,0.0055748744126322075,0.005368735768444908,0.002470564378315908,-0.0002964953932880044,0.0042174996189912675
2003-02-11,-0.0029821568650620664,-0.004696419849774784,-0.001641506815942672,-0.005802332583174251,-0.005160828753665343
2003-02-12,-0.013354343239674786,-0.013466565286764475,-0.01149783423313697,-0.008250694298547977,-0.013489902235195136
2003-02-13,-0.007677022487777948,-0.00400320496112434,-0.0063262320923342785,-0.0033816266790614464,-0.0023523719831812467
2003-02-14,0.015834085301305055,0.02009118527661038,0.0016590386171234925,0.0091085642338074,0.01566160184853454
2003-02-18,0.0162965168713265,0.019332455156599183,-0.001158594141885079,0.0057102773927821746,0.016385077733779993
2003-02-19,-0.005703752481637741,-0.005455177333701927,0.001071356028304081,0.0003519872992695,-0.005043642383746777
2003-02-20,-0.007059520177363056,-0.005116087532571721,-0.009070336800341939,-0.0016379115846444194,-0.006050166143492882
2003-02-21,0.01128482291396685,0.008538932929578245,0.006178303366896911,0.0013855653619025319,0.007818611594265567
2003-02-24,-0.011536553716240369,-0.01341716479104598,-0.011198170807217614,-0.0072624931547246654,-0.01271545706837113
2003-02-25,0.003229283324762939,0.0035721366035040016,0.006422241128925962,0.0027255434342576615,0.004170568950558359
2003-02-26,-0.005743337029573489,-0.00931928582438046,-0.0009242050546051665,-0.0039457622416154674,-0.008137682993792736
2003-02-27,0.009186637428358516,0.011421126258585155,0.00620506773183194,0.005342207145096324,0.009430250687552209
2003-02-28,0.007121774731081963,0.008585891570884283,0.0021532334772664656,0.004897390664092546,0.005787541794395019
2003-03-03,-0.010865565507810013,-0.012737125933062915,-0.0034041328562103047,-0.007576150725297997,-0.009654039782940535
2003-03-04,-0.00946238059172258,-0.009860698313356973,0.0006737221384124038,-0.0027011556463036185,-0.008069223966262735
2003-03-05,0.004742529647758127,0.0066446783805144335,-0.005004655253873824,0.0021372057728063446,0.005555872979343924
2003-03-06,-0.005133655254794359,-0.007925733195109438,-0.004433350748674172,-0.002836931215697172,-0.006835630001694683
2003-03-07,0.00485010479861722,0.003696052564557597,0.006957587867383757,2.471733279231622e-05,0.004252308874267138
2003-03-10,-0.015970384183686657,-0.019013598036301517,-0.00431105537325045,-0.008349748314354415,-0.01794318794361465
2003-03-11,-0.0049721017387984534,-0.0059020200367683184,-0.008722503011103083,-0.004286588055973603,-0.0044580106979262134
2003-03-12,0.0009276329747912372,0.0034226709287468616,0.002723934296385172,0.001725884218463503,0.003742278478508757
2003-03-13,0.033499938607797916,0.03855772303366213,0.03150842315247714,0.020648274056802418,0.03151638233914624
2003-03-14,1.2503926962792195e-05,-0.00021460014268776017,0.0036497947869163845,-0.00017785874089549982,0.0006479325947049692
2003-03-17,0.03428609668924687,0.03683204722601956,0.023580838753414147,0.015572676365611965,0.0324922888280311
2003-03-18,0.009915550529842151,0.009394869424759004,0.0006956770546524207,0.0036540183106221888,0.00826244011375549
2003-03-19,0.0031509211660732607,0.005190536949020241,0.0021650341537222694,0.004138424950804312,0.006044652143545506
2003-03-20,0.003455145524926913,0.004044112735644144,-0.008557071184307248,-0.0007166781467692269,0.0025697795841307046
2003-03-21,0.018953686820520853,0.021931206260011746,0.001935553532459076,0.013536223519233377,0.01915169423403498
2003-03-24,-0.026853119692087195,-0.031172417303530393,-0.00666500200350738,-0.013945654200907756,-0.027452286122846708
2003-03-25,0.01078529481548584,0.00986076677255288,0.004930889529543648,0.004008522569074413,0.0084171133028258
2003-03-26,-0.0013112655434743556,-0.0029357939716685745,-0.002968819544593616,-0.004959814948862201,-0.0032994506167557344
2003-03-27,0.005406011405158128,1.1382214829591501e-05,0.014995594117157,0.0021193305969119144,0.0008392365633331036
2003-03-28,-0.0055387888124663566,-0.0052466730592631685,-0.0026291852268297547,-0.004769653836691576,-0.003692318615546997
2003-03-31,-0.015627769965792918,-0.019654176991610546,-0.004192765840307644,-0.009089882915833255,-0.015078590517961843
2003-04-01,0.01119979453800292,0.011921076162290687,0.0057226712070801225,0.003975447779615148,0.010749114333256355
2003-04-02,0.024393583584867755,0.02843451890697342,0.009095055694977091,0.0154484911382166,0.022998956130315426
2003-04-03,-0.0009446468622807431,-0.0019688779193569378,0.005605650400392123,-0.0026509403772841398,-0.0031626754892290425
2003-04-04,-0.004304902757402019,-0.0012353428524693138,-0.006215968565467016,-0.00019817667290450235,0.000457750123778267
2003-04-07,-0.0002149066367699965,0.0026245396154572966,-0.008292905242693611,0.002897180003351758,0.000704872811804872
2003-04-08,-0.009800495817679448,-0.009496681468332003,-0.0021582924567804824,-0.003983810953457257,-0.006662521237229831
2003-04-09,-0.00898141687484715,-0.010708906701194,-0.008045921874205338,-0.005196388530363248,-0.00859529082653393
2003-04-10,0.0061500319101257545,0.006276240067274898,0.003643673587533773,0.0013441611660950552,0.004928776424450557
2003-04-11,-0.0031514804678033147,-0.004174492313240748,-0.006399710866568787,-0.0021268456645841967,-0.0035773515527984566
2003-04-14,0.01652845222384199,0.018514635716171887,0.007212983041017364,0.008014000956666394,0.015971113632071147
2003-04-15,0.008360759563322093,0.010110393363130452,0.005703737579530126,0.004346188208667063,0.008004603257734817
2003-04-16,-0.0055957438130631275,-0.0031264758084238627,-0.005242605528244945,-0.0028644574178921566,-0.005676725658369805
2003-04-17,0.013514567607290483,0.013738798503461339,0.012165500857934535,0.005081562621572377,0.011142327921535855
2003-04-21,0.0014516065961954433,0.0035215007677559295,-0.0021102850372913757,0.002228968887714798,0.003084367829205113
2003-04-22,0.01675764915872479,0.02074592754932239,0.015243388717390326,0.012718446022499321,0.01972971931307322
2003-04-23,-0.0010340231527956544,0.0026069323622349445,0.006918704121808512,-0.001556670721594962,0.0024635211208350665
2003-04-24,-0.004004387633095175,-0.0070407212219328556,0.0041199503855683895,-0.004510977073915692,-0.005133400227850735
2003-04-25,-0.014141119617694767,-0.01933739240700134,-0.003954756446196442,-0.008683374716181243,-0.015654795229368537
2003-04-28,0.014195312775040443,0.017402057654994193,0.011360515108719807,0.0073419649555704885,0.015964099330910524
2003-04-29,0.00426994048173608,0.004501942057274786,0.0013656812882097769,0.001892015132411974,0.003218478017292996
2003-04-30,-0.004368456075172417,-0.0029209580529313355,9.084453593149252e-05,-0.0024107339495788053,-0.0026212305058409035
2003-05-01,-0.00032666124779972996,0.0007753512082430611,-0.0041502169798173115,-0.0013111303972202573,0.000895582383905236
2003-05-02,0.015673804846073624,0.015396583570284379,0.012241331912885393,0.008188880075620367,0.01398316678511302
2003-05-05,0.0002489245509083903,0.0012744539157788079,-0.006011949174050905,-0.0015024155977159306,-0.0003135413112912509
2003-05-06,0.005435297597065293,0.008781603497287311,-1.6107490809280818e-05,0.0037295839184695663,0.00671203315080449
2003-05-07,-0.005378899566386764,-0.00681904105747717,-0.0035598201460002353,-0.002484401447282356,-0.005839990610320824
2003-05-08,-0.008537123924632838,-0.010983501393237123,-0.0034188336930298328,-0.003183696756816129,-0.008081805575585093
2003-05-09,0.013522804675971941,0.016305443589955435,0.0065034664415067524,0.01105832470286628,0.014076433688740068
2003-05-12,0.016153724520706167,0.01569290544065845,0.004874631421848054,0.00823697623442306,0.012785564406662675
2003-05-13,-0.0014433962362818736,-0.004286064985789421,-0.0013600997390866617,0.0012526804680057994,-0.004733703765564526
2003-05-14,-0.0054004648767623665,-0.006410986696067621,-0.0002829992718733896,-0.0006209114249820717,-0.004432310700334604
2003-05-15,0.00791645198684809,0.007712832146827497,0.003618725795283365,0.0014162225474214371,0.00748454561264242
2003-05-16,-0.0035522864018553767,-0.004040638902899469,-0.007371439623409654,-0.0038809983842796668,-0.003476684707009581
2003-05-19,-0.028442763965646864,-0.02661555627010244,-0.011627336183953365,-0.010373137362547021,-0.022733913299821253
2003-05-20,-0.00344944088328275,-0.001886064932599058,-0.004402881985138812,-0.002717057180905087,-0.002343790991171794
2003-05-21,0.001516470997483448,0.002855257392185659,-0.0021237053945668593,0.00029937182067375133,0.0022256785803822583
2003-05-22,0.008359689108200653,0.007120668622666663,0.00803662448273733,0.0052450039797922315,0.00630806807207127
2003-05-23,-0.0006221104846486968,0.0004897431110175935,0.0011705970509414835,-0.0006618395982319141,0.0009707852227636589
2003-05-27,0.02529149805574188,0.026244500370629805,0.020038750696174543,0.015181461643718148,0.021823525311591582
2003-05-28,0.002575414665944888,0.0042355284898791595,-0.009392256565447937,-0.0006763573885069323,0.0022228698567258766
2003-05-29,0.0044757968618346685,0.00284749778281983,-0.00013904930683292347,0.00015181062054935154,0.0018356834110744263
2003-05-30,0.014874470733828067,0.014212534425513918,0.008688085527654859,0.008054587533971262,0.012957353741701542
2003-06-02,0.0004981581853371558,0.003677633695972703,-0.006308270309833319,0.002133337434580743,0.0025538597615064633
2003-06-03,0.004442168049682244,0.0038545116168688313,-0.0018273176775752459,0.0014577999242073748,0.003059475394873639
2003-06-04,0.012712869918880104,0.01812704684258261,0.00395346345237793,0.010748691297142659,0.014629398430125898
2003-06-05,0.007458153033636353,0.006565065870718686,0.007897231340174948,0.006702932766225562,0.00523118429187277
2003-06-06,-0.008949155875936353,-0.006030088635349689,-0.0028054476208743415,-0.00067801718251167,-0.004218876779883392
2003-06-09,-0.01524285397309166,-0.015727932346907645,-0.012238122938492961,-0.006882988835054306,-0.012520437905001507
2003-06-10,0.0073010874466008634,0.008464458673296163,0.005458251161817411,0.00783098341620993,0.006848159939269374
2003-06-11,0.008493248619250555,0.009218096363545819,0.015538915436411536,0.006901803035995214,0.009078129868141292
2003-06-12,0.004932738240696765,0.0035566407544314416,0.0037293700455337747,0.002136674150655107,0.003542679280379769
2003-06-13,-0.01212142727508882,-0.014298880460683547,0.0009477537503769784,-0.008334127409651806,-0.011047314274878518
2003-06-16,0.021222218579155044,0.02086265744088898,0.015026895807444755,0.009608967928307142,0.01923617138550502
2003-06-17,0.0017318478267320388,-0.0004068458517138069,3.5168723744265717e-05,0.0005463773117443673,0.00024991269339001834
2003-06-18,0.0014991456326371867,-0.0015573479270763746,-0.006300858935858857,0.000625208429878528,-0.001975769688404431
2003-06-19,-0.013811108796107049,-0.013861375877660828,-0.012248274787029792,-0.008707725892858712,-0.012139675484350946
2003-06-20,-0.003496820195186402,-0.0028637054188707244,0.007974541974340492,-0.001298107721120243,-0.0010049476083882753
2003-06-23,-0.014322698174353452,-0.015464081139491794,-0.009438649314403174,-0.01025573856008923,-0.013676635855551462
2003-06-24,-0.004898016222637633,-0.0020741515642534233,0.0018949317090081307,-0.002003197955042958,-0.001137378970058145
2003-06-25,-0.0038931276101704096,-0.004717735919032547,0.002433551684420098,-0.002856924116919002,-0.005270181061171379
2003-06-26,0.011050631521260597,0.010904702795988739,0.0019621590098868606,0.002631330931730044,0.008508267314040885
2003-06-27,-0.006258729532244241,-0.007193910351270718,0.005914045631309027,-0.0008943207757656453,-0.005806983601717549
2003-06-30,-0.004501607064150591,-0.0028646555185858776,-0.0073117114561660115,-0.001353825763488189,-0.0024760992832904847
2003-07-01,0.013856344455359566,0.012018870601080053,0.005350814843561554,0.006387674102861589,0.009691301750627598
2003-07-02,0.015809186429530223,0.013555976928784437,0.009422234525164382,0.007302003108589391,0.011229405952229713
2003-07-03,-0.004634335144309471,-0.00636845689125164,0.0070016524004068185,-0.003363563454858081,-0.005602737869460552
2003-07-07,0.021735965582405245,0.024082161695726717,0.0026652039275069654,0.012930000375339465,0.018715641966420515
2003-07-08,0.0032779132487504776,0.005690574114854853,0.003277465625177651,0.0020025339033616888,0.0036740150780308223
2003-07-09,-0.003513088080875057,-0.002288152290618008,-0.00026483485269415317,-0.0017840744879093246,-0.003267192736734105
2003-07-10,-0.011440884556438477,-0.013746649753944639,-0.0007042339220556301,-0.006150580431059462,-0.011372453092902052
2003-07-11,0.008704546060527674,0.008127027594876348,0.008476609418475382,0.0034317238300161793,0.007600718613747897
2003-07-14,0.01675611424584686,0.015206365497712426,0.02506487726890677,0.003703652936296877,0.012179691966866156
2003-07-15,-0.0030955347742100403,-0.002182907835134437,0.010233226197020915,-0.0010474425390334559,-0.002436350558118097
2003-07-16,-0.0042672313520811835,-0.002031898355515795,-0.004981372772090879,-0.0008849999998416518,-0.0029365471492564105
2003-07-17,-0.01423159437084491,-0.01789468141785372,-0.010713077214522242,-0.0045641545872722004,-0.014146668162154378
2003-07-18,0.005373635036237099,0.00954003703661691,0.014498086231870527,0.010481294100034176,0.010071191424334939
2003-07-21,-0.010857259878614104,-0.011709589379472751,-0.0038903140582882013,-0.006080561935507041,-0.009932012798441149
2003-07-22,0.01436641030975909,0.01518299749207078,0.007235050503165365,0.00882949185212771,0.01271941847508797
2003-07-23,0.005934238696693503,0.0075413474871990046,-0.0003874437378274039,0.010069281208999192,0.006201412261244729
2003-07-24,-0.007044473834411103,-0.00819020272725312,-0.006917348388002021,-0.007595015720690522,-0.007299183739447731
2003-07-25,0.0031586005002496474,0.010950795811691779,0.012853820484317942,0.0033998048853048123,0.011370056641901976
2003-07-28,-0.0012713042046191112,-0.0010105808892252252,0.0037539670515387303,-9.86944985836831e-05,-0.0019500385745795743
2003-07-29,-0.008884258313187128,-0.008885363177183091,0.0013467326849463095,-0.004545371601569947,-0.008069038743784156
2003-07-30,-0.0021221035800511783,-0.0043222100667224626,-0.005600258921749844,-0.0030713781788023428,-0.003664015073246211
2003-07-31,0.006443576485588283,0.006211548834916627,-0.0026427217995549195,0.002592620882428995,0.0047464871588973525
2003-08-01,-0.011635609586694906,-0.010050939400693966,-0.015707185385997736,0.0006303558446840998,-0.010227189405908018
2003-08-04,0.0008040258075102315,0.0018835113554169316,0.0028336638069191246,-0.00047118923987325917,0.002587029148431279
2003-08-05,-0.018947136816916524,-0.01897862301721749,-0.01833428594988361,-0.01196497613989225,-0.016406878705763937
2003-08-06,-0.00026317345884670077,0.00032437701745002877,0.00038185054410881485,-0.0021968556025530233,0.0020498644891569686
2003-08-07,0.0027981980259170263,0.002470145324813675,0.00024140317506430534,-0.000531970681705988,0.003742960852164399
2003-08-08,0.001915589073235861,0.0005870804816000663,0.002916489329318515,-0.0030700395089611207,0.0022758548117818357
2003-08-11,0.006436004645206581,0.005959010936409241,0.003801475456495962,0.0020611608500676706,0.004430837635679975
2003-08-12,0.010063430472186788,0.010050120808757057,0.004235925862114784,0.004379652929423594,0.007572860947801813
2003-08-13,0.0012491288108640618,0.002191779867235702,-0.0041816458332126286,0.002167244808317045,0.0004872005667378393
2003-08-14,0.004894769003213763,0.006608663164111472,1.4370962872459377e-05,0.0011952461757661992,0.006104554221026841
2003-08-15,-0.0007327318012578253,-0.002108719452180176,0.001296003799879483,-0.0018778759826225647,-0.001629783398043479
2003-08-18,0.018583545358765573,0.01749007937793992,0.013977040507227654,0.010048268792960627,0.013556206204736427
2003-08-19,0.007604973488459818,0.00852914402270487,0.005846990063879961,0.00887688095311911,0.00653946029205747
2003-08-20,-0.0018004952540388946,-0.0017882122162051098,-0.004755243900643543,-0.0056119395435180654,-0.0010774235239007833
2003-08-21,0.007211042652147853,0.009113414841889291,0.0059296208535917485,0.006985584609541478,0.006248624910305015
2003-08-22,-0.007912558915407625,-0.006197200405611133,-0.011735414427291094,-0.0020953859064743218,-0.007326912764307848
2003-08-25,-0.0030782236215837694,-0.0033382687763871136,0.0009767081179265762,-0.002495850356217808,-0.002584800682036637
2003-08-26,0.0037570328089409984,0.0025468830811660095,0.0013543491602944018,0.0024448417664066956,0.003316120813250313
2003-08-27,0.0064452264053980884,0.0058394793819522605,-0.00035555704878316484,0.004038227991984297,0.004645835522446085
2003-08-28,0.019298245049483503,0.011713564331715966,0.0110660155080951,0.004806593464447307,0.009092928847937021
2003-08-29,0.005131710085423159,0.005488254582111432,0.0013074797500842428,0.003377841416787499,0.004934217928317535
2003-09-02,0.006782217999051652,0.008566757621052554,0.007123909547987659,0.002938508066042152,0.007572781758642531
2003-09-03,-0.0025899691725868902,-0.002516836998041363,-0.006365221235757237,-0.001952567731175639,-0.0004265291781931999
2003-09-04,0.004173224182451379,0.0033996996702240234,0.004654681716350802,-0.0002149268065563754,0.0033314051698184236
2003-09-05,-0.0033463902889054706,-0.0033582198933237023,-0.002573107708471416,-0.0008021954499060532,-0.0032526748872319018
2003-09-08,0.011366536746748866,0.01335197960145643,0.008952003329378901,0.009825664950966833,0.011282259514207325
2003-09-09,-0.00834853941875155,-0.008041508352839736,-0.00277712310476597,-0.005554264973667806,-0.0070742968801421275
2003-09-10,-0.019137330692399594,-0.019881002070490005,-0.01612006182126392,-0.014724829808772457,-0.01504845157127176
2003-09-11,0.009784931278027646,0.009467384207001432,0.005417887111930133,0.006061074816754573,0.007912089700654148
2003-09-12,0.0024203997166874036,0.00265907432853918,0.00010525999855981742,0.0006477601952296173,0.0019090372942825733
2003-09-15,-0.0045679385617990245,-0.005584817416916621,-0.0029021711498628307,-0.004900367001526129,-0.005164479257696189
2003-09-16,0.010397030181325923,0.015029047605332803,-0.013963578685734395,0.008541391361834526,0.011238702380928434
2003-09-17,0.0030974923321800425,0.0003687992336004122,0.0032628783958497947,0.0021563411971424664,-0.0007003202048752544
2003-09-18,0.00908430039085625,0.008791199545700045,0.002544108346452729,0.0012180695144192242,0.007597501401981626
2003-09-19,-0.003412582492878856,-0.00240513168497996,-0.010251014936907107,-0.00029469374241977687,-0.0024509109459206445
2003-09-22,-0.012930153956608164,-0.014086413528894783,-0.011637709034905188,-0.0066694683960069785,-0.012070266489538965
2003-09-23,0.007007684986385746,0.006986185616720051,-0.0036469284993336367,0.004088881851027959,0.005526725591352261
2003-09-24,-0.020762471040102818,-0.022054602123917553,-0.01210797514473836,-0.01048987873657954,-0.01789340169288124
2003-09-25,-0.007175069781414171,-0.006765769657559831,-0.00398697349575107,-0.004831225470618597,-0.006049979386830367
2003-09-26,-0.004988758424212068,-0.007504371153308421,-0.00012496948843344294,-0.0022730545964288365,-0.006376566593309503
2003-09-29,0.009708974297447716,0.01157636431347955,0.003924458899482667,0.004845160636053436,0.00980039080422041
2003-09-30,-0.008695221505940796,-0.011184034394027653,-0.0012922270908546894,-0.006250730374132496,-0.008811009310413818
2003-10-01,0.018690953471813078,0.02042719803190999,0.0111831470002074,0.008381684311698005,0.018550513006076068
2003-10-02,0.00605909671891287,0.0061110451972730545,0.005227605358886962,0.003331088651729275,0.006102793871444776
2003-10-03,0.013807222869637814,0.014454229072169244,0.0005867743033705158,0.005618453242973479,0.009840177277746045
2003-10-06,0.005661144003443737,0.004017478529699931,0.0021664530748064016,-0.0006890255886612693,0.0035034654240278414
2003-10-07,0.0036488087638023433,0.004673692077721033,0.0012157101641940683,6.960920295054677e-05,0.004210237036002477
2003-10-08,-0.0036888875861681185,-0.0036504247418507737,0.002761746402828209,-0.0015033716481527698,-0.0029412214778852747
2003-10-09,0.008516923284103271,0.00803492473516183,0.0026698611668118945,0.0032320509605427137,0.006082439669070838
2003-10-10,-0.0024083101446791245,-0.001293912944923484,0.0016200288447539085,-0.002033300813681973,-0.0005368335816827972
2003-10-13,0.008027108582632147,0.008377552997461573,0.005941668374550593,0.0014013119619442147,0.007883695946400402
2003-10-14,0.004959983235654328,0.004978902609729256,-0.0005420710546576971,0.0034344364040958,0.0041811847780658185
2003-10-15,-0.006446112887361234,-0.0032671554059498396,-0.0027389093052827837,0.001503654988697251,-0.0035715908146063363
2003-10-16,0.004199834187132422,0.0031044122670745977,0.00013402167637111695,0.001366693875092591,0.0026454822418766587
2003-10-17,-0.012177328144247124,-0.011967103634335147,-0.011083695878557367,-0.005281680720367136,-0.010209983482566251
2003-10-20,0.00571124125237606,0.007161401204700336,0.004708362869249817,0.002342686627976415,0.006453670029529792
2003-10-21,0.010240229320615453,0.009504246581683336,0.002605545298219848,0.006128274742474408,0.0077954583891108814
2003-10-22,-0.02404247186917419,-0.02053880985841454,-0.011607189729894076,-0.009962598855292007,-0.016713140515266053
2003-10-23,0.0016992899958884534,-0.0013179408187398473,-0.0022495341280541307,-0.0006929288843415179,-0.001042001907495777
2003-10-24,0.0017562091501107401,-0.000899798658147138,0.0029447542906808274,0.00030503222586068877,-0.00045586267076681917
2003-10-27,0.0026631283927498403,0.0049762091477703226,0.0005055902215979039,0.006948355587454606,0.003583357909841092
2003-10-28,0.021170468383381526,0.02310596688394384,0.008244265135519523,0.007637091415075839,0.018766938856599615
2003-10-29,0.003518723442421932,0.0029381742439089273,-0.01818901461320606,0.006429348976547775,0.0012154702035978098
2003-10-30,0.0028611587695097957,0.0006261237734133591,0.008112649934044952,0.0027904985258259906,0.0007591720898065583
2003-10-31,-0.002440298714111199,-0.00022046871875653078,-0.002522639877065801,-0.0037604132718253034,0.0012212681645104694
2003-11-03,0.012330078686885546,0.013785297783214658,0.004289830382979393,0.006111970013176108,0.009938631138255737
2003-11-04,-0.002835949358495294,-0.001938859060904608,-0.006492863511475138,-0.0008516404309767015,-0.0026893907971634085
2003-11-05,-0.0018061088802551078,-0.0012416752207942976,-0.004072136336928442,-0.00022890930126756576,-0.0020842715984683026
2003-11-06,0.008401175635261406,0.008422503304276848,0.006402064705084912,0.0042914523434087,0.006881812360696599
2003-11-07,-0.006991440953754982,-0.005821330087635804,-0.0019027456057310126,-0.004819360092405257,-0.004638279125375705
2003-11-10,-0.012745176395723156,-0.011972765115158625,-0.009279195872040614,-0.00974664152856201,-0.009421942669186726
2003-11-11,-0.003053929910592056,-0.0010161735017950348,-0.001095722898689839,-0.000756829510945933,-0.00026825384766114975
2003-11-12,0.018223527581763762,0.01613776700520785,0.011802612950947257,0.009026513840229074,0.014184875614833826
2003-11-13,-0.0005563269147258235,-0.003117159958731222,0.0011256887945078576,-0.004167210982011669,-0.0011743266311299396
2003-11-14,-0.011327406397885093,-0.013702358094739608,-0.008047351435033417,-0.005863191446199817,-0.00962676175218311
2003-11-17,-0.006549312946586723,-0.00802738730966266,0.0032059578228059707,-0.003830341014813417,-0.007100806645514117
2003-11-18,-0.010674773899955576,-0.009676628003234936,-0.0036810110533868684,-0.005276085398545102,-0.007448602277689803
2003-11-19,0.0034816486946317076,0.004498550771404331,0.0027208408818549627,0.0025516602783147778,0.004006573839195251
2003-11-20,-0.007119592445639891,-0.008783283161136485,0.002044942689023846,-0.0027355199622589076,-0.007435194582893109
2003-11-21,0.0006302811063498498,0.0028627086083580326,0.007020192061336338,0.00011697020128067419,0.0020306154583254773
2003-11-24,0.020628379474212873,0.01975005400378268,0.01340480945302849,0.008735344836502321,0.016547797000120983
2003-11-25,-0.002765296586814174,0.0013473472535101218,-0.006073639698523281,0.003215674831498542,0.0007678909170088532
2003-11-26,0.0023240737909376065,0.0034152459265831344,0.002423965176406376,0.001003277443730299,0.003387211712966756
2003-11-28,0.0014848553249416,0.0021926630816006395,0.0013741052972397853,0.0007298882495131529,0.0018048824478993364
2003-12-01,0.013280840231262555,0.012876131355931665,0.009138960355765844,0.006475900608520979,0.012670002051794282
2003-12-02,-0.006659906355479693,-0.004925113785459312,-0.0012968801701380155,-0.0019947362427386586,-0.0032875314147720147
2003-12-03,-0.005444834604361036,-0.0036537544578831857,-0.004436264207968659,-0.0028880251469337133,-0.002498074237085087
2003-12-04,0.004866425462437661,0.0034629979314658122,0.0025482168337238324,0.0002019162071930403,0.0034315057840672517
2003-12-05,-0.008415796692063101,-0.01003685350572144,-0.005960882550061146,-0.0031854448287359305,-0.007724947380793991
2003-12-08,0.0029482843755201087,0.0024084423180845095,0.0028705651027371025,0.0020705014103217555,0.0025529047042041494
2003-12-09,-0.011349107663900246,-0.013515893998919896,-0.004234120863695156,-0.005624455490869493,-0.010743000053788773
2003-12-10,-0.005932356772517966,-0.004246712025269219,-0.005944687596294268,-0.0012387261941651509,-0.004219288082040434
2003-12-11,0.015601663663982962,0.015250486718129532,0.004154894554079474,0.008791912335827032,0.012025171812785432
2003-12-12,0.003835711715053023,0.004943737099909516,0.002114574931467212,0.0039467340456302465,0.004705754457298457
2003-12-15,-0.010545324829135087,-0.009248648627156584,-0.0012153262898441724,-0.006170040417076047,-0.00642786002281373
2003-12-16,0.0034161086484168377,0.0029748008057497556,0.0013257474773334607,0.0042412741803067346,0.0030421954030089987
2003-12-17,0.0020638766493574663,0.0007943363205126907,0.00885850590321802,-0.001446335904410469,0.0018334182731315125
2003-12-18,0.014779443798148825,0.014784996841526614,0.01064264714132826,0.007854164214539508,0.011209380633895243
2003-12-19,-0.004859107298014433,-0.004361884576904305,0.0023646843165243273,0.00031767557244095413,-0.004249755503904114
2003-12-22,0.005123490604876992,0.005929790625391023,0.0014303306183895948,0.004210902696805755,0.004574013556053677
2003-12-23,0.004585567077244021,0.005362191749274044,-0.0009893793614805474,0.0037691314124141274,0.004502734996841958
2003-12-24,-0.001687923805001918,-0.0017702260891839516,0.0011564620168727855,0.00043378610037095484,-0.0014559184060301952
2003-12-26,0.0020417285618086105,0.002283037523178424,-0.0002986585180154985,0.0013441316763716548,0.00263724236960369
2003-12-29,0.010950865132447973,0.013283134042360461,-0.0013433262855893555,0.007322575186698064,0.012087272489657967
2003-12-30,-0.002432057022096285,-0.00287863446043222,-0.0020841921475477716,-0.0022927150690836453,-0.0025021328832644475
2003-12-31,0.002073621746119759,0.0007933318639058331,0.002417152936236483,0.0007594332713493414,0.001366572909467467
2004-01-02,-0.0015705082782486455,-0.003018202089912347,-0.0006487101683659974,-0.00012433270727640108,-0.0031867720964524637
2004-01-05,0.010258082529564349,0.014889216509681998,0.0010248696664428222,0.007078560953435966,0.012933367590987205
2004-01-06,-2.3489042492472287e-06,0.0006653787889380368,-0.0025483370288377034,0.0013459318907233077,-0.00039832523155907816
2004-01-07,0.004323312203080061,0.004045619396920889,0.012090498136851778,0.003331360671566562,0.0027815972414290875
2004-01-08,0.0054732024682091224,0.006580451212488702,0.003097569592004427,0.003876318259698552,0.004468587426275787
2004-01-09,-0.007237038026780038,-0.00890513319565571,0.003967272085105847,-0.004175034522734354,-0.008170602978057686
2004-01-12,0.003402642424403259,0.005238377028876671,-0.0017675398482739667,-0.0016622212147219856,0.003420411750246941
2004-01-13,-0.004156218759625573,-0.005347056632733948,-0.0034741571201375786,-0.004037622721922695,-0.004848088494404159
2004-01-14,0.004685691571901088,0.004935551572468335,0.0018530996043820307,0.0033231990291924182,0.0040698142277148875
2004-01-15,0.0015485076729615675,0.00232284657609002,0.0013326617173436272,-0.0010475476228079515,0.0008341135383090835
2004-01-16,0.004921808700670279,0.005153661879030928,0.00469751377532182,0.005042961961352779,0.0035705863748062778
2004-01-20,-0.005192667152809215,-0.0031062782773415972,-0.0004974411088942527,-0.003328556485039605,-0.0023921484079893734
2004-01-21,-0.00016300327371234803,0.0012787513992467965,0.006272270542295675,0.001538328273250574,0.003100779873446
2004-01-22,-0.006905756003152901,-0.00690822858346153,-0.003365173531430741,-0.005964029755198257,-0.005553466894140146
2004-01-23,-0.004854438640738326,-0.0052063318779426646,-0.00017071754579768474,-0.0018266352310049951,-0.004210950238470436
2004-01-26,0.009683378917795749,0.011479624178171449,0.000884618022259418,0.008047405372824529,0.010748240312492198
2004-01-27,-0.010513959225654634,-0.009698671870206916,-0.014539035676421687,-0.0001096044047219167,-0.008244236005229524
2004-01-28,-0.008403402688603095,-0.010168920179174864,-0.0024097458287339747,-0.002254827239709444,-0.009053705402164809
2004-01-29,-0.00066470822904721,0.0010533841337550807,-0.0017393054470987597,-0.0006925875074183938,0.002309933104225193
2004-01-30,-0.0038064112015782467,-5.0623425172459976e-05,-0.013854909339787724,-0.0007931768646951519,-0.002478334413427734
2004-02-02,0.0005531580560337977,0.0005245935552814615,0.0013044345708357894,0.000216630867518948,0.0015783506084730099
2004-02-03,0.00098147147609727,0.0007710756082053607,-0.0022114859353750335,-0.0012677282128915738,0.0008881338953533257
2004-02-04,-0.006046389962752908,-0.009321376067252453,0.0016845932522005843,-0.0027033429279762163,-0.005637600358464583
2004-02-05,0.004753354311441534,0.003248211459531667,0.0025343129800535122,0.00328695506869251,0.0038093900818797666
2004-02-06,0.013050010165351095,0.015253483308855127,0.0010294697014511106,0.00661973730203439,0.011683256342987256
2004-02-09,-0.0007412782677371226,-0.0005958587805675102,-0.0005671912237617568,-0.0018097290965961663,0.00025373986434904807
2004-02-10,0.003124488457478829,0.0032307277072817697,-0.0015234984266983397,0.0008860152284281686,0.002939723833509791
2004-02-11,0.011935995383860504,0.01326011781214108,0.003548491661731873,0.0044211590084071665,0.01157497932815936
2004-02-12,-0.004904285060814209,-0.005974515708366389,0.0033559566419763126,-0.005033727813292633,-0.005469913941019016
2004-02-13,-0.0029938172044275298,-0.003836385783674168,-0.0017686692963508085,-0.0015874097459729784,-0.0034161469376134657
2004-02-17,0.005538583450174274,0.007210195723569945,-0.0006919521730120461,0.004739693896436734,0.00644460044394345
2004-02-18,-0.0017274038242850425,-0.001605129115359294,-0.0035750654884816476,0.001735314383995819,-0.002911016098162531
2004-02-19,-0.006540430986415331,-0.005508391745341876,-0.007112235227150733,-0.0033941085145107186,-0.0047103355449200565
2004-02-20,-0.00306493322398027,-0.005067519038787126,0.00010356570610375903,-0.004807329179248098,-0.004115944531064279
2004-02-23,-0.00645851358278857,-0.0068903434671925,-0.009028869636237676,-0.005947645199460843,-0.005063414483412108
2004-02-24,-0.004272764886432967,-0.0025598426512665065,-0.005456733282910459,-0.0021181372553868345,-0.0019516683790693082
2004-02-25,0.006516988975221299,0.006822254819571197,0.0053620628988342205,0.003136221793290076,0.004864504650040066
2004-02-26,0.00112383974202489,0.0008410255033934305,-0.000555241986922112,-0.0015917567018715766,0.0003631888809943904
2004-02-27,-0.0013211526751729442,-0.0017659043654301035,-0.00262309279020325,-0.0001038948801130999,-0.0008578344230115364
2004-03-01,0.007018635312727129,0.009731058915857013,0.002963848099422178,0.0047313392665959365,0.008736116330116237
2004-03-02,-0.0070909937281796245,-0.004520198992804442,-0.004898973489980277,-0.0012336831852884787,-0.004513296348444053
2004-03-03,-0.0005132172454813627,-0.0004249560809109748,-8.128117206204506e-05,0.0005487383711981343,5.3603958763909676e-05
2004-03-04,0.0018615870577107342,0.003933030816121818,-0.0010184324938890068,0.00159376089594697,0.002170102633556661
2004-03-05,0.0014478604149575707,0.001063535982970127,0.005958603582053741,0.00034251998454972967,0.0016869857042644326
2004-03-08,-0.010533419535603715,-0.010561227221132188,-0.006308327393080302,-0.006731469046927173,-0.007916542273497385
2004-03-09,-0.005212820340694154,-0.005343574863930758,-0.0006771215968743626,-0.00291541436614733,-0.004587872872043364
2004-03-10,-0.011505345983226684,-0.012411971066085385,-0.002660400568510261,-0.008403198187942024,-0.010743778420911627
2004-03-11,-0.011881746269265513,-0.01294728124291409,-0.004653565766680863,-0.005700744745506784,-0.012509010042630535
2004-03-12,0.01357009919545324,0.014636602531426705,0.006907698736475576,0.005503434066370831,0.01143745861293926
2004-03-15,-0.01160741864131702,-0.013254272466730312,-0.0074750864257006906,-0.0038912575347409316,-0.011843712528347882
2004-03-16,0.007178497508509579,0.006081476365134264,-0.004257003194996592,0.0029848150566915968,0.005697068129111303
2004-03-17,0.009207814137185476,0.010634149200915231,0.007554333488562395,0.006023184258172785,0.008714637962292791
2004-03-18,0.00015682081867643497,-0.0006236919451807674,0.0008887424954394017,0.000845986451312752,0.00020115560596323636
2004-03-19,-0.008077787172599268,-0.009587275470764468,-0.007576252080304215,-0.005146369932710876,-0.008538305578521614
2004-03-22,-0.012589067804746352,-0.012922017257730015,-0.00614747806649309,-0.005395764403021789,-0.011638983064316405
2004-03-23,0.0011833415814724887,0.001021852714831988,-0.00122437653712636,0.003333070722424584,0.0009572907132246827
2004-03-24,-0.0014349344520766649,-0.002387585856642833,0.002575945009771302,0.00023552835895021887,-0.0030538094070829934
2004-03-25,0.017887633370544047,0.017526035699023404,0.00932938047463549,0.005546482337665428,0.01622932317066931
2004-03-26,-0.0001926642609532145,0.0005903315161541495,0.005026709315919254,0.0019207284122040467,0.0010564105731901987
2004-03-29,0.014962018275944896,0.013347226639268631,0.00950883946114419,0.0048337184420788265,0.011602809140939469
2004-03-30,0.0014830257871084292,0.0026139694431881588,0.001367565789493258,0.0013188557955773467,0.0027166249173656036
2004-03-31,0.0018389407857962422,0.0018234167471399738,0.000779441977809572,0.0023936673088104233,0.0017489332941279401
2004-04-01,0.005384334120913228,0.007085468720298667,0.00598290095703641,0.004283812837704274,0.0061456133517319555
2004-04-02,0.012132372381866131,0.012537957276564198,0.00960553672564336,0.008365961402246526,0.010779268683725762
2004-04-05,0.004437051163512699,0.005373744045027128,0.0019129107435366765,0.0033205229517292195,0.004339853896986034
2004-04-06,-0.0037035427002378744,-0.0035109228599815123,-0.0010619947216635689,-0.0005629334523993283,-0.0017149550297920204
2004-04-07,-0.004767398955073304,-0.005541307190637284,0.003005334894900449,-0.0018463443059842707,-0.004894272218321797
2004-04-08,-0.003408826497424186,-0.0023160859148113927,0.001723903184590641,-0.0008789329744877725,-0.0026034564826013327
2004-04-12,0.0036948234904978193,0.004480474913767965,-0.0031099468738979993,-0.0015081989874476905,0.0031027880106759527
2004-04-13,-0.011074226697175202,-0.013071264117031762,-0.007796159323374012,-0.00648881943877814,-0.011711729416628253
2004-04-14,0.002603556622760736,-0.0003107099753026772,0.004530443888205553,0.00020068064355707602,0.0023057204477792874
2004-04-15,0.0006175964131045837,-0.0013055014738517074,0.000665097882593071,-0.0024468380331576327,0.0020573528252701787
2004-04-16,-0.0012830432615256642,1.6233414852667672e-05,0.0023896162918708016,0.0010142738156057938,0.00038364666499261736
2004-04-19,0.00260078043641782,0.0015475355370403651,0.003798513745129204,-0.000632596963360158,0.0007879961806428546
2004-04-20,-0.014837806690257468,-0.016645216054793487,-0.00701222978097944,-0.008549363499920217,-0.014723194712898915
2004-04-21,0.004459601892416473,0.0035779288738385876,0.005926714188891256,-3.2230792746966767e-05,0.003517674100768337
2004-04-22,0.008663123794604911,0.009416542304488785,0.0038981361039389286,0.004228555763441008,0.010124728271215713
2004-04-23,0.0012040743460053542,0.0008137048558357907,0.0011996770683912297,0.00021640689856347118,0.0008427586853520068
2004-04-26,-0.004100130735084574,-0.0051300039267177,0.0006766600472202311,-0.0018697153930347806,-0.003725666128327974
2004-04-27,0.002013736232299147,0.0011366893653440538,0.004872344545536189,0.0004299013807671602,0.0018580210631202318
2004-04-28,-0.008713543211720036,-0.01419776806371818,-0.0014809147719190637,-0.006884110702310672,-0.012180952129749945
2004-04-29,-0.008180506714456557,-0.008510612874488344,-0.0026239662879955026,-0.005578015122274663,-0.005544640967816901
2004-04-30,-0.006322421163230224,-0.0070037972066886965,-0.00023048119781781252,-0.0019014309803197195,-0.0052945579230809295
2004-05-03,0.010140532625440507,0.008748564587874383,-0.0018294201919985121,0.004692351904009637,0.009954477507692773
2004-05-04,0.001541639747185053,0.004427907279508625,-0.0032800681891578887,0.0011595107643105225,0.002903935594047244
2004-05-05,0.0029761097005548704,0.0020916650482853574,0.005211383765184367,0.0017765376152489027,0.00137295376587579
2004-05-06,-0.005110560774652906,-0.004325847346897342,-0.00425423357055127,0.00023405192124259825,-0.0034889595219024915
2004-05-07,-0.009678008193201106,-0.009836381177854993,-0.008351921882611121,-0.0020007069852912766,-0.009454499168111611
2004-05-10,-0.00890059133235122,-0.008593575242048854,-0.006486885083602363,-0.004380837833652507,-0.008037130718130728
2004-05-11,0.009319404059910715,0.009247687434002312,0.00383410111156678,0.0029773663232592487,0.006793990469436643
2004-05-12,-0.0008890081525915383,-0.001331176592494861,0.0008855564691189551,-0.0004343416009931851,-0.0005286830610731014
2004-05-13,-0.0003022782038518998,-0.0006950644371198153,0.0010382719484437041,-0.0017503472493507202,-0.0015508781443974568
2004-05-14,-0.004294690646483077,-0.0035942459262493036,-0.003900603378380913,-0.0016826993202262908,-0.0022899824040187445
2004-05-17,-0.006120098810020453,-0.00772353376257451,0.001830336234571738,-0.004302039357741174,-0.005782218466638637
2004-05-18,0.010137124753641088,0.00909297537054448,0.013202203756289173,0.003395838421633848,0.007656859054449034
2004-05-19,0.0011532362494224146,0.0015929976799003579,0.0009646572589366701,0.0014360087205406034,0.0007132689642399821
2004-05-20,-0.0005861013149840975,-5.0984574549130045e-05,-0.00197293230984195,-0.003886027700252514,-0.00014655909192292033
2004-05-21,0.004888065059909337,0.005646956403409216,0.004577647084166402,0.002575704975762892,0.005415775154703544
2004-05-24,0.0040509993451488015,0.0024867772756104528,0.00214806633580741,0.0020658631211800515,0.001152629401090315
2004-05-25,0.014919651267998865,0.015778021856858983,0.0058428820391461505,0.008349455700953991,0.014312553258268405
2004-05-26,0.0044933343829992155,0.002155984795707813,0.007994097686027251,0.0012408697395101585,0.001872927873245256
2004-05-27,0.006996032947095882,0.006634812894474192,0.006209189015860506,0.005715734908803331,0.006360042904855371
2004-05-28,-0.0007342811108403372,-0.00016215954094907128,-0.0006447234825769754,0.0011928494288146062,-0.0009799197480016982
2004-06-01,0.0009136496300878123,-0.000530359675192684,0.0024868619904946498,-0.0017437536163372447,-0.00010807062772966365
2004-06-02,0.0021209297782267657,0.00081112553777478,0.004791147832422266,0.0013133948460666133,0.001601570129347065
2004-06-03,-0.008625460519937445,-0.0102495608688928,-0.010571520411546315,-0.005849679442737993,-0.008404309879321701
2004-06-04,0.006599551512658626,0.007409881208989005,0.001349617417364717,0.004005106572227737,0.005545506994159245
2004-06-07,0.01540646628686094,0.017802567449040976,0.007498657386633228,0.007056922456658978,0.01506839580066043
2004-06-08,0.0020241928368740746,0.0009305878115577021,0.0023084343056824054,0.0011982621968849951,0.001444385325573671
2004-06-09,-0.009361373242085011,-0.009984584670310995,-0.00757096717588626,-0.006405721773316459,-0.008436534177746993
2004-06-10,0.002031819263424398,0.0018629076547879357,0.0033448467561320275,0.0014931473261387172,0.001982230882165152
2004-06-14,-0.007710117774010768,-0.00854083907784739,-0.002944527532489068,-0.004076561222638423,-0.007659040579745649
2004-06-15,0.008006416572961757,0.006700957271601823,0.010436567103478395,0.0033586000005710894,0.006197465411762957
2004-06-16,0.00021813650860120787,0.0001606641093169737,0.007721132659624882,-0.0007580038153712553,0.0007647300128428673
2004-06-17,-0.007049691751242722,-0.00671096908574964,-0.008602006693385265,-0.002455897747766461,-0.004772019308009539
2004-06-18,0.0016800736116306982,0.001485876295766717,0.007990772623960817,0.002131591333625485,0.0017650420619255258
2004-06-21,-0.0058468174639410685,-0.005459186901261938,-0.00700112354992357,-0.002066720017250636,-0.004792320846645305
2004-06-22,0.005654358413304963,0.006965079414261886,0.004865574900047175,0.002304657414236366,0.005274023002584171
2004-06-23,0.010566062893266392,0.010004755454313095,0.011716228644568987,0.006897193894425996,0.008406824761671417
2004-06-24,-0.002061041759644695,-0.0028768347894996965,-0.0004980502713915984,6.728917927468125e-05,-0.002551319349446548
2004-06-25,-0.0018278307714358374,-0.0012272452585833855,0.001896014441414812,-0.0002716005845308498,-0.003403369986362638
2004-06-28,-0.004149115005186513,-0.003972488786596997,-0.007764254524803518,-0.0031909801856054576,-0.0026913668903099496
2004-06-29,0.00857501571849803,0.00808002761019681,0.012994786116494777,0.006841141168375649,0.0067406470017705895
2004-06-30,0.0035313107789249763,0.0038070431999838463,0.004201219930831284,0.0023579409742448235,0.002912266458248728
2004-07-01,-0.00917082827554963,-0.010377869139421767,-0.0036618996110571104,-0.005454817769331693,-0.008105998355044946
2004-07-02,-0.005156847283380393,-0.0063154539998654755,-0.0018626230667109066,-0.004818101740020113,-0.004974201241484387
2004-07-06,-0.007780580988645832,-0.007881374882390671,-0.0013479599679856967,-0.0035185068203703205,-0.005714990134620403
2004-07-07,0.004687534316084497,0.0037145088464993837,0.006253981475238135,0.0037486691045232603,0.0035826029075153804
2004-07-08,-0.005745345680784449,-0.005926450945542362,0.0004350009695158622,-0.0013027072862635551,-0.004328562991730747
2004-07-09,0.0029524520675755332,0.004578712255433239,0.003316656629072539,0.005302844325300822,0.003861130576899753
2004-07-12,-0.0015397506863850492,-0.0027102484412424212,0.001120572708978679,-0.0019351526068195739,-0.001839731536526953
2004-07-13,0.0017844894496295604,0.0006143079345375438,0.0016561900224179133,0.0012919025260148096,0.0007637989059577988
2004-07-14,-0.007680165287115381,-0.00937520647061197,-0.005467534453836964,-0.005427886408025234,-0.006536497279391965
2004-07-15,-0.0017330562108747562,-0.00247936971394183,-0.00227068149184802,0.0006842936211296821,-0.0022579243853260078
2004-07-16,-0.004623979645043571,-0.004557025310547079,-0.0006268731897494531,-0.00039486543944833405,-0.002712018231981363
2004-07-19,-0.0049210443479455745,-0.0032448838723928087,0.0014095334673736135,-0.0008664653119645331,-0.0034796325164118125
2004-07-20,0.008646212745542791,0.009000963516582654,0.0003742273003858401,0.005020676192955587,0.00702890842834715
2004-07-21,-0.014493725489378915,-0.014055530396781563,-0.0015902649931984376,-0.005234703804927311,-0.012832544377270542
2004-07-22,0.004785817753592272,0.006424118937182779,-0.0038292970667874395,0.0020341288246769947,0.004975442870881157
2004-07-23,-0.012210950026465155,-0.012434897990882508,-0.008971030759754894,-0.006385251543885105,-0.0111483837297369
2004-07-26,-0.00596269891231907,-0.0035373954305832605,-0.010311842915820477,-0.0029445821637760347,-0.0033693714945705637
2004-07-27,0.010011373893486867,0.010430134499676648,0.004059839847032171,0.004682993572514662,0.009970525522880882
2004-07-28,0.0003048471145774686,0.0001565795977345793,0.0036367534534488444,-5.285528146206772e-05,0.00025925570918994127
2004-07-29,0.00959885938605946,0.009775943680195805,0.006172871385743048,0.005715905012713313,0.007428282458360265
2004-07-30,-1.9348706096070914e-05,0.0014695524123891281,0.009379389957187999,3.9293688259895234e-05,0.001940612207436885
2004-08-02,0.0053333300463787375,0.00487590096358628,0.0010284842942126452,0.0018629023240586972,0.00442775920599487
2004-08-03,-0.007145395013012644,-0.007958634983211959,-0.0016890070249589142,-0.005920662963950543,-0.006244450656407424
2004-08-04,0.0015023246886435079,0.0006407340879407797,0.00045357321317075435,-0.00014266125516417547,-0.00042377023731827464
2004-08-05,-0.012561388290511073,-0.014330690695950821,-0.006153097882740049,-0.008653726553311257,-0.013039681778035148
2004-08-06,-0.016924077981088526,-0.01767378060062966,-0.012696876917241265,-0.007990456059774552,-0.014946659778818427
2004-08-09,0.00027098844046588317,0.0005735995350500992,-0.0008999128233194476,-0.0013576847498961682,0.0004623972207259625
2004-08-10,0.013287432351361268,0.012482606384471524,0.011930763313414805,0.005402364321754999,0.01110773097631737
2004-08-11,-0.002735564128238434,-0.00568172864407669,-0.000577474594693545,-0.0035547047956978107,-0.002675648417183764
2004-08-12,-0.010839038585714472,-0.011960449507969935,-0.009746614066864306,-0.007832799239541862,-0.010086739974432912
2004-08-13,0.00022132460755619238,0.0011518513073827585,0.0018943691453633033,0.001216440693023633,0.0009452713793608575
2004-08-16,0.014738556518135224,0.01392409702600048,0.008933729473900191,0.006507224347857176,0.012641390941335701
2004-08-17,0.0006053971781025176,0.0014084067645780552,-0.0011912503933826602,-0.0004865205313778428,0.0002979279431009465
2004-08-18,0.013947899965180255,0.01323607769362127,0.0056331503038157095,0.0066063907782157524,0.011655069321925369
2004-08-19,-0.00490732612961335,-0.004979281711878607,-0.0044443354031458455,-0.002774482665503549,-0.004149993427376307
2004-08-20,0.009995192811387091,0.009299136843409269,0.006713956991235023,0.005929543281097189,0.008382623731760637
2004-08-23,0.0003591056041773635,8.732620038111327e-05,-0.0037207230780552047,0.0009918672800355438,-7.55352941382416e-05
2004-08-24,0.00018312409402236,-0.0007120517310008102,0.0011713774604334422,-0.0007507982661251896,-1.6730374362237455e-05
2004-08-25,0.009531591288325675,0.0090795646032606,0.005877458811945249,0.002639915593692017,0.00808922851543781
2004-08-26,-0.001684965325187426,-0.0016493634425804513,-0.001883997296072265,-0.003839468363668718,-0.0016493478650323244
2004-08-27,0.0032288563133614726,0.0029760584614252324,0.0013855096837246947,0.001326806680738111,0.0026992654758852368
2004-08-30,-0.0061244778419554035,-0.007757283581117954,-0.0017459803842222773,-0.003542287142263543,-0.006115246846534599
2004-08-31,0.004212927570577137,0.004714865752614705,0.0008858279787144526,0.002275403369062144,0.0053208923397749675
2004-09-01,0.0056461815433439845,0.004671159733831773,0.006334042399146156,0.003160858365669373,0.004636263269975041
2004-09-02,0.011754838223849155,0.011623409055125336,0.006767178507909374,0.004826235911337231,0.010083529696059742
2004-09-03,-0.005077963233850912,-0.006829191761531905,-0.005356767998790272,-0.004646481091779521,-0.004602352577620119
2004-09-07,0.0048526889553153225,0.006234555770114945,-0.0006349970054044319,0.003522897979605473,0.004770485021053425
2004-09-08,-0.0004822948006723512,-0.0017925881482522606,-0.001695354631604343,-0.0005838448635778117,-0.0018478691612626547
2004-09-09,0.004426083398783176,0.006121368375171632,0.004463479273146796,0.0025091977885664356,0.0034216590186361205
2004-09-10,0.009392549188879294,0.010297696205194159,0.0050182968454590225,0.004995888716240054,0.008144077750090576
2004-09-13,0.0034378068385766793,0.003271862617011378,0.000791360037189232,0.0008715663351455936,0.003125192022755407
2004-09-14,0.0012294827815655064,0.0014509102123090546,0.00035442050090687244,0.001580522360632884,0.0014720498320959948
2004-09-15,-0.009020853775900655,-0.010083777488333157,-0.0005581565751413204,-0.004239272844773795,-0.008489100840024494
2004-09-16,0.0043801716459832595,0.003630781931575017,0.004354834329582142,0.0028388601132022916,0.002773422149033023
2004-09-17,0.0048173819059118515,0.004672420588193823,0.007512059772187786,0.004814429620296299,0.004261002809472044
2004-09-20,-0.004680677674410427,-0.0042996822963016065,-0.003437761905616571,-0.0017875329356379442,-0.007208509322446795
2004-09-21,0.0075926416905817565,0.00828977476004866,0.0025662665237662407,0.0018357601981748468,0.006599750354546121
2004-09-22,-0.013157114830206918,-0.01368084390018982,-0.009168691359981784,-0.007458736985896957,-0.012443547917905983
2004-09-23,-0.004153768387316746,-0.004275619416912527,-0.0038069148868593136,-0.0012963312514701103,-0.004404596216108878
2004-09-24,-0.00026578791967125383,-0.00071868252527134,0.004463449149257965,-4.4721855071974985e-05,-0.0001859734164206269
2004-09-27,-0.005475643044276515,-0.005811371399202826,-0.0040446755210057014,-0.0032069834798120773,-0.004690353196298667
2004-09-28,0.00560162485685902,0.005750764712757641,0.006085721374673292,0.0036761891652291132,0.006120189412183261
2004-09-29,0.006047762709427374,0.007119123382542945,0.003464768085662037,0.000503678384262916,0.005297000571046883
2004-09-30,-0.0017927345060722555,-0.0008801454198472676,0.008419950211723003,0.0009761739211290026,-0.0029073847156564957
2004-10-01,0.011726340371097977,0.012549395904678266,0.004372104602797088,0.006183579978349847,0.010262610826621749
2004-10-04,0.00637158930563086,0.005905895014937669,0.006371581557573481,0.0023644711327324474,0.004860272311314751
2004-10-05,-0.0019901219689383715,-0.0012946045110529827,-0.0013107469337061066,-0.00026899604409945556,-0.00048206258551933734
2004-10-06,0.0089054284592868,0.008047920868113904,0.003956235507170525,0.0020167198391079174,0.006619760924074307
2004-10-07,-0.01137581717980649,-0.010582802786847183,-0.005229290207661275,-0.0045625774540475755,-0.010270347184662593
2004-10-08,-0.009472282658494514,-0.009787856895978903,-0.006722151085467296,-0.005267951123327955,-0.008084697490614984
2004-10-11,0.003329811372470976,0.0023136356350243995,-0.0005803918852129776,0.0015331717334221618,0.0022197122860326793
2004-10-12,-0.000505591794486607,-0.002298248467122965,0.0029788484437992292,-0.0010614135246524831,-0.0020314310069732486
2004-10-13,-0.0066894377400606685,-0.00689437220086442,-0.005033982320102458,-0.0034861189052608956,-0.007455558726379024
2004-10-14,-0.0033419451511166524,-0.0054322881558225514,-0.0044905318154556785,-0.003080327049782022,-0.0036537509029912567
2004-10-15,0.003826773723664001,0.004734348575663618,-0.001039937700739387,0.0019299088595016397,0.004575962704814436
2004-10-18,0.005152339895026815,0.003934881214742163,-0.0006436945901616728,0.0002998585807957928,0.0028678440381093495
2004-10-19,-0.003910305241643129,-0.0024729901045035013,-0.004920067241445134,0.003261514563116077,-0.003133308250560153
2004-10-20,0.005146044680418734,0.0051033950021123625,0.010781377203485196,0.0024350392883638466,0.006267693180293238
2004-10-21,0.002093232547853344,0.005946550294955907,0.0039292559961789705,0.0038668204098110635,0.004296343184029671
2004-10-22,-0.012544909440359986,-0.011055516189542085,-0.01389128601358596,-0.004023495464342337,-0.010168504883587896
2004-10-25,-0.002291127813080733,-0.001059886342241342,-0.0026610894739765266,0.0013177533075698449,-0.0018768028410490536
2004-10-26,0.005890315222175162,0.00654213725427125,0.00843552028580136,0.0033636798777799725,0.0068224439402074875
2004-10-27,0.014946878885864332,0.013143846157780869,0.008058924575694761,0.006292983222891695,0.009669751360227213
2004-10-28,0.000333889793552163,0.0012981824417529599,-0.0015942588406278131,0.0009176439511917627,0.0013696619476483082
2004-10-29,0.002456897056594391,0.0028085904928429693,-0.0002974905222387311,0.002019754901057683,0.0025391818016629727
2004-11-01,0.0013463239205765533,0.0016974026977162786,0.007302136765603252,0.0012009794799246263,0.0008506836078570046
2004-11-02,-0.0019578824075903007,-0.0014193163711457295,-0.008667022920295859,-0.0034939227515509517,-0.0026320859597719396
2004-11-03,0.008657994317097734,0.008248608393119163,0.014776315724505256,0.0052940876700969,0.010138350542671409
2004-11-04,0.008516283102966989,0.011399492901606112,0.0033756984605341333,0.005731547612871476,0.011535839763996343
2004-11-05,0.006411159667028477,0.006394552011973221,0.005830759214607699,0.003754712521038099,0.0058373937626898425
2004-11-08,0.0016565259050558842,-0.00019407801777058452,-0.0019207039059737803,0.000627927893540923,-0.00010514635076974281
2004-11-09,0.0008451938426009499,-0.00021250188120834347,0.0023271893095325406,-0.000863861545512393,-0.0008603632807772166
2004-11-10,-0.002893147011994971,-0.004955132025636761,-0.0022593255578678565,-0.0033092728499255,-0.0036676430756521048
2004-11-11,0.010009695310789615,0.009684134391783408,0.00532222224528741,0.002654350497877431,0.008833095946490635
2004-11-12,0.004643819266232266,0.007685699875403991,0.0038132313248372867,0.00446640536237038,0.007468355768966639
2004-11-15,-0.0014987176144741403,-0.0005106885421534935,-0.005365209562439216,0.0009130218857162586,-0.0016576399807603547
2004-11-16,-0.00669640282735314,-0.006155378184851474,-0.006924338248694638,-0.002273328882862552,-0.004938485117906524
2004-11-17,0.005186064036383994,0.007795057535823151,-0.0003263308907964107,0.004281607398460199,0.005391317780029495
2004-11-18,0.0034045090719545643,0.0023934314868702183,0.009343873129188267,0.0012603364402944375,0.0019110862762589651
2004-11-19,-0.012807148687130933,-0.012782303110798681,-0.0077858256844824565,-0.00687432697952678,-0.010937484473683758
2004-11-22,0.005865443684843881,0.004668953556502901,0.00040366064006875486,0.0013382300064209282,0.004280183184994389
2004-11-23,-0.0015405221038569468,-0.0013562311890852152,-0.0006004683776978467,-6.295181912596595e-05,-0.0015884654528015615
2004-11-24,0.004131556151153978,0.003896785071700697,0.0015683204004337463,0.0019328316283726311,0.003014069036637214
2004-11-26,0.00032132330720362423,0.0004658179436220184,0.0012141250432459985,0.00014608173592705551,0.0009349689351047329
2004-11-29,-0.002849642504473289,-0.00319849126428429,8.359093486992272e-05,-0.0016339006841839686,-0.002352609091059373
2004-11-30,-0.0017345666409337682,-0.0034534396289479094,0.0012111181677023715,-0.0013134889535617476,-0.0036451981867957005
2004-12-01,0.01689282098560474,0.016867635466975554,0.0030820105938737527,0.01126606110288535,0.014763112141735662
2004-12-02,0.002152693003440959,-0.00013098646623090093,0.0016393693153015881,-0.0015695834564803841,0.0006659703173665012
2004-12-03,0.0022192986244209123,0.0017617825015209454,0.004222694138949037,-0.000206996239313739,0.0007917440146522143
2004-12-06,-0.0008988659679439598,-0.0017132066197782295,-0.000724690169652502,-0.0008984917426133602,-0.0024199835175865003
2004-12-07,-0.009816580942857187,-0.010142584867860934,-0.0035929432156542995,-0.0064136422217606955,-0.007971305509903485
2004-12-08,0.0032255940005669974,0.001642937898178337,0.0006232207861410102,0.0006543495189523463,0.002029786825032276
2004-12-09,0.00258369483700639,0.0030567308075860958,0.005729709113315626,0.002507100036106733,0.0037720916490430753
2004-12-10,-0.0011252800396743187,0.0008808053216982118,0.003498140212848432,0.002784499800666749,-0.00011567516292141809
2004-12-13,0.0057996561308297865,0.007353507962529293,0.006665250858415222,0.005227107672747591,0.007078748734505687
2004-12-14,0.0040565610805469885,0.005962097783200499,-0.0034487361344461235,0.0031654323721286705,0.005523226306216081
2004-12-15,-0.0012777843961314535,-0.0008390938079810249,-0.004132449749534764,-0.0005845007706113558,-0.0017040297599737382
2004-12-16,-0.0018019264671693077,-0.003747416421121118,0.0034075290642554337,-0.0011840329837549415,-0.0013845759888675957
2004-12-17,-0.0007979196856795367,-0.0037421598221780593,-0.006223166436970771,0.0001882339053302421,-0.0028048759071782267
2004-12-20,-0.0010340871723362498,0.000801746849121165,0.0008480200947123524,-0.0004348775431793275,0.0011890195889598342
2004-12-21,0.00551728352109653,0.006493372825551288,-0.008368407667092582,0.00042900806920445145,0.005477648729530547
2004-12-22,0.004470157028593552,0.003415323959924878,0.00489687462758063,0.004754841361383823,0.0028314943757403086
2004-12-23,1.4328242156695062e-05,0.0007246904333998273,0.00022754913370160888,-0.0004576350967452398,0.0010888596114467979
2004-12-27,-0.006748092032305187,-0.006342683250871549,-0.009344985942038161,-0.004248605052632612,-0.006196141939666399
2004-12-28,0.006383935875326836,0.006856065426218362,0.006316558760049174,0.002768511660856426,0.0061670771706726895
2004-12-29,-0.0018592230974673171,-0.0014317135019031619,-0.005595485688313397,-0.0016606601349960979,-0.001810741604924043
2004-12-30,-9.406961379570394e-05,0.00023271973290294823,1.310077856294463e-05,0.00047939299984109775,0.0006290874100948388
2004-12-31,-0.0015319917045632603,-0.0006754910452384029,-0.0008091606842982084,-3.27276400775736e-05,-0.001048347336644456
2005-01-03,-0.007526697760232999,-0.010041534132807433,-0.006571260705452391,-0.00704006809250799,-0.010409047420082272
2005-01-04,-0.014222290245867054,-0.014377291247745009,-0.011239147640423726,-0.006684233929239584,-0.012344207101203816
2005-01-05,-0.004864368910491986,-0.005967751265170606,0.0007563173619273204,-0.0021888659506821826,-0.0048820171987737585
2005-01-06,0.003345711328897407,0.003874280026050606,0.0015726709326736544,0.0007375811444656811,0.004551338449544334
2005-01-07,-0.000344097587548423,-0.0011310893407572744,0.0006959482936968448,-0.00014432101598441842,-0.0008306047559865925
2005-01-10,0.0050853083352621915,0.003218269009205562,0.001915718368037707,0.0011900959843148087,0.0037393395679815103
2005-01-11,-0.005683301649441266,-0.005723551802182517,-0.003387474854411317,-0.00308912121086071,-0.004727617227444139
2005-01-12,0.004378164970684528,0.006189674275125767,0.005750472985622507,0.004239769587463074,0.005340709969136902
2005-01-13,-0.010107786621811414,-0.009375069282638308,-0.004868468815133802,-0.0039224474069646095,-0.009721234095104477
2005-01-14,0.00668230519991294,0.007088768829794707,0.00517290575735837,0.003326689720531555,0.006009582561023411
2005-01-18,0.006811016306002906,0.006038146820148214,0.006733875875201071,0.0002912554504858004,0.0063273387761622205
2005-01-19,-0.00970990856924423,-0.009914757993047496,-0.004499263040154572,-0.004705823363989903,-0.007505593002178946
2005-01-20,-0.009066570047067894,-0.0078061404804184685,-0.004693994514469237,-0.0033381425811831317,-0.006077768997086458
2005-01-21,-0.00616103460736609,-0.005975513136490982,-0.005014465621514462,-0.004668107020663226,-0.005517622491747792
2005-01-24,-0.008506833337332369,-0.007150241447528606,-0.0049590214915996335,-0.005101115596975928,-0.005842169414436152
2005-01-25,0.0066639653261742,0.006541692919750151,0.0017920876762825939,0.001963088784888657,0.0060181453094368745
2005-01-26,0.00712866730792139,0.0068336720818001385,0.019949688527455843,0.0005629658672782253,0.005141332210567261
2005-01-27,0.004254730651626147,0.003964837571895845,0.004834458163953721,0.00653898992747144,0.0036662272966497805
2005-01-28,-0.0047339086602211245,-0.003631788223680688,-0.00348653030446858,-0.0036460004799487677,-0.004727297200314248
2005-01-31,0.010103287847892358,0.009909593420338623,0.01261677075578647,0.0027599829608899126,0.008317050642237696
2005-02-01,0.007789578439437733,0.01020582685680687,0.005501577537694266,0.004264411447923871,0.00829114838057405
2005-02-02,0.0042670137899473316,0.005532084112923146,-0.0016784950688465505,0.003245579393997021,0.005853114708777779
2005-02-03,-0.003965876007046124,-0.0034347468325281096,-0.003969157015338627,-0.0011139331939045045,-0.002631103596751403
2005-02-04,0.011243743391795773,0.01400653313846775,0.006260703706687,0.004575916912516792,0.010742815349833939
2005-02-07,-0.0032988082885573385,-0.0026980575126892364,-0.0017467803810492979,-2.192044606154364e-05,-0.002507814238333188
2005-02-08,0.003212840188525289,0.004429854939095157,0.0012524171064390243,0.002268140270543521,0.003516720222574557
2005-02-09,-0.007897114802922777,-0.010015511410703278,-0.007320685930410631,-0.004457733913769612,-0.008854312538618373
2005-02-10,0.0028860931353383917,0.003718860197949874,0.0002530016233153081,0.003306050875412734,0.0034100926841537874
2005-02-11,0.011971004485125765,0.01200057323048477,0.008965778660232819,0.005033120877413374,0.010861476352651535
2005-02-14,0.000850675213912257,0.0006912641134872195,-0.0001330356536144089,0.0006551337850874233,0.0009873056929444722
2005-02-15,0.0046140646575668545,0.004100851822935663,0.0023631157873511568,0.004046353598944948,0.0034662993207572454
2005-02-16,-0.0005244899331899873,-0.0005825899833118771,0.00223265928438698,-0.0012192417155813967,-0.00027292297766284986
2005-02-17,-0.006267739647308845,-0.008156955241825335,-0.004819393629577976,-0.005832398268313181,-0.0068345078725065705
2005-02-18,0.002589050592745546,0.0010614388220185728,-0.001810032469563485,0.0008110531451356782,0.002758255661857273
2005-02-22,-0.011637037152133935,-0.010912236882919393,-0.005117405047391402,-0.005274573039301071,-0.010408840516989532
2005-02-23,0.004846347443995659,0.005206200396486435,0.0024797161210606583,0.0007177473832520226,0.006102187392385756
2005-02-24,0.011447813422907821,0.010056295013704253,0.007803968249162095,0.004498110981098908,0.009334763530403817
2005-02-25,0.009968448828982852,0.010872605925639545,0.007737914199781029,0.004064649960099195,0.008800389765303453
2005-02-28,-0.006927896658731035,-0.006508065572953655,-0.0049808388277562815,-0.004132964547850897,-0.005573109130155839
2005-03-01,0.004073521524878368,0.004975260181744512,0.00038382274133771065,0.0019474351710946772,0.003486883577405421
2005-03-02,0.0019825262486986477,-0.00043204914486369113,0.006259753944434085,6.905273786059969e-05,0.00019185132171001493
2005-03-03,0.002177511572954265,-0.0005760718094563334,0.0024609927416713168,-0.0008101437364611546,-0.0005452237400965444
2005-03-04,0.007711724790836863,0.008020627420386055,0.0021026917389284985,0.0013784706608070425,0.00766400299089591
2005-03-07,0.00542311675504036,0.004020736024371889,0.0024310271855776918,0.0014485532222857796,0.0030169269199959246
2005-03-08,-0.0021796133145427312,-0.002344317430789445,0.0045974069180960446,-0.0006586549485528596,-0.000905544674255103
2005-03-09,-0.004196751083882672,-0.005961048926900008,-0.002253503106667268,-0.005086562405872347,-0.006363814009741762
2005-03-10,0.0019080525499792173,0.0023107510887896794,-0.00029477170894475293,0.0020429073374733484,0.002089738943681344
2005-03-11,-0.00653705064123105,-0.008014631987983871,-0.0056211484084204575,-0.004805976918073809,-0.0066052021526719
2005-03-14,0.00484090608749866,0.005429508112596782,0.008079140758629075,0.0033908476749426085,0.005266676906243842
2005-03-15,-0.004395845456665485,-0.0061455357734327785,-0.001967096303797516,-0.0029267840006249666,-0.005775506452065579
2005-03-16,-0.00845730123830093,-0.00863521460922358,-0.0030048591824481437,-0.002531791963065263,-0.007315438405361033
2005-03-17,0.0006648451424499343,0.0009652390283481342,0.0035788648468664994,0.0007211021124467723,0.0007967238269327363
2005-03-18,0.0037914692338369693,0.0033410872206187927,0.0038131467968347084,0.001203568432845871,0.0031424002314914263
2005-03-21,-0.002729303218968252,-0.003368178984292372,-0.005486608998632651,-0.0019640844177922505,-0.004247012664551056
2005-03-22,-0.0029063400942131064,-0.007733602926151615,-0.0032679041896087942,-0.006548711371641551,-0.007778691333117303
2005-03-23,0.004408093466384826,0.0033099229352972627,0.004418194597947143,0.0018783244432925331,0.004244518823883851
2005-03-24,-0.0008538421794567627,-0.000360856551795838,-0.0014906751800648202,0.0012937768374973917,-0.001049925836036123
2005-03-28,-0.0011192200745483564,-0.0019961552978112517,0.0007181116794975739,-0.004460549774660908,-0.0009737879738550819
2005-03-29,-0.00875193453251229,-0.00919800511702152,-0.0015562134962920655,-0.0023724711643410583,-0.007185288694588404
2005-03-30,0.014211246529614394,0.01452218650305432,0.007647791200168345,0.007560727563184549,0.013169343056930169
2005-03-31,0.004256823534085527,0.0010421781395389608,-0.0006264968389278038,-0.0018906744260484452,-0.0002546213202276452
2005-04-01,-0.006447300968467053,-0.005487593531705423,-0.0024704355603087703,-0.0031411783478752066,-0.004825900614433654
2005-04-04,0.0016461486240640453,0.0008675684266548498,0.0013950410927277314,-0.0010018325102355305,0.0009877149299818465
2005-04-05,0.0035524988480727247,0.0021426555857528245,0.00618998819592214,0.0019124224860877163,0.003035377367684963
2005-04-06,0.0015259300427239847,0.0022146733122593103,0.0007628448411498186,-0.0007561820724125901,0.0022166848148741473
2005-04-07,0.008319719689659194,0.006869111192287221,0.0037040926500240866,0.0034468099818385466,0.006639298818216366
2005-04-08,-0.006979537666767434,-0.0071711696274543955,-0.004120463228531794,-0.001737721485612146,-0.007019774098920319
2005-04-11,0.000829708265506643,-0.0011710013276772123,0.0035999905619458774,0.0012315362132350853,-0.00020847698768319107
2005-04-12,0.00040288876477515977,0.0015477398621541335,0.0028513207617108234,0.001325220514847855,0.0019143905037182552
2005-04-13,-0.012568649247970104,-0.014507710727690293,-0.0043261990487859225,-0.005763934310417945,-0.01167878662837909
2005-04-14,-0.013552593696411097,-0.013519727840245476,-0.008719258898785828,-0.005802527664781404,-0.011478513994408628
2005-04-15,-0.017751810583872672,-0.01916630813171523,-0.01672027584951286,-0.007684509601276457,-0.016806137301071222
2005-04-18,-0.0010975769262334962,0.0019461062333178038,-0.000595640839111169,0.0030917278601097567,0.0009348283431021417
2005-04-19,0.008786820372939808,0.008538414596472395,0.005273914415080516,0.0014517559621311912,0.006429691022789336
2005-04-20,-0.009701005364833825,-0.01195699276048229,-0.0017188594171037566,-0.004286899933507726,-0.011618959441094293
2005-04-21,0.02099538462058645,0.020199028404765527,0.01356793631418431,0.00948845970677381,0.018429337253051934
2005-04-22,-0.008936987773655494,-0.007633328482363179,-0.0005963940649891071,-0.00443535689890505,-0.006008844199363616
2005-04-25,0.008442369140627841,0.008056197039955554,0.005092248619978101,0.0038543076462329573,0.0065282405318834325
2005-04-26,-0.006253183435437019,-0.007579942382901689,-0.0020670208429563425,-0.0015972496123978844,-0.007509103416319645
2005-04-27,-0.0012311931082821068,-0.0012653384866922602,-0.011996896286637207,-0.0003305371002958736,-0.0023893825094940683
2005-04-28,-0.006540491788071099,-0.008090284404264115,0.0020869597048362373,-0.002469949329939912,-0.007380594628084073
2005-04-29,0.00936985745527795,0.00811961488410304,0.003967777716322832,0.005022843149716377,0.008377904184492236
2005-05-02,0.005106192364204986,0.0025953980557597536,0.0076491243269629795,0.001708553420748948,0.003479591136887011
2005-05-03,0.0017922064053285318,0.0007696058978201646,0.006484973572067294,0.0008341954402898862,0.0008719625545773589
2005-05-04,0.011092115512551525,0.011822692046905652,0.004595110203519818,0.00779006394163135,0.010093858428980265
2005-05-05,-0.004768658275217193,-0.0033497290453001756,-0.0014505984545085916,-0.003946446174656891,-0.0034140065197039732
2005-05-06,0.002666003821707152,0.0008202615230384138,-0.0008384131239269513,-0.00034012351628138836,-0.0006536854120950828
2005-05-09,0.004993390601327113,0.004823781777580864,0.0037678205910632112,0.002693478015714757,0.004235808839387126
2005-05-10,-0.007757521412105476,-0.009313957030027107,-0.00267943679207266,-0.003339834565830806,-0.008561150707116922
2005-05-11,0.004958825177361473,0.00500490747410629,0.005920407554348545,0.002170895948905871,0.004642183835578639
2005-05-12,-0.007612845101141923,-0.008699836935556291,-0.0050337064995548755,-0.002166738764284414,-0.008244844557814764
2005-05-13,-0.0028343423682543867,-0.0027779329611402315,-0.0041535726343923775,0.00047634785325880585,-0.004100187392246926
2005-05-16,0.010834148408677437,0.009877294652640135,0.002983036808899413,0.004281120510483218,0.009233471814814155
2005-05-17,0.005772220733141343,0.0065250213567806525,0.0005568959438048656,0.003564991438349224,0.005840614901345482
2005-05-18,0.012632528860131166,0.011342132802150205,0.0064548993863815865,0.002870231339534223,0.010100802798537712
2005-05-19,0.0012938286310460274,0.0023725496286063196,0.00633476573925271,-0.0009233668162032383,0.0025519283536746284
2005-05-20,-0.0013398701390367404,-0.0007133748168367548,-0.0016493864017457175,-0.0006007620442019852,-0.0014965657818578715
2005-05-23,0.0031095126298595456,0.002912005766592187,0.004259356681280345,0.0035008416532933267,0.0027086758384799368
2005-05-24,0.0022699188778887032,0.0025698701866660205,-0.0005481831136892317,0.002112973939590504,0.0019204249976553201
2005-05-25,-0.005584583644703924,-0.005106942194527201,-0.0032132326751715596,-0.00284911400711053,-0.004703517423672504
2005-05-26,0.0089334843373297,0.008432257101689999,0.008791833595230426,0.004755672218014428,0.006927372324158578
2005-05-27,-0.0006390712259890048,9.260090673990976e-05,-0.000588036116233962,0.00047087512712602417,0.00043708102400174994
2005-05-31,-0.0020908879929443826,-0.004211752340911483,-0.005104360886237277,-0.003456944272360842,-0.004648009606025459
2005-06-01,0.006371885627737047,0.007068023641977315,0.0046042937392579125,0.0015434453317686356,0.0068804687352480975
2005-06-02,0.0032124806504258193,0.003214279159443497,0.006254667497804817,0.0015470597502650792,0.00224253820020617
2005-06-03,-0.008411777187303446,-0.008237966344546918,-0.00796278336534113,-0.003520716324393655,-0.007354785117160343
2005-06-06,0.0021573560126067846,0.0007873353638811512,0.0011892254852523176,-2.201084194345846e-05,0.0006838229501219383
2005-06-07,0.004739178797069885,0.001974718655116997,0.002123092090722211,0.00017469210921037783,0.0017265273177556745
2005-06-08,-0.00379092277162957,-0.0016569429682010274,-0.00034539533543998576,-0.0007683070353906604,-0.0021653283231931105
2005-06-09,0.003251220962415534,0.003839635431817395,0.0077137669368279906,0.002167259241186905,0.0033366858747942833
2005-06-10,-0.0042387122452986516,-0.004338210070885239,-0.0006195907853895742,-0.0017778480365612205,-0.0028182678359752744
2005-06-13,0.002012428555866408,0.0025787785624994206,0.0031453756863700742,-5.520000059471716e-05,0.002175833101848867
2005-06-14,-0.006983786277371817,-0.0040139096877041605,0.0010718255317765497,-0.0018873070603850689,-0.0024097883130538263
2005-06-15,0.0020939254917852084,0.0031523586655092303,-0.002775404698270447,0.00014516824053790404,0.002552437292537129
2005-06-16,0.003423121866422839,0.005109813248475408,0.003761777348713879,0.0009933095616471502,0.004757548494384969
2005-06-17,0.0006679587097485375,0.0019328831461564856,0.008842226760516048,0.0019344959901054497,0.0033083490123765142
2005-06-20,-0.0012729404253485621,-0.0020613466436165033,-0.00201618822320944,-0.001416544825900598,-0.0015878978694226407
2005-06-21,-0.003456560146469149,-0.003254192478318745,-0.003966289996737422,-0.0006571889624877041,-0.0033500722315484423
2005-06-22,0.0039801728756943665,0.003052793361123449,-0.0024117880635963576,0.0007161247590983146,0.0018862257991624238
2005-06-23,-0.01422278764615999,-0.011404785206416267,-0.007507184242316606,-0.003258918432798334,-0.011254716795065796
2005-06-24,-0.010535151217742008,-0.00963688369314426,-0.005451405284415146,-0.004536873025392709,-0.008617689622741792
2005-06-27,-0.0012178954027216781,-0.0025747246752472284,0.0008492962454314648,-0.0035565248800580587,-0.001909441141822722
2005-06-28,0.012063999458358458,0.01123459866311091,0.01094639000895489,0.006601525920326195,0.010779278560237523
2005-06-29,-0.00020184467392525378,-0.0006795109146387385,-0.0008259935019286894,-0.0010912623255886476,-0.0006684248123968982
2005-06-30,-0.0007373240012744772,-0.0042292388814251115,0.009097605874537657,-0.003859967813775774,-0.004904918523589688
2005-07-01,0.002086915529143582,0.002842092730307432,0.0012961092027142691,0.0004280195613532425,0.0028935155937738874
2005-07-05,0.0035536971768817204,0.005159582694134149,0.0004474138783828012,0.00024943637954625815,0.004182005516971286
2005-07-06,-0.0039361896205330005,-0.004406884158904123,-0.00609492794673701,-0.0024631725419920827,-0.005539460644111647
2005-07-07,0.0019658494618321086,0.0020045935250277164,0.001741336591652613,-0.0010736509455411053,0.001004435915927818
2005-07-08,0.012845490624708718,0.01243246312278445,0.004196040709331406,0.008793701469744643,0.011033557036162444
2005-07-11,0.006545736346953048,0.008276882501214687,-0.0037141172159801837,0.0033328121980372573,0.006900748365654172
2005-07-12,-0.001302746338894573,0.00041341799894208976,-0.005296881988157717,-0.0005710468146129528,0.00018216018873393593
2005-07-13,-0.0005468213018192038,0.0006752781642129768,-0.0006818703804903096,-7.315282501619929e-05,-5.311475224910496e-05
2005-07-14,0.002958865015960074,0.0034479294374113035,0.0023699399178978677,0.002861894569152469,0.002694180166539816
2005-07-15,-0.0004797399336097525,-0.0005858626070661999,-8.125855291344296e-05,5.422659265904789e-05,-0.0002002823651860077
2005-07-18,-0.002850205591902144,-0.0030912232450029634,-4.44632272980987e-05,-0.0009598354050441471,-0.002582275715656366
2005-07-19,0.009479235685063786,0.010107954731089183,0.006167219437411321,0.004646525975959401,0.008471520096541271
2005-07-20,0.005856397260461064,0.005797548995026502,0.0013493094122116252,0.00413230672050595,0.005172765483922495
2005-07-21,-0.003886930203013086,-0.004916332867995549,-0.0089279526894264,-0.0027597380162069154,-0.004443558097885117
2005-07-22,0.00021204129745860186,0.0018882781165470229,-0.0028824171637394395,-0.00028465574823673774,0.0021284963702537653
2005-07-25,-0.006808203874676496,-0.006322660202439684,-0.007488350220764314,-0.0036512402688490715,-0.005903890254655391
2005-07-26,0.008250071496672673,0.004809827537449419,0.01165588299179061,0.004498658635588706,0.003932445801527295
2005-07-27,0.0034094941728971006,0.0025803838508451204,0.005380958492056204,0.000727824295184066,0.004098956191222674
2005-07-28,0.006351209138078906,0.0067302325802252915,-0.0022783037514934696,0.0026105452104100303,0.006550890485573328
2005-07-29,-0.005517385642195836,-0.007022985451481912,-0.005165881632714287,-0.0037107895050036196,-0.0068651523032432025
2005-08-01,0.0015087234491478704,0.0006915479738083556,0.00508533677251524,-0.0007001562761720674,0.0006555387054904235
2005-08-02,0.0030755684661401385,0.004786921233796065,-0.003044225155661118,0.0024845555266165605,0.0039948085588985376
2005-08-03,-0.0011765074896559415,-0.0006306856807988438,-0.0018981024681798651,6.437910621363014e-05,0.00038224793893394
2005-08-04,-0.009768786011381437,-0.010221791572578659,-0.005777395315399062,-0.00472416713528358,-0.009746176819722917
2005-08-05,-0.005784476838495125,-0.0052695974866961435,-0.007692055862668036,-0.0021709947643742842,-0.005037947352139107
2005-08-08,-0.0034589343776174667,-0.0029964124613347087,-0.001093126195135016,-0.0034038629103414616,-0.0023454596929401656
2005-08-09,0.005168438489946665,0.004997605362064403,0.00020197316596738853,0.0013720049861477954,0.004578549824539661
2005-08-10,-0.00309456944210439,-0.0028164702966206657,-0.005525769316545018,-0.0015393965906875763,-0.0016516323149438476
2005-08-11,0.009156456117581046,0.009818864102056148,0.00864340978951162,0.006875437704070194,0.008869824129493584
2005-08-12,-0.006740732526350925,-0.007396571907415347,-0.002940334648860248,-0.003475336225958225,-0.006100185565079972
2005-08-15,0.004991256742862981,0.004654923244743311,0.000474815026006342,0.002819801778499211,0.0036683931065535575
2005-08-16,-0.013071489287210417,-0.013176872935893376,-0.006724169904601698,-0.00640803537930045,-0.011883917616205615
2005-08-17,0.005241442495552803,0.004132260816410814,0.003939539449186265,0.0047403428945671025,0.0024639532473005863
2005-08-18,-0.0031811792541172634,-0.0033727987460421367,-0.00019257220127642718,-0.0017743597611161138,-0.0014218937124627388
2005-08-19,-0.0011191619229876564,6.62796207860875e-05,0.0005810393456834039,0.0004181258491192158,-0.0007292273009285096
2005-08-22,0.0022013876432982957,0.0025540390339147427,0.002213191128368557,0.002244598473875869,0.0018787277073806842
2005-08-23,-0.002622136721830685,-0.002790079220692919,-0.0002051258078510397,-0.002550911702871886,-0.002755690661981211
2005-08-24,-0.005883774416116386,-0.0063598093653585396,-0.006160529248941182,-0.003832669867678869,-0.006467450957568895
2005-08-25,0.0012851619485428013,0.0019433440624448744,-0.0001842863139273303,0.001081868232992727,0.0018502919798110556
2005-08-26,-0.007318216509129275,-0.006881839879259277,-0.0018778083278131834,-0.002436342144180036,-0.006054225788403918
2005-08-29,0.008876952106002249,0.007811158483693717,0.00874767830720518,0.0027186570504450346,0.007679253877730437
2005-08-30,-0.008315350538035681,-0.006190702866585831,-0.003996046087663448,-0.0022135299484274014,-0.005621985970762182
2005-08-31,0.00813977172400165,0.009151684828347335,0.007451152961156111,0.006299612781280978,0.008532065087435522
2005-09-01,-0.0032506215642503704,-0.001807756421779367,-0.0017674552870623377,-0.003800162187728292,-0.0006720572175210132
2005-09-02,-0.002121228068140845,-0.0016426354657018442,-0.0034176394403650913,0.0007061825785196719,-0.0016337933657932708
2005-09-06,0.010508381657018421,0.011267847263983964,0.006974167390885974,0.005553168581335862,0.01027417865509253
2005-09-07,0.004783678828566062,0.0018725814028022682,0.0013404098137590969,-0.0027336062473709948,0.0004462752628431291
2005-09-08,-0.002994959646911528,-0.0012456746711991846,-0.0013618198281680582,7.933740175260662e-05,-0.0018726994651798033
2005-09-09,0.005793724250299056,0.007117503807403395,0.006154785052183089,0.0033365490846768734,0.007545334161491448
2005-09-12,0.0011614264176543646,0.0005904470307978456,0.001996593709749057,0.0010427114579964149,0.00046731451897669385
2005-09-13,-0.003134527948135568,-0.004247183477245589,-0.0014545794130224542,-6.742434232156526e-05,-0.0051703048506329275
2005-09-14,-0.0072966766251645835,-0.004211049082598033,-0.004881642592157721,0.0006801671589832408,-0.003037634911601397
2005-09-15,-0.0009713667258482229,-0.0007981229284036064,0.0009807527931289515,-0.0014375876470166305,0.0007081982090981357
2005-09-16,0.006736682873615701,0.009969836142956337,0.009141713117071652,0.0031112684926951134,0.009690662897350367
2005-09-19,-0.007849398733260113,-0.00806602408311005,-0.001502537546155216,-0.005577230325260419,-0.007302906372413833
2005-09-20,-0.00480701357992395,-0.005619670597805907,-0.0037764944981201858,-0.00344902436557313,-0.005235301435033666
2005-09-21,-0.004457910401705784,-0.006730443551058857,-0.0067286834564582705,-0.004003873371011614,-0.0049818184656372465
2005-09-22,0.006195244573850146,0.004526822071965621,0.0031293148355697924,0.0006697169639488116,0.004133153635661635
2005-09-23,0.004200422998942084,0.002103231254477237,0.008080393509510356,0.0028358209357781093,0.0012866319750426069
2005-09-26,0.001619737836074997,0.001738668811016167,0.005468382017557871,-0.0003056417932259155,0.0011867839194945838
2005-09-27,-0.0023498813260631555,-0.0035617948047331534,-0.00020913575862633254,-0.002021118180814624,-0.0023707870508275614
2005-09-28,0.0012007481911169306,0.002909919785376293,-0.0026988028817523965,0.0009338819783066338,0.00330493679018399
2005-09-29,0.007431684910071614,0.007400308063229561,0.004241907959143435,0.0030257192370418415,0.005853911959668001
2005-09-30,0.007588590172725731,0.006434363142859332,0.007119748955492768,0.0077470634429075685,0.00485676682034339
2005-10-03,-0.0012243402256647811,-0.0002838710213724132,0.0017212338304943872,0.0017933845315372427,-0.0009989516514311587
2005-10-04,-0.005852910912359135,-0.009351730934087843,-0.004571698154455966,-0.0058876832513126065,-0.00788693533024544
2005-10-05,-0.011920881909291605,-0.01236384563816697,-0.009553917493943902,-0.006746204525120036,-0.011957559029638364
2005-10-06,-0.0034908689029648204,-0.004706523077109289,-0.001505578623657138,0.0008882578743250938,-0.003942399977744936
2005-10-07,0.0036762925128258437,0.004787396685973491,0.0072954761478987605,0.003261039445863571,0.004291511649653858
2005-10-10,-0.002423501489617159,-0.005326745602852895,0.0007774342523754003,-0.004241134533796064,-0.0042001492789044345
2005-10-11,-0.004380336041106105,-0.003965869446377113,-0.004244232486322731,-0.003115761928859687,-0.0031810780849736565
2005-10-12,-0.0055257027761009365,-0.004607799815547056,-0.006155823211456791,0.00036894754468228664,-0.004559317648649405
2005-10-13,0.0006953416380868545,0.0013361839884148906,-0.0003572938250257975,0.0031589509910004993,0.0006944078979816228
2005-10-14,0.005968620298656069,0.00475882197067032,0.010221465784555493,0.0035381183765708086,0.00444856072237528
2005-10-17,0.0012137427993444173,0.0009684623962576335,0.0035647315854243074,-6.488544077187111e-05,0.0008899058440062736
2005-10-18,-0.0018676386031730953,-0.004276479100900358,-0.0003324376430172767,-0.0028406639332390227,-0.0046500551992864365
2005-10-19,0.00960614267667779,0.010380264335527667,0.0011567610408155377,0.00552354573077236,0.009737630319268283
2005-10-20,-0.009145555586254588,-0.008823464971447731,-0.016868583784745296,-0.00512669573758522,-0.009036616808728457
2005-10-21,-0.002811566828672925,-2.04491553615039e-05,0.0006074418718464,-0.0023775056749766716,-0.0004698204013119426
2005-10-24,0.014481098514254161,0.014773128374428906,0.01284971313252721,0.004644622449387231,0.01435558677016904
2005-10-25,-0.0038047106955502183,-0.0040096971623441715,-0.005208281207393693,-0.0011825625125013648,-0.0032303403137175835
2005-10-26,-0.005467944528949383,-0.0035422645662086943,-0.007974484067498823,-0.0025964284332146577,-0.004601871571612488
2005-10-27,-0.013262970069174552,-0.01176074728269748,-0.008286756430515132,-0.004856026716703881,-0.010111214609868639
2005-10-28,0.012552866896988663,0.010739394170471601,0.0121925123855513,0.0059192848562113765,0.011418245893819377
2005-10-31,0.0028491211158914614,0.003649503508314354,-0.0010045033509723743,0.001285351398667039,0.0018527315224131015
2005-11-01,-0.004867531306223003,-0.004463182099661124,-0.006261823210378611,-0.002277648089022664,-0.004308231218232951
2005-11-02,0.009793481936461894,0.010975835576573546,0.008276617570787716,0.004415620545789603,0.009014331643119176
2005-11-03,0.013528747440123307,0.01104547759285198,0.010634125893735916,0.006689624903706305,0.00905239740256951
2005-11-04,-0.0012321249083623513,-0.0005898034140072775,-0.005944300062362046,-0.0003954704386174888,-0.001647971176186776
2005-11-07,0.001756279756372672,0.0026075908807440167,0.0018975169005043448,0.0011805854291977546,0.002698716108893859
2005-11-08,-0.0005980430143409953,-0.0014924391052132668,0.0059122236768031095,-0.0008097487512266303,-0.000715009563717451
2005-11-09,0.0026072982225879013,0.004672498282755249,0.000767326084913831,0.003508772748915541,0.004507786872220405
2005-11-10,0.008904532968502183,0.009547900146445847,0.0038939597069994627,0.0032718384123142418,0.008337033692447954
2005-11-11,0.004246350762370981,0.0028811684875478232,0.008971221481132498,0.001379237597653354,0.003110762300718494
2005-11-14,-0.0022631425598382583,-0.00034514923422694535,-0.004207188718601863,-0.0023953112927968356,-0.0015619307116743562
2005-11-15,-0.0013704232528072595,-0.002626143395242035,-0.002649276623230115,-0.0007787014600638882,-0.0015084788176642858
2005-11-16,0.006524713546253823,0.0041793324758544765,0.01329540908003787,0.0027296749054126807,0.005247823010997542
2005-11-17,0.011203150506407567,0.009109533851634604,0.0006475497825009606,0.004186440898212476,0.008066146444184841
2005-11-18,0.0029179911582397472,0.004186839259370118,-0.005386588954756626,0.0023334565343156484,0.0031946005495713295
2005-11-21,0.0026468195254989164,0.003760221785194684,0.005140764742525727,0.0029222204623683625,0.003884901107263273
2005-11-22,0.006602381787059671,0.006342090433475381,-0.001901686979297314,0.0036518597104581952,0.003569256848800958
2005-11-23,0.00035327936703860287,0.001545993151043703,-0.0020130254108015285,-0.000567656114644165,0.0006149968420967834
2005-11-25,0.0024246188407126895,0.003265571761321779,0.003840224400809091,0.0023081968914924773,0.0033358003579144462
2005-11-28,-0.00854135188001178,-0.008523739364703672,-0.009293409902050277,-0.0029355181213829573,-0.00730400322092176
2005-11-29,0.0023243089821851116,0.0008105025494250732,0.0019218389186608567,-0.0015261199957426375,0.0009558032918910325
2005-11-30,-0.0035827717400110115,-0.003330113170611582,-0.005289580173146589,-0.0002460845338834571,-0.003887544140576517
2005-12-01,0.01285285124555105,0.014895421187001996,0.015230865965793016,0.0073320208945652325,0.013589223209931833
2005-12-02,0.0016519091531350953,0.0011756388054501388,0.0023190472557965917,0.00039903807463941606,0.0006362949597230435
2005-12-05,-0.004912277216928558,-0.004103847411814301,-0.0009648642512456456,-0.002500407559593222,-0.0032197726035244666
2005-12-06,0.0023341930868182423,0.003042960655393767,-0.0005807320942777328,0.0013789622644815988,0.003058459013302892
2005-12-07,-0.002021792928486873,-0.004347339570453681,-0.001960316146783292,-0.002501354015961909,-0.003737144073714153
2005-12-08,-0.002901785259748855,-0.005558731492683766,0.0007351120874181801,-0.004694153826332386,-0.004519201036154962
2005-12-09,0.0027216373459565757,0.002469449598826921,0.0014333008909174372,0.002877127174596946,0.0014041441353256669
2005-12-12,0.0010802843853399894,0.0015853888696234523,-0.0027791548754734392,0.0011643719390436358,0.0003743390829761357
2005-12-13,0.006725121288265537,0.005313304094350967,0.014799365444216462,0.0032099420800048026,0.00613576977296685
2005-12-14,0.00017921522917757778,-3.6670261742006364e-05,-0.008506497874813458,-0.00046287429214660633,0.000138067712767994
2005-12-15,-0.0006772638099603383,-0.0009969902159971638,0.002913860465406837,0.0015253671163648192,-0.00015581214468894905
2005-12-16,-0.00028263267521735306,-0.000655168173782815,-0.0093408076691347,0.0022523297531033366,-0.0011341357984297204
2005-12-19,-0.005620159828671685,-0.0063863177898338935,-0.0061421761243485315,-0.004146412210691724,-0.004268298583521877
2005-12-20,0.0011411038306608182,0.00021153051767795576,0.0019776008480024473,-5.489707559605593e-05,-0.0007132741344398018
2005-12-21,0.020739079420091587,0.012194244218860078,0.01140406026201962,0.004654254673669754,0.009834193764708715
2005-12-22,0.009392181371450382,0.007174622459688295,0.008552240650927767,0.0011935236375855158,0.006882688887534954
2005-12-23,-0.0016279474466360238,-0.0007872492137771796,-0.0018291566269944212,-0.0008820759521334621,-0.0006669919096936031
2005-12-27,-0.00876361946965147,-0.00860691702066286,-0.002768961463937036,-0.0034892558088165195,-0.007497374354845073
2005-12-28,0.002299475862591176,0.002761430337356063,-0.0004470995174999993,0.0010489586380265684,0.003085530249650875
2005-12-29,-0.0010131906880733958,-0.0018879232090423708,-0.0026099302969224284,-0.0014782025543804101,-0.0014916676526557223
2005-12-30,-0.00482469781548566,-0.004793120585724059,-0.0020206948565087207,-0.0019525371872383197,-0.004763395773319619
2006-01-03,0.012132209541124222,0.014488658650872724,0.007146308940802307,0.006134649537236135,0.014195378748953966
2006-01-04,0.006669473751085513,0.005873398096059431,0.006927242313795748,0.006310896274928457,0.005928717458235647
2006-01-05,-3.220364687771184e-05,0.0007904865899571564,0.005794648642258487,-0.0001907226190715342,-0.00026011775919776285
2006-01-06,0.008266664915164852,0.01062043013269353,0.007301883570382889,0.007313828705613211,0.009310191007708902
2006-01-09,0.008185308647612338,0.007059795431370605,0.006940561930553627,0.003193124695690336,0.006547398165651369
2006-01-10,-0.0020192543693485607,-0.0008847976832843316,-0.0034911374460674643,-0.0019181772276432836,-0.0015836240519536138
2006-01-11,0.003065067033213063,0.002764459179046133,-0.0011532362863645664,0.0005310232503290403,0.001779469543449097
2006-01-12,-0.004645609443468868,-0.005994028465752477,0.0010196042150457914,-0.0034566027661214194,-0.005256199484766036
2006-01-13,-0.00020959726281695234,0.000666818942170741,0.003666341198526748,-0.00018474485554094747,0.002022338840929258
2006-01-17,-0.005809727382648706,-0.005192059332989869,-0.0036342111853520883,-0.001629506570214731,-0.0043548286810927185
2006-01-18,-0.0015703678741061156,-0.0038400140102042737,-0.0020252864559767744,-0.0016828180089069967,-0.0032587725983769635
2006-01-19,0.010654693250281205,0.009272130661752153,0.0034559373821571905,0.00488619434966338,0.00796823622287879
2006-01-20,-0.020644252502005675,-0.02065158085830638,-0.011974662058174677,-0.010505149798163377,-0.01855246138515497
2006-01-23,0.002783826749295963,0.002652942300409134,-0.0018700527199243047,0.0022599748481264567,0.0026379366825289626
2006-01-24,0.004409412755212537,0.004791236369257202,0.008569990474221644,0.0036040758492474597,0.0033146844106376047
2006-01-25,-0.0020390156917029743,-0.0008147716910551564,-0.010770976088551817,-0.0007368011958498979,4.80228594069499e-05
2006-01-26,0.011897775827044876,0.00992648541898139,0.012750429075358578,0.007192239717015493,0.008533222199998157
2006-01-27,0.0037425758690799588,0.006360738473076109,-0.005278185804532655,0.004161641187525562,0.005996629831495312
2006-01-30,-0.00029832229669128694,0.00011884088349239572,0.000134473028095803,0.0007907461066696429,2.464214041140978e-05
2006-01-31,-0.0018771623117446016,-0.005043834762236951,0.009342289694552931,-0.0025428593211196974,-0.003911208521408079
2006-02-01,0.0035442260685735706,0.004936714317430634,0.002674564546672971,0.004004329180414644,0.004450432939015759
2006-02-02,-0.0059802125982340556,-0.00668142027582138,-0.0018808441056510964,-0.0030130906321220712,-0.0062222393613191405
2006-02-03,-0.002217868735187474,-0.003477261739170757,0.0034981904892765463,6.162115892407994e-05,-0.0032183848499135826
2006-02-06,0.0011185604484987895,0.003722984631039158,0.0028574818961146437,0.007188762928235473,0.0026563571507864474
2006-02-07,-0.006252870093836191,-0.005823833065163882,-0.001834947449131991,-0.0010048863983934393,-0.006551985647796279
2006-02-08,0.008896597908769815,0.009385937292264467,0.00041205376616995724,0.0036105734151730333,0.008199327798476652
2006-02-09,0.0018392509867598936,0.0015301278405651473,0.001062140322545391,0.0017519207752451933,0.0018176480849259593
2006-02-10,0.0038202954097757303,0.001451035354351218,0.003831483243319142,0.002327032299732315,0.0013113673852811715
2006-02-13,0.0007739577584449433,-0.0007445595132687863,0.001971156333638464,-0.0009099658263437601,-0.0005093399396471897
2006-02-14,0.01303068200038045,0.011560687574801585,0.0071763586257939434,0.007062035530395427,0.010712403076608711
2006-02-15,0.0038765002284079264,0.003643264693018001,0.0006436157130168727,0.001977181994743254,0.0030898985321241683
2006-02-16,0.00492965400511006,0.0057205569330712495,0.0027358705114693873,0.002535144962115303,0.00572186731677783
2006-02-17,-0.00031471153175492857,-0.0018190167215820629,0.0019916021268946552,-0.0005481354421682052,-0.000607048340233842
2006-02-21,-0.007140892922052609,-0.006696264212484584,-0.0036384964421327013,-0.0033889087674759573,-0.005152115814563105
2006-02-22,0.005469873183021676,0.005974009979819797,0.008851907151236436,0.0028900831762823896,0.005765879480509719
2006-02-23,-0.00829334147610205,-0.007111501431186976,-0.004950837717008076,-0.004615717039842025,-0.006037526901840771
2006-02-24,0.003443024617578729,0.0027472244426934617,0.006725625523607932,0.0023727608780891108,0.0027669837850864834
2006-02-27,0.0072744156690252235,0.003075019797171481,0.0032492046523458816,-0.002094352298090159,0.002641060026079227
2006-02-28,-0.01059781970221749,-0.00954931176479015,-0.007203687871137985,-0.005720843632512731,-0.00965655160631016
2006-03-01,0.010722062630018361,0.012844935908009829,0.0046813806757399845,0.0062833815638549595,0.010067221115674629
2006-03-02,-0.002512602020737338,-0.0011940108080518755,0.000695529926593385,-0.0010104266975034856,-0.0008546853801995766
2006-03-03,-0.0007363111840538964,-0.001046820295249538,-0.0016703266280789488,-0.000162740578323265,-0.0007887757318851389
2006-03-06,-0.006386069312184247,-0.00708376062975376,-0.004918143066441524,-0.004127269199447288,-0.007236755873913942
2006-03-07,-0.007448710709515461,-0.00705544230290986,-0.007212159237003943,-0.0035510631564768954,-0.005325964289206746
2006-03-08,-4.1929476018201864e-05,0.0005693495401263028,0.004781978557634937,-0.0005078044869100439,0.0023966415630738845
2006-03-09,-0.005163702250331067,-0.006016395173116838,0.0020271777981032053,-0.003252758591329283,-0.004789975534449629
2006-03-10,0.004195968936703616,0.005211185744408467,0.003696302869034573,0.0029484733126313696,0.0058440156729794406
2006-03-13,0.0025137156895632604,0.0010309462674072704,-0.0012187174087784245,0.002014779648460467,0.0018302208512695243
2006-03-14,0.009673744247222511,0.009949192732291147,0.0063497033088025,0.005632264278945864,0.0076241677935140586
2006-03-15,0.009056092794376839,0.006492613116240775,0.002924434646758003,0.0033729722564086687,0.005744194923865601
2006-03-16,-0.0035065196314776155,-0.004039969611372568,0.002551050741466292,-0.0014580086945328507,-0.002086649234951187
2006-03-17,0.003957346845026042,0.0024225286602215837,0.0021274476959440994,0.0016550829956629414,0.001828833324657672
2006-03-20,-0.0008954323106662911,-0.000987157014246896,0.004184848453407551,-0.0011888469501384136,-0.0012532444955540164
2006-03-21,-0.005719310404438726,-0.004588716374452642,-0.005816595170987824,-0.0005261880370405122,-0.0034701689733640803
2006-03-22,0.004357449671650782,0.004917914151761584,0.0024086279829524954,-2.1150404918998883e-05,0.004555612207328287
2006-03-23,-0.0010389274739073648,-0.0007367955265927251,-0.004612820642093364,-0.0020286288893809276,-0.0013017565724947817
2006-03-24,0.0016204743909678937,0.0022751223369989106,0.0008901910061653842,0.0017047795708435766,0.0019448134762438288
2006-03-27,-8.726432304023983e-05,0.0006175720509751622,-0.0011213855750030685,-0.0009999734365435807,-2.301376298657513e-05
2006-03-28,-0.007800311202405671,-0.008396669826953649,-0.002168239589560677,-0.004930016415251225,-0.00778118947485343
2006-03-29,0.00830497571226097,0.009232321806779204,0.0028558125393838302,0.004973325303224515,0.007835189380777081
2006-03-30,-0.0002815348049792156,0.0003151837890497886,0.0008486210226822043,-0.00036176472350087823,-7.686132518069119e-05
2006-03-31,-0.0029095279571407333,-0.003757081043259575,0.002083989830882222,-0.0011028547430475314,-0.0036070544083981514
2006-04-03,0.004756170012344881,0.004506525395910359,0.00037324222197547075,0.0036936321034244657,0.003698873252238757
2006-04-04,0.007226864657709618,0.006581952648569549,0.005848760794487049,0.002959424448037128,0.005888905621833623
2006-04-05,0.004249714068698479,0.004220291241151895,0.00012924516576736538,0.0007276334085589717,0.0034091242461883383
2006-04-06,0.0003867576876349199,-0.001088597277319461,-0.0055702251033967805,-0.0022862541368043896,-0.0013514444451830166
2006-04-07,-0.008558654469050537,-0.009187755774182828,-0.002275195165939308,-0.004900609470119419,-0.008588778011853605
2006-04-10,-0.0017083578264120549,-0.00053510722381951,-0.0006257065403774578,-0.0014323558151949117,0.00010905828261083587
2006-04-11,-0.006210767918157972,-0.006683321276981804,-0.006188188349135107,-0.0021982197161243486,-0.006884113109741053
2006-04-12,0.0023415519494445164,0.0020270524050602957,-0.00043536966962225555,0.0019499361240838905,0.0015785283867688462
2006-04-13,0.0012660087624708567,0.0015163080537979937,0.0008149192717132754,-0.001722193266176851,0.0011209516521782218
2006-04-17,-0.0037434504819812637,-0.0028500542562530204,0.0010947067438663045,0.00028003141601696114,-0.00203032085837848
2006-04-18,0.014539564149248358,0.01762112470196166,0.009785696261554067,0.012696979304369211,0.01557024045578341
2006-04-19,0.00263638935193227,0.003354927174598908,0.012225220210972207,0.007712685220137497,0.003634102378699419
2006-04-20,0.003993585569631642,0.004147956959528089,0.01449237928075803,0.005346012798587745,0.0033995063167888986
2006-04-21,0.0005640570074138663,-0.0003123367959470669,-0.00023317838464467842,-0.0018040515885614204,0.0010766056498704652
2006-04-24,-0.0019066653798354908,-0.00211559996288701,-0.0009998667433044313,-0.0006513206025916508,-0.001643442527470372
2006-04-25,-0.006217007118250682,-0.005111783904175652,-0.010972549671174232,-0.0024364176470734805,-0.004597108852315915
2006-04-26,-0.001995244680240265,0.0023732229112479663,-0.011557169914832056,0.0016167909927844242,0.002275895759696063
2006-04-27,0.0039362197463953166,0.005148278516800116,0.00032814598036628724,0.0034488583756982355,0.0037473281054716625
2006-04-28,-0.00027842660976180617,-0.0036621619592099863,0.0004873966421554479,-0.0026678936127030764,-0.002659285481065414
2006-05-01,-0.001016072987815775,-0.004479531574000032,0.0040955930818747256,-0.0012165872617562205,-0.0030942881098077147
2006-05-02,0.0020545047144031117,0.003996897846296868,-0.0069653927329771164,0.002486992515599483,0.0035201047279973716
2006-05-03,0.0006432955969737112,-0.0009128612317859082,0.0005835412443505931,-0.0012836541693944546,-0.002660863066727572
2006-05-04,0.003997383394653147,0.003803370915985835,6.135660094057794e-05,0.0033867165014017575,0.003211063189098043
2006-05-05,0.005843054735672515,0.006550527541355726,0.005288950673641353,0.004063981572142818,0.006160751763240747
2006-05-08,-0.0005942516360086317,-0.0010026464639874507,-0.00022761845732469945,-0.0007697566371914978,-0.0005896772559786508
2006-05-09,0.000950681408349546,0.0011493467438015116,-0.001152478555458203,-0.00013389634804362993,0.001755195462322312
2006-05-10,-0.005179190880493796,-0.005529597540594947,0.0014784756544139633,-0.0026879101478005226,-0.003719088272935597
2006-05-11,-0.0096426319673779,-0.010508067670905022,-0.006502318355560574,-0.005122975112654137,-0.008338566320337531
2006-05-12,-0.0104656976359262,-0.009610874699185912,-0.00945353775596437,-0.006827601387498165,-0.009065298017238602
2006-05-15,0.0016877693238219532,0.00039339893133113725,0.0061224620784807796,0.0010530489226424531,0.0016717372253945962
2006-05-16,-0.0018381686328818214,-0.0014838196257444367,-0.002483875565259385,0.002543064030137682,-0.0007096510028638995
2006-05-17,-0.016280031403407974,-0.017731256158867323,-0.012997569401057204,-0.011018008553163525,-0.016245394080608266
2006-05-18,-0.006026337759444777,-0.006970306098457447,-0.004843851366656628,-0.004682115975658519,-0.006312543475998777
2006-05-19,0.011230510285409303,0.007926570717400527,0.009556623447575532,0.004801889384640153,0.0058154990190078465
2006-05-22,-0.007875406839999032,-0.00876938011784066,-0.0046641067514254465,-0.003708031400377065,-0.00633618383127995
2006-05-23,-0.00875526562547874,-0.008656605025493388,-0.00913058936219784,-0.005634500579795849,-0.006972955779654979
2006-05-24,0.0010811307127067769,0.002499780892744743,2.9447336890420228e-05,0.00143225812371453,0.001857045261769653
2006-05-25,0.007429037211410205,0.008976937746495021,0.004705483220859927,0.006230089488276075,0.008379899715279734
2006-05-26,0.0032099876499067483,0.004727926439725652,-0.003744604633041065,-0.0014613557150825655,0.004167576297984326
2006-05-30,-0.013850204455177,-0.014293970270216325,-0.009844756867024754,-0.007476949953362863,-0.012938683281238548
2006-05-31,0.009882020108751336,0.00888708439436486,0.01131588374479717,0.00653623376910962,0.00781724134680685
2006-06-01,0.012959070534202304,0.012495472739943171,0.02357628802060128,0.011269809152041501,0.011224032663733292
2006-06-02,0.002081504645742428,0.0012650920992426091,-0.001956800283248867,-0.002845805364013932,0.0009259086687604494
2006-06-05,-0.016853378658448395,-0.01792992167149257,0.0006852096429470662,-0.003090137421946729,-0.015536521271921212
2006-06-06,-0.003892496950701886,-0.001561196398476171,-0.012192836010966128,-0.0054847877715864315,-0.0015743071706702458
2006-06-07,-0.00805247326720013,-0.007875481446816797,-0.006339383001173235,-0.004689353204154076,-0.00662762863653584
2006-06-08,0.002698426926389433,0.0006460181905591634,0.0003174611443736552,0.00014601306897030946,0.0013043323527473607
2006-06-09,-0.0042027765126160695,-0.0031572431475229224,0.001683152468890363,-0.001396961265877276,-0.0026060705122183353
2006-06-12,-0.015156198336139952,-0.013186660878224146,-0.016462208419974814,-0.00836245956641281,-0.011195471499579328
2006-06-13,-0.009697824260073921,-0.01018082369261406,-0.000188224814232808,-0.008151129034341219,-0.007095212857919585
2006-06-14,0.0070612989652896856,0.006676369036965996,-0.002769894331745596,0.0022173766252442527,0.005534602999319728
2006-06-15,0.020832157105777342,0.020810591438952877,0.018768424446877773,0.01375561886031603,0.018009261190914026
2006-06-16,-0.005728803178836681,-0.004544214339995178,-0.00929855419982759,-0.0019133069257720795,-0.0036435876000303156
2006-06-19,-0.008102724777637304,-0.008690093655440961,-0.011242403405814692,-0.007014984520283604,-0.008588966536859304
2006-06-20,-0.0008224953069805888,0.0009618337390423497,-0.003519565222821906,6.637530531458918e-06,0.0007183380978451214
2006-06-21,0.012264798084569978,0.011651949847501862,0.013879951999988753,0.006667542157847592,0.0101030337320698
2006-06-22,-0.008202043929215792,-0.006467383843404265,0.0035035068273149435,0.001997503938494639,-0.005548102729754465
2006-06-23,-0.0007660834290160587,-0.0009925389944621238,0.005614283226872495,0.001488509905458832,-0.0005626728409980251
2006-06-26,0.0035497349352913805,0.0050786207893553665,0.003483104406902905,0.003661798259919983,0.0041980958917431505
2006-06-27,-0.010385003731145846,-0.010466279230855375,-0.007761449040680687,-0.007796589660126814,-0.009017988603889828
2006-06-28,0.003462699168776403,0.003437016369287872,0.0006938287715997167,0.0008730914246244201,0.003606357675776273
2006-06-29,0.02199028966691284,0.021806080603666525,0.024963603228445715,0.0076858749734188565,0.02011580050894322
2006-06-30,0.00073585307682603,-0.0017471329548139785,0.000942072416129725,0.0004599456001412166,-0.0010253142402618222
2006-07-03,0.003635884655634398,0.00738251606252064,-0.0003935139414703912,0.0030788255817228755,0.006802562364481261
2006-07-05,-0.007499087692069395,-0.008670552417949345,-0.0031253556641874687,-0.002331494967547494,-0.0062321444892931566
2006-07-06,0.0018675770381316483,0.0025414882779317824,3.3097064746653946e-05,0.0016188235682085069,0.003164992974184549
2006-07-07,-0.011587039847639539,-0.009721941932211852,-0.0056320634008226325,-0.005827330191127511,-0.00878003336711398
2006-07-10,-0.0008813658308019581,-0.0005063113354931808,0.006246532514018675,-0.00029625053696250535,0.0008421515510059518
2006-07-11,0.006071718731086938,0.007122486859095082,4.9924685024335994e-05,0.006263518460185065,0.005963801231069141
2006-07-12,-0.013436559976733493,-0.013237530095854731,-0.008233662899754335,-0.008183984349242807,-0.011059016915861886
2006-07-13,-0.010291656732038447,-0.01268339901137636,-0.008607740615107344,-0.010263127439154923,-0.010752999560521054
2006-07-14,-0.007461027091993285,-0.005868235967989879,-0.00800576687140962,-0.005975800357485665,-0.005284439416051703
2006-07-17,-0.0003367009213342115,-0.0015065552921985918,-0.0012900722491961684,-0.0022138824766768615,-0.0014662434348334408
2006-07-18,0.0023425808581361528,0.0026313418013573448,-0.0009173513833995186,0.002831610592772011,0.0023132799376424716
2006-07-19,0.018676181450219015,0.0200879715629042,0.014714436232615945,0.014534154975365626,0.01829518842052814
2006-07-20,-0.013437752895534043,-0.013886661999403544,-0.004186514030591871,-0.006915563233837074,-0.011461825184271544
2006-07-21,-0.011767763140283726,-0.013688105923943674,-0.005200863420029934,-0.005732871094696502,-0.010410423050046837
2006-07-24,0.017054874076705064,0.01833088120571673,0.0077511813676914825,0.007324421919839993,0.016971611268965743
2006-07-25,0.005611993004016659,0.007597576979599772,0.016801196673704943,0.012217553759230051,0.007445737518324338
2006-07-26,-0.005559947871143213,-0.0018685552779757007,0.0038713516551955197,0.0009643725558755055,-0.0013118783883048222
2006-07-27,-0.007241258685075138,-0.0061822123865996085,-0.0016105690567732628,0.00022159256599403745,-0.0051544838427596594
2006-07-28,0.015110192668631416,0.015598874150106922,0.008734115411478834,0.00681128283161472,0.013225351820206503
2006-07-31,-0.004754955740557944,-0.003062639136324169,-0.007771648899235313,-0.002163634304968398,-0.003302799566792506
2006-08-01,-0.006677495013806621,-0.006213772831770119,-0.006348398726890688,-0.0030696586323240133,-0.004716822336392049
2006-08-02,0.013385711889944274,0.01095036032382516,0.03621505399374654,0.017569928353665686,0.010748321497286342
2006-08-03,0.0073127786953259225,0.007484950166509545,0.0015646894668149293,0.0022413796960691927,0.006061294608957945
2006-08-04,-0.002549010518844769,-0.002009132142723906,0.0036442552770744744,0.00147607301814996,-0.0009071038602928716
2006-08-07,-0.004344966892735759,-0.0030611573342754364,-0.0037251822231264228,-0.0011715154185008073,-0.002718259409608354
2006-08-08,-0.0021991903166027173,-0.003222795124951029,0.00960929572268236,0.0025080382639328003,-0.0016109236255185794
2006-08-09,-0.004498605239224811,-0.0027490629683988386,-0.00422223483532632,-0.0028869445934508083,-0.002269264864630453
2006-08-10,0.0066625312185849975,0.005699071877866507,0.010222702074092324,0.007031237765105509,0.005723678409890596
2006-08-11,-0.0065996273244088455,-0.008569670939368527,-0.0011197575925158045,-0.004148374575303336,-0.007104306577376863
2006-08-14,0.0039807286737751826,0.0034146995031560526,0.006125737842113253,0.0037839230080507695,0.00267438230808735
2006-08-15,0.016558274011497138,0.015576707816273403,0.006700701320349408,0.00769042606043369,0.01227238732155718
2006-08-16,0.01744343292852162,0.013498721272415876,0.008248630933770347,0.005912376997103255,0.010847667584327321
2006-08-17,-0.004107657178834278,-0.002254699327565582,-0.00589254661086143,-0.004086198168904835,-0.0031472698239467514
2006-08-18,0.00017955653494952217,0.0012201209291675323,-0.0030768535173353994,-0.00042641854444406635,0.001544817470845285
2006-08-21,-0.006243716015482782,-0.004621165802702636,0.0018326704531547733,0.0009522797665970329,-0.002664130115407273
2006-08-22,0.0014855394566886206,0.0002667034296523088,0.003098163864131914,0.0015407384908516558,0.00032156095834800553
2006-08-23,-0.005602552111776439,-0.00439935701262625,0.0005103269549027427,-0.002256781842464287,-0.0033542830013403415
2006-08-24,-0.002916407851380599,-0.00036268640133910656,0.0018720057898513475,0.002049176948857596,-2.064199921490603e-05
2006-08-25,-0.0008236901175075244,-0.0010761764452053746,-0.00508081082237267,-0.0012295229990149743,-0.0009026025105676923
2006-08-28,0.006765902133207467,0.006671140195278791,0.008343858854300853,0.0037914373232443887,0.00578063603911442
2006-08-29,0.0026060539626968793,0.0036677041596922194,-0.0004683469045419042,0.004880828545818054,0.0032889222621984905
2006-08-30,0.0018135580239501488,0.00190684166433226,-0.0020878058736143188,0.0012798856303089072,0.0006751703594535729
2006-08-31,0.0017194893610944875,0.0009978492093489426,0.004649573163282103,0.0014644298993560152,0.0012033246140377304
2006-09-01,0.00616089209606383,0.006230702191172852,0.007247031665341004,0.005221096838105297,0.006003093290917879
2006-09-05,0.00042842546351037447,0.0023777180296064744,0.0020509944384789845,0.0017155879317117366,0.0018959856445736128
2006-09-06,-0.010388792545113955,-0.010456455329767312,0.002844491017665698,-0.0004955224182358864,-0.008049380833405565
2006-09-07,-0.005996905110793118,-0.005367490013474294,0.0074869219038387735,0.0012355495345649672,-0.004782620448458751
2006-09-08,0.0056037081072759475,0.00607621771284873,0.003186208588357795,0.005114592861549189,0.004930573255573422
2006-09-11,0.0037634928825810666,0.0024953824686297136,0.008164799957708762,0.00580663913794323,0.0018528834131061097
2006-09-12,0.012237075673045654,0.013001139477635293,-0.0007205406230056648,0.003042496568099642,0.009894694771625703
2006-09-13,0.004041621543919418,0.002991374656870936,0.00023406395387032578,-0.0013435117239600648,0.001995238687798453
2006-09-14,4.487389743068973e-05,-0.0006648208540545339,0.006796159781600683,0.00084862398505095,-0.0005283797116228659
2006-09-15,0.003439617407291443,0.0040349756130412745,0.013996633514862026,0.009346015207765405,0.003845803779773797
2006-09-18,0.0016929925705947858,0.0011074804971679486,-0.0013265086706452528,-0.0007934781231344801,0.00018939269573786218
2006-09-19,-0.0013716687691110257,-0.002609571662573704,-0.0006610733352276064,-0.0017841703349494105,-0.001999400261099413
2006-09-20,0.0066848404713671025,0.006462676548981228,0.011172724429878973,0.004246760397630354,0.005240588354888941
2006-09-21,-0.002074430076641781,-0.0036850194511453675,0.007158704089278013,0.003959227743231771,-0.00251403201135475
2006-09-22,-0.0036988727495619977,-0.00261808400815632,-0.013201287209103114,-0.00962219042749414,-0.0022753519991663453
2006-09-25,0.008163240596130708,0.009886001664829093,0.0022955374474415346,0.003202811989902893,0.008536323910263295
2006-09-26,0.008014903371192414,0.007491963605770976,0.012708366433542284,0.0061494805454383695,0.007237708577688982
2006-09-27,0.0060912307370237714,0.0020182225661090174,0.007782569684185447,0.005484328239464073,0.0018331221464841412
2006-09-28,0.0015871887871305144,0.0023761337259917657,0.007968808498745261,0.0011704800686413255,0.0017724466250178435
2006-09-29,-0.0011431715419686797,-0.002886674723295419,0.009951858742063873,0.004326284968242897,-0.0015828944898097818
2006-10-02,-0.006376088190522373,-0.0041955356080151185,-0.008797250339082463,0.00012425733361369782,-0.0038715826194029544
2006-10-03,-0.00016807245768106125,0.000497743856942898,-0.007061717030712232,-0.0007451094114747898,-0.0008123744189543391
2006-10-04,0.012012744909937836,0.012209668797364901,0.009065673763827692,0.006088712621437545,0.010787228012743545
2006-10-05,0.004364925912172837,0.0026886000090375257,0.020513414102717502,0.006619864839315792,0.002492313460934925
2006-10-06,-0.001224622843239876,-0.003615171079908623,0.010176366363266985,-0.0045813772101076355,-0.002668896291236762
2006-10-09,9.672083768535585e-05,0.002198768738965329,-0.006270369882105083,-0.0033195459497312183,0.001595551455171267
2006-10-10,0.00116633048650209,0.002343828803810427,-0.003874461995078014,-0.0021517408170205602,0.0018323051259723838
2006-10-11,-0.0023887453162629944,-0.0014423672283244535,-0.012402812676817395,-0.006282194881957358,-0.001990291504689538
2006-10-12,0.00906467328945558,0.009679165586782584,0.011913187172045866,0.00561045271587012,0.008642668863501728
2006-10-13,0.004806535944465149,0.0041829295437597605,0.0045020576210651935,-3.581412185107215e-05,0.0034031505958425053
2006-10-16,0.006496279785955477,0.00502434016880218,0.00691815680533874,0.0058220079247498354,0.004469021308825051
2006-10-17,-0.007354568023504332,-0.007033351031124485,-0.011774713543172066,-0.010689626208744538,-0.005090294731029798
2006-10-18,0.0011270467964887418,-0.001107714869388175,0.004823138963193691,0.001550568107239424,0.0011349192147943749
2006-10-19,0.0031674687847019012,0.0026453527483968823,0.006567493420438739,0.005640846122272236,0.0032302079125909183
2006-10-20,-1.6571146291878298e-05,0.0004434969010582443,-0.008181813397170024,-0.005335575238037361,0.00144415197616719
2006-10-23,0.004234508522645387,0.006124319993886518,0.000335345170296524,0.0009930370207842207,0.006247659089963819
2006-10-24,-0.0013065219858618572,-0.001472261575661873,0.006444807912701035,0.001753463588028833,-0.001369433837100698
2006-10-25,0.00054130923103533,0.003718426500832999,-0.010492279193361941,-0.0005820918140423119,0.0023615664770754714
2006-10-26,0.003248212913341513,0.004455466787846213,0.007176683886192914,0.003965615094835328,0.0035972678696954124
2006-10-27,-0.006938278582530521,-0.009174327941600984,-0.0031733863705295236,-0.004479806609503081,-0.007007461747391651
2006-10-30,0.002548613094286135,0.0038087618269015957,0.0068389709606804915,0.0035547620420960002,0.0032712778162237136
2006-10-31,0.0018543120911845502,0.0024617428714942286,0.006921616754809837,0.005825882862572925,0.002968567294726107
2006-11-01,0.003752795142684878,-0.0030273321049585477,0.04643648082914547,0.021841706050266807,-0.0009401995786145799
2006-11-02,0.0014875246655733669,9.474442052467564e-05,0.01001503280362764,0.003812361371778516,0.0005492582228835356
2006-11-03,0.0027760305699420238,0.0008643589076379593,0.009517704576153462,0.0037964622483307783,0.0008377736358875296
2006-11-06,0.01298917256515018,0.013039169295288897,0.033709133395851354,0.020884146512141016,0.011784959894824108
2006-11-07,0.002831278974256976,0.00277874193255339,-0.01341627142237839,-0.006696165418238411,0.00207980381868626
2006-11-08,-0.0038000392089852677,-0.0013728718836131949,-0.021026233218133395,-0.010312603163729766,-0.002444799492659464
2006-11-09,-0.008593426611757285,-0.007616079673609688,-0.007522183382317047,-0.006799283693506932,-0.0073444452050994
2006-11-10,0.0037796527695328408,0.0038195741329696735,0.006794519008416308,0.005507571429908065,0.0026822037827382112
2006-11-13,0.009059670051985769,0.0066561664196049634,0.032996658938871694,0.02002189612803005,0.00594445062161635
2006-11-14,0.008345189077622123,0.008604426861583903,-1.2743946107460777e-05,0.003581116452822543,0.006563716874148176
2006-11-15,0.004647745503790841,0.0031236487697478086,0.003062161011864576,0.001614957458946041,0.0029416838074921626
2006-11-16,0.004080934854416239,0.0024202051641068973,-0.0002021164991411219,-0.0003499104867176575,0.002327316745084219
2006-11-17,0.00011800434914076387,-0.0008458596986391711,0.0022626123612102386,9.177087115929269e-05,0.0005965413705207227
2006-11-20,0.0010920137474039798,0.00029382862206809863,0.005600328264384851,0.0027475154919945816,-8.684114648562451e-05
2006-11-21,0.004451098585933143,0.0023554703247756137,0.0183900025903422,0.011452524883716392,0.002467887909940494
2006-11-22,0.0036572045576906105,0.0032679358311402864,0.008928590037295424,0.00722835889552774,0.0025444874799844365
2006-11-24,-0.0020452154676549325,-0.002722671988268776,0.00879514384028249,0.0033250851135326748,-0.00255336014001654
2006-11-27,-0.019527988108163453,-0.017618906291597534,-0.03389353754363528,-0.020822882679840293,-0.015414410571001921
2006-11-28,0.004902811317861213,0.004706581345063653,0.012466835710099374,0.005048323582737893,0.0047723451532954465
2006-11-29,0.005148347630384616,0.005589645928810761,9.430802879402227e-06,-6.92510945873681e-05,0.005674776067056419
2006-11-30,0.0009912776391332145,0.0013540647979367543,0.009542153384281878,0.006020346537046041,0.0018631118555390413
2006-12-01,-0.001421842756930102,-0.0030342238575665863,-0.00572471128979392,-0.0035331621974731987,-0.0022623483364514183
2006-12-04,0.010665293702469953,0.012305114618086655,0.005917379876480935,0.003649271736422222,0.011243569098691026
2006-12-05,0.00566305678454204,0.004876734856150252,-0.0032252835359015217,8.982978123664139e-05,0.004294013315788254
2006-12-06,-0.0027678010355037374,-0.0020398568970849073,-0.00030583656171396514,-0.0012064778905325653,-0.00208165745853144
2006-12-07,-0.005140405907957009,-0.005897018800577819,-0.0026280530454384473,-0.0018823144605361539,-0.005120362677987238
2006-12-08,-0.0005556882268091339,0.0006595973228214636,0.0008276012305134424,0.0022845757983746564,2.8237103346216968e-05
2006-12-11,-0.0016923118787899685,-0.001037947423966418,-0.006334893086090239,-0.005202696003682427,-0.0004068820264580825
2006-12-12,-0.005064012695576502,-0.0026625134554891993,-0.016419434176080487,-0.0077347044038131784,-0.0021280411703629527
2006-12-13,-0.0032047690822084337,-0.0020547668661750756,-0.004445071105367453,-0.002820776553528555,-0.0017801989665678106
2006-12-14,0.0059428019994586965,0.006680302323672148,0.0006451772546434448,1.645430066943743e-05,0.0058293322756925725
2006-12-15,0.002353558051862424,0.0014587409600331357,0.002529869118003566,0.0017456140396654857,0.00162555374091313
2006-12-18,-0.004838483065121343,-0.0033039809014783258,-0.015522485343413193,-0.00739367299084702,-0.00405462747414541
2006-12-19,0.004231405307724888,0.0022202445910032677,0.025412661331230983,0.010888084636442927,0.003146341907145734
2006-12-20,-0.0028469169475096546,-0.0019500733570532436,-0.0005778112519141409,0.00048363811952281417,-0.002291061586483248
2006-12-21,-0.006858071244760308,-0.006752849714509268,-0.006521336040721943,-0.006275186557573018,-0.005644600721001404
2006-12-22,-0.004303448178473715,-0.0044409873180101455,0.0006109600373398823,0.00179752127032472,-0.004087606264904181
2006-12-26,0.003299727655479246,0.005061362682025587,-0.0007875834543322317,0.00031605867884370014,0.004314769338793111
2006-12-27,0.00976563444661511,0.00807805624905601,0.021660379635223853,0.010890265134496374,0.007910284060218889
2006-12-28,-0.001659050548404146,-0.0013144433452994334,-0.004539549023946548,-0.0024789698033235007,-0.0007253606726511804
2006-12-29,-0.00335919166014627,-0.00406093359783146,-0.0032889776265641333,-0.0033096150109892435,-0.003704354346370582
2007-01-03,-0.0009242149232975502,-0.0017353643763088442,-0.012087978281327391,-0.00439901030848838,-0.0024167825457164158
2007-01-04,0.007239229696587965,0.00484050235136505,0.014148365985893951,0.005541876194567582,0.004167840525604899
2007-01-05,-0.006494750521048242,-0.005977596200180145,-0.002333104477708241,-0.002359077672674864,-0.005483797898649923
2007-01-08,0.0011424512224299586,0.00221462764333616,0.004345758599934912,0.00242867112846276,0.0018333682561104557
2007-01-09,0.001810756179715588,0.0006025710698713826,0.014478973950967674,0.005841945394101,0.001099827445108545
2007-01-10,0.004226484024277976,0.003728871259853205,-0.001232682845199336,0.0024571047198504365,0.0024912693246756674
2007-01-11,0.008014739155719777,0.0067019863404662915,0.010212142443363104,0.004107119362239458,0.00609371187595536
2007-01-12,0.003634024458851454,0.004965336410614909,0.0013890738369149334,0.002004246061654455,0.004849601307508368
2007-01-16,0.003255599212603292,-1.9833316992820093e-05,0.005902274477736588,0.0007073586536378224,0.00039841814779155806
2007-01-17,0.0012711522384983495,0.00036595248023391655,0.007363722969947553,0.004644828068670544,0.0011767281675828718
2007-01-18,-0.006354881398575732,-0.008781029980854027,-0.018207284279017022,-0.011865386461710897,-0.005522931801958308
2007-01-19,0.003637229246839009,0.003430123468001831,0.007139094267455286,0.003573287958695332,0.00334786684359152
2007-01-22,-0.0063758418224347056,-0.004774487794997697,0.00234890315014174,-0.0004238157695421003,-0.004478350694007412
2007-01-23,0.004141657866874709,0.003796083348752007,0.007382110345436747,0.004195305057114009,0.004648879259999342
2007-01-24,0.009846281503849249,0.01116608894139246,0.014913041037675366,0.00657380236802918,0.009233633067252861
2007-01-25,-0.008401009594547617,-0.009063799393952078,-0.009961675867121607,-0.007275969895343497,-0.008121634921736634
2007-01-26,-0.006255636358950373,-0.0019657737444699745,-0.0023058089491154177,-0.0002621467716896617,-0.002504081109199579
2007-01-29,0.0007584523137323451,-0.0007186035648413623,0.0025986239047100447,-6.381924225320502e-05,-0.000127561892088527
2007-01-30,-0.0007756679135623745,0.00141899868120666,0.004629552513636058,0.002905323751238317,0.0021623338150274286
2007-01-31,0.010199012744314248,0.008011699459010826,0.007712218163073672,0.003922925114629574,0.0073104763717918774
2007-02-01,0.009749884930449388,0.007780127756367717,0.018923095644552648,0.003433203584902719,0.007892058737159435
2007-02-02,-0.0007719887428129795,0.0014933134783365035,-0.0032616551841798966,-0.00026193794162028376,0.0005247628350788316
2007-02-05,-0.0005565856159034324,-0.0006499927657773507,-0.003619219067485471,-0.0005152661284024615,-0.00095029256222292
2007-02-06,0.00043378034919581217,-0.0002677387940024403,0.008428317800115973,0.0012769075863226234,-0.0002589330638908061
2007-02-07,0.0031435714385189663,0.0025405193003436317,0.006905823453662144,0.0022939534715452283,0.0017227626126277886
2007-02-08,1.626276036122613e-05,-0.0004622409006571146,0.004861483408351499,0.0021657155823161444,0.0001396622940933666
2007-02-09,-0.008939207528803263,-0.00846961766886498,-0.030484859550562977,-0.01780861909230194,-0.0077443852979418235
2007-02-12,-0.0020264670577343274,-0.0029028821391963843,-0.003429927880938785,-0.004179219723705432,-0.002350985143144253
2007-02-13,0.00635804690257796,0.0060548162592252335,0.00959052204101009,0.005336797490761593,0.006144210889290878
2007-02-14,0.011243500553749992,0.011277318184887456,0.013150226631470169,0.010591423619767858,0.009572906483874603
2007-02-15,0.00403199509536552,0.0030865676154190657,0.004601195118964907,0.0015499784882487136,0.0023362608626798704
2007-02-16,-0.0020041739366849437,-0.001290655639837578,-0.005035199610065556,-0.0012577780777407851,-0.0010968492937288034
2007-02-20,0.0028030571586226145,0.0018189678571864161,0.0028989746702628052,-0.0006669229521478884,0.0014660357498882284
2007-02-21,0.0022324680143135586,0.000695279842348587,0.002018636268572128,-0.0015297599004880699,0.0005166267739781349
2007-02-22,0.001035623186830059,0.0028189338164016447,-0.007397686240265422,-0.001567577094486779,0.0016798808370114455
2007-02-23,0.004189089654499583,0.0028353930282642888,-0.0004715502483502125,-0.00010331580027224158,0.001619277497756357
2007-02-26,-0.003105599776769142,-0.0029636952666658297,-0.0036809594431851406,-0.0016396953489738694,-0.001567044871634247
2007-02-27,-0.02956765456679293,-0.032663164943098344,-0.024615576437825006,-0.016780642451709564,-0.03052514927265436
2007-02-28,0.005216599215249703,0.005355525464729238,0.013726564425767598,0.006981147290916075,0.005569598090216788
2007-03-01,-0.0040556248721701615,-0.0038835556302770687,-0.0034759920197393653,-0.002259260415482845,-0.0037853642627402534
2007-03-02,-0.012317600796180135,-0.01264162818901499,-0.01818538660996737,-0.009737263297304594,-0.011912488309601694
2007-03-05,-0.006293710457326447,-0.006788951059056509,-0.007871689449621282,-0.0055287898559570284,-0.005678117107937515
2007-03-06,0.009849156524034114,0.011451702623643837,0.014365023012024147,0.007037254468802893,0.009850498094170088
2007-03-07,-0.004132651756556346,-0.004969046796825558,-0.013578946065508347,-0.008171261746928048,-0.0048787406179504975
2007-03-08,0.008329528064209992,0.009307180544114517,0.010960737227569201,0.006846413328811529,0.008405920776016637
2007-03-09,0.002594696247688058,0.0030681229417486157,-8.452919080006771e-05,0.000560842120619714,0.0026265287635084517
2007-03-12,0.005916349274084432,0.004328207652391137,0.01304957802561426,0.004711504739299269,0.004592138591400645
2007-03-13,-0.015384637733258835,-0.017037097999090388,-0.010514533657642357,-0.007468266144489926,-0.01566289139716573
2007-03-14,0.006159917442603675,0.006637102765777661,0.009204312463238983,0.005704225544555304,0.005352328173843905
2007-03-15,0.0053358891532890775,0.003924409696851863,0.0019050014013105314,0.0005918779289727665,0.003288362852458868
2007-03-16,-0.003922284137045167,-0.003757466093131499,-0.0015699479346136963,-0.0009492181273872231,-0.0031336274128459583
2007-03-19,0.005627306527765264,0.006988915269755365,0.010021347027710379,0.0047180883619749505,0.007167621703987924
2007-03-20,0.005158031335072437,0.005944844575689096,0.0056366510635894596,0.002817532325272379,0.006091628603480258
2007-03-21,0.01338397080606181,0.016747292342836347,0.016596196454069834,0.012563022340469101,0.015129688582459618
2007-03-22,-0.00476137171767662,-0.003390397291931648,-0.006889084050286001,-0.0031060872891346975,-0.002222525148790986
2007-03-23,0.001044577379835442,0.0007594949849926427,0.002574934528313446,0.0025360854473240827,0.0012708376195036597
2007-03-26,0.0002957896734337185,-0.0003287820508213583,-0.00398072518528273,-0.002612458341229346,0.0001762343546622587
2007-03-27,-0.0063390076779800564,-0.005989904061941467,-0.006051276802403418,-0.002259219179681726,-0.006152492357965849
2007-03-28,-0.00842234531140373,-0.008345314658648437,-0.003932138027363634,-0.0042340750974079674,-0.007264511430093292
2007-03-29,0.001297426294686978,0.0010802757724216836,0.0055419122288766845,1.9262227911872242e-05,0.0017044390437123092
2007-03-30,-0.0012749785053702526,-0.0012766515879313266,-0.004271372564016738,-0.0010338570180348744,-0.0015150176991820038
2007-04-02,1.5049126287008518e-05,0.00013395305910098384,0.0025965331956255056,0.0005775847353115502,0.0008390316738425477
2007-04-03,0.009509527808329933,0.009013801272086676,0.007821270770886653,0.00513437546401937,0.008249603288552343
2007-04-04,-0.0015706840154329363,-0.00016938792566357493,-0.002776202491041131,-0.0024005657595956038,-0.00012693986886188837
2007-04-05,0.0010643555024497584,0.001172870921130741,0.0006691742646033512,-0.001447113985299564,0.0018177086305631324
2007-04-09,0.004507742745253159,0.0024002001127283934,0.0020308482533265594,-0.0005665029547436647,0.00215408101070369
2007-04-10,8.808692444876864e-05,0.0018094369128102156,0.0023350312286650014,0.0019474198669947058,0.0012149849985766046
2007-04-11,-0.005998931820500252,-0.006664187104121265,-0.007033215622492227,-0.0020277491649833314,-0.006190701075164633
2007-04-12,0.008861939025413714,0.006974612529722108,0.0056479034787265976,0.002243811565776602,0.006696227411010922
2007-04-13,0.0033489849131682044,0.0029893250076451247,-0.0017288784334782703,0.0020879841383578336,0.00436800593722483
2007-04-16,0.007868104695554578,0.009326130495938795,0.006495761313808019,0.002384156289840407,0.008012791626343732
2007-04-17,0.0009350342277106596,0.0012418089854411237,0.0003782544456442836,0.0010241273686959341,0.0015837788406505991
2007-04-18,0.001341340176424118,0.002422326956372312,-0.0026214913079618107,0.00014070241685795975,0.0006153306472100568
2007-04-19,0.0034290179842476134,0.0031168717756592905,0.006901980198947808,-0.0013582434278147197,0.002479757413784532
2007-04-20,0.006642053087419646,0.006978949526729659,0.0057255934642850195,0.00471795367607642,0.00791389488413104
2007-04-23,-0.0011997948084820072,-0.0009322256852639947,0.005627777737290508,0.0012516410492964523,-0.0005108956720405137
2007-04-24,0.002367282253467005,0.0034668771290566045,-0.009253156215604534,-0.0007015427408742958,0.001544211458150312
2007-04-25,0.007165517500440289,0.008704350358607414,0.007089809220646476,0.0036655808792330343,0.007572333128242601
2007-04-26,-0.0010493825335679014,-0.0016275282639872635,-0.006116657110492115,-0.00232725265677443,-0.003012242781084527
2007-04-27,-0.0002133186789861517,-3.608986331716732e-05,0.01592086827759162,0.008720844146562387,0.0005155351907465903
2007-04-30,-0.007135690635432373,-0.008105717574543312,-0.008615234377693813,-0.0067161042930153955,-0.006425309057835201
2007-05-01,0.0030256436671049075,0.0038786878861752716,0.010450677693171142,0.005353308100007324,0.0035318886908268137
2007-05-02,0.010521784366810989,0.008455952754823335,0.03255996283756154,0.017076758956881995,0.007505583757612516
2007-05-03,0.00744407285008039,0.005887026581656416,0.020872044009020388,0.01150907605521293,0.005445083520251529
2007-05-04,0.00268195143570719,0.004105856459924205,0.0009477690218533905,0.0032033624939347563,0.0036988468226136764
2007-05-07,0.0024333850412200765,0.0018374434629063656,-6.989167781821284e-05,0.0023348142752109583,0.0018585350144245194
2007-05-08,0.0017327681901654006,0.00029029533596243223,0.006042668334084664,0.0016578961393066043,0.00036592330139850293
2007-05-09,0.005669726606158661,0.006839419658429903,0.008629505679651869,0.009077607576900269,0.006375690346183328
2007-05-10,-0.012203067027626583,-0.013426294377100252,-0.008511400217293902,-0.007364349795179468,-0.012883720529576096
2007-05-11,0.00841883842527624,0.009814878400437464,0.0035995198765377528,0.005318581304019697,0.009018996499582441
2007-05-14,-0.002726707308551132,-0.0023346374195259254,-0.009237901290615226,-0.0024232934918177245,-0.0018857119792695957
2007-05-15,0.001306013851534441,-0.0003702269161996797,0.0006176363750733916,0.0014239604776295509,0.0010907336965362063
2007-05-16,0.007438988651753626,0.007305398666317714,0.00785466288154769,0.0019654933326198956,0.007342966691716314
2007-05-17,-0.001253471775732247,-0.0009427871374935225,-0.005023239953221018,-0.0016147042595155735,-0.00019779258160394862
2007-05-18,0.00583485744497063,0.0065473150633082395,0.006430880273005934,0.0037331376283196364,0.006399081780623542
2007-05-21,-0.0019291627144465092,-0.0013848142657222097,0.005040772413616746,-0.0007247398202655747,-0.0021837613949687615
2007-05-22,-0.0011641822077987454,0.0006351279426960307,-0.009890345695036476,-0.0037430866795250886,-0.0014095544440195216
2007-05-23,-0.0030061091945323116,-0.004245209353171267,0.0004499751337938033,0.0023098886713215465,-0.0029385054810890103
2007-05-24,-0.006948985953362745,-0.008090807530503424,-0.0016031084624453622,-0.0012417212819929005,-0.006538343249437882
2007-05-25,0.0036332584617322704,0.005272932388610428,0.0021870811810393263,0.004283598597229867,0.004990513193186358
2007-05-29,0.006455161394909148,0.004543585733700198,0.017164968111110363,0.0068497211400703716,0.0033360024305865072
2007-05-30,0.0055623236035035415,0.005859577020762384,0.01143321463609418,0.006912092534319308,0.006040350354242727
2007-05-31,0.005489236327109161,0.0034372687670764083,0.005657388197440227,0.005293889097160453,0.003065872557507612
2007-06-01,0.0035905888045678087,0.004917046814909238,0.004515879992067959,0.005565994818812015,0.004466679977089998
2007-06-04,-0.00036405479265574366,-0.00010151045862392402,0.001819428848236948,0.0002726300706834185,6.98174269721825e-05
2007-06-05,-0.00593105174010433,-0.00591478239270772,-0.008386235835741551,-0.006736127925511091,-0.006165014020351484
2007-06-06,-0.010685202863554092,-0.010746096714319104,-0.008457788369719945,-0.007943682182196415,-0.01013929377520637
2007-06-07,-0.018753955494186868,-0.018329779007098385,-0.02694064440350035,-0.017438263820560504,-0.017454140860775364
2007-06-08,0.01213261351237532,0.012270500602991705,0.01699381607379664,0.01141329151385134,0.01063507779793696
2007-06-11,-0.0011969848897042373,2.3880981626166415e-05,-0.005292451673488992,-0.0018739069994744384,0.0005322054320683694
2007-06-12,-0.006995385033150057,-0.008866058351206836,0.005509205804192281,-0.0003289144923742098,-0.008897068374482255
2007-06-13,0.015911896743121552,0.01641936715055932,0.018207121877543322,0.012290315651545826,0.015191354377541905
2007-06-14,0.0034954244843641625,0.004197062849889903,0.0056540580802156215,0.0027475270541824958,0.003587597403029031
2007-06-15,0.008103193860718297,0.008228945315765967,0.014786465731446331,0.015063310931833778,0.008198115266892991
2007-06-18,-0.0019275368289091072,-0.0014359165441536089,0.011739580429494674,0.006603262881094408,-0.0016183559883210163
2007-06-19,0.0004260710942691411,-0.0005868120990813346,0.0035866900279662795,0.0007515844783146927,-0.0008387008992785919
2007-06-20,-0.0085707597504493,-0.010015024027720159,-0.012254012960854859,-0.006322295091836112,-0.010388946271723334
2007-06-21,0.007052213371979009,0.009103581142074282,0.002973918410857028,0.0060768154445562566,0.007644094467597843
2007-06-22,-0.00786491153681386,-0.010863663985727794,0.0017379450849296266,-0.0015890506161260593,-0.010952250184536778
2007-06-25,-0.004032447569073011,-0.0031771301516252894,-0.01628850640001789,-0.008404294877084384,-0.0017794165473995287
2007-06-26,-0.0020685468755097516,-0.0028753487039712726,-3.783943081516481e-05,-0.00374612679400682,-0.0026763244153379397
2007-06-27,0.009124969387655972,0.010682686626374675,0.010232197943151491,0.00855778353521244,0.010274752852912381
2007-06-28,0.0002972449843829788,0.0006521300871559105,0.008734896683749072,-0.0009672057911665937,0.000769338349428992
2007-06-29,-0.002708695677940258,-0.002157321872922252,0.0007801243329960896,0.0007348698164589311,-0.0017352562278717236
2007-07-02,0.008404485052262451,0.00927888204443492,0.006505994666590773,0.003733348537201207,0.00843000434417394
2007-07-03,0.0027245098781067917,0.004129708110052373,-0.008046960844745113,-0.0018687791055460657,0.003171951304619605
2007-07-05,0.00014871275613423027,0.00013607058082249277,0.001225515060915125,-0.00025333015340152907,0.00018105596218114884
2007-07-06,0.004478177550853999,0.005683955299466305,0.0014981470194743774,0.005017258239825054,0.005465661483125356
2007-07-09,0.003058146839563305,0.003471747305592833,0.0012487399319732024,0.0004338806390879559,0.0031244157121112005
2007-07-10,-0.011017283534450016,-0.012638275497999955,-0.012494243592923131,-0.00951791789416279,-0.012420713489437477
2007-07-11,0.004263587111462298,0.004809259181556379,-0.003500127632797614,0.001309093802309569,0.0047658221791637145
2007-07-12,0.019995840437510393,0.020463034367889637,0.03660515054060836,0.02115416468028463,0.019703686119922556
2007-07-13,0.0037054268050313592,0.002931574362361459,0.003493931348185662,0.003525238658011901,0.0026221003735816197
2007-07-16,0.0005714789946677248,0.0006613764325816516,-0.0018460469999718422,0.0048960255068467955,0.0009286334539175047
2007-07-17,0.004572431636315873,0.006856510795373808,0.0027342448266470957,0.005128137018677295,0.004755139447699456
2007-07-18,-0.0011869772803759292,-0.0037050487650583394,0.0007227030355532258,-0.003955654895495129,-0.002391009919099999
2007-07-19,0.0027692668961081203,0.004043502248886841,-0.0013187131141160118,0.0023600465615715906,0.004851679234736777
2007-07-20,-0.007776627125684863,-0.010835755279554802,-0.013147508186325058,-0.009234619983969562,-0.010545520694214352
2007-07-23,0.004824712370250466,0.004631347992869801,0.004384130235094897,0.006164918569580451,0.005960251373869269
2007-07-24,-0.015269772177732212,-0.018066594300763482,-0.01621243682677579,-0.0169487141650745,-0.01573900410350352
2007-07-25,0.0009031147792745363,0.0018412529790357971,0.0013958291954574951,0.0018366147278512594,0.0018587427813348992
2007-07-26,-0.01698335055533571,-0.019741911846491773,-0.013954592914475306,-0.013047248356525494,-0.018607384531456855
2007-07-27,-0.015483643001200694,-0.014340080270085308,-0.015737210007647565,-0.01293776549822561,-0.013919088373418907
2007-07-30,0.017197705458584747,0.015182351970910474,0.031641236279688095,0.01929957545391704,0.01403861359429191
2007-07-31,-0.012141227432174878,-0.013603784466893174,-0.013939763098739193,-0.01004754197779825,-0.012755746025430264
2007-08-01,0.002790306016412397,0.007670215728977596,-0.018012296581532687,-0.0044902295070695045,0.0078115562124185176
2007-08-02,0.0028461950632852756,0.0038240034623168327,-0.011220687592420498,-0.006044200106919839,0.004121160696334968
2007-08-03,-0.029179967363788396,-0.02995857150693934,-0.03807197938326741,-0.030894765906262354,-0.029476537832066666
2007-08-06,0.01594295129202385,0.018254210444426516,0.02355191310722661,0.015319573809015465,0.0177367326508212
2007-08-07,0.0005412505599010293,0.0012684842939619445,0.010202893308934728,0.006595767859611167,0.0029700282229789773
2007-08-08,0.009146456992194928,0.009833522446166948,0.007709934905941488,0.007283072367366984,0.009021636703912272
2007-08-09,-0.025719966702357475,-0.027490432989454652,-0.030092457371686625,-0.02094745002861165,-0.02708614726518379
2007-08-10,0.0036712468377831427,0.005164427002313149,-0.003610440238788077,-0.004442954951808692,0.004036387821590494
2007-08-13,0.0021261663466020995,-0.0006938192354320469,0.007989504617395001,-0.0002902256895505144,-0.0001695094821382321
2007-08-14,-0.018611746624180088,-0.01807352506098897,-0.014526274156359069,-0.013598520457660041,-0.016090703620990347
2007-08-15,-0.014978926451915899,-0.015262956255684475,-0.01710408849303499,-0.01403883200219813,-0.013306963357023336
2007-08-16,-0.0029395618429197893,-0.0001480121312578439,0.0035158430342064075,-0.0032835779668129762,-0.001862588138505827
2007-08-17,0.018261390241531648,0.021762197919780887,0.021431856145966842,0.022131417503475043,0.020690477080257067
2007-08-20,0.008170498139156272,0.004807742835709866,0.005513837263572593,0.0015839901402455478,0.003665017720410898
2007-08-21,-0.002266048075646364,-0.0017790094914910443,0.003143614418461938,0.0016632761118345785,-0.0022650618213224164
2007-08-22,0.014440215057681689,0.01210521601892868,0.019446711616591818,0.014107215994886685,0.011730288851148293
2007-08-23,-0.005610305964978202,-0.004076860104594947,-0.012593346389233361,-0.006979725130139746,-0.003709669102739829
2007-08-24,0.010791969382264746,0.012494273005602914,0.00297820065047373,0.0060319863941725015,0.012526576466217373
2007-08-27,-0.004023927285537783,-0.004900230518306309,-0.0012093418260765445,0.0012386092855405967,-0.004559086120513929
2007-08-28,-0.021476944510044137,-0.022238470799013702,-0.031166082409675343,-0.02031613596710161,-0.02054950330882242
2007-08-29,0.019505379258186715,0.019994102740111316,0.011104348376232627,0.010225476553905105,0.01742232492862742
2007-08-30,-0.0019512788052357985,-0.003495964249398899,-0.002109777609209133,-0.004424063488488379,-0.004228253051500603
2007-08-31,0.011413473543125361,0.010877322922430967,0.014459698387060432,0.0114746568319493,0.010121348622049806
2007-09-04,0.006927887559721124,0.009744171962136786,0.006043170863772023,0.0055189836334993275,0.008195852093258987
2007-09-05,-0.01016754263074347,-0.009813014282657413,-0.009266096704371707,-0.007370926679898649,-0.0084841595227133
2007-09-06,0.004615250994433385,0.004989737012366085,0.0024161145553508864,0.002331277276670542,0.005255550068363256
2007-09-07,-0.01646342214469823,-0.01765585605947342,-0.016262440607411593,-0.01470170573373815,-0.016433088538282382
2007-09-10,-0.0019401765618524776,4.7242560016878864e-05,-0.0011986004138392107,0.0004986821334635401,-4.093601959532416e-05
2007-09-11,0.013252593698645858,0.012428015190131295,0.010606552021343241,0.0062678874447234505,0.01189289638152808
2007-09-12,0.0016533907333264944,-0.0004949464425063616,0.011032053882510238,0.0025490483615043416,0.0009373149768217435
2007-09-13,0.006356083630318677,0.005763862023313795,0.01301442589480657,0.00485966757030537,0.005037300797678661
2007-09-14,-0.001379830823318572,-0.0016872671968324784,-0.002226258427851754,-0.0005434081051595461,-0.0010845099894513889
2007-09-17,-0.0053741902095983465,-0.004725131897174394,-0.011148996420268158,-0.0035377694435003203,-0.00470716020822101
2007-09-18,0.02805311284514802,0.028725280865429158,0.03973773371836231,0.026861762842790092,0.026282297463253973
2007-09-19,0.005598743545975274,0.006333254309287497,0.006854693279839324,0.004798611325543966,0.006840890736534604
2007-09-20,-0.0006735491459135905,-0.0014278906007521846,0.0017223680297480052,-0.0006036503350777437,-0.0007008040204015677
2007-09-21,0.0037935098013964813,0.003287056750173296,0.001635740792977485,-0.0009187314851127686,0.003609075071418664
2007-09-24,-0.004220240093538348,-0.0062433675457503795,-0.012488882177662253,-0.010059660840916888,-0.005346943568793181
2007-09-25,0.003971903631406631,0.003040922401955507,0.011332637972390747,0.003951158090880364,0.0032628293777710402
2007-09-26,0.004433331958989568,0.0046187292449085295,0.004913414205243516,0.004528232906755358,0.004171696497396311
2007-09-27,0.0045922933763277215,0.005009491166489872,0.016294285010926033,0.00993865843042244,0.004155442815501128
2007-09-28,-0.0043621544277816955,-0.005491509031439591,0.0011342565891974779,-0.0030169622251349283,-0.004835697533764283
2007-10-01,0.01417280557812861,0.014779931907247,0.016407984332625407,0.013320794594394473,0.01370926494073224
2007-10-02,-0.0023519460381062505,-0.0005466801265661133,-0.001826809570834372,-0.0016698999419257822,-0.0012212582002191438
2007-10-03,-0.0035638261650039428,-0.0078015978657215435,0.006922315536482505,-0.004605653410695416,-0.0065755197896781945
2007-10-04,0.0027608618010738946,0.00010048230750040279,0.013257695965390117,0.006497127716865991,0.0009643192069763043
2007-10-05,0.007810975694869624,0.008971944160233067,0.006280815002980942,0.0028149900166778356,0.007044774923801035
2007-10-08,-0.003273600271205798,-0.003821042674580231,-0.0007181748025392636,-0.0009977688266792505,-0.0038801371266655813
2007-10-09,0.007487380317872089,0.008430164878558029,0.009053369137399424,0.004152170039126157,0.008671539277050697
2007-10-10,-0.00217541454237407,-0.0036899302310956874,0.002099484884608728,-0.0003290267434107509,-0.002864500546397009
2007-10-11,-0.008635147832414598,-0.007273855856447262,-0.006466170892733968,-0.005360892440951279,-0.005781266908353396
2007-10-12,0.006330157688221232,0.008184312281157827,0.00793627464309646,0.004292156407460928,0.0071166486541500455
2007-10-15,-0.012935538010303074,-0.011017173062685112,-0.018375673407132136,-0.01153990568430628,-0.009883382103295162
2007-10-16,-0.005174011105860559,-0.004407716828743878,-0.006143884059912024,-0.004816179395058078,-0.004169091851831401
2007-10-17,0.002024313528379459,0.0018408131581501902,-0.00380107086480867,-0.0027309084660310013,-0.00028360865963282696
2007-10-18,0.00560350472557254,0.0006364926315026345,0.005275567670281975,-0.0006124141898491749,0.0013881857795043045
2007-10-19,-0.021965653364655682,-0.021662561342780894,-0.014596727511416479,-0.011835426340279655,-0.019783056610720683
2007-10-22,0.0049269090997625786,0.004091201588398249,-0.004386426792727563,-0.003742032593529771,0.003688047973208139
2007-10-23,0.005026350383918232,0.004519162858182477,0.005409002682166846,0.0027369357999922697,0.0045495758847901736
2007-10-24,-0.0009902793657578144,-0.0006462326791895962,0.0018937642679836505,-0.001578629994049909,0.0004990645919897841
2007-10-25,0.0002866150697808979,-0.0038772702125365473,0.017013039745226284,0.002074295265035669,-0.001723387180604751
2007-10-26,0.010195681192768688,0.01033211647322466,0.0155974666125836,0.009584751762186896,0.009683621852221838
2007-10-29,0.005229275072318271,0.005949009952880394,0.00010250835871216703,0.003497641515353378,0.005119826819969642
2007-10-30,-0.003502113839847892,-0.0029916722490270953,-0.006197652594278712,0.0006584102512655491,-0.004023085909185797
2007-10-31,0.025865782594160155,0.020772440959738868,0.08003125860950336,0.0452768556367116,0.02134670303025569
2007-11-01,-0.017956464429974762,-0.02412966614789018,-0.005305482355060272,-0.012088473522475787,-0.02273793379959321
2007-11-02,0.010555211342467861,0.005316050579078343,0.007019100584405941,0.005799340091993885,0.005920357989948934
2007-11-05,-0.004112738834204151,-0.003691865451633005,-0.00525881351038896,-0.004577708780061544,-0.0021750423593890024
2007-11-06,0.010559868360729559,0.009893071303231903,0.027061785662100872,0.017732095372805592,0.009811386609965195
2007-11-07,-0.019320586490564888,-0.02520709516755161,-0.012566423678066131,-0.009462754328991302,-0.022143684464817175
2007-11-08,-0.007121237941871094,-0.0033364141800969007,-0.015352613741859217,-0.008126184479004277,-0.002175933675738405
2007-11-09,-0.012822357448441018,-0.0140182107108287,0.0023198163997066685,-0.0033605488641074294,-0.013474995803639653
2007-11-12,-0.013331986240208139,-0.01154501025352139,-0.029188856661821153,-0.01860529192478943,-0.010951542367669568
2007-11-13,0.02244756141615977,0.024402058848957367,0.026170991639924774,0.018665051681289405,0.022641748202488182
2007-11-14,-0.0029866852640076124,-0.002743887369943132,-0.0036373412165096298,0.00015040191734246229,-0.0017359969227629052
2007-11-15,-0.005885753875744807,-0.009412428988551796,-0.008836320863107006,-0.005704115170746847,-0.007616363821428141
2007-11-16,0.004468204957983066,0.0036471983481674904,-0.0005001148939289173,-0.00015207975556579987,0.005336091965960115
2007-11-19,-0.014205169415148312,-0.016048371924042085,-0.015350093705858351,-0.009675841621515788,-0.015441060575444445
2007-11-20,-0.0011334654182179693,0.001446285479916055,-0.0009784201937727106,-0.0010827851529201674,0.003408316298106631
2007-11-21,-0.01442642247156576,-0.017336002369742406,-0.009894201519360752,-0.01143191920029233,-0.016004183158442098
2007-11-23,0.01156814552423439,0.013622512832757321,0.007324016191778478,0.0072278090884875055,0.01278797229015735
2007-11-26,-0.014932693518947014,-0.018825059744003357,-0.010296033365808224,-0.008655722376815554,-0.01694908934853024
2007-11-27,0.01665417707462115,0.01545149997975349,0.016273424858710143,0.00841203067946671,0.014446967718565927
2007-11-28,0.029563374104397643,0.029783719112941857,0.03614655048478693,0.02726723956520998,0.026081579786611433
2007-11-29,0.000700132092013295,-0.0005566408237225803,0.0050282071506442625,0.0018964915917766092,-6.644042159014655e-07
2007-11-30,0.0012306145656669886,0.002274836387697196,0.006264456777747971,0.002735909158811123,0.0014524465754045643
2007-12-03,-0.006040099979675928,-0.006675664144848443,0.0025115492861740437,-0.004002847922415607,-0.005789276222860464
2007-12-04,-0.004471030842014329,-0.005849917864520521,-0.01388742819684225,-0.005887944835867873,-0.0052561128808268805
2007-12-05,0.019449372266399388,0.017679774182201208,0.016921049438706995,0.013541698765250115,0.01574480911632705
2007-12-06,0.011757840283858675,0.012331656392184141,0.020006511233772784,0.01126511438002375,0.010894010300158474
2007-12-07,0.005373364030916296,0.0004493033330309913,0.0062548694524977065,0.00347897558549886,0.0008931514314320624
2007-12-10,0.007529303569401314,0.008504863162038828,0.013613621564942906,0.009212750780527624,0.00722351349039194
2007-12-11,-0.02243981908363726,-0.023193874701590726,-0.011579429201666293,-0.010052730661591062,-0.019703978539590012
2007-12-12,0.0026724463889591997,0.0056631941293010316,-0.0028634957529574305,-0.0027982079956290736,0.006300778278554681
2007-12-13,0.0048140845639055505,0.0026002742256610784,0.017851564429122738,0.010178481281943166,0.0030478044902029397
2007-12-14,-0.010681187206849138,-0.012032703006882363,-0.011360859844463223,-0.010965375804381824,-0.01124546392721816
2007-12-17,-0.013674364963606085,-0.014047566848344916,-0.026269482243289413,-0.020281687057740125,-0.013262627076543253
2007-12-18,0.0006413121324465266,0.0019521832092070008,-0.006661641159451852,-0.0020129637892456684,0.002497211280928815
2007-12-19,0.0019062455396345443,0.0014804356322429347,0.02085640477207408,0.01247186713862862,0.0011140659034526291
2007-12-20,0.0008129182228935695,0.004445365906143734,-0.011344861392077984,-0.0027273785816453624,0.0038256780054000874
2007-12-21,0.00910244147759703,0.010850257608422634,0.019813605555763236,0.011453744059821601,0.012144589144119769
2007-12-24,0.0061172551124657,0.006440415894609353,0.004023991240753768,0.0022179095151866005,0.005112719444351453
2007-12-26,-0.0013699472291952167,0.000330344238663588,-0.00729092601254256,-0.003757532349893672,0.00040596104319746366
2007-12-27,-0.011264933728294521,-0.014295274736400366,-0.007296916083879379,-0.00716778502462325,-0.013002013543913954
2007-12-28,-0.0005767421503247383,0.0011256896986411183,-0.0009894911908444645,0.0003630565462064777,0.0016002969511431132
2007-12-31,-0.004268367197416105,-0.005055146166921985,0.0065206392115836,0.0025145421219237457,-0.005994888490754828
2008-01-02,-0.016101520133871464,-0.017827692251240458,-0.005459733941724642,-0.008697788441335194,-0.014125413362012831
2008-01-03,-0.001715222740775525,-0.002853993207322909,0.008257843083652737,-0.0007286605808410774,-0.0006939893324092931
2008-01-04,-0.026093965933557617,-0.026260454476502527,-0.02450149384480522,-0.02095298656408225,-0.0224308281888003
2008-01-07,0.0009554054836932219,-6.877622433236908e-05,0.0036090786686826773,-0.0013578109676368837,0.0011829214156040921
2008-01-08,-0.013917988450661072,-0.016981707121805786,-0.012656361944851313,-0.007654869862086984,-0.011967169359411903
2008-01-09,0.010962081453701892,0.009917360379052458,0.0078091449641746165,0.0040741335380776195,0.008501791785507225
2008-01-10,0.0062853165713208405,0.005807123139208012,-0.0022347095322279797,0.0014264005042378596,0.005132642822450122
2008-01-11,-0.01586460833613437,-0.017480309050811424,-0.021152911223939676,-0.014934828693009774,-0.01577727783123233
2008-01-14,0.009331260751930392,0.012319741286881682,-0.005862421260640452,0.005656194371947293,0.009786974389124663
2008-01-15,-0.014466559346859784,-0.018424516105779987,-0.011907727847117574,-0.012149445423961758,-0.015922898815091034
2008-01-16,0.0028130684471289326,0.0025590901885618367,-0.0013523163025605232,0.0005689529914463685,0.0008914608192184953
2008-01-17,-0.01974544764294877,-0.022341927440372736,-0.013657053898630037,-0.011269550315951053,-0.020274903255619342
2008-01-18,-0.003117855965351085,-0.001276616729156966,-0.008997322854739172,0.0016908042994496684,-0.0030122164969465567
2008-01-22,-0.004553390712152551,-0.006298399012006831,0.003235791073773392,-0.0026747358344907787,-0.008222058873934325
2008-01-23,0.019745006787245202,0.02415683651538285,0.022772575931000967,0.015309383941673999,0.01851033717032491
2008-01-24,0.015205969430357735,0.012689849732368044,0.021147695104248704,0.0095913543783443,0.01010898439969627
2008-01-25,-0.012742622032845527,-0.014813349258496004,-0.005623858805672883,-0.00568848120402892,-0.013304136921439808
2008-01-28,0.013006038965192725,0.015764028902933484,-0.0012860436435576342,0.0028865276222120786,0.01376691910262478
2008-01-29,0.004077338942460317,0.007036634914975772,0.0024818048220449146,0.003029854516422451,0.005209042666271304
2008-01-30,-0.00025579077191735446,-0.0003889445087258243,-0.001872599850769814,2.3392856642285382e-05,-0.0010026795680471365
2008-01-31,0.018166061817084522,0.01681644737534905,0.033536316884418646,0.015728402919653703,0.016379693694317722
2008-02-01,0.01342923042206543,0.015573025045303335,0.013746189659354322,0.019856663749973857,0.012174808684052761
2008-02-04,-0.0058268242608345905,-0.010577121147970698,0.003676902921410828,-0.0014246396411712991,-0.008395441922881691
2008-02-05,-0.023385030719848335,-0.026312350486705695,-0.02369781056872373,-0.0158556223724166,-0.024086154912376926
2008-02-06,-0.006329437831386264,-0.009622516449750004,-0.007844147605755318,-0.012929373927114424,-0.007951309248145817
2008-02-07,0.0012511482475580228,0.004202900321645436,-0.008649564744033845,-0.000731096679587291,0.0038238071634768807
2008-02-08,-0.0011708477602810738,-0.004760148769302965,0.008477279224568536,-0.003894487879163034,-0.004830629170851126
2008-02-11,0.007674849065055258,0.00721612713915564,0.006801150460173352,0.00470894819650412,0.007258980764669374
2008-02-12,0.0036730185904957306,0.005494392474689145,-0.0015505028188724241,0.002946294863956159,0.005694477320370831
2008-02-13,0.01369084443018902,0.01675045943046219,0.007948519800236111,0.01253740389456744,0.013930024814571004
2008-02-14,-0.01565241180753112,-0.017454960174536228,-0.01065490416433386,-0.012223559595474217,-0.015943870402748715
2008-02-15,0.0008559190188385775,-0.0004458064285217205,-0.001091569817828037,0.0008484561716581515,-7.155822128145203e-05
2008-02-19,0.00030342279331455643,-0.0010863176070313699,0.0008630714233030053,0.0025540280993909398,-0.0008706294187232693
2008-02-20,0.009391715183902055,0.012079160377646198,0.0071961685791514605,0.008767124154577477,0.009448467530053496
2008-02-21,-0.01002402284449467,-0.01055216908634584,-0.013169631587551045,-0.011352736816927556,-0.010042118102945419
2008-02-22,0.003276877898889933,0.003397551895570598,-0.002472623584633949,0.0019524553795520812,0.0032752567922564027
2008-02-25,0.014159263459594913,0.013942326879090229,0.0009402577308461292,0.004808189608530369,0.012526598644895451
2008-02-26,0.007665143096329744,0.0077709867959169215,-0.00012071188102629588,0.00011213810486478256,0.007003121988699382
2008-02-27,-0.0015993151420978264,0.0008160972867403849,-0.00823035090501534,-0.002180465358181874,-0.0007149315165709464
2008-02-28,-0.009166750632038104,-0.010814246568417507,0.007985396131368899,-0.0024602878450937092,-0.006766171782986647
2008-02-29,-0.019101321334229045,-0.02358265448204705,-0.010095229168235548,-0.012861808994033205,-0.020350554858060914
2008-03-03,-0.0008414409871408953,-0.0022429312897530524,0.007146513923995997,-0.0047014863773707834,2.134501088725145e-05
2008-03-04,0.0008219204199696505,-0.00043171678608704004,0.0041248566369679615,0.0014065809214648776,-0.0013262650981986195
2008-03-05,0.004177847166651072,0.005192559178758858,-0.000248009635922369,0.0037413953481082,0.005661908429498837
2008-03-06,-0.018343225811896652,-0.01971007200320292,-0.007899893801330243,-0.01073306484058588,-0.01725758059705995
2008-03-07,-0.009406198535170687,-0.00669367657095651,0.001479372754896039,-0.0012467939959230853,-0.007546836192532569
2008-03-10,-0.015606234013923706,-0.015801867795180884,-0.017998696067333467,-0.011232280079307485,-0.013156663767550324
2008-03-11,0.02464283489718525,0.03355050450931811,0.017258767595392858,0.01867466768225369,0.029442218516353317
2008-03-12,-0.0015601241202890007,-0.005188284515173033,0.010368806609459867,-0.0006716598075272393,-0.004147578592929564
2008-03-13,0.008636277224995036,0.008036290821377596,0.011982303273691864,0.00588670175254219,0.007553882148280636
2008-03-14,-0.014036020052030813,-0.019906372548740472,-0.00826378110911491,-0.011667877346463299,-0.017172129954406975
2008-03-17,-0.009227434034611622,-0.0059532356636552795,-0.01508862812485289,-0.007771249133480077,-0.0043514713131854
2008-03-18,0.034948512560982574,0.037212402747516735,0.024538354810376285,0.019314245569874496,0.03154922389790488
2008-03-19,-0.020221265709470478,-0.020584030554588156,-0.009214595251869993,-0.008934082749345807,-0.017473917714915636
2008-03-20,0.018268456019424433,0.022551338002771905,0.01827729195200948,0.044676109536344134,0.01929771253281657
2008-03-24,0.015263466996019652,0.015917783644637747,0.004257637592080409,-0.014268089399311875,0.012688400269046328
2008-03-25,0.008047775441292837,0.006879387018340819,0.019515812670956704,0.02157050137867468,0.008177185712242881
2008-03-26,-0.01175502946255582,-0.013914709576571154,-0.008079386632343526,-0.004582373901147909,-0.010335154696101235
2008-03-27,-0.014614084502086646,-0.012781039684060943,-0.008474243528322378,-0.007492004681549832,-0.00976440787632682
2008-03-28,-0.005994416634854045,-0.007447712471894664,-0.00442617552864543,-0.006636681100040317,-0.006616292252821341
2008-03-31,0.008282561638062895,0.008227433252341244,0.013643630377348847,0.006833150253740743,0.005684478669707981
2008-04-01,0.02649174959563256,0.03206144460647771,0.02133704079347275,0.013756034719722563,0.02674640962177706
2008-04-02,-0.0018925899750431676,0.0006191464207795301,-0.011468997574070902,0.003066869306684631,5.359416560309511e-05
2008-04-03,0.0076679415729344474,0.006382693823463913,0.006410271111857548,0.01992152602052221,0.006207341640539541
2008-04-04,0.0008769150801155855,0.00027031032557098137,-0.0017735600814297084,-0.003939288478132598,0.0013088907983117486
2008-04-07,-0.00035189438543105605,0.0004609246354785653,0.0011752767853063922,0.0012299977834003774,0.0005963035522915643
2008-04-08,0.0014552300861275036,-0.0012306612311067406,0.009050985590685243,0.012899420945011399,0.000705013427414671
2008-04-09,-0.0086000120628263,-0.008783644978949996,-0.008626758137306515,-0.010898356821621515,-0.008394511859993297
2008-04-10,0.010710669538211797,0.008712195273787287,0.004002875245097257,0.005136248532173299,0.006993208262792211
2008-04-11,-0.01938716996048577,-0.02178681115140207,-0.007245300046936987,-0.014547080499301035,-0.018525339243055328
2008-04-14,-0.002054062618960493,-0.003155776717280319,0.0002719517737911948,-0.003193061288703217,-0.001285272370343293
2008-04-15,-0.001239655076538918,0.001514900025402572,-0.0020412319619798674,-0.004445817405590734,0.0011501923264925701
2008-04-16,0.0211228992470089,0.024261145478537124,0.017498127792219334,0.02148785685305058,0.02024495652902384
2008-04-17,-0.004281366993839294,-0.0025758286789130027,-0.00775202848163723,-0.00023074614431365693,-0.003503417266219659
2008-04-18,0.017015746352942365,0.014972631217106114,0.018483940720534615,0.017011484712358062,0.013371128684432857
2008-04-21,0.007478817021985855,0.006289721157226511,0.01348668885496579,0.00826016150756069,0.005728508787826635
2008-04-22,-0.013544935330739083,-0.011196841758986179,-0.013683254330526959,-0.005800898247583451,-0.009543226881027857
2008-04-23,0.004811942088057334,0.004931408502763096,0.005811103381429146,0.004561262630349145,0.003937235418370971
2008-04-24,0.012804056260565692,0.012476664560044549,0.005964333685456237,0.013525172980828285,0.008875346602410435
2008-04-25,0.005466770828784069,0.00724872559490021,0.0014204210866163825,0.010582435275050008,0.007314579590974519
2008-04-28,0.0032899571632120346,0.002624808826064391,0.008149179544227034,0.005965355555786108,0.0017307410336333533
2008-04-29,0.011222961709061863,0.0021760798767469914,0.032065710208871806,0.032983397822393845,0.003220415296849179
2008-04-30,-0.0014456625441106046,-0.004877357138785787,0.004508174318258695,0.007922583917080119,-0.0031264001177021272
2008-05-01,0.021822810970594533,0.023067033876640424,0.02789295795743014,0.024111778760425195,0.01961586109126742
2008-05-02,-0.0037018681568946983,-0.0022488579150380726,-0.011563781520130092,-0.011579046795206743,-0.0025864299307615
2008-05-05,-0.001470576621222035,-0.0029046723748320045,0.006715924490413659,0.00826652190365624,-0.00213099337643293
2008-05-06,0.00612213596492958,0.0048347370656074045,0.010037358257903986,0.009013325927685379,0.0041389633818701786
2008-05-07,-0.013310884781444408,-0.01559485143952704,-0.012801225571446547,-0.004484400739724045,-0.014198838676743677
2008-05-08,0.0042997868943144705,0.00523068352004552,0.006730742631923001,0.0017152955220522132,0.00499511387089069
2008-05-09,-0.00784481763188895,-0.005002084134632697,-0.009636213814934288,-0.016521480536319504,-0.005565172432088031
2008-05-12,0.010405288614545514,0.01118772116436451,0.01141023995404707,0.0031864299040192247,0.009683471562686619
2008-05-13,0.0031091881155186395,0.0014564947191780331,-0.00020363650963495586,0.004798471829675716,0.0025363867611431596
2008-05-14,0.007554596635610107,0.006613955461894145,-0.003250109079748196,0.001713239596676787,0.0051706642850236715
2008-05-15,0.00870254923969743,0.01134421018499717,0.007017425619791865,0.004371883345246293,0.010528344924141213
2008-05-16,0.004352915288939685,0.001842611036391528,-0.0021318530696100265,0.00013226480658839123,0.0025131521917442275
2008-05-19,0.0004646493053004348,-0.0006307172101328298,-0.007881483672838936,0.002348465415250189,2.289681425103314e-05
2008-05-20,-0.011034267719626137,-0.014121668743322446,-0.005984962398011946,-0.01236785296500191,-0.01144337195413774
2008-05-21,-0.014787953815639934,-0.01599186217252054,-0.008066671785041734,-0.01193813027497419,-0.014782711686947999
2008-05-22,0.0021620546663701414,0.0025474018207378556,0.0017999216274437262,-0.013987527533959102,0.0015409257840527761
2008-05-23,-0.008608898321605371,-0.010260438189048145,-0.006115703322506806,-0.007893323359572643,-0.00930529859837462
2008-05-27,0.012643322725358903,0.010333507561358427,0.008386571937243957,0.012653982583990848,0.008852286129813623
2008-05-28,0.008797957056315418,0.00776004729180103,0.013679999900042709,0.01652168879512888,0.007262891518303735
2008-05-29,0.017213057559243544,0.011649449878133168,0.03201131701204034,0.023874618593443614,0.012023209651459869
2008-05-30,0.004975736889183447,0.004244671535525649,0.00317572192823881,0.005970389528186602,0.004234972371038553
2008-06-02,-0.005831799064269394,-0.007892272157604475,0.008818463467849178,0.0014705375501534196,-0.007593401487853462
2008-06-03,-0.002975506028708434,-0.0038640225581964174,-0.013457136787746297,-0.003886417466408677,-0.003452178673843123
2008-06-04,0.0041690616258839635,0.00760086265135657,-0.00675900536866564,-0.006826729521668134,0.0062976927530270215
2008-06-05,0.015196069888605192,0.015584951946827998,0.014428273302595485,0.013573854384887743,0.01478620345327635
2008-06-06,-0.03253863793658149,-0.03187005339859339,-0.028443736341058026,-0.02767686555457949,-0.029463367151088146
2008-06-09,-0.0013775115742037216,-0.0032419189978019087,-0.009469589074592912,-0.01035000868148955,-0.0018294675907204914
2008-06-10,-0.004076585085035443,-0.003301797934679758,-0.004086579169941815,-0.011461613107555984,-0.003666904596848211
2008-06-11,-0.022426266383210436,-0.0217809146336219,-0.011338098711711007,-0.02107737269892432,-0.01904694249244287
2008-06-12,0.009738957164656985,0.008756269093713319,0.002482422142074243,0.011459848193759007,0.0069958764213756955
2008-06-13,0.015507554070050424,0.019052911506345496,0.019034601441575757,0.017877772554682723,0.015923853051735833
2008-06-16,0.004317621579361192,0.005831531389630207,7.76493626843133e-05,0.00844152838567932,0.004072426801897369
2008-06-17,-0.009210712742550146,-0.010398866892993259,-0.007689345807562375,-0.0014118224001733281,-0.008423569275259314
2008-06-18,-0.0028367130598982385,-0.0071553679206691825,-0.0008895659778280369,-0.00651834316009387,-0.006518051681075552
2008-06-19,0.010499109551041115,0.007735503019966136,0.0103568965496286,0.006687809337273901,0.00649306226174273
2008-06-20,-0.01853097145422394,-0.017764571823885265,-0.014147722222612855,-0.01452355159147773,-0.016527874642397015
2008-06-23,-0.009059981341633636,-0.006218579830725324,0.0008913534973280615,-0.010255269512142326,-0.0036132557478085444
2008-06-24,-0.0030214044569523333,0.0011291731438042322,-0.005279445164673158,0.0049921256380347275,0.00010151613386701769
2008-06-25,0.007829926645996152,0.007446137627146743,0.010314971804964873,0.002857897799920888,0.006011417855124129
2008-06-26,-0.031021287083422833,-0.0322139549195116,-0.035783857647003536,-0.03435715637792902,-0.028440077453579536
2008-06-27,-0.003219913587970953,-0.008380962991509196,-0.0059872797736844055,0.0005233302435688455,-0.007027592040046037
2008-06-30,-0.0021270751249644,0.00033822468027790826,-0.008859608534155083,-0.008084125497983034,0.0011507737659773045
2008-07-01,0.0028917022719394986,0.005454703452363695,0.001131604080163134,0.0005358164204038051,0.004645920225917559
2008-07-02,-0.018531543019407674,-0.01661227769547273,-0.01744757026284064,-0.01658501246282139,-0.015423745156895798
2008-07-03,-0.0011303068605335042,-0.0021016468235150318,-0.0010380788472835617,-0.008219338738570316,-0.0014155391044099086
2008-07-07,-0.0056760868027164275,-0.00616829552632054,-0.004642049400614756,-0.015493777720975996,-0.006571651883259404
2008-07-08,0.030133589009158933,0.023663715023434645,0.034050665255691226,0.03062186155019516,0.022103600455710685
2008-07-09,-0.024732216146273488,-0.025967310157423866,-0.020229190954482237,-0.026482713281515642,-0.022023222742874694
2008-07-10,0.004581434983501646,0.007426049151221753,0.007547295419823747,0.008945523801716678,0.00765260552225743
2008-07-11,-0.010448363661828788,-0.009737648617413951,0.0017956814279229522,-0.01008832423963393,-0.00833036657836965
2008-07-14,-0.004301116840422756,-0.007727615229588243,-0.0018183297434668836,-0.00801802406914229,-0.005234273643550124
2008-07-15,-0.005117892455493567,-0.004079591635338459,-0.005523572434292329,-0.019790583108919797,-0.00428740570560815
2008-07-16,0.01948560275266979,0.021735816833883793,0.024907297845099024,0.031152183315421224,0.016410243641155512
2008-07-17,0.017721355029093104,0.023693166915970662,0.024794368702705086,0.023812067576833573,0.018902039766818052
2008-07-18,-0.007721185478848738,-0.003018150067752354,-0.019492175110714854,-0.008254791304822907,-0.0036915521543247863
2008-07-21,-0.006606270626311296,-0.007077758409730057,-0.014661529046377521,-0.012426736310523063,-0.006068544466986665
2008-07-22,0.00978617681494607,0.004313173724712395,0.017501672778421944,0.009502644148436136,0.005987221249942957
2008-07-23,0.009606849389681163,0.008127993695499942,0.004487027358748962,-0.0003591858138972809,0.006537326388426104
2008-07-24,-0.013831458901796078,-0.018184045280990303,-0.02217020498596839,-0.025680983330422198,-0.014571838271161543
2008-07-25,0.0027883198954624135,0.005095535353401142,0.011669519315627604,0.011515172288577614,0.0052378647017893715
2008-07-28,-0.019625049313529985,-0.020660974266270553,-0.02086139792883209,-0.02008534660936582,-0.018533132700887547
2008-07-29,0.026046391850223925,0.02597760547590454,0.015935282522819658,0.031958405419557856,0.023908550705881725
2008-07-30,0.011010674379212684,0.014719373357048305,0.00944691713027202,0.01981589280105254,0.014276074417525354
2008-07-31,-0.01706061003183417,-0.014242559884287059,-0.03189718602062976,-0.03947274937779345,-0.01452205867234708
2008-08-01,-0.006989354159696401,-0.0056086214135314325,-0.01108202361936812,-0.011084703974550265,-0.005765472658735005
2008-08-04,-0.0029815755459854107,-0.003226031619441078,-0.00940769076447415,0.002349221652935531,-0.0015058508585569647
2008-08-05,0.030505621946438848,0.028580291330805897,0.0232082854596072,0.017650587071126905,0.025875049874986362
2008-08-06,0.0003308650382095417,0.003011355464449997,-0.005188459337274026,-0.006847932577029452,0.002830918871515476
2008-08-07,-0.011040760222572398,-0.012331316843353845,-0.013983720828100865,-0.014760857308663961,-0.012487771219754156
2008-08-08,0.029778948047217136,0.027580769743362467,0.025314188439369563,0.026592100789720602,0.02609151657926662
2008-08-11,0.002223006414253237,0.0043440514021674,0.003705499382989785,0.011972797874565228,0.002982961898089231
2008-08-12,-0.00653454376961,-0.009449475147409642,-0.0025234896053803442,-0.0103307361634252,-0.006714300762278814
2008-08-13,-0.00430937117885789,-0.0045618923543952125,0.0003625537262899655,0.003922168326920584,-0.0038150772563196786
2008-08-14,0.008825852269930002,0.007076667121104106,0.005593736011722403,0.010238164692406517,0.0055865710704360305
2008-08-15,0.006424073878430452,0.005805970743957445,0.010964012215851844,0.006704439350472738,0.005879732396023449
2008-08-18,-0.011868506694942278,-0.014135761131330294,-0.005059671517510919,-0.01160687360810843,-0.011769952461419843
2008-08-19,-0.013010407015736063,-0.0149629750159112,-0.003716300249933068,-0.011929520879584711,-0.013076839185597825
2008-08-20,0.0022223260263012157,-0.0004256902652275047,0.004623412059245885,0.0034003239117311023,-0.0003429525576011151
2008-08-21,-0.0004155370420561974,-0.0011184912596094812,-0.001252946054341838,-0.0008841266451165418,0.0002730935258720775
2008-08-22,0.01060165298012095,0.012385013172952465,0.0038655774551048195,0.004402912634850045,0.010761374155259741
2008-08-25,-0.018638037221703298,-0.019910878125404898,-0.01842574798007609,-0.016471963931808078,-0.0186758241755056
2008-08-26,0.0016956248878168935,0.0006588488164857532,0.008270270320603328,0.0002722111683590429,0.0014862262567310043
2008-08-27,0.008384320820091273,0.008615525932231253,0.0011822026827638173,0.007642099198329546,0.008249586102843423
2008-08-28,0.015464166184224516,0.017054699914046713,0.016556719532946625,0.016584805261042612,0.01599436166093032
2008-08-29,-0.01405880356235846,-0.014139668734979089,-0.010607588741115235,-0.008565563547686835,-0.01321232254320665
2008-09-02,-0.002182314044685517,-0.00043054702748009923,-0.010656057917338604,-0.0018111436212796509,0.00022231707633860783
2008-09-03,-0.007636553597580448,-0.005061765555109636,-0.009319596570982401,-0.013278679028334956,-0.004114635271698449
2008-09-04,-0.03148367196275595,-0.032781205608089344,-0.03393870907792968,-0.029117364745647314,-0.02950561844378029
2008-09-05,-0.0016886824589191578,0.0020151806102834354,0.002983257916621857,0.009825593317940296,0.0015019824339613584
2008-09-08,0.01390735940537492,0.018965312839763757,0.0011707956272331657,0.002713351599421553,0.018118788251554878
2008-09-09,-0.0296359798192182,-0.029186915644403448,-0.02667291480592938,-0.026107472728603878,-0.02480051545910769
2008-09-10,0.008185736597159099,0.006676770533557348,0.007941127800762405,0.01249812952373068,0.005451332671266553
2008-09-11,0.017889278367521792,0.01291959466578737,0.022623231590978773,0.016738185260238805,0.012317237859684159
2008-09-12,0.0003390781674661462,0.0015397037853223411,0.001371442688589775,0.005093704824606106,0.0030838189978449585
2008-09-15,-0.03247223995500732,-0.03823900757832122,-0.033906098008843435,-0.03716122999489524,-0.03388712598171469
2008-09-16,0.006440131772086334,0.008187350569842614,0.012262397225986993,-0.009993274901051724,0.0073593742924507564
2008-09-17,-0.04345179009884186,-0.04525389877352838,-0.05031568043309757,-0.03962656955994314,-0.03813384394546566
2008-09-18,0.03396761870910106,0.0362831529346577,0.03887505092452302,0.03620363675005834,0.029181140193379293
2008-09-19,0.02467584429383204,0.031693867581183144,0.017742265386084595,0.031130865699011624,0.025181125689348716
2008-09-22,-0.0416648041605233,-0.039435458692519854,-0.04560611052762823,-0.04697178610266724,-0.03502221327262089
2008-09-23,-0.00897927020073051,-0.011756968694986969,-0.01028292437591705,-0.0059324346915942145,-0.010634605993906875
2008-09-24,-0.0002205651526179912,-0.00041420158123298633,0.000945288911044985,-0.004710816713508528,0.00021696556451238243
2008-09-25,0.006056430924872661,0.01069319857102477,0.0028743542097085773,-0.0018932043742372682,0.0093708522017483
2008-09-26,0.0013369248626391717,0.004689119048493266,0.0002499141449851059,-0.01346860804902212,0.0028702088521934633
2008-09-29,-0.06840917619989642,-0.07549507223128879,-0.05584480145350115,-0.0568972738319929,-0.06502107319435355
2008-09-30,0.03954937411320977,0.0428443385036607,0.0317562322249693,0.03778946250949722,0.03656695870947356
2008-10-01,-0.00886199950189686,-0.003574821106433438,-0.011516517921553596,-0.0032368428917080917,-0.002504373661740099
2008-10-02,-0.03951241335979124,-0.038782452402314156,-0.03733998539570611,-0.039676112837608066,-0.03455704762487494
2008-10-03,-0.007916938051895181,-0.009491991607507015,0.0027820736487509444,-0.006129488064452592,-0.006986259107280722
2008-10-06,-0.02920774433421365,-0.031532661238762916,-0.017900240381350158,-0.01732272843696828,-0.029608922243953173
2008-10-07,-0.04067695992274237,-0.04782022840160474,-0.0336631187311192,-0.04072470178669656,-0.040560362544802935
2008-10-08,-0.0038631854873402887,-0.0035477217283186534,0.010307270494893344,0.00802665863097531,-0.0022299692855978727
2008-10-09,-0.05729532113696417,-0.06307881865678078,-0.03503210065125058,-0.0443052507215163,-0.06357760430412152
2008-10-10,-0.013831336702337441,-0.014905912746653727,-0.023760951730892543,0.003105766054663076,-0.016851303523321932
2008-10-13,0.09740968754591514,0.10379835724942632,0.08254144195599862,0.08833289584449616,0.09648456215164938
2008-10-14,-0.010945974769788008,-0.007068466062121175,0.0032775771155690034,-0.004548479326573297,-0.006214646038012977
2008-10-15,-0.08140086865469115,-0.08472158530870959,-0.073886013075553,-0.08213536197517468,-0.07831495263801731
2008-10-16,0.04217289352494698,0.04458547635565688,0.03509109020430648,0.03679192281110377,0.0420207008646826
2008-10-17,-0.003202609896560598,-0.006782205983648726,0.0006299405535743789,-0.010535032259847709,-0.006374971701723199
2008-10-20,0.03205968258994599,0.03642037685036062,0.008999485205188517,0.012302073157075787,0.03594307947902159
2008-10-21,-0.027569930649985818,-0.026416666845597694,-0.02184425129192712,-0.022657422100890695,-0.02551345107435051
2008-10-22,-0.040115143819004065,-0.04695025303345353,-0.029216424897007844,-0.03660686789730882,-0.04707449641777073
2008-10-23,0.006228307215708478,0.005653908784362587,-0.016042196883047425,-0.010469855460883245,0.007272157765738351
2008-10-24,-0.02488849161332228,-0.030656784019058907,-0.03584769429189019,-0.025727213036558835,-0.030447333728187573
2008-10-27,-0.025180518271825516,-0.0260708003905692,-0.02916766003241446,-0.023444154603483598,-0.024463130637467217
2008-10-28,0.08485910722933238,0.0927301827876617,0.055031254919300415,0.06390933932516421,0.08824642220239443
2008-10-29,-0.003385252996260854,-0.00837469423360939,0.0006895768387332733,0.002214549267709322,-0.008119346512174372
2008-10-30,0.027971241302683178,0.02881365334236453,0.030256317527456614,0.039256338424004444,0.02729648004384333
2008-10-31,0.021073949429532075,0.020361437153767058,0.01888482890786313,0.0219962899442826,0.01710074227905374
2008-11-03,-0.010047100127990961,-0.007755888258675345,-0.004110578884399319,-0.01797640499150755,-0.007829788289978025
2008-11-04,0.04382272406543012,0.04299242864049937,0.049498428613216995,0.07027505923776288,0.040918837553053256
2008-11-05,-0.04985500479541141,-0.050817163301351456,-0.03990665479329843,-0.04277404468318126,-0.04616817653228293
2008-11-06,-0.049693909077891334,-0.05057995442091387,-0.04904587215287923,-0.058898535153595485,-0.045925950399719154
2008-11-07,0.023717677987800157,0.021908105008646504,0.0174758573925296,0.021139838419331387,0.021731829655820267
2008-11-10,-0.010293348465075536,-0.013428071177296786,-0.012200499468556046,-0.020475757242953238,-0.009361625745523933
2008-11-11,-0.015473481473819863,-0.018243941881709608,-0.015534586576581992,-0.003529362095793001,-0.01639050831241598
2008-11-12,-0.04095853159910978,-0.047867006725204636,-0.01890276630173924,-0.0384723174954733,-0.042250020678841774
2008-11-13,0.06136226910166725,0.0685286753406251,0.047999159954984764,0.046801452057985804,0.06489208319769499
2008-11-14,-0.041456651470312876,-0.043566078317001926,-0.021232659528271327,-0.023511989310859384,-0.03835009696382643
2008-11-17,-0.015549686604288238,-0.021398542085220962,-0.01761828349848242,-0.022402380883486502,-0.01928241541407851
2008-11-18,0.008556722320060368,0.008805327979612029,0.018111836622774727,0.016629199238959728,0.011862925256042491
2008-11-19,-0.05735328449352371,-0.05985452142842415,-0.047499579798424896,-0.05039262519611805,-0.05257149296926
2008-11-20,-0.0480862923342479,-0.052547963822637274,-0.029794895339685205,-0.046728434149277714,-0.0480806768078421
2008-11-21,0.036126498282511105,0.04903999741176114,0.030746803270474795,0.021949031928880678,0.04799984474736206
2008-11-24,0.04822574640085477,0.059695611765713016,0.021527477915245723,0.04285976265576319,0.05003166910071437
2008-11-25,0.010079741496573386,0.00796182516819314,0.021659432959189165,0.007026279585741264,0.006110883031408238
2008-11-26,0.03215993159963385,0.03522502408775033,0.024926971261223504,0.031016240550315682,0.030438586663062584
2008-11-28,0.006266487363033046,0.008473712313197549,0.011423921551169901,0.014600317982557579,0.009038911394686077
2008-12-01,-0.07235193826326912,-0.08074125945833668,-0.06363975399753317,-0.06524034787134872,-0.0722049850237536
2008-12-02,0.028936375496312602,0.032839053517094464,0.02441137231990994,0.021157033568822797,0.030820847165069713
2008-12-03,0.02629380991880694,0.025479726239807612,0.026051372787921384,0.025703885358770016,0.021492384502015405
2008-12-04,-0.02240645859815007,-0.023986819235814232,-0.019211132078260414,-0.01926967508322358,-0.022688210122157167
2008-12-05,0.03087581090072779,0.0332093675732544,0.030930735006338396,0.03323812514134612,0.029676892766277344
2008-12-08,0.02677773221827147,0.03005185716987796,0.014397305022547487,0.02715002390737435,0.02541128883157126
2008-12-09,-0.028017291019808065,-0.02299184972216798,-0.01976325519307409,-0.02093209087867869,-0.023413838364304565
2008-12-10,0.007914465391207996,0.005377676867320847,0.0008937363059352836,-0.00047490524743238217,0.005277040724372504
2008-12-11,-0.03246327635751671,-0.03125005649298275,-0.030440807964624818,-0.02392225662325613,-0.025778320766631904
2008-12-12,0.009367999256254329,0.013522787298921682,0.0075259853876864175,0.013251036884538978,0.010676779363080058
2008-12-15,-0.006874331427183808,-0.010648268735125841,-0.010061505264090446,-0.005256465366207535,-0.006852152652097138
2008-12-16,0.0483309558897268,0.05003248858423061,0.042944665279354324,0.037513305188172336,0.04577183752638425
2008-12-17,-0.0012872231222250368,-0.005505448503577809,0.005166596185223152,0.001379849777509784,-0.006428476119544833
2008-12-18,-0.014299215708625149,-0.017185215325736743,0.0007824898067566675,-0.002487142357961041,-0.01288035090048911
2008-12-19,0.007612096146728512,0.007046164599658315,0.011347855824597214,0.012333885345925836,0.0058079080184189995
2008-12-22,-0.013023576070636271,-0.015463918917094456,-0.01751165086392295,-0.019980478435167516,-0.011929248212375121
2008-12-23,-0.012433897137318614,-0.012347593807880076,-0.0067065549076735995,-0.009652248776089122,-0.010096818253562165
2008-12-24,0.0025892658618776646,0.005428874267644011,0.005351083200439251,0.001164141109566196,0.004896479474037056
2008-12-26,0.0038663556121671227,0.004365350080995059,0.002123703387184686,0.003596373449189596,0.0046219346391536825
2008-12-29,-0.011843230223993192,-0.008037091672013824,-0.005548885576269748,-0.010101099886006059,-0.006376018454927811
2008-12-30,0.019447388962224185,0.022524730086202444,0.018464702310664834,0.005125304480433377,0.019442654810624745
2008-12-31,0.012805509806481465,0.015198908246806576,0.007096660877676727,0.016552517400077963,0.013175057290053473
2009-01-02,0.02892122655222382,0.027660580517594426,0.024227401643813477,0.022621956365166177,0.02378520552430006
2009-01-05,-0.0015621925625808816,-0.0003511011805035567,-0.005486463530064354,0.01124688529787283,-0.002912946333321136
2009-01-06,0.02679636133869803,0.026798365317890635,0.01539375713281083,0.03489908912529373,0.020009260635369393
2009-01-07,-0.031203692443376962,-0.03374643199916707,-0.028165885802582627,-0.029438262957155386,-0.029576564547211935
2009-01-08,-0.002074405891524609,0.0008212971688983457,0.00019563511164616334,0.0010530140169149028,0.0010389490176685844
2009-01-09,-0.013398089042674002,-0.018474880070018226,-0.011680515584326322,-0.01111158805365825,-0.01715863700072749
2009-01-12,-0.02236601708073021,-0.022103123249452614,-0.012728752929822866,-0.02349129936711839,-0.01947779862280861
2009-01-13,-0.004039369127707725,-0.0011159567217879063,0.009941497271275709,-0.001410793872290831,-0.00030702993227247775
2009-01-14,-0.03194259356774809,-0.034279142305289605,-0.014868252333180017,-0.028711237922526094,-0.02946264447300432
2009-01-15,0.0019284009907924045,0.0006842316960242473,-0.015125416415766712,-0.022249022929021766,-0.00022430947670644148
2009-01-16,0.008195234350074902,0.00901419275925782,0.008100829407030975,0.006555374514294434,0.008345241244270702
2009-01-20,-0.049497671127394255,-0.05246666924727039,-0.03528142359096836,-0.05217990324304533,-0.043145328323440424
2009-01-21,0.04111284192870712,0.045001379073409134,0.042671928346330434,0.03463860317547136,0.03762165452898481
2009-01-22,-0.0055771276891524195,-0.010266383871064544,0.0007612119684011604,-0.005082433055024854,-0.006498772137902072
2009-01-23,-0.0021847207301376823,0.004645039522659358,-0.019271070717626376,-0.002650655194851326,0.0011727941067086398
2009-01-26,0.000590134841889081,0.0009226384362450131,-0.0008554998766885151,-0.0070409650341248875,0.0026589703700423102
2009-01-27,0.012244806796535834,0.011058844602208448,0.006404456281131313,0.017632263020347892,0.008367849372364778
2009-01-28,0.029061439333858755,0.03507956025537556,0.024930919331068904,0.0372241154596544,0.027772905468911768
2009-01-29,-0.018144869570496772,-0.028812839627125195,-0.00902385852831549,-0.020301190889827347,-0.021706938270310554
2009-01-30,-0.015443666718288864,-0.016235178318575554,0.010571500502399418,0.014937697206185476,-0.013750570120043694
2009-02-02,0.0004969763280360585,0.001508386881810386,0.00017204486938828933,-0.0005838928916253789,-0.0009091970584794047
2009-02-03,0.014459152676111775,0.01143754352690682,0.008507804035171257,0.005895845602881556,0.013720192940711537
2009-02-04,0.0037854574763416656,0.004054823855220122,-0.0004205884794348555,0.008301367652660282,0.0001888816673948886
2009-02-05,0.025265185640105027,0.02414419277924526,0.041930479443942466,0.04413781882387416,0.022305540473483487
2009-02-06,0.02211263123642255,0.023684915042353902,0.004113607374375598,0.014162528963547293,0.020364588250670588
2009-02-09,-0.0010538039707370655,0.002735004049301193,-0.0005649845065000933,0.009257386633092213,0.0013244375264490791
2009-02-10,-0.04153108194107835,-0.048736268535156654,-0.025861375856216423,-0.0331081897267609,-0.0433612105345164
2009-02-11,0.005057424695109614,0.009065074502823902,0.011307587579006781,0.010418544817743777,0.008673381164690616
2009-02-12,0.0007876746835099088,0.00035473938719448976,-0.0034300627598325747,0.003429267420918179,0.0003891828095732411
2009-02-13,-0.006657853532581592,-0.007396999855223176,0.003009574195563759,-0.0068541048498724,-0.0073452889963331654
2009-02-17,-0.04180406568935596,-0.050146696355359524,-0.030704121845342935,-0.036959253252942637,-0.041111114181806345
2009-02-18,0.0025977777535762126,0.000598517957804621,0.013405768646488505,0.007479070386116785,0.00092794870670888
2009-02-19,-0.020482447266643552,-0.022581319868340624,-0.014070484980096451,-0.016382008901544218,-0.01739103781405863
2009-02-20,-0.007133122339827921,-0.009149303414245026,0.00486860645348774,-0.006478345485645255,-0.007462222814241918
2009-02-23,-0.036711433505466934,-0.03683325667493061,-0.030421202620624126,-0.0252155159182105,-0.03331693980755929
2009-02-24,0.03535174899503278,0.04257651590182672,0.025923540667294603,0.034278107772705485,0.03397861540830649
2009-02-25,-0.015161949672946939,-0.010076928436584823,-0.01242935650709919,-0.007759700072140984,-0.010096216319783946
2009-02-26,-0.019394875954563816,-0.011228128459554242,-0.02581073948444024,-0.005215000444898997,-0.011450373593526453
2009-02-27,-0.01564369445978128,-0.01515499186048182,-0.019627197283061247,-0.002555853762885983,-0.012140531047398736
2009-03-02,-0.04394255121062658,-0.04626047801522132,-0.03531365419049741,-0.04051183313030378,-0.04255103349117451
2009-03-03,0.0038788222907977987,0.0012482692155188092,0.00494921810975734,5.515671640696435e-05,-0.00038707314258487483
2009-03-04,0.03194665755735328,0.028884631185546794,0.02094850248623169,0.016379500245131906,0.02607490338734911
2009-03-05,-0.03381916001420657,-0.03726597580389954,-0.01896342243529245,-0.022988114737102397,-0.03327644942290909
2009-03-06,-0.009588312358369358,-0.010559714175725394,-0.012204553606697041,-0.023864901046264955,-0.007663757542164379
2009-03-09,-0.010443096355399074,-0.015339486827090222,-0.005914648833630532,-0.014179060046618825,-0.01533347169732348
2009-03-10,0.05209058161626193,0.06519124117065316,0.025814148569780218,0.048667492434072354,0.052320852506043354
2009-03-11,0.005430379931197519,0.013324892386124663,-0.0026970414114398395,0.0020136642903118,0.00847736749921529
2009-03-12,0.036589509435259446,0.041531328221352505,0.03489575846681961,0.04206205665655397,0.036638082019793794
2009-03-13,0.009219586993415707,0.012471364279228856,0.003469063601021501,-0.00011358748646321743,0.01243549003407416
2009-03-16,-0.003629723398060168,-0.00865296024779321,-0.0015832892696015276,-0.0020944390646776205,-0.0053472045140975834
2009-03-17,0.030611991485149814,0.030185802559812996,0.02909598571813253,0.02973947073930984,0.026803453471348597
2009-03-18,0.013279171216097715,0.02081157401792559,-0.0019755700211940455,0.009439427213219236,0.01633975402338121
2009-03-19,-0.010670843585644334,-0.015752835233690834,-0.00977202830411581,-0.021956134643932687,-0.012127113245592189
2009-03-20,-0.018449578943580937,-0.023247563636393277,-0.0006956007369894259,-0.012356302407092047,-0.01688983452524581
2009-03-23,0.060683971901850375,0.07154057188193079,0.033484951221100095,0.050352587403417824,0.0600270060350654
2009-03-24,-0.012771914221508245,-0.01717248409174905,-0.009099407208407054,-0.017062232033741256,-0.017538167795663532
2009-03-25,0.007576463377168594,0.0128781826952198,0.0012976232932399188,0.0010752347248832827,0.009814108928484985
2009-03-26,0.03655139032513501,0.03447382289093941,0.02874205670070489,0.041178937535189405,0.02999264782292338
2009-03-27,-0.01576070972230796,-0.020749122632489472,-0.010718593412677507,-0.014630519120987222,-0.018048691540417543
2009-03-30,-0.027727905548871765,-0.035852489887573016,-0.016005391600505122,-0.026899968772722063,-0.028649990716876933
2009-03-31,0.012068051737097598,0.014156050598871163,0.012163036231976631,0.018508389294848635,0.010645191675197768
2009-04-01,0.006959565099000772,0.015422948733996515,-0.018017967082313104,-0.00429414677788976,0.013001536540140803
2009-04-02,0.033230144582278076,0.0343034945783167,0.020403950802103672,0.033193966344124866,0.029751751252130972
2009-04-03,0.01802715211070203,0.01608271886187465,0.019096602786730178,0.020992992995556112,0.01084341829730561
2009-04-06,-0.008794961253196761,-0.010608944064331209,0.014004253911957558,-0.0034397830836084497,-0.007582001204187858
2009-04-07,-0.02790326645211734,-0.027502394185246713,-0.0175189586920457,-0.027804090251365668,-0.02519088879761935
2009-04-08,0.015977332884087078,0.01127291675511164,0.0005695147156647347,0.004295001703771041,0.008645361243375903
2009-04-09,0.034886831457966005,0.04394765425131883,0.02043627010378661,0.024959036756401654,0.033468091160432784
2009-04-13,-0.000495300502774048,0.0033395861387264195,0.005027201271313025,0.00985905092208826,0.0014292617335351053
2009-04-14,-0.01751367590125947,-0.024342721197138942,-0.02361937864256984,-0.02474126736537338,-0.020297632905061175
2009-04-15,0.003571025555155713,0.007473976649053103,-0.0012451797870560366,0.009165472930131976,0.0063303230333665835
2009-04-16,0.023204568638873335,0.024963825553815943,0.012165219066894044,0.014947878148045945,0.020020829208879896
2009-04-17,0.007375197556502488,0.007523577235575453,0.0016798276679340803,0.0038442431752629845,0.006042638354388995
2009-04-20,-0.04094675543604265,-0.044807422427380936,-0.035625927252135405,-0.0427223959925059,-0.036490327421333804
2009-04-21,0.0196037921884916,0.018237780409221638,0.013365458179329938,0.03280986241287783,0.014634402134599956
2009-04-22,0.004558050875341239,0.0032263684304381073,0.002512280805554621,0.0004507093107003722,0.0003628525052152558
2009-04-23,0.007718869925731561,0.006715229605248974,0.014110522094410839,0.00868383155029235,0.00602937761436559
2009-04-24,0.016254052026706517,0.019758189547712406,0.013927038530782232,0.01816856847567612,0.017093051828259265
2009-04-27,-0.005453276992111128,-0.009821339845025728,-0.007617821287569044,-0.015139374233630062,-0.0072136876067787434
2009-04-28,-0.005294535591084436,-0.006692958843463777,-0.0026698764665386257,0.0010023867384325877,-0.005379177648395602
2009-04-29,0.02747960874481954,0.028438916179626107,0.02397242983591692,0.03413539695950035,0.02452879888428164
2009-04-30,0.015748099019820442,0.010040414609877401,0.0064559363945638675,0.015098246913981102,0.006630124692957131
2009-05-01,-0.002149483835933125,0.0018708541558399348,-0.014323497185501098,-0.004303265760739328,0.0019299431828913578
2009-05-04,0.02964363205616384,0.035566881953222274,0.010313577592654388,0.03303083456694317,0.030795384811328562
2009-05-05,-5.457585847524224e-05,-0.00229324030149125,0.003628266972946148,0.002843730127590928,-0.002013641172024397
2009-05-06,0.007036531939265921,0.01328139258744805,0.0024839087209528187,0.00187208008112463,0.011291013896417425
2009-05-07,-0.016213976740574225,-0.021668244638652502,-0.0022691985627364773,-0.01952354390719731,-0.016429936163046804
2009-05-08,0.014892952765384434,0.017521479072198795,0.012729024192644106,0.02049750759808961,0.014856480936506572
2009-05-11,-0.01883008445440415,-0.022630864211111983,-0.017278884422813497,-0.02155535296171162,-0.01905823240163322
2009-05-12,-0.010080682447752091,-0.00784981413461375,-0.004248245096572474,-0.010594941253689639,-0.0032773724890622093
2009-05-13,-0.024923213443022754,-0.027593567026961176,-0.02203568984519925,-0.021425386156558972,-0.023519112662412165
2009-05-14,0.011657071885473085,0.014288129362553869,0.005342310187207959,0.010523630560041282,0.00955086061487042
2009-05-15,-0.004803587815780016,-0.008436551845596035,-0.004592279816017656,-0.007820371739357582,-0.0075551087869830825
2009-05-18,0.026864906198828784,0.03346925573598768,0.00224254517430946,0.025127856408043915,0.027780838693061097
2009-05-19,0.0020362853306165286,0.001692558442608224,-0.012293738567217593,-0.0066033649094768415,0.00047375869950157354
2009-05-20,0.0006670983078153002,-0.0026643775708884926,0.011820482318029228,0.0004732720121190543,-0.0009496765317335315
2009-05-21,-0.014485509735513453,-0.015198279575268711,-0.003244142827940282,-0.006140398142992769,-0.013320990811641445
2009-05-22,-0.0009855279190784326,-0.0014355016491318941,-0.0052885721003241406,-0.004314274752991305,-0.00030647683085629996
2009-05-26,0.023148196433396183,0.026031384881125053,0.01337462582117429,0.016123926103847247,0.02308745687740933
2009-05-27,-0.015903144910879633,-0.015607721176127493,-0.013366254452846274,-0.008781141787539446,-0.01631826909763774
2009-05-28,0.007512888918147346,0.012535419687387622,0.015888239132742052,0.010148097216697856,0.011922243640779952
2009-05-29,0.01638878950056246,0.015149763030501907,0.014175707445611016,0.013847641805632287,0.014687576052158615
2009-06-01,0.026391197208164536,0.027751450996835656,0.004771881847062208,0.013141795437383762,0.02375147616916959
2009-06-02,-0.0021637537015144546,-0.006204525239628862,-0.008386314613694917,-0.01052870015309349,-0.0033381059582658075
2009-06-03,-0.013920731384083018,-0.014923107010617435,-0.0006712273596789428,-0.0060754143483764695,-0.013041753935295813
2009-06-04,0.014190360147943129,0.01714874586867867,0.008915858035309908,0.017821630450619554,0.012478553256990026
2009-06-05,-0.0007214124997701747,-0.005281937089873543,0.004824622296703516,-0.006568039772136105,-0.004821797325415464
2009-06-08,-0.0031986981834406657,-0.0018512654630249317,-0.006601671863246214,0.0004851227272317073,-0.001514444642748066
2009-06-09,0.008554019607714252,0.010524327825895196,0.0038587565770532724,0.003807442265260705,0.007282967535297258
2009-06-10,-0.002859084798797735,-0.003915144834209095,0.007626854710401515,0.008657076633172753,-0.0029094925147528073
2009-06-11,-0.0023850911951012283,-0.002308101855095148,-0.00772851703088436,-0.015602926455839682,-0.0018793562402455405
2009-06-12,-0.0020789439521501146,-0.0029454781935755042,-0.002308108959335,-0.010121341643056017,-0.001754022984269987
2009-06-15,-0.021811529782489285,-0.022014985878986763,-0.009872715472845258,-0.01225687311624761,-0.020991754433829148
2009-06-16,-0.016150912396296103,-0.015813808970844348,-0.00708611653569885,-0.01758435387992617,-0.01445603498954668
2009-06-17,0.005296545502003946,0.0020023967394302107,0.007031439302593331,-0.0005428511102748596,0.002756969881515048
2009-06-18,0.003170403037560593,0.002677731881104367,0.003563436270219274,0.0006036125724205158,0.0035424321005034587
2009-06-19,0.005371570956587793,0.004287213459746019,-0.004274685512025024,-0.0006461182546869189,0.0027856759835141825
2009-06-22,-0.029340160434154758,-0.03250573212686257,-0.017831741402312355,-0.02096801096074976,-0.02676918236067
2009-06-23,0.005183653221945475,0.005838740211535782,0.005583103459168676,0.0073862534580446315,0.005407930611778251
2009-06-24,0.005881703184825265,0.0071199616248977995,0.0010060416809908285,0.0006996385427259097,0.005309345525122339
2009-06-25,0.02017688318967642,0.020858593783793435,0.01837488761569842,0.015094496629969017,0.019761213413419187
2009-06-26,0.005747103624967808,0.002022645777307744,0.006107193338447453,0.006192324520710673,0.0015409910226382737
2009-06-29,0.0038355972777356787,0.0059221636387582505,0.0020112169336425198,-0.0005313328523408774,0.005649021683658315
2009-06-30,-0.007040890387655823,-0.008691434649380117,-0.006670078642501978,-0.008655772852804652,-0.009611814686745927
2009-07-01,0.004681813531854434,0.006386295724185224,0.001606279010188058,-0.0015825923758622056,0.0063642523318166895
2009-07-02,-0.023568918377932627,-0.026136946447316976,-0.011350221347971708,-0.01668901226392543,-0.02421746089218203
2009-07-06,0.004538480091942374,0.004733415330712356,0.0035392930933710568,0.003063715881379729,0.004941062063536261
2009-07-07,-0.025657397110430923,-0.02342714257223574,-0.02316529503478778,-0.02104410880046415,-0.020625054681973783
2009-07-08,0.0012993569858689975,-0.0013986161699834636,-0.0010460052772070325,0.001361610322069362,5.668802217489825e-05
2009-07-09,0.0065547851917573145,0.009218607245690725,0.0020848594562828324,0.012759948357396245,0.005559235374293373
2009-07-10,-0.002632288476928104,-0.00329084912032115,-0.0054148214426401825,-0.0038660112525201584,-0.003776568164354753
2009-07-13,0.023266199883417132,0.027026483656704306,0.02150746144211996,0.018074965381697096,0.023232859757989305
2009-07-14,0.007849532950553427,0.008241686894586722,0.005187246663444146,0.0070475334779208955,0.007856982765264114
2009-07-15,0.03284688659978595,0.03660263099080753,0.018450213686147576,0.029530870076786567,0.030697472050354273
2009-07-16,0.019889438039790083,0.01811693805416989,0.01815367269509208,0.018052651892031257,0.015534680283800598
2009-07-17,0.0031492809235517654,0.0027395192093555556,0.0028370913688188968,-0.003907230795781508,0.0023389034583835575
2009-07-20,0.013651962815395487,0.014431190636703338,0.00868237729378303,0.018764271972549446,0.013285007605797677
2009-07-21,0.0011799426890075541,0.0001883042936061093,-0.013887967241371344,-0.005708535269511913,0.00022331905580333573
2009-07-22,0.008266603168844701,0.007620587979624414,0.0023709980647487706,0.008019222995741437,0.004909962453128665
2009-07-23,0.014244605715049971,0.01830475135868011,0.010112415686910476,0.006677431009340772,0.0169270730433345
2009-07-24,0.004942707461191999,0.004689715130410684,-7.108758246149652e-05,0.0002720346610356626,0.00487519635039173
2009-07-27,0.004434764184010248,0.002406178018212444,0.007373583809869076,0.008716211916505368,0.0022663486840945666
2009-07-28,-0.007506553438458831,-0.007834932719847278,-0.02196937027679635,-0.00699774955976055,-0.007070547058093551
2009-07-29,-0.005389461560674967,-0.005463299813245492,-0.0033158387180304296,-0.004208259212715337,-0.004484598872371692
2009-07-30,0.008794393700652907,0.007304959399908534,0.009773686491895538,0.004253967661376699,0.004549570716678675
2009-07-31,-0.0009689288969777204,0.0029637054075049188,-0.0016488317846962406,-0.0015412477713947796,0.0021617337470918947
2009-08-03,0.022335577366474176,0.019780553012687066,0.015004144288196117,0.030457855815340468,0.01704678784890746
2009-08-04,0.001219610851696809,0.0029112982521656266,-0.0007234050614340899,0.001461413883361186,0.0018990052504269303
2009-08-05,-0.006669389861627525,-0.003270614484739739,-0.00916946032094532,-0.006687630346294314,-0.005208723717562121
2009-08-06,-0.004473341834064865,-0.0076685129998146535,-0.0031448192012269406,-0.00527353534437605,-0.009502362912919133
2009-08-07,0.01128114358640058,0.010355906878729233,0.00922397911093372,0.008165643110979568,0.008786556251049012
2009-08-10,-0.009397573835523608,-0.007932245999773303,-0.005696369197838938,-0.00602256003778818,-0.0061760270528402016
2009-08-11,-0.0038784526882603,-0.007167867709218073,-0.00474276753267711,-0.001843478152770533,-0.0061641936175713735
2009-08-12,0.009779120491182389,0.011348908732878443,0.003942436727324263,0.006629506220234917,0.009399062659251872
2009-08-13,0.004745250249042916,0.007581703513936432,0.0012574669490133916,0.004121188016449919,0.006025545744029776
2009-08-14,-0.014847229550106575,-0.013680281806612692,-0.006356928051417496,-0.013140467302108976,-0.011471070652237122
2009-08-17,-0.025505766752531082,-0.02615977412676037,-0.01847639301329539,-0.020042819789222076,-0.023146976750425326
2009-08-18,0.009060095749207799,0.01204291523648962,0.007002834203083556,0.01085598657274387,0.008940497288369962
2009-08-19,0.007369259631563372,0.004775013225881661,0.0006155125095740571,-0.0010580801856438311,0.00563826026335635
2009-08-20,0.01267888376614756,0.01137161796278333,0.015664812983521834,0.012955191409675142,0.010155587899697435
2009-08-21,0.018922120400814448,0.020680622792194417,0.010877761265048521,0.01925591746890012,0.018706441060682512
2009-08-24,-0.0042089779049752874,-0.003466403567072705,-0.00612126828133445,-0.0052027405606713305,-0.0026660863806945156
2009-08-25,0.0062281903364592595,0.005880016022675991,0.008431870558590194,0.009777572935330745,0.0051029278398555394
2009-08-26,0.003308576411216372,0.002123315283003132,-0.004389144005848185,0.004428922503452547,0.001642580819648006
2009-08-27,0.007828513223636514,0.007014828853227342,0.00043623401685606664,0.0005044538819921611,0.005853809552798565
2009-08-28,0.0008641651287144667,0.002588939406471425,-0.0066854221860805875,0.00559327509633602,0.001341761214796469
2009-08-31,-0.007299473267405513,-0.007348566069141875,-0.001806102546895734,-0.004328582987173358,-0.006008037572538734
2009-09-01,-0.017168267938935083,-0.02172720890641529,-0.003584557636630238,-0.014650284108032334,-0.01837281272911041
2009-09-02,-0.005375671487824253,-0.004634553216759548,-0.0018628511050931835,-0.0026701606476408875,-0.002613089130418957
2009-09-03,0.006202768919582176,0.007651627515071112,0.0067959375683995715,0.007496226533785487,0.00609948085401103
2009-09-04,0.01599587717464323,0.014779303363734692,0.009373859641424247,0.00824808350391196,0.012855971783148838
2009-09-08,0.008957678973187036,0.01043876656876577,0.0043685739227691135,0.01063668725362115,0.0084893963104017
2009-09-09,0.011146168165013532,0.01110980788731926,0.007889682443579358,0.003383009996828131,0.008317194248612896
2009-09-10,0.012083105227015181,0.01257101939664811,0.006031723153609833,0.016172344477486698,0.012511507924581973
2009-09-11,-0.0005959617876523363,-0.0011070678978197797,0.0013966483936876239,-0.002759583190609713,0.0007957881373705066
2009-09-14,0.006423176290652546,0.00600129554561967,-0.0011668584110454592,0.004404333430881151,0.004367091088774601
2009-09-15,0.008985562396243606,0.0074602031305511995,0.0109587457077512,0.012179583691968974,0.006122225939944829
2009-09-16,0.006766644698876596,0.011151536020760569,0.012457237870730066,0.01747864669793871,0.00948643448982511
2009-09-17,-0.005232550806196792,-0.006879447285133832,0.009568890470927289,-0.006533902941190387,-0.005787162977628529
2009-09-18,0.0033109511226370727,0.004654027952231792,0.005710633298237615,0.003689362449138863,0.005066699785382929
2009-09-21,-0.004564625751610794,-0.005023621776733531,-0.001959537360141065,-0.0028547922683930544,-0.004925086101061927
2009-09-22,0.004879674510024282,0.008399408214140525,0.004316408820399826,0.011417669198183902,0.00632621523635923
2009-09-23,-0.004749788204916249,-0.006208080398380045,-0.01123506273255462,-0.007888022498549916,-0.005799514878957287
2009-09-24,-0.010459065171167512,-0.013317519137911153,-0.014052328963073527,-0.018356604573521153,-0.01147144863539906
2009-09-25,-0.013615331364405325,-0.010197680074959631,-0.015921845706822126,-0.016927088131669488,-0.008680515835152973
2009-09-28,0.02299764876637377,0.021589208411362977,0.011201507275576412,0.01473108341989905,0.017863245523061892
2009-09-29,-0.0053292845212369,-0.004966280854357016,-0.0007486181866535511,-0.005084155209029996,-0.0039541242575716826
2009-09-30,-0.000361333469883329,-0.0007655857790928383,-0.011860940555122308,-0.010827997533992993,-0.0013986003781815953
2009-10-01,-0.02598472370568591,-0.029884849584467344,-0.014069415598504855,-0.02251654820790605,-0.025773610108790257
2009-10-02,-0.007827670020828122,-0.007079751182180988,-0.009067731470106123,-0.009599845226838898,-0.005823596314949907
2009-10-05,0.01843080796277484,0.020109894910758343,0.0045547613504871905,0.016264986147320623,0.015935064484311107
2009-10-06,0.009636012466558666,0.012525602665970473,0.0072893745121761664,0.005225240960454888,0.012468716491019419
2009-10-07,0.0011991695721356797,0.003402068188642538,0.010538160229301024,0.018198270197363718,0.0025941734896508333
2009-10-08,0.008572708259160067,0.007974399081556194,-0.0002488299281999065,0.005793191689199575,0.007666677048000114
2009-10-09,0.011618282585716538,0.012360430530000277,0.012938125720390766,0.018298885528121155,0.010039634085274892
2009-10-12,0.0037622756179720067,0.005104319190321012,0.0006824388114927458,0.00607885075356254,0.004460700794710003
2009-10-13,0.0005111549140770266,-0.002580359167512104,0.0010411971290152405,-0.0009049619006327712,-0.0019309659270045046
2009-10-14,0.01716881114003405,0.017676694892045403,0.01104312509655108,0.01198819687837875,0.01495788079570963
2009-10-15,-0.0033144705767637625,-0.0025587035035917645,0.011046628287054534,0.0009511816857990336,-0.0002799929131432011
2009-10-16,-0.009238652119460344,-0.013593018499089008,-0.003680985687990521,-0.016638453631416986,-0.010558266217250832
2009-10-19,0.012552635274315655,0.011078578823823806,0.010374428903866006,0.009790493844366654,0.010091387143335963
2009-10-20,-0.0064492449781057715,-0.0056459480783760604,-0.013084218731032831,-0.0031732477770350857,-0.006096645243369298
2009-10-21,-0.015174345542387656,-0.013841217823804656,-0.007214837417820854,-0.010917886982691903,-0.012074149976722001
2009-10-22,0.013106773564206625,0.01568115160462687,0.011228823123270292,0.008117104966771059,0.014395671757164018
2009-10-23,-0.01837269924236188,-0.016497596664036704,0.0007514660608909924,-0.010749766857361244,-0.015572894655996167
2009-10-26,-0.010593960308363804,-0.009896577621274879,-0.022221423233603693,-0.016199674586930054,-0.01034398702129338
2009-10-27,-0.009572018664210685,-0.00733229288528017,-0.005572329528484734,-0.006090959036578483,-0.005044059402600791
2009-10-28,-0.014181360856768094,-0.019347928092958724,-0.006640517849240019,-0.0020296540313989877,-0.015126816920424979
2009-10-29,0.02251079699137178,0.024912335951735073,0.01749864777771213,0.021436660307641395,0.021120097362619692
2009-10-30,-0.0276531409571825,-0.030271925036165392,-0.020575783327742143,-0.02713592273849351,-0.02537583138307655
2009-11-02,0.008468682697884667,0.007506680371093432,0.008722427461973251,0.006306321610826239,0.007420799979200246
2009-11-03,0.00398662338248245,0.0016409207903600193,-0.0031927025850235265,0.0014158991705829245,0.002064324754771589
2009-11-04,0.0057375254448029465,0.0033397383849366564,0.011127390306637402,0.0091699466051454,0.0049390834257029975
2009-11-05,0.0270464525095791,0.027313292200225325,0.02167135107078895,0.023673733139236014,0.022997906271437742
2009-11-06,0.006650734450105153,0.002580239200963091,0.016580142774784857,0.003929865997680312,0.004080413571591452
2009-11-09,0.023935496494870128,0.02698137927948794,0.014978651677896946,0.024358638988887175,0.02364036960776103
2009-11-10,-0.00096955594855139,-0.0004906742164686015,-0.007712166164851103,-0.005560424726442523,-0.0002441831667398959
2009-11-11,0.0074669240087396945,0.006429096268403732,0.0021301629756960323,0.0023291800207637515,0.005462548593608936
2009-11-12,-0.0030868066083060393,-0.006733501964901896,-0.005784835155487337,-0.0037336450964320636,-0.0067035141692333745
2009-11-13,0.0052562524729321295,0.004753065319085784,0.0031780112640963656,6.0529346232279964e-05,0.005309301428907997
2009-11-16,0.012466494095630163,0.015618302880492017,0.0010538981508940314,0.005573751609201025,0.014448669410568427
2009-11-17,0.0028946341726000134,0.0019469230217497976,0.000619007981896612,0.004229800651951307,0.002392930817270617
2009-11-18,-0.007030360442769565,-0.005351890069896705,-0.01250803350142727,-0.008595367971548607,-0.003752980693175725
2009-11-19,-0.013834069134006354,-0.01663874774618417,0.001949581226596521,-0.00905798311038357,-0.013046231085658135
2009-11-20,-0.0017399484161883458,-0.002748474206587764,0.0032560415405110533,0.0019215469624990669,-0.001671415690294195
2009-11-23,0.014164411344687784,0.015032518268583067,0.014559102114733338,0.013258575847737514,0.013890985484257335
2009-11-24,-0.003572959812739083,-0.002459825278448252,0.002452415744027405,0.001133403141669156,-0.0015552305105408107
2009-11-25,0.008459255357566815,0.0051326502814095344,0.0066897415174349785,0.006123288335142518,0.005440580855231983
2009-11-27,-0.015735509449390693,-0.016601666082144757,-0.01182676510205563,-0.015710766748600058,-0.015143016754139952
2009-11-30,0.0018306253840202282,0.005447429631335039,0.006462321141822732,0.008229165745526342,0.0044551705170559
2009-12-01,0.017249674456315325,0.014187488293151354,0.010398497141686421,0.017834609238258775,0.01433482914866747
2009-12-02,0.003151509583278531,0.004055488358483652,-0.001729959290442908,0.004626400945769084,0.003429503894412941
2009-12-03,-0.009318538910809634,-0.007941305006430302,-0.01334872432738152,-0.009282020375609028,-0.008236526321610788
2009-12-04,0.011617888257743247,0.010698828115029988,0.013532060913813976,0.010533281389567307,0.008061574739190188
2009-12-07,-0.00010738994178640846,-0.00028406910664713944,-0.002053408656096209,0.0006613444369040597,-0.0002973798042914106
2009-12-08,-0.007183304655090234,-0.007814121701872474,-0.004227116517557159,-0.0030618291589074908,-0.00824579014985415
2009-12-09,0.007803487480298637,0.006873911671092559,0.0019874554964726806,0.006493977380664628,0.006007704010201853
2009-12-10,0.0036284448190473367,0.003305287571706665,0.003952142481712139,0.005864578746805798,0.003849154955039023
2009-12-11,0.0006386999366064126,0.0013872077710420567,0.0023332458057944783,-0.0006928632541365162,0.0017463433777889117
2009-12-14,0.0135844002413642,0.011738105427466741,0.011148615121351665,0.020250970313106423,0.01016125920251186
2009-12-15,-0.00404763149984699,-0.006064355290728371,-0.007542797420802888,0.00015506525496329084,-0.004844776414083346
2009-12-16,0.0036613678986280192,0.003942077155211519,-0.0033376499099126173,0.004134967123350195,0.0024496159586054004
2009-12-17,-0.009212334520436275,-0.013712467197509404,-0.00017303594555497827,-0.004978739689045591,-0.013504629244935121
2009-12-18,0.007341713000215845,0.006701023824638648,0.014046396476683277,0.011503193273748182,0.005623576088604603
2009-12-21,0.0075382096354041795,0.009959587924809025,0.0011622813863588943,0.00512548465123923,0.007629050973478997
2009-12-22,0.006993077404692763,0.006059643270891105,0.00035613566329102355,-0.0021323099933449226,0.004091442801056411
2009-12-23,0.0029908061471131484,0.003522585156925875,-0.00209738209449316,0.008811158008020325,0.002769129232820507
2009-12-24,0.005489533038192037,0.0063142542198443025,0.0008388195944292986,0.004934877226261604,0.004815242724874104
2009-12-28,-0.00015106113221165853,-0.0011978808654017894,0.0028231928372236407,-2.876861050883769e-06,0.00031689585211917175
2009-12-29,0.0034037155811524025,0.00255560919556376,0.0041067266263421194,0.008864005092661642,0.002062612015941487
2009-12-30,0.00237195944933988,0.003953386824637495,-0.0014616904506790783,0.004875179046729983,0.0027524574714025045
2009-12-31,-0.011049640083332644,-0.00941923440274976,-0.008104756675600476,-0.008115909265942575,-0.009486518820002586
2010-01-04,0.015469246174781067,0.0174630737008712,0.00654904833801716,0.012897357125790244,0.01551093505789982
2010-01-05,0.0047030241408015944,0.0034934231757359968,0.0008211988004555572,-0.001290847052847167,0.0019568174718782487
2010-01-06,0.0017261984381579105,1.555002475515173e-05,0.0012398370799326145,-0.006145778861861042,-0.0004188674131428815
2010-01-07,0.0033528891073368633,0.003304723330951633,-0.007195448203700457,0.0015216569858344717,0.0017327970071718164
2010-01-08,0.004821280595807841,0.0031559964898262146,0.005565861699642773,0.005031814851111551,0.0020611499324499115
2010-01-11,-0.0015138319517359823,-0.0005108626084176434,-0.001368597958474563,0.0010102611821354876,0.00039199643314902026
2010-01-12,-0.008921050429065991,-0.012436143646137307,-0.0033278865866312175,-0.011013584747190056,-0.010557096704179217
2010-01-13,0.007337017178424983,0.006968298459491899,0.01192739893782925,0.009836012565524709,0.006742572398451121
2010-01-14,0.00155212580420837,0.0016813825085024374,0.004370574312329206,0.004157442727561272,0.0010993767513683885
2010-01-15,-0.009642135036254215,-0.012200806549077545,0.00042348819068085936,-0.009131268160134966,-0.00989664610919889
2010-01-19,0.012659748773654798,0.013838728614642911,0.01008048272244144,0.012413698018097984,0.0129951415764694
2010-01-20,-0.00944823282227007,-0.010485740711667899,-0.0041671009174136615,-0.007188062807412268,-0.010510086755240802
2010-01-21,-0.012528214498323236,-0.017016417593394333,-0.009543294258565014,-0.017927696988091026,-0.016083672152716853
2010-01-22,-0.02603741455906579,-0.028463601524846192,-0.013855033420933338,-0.019640572217430947,-0.022137531747094864
2010-01-25,0.0026736271367053532,0.002470691640024823,0.002052317129879763,0.001560060659815387,0.002241999043033232
2010-01-26,-0.005439962717739106,-0.005701426746854309,-0.008668066134003822,-0.004390415830425466,-0.005056194622805307
2010-01-27,0.011822699970939397,0.009164159605180746,0.017697721527615007,0.014432868768291408,0.007860993426824274
2010-01-28,-0.017732975965077682,-0.015586974665041012,-0.01087213378034953,-0.015073998517975862,-0.013135298956553142
2010-01-29,-0.012044163849000785,-0.011929401785696828,-0.0020604196972831747,-0.009051663043560611,-0.009796583266439337
2010-02-01,0.016356576109104893,0.016998274162495382,0.004826794826888797,0.014323881521005614,0.015017090044860033
2010-02-02,0.009528524942305338,0.010766716789858313,0.00849968603233068,0.007446180934350864,0.010809753899618248
2010-02-03,-0.0038305758585862088,-0.004848932643068786,-0.008454493905920403,-0.006820949626547127,-0.004238171436001237
2010-02-04,-0.030257763412645643,-0.03046279268029482,-0.036940561654969103,-0.029202027700858772,-0.027951500030420018
2010-02-05,0.0011945592601623751,0.004082624058049454,-0.002055038806021575,-0.00016318391661160976,0.003219591669851954
2010-02-08,-0.004666726147608665,-0.005125882374425995,0.0016989075299252874,0.00014610610378938075,-0.004386731357478925
2010-02-09,0.012040344168049737,0.013235112947780167,0.0023115697021972373,0.0052762906653671705,0.012070324930452053
2010-02-10,-0.0019721072065194255,-0.0018863349979854937,0.0013788859185466101,-0.0018146073169958336,-0.002498982965054116
2010-02-11,0.013222509676282043,0.011319399790612233,0.010963265491276786,0.009956745215904707,0.011205512537601797
2010-02-12,-0.00345279237536252,-0.0026609608230421847,-0.003729819372630796,-0.005672926797771139,-0.0028871420948848037
2010-02-16,0.018111647233342656,0.018665421644910866,0.0025120482007841595,0.012120540831527728,0.01640109076535701
2010-02-17,0.005269237199023351,0.0038525899720697004,0.006049624868508609,0.005486854535519733,0.004038811024675216
2010-02-18,0.00832584883592873,0.007806179409703589,0.004114677986139853,0.0037468536354598883,0.00789592305302745
2010-02-19,0.0017095801024419508,0.0020256348471110438,0.0001500665168554581,0.0015929920480912494,0.0015305649319276526
2010-02-22,-0.0027689337751937377,-0.0020195546353010104,-0.002037606911695202,-0.0005249022876783298,-0.0028571126688042084
2010-02-23,-0.012497881528250978,-0.013402655918038842,-0.0073192110421105225,-0.010631531083873224,-0.01126865062445797
2010-02-24,0.006961717848163026,0.010120061867211316,0.002385608067009652,0.005222917442303078,0.008781169520338122
2010-02-25,-0.0012117296171790496,-0.0016813952212696816,0.0018659163060894338,-0.000530929643559165,-0.00033755899321938126
2010-02-26,0.0007335062824320298,0.0018741360631470967,0.007023716060700602,0.0026453542541270574,0.0012306008629053605
2010-03-01,0.01037287851226662,0.01028594761751672,0.014231807948651564,0.015966294842729316,0.00917146136713893
2010-03-02,0.002905052274034368,0.0033810532677741693,0.000965667468650157,5.105001602620095e-05,0.003405919950671783
2010-03-03,0.0006617328178410073,0.00041283046678091995,0.0007474073883611055,0.0008615852031310031,0.00044266596690117985
2010-03-04,0.003820853193214664,0.003153779669401427,-0.0004528978409348177,0.00179626440421987,0.0022641396970333174
2010-03-05,0.012060395888134179,0.011874802391062688,0.014828321896205912,0.012321125786500724,0.011112656195649297
2010-03-08,0.0007229084299851818,0.0008793436598788084,0.0031330883892235623,0.008412440357111771,0.000677782626754369
2010-03-09,0.002285746527697842,0.0010378941022051319,0.005624542881384578,0.001012353008703836,0.0018863779451741389
2010-03-10,0.0052867144753408046,0.00598501960980082,0.004370867089179523,0.008117726663144325,0.003922472532995982
2010-03-11,0.0040516365004288684,0.0024386273592063618,0.0017540846121800746,0.004301592961593477,0.0030473051695162315
2010-03-12,0.0011451050604288696,0.0014192962385441727,0.0012760510904756247,0.0023319363570435104,0.001016424713540604
2010-03-15,0.0009706948456273423,-0.0003460537477231769,0.002791326324639393,-0.0011191045037375704,0.0006776397019346075
2010-03-16,0.005313518174845827,0.009083519862330745,-4.998054342489656e-05,0.006033137361336238,0.007417317693567756
2010-03-17,0.003770600632360287,0.0053488315879347235,-0.0011806991805455996,0.0025937533690531837,0.004528398585594705
2010-03-18,0.002777669531508791,0.0012848158219810348,0.0010551332571703568,-0.0035910351158131367,0.0015360653671639534
2010-03-19,-0.0074590149249752075,-0.006892836522865348,0.001603028275195505,-0.004927895945747993,-0.004954219424293047
2010-03-22,0.008345064869048097,0.008134490268888156,0.0015998355143929518,0.005393397178904256,0.006605238854568228
2010-03-23,0.007085841897749692,0.008705182723515979,-0.0037643522138564992,0.006160820720002878,0.007090362103564531
2010-03-24,-0.010038076463234409,-0.009705237359908761,-0.005582030692433222,-0.007491322939494998,-0.009822414413448704
2010-03-25,-0.003106227812561988,-0.0034916245366728607,-0.005141958225971282,0.0003614529286337237,-0.004414669779348032
2010-03-26,-0.0015740386283795253,-7.61693519210927e-05,0.001158847698848618,0.0002090988749943309,0.00043164960022972984
2010-03-29,0.0060056929547505165,0.006504974087526666,0.008063492234273908,0.0045046544963413294,0.006551718910169431
2010-03-30,0.0022831082704050593,0.001879474729662013,0.004865641241629299,0.005665476984488207,0.0018590543269653135
2010-03-31,-0.0045337596694103085,-0.004987347440773485,-0.001439392738087855,-0.003652738185469185,-0.004148817018322395
2010-04-01,0.005543775226378276,0.005177799712604812,0.003908435865477049,0.005658659936753135,0.005805246023015318
2010-04-05,0.007091708293158488,0.00951257043438964,0.0028631482623563244,0.0056037889845006236,0.007146412995393802
2010-04-06,-0.0004208574729989184,-0.0006439780972920593,-0.0005585774052312193,-0.0016128238406018672,-0.001197493573862221
2010-04-07,-0.0044121583320098235,-0.0028556485319969826,-0.004721368296004309,-0.005605782142527269,-0.003630342723469235
2010-04-08,0.002571300208690785,0.0030437710478664936,0.0033960386253114394,0.0037864582249497246,0.0027831394628618153
2010-04-09,0.005655460833334635,0.0063026117883797595,0.004074837020895586,0.0067766552150999365,0.006042232276219087
2010-04-12,0.0010028094439158983,0.0025235362182675215,0.0014061279164282769,0.004204864912011178,0.0017470385806149947
2010-04-13,0.001151580963239677,0.0013420411561969998,-0.0007199294720781804,-0.000718978106618907,0.0013221137820267196
2010-04-14,0.010999300259299582,0.013317810357656092,0.004397672519625434,0.012208093178181873,0.009759770526620151
2010-04-15,0.0016592149493802305,0.0014009758280725236,-0.0026203837712761094,0.001107551020165683,0.0015950891247064702
2010-04-16,-0.01329984255797384,-0.015985783743280316,-0.004122233209502567,-0.010632887456876086,-0.013047660806690464
2010-04-19,0.00020339151208944965,0.0023803850441727376,0.00035134933308938413,-0.0022613371980859985,0.0031918314932556087
2010-04-20,0.005637589992736126,0.0055675682020243315,0.0047670583617227084,0.005309867567219999,0.004812313267409664
2010-04-21,-0.002310721074777865,-0.00019404289389166984,-0.00561712564275739,0.002787870200729325,-0.0013641575593292014
2010-04-22,0.0011072257835884898,0.0011749548642620777,0.0025301158616892333,0.00450051149816577,0.00035751506273865464
2010-04-23,0.01234260981127393,0.009551897072924764,0.011610224307883527,0.009127966520251713,0.008445950830673989
2010-04-26,-0.004190512389084064,-0.004188912461387399,-0.00820415988423079,-0.002262883479239709,-0.003236058767181444
2010-04-27,-0.02073054622560254,-0.022965335859918036,-0.016654682518829903,-0.024634304087644252,-0.01970724228264304
2010-04-28,0.006100819424299936,0.00786168368104019,0.0020511920478571482,0.00225081411786077,0.006979460455126223
2010-04-29,0.010826458480746485,0.012430837740463264,0.0074910579604564615,0.008606461246046396,0.01115987245084398
2010-04-30,-0.02000751486539591,-0.021840262480123912,-0.017092852650497377,-0.021763770782168398,-0.01773957960727026
2010-05-03,0.013687736954413698,0.015263258973206814,0.011426738806748382,0.008967460613804247,0.01267378765311181
2010-05-04,-0.022055733366945468,-0.02298597119571963,-0.011199605143597652,-0.014882022069867652,-0.020003885572816984
2010-05-05,-0.00849083982606997,-0.008296186669825446,-0.014190632691263423,-0.016843215902111075,-0.00695871408336571
2010-05-06,-0.029941730125338527,-0.029273737772946836,-0.022295758578518322,-0.026529327574036168,-0.02553007279950958
2010-05-07,-0.017101564664807063,-0.017001136993794158,-0.01711451555040183,-0.018452234263559263,-0.016391898876474513
2010-05-10,0.04083137186749849,0.04215555545786092,0.024930387374297005,0.03670525835875897,0.038731774257156786
2010-05-11,-0.00026730203338384796,-0.00011162762189336536,-0.006036293905514382,-0.006902082199826916,0.0008683369269888957
2010-05-12,0.017355741014746927,0.01805557984841009,0.017311236149259078,0.018746181322688835,0.016043473063125036
2010-05-13,-0.013369486066313128,-0.014914410916226611,-0.006095164487344502,-0.006813495707716884,-0.012976025349547171
2010-05-14,-0.02490768928709087,-0.021815428877411405,-0.03237768817809503,-0.03757343590209147,-0.0191829886270631
2010-05-17,0.0002048107173251042,0.003748053481863087,0.0014666356825977975,-0.0034449919330243094,0.003719722731871872
2010-05-18,-0.01915133663588716,-0.016931153048058853,-0.012282053645024424,-0.022727968535865645,-0.015101538263375585
2010-05-19,-0.0032259967844674086,-0.0021355259047204224,-0.0038965715009037466,0.003640123641816179,-0.0027648669617589324
2010-05-20,-0.031096821050940752,-0.032478793095361336,-0.01567595512417616,-0.0181524527583306,-0.03048133654360574
2010-05-21,0.014757789326794564,0.013399709271755452,0.018802085332721666,0.014055685357200108,0.011221337790350481
2010-05-24,-0.009033781294905698,-0.011676099458494073,-0.009715204732922884,-0.006138500718532587,-0.009656058879069437
2010-05-25,-0.001235877427531352,0.0005536540046007457,-0.0024385821171171245,-0.005486347949555286,-0.0006003707092374354
2010-05-26,-0.003091298442337576,-0.0033619549950414844,-0.01038952804189425,0.0004491047126415742,-0.002727639286152596
2010-05-27,0.028464700937431732,0.0327897836204367,0.018626025324572783,0.02032682757842655,0.028287381790230604
2010-05-28,-0.013748564393509194,-0.013716670191749878,-0.013404339626175557,-0.013819950389892869,-0.012141926728467799
2010-06-01,-0.015916685528351654,-0.01654192908698419,-0.007374619939580297,-0.014373610402985936,-0.013586126695852706
2010-06-02,0.019820257823878383,0.02283860598537974,0.01049359369559897,0.01274660447279427,0.020127395762925066
2010-06-03,0.004593887936993745,0.003145296382183937,0.0022730897810128337,0.007907347765192266,0.0028977743266010427
2010-06-04,-0.0344834263193706,-0.0339901108928389,-0.02491704853159333,-0.02314321540345244,-0.030507388729090968
2010-06-07,-0.012524827683255952,-0.014183932312465283,-0.0033453766035964985,-0.009556219229835176,-0.01056004627280902
2010-06-08,0.007601198559301652,0.009563934699619588,-0.0032020208670291905,0.008675363021264754,0.009888167045198086
2010-06-09,-0.0025686397980824766,-0.0037321321940600046,-0.0024893772989692054,-0.0020392524605217462,-0.0035985406524192474
2010-06-10,0.027753645246109356,0.02758627467745902,0.022299341244561736,0.02824804425337879,0.025528376345616687
2010-06-11,0.004650092997640008,0.0047455513165870844,0.005421722522519209,-0.0008382722090148698,0.0034441279748488904
2010-06-14,-0.0025558114797930957,-0.0020555937945037203,0.004000335836023893,-0.004982199791658155,-0.001533157960647264
2010-06-15,0.026325712532164876,0.027298649131602567,0.015514406041040395,0.02827218338774157,0.02435764276731199
2010-06-16,-0.0019842780730076038,0.0005125966833418725,0.0035632278387562866,0.002622812063570648,0.0010289489433547518
2010-06-17,0.0025499707163988247,0.0018472898482074216,0.0033949452268548378,0.005224808916688102,0.002646464828592309
2010-06-18,0.0011482158421890877,0.0018915542793532017,9.369674352946721e-05,-0.002180045950832815,0.0012731378574327087
2010-06-21,-0.00015307740300422564,-0.0017797957746645266,0.008008025352806612,0.010903326581237088,-0.002204262774724469
2010-06-22,-0.01610796506728199,-0.015041131936941565,-0.00646074031954097,-0.014799812885945882,-0.013276981383204316
2010-06-23,0.0016946240707715005,0.00021372260022441136,-0.0010102082902522166,-0.003005820451980896,-0.00041009256340534574
2010-06-24,-0.016038238306026686,-0.015298411718797937,-0.014860513952697392,-0.014396373105551438,-0.012744422301552094
2010-06-25,0.0031069211096460434,0.0028636739770880743,0.0067934474452451266,0.0023719069391368508,0.0016589610898738096
2010-06-28,-0.004121697672501343,-0.001956296668114349,-0.010439194226868748,-0.004426209065384891,-0.0011677275435858455
2010-06-29,-0.02939302815341903,-0.03028528752726965,-0.024036212126838125,-0.03415081639357192,-0.025851033458628853
2010-06-30,-0.01016024911538336,-0.010835065634451208,-0.009992233863077338,-0.009776649920762224,-0.009191213199895817
2010-07-01,-0.0014871570518537496,-0.003915484668395509,0.003126356443562906,0.0046947616201244114,-0.00357321431376266
2010-07-02,-0.0040181323639055175,-0.004498366493109274,0.00431292551162845,-0.002644736326442192,-0.004002600011199652
2010-07-06,-0.002791834632447379,-0.00020867643484676177,-0.00456353089819485,-0.0023988337300023975,2.5935569351102656e-05
2010-07-07,0.02891902526035911,0.031494199849658684,0.017545313618612914,0.026258677377283563,0.02810814276734946
2010-07-08,0.0096995769932381,0.009334406648570144,0.006211868331028793,0.006406152952994945,0.009345977037453226
2010-07-09,0.008365960161307664,0.008844858162271343,0.006252621231097059,0.01051221792937784,0.00785371705555292
2010-07-12,-0.00032860818522941214,-0.0002023392385248699,-0.005194451080160506,-0.004947068066778874,-0.0002191673946912988
2010-07-13,0.015914500732918054,0.018695366974067186,0.010053624522812298,0.010064740329452232,0.015339813426414942
2010-07-14,0.0011149813864511653,-0.0007154064332793892,-0.002562772495297505,-0.0018362328245320964,-0.0006028759960290348
2010-07-15,-0.0014571375991509735,-0.00078580667162945,-0.0010061780473320998,-0.003286217747388835,-0.0012402173408811938
2010-07-16,-0.033622780267604166,-0.03069052092377985,-0.03820746154325131,-0.033816574518633194,-0.028441030826444683
2010-07-19,0.005591589802510008,0.005577867208545582,0.004171742112040369,0.0017121270863422692,0.004376102884202748
2010-07-20,0.010273593792610435,0.010817365908097037,0.012934574994199647,0.016789783310506567,0.010185638955588713
2010-07-21,-0.010629135203266025,-0.011434800779391525,-0.0002250052683978555,-0.010078348059341513,-0.010697098208668142
2010-07-22,0.02527648852621176,0.02491245364680375,0.015119668868815125,0.02133630279762145,0.02153084309558722
2010-07-23,0.007785855996657149,0.008015730274359105,0.005915990936741869,0.008834630899775216,0.007575770859040075
2010-07-26,0.013172758575963457,0.01225312336392357,0.006375208091658078,0.0071344088134906,0.011067109830123973
2010-07-27,-0.005110341596819884,-0.004373148074752592,-0.004067491942988313,-0.0008899856269369468,-0.0034570657790849524
2010-07-28,-0.008321060698845747,-0.007377044852875622,-0.004439032874902582,-0.009902246450234724,-0.006899214315566117
2010-07-29,-0.006794182632570955,-0.005783040175861552,-0.004674601368544828,-0.013338951200571662,-0.006479337798590185
2010-07-30,0.0008938867890292946,-0.000186228597599071,0.002679592153068196,0.003130353046174506,0.0007272751507377651
2010-08-02,0.015863079505260957,0.0177131564997017,0.00023142422172630402,0.0032745561905129974,0.015635564112495087
2010-08-03,-0.009264540785978555,-0.008718865120912373,-0.003616070786291133,-0.0033120887992064314,-0.007277488006730266
2010-08-04,0.006073033432833871,0.006734349387107581,0.008100437298454785,0.004494538693377383,0.006347522196771076
2010-08-05,-0.0006689091542151851,-0.0002478209499096203,-0.0016116710268523167,-0.000755038735776129,0.0005385041849447257
2010-08-06,-0.003067015418092742,-0.0046340318051857,0.007300998690930545,0.0012622431730404428,-0.003863728296519692
2010-08-09,0.01000877690786775,0.007839216782131678,0.012099173378447342,0.011997874776574196,0.007601512114994546
2010-08-10,-0.007366243863148001,-0.008229912011014286,-0.002787979699622296,-0.0035270783006377867,-0.005876428297755157
2010-08-11,-0.02480904219613738,-0.02525268363545847,-0.023143803893210968,-0.01973068378245515,-0.023038255874509264
2010-08-12,-0.007719678793151339,-0.006815339578047263,-0.0018113039051819823,0.0007310526964130811,-0.003949675365524548
2010-08-13,-0.003789769496103333,-0.003929306846992447,-0.0024587150189164845,-0.0037694498008675184,-0.004015092661596914
2010-08-16,0.0006191846835398489,0.001223010414142805,-0.0037359763150854944,0.00062531367030338,0.0012542447730785073
2010-08-17,0.01269157753799616,0.01221364140143138,0.01037746305697711,0.01005759811188323,0.01170573933109215
2010-08-18,0.004769180100553258,0.005056006886881368,0.000740133390672379,0.0015968712314897331,0.004474762282465187
2010-08-19,-0.017781140394649675,-0.017746683773079253,-0.01194784948141189,-0.01443818143601818,-0.015963841232461088
2010-08-20,-0.0035492093188548937,-0.004248968727726335,-0.005000611455600879,-0.007380999284593153,-0.004342487178591448
2010-08-23,-0.006297240396292193,-0.0056343664594033045,-0.0043649693865364485,-0.0033752921241382338,-0.00460136485208522
2010-08-24,-0.01391164204189047,-0.014327323280582744,-0.011587202213908982,-0.009849821459685274,-0.012389895489900826
2010-08-25,0.0051457439603590175,0.003827105585956453,0.008501717132918868,0.003894641480481352,0.004151634344513433
2010-08-26,-0.004564538307126274,-0.006347042254220074,-0.004494454830359138,-0.007367595270177572,-0.005775443782700056
2010-08-27,0.016679829398577557,0.01596904854175056,0.011736819373922926,0.012252257879875415,0.014245290879234138
2010-08-30,-0.015754122605743347,-0.016847718578077552,-0.013718492979914388,-0.015309259487345142,-0.014653277446485691
2010-08-31,-0.005025779698388582,-0.001737610676503787,-0.008497972226620206,-0.004833711261333573,-0.0007122669247784448
2010-09-01,0.027644929649802114,0.027064932127871515,0.01429795706058098,0.019304472538702294,0.023414123547322432
2010-09-02,0.012026555150104208,0.010610804385970445,0.00807470273919066,0.011410819386910874,0.009714133151817614
2010-09-03,0.012569489476710983,0.013681234499609847,0.01072719766800359,0.008808754244237361,0.0110858971038621
2010-09-07,-0.01339815427686869,-0.014608572483768602,-0.016979947545382526,-0.011249839449977884,-0.011373094773752878
2010-09-08,0.003136997371451308,0.004133501008207905,-0.006067866895540558,-0.009390106673053558,0.0031781734313670075
2010-09-09,0.002512740249546532,0.0057446024421152625,-0.0014460681468754868,-0.0015196788608995795,0.0042132089262988375
2010-09-10,0.004763308712071538,0.0030037329268095443,0.012617356302635415,0.007213957144464379,0.004297912705742502
2010-09-13,0.007147776053874527,0.01156709005163183,-0.006136684075009966,-0.002658977002435187,0.007827958910173436
2010-09-14,0.0012552156283386607,0.0008234103710991875,0.005321832482770308,0.008653218703910942,0.0018743390572780955
2010-09-15,0.00532479207376964,0.0035810993038192184,0.014688631970227335,0.00867686850169865,0.003960204111239974
2010-09-16,-0.0013027709204450916,0.0008541511444756312,7.187513007274939e-05,-0.00043277708494040006,0.000382928633186613
2010-09-17,0.003709189789225642,0.0018897838838301826,0.006976668848636877,0.0033465747973582894,0.002100033324278845
2010-09-20,0.014560909339483834,0.01479926031762049,0.01472169079550922,0.016231284844262193,0.013892210039933925
2010-09-21,0.0016551831666174145,-0.00047534708781334784,0.0015098898190453846,-0.0007222184268749444,8.300742364770889e-05
2010-09-22,-0.0047308565883688964,-0.006841522397355725,0.00114924348642894,0.0018857203432170863,-0.003748366444030201
2010-09-23,-0.006982735643438232,-0.007385033989040429,-0.003355785543566709,-0.004081531024214466,-0.007339442193367509
2010-09-24,0.023197803221831133,0.021431215796518965,0.014670243124648322,0.01862553757220093,0.018097074300125676
2010-09-27,-0.003705280330713645,-0.002645836968436142,-0.003459748642515329,-0.001196974022632398,-0.002339119422295219
2010-09-28,0.004670431902498733,0.004925152190137623,0.006308234547958561,0.0037828514247444074,0.0044019712603020926
2010-09-29,0.0020947571555410974,-0.00012866943314312693,-0.0038878085476129207,0.0035041404248917817,-0.0003932426624798763
2010-09-30,-0.0011543661738768875,-0.0019838332558405093,2.6297378267126385e-05,-0.0007373819975172848,-0.0025178990138193355
2010-10-01,0.0006956266210927397,0.0030375488226136315,-0.002808853184785601,-0.0006555949012305978,0.0028896686859549376
2010-10-04,-0.00732834887368069,-0.009561302772288515,-0.005354297965194814,-0.008140593229209708,-0.007728356515687149
2010-10-05,0.020982780839877334,0.020073438450875218,0.01571788357692615,0.015731094437337126,0.017848805810972514
2010-10-06,-0.00011982566976947594,0.00043986827470269554,-0.00590271302295418,-0.001476367669602356,0.0011675547564489654
2010-10-07,-0.00035893405631693266,-0.00047013410552656186,-0.0025423080667578276,-0.0017286815318515313,-0.001772209757346306
2010-10-08,0.00663482741905318,0.006153254583915193,0.00039689711168451,0.005498508187924012,0.0054112105627045085
2010-10-11,3.734691906776314e-05,7.724942994491858e-05,0.0026764595781405237,0.0010593005403680797,9.575753422745088e-05
2010-10-12,-3.591573876570006e-05,0.002825589334685929,-0.00027549173745077525,0.0009545945326473926,0.0015105421814862264
2010-10-13,0.012334815129659421,0.008162345165569079,0.01749218295052442,0.01659450238282262,0.009268008596168923
2010-10-14,-0.004579563739128739,-0.004985515347985888,-0.0028812832311740527,-0.0034806989636397352,-0.004529242169752833
2010-10-15,0.0011345437002262247,-0.0017656912788799758,0.0029285787834858468,0.0009873693778775952,-0.001131819445832396
2010-10-18,0.0030330053908816756,0.0059453787306835565,0.003943575440470057,0.0051794753025913975,0.006459052871530757
2010-10-19,-0.01266002279841116,-0.012039653442499491,-0.006000693328939981,-0.007339620848642165,-0.012777910980413174
2010-10-20,0.014861910515218974,0.012994536799380863,0.013572180711160321,0.012529810373379255,0.012266100835322924
2010-10-21,0.0034319818079376653,0.0008549708922028417,0.013395262830607844,0.0020515031529730774,0.001063317762840051
2010-10-22,0.0011667313576944347,0.0014147219761662657,-0.0019670662845249673,0.002705449533407016,0.0013835189550888624
2010-10-25,0.005805301240815434,0.004546804741214936,0.0045961498438708785,0.005437584477705636,0.0037004961444238454
2010-10-26,0.000412820782753294,-0.0019426368022970818,0.012944865382012838,-0.0014018700190937246,-0.0018883068062768246
2010-10-27,-0.00429577705081826,-0.0015757316728809683,-0.0039982302286582245,-0.001366262726465954,-0.0035599167784383916
2010-10-28,-0.0023164633243650465,0.0007905776843903777,-0.0032167769193301296,-0.009618510855723014,0.0005797396662444491
2010-10-29,0.0034434739563959033,0.0038055483645876376,0.004032453588931063,0.008657008526993974,0.00431355720464188
2010-11-01,0.0002426863041569403,0.00017222257855823374,0.0033955581286328664,-0.00261649123000376,8.710399352526677e-05
2010-11-02,0.008273410644820187,0.007161908748652294,0.009372718136664843,0.009342067355961887,0.006983648338332486
2010-11-03,0.0028293199284193825,0.003120644544349213,0.002877013377421343,0.0031963832221360514,0.0024884401670116777
2010-11-04,0.018307048817314604,0.0213059709687652,0.010387046643347265,0.017836129745070865,0.01865890763616793
2010-11-05,0.003624676715833675,0.00565606560253714,0.004257769474186927,0.005762328865574643,0.003983958674572201
2010-11-08,-0.0032409324207598434,-0.0024731209616511507,-0.00532542064193743,-0.005690956816627293,-0.0014029105686326365
2010-11-09,-0.009821791216023008,-0.010342363388794839,-0.004130311889860147,-0.007921395982154883,-0.00965512263781906
2010-11-10,0.00024805222656981425,0.001913377592662589,0.0017982117471137607,0.0027849874234775127,0.002176847977088083
2010-11-11,-0.006862352684517071,-0.006386079980625745,-0.011103881908143076,-0.0040637551041961106,-0.004723582637183675
2010-11-12,-0.01326166808342912,-0.011144707674934706,-0.015892950489258404,-0.015463717319854622,-0.01095641524656948
2010-11-15,-0.0018958377578673171,-0.0014392683764177761,0.001151253657587848,-0.004259507872203966,-0.0016056043235651923
2010-11-16,-0.01503489891912051,-0.016171055484290868,-0.016271385778310672,-0.01802059295698889,-0.015795910236829185
2010-11-17,0.002525216232775138,0.0012302799885893973,0.0025455216433615457,0.003994306406209351,0.002260185691547901
2010-11-18,0.01503210865756028,0.014551433167712919,0.015180955167696904,0.014195454463782422,0.01376733928064899
2010-11-19,0.004382050384275565,0.004255924129641659,0.0029896152479431887,0.004784480636973159,0.00362178312201187
2010-11-22,-0.002445401271270499,-0.0022362485097816337,-7.279987891235622e-06,-0.004435833062378591,-0.0017501046627664493
2010-11-23,-0.013519802440643758,-0.01337458997699401,-0.01216674133125824,-0.011394091452809514,-0.012954127552708715
2010-11-24,0.016700339617154183,0.01633883298191332,0.014795889752864857,0.013859774312322711,0.013913175850376977
2010-11-26,-0.0073235046893143745,-0.007799867781354329,-0.007051721182919808,-0.006653691826841065,-0.0073021330208443876
2010-11-29,-0.000257913192351499,-0.0003277752964513917,0.0003509633078420063,-0.00431453792017358,-0.0012012720704174828
2010-11-30,-0.0026073948725999054,-0.0034251351933152086,0.003500560379469135,-0.0023785428249477334,-0.0025091437666608313
2010-12-01,0.023566886786134108,0.02344021105847409,0.02821001821119971,0.021638067699577622,0.021578065470619967
2010-12-02,0.013918786069510424,0.013436945461929464,0.0002570592639929074,0.013592872242125242,0.01184506054945991
2010-12-03,0.00134699219305808,0.002263571273177356,-0.004546235965288262,0.0022198538071351703,0.0023275970166984194
2010-12-06,-0.0011234207365635326,-0.0008052764801994411,-0.0011026752528476692,0.003876727293489449,-0.0008366699339170441
2010-12-07,0.0002238318793648257,0.0016620771170759588,-0.003233718720413196,-0.0048817340969103664,0.00095900675158915
2010-12-08,0.001444095340714247,0.0039057388374507864,0.0019043086106616583,0.0037365392741726196,0.002655769893456593
2010-12-09,0.000680120035238901,0.0018175411123118358,-0.0012438271623723995,0.004853018103411458,0.0009752551053742264
2010-12-10,0.004340273199856267,0.005075492509667018,0.008260171168054505,0.008986315761116755,0.004877501626893864
2010-12-13,-0.0017406736265092636,-0.0024808348863222104,0.0014210305436929338,0.0020827435693889862,-0.0015568378097476656
2010-12-14,0.001956338009730968,0.002311381068320493,-0.00011397265394041543,-0.0012540033659100007,0.003301720781193798
2010-12-15,-0.007199522788332018,-0.006545004248669058,-0.006831736843571041,-0.014274366245889746,-0.00613580146958081
2010-12-16,-0.0019515836236789236,0.0011025988604774876,-0.020050193034441256,-0.029948198487547543,0.0005125470897407283
2010-12-17,-0.003919107882430845,-0.0018920982543059609,-0.01008172612648896,-0.002686069818157144,-0.002135143700123242
2010-12-20,0.0017886778344654007,0.0015066539442336368,0.001243811049721474,0.00542417309729869,0.0021175506524528914
2010-12-21,0.005722464548615596,0.006769153358025746,-0.0030409068971042094,0.00047265093797151846,0.003960690647256397
2010-12-22,0.000855513505686908,0.0021879342174708984,-0.008079457721651738,0.000546208487844465,0.001544838979423203
2010-12-23,-0.0012999545054699184,-0.0016847244741885134,0.00106467380233994,-0.0016211341338260674,-0.0011715818976604337
2010-12-27,0.002728246013775335,0.002289260173394877,0.006860068220013678,0.008436378795315846,0.0017260383769926886
2010-12-28,4.1243915246030614e-05,0.0005977850164335153,0.0015558680593029887,0.0006294752079038686,0.001268849093826371
2010-12-29,0.00011506459839639034,0.000223045886730205,-0.00039108605811453935,-0.0005202439952570264,0.00031967359236705707
2010-12-30,-0.001600594084637782,-0.0006453319697538841,-0.004472143114253938,-0.001561317414730252,-0.0004334949663512381
2010-12-31,0.0016944331085453914,0.00021357523420545492,0.0035970673470323337,0.002085923424287181,0.00023517352846740466
2011-01-03,0.007934119239150352,0.00910513662772337,-2.773367570148809e-05,0.0034536586136535642,0.007489279502952128
2011-01-04,0.00036787891980052267,0.0015398911314119272,0.004086993482356069,0.005501863023481308,0.002070260494858873
2011-01-05,0.007414425485383212,0.006413940680152333,0.01613414252357174,0.010950979005660935,0.005603044806099848
2011-01-06,0.0015630578222475399,-0.00022936065058087136,0.005199183677636177,0.0018791105090510557,-0.0008165596333324157
2011-01-07,-0.0007421543763283379,-0.0030456871251329422,0.0012168564240084348,-0.0012153178579418498,-0.002428659762410675
2011-01-10,0.0005434758836500798,6.0667292507182355e-06,-0.004986809767938259,-0.0034546020136106146,-0.0005515662555425947
2011-01-11,0.001281905464310961,0.002298457361838294,0.0015985029568652488,0.0018763472899842387,0.0016328773902370293
2011-01-12,0.009162837705175977,0.010004509143788604,0.011087542051925284,0.011053874453376562,0.008616677358470227
2011-01-13,-0.003080676494710972,-0.002637368692739679,0.0018110375998471502,-0.0032727381947586513,-0.003490365011197479
2011-01-14,0.006184449415437264,0.009171886268293105,0.006728389767466816,0.005786234454733804,0.00617995473260888
2011-01-18,0.006520325028941844,0.00445408161327745,0.011306353771619338,0.003582072363860654,0.004061845301458046
2011-01-19,-0.011068029357682743,-0.011045256387459033,-0.0051770607635480284,-0.011135864929662958,-0.008386759507040592
2011-01-20,-0.001807493444916161,-0.0008568763178609252,0.0025662540101931784,0.004971677901323924,0.0004112972387018877
2011-01-21,0.0004748532551316204,0.0038294143810155843,0.0017587104816823124,0.0032790402342976945,0.0030972290644418676
2011-01-24,0.009070749637156013,0.008300130559726589,0.002993033416767624,0.012159836658589891,0.006875992287223775
2011-01-25,-0.0008844995434933774,-0.000152885315957689,0.006404602546715741,0.0026479452687373298,0.0015385431286582848
2011-01-26,0.002135226165607651,0.0014588749540573286,0.002663125740913448,-0.003272877474094625,8.710222741174051e-05
2011-01-27,0.005641045633356113,0.005842521711632548,-0.004087563707625386,0.006870014263865538,0.0024799234252558923
2011-01-28,-0.018728311655036564,-0.018131533123282143,-0.014197347926921261,-0.013726149448878355,-0.017173658070696193
2011-01-31,0.0045936313108199504,0.005370987554368706,0.013377144929363923,0.005222517831953071,0.004300254550863756
2011-02-01,0.0109627760426016,0.013149068776560663,0.009277895740540283,0.00926018479146521,0.011438527128636546
2011-02-02,0.0014953623341280662,-0.0019079615171579596,0.005016744790041081,0.005095355655950336,-0.002221771446853111
2011-02-03,0.0013984696468700526,0.002166037671825822,0.0019606356366825618,0.0021965755472157416,0.002770463635227703
2011-02-04,0.005170080664991467,0.0042226693894287185,0.0043420387695240655,0.006635548482250116,0.003990370442110987
2011-02-07,0.004220528341327619,0.0061580408575836,0.005249503797634548,0.008265913705988333,0.005092839048390706
2011-02-08,0.005647517430004247,0.006063569103331839,0.004458405980035478,0.004682863983415116,0.005836999195474369
2011-02-09,-0.003761030108422222,-0.005199354267281177,-0.002167855723393089,-0.005290631628375259,-0.004391352593522784
2011-02-10,0.0028580255228744895,0.0015153091200453828,0.00768282487358273,0.006940188299374362,0.0012305116449143876
2011-02-11,0.004371429739339679,0.005254691090353434,0.0005104344432234504,0.0031264562767932737,0.004983258601817391
2011-02-14,0.0033040812854417327,0.003997893919167354,-0.0008857298736476104,0.006219248200884047,0.003008406210433862
2011-02-15,-7.878672579156299e-05,-0.0016966560832178757,0.0027411373623896177,0.000834525052195103,-0.0012081450209686906
2011-02-16,0.003035980193670096,0.004639770092055117,-0.001470528563090027,0.0004933780200722885,0.003788168335668333
2011-02-17,0.003633040132555394,0.003988265025942813,-0.0013633142115530151,0.0013974848553503683,0.003650750486722428
2011-02-18,0.001452187961043688,0.0026695435286447997,-0.000854656712828541,-0.00036993533711935473,0.0028060898615720024
2011-02-22,-0.021903249816458355,-0.023247669000598187,-0.01640971189025637,-0.02168571086062856,-0.019177754913145897
2011-02-23,-0.01443120696168617,-0.011700819818697649,-0.006795106518796561,-0.010386561865812376,-0.009667621653268935
2011-02-24,0.003117267570891623,0.0014114101998577756,0.0022489006469105168,0.008608889251522287,-0.00016771102027371768
2011-02-25,0.011347608530425882,0.011956429107529521,0.009117161038929122,0.01256655736742909,0.010231707028514836
2011-02-28,0.0037245695618864814,0.003661840837397184,-0.01068719173622464,-0.007410571904865769,0.0046026400905743335
2011-03-01,-0.01522124631554736,-0.013700359728312166,-0.003943080452305233,-0.008538176108771679,-0.01199757574681097
2011-03-02,0.006905375032769726,0.005403603010213708,0.011990894061961929,0.008955281623400698,0.004405067740186016
2011-03-03,0.019207194765068193,0.01917980131151964,0.017110578155899003,0.021095206672287897,0.017242058929444904
2011-03-04,-0.005147803692734619,-0.006914833209306566,-0.0045790317292512765,-0.00809142007430654,-0.006174668104055944
2011-03-07,-0.0023548300168953237,-0.008307149534252305,-0.004453625078913557,-0.010713519610234614,-0.007479114225843806
2011-03-08,0.010988061096303191,0.010479034267118936,0.007373276385754886,0.003817496613670023,0.009702950357789578
2011-03-09,-0.005157211152593196,-0.0060003566285072125,0.001984698356130285,-0.0066152704107910795,-0.0034230579007639567
2011-03-10,-0.016853538055491658,-0.017733849062663856,-0.01576378374281169,-0.019192995232602983,-0.016595135761110984
2011-03-11,0.0064166110698838565,0.0065953106972385656,0.010612592151846494,0.01157795326485788,0.00632751577220796
2011-03-14,-0.006517214182326195,-0.005602331346335998,-0.0035172623359851344,-0.0037603689282414915,-0.005558472699736359
2011-03-15,-0.010594900064206447,-0.009384071474076786,-0.011299837072520521,-0.007487756694376368,-0.009457487670263102
2011-03-16,-0.018813910376187397,-0.01945127691563128,-0.005732946591532855,-0.011284862005370861,-0.01820921764710977
2011-03-17,0.011842281181360947,0.012234866595945117,0.009115103585477487,0.00968457434805749,0.011765889484849322
2011-03-18,0.004868284336201414,0.006004777595577802,-0.001689222619246073,0.0011860078313844756,0.006184058152858301
2011-03-21,0.016063041340269226,0.01584665457095879,0.014459610657161455,0.01519613721301386,0.014957006514201444
2011-03-22,-0.0040698549756965855,-0.003721174430809852,-0.002567030582623507,-0.0036608039490115827,-0.003278451623603623
2011-03-23,0.0071732257672330445,0.006792857566676825,0.0031709386593199106,0.005054604586989154,0.005861783140667595
2011-03-24,0.01166687292478641,0.01183969469251311,0.009220598630333912,0.014276416645476284,0.01013225483445004
2011-03-25,0.0007268323192128422,0.0008020563496928269,-0.004755494623519544,-0.0036492740560979736,0.0005020133280473349
2011-03-28,-0.0006141103845640097,-0.0005638829196612849,0.0023858334762171724,0.0046543617341226785,-0.0003580820129233623
2011-03-29,0.006716945957476203,0.008025383136257325,0.002828504622250925,0.002221658266451972,0.006861923612079946
2011-03-30,0.005575460571960475,0.006571668694261137,0.0034348048941955055,0.006327473618990766,0.007028229779850102
2011-03-31,-0.0025084698852168618,-0.003449663202140364,0.0015024677293395373,-0.003141866031509269,-0.0029474955300813023
2011-04-01,0.004655993739381602,0.003856457835876903,0.007071778192272132,0.004343024089706994,0.004558545533942424
2011-04-04,0.0019458800436004061,0.0008299494064888209,0.008937940001599604,0.005920705843256073,0.0020130307375463043
2011-04-05,-0.001413389401283406,0.001301142767873182,-0.002387623091241276,0.0010908852541149368,0.0010959310501427707
2011-04-06,0.005502484426396577,0.006953415570587583,0.005058432620622463,0.005607405429872079,0.005590377385006708
2011-04-07,-0.00139255474983836,-0.0018285867885909654,-0.0020852095361223342,-0.0002009528722288092,-0.0008637978581193765
2011-04-08,-0.003695874193529707,-0.004827015955598221,-0.009105581872612067,-0.003977670159930826,-0.004442948631432841
2011-04-11,2.70222748258959e-05,-0.002635258029006988,0.0020062758145757533,0.0031758519652912093,-0.0015430009496257436
2011-04-12,-0.005809825074384532,-0.007815798303276167,-0.006555898790483242,-0.008324461716531282,-0.0060960917474200006
2011-04-13,-0.0007509149141731996,-0.0014352236065302952,0.003924747646929869,0.003599669051423022,-0.0018735760956979264
2011-04-14,0.0006759882817948526,-0.0010550049260431098,-0.002515371058634321,-0.003902762568018837,-0.0002061920174186948
2011-04-15,0.00640631575365214,0.0064435108314208995,0.007937954079075554,0.0020798087389664005,0.006203453255007364
2011-04-18,-0.011623905036275056,-0.01259104092629529,-0.013611079929572844,-0.01219085577978983,-0.011821404031342516
2011-04-19,0.005850809671547762,0.005532077291565959,0.00503173727717224,0.005581857630887461,0.0051070461595959325
2011-04-20,0.014742200108499536,0.018339001625128783,0.010420986634305646,0.020104101319069017,0.015505597384113839
2011-04-21,0.0050021376964588336,0.005334613576230376,-0.00022346524075755013,0.004571460430106958,0.004725314921716936
2011-04-25,-0.0027604198430358643,-0.0028121222217430027,-0.002756710458552741,-0.00451120618211923,-0.0031466209029970293
2011-04-26,0.011662288143913381,0.011603655139354168,0.01315434303398726,0.012246494028931056,0.010999918900874633
2011-04-27,0.005481671625910444,0.00583306814505371,0.0003380789839789759,0.0024772799909902107,0.006531871981081386
2011-04-28,0.0019514103673672588,0.0013649172996796177,-0.005534556050428925,-0.004428444276458542,0.0015995222451017019
2011-04-29,-0.0004634191668506499,0.00021344874625121298,0.0004374965865838276,0.0012336086405919256,0.0011048515330569233
2011-05-02,0.0016097148028494314,-0.00033677843795342226,0.0022658420640649635,-0.0004447834700892631,0.00016089462586245992
2011-05-03,0.0011167822991416643,-0.0004020187046637966,0.011399631797533028,0.007600470407410906,0.002222363590347013
2011-05-04,-0.007740212918833702,-0.006335526932332979,-0.005564088843021921,-0.005212226682681419,-0.005227436614424657
2011-05-05,-0.004188215681833115,-0.005450661376982262,-0.009200223482245744,-0.007992137741384742,-0.007037524702450814
2011-05-06,0.004561505899182508,0.003678323445915877,0.003591170770077417,0.0023625565719370533,0.0024072436936032754
2011-05-09,0.0032753456001363467,0.0018830697861759833,0.00600172842315091,0.0025198541115113264,0.0026509905456062657
2011-05-10,0.008309701203902987,0.008562796293307532,0.001315000465186006,0.00712986753580448,0.007906433477551156
2011-05-11,-0.008348173121447049,-0.010059491613450353,-0.007395690247640806,-0.009104731332579635,-0.008745249505668302
2011-05-12,0.006317982583849854,0.005816441155569969,0.008174933923092115,0.008813874928447738,0.0069873496987610285
2011-05-13,-0.008245193585009778,-0.009350021855983074,-0.005778215278412803,-0.0068076279037867435,-0.008347052564334791
2011-05-16,-0.006436603705933464,-0.005032917590146573,-0.003391953172820876,0.0006502712618768385,-0.003960805725259949
2011-05-17,-0.005203083282031856,-0.004289604744813727,-0.0017828184142682484,-0.0036681718259059114,-0.0030148741674190494
2011-05-18,0.008102891791399567,0.009835937604183453,0.00314977321334685,0.003742345485703167,0.008819574007636891
2011-05-19,0.000848407001502679,0.0010718784405977621,0.003654655435122751,0.0014778241364471882,0.0011114117468291878
2011-05-20,-0.008179615634882238,-0.009500777731130857,-0.00793172797452376,-0.01262503202189419,-0.008633550190487279
2011-05-23,-0.01078078616131261,-0.011366238306139812,-0.011635923612220914,-0.012836629133131919,-0.010053791887075
2011-05-24,-0.0033214607273302373,-0.003636943783739628,-0.0073016399705685565,-0.0009827905458500558,-0.0024713415937113
2011-05-25,0.005596089345981185,0.004645337638762362,0.00931853682168999,0.007308002343821316,0.0038307225642530886
2011-05-26,0.002395369463393525,0.0027175952302766746,0.008019831456015885,0.007118400545423335,0.0021668715461704673
2011-05-27,0.003508887591151231,0.004842189676348111,0.006014308002936192,0.004922317352133962,0.004165090765844597
2011-05-31,0.01200849394598132,0.012014913050176036,0.008593090393099752,0.00898108718210201,0.011215363308336723
2011-06-01,-0.023694633118359232,-0.025061946228532948,-0.01940065082692401,-0.02246877767930581,-0.021792965477016778
2011-06-02,0.0021738864908906544,-0.00038456932114425103,0.004314673331132858,0.004106594500680521,-0.0014643758546460744
2011-06-03,-0.011675203546798288,-0.01337371669375493,-0.006687085700629921,-0.01339633555341127,-0.012444141615001033
2011-06-06,-0.007485114861723179,-0.00799691941264508,-0.004547277370386942,-0.006938693619753404,-0.0071125001317539314
2011-06-07,0.0016238009752377299,0.0002877262046361651,0.0044979691917856205,0.00519563906927079,-5.862078088777556e-06
2011-06-08,-0.008746804617484352,-0.008732569845992324,-0.0069586039303211845,-0.015803614734122944,-0.0066504450323444835
2011-06-09,0.004867327167357542,0.006072221163087071,0.005110476146197716,0.0028504360287588256,0.005714804843160973
2011-06-10,-0.013574851414206293,-0.012916319715666123,-0.011746638536336212,-0.013652553848388371,-0.012817961139109834
2011-06-13,0.00152702696723599,0.0015282347598403491,0.002691895895133056,0.0015612187937378474,0.0020658302991308723
2011-06-14,0.014708988735023746,0.012533487166235757,0.01197624653806142,0.013835404745727885,0.011946154640637394
2011-06-15,-0.015618522416890185,-0.01691627613912621,-0.0057999724395133645,-0.012648863490161517,-0.014913822342643629
2011-06-16,-0.000646324024880848,-0.00027883178198749754,-0.005223108180355857,-0.0020049842459981394,0.0005197348808104571
2011-06-17,-0.001002477544567463,0.0001324093980874996,-0.0011054744740495908,-0.0029532545164358106,0.0010847184572577776
2011-06-20,0.0076016816569436305,0.007286355857889294,0.008478946412000334,0.004359008285861784,0.007622253672184968
2011-06-21,0.012496544325634948,0.01307765142244977,0.009126849138156153,0.011059758021747535,0.010786956480065123
2011-06-22,-0.005786809752893259,-0.004879936150191599,-0.003643930406875197,-0.004197368276130539,-0.004588556095589987
2011-06-23,0.003909785231971443,0.0008228861120221104,0.0027356790684860536,0.004253803402162381,-0.0005970440478520611
2011-06-24,-0.01355426182297128,-0.015416145666669009,-0.003566264028029123,-0.017939694595532074,-0.013590236075132652
2011-06-27,0.005455743250728155,0.008397275360004865,0.000589663883347714,0.005940459780595011,0.007409328512352474
2011-06-28,0.011170720613200003,0.009823420876805124,0.012235430692803625,0.010960154936725945,0.009941815854264163
2011-06-29,0.01790891536093295,0.012945875680056756,0.04169660394395373,0.05032370988855868,0.013257426860902833
2011-06-30,0.006444482579979741,0.008134367247052656,-0.005662504586911246,-0.00593552620728713,0.006419581808627792
2011-07-01,0.01743328826898168,0.017240929806528575,0.020707994804103475,0.025096046948406392,0.01619325301509631
2011-07-05,-0.003482598237690941,-0.003875899198241252,-0.0024099749422295275,-0.0019296438225908186,-0.0031290177884116
2011-07-06,0.004305324787640832,0.002419885723617292,0.0021867017282332472,-0.0017589355991676245,0.002754570303759072
2011-07-07,0.012464780629674396,0.013123430901605847,0.007609675047120016,0.013027131739714804,0.010968384448674671
2011-07-08,-0.008080821919460423,-0.008743658640316745,-0.00850312780841584,-0.008074461439164087,-0.0076743673699938165
2011-07-11,-0.017758634077971742,-0.01698338880787648,-0.01676842392839769,-0.014605528869362153,-0.014812581808971914
2011-07-12,-0.00786099604273511,-0.007878565540208219,-0.003590531486076872,-0.006311852549733833,-0.005866619229844388
2011-07-13,0.0035035532966927792,0.0024242084622706265,0.0036109462889640375,0.006418153800830561,0.0031087603132452365
2011-07-14,-0.008169595517999104,-0.009634046342495668,-0.005843695337425426,-0.006222854245414054,-0.008159674873417656
2011-07-15,0.0014886921302521433,0.0029789723957908184,-0.0014346172397867194,0.004981204769965358,0.0027484256018344253
2011-07-18,-0.009315496741392766,-0.009818590717846062,-0.00572885250056061,-0.0066207388646954395,-0.009118084214762717
2011-07-19,0.014154222990085103,0.015440426425941428,0.01193489574631557,0.013620500913860722,0.013425618548961956
2011-07-20,-0.00033021472777423574,0.0007488571002232977,-0.0027754931602254392,-0.003511044418535868,-0.00045660355588703435
2011-07-21,0.008271507597067839,0.011784200304240051,0.013295397021917253,0.005573055145812403,0.011495254196151846
2011-07-22,0.005055321617439825,0.0028500433033370794,0.0030343067866278896,0.007790517423969595,0.0020018794330761373
2011-07-25,-0.005740226145146859,-0.007516612343706136,0.0011825582589928265,-0.003153032149737251,-0.007273959613901089
2011-07-26,-0.006200887732437778,-0.004739787312090378,-0.0010138844330371502,-0.004052247302509445,-0.004405848564957476
2011-07-27,-0.019749584387998387,-0.02246815794148503,-0.021493676881576274,-0.0232835811633514,-0.020093899155242893
2011-07-28,-0.004284590180999967,-0.004861588880202678,-0.004456814175898035,-0.004467267678654815,-0.005219898783257611
2011-07-29,-0.009533861889260935,-0.009278981564190474,-0.006164904693880851,-0.008856320366672618,-0.009127863691103019
2011-08-01,-0.006553677581250362,-0.0048281025125755175,-0.005425924956311197,-0.0020012908628994604,-0.004874391607680305
2011-08-02,-0.02870550583391432,-0.031900478081649655,-0.01814911408793504,-0.03208775102987485,-0.030824248858792397
2011-08-03,0.013952741868511713,0.009820111550434633,0.04186063957450079,0.033854309200800056,0.009353273880386866
2011-08-04,-0.045093977420982964,-0.04689521630494534,-0.03911462464539786,-0.037851793200905454,-0.04329586190536616
2011-08-05,0.0004946721968049604,0.001146775060307503,0.005546881955188909,-0.0020543161707041596,0.003522599155648341
2011-08-08,-0.056973281342747276,-0.05959720914413204,-0.06333682150915416,-0.05653144311723064,-0.05409038583089362
2011-08-09,0.04208343123108259,0.0417216047722785,0.05810832567714736,0.0428246744316889,0.03731283436556299
2011-08-10,-0.043963670003176046,-0.04247572115631926,-0.04702912777939232,-0.03922418096280592,-0.03999749029843672
2011-08-11,0.048640534286951406,0.050475949823442626,0.047887800593778895,0.049438211174562256,0.047866381346886325
2011-08-12,0.007917196895937464,0.004490658786948581,0.004558010329980584,0.00207040231450836,0.005036694367408454
2011-08-15,0.01688391217482277,0.0209213011761468,0.012398614681168155,0.020670703072255922,0.019999741161107934
2011-08-16,-0.004681702259703968,-0.00855359265331556,0.00413433711348382,-0.0038420314266764855,-0.006429567749071939
2011-08-17,-0.0045225782133964665,-0.001782393379991357,-0.0104737504004752,-0.008827770020228715,-0.0013561967327354516
2011-08-18,-0.04636009899862886,-0.04524310122071617,-0.040883054061725335,-0.04254932230888544,-0.040734517920387917
2011-08-19,-0.011322846813495645,-0.012423729368063161,-0.007749462869327773,-0.011443988841423721,-0.01017103306162876
2011-08-22,0.005076628149718192,0.0034173477272659166,0.011756349573398297,0.005632441765918516,0.004911467204749026
2011-08-23,0.032345738575892256,0.03207859704304482,0.03445286884271415,0.035598046025565794,0.029783546950435454
2011-08-24,0.010432848615208337,0.010608684652418668,0.0043093584941982085,0.013324295283047915,0.00995773652909439
2011-08-25,-0.0148648714121775,-0.014250712123797922,-0.009085692518547553,-0.014522735547651941,-0.013968100348940589
2011-08-26,0.0156365452510581,0.015553265290377814,0.011123547600483782,0.01406216404488199,0.013990887349225538
2011-08-29,0.02416141750617693,0.02678319909255107,0.012531188831494951,0.017997954608963994,0.023807236245414046
2011-08-30,0.0059720980176311885,0.003246052750765102,0.00860370259434119,0.0056317817647270375,0.004262450982571044
2011-08-31,0.0025718364918056536,0.002990348404435526,-0.0002939350913683218,0.0015822645540561164,0.002194080441815654
2011-09-01,-0.010449895036628975,-0.012208775527372673,-0.006496080859214177,-0.006524409638896259,-0.010868109165370909
2011-09-02,-0.02585247444918415,-0.02601347448705885,-0.022815576504250975,-0.022245872652518595,-0.023142537923490084
2011-09-06,-0.00474473517546588,-0.007772010480140562,0.0021913202636584038,-0.00047407426257395585,-0.006133360268683961
2011-09-07,0.029785548989005498,0.031605162570105996,0.030141019639632706,0.030066629890714906,0.028359160134590687
2011-09-08,-0.009538231642291438,-0.009121233683311357,-0.005228776519959633,-0.006233836964598075,-0.008289955528807524
2011-09-09,-0.023199367995923793,-0.02289885168377665,-0.028501338918792515,-0.019460428112862874,-0.02209327406293817
2011-09-12,0.006833464990981358,0.007292293748912363,0.0012408496614857577,0.007768360347618825,0.005444184927070338
2011-09-13,0.011980805175010762,0.012964512301102578,0.013866187573259263,0.011230732725157708,0.01094084681513538
2011-09-14,0.017082207360512695,0.017457014079920598,0.018872333013047415,0.01814456637437225,0.01579797742579287
2011-09-15,0.015908845498061475,0.01503207733793424,0.020332432915663924,0.01425705594560582,0.014181124077404465
2011-09-16,0.005519342160306417,0.004866581282779805,0.0011261909140425398,0.0015057244119099358,0.0058800654653728066
2011-09-19,-0.008394814773294942,-0.009277605751348686,0.0008179261411639415,-0.004254034074931024,-0.007377282108740921
2011-09-20,-0.0005449278021489829,-0.0006802991436261316,0.0017793397978958362,0.008859593836831766,0.0017834065544852272
2011-09-21,-0.030189215802815292,-0.03056334807092443,-0.029120867058162747,-0.02374209264973666,-0.029608676331153473
2011-09-22,-0.03062988136668547,-0.03129949586873873,-0.021571962815378338,-0.025765982063151158,-0.028976269508806572
2011-09-23,0.009782585288268288,0.009186666177050565,0.0018776357465785435,0.011694859735916805,0.007434944667679416
2011-09-26,0.01707146647350914,0.021189825378467315,0.014766328301457288,0.006011458196643846,0.019335827272640792
2011-09-27,0.012112621980262039,0.011393630030699743,0.0065658942747624975,0.004105186997164675,0.010431737296762677
2011-09-28,-0.018363070814285974,-0.020442369751199882,-0.018306665392535608,-0.019280528686922663,-0.019593802213493754
2011-09-29,0.003981949567985485,0.006893945592796109,-0.003079283923173091,-0.0005453650780986131,0.0077936027048778654
2011-09-30,-0.025053685647724876,-0.02713308585083312,-0.018371085668007218,-0.024622678261631736,-0.02246841949445593
2011-10-03,-0.024477435998589665,-0.02723317137805918,-0.020154329451812687,-0.022985459344272256,-0.023496083362987245
2011-10-04,0.019780236647128396,0.02287405358141079,0.009596343790739901,0.00812353132918648,0.017998570038424873
2011-10-05,0.01981238074882886,0.020918797176168798,0.015136532536010735,0.011059728436561125,0.017837320788337406
2011-10-06,0.01620591812041073,0.01600446636390815,0.010705073103281934,0.013970159872306633,0.014418751044409867
2011-10-07,-0.005151647018185155,-0.006131097679483758,-0.0064923145077282925,-0.005917520655292425,-0.005093743972242437
2011-10-10,0.0327342024736993,0.03358140299955947,0.03047095941066429,0.030366945730233685,0.030834385751160723
2011-10-11,0.0001732148013725127,-0.0008227464125153165,0.002580572988327438,0.0063558453331769805,-0.0018322206167914617
2011-10-12,0.006511011389088937,0.010400265949281869,0.002123637961131688,0.004223307362050437,0.009328834166408314
2011-10-13,0.0021196231303942437,-0.0007326390445856814,0.010042241794540677,0.010158796921939644,-0.0005020340845791019
2011-10-14,0.012797711954923761,0.01411974285709184,0.006187044716033987,0.01266799698064466,0.014219174749891846
2011-10-17,-0.02202660458686242,-0.02043879310859453,-0.01602297156581193,-0.01954090159842811,-0.018604637204710416
2011-10-18,0.020753406415085753,0.02133093018448734,0.016412150589924485,0.020881028302856625,0.018405509924183175
2011-10-19,-0.019430231635831366,-0.016931416656122297,-0.021199144424279587,-0.025889423899820265,-0.01569776809561954
2011-10-20,0.007399958725596671,0.004237509107159159,0.0037050678111810627,0.007540358941823236,0.004582989961128565
2011-10-21,0.019516899199957652,0.021160729331182654,0.017114172092440455,0.015229595478037733,0.02042945033905079
2011-10-24,0.013493814348107345,0.014009398343538289,0.018007526319701064,0.011781133431566872,0.00988420182785258
2011-10-25,-0.021130892465571652,-0.018891438438642213,-0.01969880663689666,-0.02290927144003885,-0.01729045304828388
2011-10-26,0.010548096237850454,0.011516082409738133,-0.0038354774139569394,0.006373344662892003,0.01053560726474918
2011-10-27,0.02837236514409707,0.033294676652175094,0.028472389400489732,0.028910717068379048,0.0284857603569649
2011-10-28,0.0005934739063844823,-0.0010965341351452896,0.006809694381248593,0.0039148881609080725,-0.0003133666639505775
2011-10-31,-0.020574025885138826,-0.02330391409577818,-0.014452686422583962,-0.017441344398400196,-0.021125685403251528
2011-11-01,-0.02689788220568705,-0.030232197495205133,-0.025394394650656578,-0.028757774909120064,-0.028397269857308272
2011-11-02,0.019229738741783846,0.018102350879786448,0.03025868419162536,0.024496744058258225,0.016701373236854312
2011-11-03,0.023294890813157484,0.02403304646248724,0.019805388489086837,0.02154946090257935,0.02185991931534497
2011-11-04,-0.005059054659819087,-0.004227860062710062,-0.007549104719419365,-0.005240313475532609,-0.004393480638240146
2011-11-07,0.006379205663545284,0.005363213470046183,0.011228490691579726,0.005379155392860122,0.0064883773497530425
2011-11-08,0.009964147110481223,0.010248288807535519,0.005191758179123463,0.007781996362174164,0.009557813010643349
2011-11-09,-0.03354905655439756,-0.03864821645909674,-0.024667482869826694,-0.025012884135221625,-0.03512700514706048
2011-11-10,0.008969591644671277,0.00958055722929925,0.00463709422634885,0.003613644764748815,0.009404140393523068
2011-11-11,0.02296303684624589,0.02253909811211857,0.021265253224168983,0.021217192680445304,0.020739748501433647
2011-11-14,-0.005738485570476126,-0.008254207320395966,-0.0069131746510658005,-0.008652992170359818,-0.007557183314278125
2011-11-15,0.004846471400839674,0.006309094620738148,0.009049072771217397,0.010588662578442478,0.005998757609876089
2011-11-16,-0.010634440825815715,-0.01226264682233362,-0.019886787271933607,-0.008304682421794793,-0.013109613806360604
2011-11-17,-0.016352721214707676,-0.01958696509732776,-0.008407478856292663,-0.0171107464539449,-0.016875449623633812
2011-11-18,0.0012770262324022837,-0.0006168079552079906,0.0016854973413778906,-0.0020110737586159617,-0.0005287596947584994
2011-11-21,-0.019230057391040695,-0.018680797851095797,-0.023209263160504673,-0.010418360719346396,-0.017983315878693368
2011-11-22,-0.0023428529558709604,-0.005808894277279742,0.009472040842378219,-0.002627003434346819,-0.00394713439003068
2011-11-23,-0.020364405463595102,-0.022655925536106472,-0.010461876893397865,-0.019402033645680397,-0.020495525917385564
2011-11-25,-0.0019524891552612188,-0.002319060873960034,0.0006493366614117695,-0.0018572663243592454,-0.0016664857940738046
2011-11-28,0.031467704691116115,0.029375479593575126,0.030116262059747614,0.030175655575669487,0.027681492806512647
2011-11-29,0.0006940237337651903,-0.0009587551287256511,-0.0033604487624987038,-0.0032877945811716812,-0.00027798209782429865
2011-11-30,0.03995984673983524,0.045758844903357854,0.03126953172448777,0.037793096702777904,0.04181655284986805
2011-12-01,0.0014877831298922058,-0.0008527250815006617,0.006533251873876593,0.005042587299906915,-0.0012670518033821676
2011-12-02,0.0013280088175206693,0.001972285777322361,-0.005388386384798859,-0.003701319091807661,-1.4910426895024028e-05
2011-12-05,0.005971198424094185,0.009086421173667744,-0.0011220237451293074,-0.003455632665273576,0.006818066725500819
2011-12-06,0.0003314451468698388,0.0021711044095579883,-0.0034844333087483284,-0.0005240189613292534,0.002911796938695956
2011-12-07,0.0027030105862285393,0.004065064792159276,0.00023873064318351333,0.006458312657295015,0.0037484256329995596
2011-12-08,-0.016573377694103948,-0.02093462138241314,-0.01403889972808037,-0.01443091153914854,-0.018753227113945194
2011-12-09,0.01600439668771534,0.017414819738600207,0.016326722842532775,0.01605384569689821,0.015621948628074665
2011-12-12,-0.013057149623678141,-0.01577843153013134,-0.010591612256149142,-0.010209162729613846,-0.013786125294283816
2011-12-13,-0.010536714271661798,-0.01097700938379244,-0.0066927270813971675,-0.007852077632438902,-0.009356227225106624
2011-12-14,-0.009665891754507414,-0.011124282888575292,-0.01187557855424927,-0.007236546248088395,-0.010027819120838461
2011-12-15,0.005688091843337213,0.005047742210660616,-0.0006594552931552928,0.0007932809356671575,0.0059733499664603425
2011-12-16,0.004502829310470809,0.0033501115479931355,0.0008482177771703134,0.006215299423883497,0.0023529561091803312
2011-12-19,-0.010764094872376687,-0.013922533391218298,-0.0059244428089804185,-0.004083329618922903,-0.01171484976257248
2011-12-20,0.029334442010501442,0.03058606659823404,0.026661313273973402,0.02720830258618878,0.02774768885615994
2011-12-21,0.0020045098120680146,0.0007096797871489529,0.005428759949833873,-0.0016346108405468152,0.0026583381045963677
2011-12-22,0.00645509864741463,0.010109462791684619,0.00190928726573365,0.006850763575897013,0.006898597599290033
2011-12-23,0.009651291740980486,0.009182964629528993,0.011205171704391358,0.01166608763025035,0.009116858946298432
2011-12-27,0.0002539484083046794,-0.00027556359770213344,-0.0006669553023047237,-0.003354128153860403,0.00024589421043735057
2011-12-28,-0.012061298760430425,-0.013505648634403546,-0.005553548099699067,-0.009066709695414418,-0.012301469985510526
2011-12-29,0.012373897745719654,0.012205196521559278,0.009570418949842927,0.013098015374094591,0.011742112523001157
2011-12-30,-0.005000987649128904,-0.005041774406482001,-0.004888269114198129,-0.007920334218007516,-0.004683107132435381
2012-01-03,0.012922616244909048,0.016208175182252225,0.0018294225494745074,0.011155491482067306,0.014414996813734907
2012-01-04,0.00040729401063063233,0.0006519994315999388,-0.009328754301991468,-0.008216976078352188,-0.0009058965046030761
2012-01-05,0.002421993941329348,0.0034735085318210257,-0.0005964993040315639,-0.00036842898187958075,0.001578721860238507
2012-01-06,-0.0009272821257133336,-0.0016437891507044744,-0.008307125893943036,-0.005746683766298067,-0.0020190151830646965
2012-01-09,0.004215857229598849,0.005526176418181342,0.002264086571207201,0.0033378991596742765,0.004192325406731447
2012-01-10,0.010154335407980452,0.011061110835253164,0.012634068111047274,0.006883672925233928,0.00988884052432188
2012-01-11,0.0006231211997824002,0.003321857275505726,-0.003513284843465218,-0.0029375081715399625,0.002755482017166405
2012-01-12,0.007223906660467245,0.006377828545212357,0.010721376590505066,0.008576403003652634,0.005638010645744048
2012-01-13,-0.006769545401410954,-0.0075087822248149924,-0.0025960194027149653,-0.006526112118986496,-0.006401510573952155
2012-01-17,0.006818823499078697,0.004693099111977782,0.008020350532942443,0.006797629730108869,0.004647059036060528
2012-01-18,0.013544706693805815,0.017337683382583964,0.009663726146612844,0.014588674351331984,0.013842197198809643
2012-01-19,0.006286731804603218,0.007515374228197626,0.006479868515607869,0.002543717806951555,0.005881386636582726
2012-01-20,-0.0033270004738806644,-0.001814401177569227,-0.012162108438667964,-0.012244514832947445,-0.0019872963652182683
2012-01-23,-0.0029095126528751033,-0.002397420547787927,-0.0004912474778953672,-0.002870464024057884,-0.002463208492338664
2012-01-24,0.005729426546304047,0.002041378486893899,0.0039091948193231505,0.004889216572253643,0.0006079312113358821
2012-01-25,0.007051669030394539,0.006648171453361371,0.006990072727697513,0.004232139506814626,0.007060108995191589
2012-01-26,-0.0029399871252651848,-0.004784519443287378,0.0030524268867041784,-0.004306019341244195,-0.00368478403091435
2012-01-27,-1.737463363626733e-05,9.056619260909993e-05,-0.0019189525977395122,-0.0013071801189586652,-0.0013344281376578729
2012-01-30,-0.0033971631477217826,-0.004644062684543599,0.0039460038157003606,-0.001134134288584635,-0.0036333418457209976
2012-01-31,0.00034976910322439886,0.002022050391341544,0.003702452975434021,0.0030891272522369385,0.0012589090911085087
2012-02-01,0.011428388391807962,0.011401990912419427,0.009943184060972577,0.01186753947643448,0.00975495054571035
2012-02-02,0.0036583173715241868,0.0022734866740370158,0.01350833544321708,0.015456227197522503,0.002884448984475012
2012-02-03,0.019164612729476657,0.0193691093396711,0.029843821821898216,0.01248915551471589,0.017250666577501673
2012-02-06,1.1279017561842278e-05,-0.001126851892787601,0.006437682751822454,-0.0006398166448876758,0.0004904452499951356
2012-02-07,0.00013284924352436212,-8.895726559696057e-05,0.0018041720093756796,0.002423200431723472,-0.00041258279889022577
2012-02-08,0.0028315063705827686,0.00296538127789695,0.0013012674103343941,0.009017810407847753,0.0015385168438352662
2012-02-09,0.0025534081525436635,0.002473942255520587,0.0013230508563142737,0.009897371402290113,0.0023063679358682047
2012-02-10,-0.005616964065468907,-0.008395092464164582,-0.0039097715671962035,-0.0019342934062484508,-0.0068489307770578985
2012-02-13,0.005091463150059829,0.0047409459919589576,0.007633900673021632,0.0014654478727147095,0.004616797875901352
2012-02-14,0.0006185624347289421,-0.0005279988423410361,-0.0004332006239305457,0.0074067119993347355,-0.00032929750837014154
2012-02-15,-0.004435565678560884,-0.004561493029928707,-0.006957407995274081,-0.004503053538686776,-0.004484392286143714
2012-02-16,0.010202903262197836,0.013456539297262364,0.002821506780939947,0.004436854108645161,0.012456910729730392
2012-02-17,-0.0037750373189129023,-0.0012306335520951292,-0.018741300290070453,0.004235374641425028,-0.0014678412887237763
2012-02-21,-0.004429889830644037,-0.003384577112151263,-0.007099650870785297,-0.0031017425562683398,-0.002917444954236563
2012-02-22,-0.003136483676627419,-0.004847920640805959,0.004741794731202725,0.005368598049352512,-0.0033946798924330912
2012-02-23,0.007280232437599934,0.008226218639578264,0.003276316308927804,0.003937548226409891,0.00948437386007046
2012-02-24,0.0022945549520142924,-0.0003860994504251377,0.009468595162073204,0.0072408308733526335,-5.846832858067341e-06
2012-02-27,-0.0002650348707413164,0.002992018965525026,0.0013706554353888915,0.0044332727617248414,0.0018936193422192786
2012-02-28,0.004438774266647793,0.0036417651980849585,0.005066533195735579,0.005351308490222933,0.0025923213904940775
2012-02-29,-0.008194747653396423,-0.009497970590814279,-0.005111312046810545,-0.012835139675091322,-0.008861767115591633
2012-03-01,0.006628237408833429,0.007635894945941779,0.0052689127477607515,0.005220907247246331,0.006504847496998317
2012-03-02,-0.0045509712773276105,-0.004068811100810213,-0.005948003393723819,-0.006233317811787561,-0.0034106657887080388
2012-03-05,-0.006234228971478002,-0.008051522353347208,0.0009925993362071084,-0.006056124662014717,-0.006298995477881403
2012-03-06,-0.01742545165890151,-0.017904842975755283,-0.012726229447988912,-0.014688616342547835,-0.01672968091300143
2012-03-07,0.008945876596405234,0.008814292516818995,0.0034161869370844546,0.006944478490182784,0.006879880458890398
2012-03-08,0.013211046334501434,0.011630536302647793,0.009882150283801107,0.011103808986714883,0.010877385696729712
2012-03-09,0.005171139165867626,0.006028925737642863,0.003743781104349825,0.0035715084322001144,0.0047550730891654965
2012-03-12,-0.0007920648957853874,-0.0014982740171169003,0.0008128843380623187,-0.002733429745420793,-0.00048357930193240127
2012-03-13,0.014191426201756485,0.01801875362928468,0.008376677118609795,0.011852588549227773,0.015229612976318028
2012-03-14,-0.0026715463940590327,-0.0023327331126473,-0.00043049440759992366,-0.0013392666471480652,-0.0024964861623531327
2012-03-15,0.006957750679642704,0.00885393183570558,-5.813179435952467e-05,0.004887822541846743,0.006688573570520294
2012-03-16,-0.0021237349723409365,-0.0015322858935402288,-0.003577319364482086,-0.00160354557385281,-0.0017365635322619502
2012-03-19,0.0052385523273032345,0.004826920081801767,0.004757353284559113,0.0032107348054437905,0.004144360250843681
2012-03-20,-0.00406883309064654,-0.003657564428792901,-0.006527637819207984,-0.009630234937195512,-0.003820971543249652
2012-03-21,-0.0005018958932955688,-0.0011425783971734209,-0.0019742651675852922,0.0006563540948280537,-0.0010454889301085236
2012-03-22,-0.002397483081063262,-0.005286920576694925,-0.0013123648623602178,-0.0023718243546458585,-0.004804746119846612
2012-03-23,0.003621260869859957,0.004208800146752306,0.006758806685991823,0.003477138504706113,0.003573672547841972
2012-03-26,0.013019402609931213,0.014519145186278965,0.013653114008458294,0.010893807228052403,0.013479653110870285
2012-03-27,-0.0024983843561959397,-0.0025677986445280933,-0.002135278540440078,-0.00043062842087230246,-0.0024698505199000137
2012-03-28,-0.006986858633154966,-0.006374691807876223,-0.006219659877711651,-0.005662690235646127,-0.006039131536687463
2012-03-29,-0.0008004105323051495,-0.002176335138239617,0.0018860731020825079,-0.0020236279850639628,-0.0014160057150031827
2012-03-30,0.0014522706667760693,0.0010926512833751244,-0.0008453540771224573,-0.005595477336619702,0.00176260106333749
2012-04-02,0.0074719971782635074,0.007652744096417891,0.012381399350197555,0.008244990935670483,0.00818764511036015
2012-04-03,-0.006118139481244279,-0.008017972718896227,0.002179566357747931,0.0015887993674487124,-0.007235630357603871
2012-04-04,-0.009514242241326326,-0.012540750660728014,-0.011286718830446327,-0.011540603358944345,-0.011018081435576869
2012-04-05,-0.0010595822887157797,-0.0013978883217619794,0.006675523712028341,0.004170422935558904,-0.0008989864852706555
2012-04-09,-0.012233078864035072,-0.013396496897531862,-0.009453207919202514,-0.010296683451023346,-0.012659309323974868
2012-04-10,-0.018101591099636605,-0.017861309498558554,-0.017193380663861633,-0.017795316961372036,-0.01620034699995408
2012-04-11,0.007634950894111401,0.00955075423973822,0.005984685385128082,0.007562238397609963,0.00839189978298777
2012-04-12,0.015742507593917106,0.015299011751503444,0.01064861621775482,0.013876645777448429,0.013586547970415194
2012-04-13,-0.006959759855462062,-0.012480557484209048,-0.00043451036849354366,-0.0018031581490720872,-0.010553946611123199
2012-04-16,0.0013178103925424421,0.0023629211925335976,-0.0034775291574759798,-0.0051814860245495125,0.001724529138361245
2012-04-17,0.012593667153885716,0.013819725799890308,0.012833072399045497,0.010867458070663947,0.013202568492953315
2012-04-18,-0.0014463032108032103,-0.004720245051695218,-0.0010498028092979846,-0.004106708057538299,-0.004604771678966208
2012-04-19,-0.0015919844527569693,-0.002323672640522802,0.01597284954854611,-0.0027087279439704714,-0.001519063206533711
2012-04-20,0.0005612319585477856,-0.0008647040707762941,0.00045359950560665144,-0.00039442101120204455,0.0005916178033791397
2012-04-23,-0.008884365747608439,-0.01026888158285498,-0.008233557192944455,-0.01384385189565988,-0.010165638140240352
2012-04-24,0.00524076047244286,0.006774992991020529,0.004755056139175869,0.004870540883937182,0.0072659355063953174
2012-04-25,0.017028472149056173,0.012907378233630638,0.012413061760473784,0.011434818041187162,0.011814492781164487
2012-04-26,0.004556569038351384,0.0064359264546396755,0.010971680496521363,0.007923830173849443,0.00542676297227309
2012-04-27,-0.006345817420547895,-0.0024196974772044784,0.0005453764231314632,0.0020036398797972535,-0.0016873214419273128
2012-04-30,-0.00244424168853486,-0.0020464543036813193,-0.006406094006559366,-0.0032409834564818994,-0.0016750809022458247
2012-05-01,0.004583473472997222,0.004399702609577517,0.0031894060968248603,0.0022502769881158407,0.003745851577192421
2012-05-02,0.0010949542258860713,-0.0008185161436033833,-0.002474630456673881,-0.0024049055123664307,-0.000977054466285696
2012-05-03,-0.012358085627664703,-0.012091520179605889,-0.010710999863966626,-0.020265112630838918,-0.010407247884205571
2012-05-04,-0.012410459503904334,-0.014095047005838046,-0.01026017290361896,-0.0036947997898126384,-0.01220174922029247
2012-05-07,-0.0018150365690696659,-0.0005998587975036252,-0.004983803331447145,-0.0010550034225231388,-0.0002894365365802776
2012-05-08,-0.0029940055502377175,-0.003998734641543131,-0.0019693024295441607,-0.00496885733819269,-0.003882080375267552
2012-05-09,-0.004567643773839238,-0.003960017405614749,-0.007499608272228813,-0.0038929957564344773,-0.002909916328906934
2012-05-10,0.0005835350018939841,-0.0006674930481729313,0.0024891603100313936,0.0015802687104539694,8.810291983424225e-05
2012-05-11,-0.0032513716132742416,-0.004988541953386454,-0.0006130874702168243,-0.0016458473102011952,-0.004270440913160941
2012-05-14,-0.008055003574456533,-0.01115447039522583,-0.005237440067683655,-0.010756239712597766,-0.00947856205783799
2012-05-15,-0.003898713549466269,-0.0046627577619479995,-0.0041285662278067944,-0.00461583466563723,-0.004095741302314408
2012-05-16,-0.004356445840460594,-0.004826973313247195,-0.005303387562107827,0.001077852652901754,-0.0019222697224217157
2012-05-17,-0.02003587210916266,-0.017724116540143234,-0.019824800512400025,-0.016711959109698617,-0.015607240631677644
2012-05-18,-0.011137640848403048,-0.010515256375750365,-0.0032891101207168727,-0.0113439566883895,-0.008953970542947002
2012-05-21,0.012418753260468067,0.011785810845501841,0.018683898928475093,0.019392788741345094,0.010601725246670628
2012-05-22,-0.00014464211309767722,0.0009018050420608727,0.0012785801464879516,0.005248650398033797,0.0008238905330232395
2012-05-23,0.0022589931057957133,0.0021914801525828075,0.0021550807999873526,0.0036654783839540706,0.0019937749035348878
2012-05-24,0.0037319036529502546,0.0028653104404750807,0.003331727337896209,0.0012497769261166731,0.003702823868119048
2012-05-25,-0.002373672328620489,-0.0012373129061684176,-0.007405918525044274,-0.0012025143637967907,-0.0015108755464533646
2012-05-29,0.008734311293451487,0.011232385440908703,0.008865711269640609,0.008639562632377307,0.009727639261434733
2012-05-30,-0.014874296147333847,-0.016009912529110756,-0.0040170996562443086,-0.013893748789427585,-0.014238335460526014
2012-05-31,-0.0041153487457003535,-0.0025635320919421274,-0.004122508873812416,-0.009177962083806892,-0.002437935634686279
2012-06-01,-0.025919018400134587,-0.026057608129156452,-0.024672776402082715,-0.024281831698757517,-0.02217808498902191
2012-06-04,0.0020860331281488814,-0.0005135189698980852,0.007170701506193927,0.004988362861284096,0.000215097761540552
2012-06-05,0.0040466212729497525,0.006736342356413811,0.004275124184468654,0.004601966923044003,0.004443314065480437
2012-06-06,0.02335998002969284,0.025193257074026712,0.020544038366158302,0.019998104144212187,0.022789433128787857
2012-06-07,0.0010237316712684694,-0.00017572582357049593,-0.000349485284964858,0.0010741728343062454,0.0005741091199337179
2012-06-08,0.0066649309544428055,0.008488514680436756,0.004510619414529822,0.003475418377928342,0.007048394736773187
2012-06-11,-0.011168276915565283,-0.012216000129393155,-0.006783182603696968,-0.006915942374678649,-0.010492486194085944
2012-06-12,0.013866287389345963,0.015244815182772445,0.007462575138316646,0.009209610058217837,0.013265594101802976
2012-06-13,-0.00990530963592733,-0.009799798801868816,-0.012833995056785584,-0.011979957818216046,-0.008282434521921879
2012-06-14,0.0071477093862373445,0.006805031825178762,0.011918936913189456,0.006978937882810855,0.007739911156988038
2012-06-15,0.010170774205972677,0.011394700611184708,0.008339217856493305,0.011423775991309846,0.00986729653933528
2012-06-18,0.004105820263885233,0.001749299436650786,0.0036155147053018883,0.00504054443775329,0.001851147247373665
2012-06-19,0.009138951348789497,0.010961327282052015,0.006363600876380881,0.009889473377964957,0.009316099600060034
2012-06-20,0.0006565985026464921,0.0005955401035885239,-0.0024356569535978483,0.001785041661668156,-0.0010006105438511124
2012-06-21,-0.020971925196492304,-0.023244093433303956,-0.013321713105059594,-0.01958134932298412,-0.02100561646726392
2012-06-22,0.007880474962439305,0.006504105593351588,0.013218028463423365,0.018138117407230172,0.006609565066279943
2012-06-25,-0.016973773316952576,-0.017824583303573793,-0.011931777615987627,-0.01706943248583928,-0.015374752256469783
2012-06-26,0.0023665390806099328,0.002685718432718336,0.0019358536860797026,0.005029767996576704,0.002271026508840047
2012-06-27,0.008778676644421082,0.009842360092750043,0.0059307007735737854,0.007578812616395857,0.009066071488133834
2012-06-28,-0.006544485202453173,-0.00425729595718371,-0.01597045906748295,-0.008196397022940245,-0.003454459323961771
2012-06-29,0.02976527980451047,0.028777918304194454,0.022531736324214166,0.02435477867751433,0.0265302193165472
2012-07-02,0.0009756740280501867,0.0017575959726437152,0.00876221910519704,0.00985139720181103,0.0024398499812990568
2012-07-03,0.0066232044790838825,0.007949582550407662,0.006471300941252555,0.0071903464256337325,0.0075421896217040905
2012-07-05,-0.0024655578648662573,-0.004396329296065399,-0.00014301240502759423,0.00010584339191521859,-0.0034973535937282583
2012-07-06,-0.008751990088252521,-0.0112006954629927,-0.005573288684747861,-0.010379642841245394,-0.009664992531518552
2012-07-09,-0.0024286589659417417,-0.004528039908594592,-0.005057931315673521,-0.009078144549020022,-0.0034708707492005315
2012-07-10,-0.007412261874264731,-0.008124828287287137,-0.009410742584329907,-0.011318726506876828,-0.007068924966691698
2012-07-11,-0.006323311032379403,-0.003578363284063182,-0.004760898181582962,-0.004890605974967831,-0.003410816378389956
2012-07-12,-0.0032091809288507032,-0.006458928259691443,-0.0008596642451971321,0.001246343646738101,-0.00490989878051197
2012-07-13,0.014319397883100594,0.016349624756170602,0.01074762528822336,0.011171889763792768,0.015165539579627947
2012-07-16,-0.0016847236367643949,-0.003249801976701507,0.006611471082887448,0.00508437432922842,-0.002790078747870438
2012-07-17,0.006276412047517636,0.00645826576542353,0.0031331208216619864,0.003023879773989652,0.006927754709695488
2012-07-18,0.011792331173045933,0.011486059105553498,0.008523029743137426,0.005713078105063975,0.009463253987583114
2012-07-19,0.005168615763388405,0.004469438506913602,-0.003733445688015713,-0.005882563438401179,0.003998371241269338
2012-07-20,-0.01167246409532707,-0.010652703854134391,-0.009271249439068546,-0.004918717489352167,-0.010220247629240193
2012-07-23,-0.009673852151134964,-0.00940274689037429,-0.012403873801365414,-0.010285744439036796,-0.008935500932339092
2012-07-24,-0.010847780310228174,-0.01083386935723777,-0.013229156244432022,-0.006313114714638768,-0.010030320083952238
2012-07-25,0.0039723114455975815,0.004794817596805157,-0.0002638158963131513,0.0009530013151803345,0.00334777767275972
2012-07-26,0.028303110879627957,0.02505760739293423,0.010488961143650645,0.028396928029364804,0.02526435185139262
2012-07-27,0.021343151351716882,0.021782756947171834,0.028860872892649464,0.020347435405652974,0.02065934901920167
2012-07-30,-0.0017108059444075792,-0.002435479429487415,-0.0026760531981998223,0.0014291868925203246,-0.0015004428151629075
2012-07-31,-0.007144139728681102,-0.004631937938212741,-0.006403624969707332,-0.005597088963490517,-0.005200822560789596
2012-08-01,-0.005770939539246652,-0.004178590666924017,-0.011096159998360102,-0.005296815818801606,-0.0041259001515250296
2012-08-02,-0.0013047395876352801,-0.005739813728689914,0.006267942962252532,-0.0021089927010841778,-0.005319703184847395
2012-08-03,0.017368758854974332,0.019774098493571247,0.005418667179708033,0.011890471971122394,0.016946365682265277
2012-08-06,0.0012485563461374295,0.0024588093657273253,-0.0003106695510219815,0.0015231834834415763,0.001785543758452286
2012-08-07,0.006910865412609053,0.008823071552300438,0.004564708113128606,0.004946976432262872,0.006318479075227558
2012-08-08,0.0013584472783043703,0.0016404324770720653,0.004781398555241487,0.004294681012661779,0.001877231649523947
2012-08-09,0.0015580311460800752,0.001224676779746052,0.00029510019269643765,-0.005147743734445182,0.0006322755656363663
2012-08-10,0.0036455031647278533,0.0028359891816893607,0.0026137064061478054,0.004356176228226805,0.0033129832751375506
2012-08-13,-0.002136043975875422,-0.0028451383684565254,-0.0002601337920448372,-0.0028766065756197444,-0.0026838855780644075
2012-08-14,0.0006173231029308555,-0.0015848671846225974,0.005421887056927026,0.0018945002104290638,-0.0006147027124185129
2012-08-15,0.004484972356090798,0.004187467918566686,0.002854413461681953,0.0008038272693283179,0.0038293016462083032
2012-08-16,0.008675127018808263,0.01021549917059648,0.0014134973002728935,0.0048192615681680925,0.008752720064613598
2012-08-17,0.002014623915878943,0.002733420049830328,0.0018586457368359257,0.0007049461832671518,0.002714354484465334
2012-08-20,-0.004127397861085331,-0.002925281824624873,0.002026703194228931,-0.001853311036535541,-0.002581363248711538
2012-08-21,-0.00194836952816993,-0.0017842029991834993,0.0009322457149492468,-0.003260663761680733,-0.0018451211296887425
2012-08-22,-0.0009211308045288107,-0.0015537604196753534,-0.004729277668387797,-0.0017705490230750757,-0.0011899803936797062
2012-08-23,-0.007256024207261786,-0.0070094450857846255,-0.005597798903709829,-0.004809579451095222,-0.006314252599425996
2012-08-24,0.005351299179124433,0.005218266806921048,0.007769003329547419,0.003212294202197288,0.005527179713867773
2012-08-27,-0.0006592197019936465,-0.0010597289854437243,0.0005140738444215445,0.0015691333792379697,-0.0008219161041528704
2012-08-28,-0.0016443245478821337,-0.0021155023428978182,0.0016451879507570098,-0.0011710576917779107,-0.0017834759476732052
2012-08-29,0.0019289348718394435,0.0019575369090832667,0.0002312931766638433,0.001533401908442969,0.0017100752691665778
2012-08-30,-0.008638246329671358,-0.008118192519960361,-0.0054107911192703305,-0.007474093581754788,-0.00696510238766582
2012-08-31,0.004763932642566682,0.006347848452574053,0.0028065668771215047,0.006659976227720874,0.00624043698325275
2012-09-04,-0.0021498020976925703,-0.001998588583321863,0.0013310127827553882,-0.0003547893205515367,-0.0012392039144343272
2012-09-05,-0.0016934280508460592,-0.00013806523001928437,0.00028888961209622686,-0.0009741163691338373,9.30180169034727e-06
2012-09-06,0.020609607793788808,0.023127158716417552,0.018238873944464374,0.01983447804083209,0.021160963850187238
2012-09-07,-0.0015797889257449897,0.0006077087396970766,0.0010849838024771731,-0.0008468834331759991,0.000521551226123307
2012-09-10,-0.003998956074242426,-0.004936910349457877,0.0014851331629086263,-0.0036392520758396297,-0.004222706091547774
2012-09-11,0.00534842820130643,0.0047764571965919055,0.0018164961386130194,0.008353251963322768,0.004364215297569854
2012-09-12,0.0017568305484986742,0.002678250265499537,0.005101747025771348,0.006633400165564683,0.0026550513259480163
2012-09-13,0.015218863464917807,0.016143673805732145,0.00900961795483338,0.012641562026343242,0.015624547434325387
2012-09-14,0.00459929838853018,0.00642203982269465,0.00537275799310289,0.00121613799253764,0.005153314574846893
2012-09-17,-0.0034136800848027764,-0.004936857536384301,0.007642848310042362,-0.003173390150198494,-0.0026328994185919165
2012-09-18,-0.0017887049584277724,-0.002432713548719562,0.0014071808018752833,-0.001737568637537804,-0.0008979306066595145
2012-09-19,0.0016504834629112559,0.001202978301803703,0.0023318553107203443,0.005127487456581623,0.002167030182235771
2012-09-20,-0.0009985741638713417,-0.0012692012592843875,1.127802215503365e-05,-0.0018078298929205558,-0.0004381222421140287
2012-09-21,0.00027817774875886156,-0.0010523072795009388,0.004877383687094673,0.0028408783021950743,2.8465304822342097e-05
2012-09-24,-0.003086082116198154,-0.003326610766908087,-0.008161252664590503,-0.00507417837496835,-0.002586043455465719
2012-09-25,-0.007083037335908867,-0.010134283597506816,-0.0015056366873321214,-0.004910878122293639,-0.008352472460194724
2012-09-26,-0.008129240254224877,-0.007698584534314429,-0.006188398068738697,-0.008735106872248075,-0.006523379758975975
2012-09-27,0.009168053824121121,0.01027687938565498,0.009093025621579008,0.009987126507001,0.008812564760133042
2012-09-28,-0.004747722381150602,-0.0043252460679750505,-0.0007122123472138245,-0.001020312154885062,-0.0037071577893717316
2012-10-01,0.0029654794132535863,0.002775241617447047,0.0031164130916752995,0.004069939151719501,0.0031979890750568774
2012-10-02,0.003399583988760129,0.004763175108853138,0.003780004468058564,0.005987671515777722,0.005938992272707298
2012-10-03,0.003143256936067885,0.0007776374982685026,0.009100770265680666,0.0055744120455805705,0.0009303113371897135
2012-10-04,0.007475528452105202,0.007784347711189238,0.009818831421656602,0.005796660250754857,0.007546237405241827
2012-10-05,0.0035216841471529623,0.0027229868718825654,-0.002434881716639536,0.0023194634537034927,0.0027226607772623678
2012-10-08,-0.0034643555338624557,-0.0035878968420392397,-0.0013147053237033183,-0.005944200459658317,-0.0031760182075081054
2012-10-09,-0.011372062239557189,-0.010997502953696866,-0.009302642452277248,-0.01052888384312245,-0.010554844385086231
2012-10-10,-0.006946976856229943,-0.007384074975496933,-0.007955167967812978,-0.00502332302071491,-0.0072103279929714775
2012-10-11,0.0020775926722271425,0.0022966452553315336,0.006804096074987205,0.005086694485561852,0.0015517395132021686
2012-10-12,-9.658253650080169e-08,-0.0019523137632540047,-0.0009390544704892452,-4.977124266804971e-05,-0.0011385174439052233
2012-10-15,0.006831231877647845,0.0062352948105489775,0.001897977595958098,0.0032993546760229295,0.005120960939873042
2012-10-16,0.012521114790777266,0.011849874758966468,0.009518246011876308,0.006873544784587925,0.010519984037922665
2012-10-17,0.0033238492189148297,0.004834216169900252,0.006422071281761232,0.005313274544949494,0.004659454828259045
2012-10-18,-0.004108239021298541,-0.00320706529045945,-0.006763997640358545,-0.0030196814259469637,-0.002091686595375661
2012-10-19,-0.013918291977426332,-0.015340006238130243,-0.017033534745949278,-0.016103562585898124,-0.015084352102966542
2012-10-22,-0.0011907643219904306,-0.001155145639785775,-0.003087402798982789,-0.003273728113771484,-0.0013072108587093784
2012-10-23,-0.013690023450022003,-0.014039663968478014,-0.0071334789047512535,-0.011796544632293331,-0.014351736006460874
2012-10-24,0.0015941178470956629,-0.0001256580864859849,0.013449126477078677,-0.0020838062785098347,0.00019794097982159015
2012-10-25,0.00039043321998512596,0.002087196947675342,-0.005527898097625079,0.004947320856372986,0.0012933983444379784
2012-10-26,0.0008772434635435936,-0.0006534599523743947,0.0011321133077771648,0.0004637193698695326,-0.0009907183453116998
2012-10-31,0.0017434354208114662,0.00299953560074149,0.005818408757513637,0.0020679732845635852,0.003634357452178231
2012-11-01,0.016800204244260392,0.01786467949894467,0.013770789169116586,0.019401472049777366,0.014918728445312765
2012-11-02,-0.008531266922807673,-0.010448679722465559,-0.0041524889839746944,-0.006312269183961752,-0.010604472377175614
2012-11-05,0.0013305877337831471,0.001997773869824289,-0.0010255079743068946,-0.004137000610931298,0.0004350482487413619
2012-11-06,0.01088339366302988,0.012021381315771129,0.006348583653625169,0.013036179561855751,0.010774044706001906
2012-11-07,-0.02145206252115895,-0.024907871487256834,-0.020155137376389513,-0.016450480294143047,-0.022252514466925437
2012-11-08,-0.008604629186174675,-0.0101005704090046,-0.006637930368494941,-0.006922855536416224,-0.009405418507077767
2012-11-09,0.003517998973686754,0.003143691914439273,0.002479210309806661,0.0034034063362399277,0.0030906649825215957
2012-11-12,0.009358908873610917,0.004988880162771577,0.02694460684471867,0.0025682618394945256,0.0058904799861293
2012-11-13,-0.0030463815109687473,-0.0038089698648926034,-0.0019279650253639369,-0.00011971698728002477,-0.0029982795828232185
2012-11-14,-0.014348307485012462,-0.014113138852420938,-0.012319032378852617,-0.014569523587472311,-0.013418552560347068
2012-11-15,-0.0020979931935804674,-0.0018383570945117401,-0.005825941751970615,-0.0011940310293720936,-0.0016182097296042754
2012-11-16,0.007392955481145037,0.0059316137841834895,0.011650387567740936,0.010315630438751782,0.006331252645343138
2012-11-19,0.018078668926518313,0.019125463379995718,0.018805273173265663,0.01686455218158283,0.01817591248731333
2012-11-20,0.0011050034778865498,-8.489204680444204e-05,0.0030596261845617393,-0.00017436041646250438,2.7306333681312886e-05
2012-11-21,0.002467538395479913,0.0023251337557666507,0.0010882571723012865,0.002323685429599908,0.0024518808549831034
2012-11-23,0.012885381040696581,0.013684509864725332,0.007805555121898062,0.010082764405186705,0.013310342189591862
2012-11-26,0.00032859632366790754,-0.001134767530875449,0.0008647830638953786,-0.0019262870079659522,-0.0020229955855439645
2012-11-27,-0.005039607997070757,-0.006210000523323229,-0.006091689166936029,-0.0032421294444503787,-0.005788520344263393
2012-11-28,0.0052434277843653645,0.006596154558405427,0.005306456463443279,0.005087810221495716,0.006030229979815652
2012-11-29,0.003386796559999756,0.003409019230426277,0.005316794665587543,0.004516805581811535,0.003182930462536283
2012-11-30,0.0017406845932993454,0.0015271474658535003,0.0019433333499300656,0.005885582713043682,0.002200591840777498
2012-12-03,-0.006081833719391161,-0.006219145508726888,-0.006018321366596026,-0.005405137197899623,-0.0060349847078305235
2012-12-04,-0.0012631721628498386,-0.0005587080270052802,-0.0033289099306027976,-0.0029691574601774474,-0.002123487791358874
2012-12-05,0.004806302848116315,0.0039565826084562924,0.0002634375872777332,0.002442794965812044,0.0023707019673237266
2012-12-06,0.0031988202674654706,0.003739234506811207,-0.0009314090169939876,0.005435057145956788,0.0031282923726445554
2012-12-07,0.004875604847634272,0.0057895161384278835,-0.0006951936778496061,0.0028473434577174312,0.005953738375325023
2012-12-10,0.003948947385477771,0.0036235268444185322,0.0053622778296576554,0.002865414450285237,0.0024779663219923324
2012-12-11,0.00604289907156186,0.007712481716877155,0.00339129172287592,0.0018814915345280103,0.0070286493788838875
2012-12-12,-0.0017678893098641644,-0.001452803152483279,0.001379521194941389,-0.0021160955461398683,-0.0012874973526827318
2012-12-13,-0.007202013135443494,-0.006128828042881248,-0.008359276897065004,-0.004646727670778491,-0.006618940651549773
2012-12-14,-0.0023970427671310534,-0.0005585752829350073,-0.005536616487856802,0.0004206084570241035,-0.0013205629526236756
2012-12-17,0.011115885733581306,0.00915418650777457,0.011059482589073064,0.007612179629132761,0.008703282969775041
2012-12-18,0.011974774401747637,0.011512109434195967,0.010005069646889134,0.008734503616793829,0.00993986436597517
2012-12-19,-0.00367352473600512,-0.0029946310295157676,-0.0054551364059816825,-0.004083657657828913,-0.003568469665667428
2012-12-20,0.006243142095946691,0.0061570294653347235,0.002142101137697714,0.008815099555030485,0.0047605766965401015
2012-12-21,-0.007802906746915788,-0.00932534116669856,-0.005016197588345643,-0.009960491365562022,-0.008668554347948882
2012-12-24,-0.001616198052101748,-0.0018776341514756766,0.00017255798817297167,-0.0012064906513782406,-0.001666297058993884
2012-12-26,-0.00336091677392503,-0.003118012569226538,-0.009185558977499798,-0.00660138179711523,-0.0032175397888667403
2012-12-27,-0.0009158014595131502,-0.0011945494843811544,0.004519905445733868,0.0003424633295922889,-0.0003450619874710919
2012-12-28,-0.009729459013602112,-0.009759979417588176,-0.007689368129474967,-0.007795841395244602,-0.009609580558518013
2012-12-31,0.016071489859419523,0.016775286145968113,0.011894734056359596,0.015870515466526257,0.01601403504140546
2013-01-02,0.022616404684133628,0.024087647148142113,0.021923066192536256,0.021554146906135576,0.021961783515535974
2013-01-03,0.00045713990011429274,3.11856215486257e-06,0.00010125905278791805,0.0025581905087281886,0.00042139984030916853
2013-01-04,0.0031170926725491628,0.004624711889126325,0.004018632577632346,0.0037486801879946605,0.0042815546485098855
2013-01-07,-0.001172140653303726,-0.002646072979198603,0.006304186031481974,0.003900996569860418,-0.0032980125664376723
2013-01-08,-0.004522195430104488,-0.0044165295390174095,-0.0032290476777352296,-0.0015169002935628158,-0.00342833376576566
2013-01-09,0.011094510164521726,0.00790673177588523,0.012062806954785017,0.011218391260980135,0.0070736726552679315
2013-01-10,0.005661662492977941,0.008119398436356107,-0.0018937139475498185,-0.000346679231214529,0.0075408220546642896
2013-01-11,-0.0013548339982454322,-0.0001474740737268793,-0.0002402660145067763,0.0012087313900288473,-0.00030150938726388257
2013-01-14,0.001324600565994017,0.0005084171503653345,-0.0034098850261855135,-0.0001658912234885672,0.0005538692528069481
2013-01-15,0.000484173121160226,0.0007510370519680135,-0.0011209479269291178,-7.51881078620522e-05,0.00039017956852554955
2013-01-16,-0.0024343691572325395,-0.0012952232139362872,-0.002326986814493533,-0.0019770869373833466,-0.0027063791268835116
2013-01-17,0.007536899109551378,0.009101992543095228,0.007140931133485214,0.006566473442051861,0.008045217123984379
2013-01-18,0.0006529381018246169,0.002909053921244545,-0.0009341439701710526,0.0016929614730815236,0.003087503427734771
2013-01-22,0.004861860667502431,0.002846191518114307,0.003961695946855024,0.002147636617939209,0.002560287268683787
2013-01-23,0.0006769184433337769,9.657109249333162e-05,-0.0018835683718579066,0.0005579267918895887,0.00034810628554611653
2013-01-24,0.004210051678071508,0.0032474063403436877,0.004205197654137101,-0.00019578409892707872,0.0018473287454315677
2013-01-25,0.0032665843605250693,0.004503339369283849,-0.0018623075238554784,0.0016458994259928124,0.003933390125919534
2013-01-28,-0.004671093019910701,-0.0036028433562485425,-0.011096836585072612,-0.008215494858028673,-0.00403860229055646
2013-01-29,0.0009909338955511227,0.00107379297007322,0.006183082653611037,0.000261311923264763,0.0033019419023152304
2013-01-30,-0.0035571407027861933,-0.002624370585152979,-0.006728676408150735,-0.0038299920310782753,-0.0033479611564358903
2013-01-31,-0.0012379377580729808,-0.002031311930684978,-0.0030688532034212268,0.0024491822747423255,-0.0015689644177969214
2013-02-01,0.00937661612013917,0.012156773452029944,0.006931505200985569,0.007817633325004663,0.01064206868221099
2013-02-04,-0.012051728728552147,-0.011792507259073048,-0.009873141776407971,-0.012038953246974871,-0.011306109464044973
2013-02-05,0.008646728629042623,0.009313644784438635,0.00818042661631983,0.0059731278805828115,0.008313721367854117
2013-02-06,0.00392735735536915,0.0021839592293120278,0.0025618046113410104,0.0029005339072947414,0.0021870192519531997
2013-02-07,-0.002569827135642058,-0.002720511695298774,-0.0017609344749895796,-0.007186162813021708,-0.001965276108693378
2013-02-08,0.0052594004930145415,0.005324894115502576,0.007259444618132297,0.003975990166911552,0.004450822015836771
2013-02-11,-0.0011299713824215183,-0.000352257049547617,-0.004627736433871467,-0.00034981135489559436,-0.0007467591499758168
2013-02-12,0.002408315719535055,0.0024919560491900583,0.0014580140849485006,0.0015897933542218582,0.002629648748637939
2013-02-13,0.002081931147932168,0.002546697977458408,0.0021137806314154165,0.000817400246608959,0.0021554810867194267
2013-02-14,0.00166792921291439,0.0015889013000910828,0.001987560150969157,0.004244436941189995,0.0011350774769942281
2013-02-15,0.0003627884646899849,-0.00112009331051207,0.0023406005647909683,0.0025899279574250304,0.00019669855171040038
2013-02-19,0.0053240922435382025,0.007132744014776548,0.005167387359633903,0.0044856822577025385,0.006523403875505884
2013-02-20,-0.013614567993901,-0.014660305522603223,-0.010801293018097019,-0.012565575534621022,-0.012614945061468314
2013-02-21,-0.006105323644334304,-0.008196972504042445,0.0009928330988087982,-0.0003010049429302872,-0.006078168296148076
2013-02-22,0.009966524270789706,0.012253414945281331,0.009784263163940965,0.010575709831001819,0.011054068778668415
2013-02-25,-0.017698449398270005,-0.01893635007430701,-0.01333884045753019,-0.016205122261506544,-0.016719764966549124
2013-02-26,0.006251384694475778,0.007063942469995953,0.0004458567026618339,0.005790819567316547,0.006164483659730168
2013-02-27,0.015346683073184646,0.015176522933062986,0.012499192183953456,0.012552207817259893,0.013796247132865551
2013-02-28,-0.0016782498030380884,-0.0021391738795551785,-0.0006206271568803308,-0.0002728668043618635,-0.0027166135510034257
2013-03-01,0.002453403046073574,0.0012533002576077348,0.002046053763597212,-0.001151205585452141,0.001317131476224405
2013-03-04,0.004003762067043781,0.004293060429440346,0.0013780175637016447,0.004266443258073238,0.00449578529264603
2013-03-05,0.012063605724523968,0.012586387211126236,0.010798716578975565,0.011768498112845617,0.011308272566411983
2013-03-06,0.0024951500275399233,0.003034347722882747,0.0028745358811099594,0.0009219179041300093,0.002865948624594488
2013-03-07,-0.0010015167770241866,0.0016826907627615348,-0.0018094396562854844,0.0030939144626556114,0.0012529697205900668
2013-03-08,0.005311054977695835,0.003938218782010938,0.00724949326280556,0.005132722831435782,0.0040939588776126145
2013-03-11,0.005295319715314635,0.004441920166443234,0.004012151328571698,0.002810194331860736,0.0038365719116640615
2013-03-12,0.00033603382325523147,-0.0009467068589957937,-0.00348979667312924,-0.004455231263636461,-0.00047988279012680366
2013-03-13,0.0027168550060616336,0.0018592159616525523,0.006482261218309449,0.0037513610051687174,0.0009537408413284362
2013-03-14,0.004321689564470167,0.005594883701846066,0.0012926003819414592,0.005207565181236735,0.005507485957453694
2013-03-15,-0.005374680312806009,-0.0050881333362189736,-0.005901514070224895,-0.009589794494915992,-0.005108827248227507
2013-03-18,-0.00839720674955182,-0.00862965713729959,-0.0051983562123329875,-0.0065814492202791106,-0.007534014114979878
2013-03-19,-0.0029993428313387785,-0.0025122017373192954,-0.0015382988939334566,-0.0021590224739935064,-0.0010114093883914726
2013-03-20,0.004887784004503801,0.00689449208908278,0.0030563576423943413,0.009004033108877804,0.006994578089911299
2013-03-21,-0.011600351707025204,-0.012039531621114478,-0.005824202712439048,-0.009186099671878454,-0.009832208518440435
2013-03-22,0.00798130174306019,0.009543776642114022,0.008270175039410934,0.01540176439157818,0.008460309009022409
2013-03-25,-0.002596363484736382,-0.0035018392368071014,-0.0018715453597263564,0.0033776905992131175,-0.0032346013288032703
2013-03-26,0.012160029092091074,0.010167583778481589,0.015125982997975492,0.010276089851409145,0.010693040370232975
2013-03-27,0.00398866596896574,0.000925163881038829,0.010356329659222587,0.002952918357274954,0.0010739325376400407
2013-03-28,0.008005926405283595,0.006522298567087442,0.012420526459505836,0.00848806615699306,0.0071205622731184935
2013-04-01,-0.008376384776220732,-0.008103656747229404,-0.011459312510864982,-0.012238052173075968,-0.0063114941680513185
2013-04-02,0.0024653737980715844,0.002109134395446959,0.0010839750250658574,0.0008223552697695783,0.0028566414998203414
2013-04-03,-0.00646355657994796,-0.009637361107396152,-0.008323461709804835,-0.00998372085454247,-0.009312813727639292
2013-04-04,0.004932764206240179,0.005732609071897215,0.0017333182782553074,0.006550949185121389,0.005189153627251305
2013-04-05,-0.005407700468607094,-0.0047152391145188375,-0.006016498689803813,-0.004022819565127944,-0.004422508448132878
2013-04-08,0.004423062279885624,0.004553255155151147,0.001824431870683049,0.005641480102376728,0.0038615263638053033
2013-04-09,0.004302758759963891,0.004642936389956245,0.0007346797146337743,-0.0011522120571093898,0.0036679297091618316
2013-04-10,0.015280342229760133,0.016017024199937408,0.013410160289644976,0.014629593497986287,0.014635163609323484
2013-04-11,0.0030203706815271057,0.002651110187198798,0.010765782652117226,0.001570874951487413,0.004007514008512179
2013-04-12,-0.002887384499111042,-0.0038140728072485635,-0.0042552034153485446,-0.004861383407111326,-0.003513859880780266
2013-04-15,-0.023039424775117827,-0.023660733662004822,-0.018157209021943316,-0.02231297015376417,-0.02266954576947148
2013-04-16,0.012172570051234259,0.012790460737164219,0.014977533278423598,0.014519528518487087,0.012337616444681725
2013-04-17,-0.010339056749912118,-0.013476236959234817,-0.006392639244935452,-0.01280658521898433,-0.011336907779991617
2013-04-18,-0.004998580338002651,-0.004017575163443715,-0.008721105044980861,-0.00609887833666662,-0.0026227990032761314
2013-04-19,0.011444494270032982,0.009819062640433949,0.01247422066847706,0.005871215256962605,0.010211451003238389
2013-04-22,0.0035354889720496515,0.004607331287530519,0.0026345517287651742,0.00016847320425914365,0.0043825299156324184
2013-04-23,0.01229809276780403,0.013255946403174273,0.006708613694010414,0.009297253681352733,0.011391271894857015
2013-04-24,-0.0016815932348133277,-0.0012569151187602563,-0.006222943448118051,0.003591213838010742,-0.003686474062822493
2013-04-25,0.00267804291731931,0.004201484601719721,0.004955144910175022,0.005854996287734202,0.003686838941513699
2013-04-26,-0.0023453086704085776,-0.005425779999028126,8.137669722201796e-05,-0.004349762199757585,-0.0043701580496569685
2013-04-29,0.005151858780847505,0.007030174837385438,0.0011441252366410546,0.003937489617378548,0.006517490599074163
2013-04-30,0.002805527595249566,0.002068791585459531,0.006080526979627286,0.004343331941474322,0.000903662198757655
2013-05-01,-0.011429971480753774,-0.013203893381908175,-0.010776892416091227,-0.015425030119063775,-0.01330337709088673
2013-05-02,0.015539761448510572,0.01387779509671037,0.013791287700435386,0.020348499605732675,0.01407290621974873
2013-05-03,0.014970979300964818,0.013436681758418424,0.019673232232721626,0.013360472552797105,0.012447395282255837
2013-05-06,0.0009626752899115215,0.0012231293043921208,-0.004734762482154086,-0.001160882348285674,-0.0008486696045343899
2013-05-07,0.003971552442051003,0.004217072365827487,0.00018718195842014167,0.006217262724192223,0.0038620783407624856
2013-05-08,0.005358522686498167,0.006728786555529247,-0.0016515455384336812,0.0033485481835718992,0.005707027755862595
2013-05-09,-0.0021461694392875858,-0.0015669291827371586,-0.0004494736143809809,0.002377908736331032,-0.0016160908965380013
2013-05-10,0.003840152254240127,0.004101119531760131,0.0033898623829693134,0.004923110099305869,0.003780909608678264
2013-05-13,-0.00040643557189582824,-0.0025334363179999506,0.005263615945332333,-0.0014253223997831254,-0.0014705107997487743
2013-05-14,0.014067801567767834,0.012850576972082802,0.01779132472842892,0.00947811928016776,0.012479212543124098
2013-05-15,0.007111473980733065,0.0075516154229042795,0.005908525212997114,0.007814159114199214,0.006885211095931044
2013-05-16,-0.005074203119153256,-0.0024696811035174546,-0.0073097371697434955,-0.002743843320555794,-0.0030062199531073726
2013-05-17,0.012856104393650642,0.013072747191248797,0.01863500349943701,0.016132994292647036,0.01133236229658114
2013-05-20,-0.0017111521994515383,-0.0010344215364436107,-0.001724878968228426,-0.00313740470146365,-0.0005859803574017198
2013-05-21,0.004057332296144938,0.0037525944920221168,0.0046590382979132105,0.0024946950664204645,0.0035879205961570656
2013-05-22,-0.00848495437813486,-0.00982231641451351,-0.00796787668547724,-0.009975715106742257,-0.008916758809324795
2013-05-23,-0.0017181206674695146,-0.0015094327734331268,-0.00541439614930843,-0.000932746655685943,-0.0018784653375418317
2013-05-24,0.0021586111116179384,0.001908561728168283,0.002836798548933806,0.004078500334734052,0.0024533491586632345
2013-05-28,0.006464851418223158,0.007831853191195962,0.006243065131178542,0.005103647533384532,0.006978410170659397
2013-05-29,-0.0051475369636314015,-0.005372919327624983,-0.005382576401994486,-0.004363079892048824,-0.007562679750407579
2013-05-30,0.006039061527275246,0.007627317871561668,0.005776913245352988,0.00859549659211975,0.006768517052730391
2013-05-31,-0.012706706793129196,-0.012570468604704628,-0.010660565368537224,-0.010675735751267578,-0.013871326315806495
2013-06-03,0.006227929940661235,0.006502133314054484,-0.0018377025580496031,0.0052243161541523815,0.006463402803683522
2013-06-04,-0.004000596758000523,-0.0025756614947229045,-0.008254450310657826,-0.0026860239121702786,-0.002272613914384849
2013-06-05,-0.016384963366241165,-0.015052200796461994,-0.015453383728291142,-0.009015259530116223,-0.014749043012265328
2013-06-06,0.00797207359064081,0.007116291211626965,0.007936695947174654,0.00793917757812165,0.007088434451005033
2013-06-07,0.01482567617265303,0.015703401723606507,0.014098843366161639,0.011313806894230102,0.014443408538640908
2013-06-10,-0.0006879313673198204,0.0005966027796226923,-0.0036877813324281,0.004150751041462533,0.00015511122879800744
2013-06-11,-0.008755485062785595,-0.010839323545633515,-0.0053954809450168185,-0.007912094244076536,-0.009504419537119519
2013-06-12,-0.0074153548922411125,-0.008550543616627281,-0.003888013131357811,-0.0045542603506307944,-0.007743431356155412
2013-06-13,0.015590829329728377,0.01730291788319728,0.013811778137965072,0.01603101040463778,0.01627235452201923
2013-06-14,-0.003943524495485008,-0.006732022964504453,-0.0008041475172959967,-0.0042885183210334,-0.005002160206272846
2013-06-17,0.0050730875112144705,0.007819766678526012,-0.0022675504901832873,0.01005336361792597,0.006582308767122326
2013-06-18,0.008548861141892204,0.008804351484737296,0.008688981757585472,0.011295656005615159,0.007910979902760006
2013-06-19,-0.011172317191143148,-0.010418359328097617,-0.00935969528553458,-0.005610341301407769,-0.011934602611364016
2013-06-20,-0.022870738202681165,-0.02350448929184793,-0.01873717218982239,-0.018908934580345864,-0.023258691514840953
2013-06-21,0.0007050676932593269,0.0021715339612653492,-0.0024976103314464713,0.0048423676123763104,0.003363707958344451
2013-06-24,-0.014077726196582057,-0.015097443364394383,-0.007491006046172963,-0.013038882190861485,-0.013488771087466137
2013-06-25,0.011247431503923563,0.012290973199677011,0.005204322975604544,0.008845531266525899,0.010415827066746172
2013-06-26,0.011936855477633419,0.009567867472198321,0.013009830525876903,0.011092112044800007,0.010061985389833824
2013-06-27,0.007513155404455565,0.007716259070270559,0.006238420480379367,0.006158051663394222,0.007028453449981015
2013-06-28,-0.0032947194933252285,-0.0032960097006599198,0.006014714301261728,-0.0010243247487529074,-0.002488514662691602
2013-07-01,0.006006456975602377,0.005147346717042072,0.007735839223053581,0.004892481119810612,0.004848084565406853
2013-07-02,-0.0010334636125260235,-0.0016046055303626404,-0.0015972723103222766,-0.0038567358921666375,-0.0016822772110095916
2013-07-03,0.0014926470988182632,0.000801951635614268,0.003017119209212846,0.0017029580881744424,0.0006724027767895332
2013-07-05,0.013372151841790081,0.013059283519649731,0.01428101372065959,0.013441959005808298,0.011827833049578452
2013-07-08,1.6544629237551776e-05,-0.00014514419329014327,-0.001232384398585173,-0.0057142831800383615,0.0007832977626808176
2013-07-09,0.009284376025235444,0.008349969244843283,0.0072797715245374196,-0.0021725255128215567,0.007737542952193321
2013-07-10,0.0033089592597023293,0.0013771296087632871,0.005880033782518751,-0.0024205070891363673,0.0016600475461261244
2013-07-11,0.011790509911409262,0.012550921806644723,0.010682224819528208,0.014672265953910458,0.012824259853471392
2013-07-12,0.0019926292371813936,0.0030474950189618615,0.0039055908312324995,-0.0003411267634112358,0.002632110548193906
2013-07-15,0.003975820999312251,0.003348339266120161,0.003685899642628972,0.004257655664493363,0.003038992550968175
2013-07-16,-0.004525929690124984,-0.0032430356303576407,-0.008831205794935681,-0.0032340411991287664,-0.003768678766185993
2013-07-17,0.005016882964962525,0.003615358776122583,0.007021064945582337,0.0047922152842447,0.0027715675066738946
2013-07-18,0.005431923159790248,0.004803014120557955,0.007365404810011208,0.0047212501285947076,0.004603699326229905
2013-07-19,0.004401972017569419,0.003743016535244164,0.004636288287194707,0.0031439397756465584,0.0042287058573148234
2013-07-22,0.002444188908748788,0.0020599116227713516,0.003915490096585167,0.00383503679713835,0.0019162273647159384
2013-07-23,-0.001165513956611892,-9.635143479378664e-05,0.00021188881704843707,-0.0033143226046885204,0.000671600509946301
2013-07-24,-0.0041724329675914195,-0.004931366976183347,0.0010626671175348696,-0.008289004317820536,-0.004486718465904
2013-07-25,0.0025917473712071095,0.003801392395756494,0.006420041588417497,0.012741452444310117,0.004680389926325035
2013-07-26,-0.00018657369967001544,-0.0025417970463214984,0.0060423401233557095,-0.006599950007037187,-0.0011115324746424381
2013-07-29,-0.004806757978870792,-0.004305919124933872,-0.0022361542568071525,-0.004345812242042458,-0.003978373699570716
2013-07-30,0.0055750880426671465,0.0035468081613137057,0.0024732296147294192,0.0028566358679300453,0.0023089124463835063
2013-07-31,-0.0012112557634368262,0.0015436729240444916,0.003738923024317796,-0.007785724273123082,0.00014106494865639881
2013-08-01,0.016017435045842906,0.014673688745164,0.025917939300217775,0.01840669085624295,0.013186040843573655
2013-08-02,0.002084804515246175,0.0007988911658932242,0.0021570201100127293,0.0055797473863408095,0.0014062598672716269
2013-08-05,-0.0016847225670962329,-0.0008376179011985827,-0.0028416460503741135,0.0031498931870879124,-0.0013507902682339955
2013-08-06,-0.006205881770875495,-0.007083690904744491,0.0002179476752351096,-0.0034069643918677875,-0.006792406185099284
2013-08-07,-0.004764147698489566,-0.005446262882199877,-0.007059046474453673,-0.006432394105614452,-0.004740536866297728
2013-08-08,0.0073207449612817405,0.005730001782133343,-0.001837510039473177,0.003933382622351283,0.0057316948648887586
2013-08-09,-0.0015267383738819835,-0.0020483777696020168,-0.005747824809117267,-0.002925674394076154,-0.002310630154266689
2013-08-12,-0.00031799783716527524,0.00022398779433519856,-0.004846281638033077,-0.0020601741988022565,0.00010816165330232474
2013-08-13,0.00484040662737251,0.0062471940809492345,0.0032013970060836604,0.010551062438656701,0.004477362602879687
2013-08-14,-0.007898735083527581,-0.00697139716232789,-0.006883749285550604,-0.006360187134634791,-0.007017071126629651
2013-08-15,-0.017693214258390627,-0.018350148801745892,-0.015809815866270158,-0.018808700377016874,-0.016464524131703344
2013-08-16,-0.0017518026357570696,-0.0020789358321493664,-0.0010225137971042325,-0.002603654620238911,-0.002573088005962158
2013-08-19,-0.002002408808042876,-0.005159290521796759,0.002581771639619904,-0.0018093869924769791,-0.004186766330901979
2013-08-20,0.0031447276542248175,0.0035711228533691353,0.005231861573342846,-0.0007260080878323772,0.0030226522937112444
2013-08-21,0.0001656085218902795,-0.0046307287100959185,0.0007148210903931017,0.0016389776906117553,-0.004492328539330025
2013-08-22,0.010526279298327664,0.009542666494042075,0.0075167406514882445,0.007008541935390743,0.009058542875646221
2013-08-23,0.0013966323005008459,0.0027770499044119734,0.00572318024023991,0.002724353111615725,0.0036491600806211333
2013-08-26,-0.00427939240821092,-0.0046760973759486235,-0.00364147767647329,-0.009933828851508814,-0.005263231390094545
2013-08-27,-0.0200747807561273,-0.01993684113117243,-0.015852130259163297,-0.015212658784299076,-0.01801641280293479
2013-08-28,0.0038671445253392117,0.0021582168830686474,0.007238520210808728,0.0007887256622808269,0.0011580606370501698
2013-08-29,0.0019331291111500842,0.0034031682582326833,0.0026405524474776543,0.004273721768368478,0.003120747104866142
2013-08-30,-0.003644531288732594,-0.0029256274960583074,-0.006295515302870542,-0.003117275585486516,-0.0024114810551750946
2013-09-03,0.0063502168022218685,0.00674786510395167,0.010980397285759256,0.014478015552396275,0.005572809107088326
2013-09-04,0.010345165704326626,0.013126613531021122,0.00439263669834256,0.00947517232115279,0.011503332319408649
2013-09-05,0.0029422379615460068,0.003167041606049502,0.0036040487096533685,0.004485225961312534,0.0020550431243509183
2013-09-06,-0.0007275377461992374,-0.00021226613991669747,0.002964384240246929,0.0019424171197605412,8.752336583051509e-05
2013-09-09,0.01077091521114467,0.010729726080003426,0.0065408656083052324,0.009329092224888851,0.010023924592088243
2013-09-10,0.011320551967201217,0.011747188617092456,0.008559635689540079,0.017986321087480495,0.009531318274190003
2013-09-11,0.003471337494577762,0.003677669189084632,0.0065551191627703145,0.00789870066542906,0.004585058454402165
2013-09-12,-0.0037199746386504997,-0.0040215201635181285,0.007884891805265406,-0.003159688228419784,-0.003401933344503363
2013-09-13,0.0024908557028282814,0.0015568020782463165,0.0005230958654351229,0.0033925531075652392,0.0014003636542649505
2013-09-16,0.007085626775173581,0.007559702128431909,0.003357583825985909,0.006836344519249488,0.007084311241619691
2013-09-17,0.005212672945416613,0.005958946508129285,0.005133696138719148,0.009818777476702796,0.005260436826051531
2013-09-18,0.013909976530485528,0.013843058393997899,0.011072508603488025,0.012129365300614186,0.014175091977594461
2013-09-19,0.0008873799346844084,-0.0013705148500316403,-0.0005111988776426793,-0.00045931589997462343,-0.001502655097762829
2013-09-20,-0.007601860802609896,-0.007128104681762722,-0.006103964657518992,-0.00011665736747284126,-0.007506034128961226
2013-09-23,-0.004745602229702892,-0.00617641003690062,-0.005347459359588261,-0.005140065706130997,-0.005474010440992527
2013-09-24,0.002281109012577121,0.002087911881626678,0.0030915537594214705,0.0020992852342535196,0.0008714297551913166
2013-09-25,-0.0031595197522351686,-0.0006680758075738505,-0.008936499989333258,-0.004276240489401112,-0.00218344006567081
2013-09-26,0.0001488884850638502,0.00020664672779517536,0.009105656838824446,0.007168688974138331,0.0012418184998256154
2013-09-27,-0.0050848631417766636,-0.0057280753400320095,0.000934619272268882,-0.00134168652900761,-0.0057594788398630265
2013-09-30,-0.005096229822597376,-0.004782504947574006,-0.007591704511770024,-0.007657347579908092,-0.005400276244977478
2013-10-01,0.005931456165932187,0.005193018904885141,0.0008076060803904786,0.006367782231208006,0.005224495230466775
2013-10-02,-0.0019254591989911788,-0.0022881066231738027,-0.007040305856538365,-0.0039286714141399575,-0.0026521035357066625
2013-10-03,-0.009633122063258557,-0.008219001590201926,-0.011152970959996702,-0.006929030871699841,-0.00852347253695435
2013-10-04,0.007864211967257976,0.008124960796232832,0.005498137811065699,0.0072885993059731416,0.00685838711511783
2013-10-07,-0.00818511574038662,-0.007743211394836189,-0.00515481641879339,-0.006206413453081336,-0.007195310960853572
2013-10-08,-0.013903123077983883,-0.014105635993535938,-0.016677197170076624,-0.014442719137320443,-0.013119466979945042
2013-10-09,-0.0002884014684506148,0.0008076653557757357,-0.0015269669480748966,0.0019348257080870636,0.0009986201174326738
2013-10-10,0.027226216171911725,0.024363011563738782,0.034008331228331044,0.023236256965354585,0.023041303697293514
2013-10-11,0.005814260671246206,0.0033693328609563688,0.002330688869497631,-0.005084379222159411,0.0044056652152250604
2013-10-14,0.006135328851203042,0.004965780051820743,0.00858108633032953,0.005685695837491612,0.004347561127092853
2013-10-15,-0.006555623041095185,-0.007516940592238218,-0.006969795537818287,-0.008335143349879823,-0.007258085758096718
2013-10-16,0.015285058630971368,0.01335626061304003,0.013929571505726646,0.012310720129270777,0.014177906760018497
2013-10-17,0.009164928631970043,0.009334939474041525,0.012894412184780251,0.011272607388439826,0.0098653365794216
2013-10-18,0.004000661911254075,0.004357497900386438,0.007016675214210949,0.006636504823801762,0.003498245417535882
2013-10-21,-2.1441363824680642e-05,0.0003306814280363045,-0.008095317348458503,-0.003684566414418767,-0.0002456620463250343
2013-10-22,0.006375137065602193,0.0057393667898557755,0.013766930610280472,0.004421170973118378,0.007578803130791624
2013-10-23,-0.0005846688727586561,-0.004549811396113518,0.0023541619435290795,-0.0054871637684579914,-0.002674345542521797
2013-10-24,0.006153473961887154,0.00576724009828169,0.008695232264083865,0.011440572311695128,0.005093957972862841
2013-10-25,0.003941217127901093,0.003644775088868686,0.003066028613486068,0.00038481254894332526,0.003675159158032023
2013-10-28,-0.0013620940998785268,0.0009807101526976786,-0.004335923495014103,0.0006131756998148933,0.0011349874815646736
2013-10-29,0.006760491380310537,0.01124970829916146,0.008781111029636229,0.009908386729566985,0.010311351289925424
2013-10-30,-0.0020210034502377784,-0.004532232066706438,0.005354091666072817,-0.003927460176300722,-0.0035650506705886664
2013-10-31,-0.0071448305047960466,-0.00467007260663244,-0.0075703667902562695,-0.008093218709101863,-0.004903943041670944
2013-11-01,0.005200030987054391,0.003775579293953628,0.009458920808304993,0.007460429835345548,0.0038519827964787943
2013-11-04,0.0019744004912567365,0.0036266378936933674,-0.004867842903795922,0.0003384548518061215,0.0036934736495539805
2013-11-05,0.0005825424897710815,-0.0013029420352490273,0.0027296332691708934,-0.00014354172745477303,-0.00136940421783925
2013-11-06,0.0014890911272817228,0.0032820902715964256,-0.002877748946687329,0.00344474735865107,0.003764913687371594
2013-11-07,-0.01349041971196323,-0.013718341728728177,-0.01198009144796423,-0.010816977159667566,-0.013748161643532875
2013-11-08,0.013767457004129877,0.014418835034432979,0.015080783442025146,0.014446176567832186,0.013343149209679338
2013-11-11,0.0006639586049276609,0.0010021456644432646,0.0015837240882461809,0.0015064039497392988,0.0004306104772000863
2013-11-12,0.001508862694199025,0.0007806784625580211,-0.0007234312896274679,-0.001249174911195076,-6.142471968150365e-05
2013-11-13,0.007321633828425006,0.008055893240493297,0.002606811961184208,0.005163043857018255,0.007774752020084537
2013-11-14,0.0058057589833827635,0.0028980157123822013,0.006509457484759598,0.0047929282665058505,0.0032578760789911372
2013-11-15,0.004703822668636639,0.005027505579602553,0.004643419872240966,0.006161711165335917,0.004913125332761517
2013-11-18,-0.00396431155696295,-0.0038310648439217124,-0.0015353708340198934,-0.003918525091610329,-0.0036814835872006632
2013-11-19,-0.002743249700148384,-0.0020655347850856752,-0.0003973789528540254,-0.005424128615783487,-0.0009786385772065274
2013-11-20,-0.0064225691029314675,-0.005583822929497885,-0.00020921295929123397,-0.0030384945375167864,-0.004939563483317825
2013-11-21,0.010187988193702374,0.012483457866994313,0.0069936399517112665,0.015576059446967544,0.010248806459755904
2013-11-22,0.006728268326829654,0.004511616483713902,0.014708705940298172,0.005668442687694076,0.004614362878288586
2013-11-25,-0.0019205994274227422,-0.0013156274360488628,0.002231940434313376,-0.0029190193011903844,-0.001116244501077959
2013-11-26,0.0025428911060763467,0.0019556639321606077,0.0016829412797566277,0.006098185386566654,0.0011939273383743873
2013-11-27,0.005347985907972823,0.0049339199091783135,0.006118136776311483,0.008372653409780715,0.004395640971248185
2013-11-29,-0.0030946916496329387,-0.002257093938922515,-0.004106674605550279,-0.003328290905749471,-0.002156781693904455
2013-12-02,-0.0025193111824024835,-0.0009882918309608263,-0.0068882670591723,0.0004959160136149413,-0.0022850834965538087
2013-12-03,-0.00735650339597059,-0.00414190977978608,-0.008059180595482541,-0.001224316919352879,-0.004597282396423156
2013-12-04,-0.000803527457725596,-0.001973468904332182,-0.0050862800345233316,-0.002814581407315467,-0.0024069564069976986
2013-12-05,-0.0016625924175119723,-0.0035726169636755936,0.0031768410424712025,-0.003419219646596218,-0.003765524144250093
2013-12-06,0.014011731469691837,0.014612988160409152,0.009149874571867979,0.01251676650187018,0.013925953778983933
2013-12-09,0.002751169098687079,0.004204817319235732,0.004212978567116285,0.006174864780035103,0.003973180804599123
2013-12-10,-0.004979709692181531,-0.0036417291698052044,-0.0042087230081940576,-0.0029160816058675506,-0.004704930577781449
2013-12-11,-0.008425117934866184,-0.010815452365235942,-0.00039068738366759576,0.0010977504927692006,-0.009259384481191318
2013-12-12,-0.004072530867283316,-0.004420494351186849,-0.0018704079755788275,-0.005062404289528694,-0.005457089914737798
2013-12-13,0.008433536024638094,0.008410368955654123,0.007606664240423206,0.012921071069747849,0.007846745655919737
2013-12-16,0.005445574924587975,0.004082106302508353,0.006777276370769854,0.0005393542133260296,0.0035723746272997717
2013-12-17,0.002851744225878656,0.0010026886662031715,-0.0006548780632750465,0.006463575676354226,0.000266486927751653
2013-12-18,0.01160851366454586,0.01091758920755481,0.018326770859179376,0.0027145154577418416,0.013576201113158663
2013-12-19,0.0011647989192821477,0.0005550310930402942,-8.834776196580692e-05,0.003025579726495607,0.0010742890208787156
2013-12-20,0.007272845590981378,0.008027803897081366,0.011167335519516045,0.0111784218132675,0.007793574833303373
2013-12-23,0.0037619331937863596,0.0032904989009988404,0.001603852916604519,-0.00018756904824255216,0.0034721072609201794
2013-12-24,0.0030675730001861108,0.003906519376293421,0.002364841227757804,0.004706241010068479,0.0036673622012332657
2013-12-26,0.007090044539718853,0.006459923576048342,0.008267319119346021,0.006382037062015561,0.007075429157108425
2013-12-27,-0.00045231752781659223,9.286863688544821e-05,-0.001205119984898244,-0.0002892374443199525,0.0003497303438012678
2013-12-30,0.001570456357795103,0.0005946634333463308,0.001797435664845262,0.00043556804105460514,0.00047016328198420075
2013-12-31,0.004518991835788954,0.005196326861834668,0.003994434704667122,0.007574890449992457,0.004150359141978186
2014-01-02,-0.008400638761286812,-0.008677209158087689,-0.006048547371056245,-0.006790582086018949,-0.008135423147113125
2014-01-03,8.776381470825627e-05,-0.00037762612337465266,-0.0009453536451147934,-0.0024702832090105643,-0.0007488534612686714
2014-01-06,-0.0037528308692564923,-0.002979187898173181,-0.005404351225173376,-0.0033362165571972097,-0.0016511794343170428
2014-01-07,0.0060572550381228375,0.004922312666971535,0.0073247801467365295,0.009157043507092693,0.00487924737513999
2014-01-08,0.0017234676775151928,0.001922793384412841,0.0006820049786594783,0.005852740899124976,-0.00011294104878041685
2014-01-09,0.0010974323798622126,-0.00070094186879389,0.004646618718588071,-0.0009924207074240633,-3.198535831498318e-05
2014-01-10,0.002937086732036001,0.0026507727817140516,0.00027504791813365184,0.0006525627736809473,0.002714772939420102
2014-01-13,-0.009929232871639479,-0.010403193107476515,-0.011589401746026413,-0.00882079438300597,-0.0086227698644086
2014-01-14,0.013217843873579778,0.012078502146363714,0.009931766339162061,0.009875547826912152,0.010148376576345451
2014-01-15,0.0038488859929241065,0.004495721184331301,0.00572553324820683,0.0030772301522000987,0.003211403398985446
2014-01-16,-0.0013055725922598948,-0.00242560314051866,0.005055829452605607,-0.002927670313897152,-0.0013081011691937062
2014-01-17,-0.0002689761412873388,-0.0014456894659040267,-0.002579942492808348,0.0045519170731552,-0.0009149372024864114
2014-01-21,0.00546831829664806,0.00308881112288854,0.006495258087054037,0.0030503781799974755,0.0030504699932548556
2014-01-22,0.001291301568232424,0.0001231996381311189,0.009445670515140232,0.004134134114704035,-0.0005269855904604617
2014-01-23,-0.008701596915889362,-0.009425962783444044,-0.014307064771120717,-0.012284011212804497,-0.008641355416194992
2014-01-24,-0.022136618374798932,-0.021804697231597156,-0.024495843357839005,-0.023692376865725208,-0.019801917353714785
2014-01-27,-0.006887341962572823,-0.005322864123678379,-0.01329809334295115,-0.008353077370335363,-0.0052730176709318444
2014-01-28,0.005576884706112911,0.005361593593286664,0.016190454098857308,0.012572770478507599,0.006511803333844287
2014-01-29,-0.010160671420389098,-0.01005883051647507,-0.007117138173316912,-0.012676538677546041,-0.011281048365329118
2014-01-30,0.010945004396597107,0.008597750911907509,0.013102593472234615,0.011584124460272068,0.007172210753821654
2014-01-31,-0.009225279794193365,-0.010975881737105252,-0.013500564778130952,-0.015486185694588744,-0.011838174504642649
2014-02-03,-0.020419582925534377,-0.02217431414638356,-0.019622415981508858,-0.016135793358867563,-0.022034881463350805
2014-02-04,0.006224348170477121,0.006706284203318206,0.005390195071109327,0.003985548505080045,0.007196252604154454
2014-02-05,-0.000849206986718485,0.0002815032862243435,-0.005282521039370476,0.00392129310935965,-2.369140025499988e-06
2014-02-06,0.009559227522718913,0.010047212571025425,0.008509869070163753,0.01030009170128651,0.00805020902374614
2014-02-07,0.013944399966526338,0.01327591911754372,0.017138848598035054,0.01355981177670116,0.013225939587745407
2014-02-10,0.0015487281996775194,0.002527857626683828,0.0018358419646836099,-0.000614362377583988,0.0026827845649875803
2014-02-11,0.012817727453438465,0.012340726436217864,0.008233447869940529,0.0075245176582012345,0.012572004809185725
2014-02-12,0.002459776222893893,0.0019487523450402542,0.003849232840612114,0.0041999297450337585,0.0010345752512905784
2014-02-13,0.004867401264257562,0.00589054006609119,0.0056739698513812355,0.004946922893071665,0.006286930612906326
2014-02-14,0.006102540264176883,0.006532070011400571,0.005501970833553974,0.007457734752257569,0.0070888829810690415
2014-02-18,-0.00018721004102676124,-0.00024221524456056017,0.004920997290831007,0.0011757564457711277,-0.00015767621010620938
2014-02-19,-0.0066243993976779925,-0.005659388475460356,-0.004353945727284066,-0.005405451289070443,-0.005552928665981614
2014-02-20,0.0060735536023146,0.007302990492992538,0.00201164237650638,0.0022996019510763046,0.0075179685482091255
2014-02-21,-0.0004272242220486431,-0.002272245820731673,-0.00047203988085125126,-0.0016992825942659473,-0.0026174209997219086
2014-02-24,0.005149202747592158,0.005003167513499577,0.006831771865620177,0.005370227343387705,0.004774611764887308
2014-02-25,-0.002105305868534184,-0.0037684422027411744,-0.0005470259444815234,-0.0030757844617473897,-0.003324570485519721
2014-02-26,0.0036969438934554384,0.002426370197596631,-0.002912737692801467,-0.0012080795799446523,0.0013309222476789412
2014-02-27,0.005057448631952935,0.004949740591610762,0.00477734951698452,0.0036364092812150514,0.004888145558396806
2014-02-28,-0.0014898730169192699,4.215782280394718e-06,0.00024400238986068117,-0.00015599948054622806,0.0003084151152891998
2014-03-03,-0.007249147694305151,-0.007386929734160279,-0.005453255989507438,-0.006911590512104637,-0.0070050816537870556
2014-03-04,0.016718224761699443,0.01690378558000686,0.014807516827816586,0.015193719236442815,0.016395344708872373
2014-03-05,-0.0007669500909332942,0.00027427362746811984,0.000345369202474686,-0.0018886315518349124,-0.0005479536016558223
2014-03-06,-0.0006697304533347326,0.002253873946130555,-0.0067102559037548835,0.001166122066004513,0.0020148380903205108
2014-03-07,-0.00014797725371300133,0.0014406836965158152,0.0010028505288847238,0.0014966705817701872,0.0011636983152063132
2014-03-10,-0.0013861258828366748,-0.0014750700496948327,-0.003700070633668651,-0.0012606234282279978,-0.0015292810040352552
2014-03-11,-0.005935930016551013,-0.007246400388817277,-0.003552834777832606,-0.001708621963659375,-0.006170087463617813
2014-03-12,0.002572967208648189,0.0026599829202527407,0.002085137549528613,0.0019845111004019944,0.0029386851877726957
2014-03-13,-0.012352031572474897,-0.012018029967422827,-0.011384171467386033,-0.01560254031860968,-0.010581408021691299
2014-03-14,-0.002816799919573337,-0.0026167993005424164,-0.007171703945078628,-0.0017803430125020933,-0.0016197646862895505
2014-03-17,0.01121735556665997,0.010715972589255555,0.011149710666676466,0.009341589298641552,0.009920099268871777
2014-03-18,0.006693384754346492,0.006383297304230607,0.008352485503997493,0.006970402910779619,0.005298505345672648
2014-03-19,-0.00824223441315523,-0.007228932752214758,-0.011336847818751836,-0.008455748794822717,-0.008150191325206536
2014-03-20,0.0030949529617441446,0.006773209405676696,-0.0028413105482128376,-0.0007003092310113106,0.005142189808143048
2014-03-21,-0.005315988177604414,-0.003102366298704345,-0.018277466666004553,-0.0036987567558199293,-0.0031507472449237464
2014-03-24,-0.002772151055633394,-0.0030772123056480526,0.004651127715323463,-0.0028099711181225877,-0.002783010491664115
2014-03-25,0.004617677022111731,0.005326502038761043,-0.0009513729360380448,0.001745867751623987,0.0060751967479673995
2014-03-26,-0.007962207328922373,-0.009011844043255734,-0.009899317459132854,-0.010818667265482489,-0.00778805589553434
2014-03-27,-0.0027218183406384697,-0.0024366086825186872,-0.006175890474698031,-0.0036303089496666544,-0.002192794333556159
2014-03-28,0.0024458806572680023,0.0045012704450379925,-0.003132660973813438,-0.0004977479608831957,0.0045705855043145765
2014-03-31,0.01079661610732962,0.010111297097616,0.014173479068153146,0.015244941520512242,0.009037614712042138
2014-04-01,0.008928042516147377,0.008193939281842337,0.009373844325966389,0.004437921861214922,0.006326446332476541
2014-04-02,0.0028746503668613606,0.0035765041309968795,0.002756315378540763,0.0022681462921666107,0.00345601294078679
2014-04-03,-0.0018548788974332062,-0.0012973407686662243,-0.002418279390212389,-0.0019395933538440312,-0.001072460480799849
2014-04-04,-0.014724776421360202,-0.014079681923122853,-0.021340881010806566,-0.02122366301818359,-0.012387725021610004
2014-04-07,-0.011063531925750426,-0.011147568057058795,-0.008161667172502924,-0.013704236589215716,-0.009559904780134514
2014-04-08,0.00037627324951286967,0.0027338401923576255,-0.0047808119232845715,0.0015760052940032695,0.0028596845478771962
2014-04-09,0.011732647905517372,0.010429864555939205,0.012065519204884027,0.014135194134987176,0.009264621530022481
2014-04-10,-0.023201769301902774,-0.02203078335241076,-0.026472405650655964,-0.021728049062166847,-0.019300478256490596
2014-04-11,-0.009159243479653571,-0.010439821764499042,-0.008208177312360135,-0.014104702115295197,-0.010023258652840851
2014-04-14,0.010623307571330207,0.009393353360992809,0.0143016179191341,0.013943025106636784,0.008821831417895876
2014-04-15,0.005841634026462957,0.0055187512182605925,0.009057840771927932,0.006076403085263096,0.005386437363810993
2014-04-16,0.011344355592038731,0.01037360793657795,0.01400867239362039,0.015157182608165171,0.010455233963224713
2014-04-17,0.006963017626777288,0.0073482663767747355,0.0046576972966704145,0.006425738105320447,0.006082891213931948
2014-04-21,0.004932990028914331,0.004965253142290025,0.005373587958010511,0.007032743561726247,0.005220186142420458
2014-04-22,0.0023722523196619038,0.003370609002710503,-0.004229749571189,0.0035679963406265156,0.0020800560857051104
2014-04-23,-0.0007556088644265672,-0.0013527010043845715,0.005448568825115823,-0.0016065489568852114,-0.0010386282399629965
2014-04-24,-0.0014229567851219566,-0.0011195068986298625,0.0019305428395827954,-0.00047740708618661205,-0.001592002447876553
2014-04-25,-0.013833026249926498,-0.013601392237936164,-0.013196077830589027,-0.02172369684402302,-0.010438132737047532
2014-04-28,-0.0004736731539138967,-0.0007731696227437348,0.003583173824545148,0.0007688708208882899,0.0004565396240308067
2014-04-29,0.007662305265164556,0.007781764888887644,0.009077303807331981,0.00684732242105358,0.00707667450736265
2014-04-30,0.005926669552361941,0.005748455597317296,0.013929977176999621,0.00711081489138073,0.005445497992612852
2014-05-01,-0.0019831258206014887,-0.001764190455738871,0.0009712764107257287,0.004451284621358078,-0.0006416477721957255
2014-05-02,-0.00029099568335606987,-2.4881265686251355e-07,-0.0022915033251410897,-0.0017933976415592018,-0.000594287056079291
2014-05-05,0.004088307680135902,0.0014732173300768452,0.009886428777760917,0.006195501284619334,0.0019929792692766094
2014-05-06,-0.007945782287607213,-0.008192180735264102,-0.009728004969887709,-0.007466804099769169,-0.008106573253337827
2014-05-07,0.004122153014136427,0.005791298251970183,0.003550998299113233,0.005412012563377474,0.005591058258480628
2014-05-08,0.000777608023990836,0.001054944640832376,0.0017570838474856773,0.004110918929246689,0.00018035906853383404
2014-05-09,0.0023228868598122216,0.0017181650291078912,0.0029781457619466626,0.0010110501325185787,0.0021251334197496543
2014-05-12,0.009982172745514911,0.010521519891853308,0.007679491191034779,0.008766207948092585,0.008789568496394095
2014-05-13,0.00042285561207444384,-0.0007625244679823101,-0.0003608910869629838,0.0008453866290469805,0.00033969860787161913
2014-05-14,-0.0030074175828803786,-0.005106098298377229,-0.006219234215769365,-0.007875839019966167,-0.004587885721591575
2014-05-15,-0.00868159348146741,-0.008827293381823507,-0.008858474572750876,-0.010636241011420373,-0.00846060905837308
2014-05-16,0.004854241869889202,0.0045642114749609285,0.0024976963556878756,0.005733868924333844,0.003414371591659543
2014-05-19,0.004076054172799282,0.0035960655756874854,0.002674295384531944,0.004551086955435615,0.002470951643023423
2014-05-20,-0.007063329705253661,-0.007839492808453192,-0.0080278600154337,-0.00863403236508543,-0.007508635760391569
2014-05-21,0.0068917434252470985,0.007031132508363338,0.01126600366765396,0.010108641862561385,0.006871673777320068
2014-05-22,0.0027986272910019688,0.001937204112207257,0.002866223284457521,3.7369627268066686e-05,0.0014176031356448499
2014-05-23,0.005209718711817027,0.005155570843695209,0.00040506267544014336,0.006247684175506037,0.00433187937358368
2014-05-27,0.0074701287460589095,0.007361214166333883,0.005459023411717985,0.008579162126919759,0.0051182954090463854
2014-05-28,-0.0011230850264316772,-0.00014509774823911342,-0.0019192983376072415,6.193138889875233e-05,-0.0007225098553485974
2014-05-29,0.004927354283291602,0.00428024515668504,0.00419822253112464,0.0033534708251879188,0.004925174484544298
2014-05-30,0.0012568899766415846,0.0012681428452096812,-0.0017957803892553767,-0.00013650910652061854,0.001912349964270511
2014-06-02,0.0007294787857337414,0.0003371656244186476,0.0028202497647678536,0.0013571460286694943,-0.00013923601118049576
2014-06-03,-0.0005612395587510641,0.00022811135212204818,-0.0007170138408104604,-0.0018495097352966582,-0.0005153411541748091
2014-06-04,0.0011271742160474112,0.002221891761782936,0.0014449788310487328,0.0012722179794218457,0.00245038847753264
2014-06-05,0.007099868206150474,0.005949172445069761,0.005356396091553046,0.004348528320352636,0.00487543855996818
2014-06-06,0.005713720052141038,0.007075449634572868,0.004067521026131461,0.005870506191520921,0.0058446646883314815
2014-06-09,0.00012290785915085463,0.0022824839214190705,-0.005438910651349067,-0.0004268990124018956,0.0015385112416176489
2014-06-10,0.0011108196301864723,0.0012383168701553412,0.001064009853397487,0.0021781997706874054,0.0009974980159584653
2014-06-11,-0.003985963164897312,-0.002474426018296524,-0.004345985055044977,-0.0005537918897714615,-0.002740401712899998
2014-06-12,-0.008411250641738234,-0.00669368202330492,-0.0083351966265932,-0.006522347497562239,-0.006543012173938862
2014-06-13,0.004169613531262093,0.004876483876907568,0.0032731934910700962,0.002268858632341746,0.0039188637920934515
2014-06-16,-0.0017449343132976067,-0.0003389964854920856,-0.0016355307424421907,-0.0005682334914349343,-0.0004526355440703842
2014-06-17,0.0008951485654636228,0.0020828242370689075,-0.002809890848831634,0.0016360171906038136,0.0012741693698152148
2014-06-18,0.007197320858596534,0.0063963741735308215,-0.0002540190946769881,0.001907787369044897,0.006340917653165268
2014-06-19,0.001502359638153359,0.0017905546617094008,-0.0014139685521696948,-0.0012999074001252427,0.0028161715454020617
2014-06-20,0.00246885367151753,0.0026151710513120812,0.004522024958598761,0.0005747883017562644,0.002551637572447994
2014-06-23,-0.0013888018005604344,-0.0007362231572623883,-0.002899967726304879,-0.0034873507834229426,-0.00112856346952023
2014-06-24,-0.005910182718259778,-0.00605734346855744,-0.008302229881964423,-0.00362793117984449,-0.005997871905052323
2014-06-25,0.003695756346587544,0.0028795555942696884,0.0030198487173243166,0.0016671806672889267,0.0030751897894122577
2014-06-26,-0.0005552899669277598,-0.0019419013822204736,-0.002119553777854957,-0.002627954636892318,-0.0019060051834510774
2014-06-27,0.001631567896889733,0.0012438505924663404,0.004773316096429366,0.0018694509071228848,0.0014865183990278852
2014-06-30,0.0005670043333551052,0.0026513214595691088,-0.004738332376960672,0.004642325365793567,0.0016245721288996148
2014-07-01,0.008938635972734598,0.008174620428453853,0.012490092509739118,0.010511000222655843,0.007911279742735554
2014-07-02,0.002981476116048173,0.0012949598324192995,0.002287695580894057,0.00045890191549102777,0.0016618334921398503
2014-07-03,0.005850432072231135,0.005780805553104224,0.006262452584026955,0.004303997298717726,0.005022969127148679
2014-07-07,-0.005245322426142471,-0.005664664452323159,-0.006202157709935326,-0.005585084814191498,-0.005003880926054446
2014-07-08,-0.006185329329438749,-0.00538958374986717,-0.0038759990227047996,-0.005037970710122717,-0.004375641382087438
2014-07-09,0.004771999780756037,0.0051673413891442565,0.0066515641549824076,0.0030521805887579814,0.005564719202213616
2014-07-10,-0.0033718577677920715,-0.00412308962458871,-0.00382352594843261,-0.0043992956405802235,-0.003783451679100629
2014-07-11,0.0047132518186546405,0.0031957473902956045,0.004331230232549271,0.005095192435657498,0.0031270648712892458
2014-07-14,0.004773600956332241,0.0037831626930186664,0.009987230297865553,0.009136383021332956,0.0032458228904634237
2014-07-15,-0.000911092792699612,-0.0004805743571772643,0.003742577234608987,0.0014879339422896494,-0.0017563070364298547
2014-07-16,0.003423444383256734,0.0052489506030662155,-0.005048099544337129,0.0030691233121735977,0.0041960503697975274
2014-07-17,-0.012109365975109301,-0.011987369697317259,-0.013353872800672784,-0.01510221888813006,-0.010661147165310598
2014-07-18,0.011415999774610976,0.009404017827056525,0.0141107211116931,0.0077369127890533134,0.009260126979178017
2014-07-21,-0.0011464424513155046,-0.0022215534171674545,-0.0008323563523489364,-0.003293932667330998,-0.0025127117417796585
2014-07-22,0.00755927075690257,0.005570136995404247,0.011698270706529658,0.005469078864067472,0.0048177928915424054
2014-07-23,-0.0025485212018956363,-0.003415377523121533,-0.00037298705081603386,-0.0032029199875071445,-0.002991101676575914
2014-07-24,-0.003589263578958248,-0.002719915300872582,0.002302272211183131,0.0003950741975400104,-0.0026084512760442603
2014-07-25,-0.0057981560237631655,-0.006481109643471138,-0.007474489965992503,-0.011971246947497198,-0.005729675166120725
2014-07-28,0.00017464488783042133,-0.0006697135910323761,0.003936692836713272,-0.004205292561643064,-0.00027291429164683285
2014-07-29,-0.0042430233441972005,-0.004797669413847185,-0.0012346817428497943,-0.004695664183835999,-0.004579090901076241
2014-07-30,0.0014781553436075217,0.001354323191888216,0.001161593414838551,0.0013246188275081111,0.00040216893200759036
2014-07-31,-0.018096366053188945,-0.020333932013101443,-0.018485661025864113,-0.016424080473353662,-0.019239984417979708
2014-08-01,-0.00026557913264124017,-0.0010649962723730823,0.002382341220592326,0.0041116704554633125,-4.242108273959681e-07
2014-08-04,0.0061809921108175805,0.005935812995801017,0.006936396323972605,0.005476040453042239,0.005453743348656266
2014-08-05,-0.005485069325050574,-0.007173854961514142,0.0018862998296557416,-0.0061626433565929286,-0.00644747138984226
2014-08-06,-0.00135375525466955,-0.0007700431754851214,-0.004700360803998089,-0.0056149674626122395,-0.0005014951137344195
2014-08-07,-0.005327659728574777,-0.007070180903071256,-0.006640219209335993,-0.008347845905230725,-0.006739230062201006
2014-08-08,0.011312156049600158,0.011658476673720539,0.012013367365622881,0.00897213816498716,0.011457001761126948
2014-08-11,0.0033537412961844163,0.003364517335923562,0.0020487164771660956,0.0036744703688056093,0.003014707535499647
2014-08-12,-0.0019032443137799253,-0.0014429191335457413,-0.0002734528937777404,-0.0013055533026748367,-0.0010958858476743378
2014-08-13,0.008145878272877723,0.007460686665696334,0.00906381603342923,0.007566411800054696,0.006826289453253837
2014-08-14,0.004131773447906731,0.0026788415183725814,0.0038051042736660353,0.0009008976167752156,0.002895011525262055
2014-08-15,0.0003000871929900923,0.001282974735280377,0.001998817257555199,-0.0009207410500084166,0.00020264189460270185
2014-08-18,0.010411803761901369,0.009214567932165543,0.013205666506894555,0.01134733967778253,0.00888853323938962
2014-08-19,0.0033278442644968376,0.0032708400894541838,0.0014955036132279936,0.00236079648810302,0.0030299587954992057
2014-08-20,0.005160087000669121,0.004650877266182818,0.005012048076376494,0.0069748082886079525,0.004266844850305049
2014-08-21,0.003359855435413052,0.004060486487805411,0.003985597558889466,0.0005734850636604988,0.003331755294347479
2014-08-22,-0.0011302564805492023,-0.0019870079968360363,0.0009352832610046722,-0.002242957403255206,-0.0023393051715929255
2014-08-25,0.004712422371748997,0.004195747015953026,0.008404656442174254,0.00185188703776762,0.004150378892075377
2014-08-26,0.0005191284428828583,0.0008037624951465283,-0.0008535510167974392,0.001448708881775637,0.0012659183188694074
2014-08-27,0.0008454316164594696,0.00017665848530376717,0.000494800805829848,0.000512275371299484,0.00017197583074174367
2014-08-28,-0.0025360471681731183,-0.001558036779052197,-0.002489380528998604,-0.0038219351856266987,-0.0015284008089782957
2014-08-29,0.001443439439620694,0.0024939095228702123,-0.0011529359696611776,-0.0022483036041909977,0.0022045882376675874
2014-09-02,-7.28307729405659e-06,-0.0014218893360798681,0.0018130187486750193,-0.0009770712939124492,-0.0013880695964733818
2014-09-03,0.0025148966778356027,0.0022590595796590203,0.0005170522476114836,0.0016696744600471942,0.002218565981282876
2014-09-04,-0.0004584887229974872,-0.0003917789696567668,-0.0033661936555091526,0.0006893767413186162,-0.001000971470400001
2014-09-05,0.003760891130362985,0.004496378203866466,0.0018158856308917305,0.005735048929464372,0.0046311299253108925
2014-09-08,-0.0005938677769290278,-0.0022395487391190325,-3.540729971727584e-05,0.00038248770708449223,-0.0031494260674593843
2014-09-09,-0.005249436189388971,-0.00719648201960504,-0.0029755785915594867,-0.00632297373479588,-0.00600638167415761
2014-09-10,0.003874584786719826,0.003323407091297284,0.00617219809872312,0.004137730963646643,0.003500402927035343
2014-09-11,-0.0012839911300944716,0.0011349349962754768,-0.00699468475613453,-0.0026408619407605792,0.0003752490944978837
2014-09-12,-0.005479041963866595,-0.006031732462553362,-0.006086152747956384,-0.004394577972651615,-0.005734101270362215
2014-09-15,-0.0028485979614121205,-0.002751592359887064,-0.004566073942923019,-0.004863382085826203,-0.0015645808775006343
2014-09-16,0.008509079900867158,0.007615442727212103,0.01278478235596719,0.010706115240272004,0.0072709003735356775
2014-09-17,0.0025029402388172207,0.0023529791713665722,-0.00020563496042009708,-0.00083912130385226,0.0016544205234746527
2014-09-18,0.006089088167235163,0.006142036023757659,0.00996469124147929,0.006814457908405293,0.005440983181760195
2014-09-19,-0.002371760316574256,-0.0029539142407550194,0.0006758575260375727,-0.003976763748570686,-0.0019397406393373054
2014-09-22,-0.007126678553548299,-0.008278614116950155,-0.008594851678027992,-0.012698903330437706,-0.007762260223747758
2014-09-23,-0.006646755716274389,-0.005700634340483242,-0.007838220122152831,-0.004874551755562915,-0.005992887832742258
2014-09-24,0.009957316774097924,0.009579520148050226,0.014919628707395133,0.010095184296072002,0.009506065667481954
2014-09-25,-0.014141912558512836,-0.014673887527980507,-0.012765342999077058,-0.013754297042852697,-0.013866956465214453
2014-09-26,0.008433263971703454,0.009478041139873123,0.012744381135678043,0.011605287353771962,0.008226586340475302
2014-09-29,-0.0018365437691844422,-0.001382005518932978,-0.006223606144175848,-0.0004520132259941327,-0.001986689799099328
2014-09-30,-0.0034918812099116103,-0.00399883999741461,-0.003602174436723612,0.0009728131351989784,-0.003746017194243301
2014-10-01,-0.016599421143230778,-0.01621528961184033,-0.012830226338851263,-0.014935350545304718,-0.01482826975757336
2014-10-02,0.000367496198461575,0.0011236907165295478,-0.0037881832848693877,0.001390898099280587,0.0017438438073657328
2014-10-03,0.012067136787901467,0.010851806431322391,0.011321713084228496,0.007723202603243233,0.010648385694848984
2014-10-06,-0.0030053166943421277,-0.003308309236457944,-0.003656350225422068,-0.004695018034380375,-0.002441905025588463
2014-10-07,-0.01737793969199903,-0.01742456125733789,-0.01624175726326671,-0.015720401543436457,-0.016963218077162907
2014-10-08,0.02033983934314358,0.019617725120104307,0.01928971431163675,0.015852272365809814,0.019582034672638964
2014-10-09,-0.02046729372436322,-0.02235266460328435,-0.01774195344423645,-0.020681864229470548,-0.021086935609098183
2014-10-10,-0.01986217595478873,-0.021140253498730336,-0.010836496045802724,-0.018425375843038938,-0.01675922752738917
2014-10-13,-0.018945807526489562,-0.01803730648210167,-0.011980452344485668,-0.012328500016237968,-0.016809389815150177
2014-10-14,0.0023640299620582023,0.00335704546977342,0.0006678006452686958,0.004421022641304352,0.002333246151189205
2014-10-15,-0.0065806799545140935,-0.006067099754636967,-0.0008197682970023695,-0.005009131604838323,-0.006632094577082031
2014-10-16,0.0036300474971689583,0.0016819236446617952,0.0014231457004061554,0.004922689029950501,0.0007033633899980901
2014-10-17,0.016945601536225666,0.014509065944398821,0.015486057085405812,0.01163727679986278,0.014220869376876525
2014-10-20,0.007634677442771707,0.008461057151206468,0.0042783151490656795,0.008899775596008783,0.008081022529481108
2014-10-21,0.022174387495051268,0.0219895247860403,0.013526789845520974,0.01764504458008488,0.019340046917300374
2014-10-22,-0.009913314700465536,-0.00927530886184318,-0.0012571008585850266,-0.006933618311587453,-0.007054975826578852
2014-10-23,0.016365169151453605,0.012348661270454718,0.014686143329575746,0.013589239046902317,0.01084298181007598
2014-10-24,0.010192163513194923,0.008695149469194023,0.008055931371166041,0.003427299983917914,0.008169713737803855
2014-10-27,0.0012822705452667968,0.0008866685377590462,0.005791063844244925,0.004041446270634083,0.0009108871241232594
2014-10-28,0.012477765450547604,0.013705614096178955,0.011521720954512758,0.013654322301910653,0.012283084378406441
2014-10-29,-0.0019768508177964023,-0.0023744937222677405,-0.005053193470473359,-0.0024455636121751244,-0.002937346775100165
2014-10-30,0.013496594766568611,0.007142926559336235,0.031987395511272027,0.03212730329369732,0.008856898315899645
2014-10-31,0.012976318653542065,0.016012858037729963,0.002504395411619186,0.012812544600921558,0.01270046873032761
2014-11-03,0.0008669366870904925,0.0013447654113228527,-0.002200234290754829,0.002159102541617183,0.0009906869195258944
2014-11-04,-0.0012731961265972085,-0.0012231584830777378,-0.0025356700091820343,-4.916950397122126e-05,-0.00035881101585216393
2014-11-05,0.004706379924639808,0.0058835116958485135,-0.00133815417355027,0.01178306610704015,0.004472766772719307
2014-11-06,0.0001524523332950569,0.001589062765466012,0.002818494857960735,-9.634106061864162e-06,0.002359935405605547
2014-11-07,-0.002212715059630709,-0.0002466370198644602,-0.00905198131980466,-0.0010194657940603541,0.0001963589177443811
2014-11-10,0.0028423389588978286,0.0017217204649711106,0.0027755377243526684,-0.0005140027278302539,0.0013056968664000486
2014-11-11,0.0006679585939696399,-0.0005921473495339517,0.0012274124091418473,-0.0012833490877246266,0.000197141997934145
2014-11-12,0.0009009577621311804,0.00020401741507679717,-0.0030336264098026963,0.0018162322456587417,7.244556476335932e-06
2014-11-13,-0.0016124013649021147,-0.0021306759478366207,-0.008247328004447978,-0.0013891451982980018,-0.0021482415243149694
2014-11-14,0.0006009763790648919,0.0014369641489325132,-0.0021710548235035396,-0.0023338097242567883,0.0003962627431886856
2014-11-17,-0.0021465374361514496,-0.0011780519050308969,-0.008350023301985218,-0.002608446938187861,-0.0005119748977094774
2014-11-18,0.008048618331213571,0.006993356872693344,0.008094519282973459,0.006394352203266111,0.005987669053253507
2014-11-19,-0.0007582572392721403,-0.0018848231912570188,-0.0011610814348056108,-0.001351483887996534,-0.00180192022543358
2014-11-20,0.0025800619448543703,0.002750789629075662,-0.002664521937448117,0.003255206191702465,0.0019688911417772076
2014-11-21,0.00702623900622846,0.007202105010309552,0.005536107975725637,0.009370261517693037,0.0066926189196803015
2014-11-24,0.003790333316472584,0.0030870731577070758,0.0022443969952737936,0.002794899236687416,0.0014507589600223697
2014-11-25,0.0004579939020242865,0.0009380055862310023,0.005251418903242702,0.0063259250465998885,0.0016132127561737767
2014-11-26,0.004166832098436522,0.004979535326722106,0.0015046176354056443,0.003297280772147162,0.004019835135238013
2014-11-28,-0.001000238834898008,0.0009732321131844997,0.0035520972375003962,0.0033638991701300564,0.0016631635405301316
2014-12-01,-0.006146783831070833,-0.005091112481773829,-0.0006333727618859366,-0.004706336220873887,-0.0037527687559686454
2014-12-02,0.009228586151565831,0.007042945419750279,0.003087405089346279,0.0033514292469678697,0.006036440680161919
2014-12-03,0.0052203292596755685,0.006375055773529054,0.0015073384028704544,0.006916564694742553,0.00458687151646006
2014-12-04,-0.0010854358865881096,-0.001889620347296651,0.002487425319737527,-0.0011600119093479369,-0.0017142836209024538
2014-12-05,0.003792622450921154,0.004063966455558159,0.0050132873967199355,0.004230423583550415,0.003133990551020458
2014-12-08,-0.006133617675977542,-0.006575875887290358,-0.002827319113761124,-0.004718879212895231,-0.005510799890644499
2014-12-09,9.537959338648349e-05,-0.0008580246334174479,0.0013746581936486,-0.0005529403925382099,-0.0016371472720987132
2014-12-10,-0.015818780109346134,-0.016364892592661558,-0.01327196148800357,-0.0122869055503847,-0.015433996737470663
2014-12-11,0.0034850097995216744,0.003534221336807958,0.004785333813790675,0.005644269658373487,0.003988939417328344
2014-12-12,-0.016804121090243616,-0.017243705002062626,-0.01906573207294335,-0.01973215573845547,-0.017047753418171503
2014-12-15,-0.0038165166920364237,-0.006834031102897417,-0.0013703857224102976,-0.004819982823068862,-0.006706261551840922
2014-12-16,-0.005729457649028855,-0.006209163563344597,-0.008443606874869645,-0.006646467237568183,-0.0055196018104072386
2014-12-17,0.017115272340994536,0.018428272431487033,0.012963746257759338,0.015921326437290474,0.017499614266736817
2014-12-18,0.02529084619878038,0.02497558269714229,0.02668608696585613,0.02060212996175452,0.02445774764932425
2014-12-19,0.0030926985471038363,0.0027382311332357235,0.0051717930110879535,-0.00012972432288382377,0.002913924326631261
2014-12-22,0.0011480138015013612,0.004315804643806907,-0.016623307758631314,0.006923819787978272,0.0026416344399915587
2014-12-23,-0.0015410101116197982,0.0013475583411326287,-0.002536711280847698,0.0024961645443257138,0.0005617374542487783
2014-12-24,0.0017365925627631715,0.0006294448463607399,0.004787183113931332,0.002121635706406616,0.0009076661236922488
2014-12-26,0.00285418806601852,0.0023894446635105366,0.004589003999712184,-0.00019859003931192818,0.00272171082947193
2014-12-29,0.0010813061791778947,0.0006866308396988082,0.0035535314145260844,-0.00047829078527316,0.0004263449148982092
2014-12-30,-0.003733608806278735,-0.0033303418072770543,-0.007216216012345235,-0.003174122747089847,-0.00284558782394674
2014-12-31,-0.00975835473517537,-0.00992051033123533,-0.009695726403192818,-0.00943681438084967,-0.010101046380932854
2015-01-02,-0.0011749428342919162,-0.0002908200778726772,0.0006494551015840423,0.0013473059840507964,0.00023651810406851473
2015-01-05,-0.014401948910688987,-0.016567312967424995,-0.014266749153189484,-0.017604699397609558,-0.014384221556909074
2015-01-06,-0.008017581910503132,-0.009828464174429272,-0.00335622607499661,-0.007463352664573087,-0.0067297879742510645
2015-01-07,0.011882413434481208,0.010820572872853994,0.010268621595758684,0.009514515432798087,0.011124726471611841
2015-01-08,0.01903518823100741,0.01848886807325286,0.017087697252532206,0.015799187757429646,0.01748389231331511
2015-01-09,-0.006382176515034227,-0.006817036476996637,-0.0049682156862152615,-0.00644606510751819,-0.0064988418278531124
2015-01-12,-0.006517254726701168,-0.007118202034942447,-0.009283967106852345,-0.007249924984429163,-0.005726799222171507
2015-01-13,-0.004990013817497566,-0.0045561007512072565,-0.00541006075483391,-0.0006059616515991846,-0.0043293041773275285
2015-01-14,-0.00534444696759794,-0.0074923978698493605,-0.0004391610978729541,-0.008894201325566453,-0.006637602356162707
2015-01-15,-0.007545716925422455,-0.006489518793957133,-0.010078772312268612,-0.006059572944469228,-0.004830895031187313
2015-01-16,0.0139980792739269,0.0134616101658123,0.013482099714551134,0.008386482212649099,0.013894179487064007
2015-01-20,0.003544106224220792,0.004422508609376514,0.006902062264207992,0.00793722518794321,0.0047885115023980716
2015-01-21,0.002752073091698513,0.004640441470552739,-0.00028714544773262397,0.003758225231800606,0.003911107181134671
2015-01-22,0.013258649045194887,0.011912430361667047,0.007731385105462702,0.006140340031294057,0.011423835171091877
2015-01-23,-0.005376611692456821,-0.008529455208848978,-0.0014400148770907406,-0.0023806865715588817,-0.009180319593310402
2015-01-26,-0.00042686373340430114,0.0001644566245640031,-0.00027617278206029184,-0.0020790512711638467,0.0004596392221195086
2015-01-27,-0.013463605161253736,-0.01299339382894786,-0.016532661901868112,-0.014047057411626956,-0.011256447192903394
2015-01-28,-0.008585686219935938,-0.013187481572095802,-0.00929676659326767,-0.013958927689040522,-0.013366836914253794
2015-01-29,0.011700599232732638,0.010718714070929352,0.00969932550550577,0.006455800380912365,0.010653480752644882
2015-01-30,-0.013283886369767833,-0.01367259955659339,-0.005577119918218102,0.00039059510265434996,-0.011658920896039766
2015-02-02,0.010971917449177832,0.01168877508378038,0.011087502427351197,0.005600947211547496,0.011557710126546751
2015-02-03,0.015131306132030151,0.016208132788180115,0.010037003807275168,0.012680398570091445,0.014795643148248164
2015-02-04,-0.0044503690604226955,-0.0031826784652894975,-0.013779163006720715,0.003126015782315323,-0.002935487964125868
2015-02-05,0.01175910680465047,0.011007641139784495,0.010059359163232662,0.013148727862499505,0.010147598692518378
2015-02-06,-0.005061936463585912,-0.002424027650828698,-0.007721510568748069,-0.005950955943116976,-0.003720227366966938
2015-02-09,-0.004990270153617072,-0.0021645697207527495,-0.0013705944681000853,-0.004308660070050941,-0.0023272540671559613
2015-02-10,0.009915176465308508,0.011240858318020262,0.004595793684417331,0.0071204219982108925,0.009904111461146989
2015-02-11,0.0023514508235178053,0.00041191598193695677,0.003600113433636538,0.0014131943973793896,6.166047897206942e-05
2015-02-12,0.012437459032724339,0.012529609745240394,0.01444909500138847,0.014186703637108243,0.011480171634566896
2015-02-13,0.004274994627847152,0.004574929166836705,0.002098685933042306,0.0015480035404857356,0.004699734907377393
2015-02-17,0.0028262867762227292,0.0020821025626516815,0.004903629030524599,0.0023842870723196495,0.0011795109236375063
2015-02-18,0.002192546230231484,0.0003096850884394095,0.001670772776683461,0.0005495011660294635,0.0007674267432853166
2015-02-19,0.0016602646333230525,0.0008755362131096748,0.006105781928925346,0.0043215582560869594,0.00010539828560907787
2015-02-20,0.009384676623257022,0.007766396264430871,0.008404532201833475,0.009416097454973633,0.0077981852884726754
2015-02-23,-0.0008075470165124365,-0.0020409547406108897,0.007676541092317904,-0.001661925896438919,-0.0010348523855554822
2015-02-24,0.0018434927358552513,0.0038610020533881347,0.002465842394709479,0.0004047503361309093,0.003061646361260819
2015-02-25,-0.0015607939603795287,-0.0003432141906472017,0.002677193691405002,0.00233012264243174,0.00033369666536207097
2015-02-26,-0.001206467515956806,-0.0008515433273778435,-0.00593273295833617,-0.0017001590019201887,-0.0004939471247674722
2015-02-27,-0.0031816747959698627,-0.003261854480549348,-0.006177652880526535,-0.003727638227076297,-0.0028099726880335516
2015-03-02,0.009150587624465759,0.008337536291568897,0.011348461393510126,0.01170177880939864,0.006821611106523816
2015-03-03,-0.00892714606735483,-0.009265558309166078,-0.00875978227586959,-0.010865389467453253,-0.008142003049875847
2015-03-04,-0.004789180799603647,-0.00458268206598338,-0.00034003744789555377,-0.004143279850662348,-0.005213676081942444
2015-03-05,0.0020363306304886373,0.0017119776114656565,0.004196969907309092,0.0025691197131549517,0.0021327079883474024
2015-03-06,-0.01526029009022356,-0.015538904525544163,-0.012645177527182161,-0.015134473625639544,-0.017061545904066742
2015-03-09,0.005813820209911698,0.005422262178154523,0.003286533287357164,0.0060161283038552196,0.0049737028589103656
2015-03-10,-0.01873009269488462,-0.020139813912969155,-0.015329195407253079,-0.018648716933359046,-0.018880271158740185
2015-03-11,-0.0025587628471025322,-0.00029707039949245103,-0.006086031935325654,-0.001958724277668901,-0.000797769182500219
2015-03-12,0.01103169535336702,0.011696370420454644,0.01241998766980487,0.012640584077243902,0.011353493149787348
2015-03-13,-0.006630473556640908,-0.006568415770403557,-0.0075301719128282275,-0.007999869727198586,-0.0066614366333700385
2015-03-16,0.014901731967591019,0.01333031162847367,0.014170592076909938,0.010832480693907751,0.013360253741205872
2015-03-17,-0.005736552450248997,-0.005184126294849309,-0.005609308103086745,-0.007723434794234144,-0.00572144793194836
2015-03-18,0.007363300908555037,0.0082516294790886,0.007464658901933953,0.008714677945070286,0.009238978838741998
2015-03-19,-0.0006263458207615199,-0.0032075728449939955,-9.964194870639158e-05,-0.002018853377094114,-0.0026139597224410223
2015-03-20,0.006798767253601647,0.009010891718265428,0.00746948473655092,0.006168666434176925,0.008306360035261393
2015-03-23,-0.006177446192049527,-0.005177394493713216,-0.005709032397949047,-0.004468041811474806,-0.0037009635713607415
2015-03-24,-0.003931662710983673,-0.005081235343183953,0.0011998211414745274,8.471151273110845e-05,-0.004827450264036669
2015-03-25,-0.01929899149375774,-0.01988296886289829,-0.01704546563413374,-0.01739499492034064,-0.017222076979429193
2015-03-26,-0.0025343199856996354,-0.0023057070868737015,0.004785004577432773,0.0007129794348202089,-0.002180862887900465
2015-03-27,0.00415476843470299,0.007460844091089981,-0.0004884454131735215,0.0010178990427400561,0.005344614156736319
2015-03-30,0.011784098105151077,0.013873231555058194,0.0072169465914904375,0.005079677923089949,0.012219571739538485
2015-03-31,-0.009987596061774002,-0.00897047577085943,-0.01102849489060048,-0.007312633774104599,-0.009087499526450419
2015-04-01,-0.002688830624889479,-0.0014649084430833788,-0.00497197614158277,-0.0017550955639042002,-0.0017100673206298998
2015-04-02,0.002086214303569453,0.0015987189014448474,0.0022562146372998343,0.0024618665606434423,0.0020764746946587516
2015-04-06,0.004301733814014665,0.00560378047523157,0.0036327633820556647,0.0053149971174482665,0.005650797216596306
2015-04-07,0.0014665879440385545,-0.0010250988140073061,0.0035502864557689973,-0.0002883377541049822,-0.0012458333269408128
2015-04-08,0.00448280689720333,0.003010108204340471,0.007251097388326357,0.005415404140151818,0.0026495350205454344
2015-04-09,0.004819914854080583,0.005428616030032146,0.0022929963610729045,0.002718031793321569,0.004662501834122534
2015-04-10,0.004795308839174698,0.005174902240645556,-0.0014191280810473157,0.004250983024357851,0.004102651723468474
2015-04-13,-0.007299782880246414,-0.005251718603303452,-0.005847050382652086,-0.007281151203339902,-0.005266812205640971
2015-04-14,0.0019180969942422354,0.002244740112959028,0.003253125402723116,0.0018636659085277468,0.0026878530990944653
2015-04-15,0.005310164733578023,0.007913737667342827,0.003845258887501816,0.003061643351596522,0.006989111653585776
2015-04-16,-0.003061346709754049,-0.0026668421384615382,-0.004174745507708591,-0.0031554986610944774,-0.0021533249177808442
2015-04-17,-0.011384118928618486,-0.012046781268682681,-0.014001069603618825,-0.01067541964908042,-0.011358033708912852
2015-04-20,0.010424391851952392,0.011219217516843039,0.0035888245221356446,0.005152239601876705,0.010996466089940381
2015-04-21,0.003003043432143423,0.001812217590376285,0.00723842728878732,0.003480703586810115,0.0029720241990741024
2015-04-22,0.0067047261342306165,0.005040707368703295,0.01159881289803978,0.017999220802107495,0.004341779762378384
2015-04-23,-0.00264116190843454,-0.0010189363111052872,0.0009318682929406048,-0.0006477349895254573,-0.0003656623123624533
2015-04-24,-0.003001857737061346,-0.002976280002347969,-0.005688122580189274,-0.002601955913061402,-0.0015580889014639022
2015-04-27,-0.004121729540667014,-0.002900956842523905,-0.006056677983840875,-0.00467943687456024,-0.0026285405208422465
2015-04-28,0.0030808032000389273,0.0042350911502330585,0.002938880484586561,-8.557710824420623e-05,0.0052819525159436866
2015-04-29,-0.00559695001609681,-0.0034841920197739695,-0.004818383349871613,0.0001979907890757702,-0.0032453402232244383
2015-04-30,-0.009499790582746373,-0.00884353379164114,-0.007884266800539014,-0.009564275609861998,-0.008889100206741305
2015-05-01,0.011343245750053074,0.010620946428975455,0.013407997302775731,0.005690200523128012,0.009603827929095352
2015-05-04,0.0030651139704506135,0.0030595100471574157,0.0030478683205685054,0.0009133912677502475,0.002510973440511512
2015-05-05,-0.010168659720159345,-0.011210077831450681,-0.00886240921324037,-0.004851969021766236,-0.010160456444809191
2015-05-06,-0.003936324005106125,-0.0036934083135860226,-0.004084604497999278,-0.0033913688374192586,-0.0035769257537143096
2015-05-07,0.005140320015549487,0.0043772627231951,0.005589777178806461,0.006329550039375048,0.004272144502135243
2015-05-08,0.014825314558543018,0.012813330953865672,0.011882131435272995,0.01643542405898875,0.012670077281225359
2015-05-11,-0.001433213996802094,-0.0013007696543083757,-0.001962782379624357,-0.002095750328809958,-0.001768494863121966
2015-05-12,-0.0025880590301425896,-0.0038110022945788777,0.0021038891369904557,-0.0024238587363620565,-0.002657452820721792
2015-05-13,0.00046491661363535206,0.0020420337632562234,0.004960993901752768,0.0016005388763673028,0.0015904005692688387
2015-05-14,0.012166057836493754,0.011389898843164247,0.012170286815848558,0.010425916554972532,0.01116070587621035
2015-05-15,0.0019932455911845816,0.0014157097300535695,-0.0014516957108086095,-0.002848862974665655,0.0023045339941239794
2015-05-18,0.002536319206431617,0.0030806663011428647,0.00272003860903669,0.002961315135205272,0.0025037082495565854
2015-05-19,-0.0019288208251524105,-0.0007784110023217241,0.000658917855894839,0.0004274346007100614,-0.000775314818848095
2015-05-20,-0.0027147511682882,7.149350296893679e-05,-0.0024564800143281594,-0.00020079098681266734,0.00019529220458900265
2015-05-21,0.0023296804916569593,0.0024270526798968323,0.0003039397377995368,0.0010869403452154402,0.0020089937387901624
2015-05-22,-0.002460024921412785,-0.0019858058247050076,-0.0007925587689283498,9.304209624177366e-05,-0.002398830691166131
2015-05-26,-0.009195452872704494,-0.008979549510238542,-0.010124882617038365,-0.006637389934264758,-0.008431315803795972
2015-05-27,0.010169379097195083,0.010155812142937835,0.008188068915397369,0.008292112974423485,0.009143606944154864
2015-05-28,0.001595598517842862,0.00116965722367934,0.0011605814926232323,0.0010904127431964074,0.0011134204803594032
2015-05-29,-0.006753606936009694,-0.006271580096384285,-0.005842645442542229,-0.006946187714355623,-0.005985269483125856
2015-06-01,0.0031152514243808745,0.001830546572353302,0.006461203374126475,0.0035115580301611268,0.001958472714694091
2015-06-02,-0.0004604755139422487,-0.0017636175567289167,0.002262771839393739,-0.0009163448489719224,-0.001842740109177181
2015-06-03,0.0030164600148970934,0.002277052149274898,0.003482863446892056,-0.00025372215092410726,0.001596116843599127
2015-06-04,-0.008576416326816468,-0.008141327858508032,-0.008057161893202283,-0.0067591491380757035,-0.007003179139508061
2015-06-05,-0.0017305248446095683,-0.001327189131117681,0.0008526110227097404,-0.0003640654834494838,-0.002624487258267961
2015-06-08,-0.0077554872181980405,-0.0073459947026342145,-0.002281006950182043,-0.0068831258232212155,-0.006083920468011471
2015-06-09,-0.001555736824752259,-0.0018570328991138257,0.001292555696650784,-0.0018291252343843724,-0.002311493540173806
2015-06-10,0.01140048353985048,0.011449830173834347,0.012516375357281936,0.010773040379423313,0.010143353893263667
2015-06-11,0.004157010453711935,0.0019615004409118896,0.006260737723014883,0.0009023344805408741,0.001913132985955716
2015-06-12,-0.00560832872446983,-0.005637789631905412,-0.004113381411400557,-0.003003296605622847,-0.0052966120257124695
2015-06-15,-0.004900954953636781,-0.00475742421716549,-0.0038032629530875203,-0.007467720327415294,-0.004865767465166076
2015-06-16,0.004914340060406707,0.005295451249578073,0.0053809327994008725,0.004449276463825634,0.005499973711009959
2015-06-17,0.0021051370683019353,0.002501404340456026,0.0011950801966530782,0.001624993807269102,0.0035702904023173364
2015-06-18,0.009467432213245188,0.008920134471868887,0.011761273896354119,0.008787075732247811,0.00989904748077645
2015-06-19,-0.006086962490370343,-0.005448658756419117,-0.008793067480130257,-0.006871788299793127,-0.005432438990136731
2015-06-22,0.005461130753991376,0.005418476838585809,0.005655665472674869,0.004670630260725598,0.004444746095360768
2015-06-23,-0.001405510264681728,4.702195286232719e-05,0.0010566485046123119,0.0012537299358126438,0.0006268827725017002
2015-06-24,-0.008732125105907653,-0.0078977632791794,-0.004140912395258951,-0.0047504009591667,-0.007380179820068318
2015-06-25,-0.005187366859842465,-0.0037536016230811414,-0.006533201185225455,-0.0037105833608506934,-0.0036968203864394893
2015-06-26,-0.002398357476158229,-0.0043274252533046075,0.0012127572780487924,-0.007363799513575264,-0.0028041759333743595
2015-06-29,-0.021598637061126746,-0.022003996276299884,-0.01789625197201194,-0.018915729468607104,-0.020674446114260343
2015-06-30,5.293742024189251e-05,0.0004684973196715227,0.00754801135108754,0.0031445920105537106,0.0003060953139058116
2015-07-01,0.005521257146917376,0.004446288940857362,0.006150748248512838,0.004573319729114319,0.004341252004733976
2015-07-02,0.0007443726467723282,0.0004420386571792389,-0.0028761293991848304,0.001834004426190584,0.0011375835302818611
2015-07-06,-0.004243095511127837,-0.00589152988782034,-0.0005627908856367106,-0.003889397500373298,-0.004670427518439755
2015-07-07,0.003607926684767086,0.0016413507107410957,0.0012404477048563079,-0.0004982523973250822,0.0021498969087747287
2015-07-08,-0.014501811289824506,-0.014717513513292979,-0.01029979150956244,-0.011890528625005982,-0.013495305462350313
2015-07-09,0.002278566056423206,0.0003995779011964455,0.006015237641578635,0.0028544199855189602,0.000637958382559765
2015-07-10,0.010977427625898682,0.01096079952612274,0.009768468575010986,0.011657088964826225,0.010461455544955088
2015-07-13,0.008392522501659323,0.009596991893740234,0.010088296034112152,0.00911569831255162,0.008850340118302389
2015-07-14,0.005231358471057216,0.005188338392350084,0.0039997736219387,0.005860924332250514,0.004251240085414911
2015-07-15,-0.004229318966708643,-0.004759066891053224,-0.0016193458094200966,-0.003730477279035022,-0.004614513171582206
2015-07-16,0.0038419636794328857,0.0014554896617452963,0.006733585488144012,0.004480583712347506,0.0018232310687095882
2015-07-17,-0.0032822874598800404,-0.0035974655429272394,-0.0016535353370128653,-0.00017569219300923465,-0.003824018396494213
2015-07-20,0.00097287203741744,-0.0013902082040098138,0.00827937837950568,0.0048687547421136625,-0.0015002700185441148
2015-07-21,-0.004624749386333463,-0.006522111978016734,-0.005366751792319669,-0.008979240341328399,-0.00667755581973084
2015-07-22,-0.0015166598839684584,-0.003705630182645968,0.000512388368115973,-0.0025173295022479563,-0.0028859944363617174
2015-07-23,-0.007908165472728532,-0.0050647817415861544,-0.004362319914084831,-0.0033210345730504145,-0.00502498489899888
2015-07-24,-0.008884401819036436,-0.012480143882913684,-0.009698464452148777,0.005044016750272691,-0.009534915069331643
2015-07-27,-0.009107772359378423,-0.008548371044517292,-0.012567548988773988,-0.009856427825824025,-0.008369243184452368
2015-07-28,0.01313708249655982,0.012851717757966185,0.009769320177375432,0.010016405434520977,0.012487845897078423
2015-07-29,0.011475327637537825,0.00998712978577466,0.015685170529826514,0.01069262592700479,0.010075897211757792
2015-07-30,0.0051864275382897404,0.003327901176408129,0.00639730108481266,0.007171844757557134,0.002034805505049598
2015-07-31,-0.0012289881675170335,-0.0032305900791883314,-0.0031755548911966444,-0.005318014791961123,-0.0027412414475756265
2015-08-03,-0.0021496253808479487,-0.003163272946844828,0.003814920266912637,0.0013128010277161032,-0.00287976599890715
2015-08-04,-0.0025035538767000792,-0.0026184553696554508,0.0015480728685082316,-0.0032308323722839913,-0.0020450907461446607
2015-08-05,0.00533416276197525,0.0058795613173865495,0.00384215256688649,0.002282889472085457,0.004819157749836326
2015-08-06,-0.009108228562645728,-0.0075643694622129,-0.005714851005568898,-0.00751872270180202,-0.007281294152528131
2015-08-07,-0.0033772061867621155,-0.0030459204894420972,0.00016648559284740557,0.0014128445353414696,-0.0030015581636997826
2015-08-10,0.014274641769082518,0.016914503570008333,0.00865309867725735,0.009813058035206768,0.01584642433794311
2015-08-11,-0.01128739860968158,-0.012609267777894723,-0.007114643583624825,-0.01041519009838203,-0.010838833922274152
2015-08-12,0.0005429774207095012,0.000974897028359745,-7.69669320712491e-05,0.0030647272146714748,0.0017827387961192108
2015-08-13,-0.0004495935361869992,-0.001733043862422521,0.0016750572627725843,-0.00048797853368677963,-0.0016149480222603652
2015-08-14,0.004953387893798154,0.00416020645237034,0.0064203271024826725,0.0026164428386127652,0.0041436374764504316
2015-08-17,0.004866047677694545,0.00510231176103375,0.004375933459284985,0.003999590981679749,0.005109482555918003
2015-08-18,-0.003118387336067404,-0.005065094202249534,-0.0002886299818633496,-0.002966103660997719,-0.0038473487551668297
2015-08-19,-0.006732139843080778,-0.007953583267521325,-0.008048501335843753,-0.0059891449709513385,-0.007296277390952963
2015-08-20,-0.02118750678023254,-0.022368159902512667,-0.017264357192944703,-0.0153070665130437,-0.019985140508885772
2015-08-21,-0.028644960693962343,-0.028023913963561443,-0.02909509067721402,-0.025186296384736087,-0.02745834683878456
2015-08-24,-0.037839130049251754,-0.03884464967776191,-0.026790959021563445,-0.028319766418385572,-0.03917497086335777
2015-08-25,-0.014621794427788621,-0.0160329927852678,-0.001903302663578512,-0.01278595510518251,-0.016330766017822615
2015-08-26,0.03548894252438459,0.0351847918919064,0.030273926769923697,0.03181258265399879,0.033635259265254604
2015-08-27,0.023257569644856896,0.025693044747092567,0.016589977849920872,0.02248357792690991,0.023739519632677737
2015-08-28,0.0029450494251307907,0.003421812891419073,-0.00015196679885951702,0.0024412325266932244,0.0035019938122141277
2015-08-31,-0.009756205849990526,-0.006469804374405419,-0.014387205658583627,-0.010169920403768741,-0.007664987329359708
2015-09-01,-0.027735710246930743,-0.02950254685703805,-0.024572821343822767,-0.02435733844614746,-0.028063033799106605
2015-09-02,0.01588977286997924,0.01453483999776102,0.018158710810351125,0.012198948623540616,0.014380798164960226
2015-09-03,0.003866733729430474,0.005567836590683448,0.0019170846808251262,0.006033145059162788,0.004976723090697177
2015-09-04,-0.014778916108022254,-0.015574147524508239,-0.008549287217735405,-0.011641825664870802,-0.015458988517090618
2015-09-08,0.027619634438895927,0.028434253247983605,0.021157725969560733,0.021148289392454646,0.026526212249102503
2015-09-09,-0.014589605382462349,-0.014636940510498245,-0.014719426931562848,-0.015114482834648155,-0.014806943488839291
2015-09-10,0.0037738173341021536,0.0040157524226858725,0.005357560619071206,0.003401836206904706,0.0040803280478203426
2015-09-11,0.005063636779731085,0.00427681554883664,0.009902479900512498,0.006733524868049635,0.005136468137816261
2015-09-14,-0.003922545419095578,-0.003156584469000149,-0.003166778448150467,-0.005026896107569153,-0.0029096060914257154
2015-09-15,0.01425820459988343,0.014129693427786126,0.009905666556016466,0.010356588712162981,0.013977661549440322
2015-09-16,0.007183228607165576,0.00884363268157378,0.0025781609485226913,0.007219238732372991,0.009088517337847934
2015-09-17,-0.0017435390561970627,-0.004691362675164779,0.0015150351874781611,-0.0007567467363251549,-0.0024400020444074995
2015-09-18,-0.018992480624254085,-0.018314589592288273,-0.01602499652632444,-0.01548414066525302,-0.017116041150576827
2015-09-21,0.0036683664780629275,0.004231454821111701,0.00019172018732285887,0.007211078910558055,0.0038556753076709714
2015-09-22,-0.012560358063653996,-0.013615740270596541,-0.004604453995365368,-0.009688447454283008,-0.013072960305083989
2015-09-23,-0.003829321762006656,-0.004604551744777273,-0.00214152907850142,5.415200872689813e-05,-0.003345659711222918
2015-09-24,-0.004619668928098003,-0.003300717322701709,-0.005144218795448162,-0.003863205147799501,-0.0019429258809202385
2015-09-25,0.0036158894741693697,0.004875943671992407,-0.002380177075925317,0.00011716550887001315,0.0033382072561763017
2015-09-28,-0.025611725655822447,-0.024974485127815582,-0.02415276958116644,-0.028073002805770096,-0.024727035623367713
2015-09-29,0.0074009697199076555,0.005856864138061,0.006535066051957653,0.006862452697983343,0.005837576370570632
2015-09-30,0.022421517229488076,0.020328396869066616,0.01677687045540762,0.014324062696020455,0.017788773267148866
2015-10-01,0.00045926240365768453,-0.0009039258885828236,-0.0022648184784868045,-0.0015575995490393034,-0.00107008814848446
2015-10-02,0.012814532268631246,0.013431057852434813,0.010330737475372805,0.012896567838429688,0.013764535993108808
2015-10-05,0.021278435940365714,0.0237554500342397,0.018177452685069057,0.022310805613447553,0.02213986574105234
2015-10-06,-0.002988218046557482,-0.0005970954810644439,-0.0057632833954081395,-0.0006289603949897562,-0.0016842983879394116
2015-10-07,0.011355354030089602,0.01032952101013585,0.012843481781902326,0.009856809932914087,0.010894103754794437
2015-10-08,0.009172854826264681,0.008490942265686908,0.006450673542785257,0.006470270703201005,0.008032607392378259
2015-10-09,0.0008854180212714853,-0.0008510868991544946,-0.0012487830895941093,0.00017215655401035595,7.953327361810984e-05
2015-10-12,0.00022049875639583078,0.0002168036977628501,0.0013704113173409087,0.005393201356667386,0.0004901247739101655
2015-10-13,-0.007759564610818382,-0.007035669624117738,-0.008773515178015279,-0.005628704450607872,-0.006859860014448949
2015-10-14,-0.0034635004887940994,0.0010155454111063574,-0.008910366312490245,-0.005966170135492815,0.00023609574103405744
2015-10-15,0.012495082095709844,0.012626515158775466,0.01312163425145993,0.010483875571485253,0.012075068986346868
2015-10-16,0.003338344673956319,0.0052125843958764975,0.002472997405524306,0.005063496810126187,0.0056248010744895174
2015-10-19,0.0008663434308206863,-0.0026047817212488562,0.0028157368283887605,0.004413402197449571,-0.0025561511788890143
2015-10-20,-0.0044915064346072175,-0.002913269749582091,-0.004256098582579761,-0.004992052994344976,-0.00296500069192055
2015-10-21,-0.0008656275125251173,0.0012889480456942802,-6.470512547083046e-05,-0.0027116846705946837,0.001666975268430025
2015-10-22,0.02487156420603441,0.023414304176865387,0.020292219291236306,0.01333746467161831,0.023248647139949917
2015-10-23,0.007582278796992279,0.009744286564847516,0.009281037946468021,0.009581892797087797,0.009329588772210736
2015-10-26,-0.0030214254956950843,-0.005577896048673525,0.0031859563799791213,0.0012358941077870063,-0.004624205791052054
2015-10-27,-0.004913030296369437,-0.0070173530693825965,-0.004861852421674435,-0.007732729658421621,-0.007125587486767976
2015-10-28,0.005619149161941151,0.007897004775990094,0.00017245506747923548,0.008531695597326153,0.006639944601551131
2015-10-29,-0.0016060294822829537,-0.0023553345349678857,0.0011334658861469587,-0.002999248935085802,-0.0012768307941481997
2015-10-30,-0.004312672681561718,-0.004356862643689573,-0.004035438323670828,-0.005940206360842638,-0.005303925672337683
2015-11-02,0.005628137863133776,0.008441948638040445,0.005568441311517232,-0.0018955559817276954,0.0082165227902673
2015-11-03,0.005946822782977306,0.006444392461918367,0.00044864944686986194,0.013336695578280428,0.00546242843551114
2015-11-04,-0.0016636617403725646,-0.0026520604570649704,0.0021356498171726116,0.0008809234614876025,-0.002495491914291338
2015-11-05,-0.0052333054152931355,-0.004490811110805166,-0.0004983894927652653,0.0015141944212054594,-0.004435853090724481
2015-11-06,0.0020645698311391797,0.0044242358424453326,0.00020876162393260287,-0.00155507135478583,0.001563699069678424
2015-11-09,-0.008764046416494873,-0.009202769155005945,-0.005854093027432088,-0.009118146851732914,-0.008416554509357344
2015-11-10,6.682223625564918e-05,-0.0007414806067958627,0.0005890287875279363,0.0027920018854395703,-4.075887400011225e-05
2015-11-11,-0.0013813991070273414,-0.0008424835896548074,-0.000983222171691857,0.0013782897896319926,-0.0005755684278634063
2015-11-12,-0.013174988112540689,-0.014173473795069894,-0.017529847226019687,-0.010763834046345008,-0.013872081560896716
2015-11-13,-0.007996251437587299,-0.007940437484385296,-0.007842851955989076,-0.004016860547472538,-0.007533477175343755
2015-11-16,0.014058993721811037,0.01411524658615106,0.017310967537382253,0.009869103312711465,0.01422869525098612
2015-11-17,0.0015493739775950602,-0.0006064886881630518,0.00039948634488313193,-0.0003550938739369861,-0.0012899527957175635
2015-11-18,0.012746679440010594,0.013601585025815148,0.013444687925697665,0.01035279350240983,0.013550214715499758
2015-11-19,0.0001538951471120951,0.0014150709059011634,-0.0024130869527201233,0.0006133794533043702,0.0014425895399972142
2015-11-20,0.004709703592275988,0.002561625949470176,0.004997347566048038,0.0019620874803707193,0.002068561256206457
2015-11-23,-0.0029359059009921072,-0.0028298157226920116,-0.0004184032791367376,-0.001403010661510162,-0.0019397445495082048
2015-11-24,0.001706826859234028,0.0034860304403411904,-0.001391639335408845,-0.00039832899246962795,0.002884409188182565
2015-11-25,-0.0028636548443677036,-0.0024134381701979815,-6.350650646260478e-05,-0.0032861170036049795,-0.0025230850937218974
2015-11-27,0.0014617775859801674,0.0009256290303624151,0.004690094897067369,0.0018441005816486984,0.0005563418648354644
2015-11-30,-0.007442477605261421,-0.004585704029689984,-0.013001410527345355,-0.00719126700313919,-0.005715866878934657
2015-12-01,0.00937776801203372,0.009576610218798767,0.0016126868657632206,0.007534867434635841,0.009082854240177771
2015-12-02,-0.009516737456794894,-0.01063733831396258,-0.0077482475965198,-0.00914207898567452,-0.010410447453614573
2015-12-03,-0.01308279864785134,-0.012578589909865365,-0.014045428234944615,-0.009098389579920256,-0.012089942336364684
2015-12-04,0.020058861005762596,0.019591036448777965,0.01663306068412931,0.018731475020002015,0.020394362607020794
2015-12-07,-0.006339667074840947,-0.007097097987481799,-0.0038859375402860085,-0.004812984857273143,-0.005308050282676283
2015-12-08,-0.007055546480846104,-0.008367633200156372,-0.0018736502988893741,-0.004345671859624301,-0.007760823253702871
2015-12-09,-0.004198046546203793,-0.005963658660787519,-0.004127262709145803,-0.006740763106869628,-0.005609175640164936
2015-12-10,0.002306663131479051,0.0019239909381554739,0.001971311611451575,0.001564060306332439,0.00209246871010425
2015-12-11,-0.01659554930544939,-0.01753016448447131,-0.01666045225940986,-0.016863149989741817,-0.016568267437331103
2015-12-14,0.0014447703375584282,0.0021761596550478653,0.00622262050592711,0.004533657317627251,0.0037380911588443992
2015-12-15,0.007699837486030028,0.011251813488097711,0.006235698772045448,0.01259234033394586,0.010847267431363326
2015-12-16,0.013423832177423992,0.014078953681004706,0.012268738681933792,0.013829298694238646,0.014732410851545252
2015-12-17,-0.013978484860414725,-0.01692139776824511,-0.00803039162196105,-0.01085920803453837,-0.01680392316009158
2015-12-18,-0.01910373805843606,-0.018560900842058352,-0.014899261004786517,-0.018093676556690266,-0.018060159319569162
2015-12-21,0.008814332965597466,0.009022496525414325,0.007640541898766107,0.009811254522485848,0.00844207989815565
2015-12-22,0.00842907868898052,0.009690193775327306,0.005049261090639669,0.005475547743523159,0.009483152411907407
2015-12-23,0.012233550445577966,0.013601337611979375,0.006311617533491,0.011292326049170385,0.013169885796166132
2015-12-24,-0.00012492187982455778,-0.0008628651028800723,0.0012163363552456662,-0.0011464558430319665,-0.0008510203211676141
2015-12-28,-0.0027239875259486976,-0.0032815133537636492,-0.0038522991417801952,-0.0004317426739126965,-0.002924650335075159
2015-12-29,0.01191681564391241,0.01070797381275361,0.009674793950272171,0.008935917794414942,0.010195525145760793
2015-12-30,-0.0074001189223631,-0.00803615341392602,-0.005773904936409972,-0.006900992183838232,-0.0074114864996499925
2015-12-31,-0.00970056067601718,-0.010051822286136304,-0.010199734340057226,-0.00854731471599531,-0.009635897901290396
2016-01-04,-0.017465918287834135,-0.014889266490116087,-0.018674437392557933,-0.014695354173428056,-0.014783071342513063
2016-01-05,0.0010016495058375742,0.0008230788592588742,0.0067559582386214284,0.006076493034272042,0.0024008897292136836
2016-01-06,-0.015852156969218625,-0.01673667591714552,-0.006906358990064063,-0.012883642833999504,-0.014001202722158245
2016-01-07,-0.024560947438559848,-0.023967285971628813,-0.0187893076994885,-0.01600561040837633,-0.021158725160198445
2016-01-08,-0.01281982916807535,-0.013140043315953085,-0.008154982942024784,-0.012944170448912443,-0.012789320638374266
2016-01-11,0.0010239270219144507,0.0008128158334969909,0.001945894082387776,0.00020221680779661168,0.0011118527364673923
2016-01-12,0.006897263873855818,0.005972474480338242,0.006993068088392137,0.007197230045491467,0.006506264527248604
2016-01-13,-0.02365977451341946,-0.021611708391846188,-0.020337730271972557,-0.018494589972178937,-0.01880227474843859
2016-01-14,0.011947253712566417,0.013979868532701858,0.00923368929837343,0.00889179375065145,0.013331007613655022
2016-01-15,-0.020808437845521003,-0.022353848623531257,-0.008573315456052218,-0.021656638981379123,-0.019017720715498728
2016-01-19,-0.004918619114322261,-0.005701111044957358,-0.012558172235880308,-0.008950309218927852,-0.005928271286476024
2016-01-20,-0.012534130061710804,-0.013874132020296137,-0.010426664919480699,-0.011885536592127193,-0.013474051725937061
2016-01-21,0.0019379403227096155,0.005310370223425336,0.00010665815440140652,0.009477903176949133,0.005477867446995713
2016-01-22,0.014139518184142729,0.012789273737417693,0.013459111092533706,0.012716662470016366,0.012839527392321482
2016-01-25,-0.01294592609976953,-0.014650767336385217,-0.009924295641679064,-0.011033713979006935,-0.012251176081286588
2016-01-26,0.01793103648879038,0.01874339870878365,0.004336294217760792,0.008425916739781762,0.018685607396522273
2016-01-27,-0.012925016559045604,-0.008363400343230553,-0.013872553933423258,-0.009479006408297897,-0.0070966313224764925
2016-01-28,-0.0058319339521630065,-0.0005794941389716824,-0.009027207710735726,-0.00786817607607529,-0.00041936575549928384
2016-01-29,0.02953088396253476,0.032112108719948955,0.018398672987725025,0.04126112554159179,0.029256911836783646
2016-02-01,0.0025600014450961675,-0.000992332045803679,-0.0020443720173943655,-0.0015119194625633655,-0.000294541725268892
2016-02-02,-0.018080057332425223,-0.0202780611579058,-0.013339354479248736,-0.015348931180455173,-0.01775807358164761
2016-02-03,0.010498386921538112,0.009083133975823002,0.011167009184974971,0.008117593118589289,0.010860173958739032
2016-02-04,0.010180914422748023,0.010955870661936202,-0.0004757430959424202,0.005882094742108643,0.00854893048093229
2016-02-05,-0.017828692408740476,-0.015491287987698246,-0.01569014598150872,-0.017315561927537138,-0.012344548242517836
2016-02-08,-0.011764485380454708,-0.011071876931493935,-0.005614761883346357,-0.02069520284983379,-0.006322678019175483
2016-02-09,-0.0007316845482807637,-0.003600750575067215,0.011898999603320968,0.0020849151005799026,-0.0038835571036845975
2016-02-10,-0.000430241860442916,-0.002331653424700204,0.0023072639507412105,0.007118194750260751,-0.0012989456916232768
2016-02-11,-0.015456859225616055,-0.013938215944658189,-0.013846314709251033,-0.014485470129948545,-0.01310966815056298
2016-02-12,0.01955395438767594,0.021431894393069972,0.012656173678756417,0.017393066929412018,0.019449827178086118
2016-02-16,0.020690346781131054,0.0192836183565293,0.011102541014889503,0.014249046317312327,0.01525858084686478
2016-02-17,0.013394414875993653,0.015790551696734746,0.0047734596516488675,0.014661649325619266,0.014550237203889607
2016-02-18,-0.0016119925594865856,-0.001212311025439877,-0.0028905038677494053,-0.004213446293482867,-0.0008166230049674028
2016-02-19,-0.00010337729270748128,3.648099011560276e-05,0.00015408652608528807,0.0006643794743675967,-0.0004973025607606138
2016-02-22,0.0167343521813768,0.01618973022764511,0.007325458161518036,0.013185979954594425,0.014522836166796988
2016-02-23,-0.014626271988617406,-0.014387285222500604,-0.007915790012814899,-0.009163892666442899,-0.011406204424314177
2016-02-24,0.0065711809756543,0.005886796295858882,0.003386704084104051,0.0037937537183393884,0.005303287252535566
2016-02-25,0.011325412487564222,0.013263612116155765,0.011136499657569245,0.014966989793932855,0.01300945873284185
2016-02-26,-0.001470009122526697,-0.0014113362734260754,-0.0029905612018577264,-0.0031812499754138982,-0.0035645132415471903
2016-02-29,-0.007465406866822628,-0.007450593035770486,-0.005653567597037511,-0.0049279998773574234,-0.007028128316978103
2016-03-01,0.02305393123830439,0.023307128428539877,0.020736424049294554,0.01904639339026698,0.02067438233694149
2016-03-02,0.0028080576909799444,0.006006857022486953,-0.0029965467190119083,0.0037757288725088654,0.005646869539787316
2016-03-03,0.0030036138328722716,0.004751743512517561,0.0007632092189541087,0.0016455933438884979,0.004521432183760471
2016-03-04,0.0022748371659475257,0.001434650757669134,-1.6295797774254148e-05,0.0010145569810911543,0.001034737744169087
2016-03-07,0.0029738342668764388,0.004324832489432164,-0.004644697779527845,-0.009071324223650723,0.0036639782206434653
2016-03-08,-0.013961613375943172,-0.014941232699547759,-0.007932998572362952,-0.012610864305377605,-0.012045205234859756
2016-03-09,0.003600746694103222,0.0030659302931330956,0.0007860120272655611,0.0018590277775816487,0.002938992107374362
2016-03-10,0.0007352856844031017,0.002089096799352801,-0.00024922622550668447,-0.0011656269906222246,0.0023946704965041475
2016-03-11,0.015190907647674178,0.014355149492926027,0.009352237672016924,0.012975561329154766,0.011645203303308484
2016-03-14,-0.0023004977606572215,-0.002682186864737381,0.0034429287800136436,-0.002766087133343308,-0.002326344780021059
2016-03-15,-0.003723858157953212,-0.003067672740869702,0.0004870294046971052,-0.0012286100050872902,-0.0020498616136264258
2016-03-16,0.006746326938053683,0.007247131194265811,0.005302938296850895,0.006161692365505551,0.00758160989926392
2016-03-17,0.010362992032291974,0.011015654147072479,0.007616558132131045,0.00976209358774309,0.01036834658155501
2016-03-18,0.011409282322090607,0.00960729666572141,0.006478191484642728,0.005845182274585347,0.007585884741814616
2016-03-21,0.0019535545804716626,0.001059148816799501,0.003186100200361051,0.0021214503065111155,0.0010385650714024777
2016-03-22,-0.0013546188540369559,-0.002662979700078956,-0.0010260242345072749,-0.0036032959930662866,-0.0030848593577595083
2016-03-23,-0.009482899706821583,-0.010509428423480655,-0.004999934793244486,-0.002612323442611611,-0.009571397178292052
2016-03-24,-0.0011898486773366777,-0.0006332558024780139,-0.0032366515128479613,-0.0010856905925564196,6.92774117660118e-05
2016-03-28,-0.00042066309810385414,0.0006196866581596898,0.0013772238578061312,0.00020072513246192642,0.0012488912082146979
2016-03-29,0.00906215373842815,0.01013851336430312,0.007409940666297274,0.012993645842008666,0.010762506127982237
2016-03-30,0.0024173196995225187,0.003276056382681917,0.006658598599685127,0.0067828724249159745,0.0026959537064722566
2016-03-31,-0.0011516523720834818,-0.0005628775733042422,-0.0006223847787832897,-0.0005785008332564488,-0.000879955857225734
2016-04-01,0.005974456856715748,0.006033721366812125,0.0092463798446345,0.010261239060555661,0.0057685751874574625
2016-04-04,-0.004166295772121567,-0.005513970468600475,-0.0034493146279658245,-0.0033122901992403207,-0.004185444940737826
2016-04-05,-0.0056287039439090305,-0.007201447800061178,-0.0001258447626780383,-0.007565898414620074,-0.00527691994517775
2016-04-06,0.008130709277420597,0.007997220042832515,0.005786541717411643,0.007365607280929791,0.00852892898563806
2016-04-07,-0.008911271382015895,-0.00966126138816572,-0.006231909116617612,-0.004577358569891188,-0.008071932482523964
2016-04-08,0.00413467680745111,0.0054265690131400975,0.002812383439536437,0.0045514770068206655,0.0055911371341449256
2016-04-11,0.0009648012443395531,0.0017640780247903678,-0.003065487556538871,-0.0012419291864806583,0.002121862827462355
2016-04-12,0.0064659151835107015,0.007380054694509942,0.006067607285866043,0.0035111186097305947,0.006646675126133851
2016-04-13,0.010833214588961335,0.010519124907556406,0.008358626522802769,0.010093031514631095,0.006819887713080591
2016-04-14,-0.0026208060804712523,-0.0020473672911448517,0.0008322761286935839,-0.0015870123037320851,-0.0018806279352997042
2016-04-15,-0.0008475917203947146,0.0010327952173041963,0.0014544445320588035,0.0024218461044131184,0.001663299908770821
2016-04-18,0.006922649723996944,0.007116462139945276,0.005365048870043326,0.007369402742852431,0.007253463427354989
2016-04-19,0.0033863131133184702,0.005313037849920029,-5.487929402957925e-05,-0.0009244638624949973,0.005632560535162077
2016-04-20,0.002324972262258718,0.0031113227225311574,0.0028942677545104357,0.0017385214767010196,0.0011164502529442664
2016-04-21,0.0004649330270845161,-0.0014589565482429018,0.0007433268007868046,-0.0031099530864101737,-0.0008675043248837738
2016-04-22,0.0020315925216101245,0.0017711777134273407,0.0013260062671757679,-0.004171669491851182,-4.5589064740555324e-07
2016-04-25,-0.0029319733904763848,-0.002518539624227067,-0.0016817709420038126,-0.0033070659960912447,-0.0017333898102799288
2016-04-26,0.00614811339231111,0.006532715239134762,0.007209569440735349,0.008181572510474444,0.004383440890854327
2016-04-27,0.006036864991787723,0.005769069282265319,0.006006594497824098,0.005677220441822256,0.005581885722392014
2016-04-28,-0.01458200434123658,-0.011328593154065907,-0.021325168459454914,-0.008308591736983123,-0.009436109583719317
2016-04-29,-0.013817918035475617,-0.009684007023649396,-0.013533738037982261,-0.005944646190107075,-0.007001929916969263
2016-05-02,0.005115792725584838,0.004949340820333696,0.0053541664200386415,0.004469026934893697,0.0048615569355785395
2016-05-03,-0.010694330663690204,-0.010677077728414181,-0.007062700020680511,-0.011100181102974496,-0.009707214727040328
2016-05-04,-0.0069356268893131755,-0.008725596115182768,-0.0036557449589513704,-0.006292558121197175,-0.0078904191477207
2016-05-05,-0.0015912553715379182,-0.0016935176246982695,0.001404182138523345,0.0019231333650967446,-0.0008555338315592226
2016-05-06,0.0030944466654835383,0.005408458346722053,0.0022202437632817262,0.004371643628200679,0.006071565805067372
2016-05-09,-0.0018546914696781149,-0.003957705672704098,0.0002994680016552265,-0.0011279094994760225,-0.0041002006508081635
2016-05-10,0.013427329002709112,0.01430813443245886,0.00981890275117622,0.012223595273998519,0.013828012421513871
2016-05-11,-0.008809318328486443,-0.006274462451149356,-0.009792451384558814,-0.007483462657276985,-0.005635008628536607
2016-05-12,-0.0016555448765072645,-0.0022113316413301977,0.0002519947194261681,-0.0009991552296073143,-0.0008799349787759628
2016-05-13,-0.00890359697103731,-0.00799554012011719,-0.006499353697547284,-0.0076187601500969865,-0.007309346256187281
2016-05-16,0.011059652904323416,0.01107023082465924,0.00642070397027298,0.009581218340160244,0.01093450447629114
2016-05-17,-0.005729637416515819,-0.006915697491554503,-0.0039057525816700595,-0.007495578365201313,-0.0073402150957465025
2016-05-18,0.0030683819091678437,0.0016823884971065802,0.0016949655468039473,0.001671029504712386,-0.0013549843655302203
2016-05-19,-0.00473380480508377,-0.0040733017323020355,-0.00800101711600893,-0.004223400003771082,-0.002942162845650101
2016-05-20,0.010106776338041867,0.010698130749942684,0.005785089686404517,0.01243026669992084,0.007628613658742659
2016-05-23,0.0006744459599686849,0.0013956260478198662,-0.0006713826716379424,-7.60870137983473e-06,0.0006300749050041817
2016-05-24,0.01332743287466314,0.01311456258808474,0.010434877571824961,0.013310888520979464,0.010128039831865538
2016-05-25,0.00804331371781892,0.009080351157642478,0.0008994199240710959,0.0026327653485801747,0.00826228578852738
2016-05-26,-0.0008301897117800013,-0.0003982428916449973,-0.0015449890496856027,0.002334092300858031,-0.0002635757763606864
2016-05-27,0.004769986046473973,0.005189624975311433,0.003392194351340725,0.006144010962237603,0.003953798278261736
2016-05-31,-0.0008794544915128008,-0.0004529718612962734,-0.005917779895199791,-0.0021082872790373465,-0.0008435709225416146
2016-06-01,0.0022260372279804463,0.001477953307929136,0.0030648915236292104,0.0031716941018716024,0.0011220646909028643
2016-06-02,0.003167450566473404,0.0018546699315538525,0.0011644642038269222,0.0033544265023763625,0.0017188511060736902
2016-06-03,0.0006053541827575166,-6.179079557993563e-05,-0.003185448592533192,0.00034334596982364815,0.0030403947176518846
2016-06-06,0.0046767652449747794,0.004624893715118266,0.006517410030253725,0.0022123288760193,0.004134403848693166
2016-06-07,0.00240015076802173,0.0019710453049207742,0.0017071345561004917,0.0014735567190435656,0.001765063444365288
2016-06-08,0.0036724696586263655,0.0032791769979481464,0.005914388858769756,0.005072703225581673,0.003933271396882361
2016-06-09,-0.0027170706082898393,-0.002157588975547324,-0.006091940633176276,-0.002400017237933977,-0.0009559902397270555
2016-06-10,-0.010119052579999569,-0.008338534105951373,-0.008573383119167059,-0.011100603099282402,-0.007605653623343853
2016-06-13,-0.007993478690921407,-0.006744190481408847,-0.009525342875677849,-0.009297444525080436,-0.0061150397979160675
2016-06-14,-0.002046456122546089,-0.003919426340747572,0.0006983931612847586,0.0007213357031085201,-0.002367532701676879
2016-06-15,-0.0011506341595226024,-0.0006013831836300143,-0.003927122681967317,-0.0016418766949857038,-0.000330002555019237
2016-06-16,0.004083733172322409,0.003390641381043176,0.0035081300165394295,0.0025589942591354034,0.003380045787152598
2016-06-17,-0.0025729806944647412,-0.001439694394672311,-0.006402648541122545,-0.00517143528925525,-0.002306440816727269
2016-06-20,0.007888050001469082,0.007191057191634858,0.005753871812882908,0.005634833437514126,0.0063399667416742765
2016-06-21,0.0004357020683217589,0.0018648488421075546,-0.0008099442095213353,0.0037186278605867065,0.0011708569706813398
2016-06-22,-0.0017978752544909639,-0.0012391051424768297,-0.0025017366473901346,-0.0038759943283132453,-0.00025921336050548343
2016-06-23,0.016287556723269973,0.017613793761646776,0.011400409729753274,0.018845346316492574,0.015181607879141561
2016-06-24,-0.03686905755571933,-0.04006835066997039,-0.02503032774535131,-0.03151195766848696,-0.033798370231951265
2016-06-27,-0.023607969387999188,-0.02315205436898953,-0.013678623431402324,-0.019587660993661448,-0.017863208059548958
2016-06-28,0.01741327591412356,0.018866554860738342,0.014521016193912498,0.016636386689598867,0.01652300177150823
2016-06-29,0.016932484109066663,0.018071238236227347,0.01091609199768209,0.015717438928319158,0.016631799324124168
2016-06-30,0.012574692530644391,0.017264879080252225,-0.0035301812253816533,0.0010222504309319413,0.01634008165654413
2016-07-01,0.0018233055505666627,0.0003517680720776643,0.006131027764326848,-0.0020445679508799093,0.00211738737183565
2016-07-05,-0.00779346432778712,-0.009759927620600515,-0.006778885486837502,-0.005253829886443837,-0.006682090923701229
2016-07-06,0.004353002087849055,0.0045320762951313485,-0.0009532815537960366,-0.00040467152007787194,0.0050549813522152995
2016-07-07,0.004599972988910495,0.0028748062055012112,0.003598074642278441,0.004978984033045495,0.0008878889845850833
2016-07-08,0.0178464169337669,0.01847375271632918,0.0076126128057790975,0.014668323569540835,0.01608048171700076
2016-07-11,0.004854253106014082,0.005178055557739887,0.003977522855367664,0.0023778428269890036,0.004313410579333512
2016-07-12,0.008071332605274845,0.00855261783211609,0.006032559193775114,0.007514200835790502,0.005373378298489587
2016-07-13,0.0023578398953997704,0.0029318865492852383,0.0002861107826684483,0.0035882262400750895,0.00343908639694206
2016-07-14,0.005288131449819391,0.005383409790547285,0.004927832838298113,0.004815136362887772,0.004950096249310509
2016-07-15,0.0014121483066191188,0.0015374486245767708,0.0026074257142823234,0.0005327810082640707,0.0011221509513533845
2016-07-18,0.0018423026156167016,0.0005047612619095846,0.0013068275956526557,0.0021316453618977138,-0.00038919398152352925
2016-07-19,-0.00093399624940253,-0.0007717950888308242,0.004266214186288533,0.0013607076433883093,-0.00012709442690995467
2016-07-20,0.0033972532605348687,0.002703358588666811,0.0013834463556596029,0.003033418208280865,0.0002936303045218292
2016-07-21,-0.003616250201394947,-0.0038850325555889464,-0.005475886216420416,-0.005057105918626672,-0.0022864122737188248
2016-07-22,0.0061977362511383876,1.6843191868043048e-05,0.005788328535272593,0.006126411621424409,0.002580134742351456
2016-07-25,-0.002354919502528515,-0.0021871067973855225,-0.0022529472015413313,-0.0027866695445370212,-0.003666769365310777
2016-07-26,0.003464689004536432,0.005790904688048142,-0.008471116045498026,0.005893820002148106,0.003594117975910048
2016-07-27,0.00036610459641957883,3.904255981616368e-05,0.0007311442868227683,-0.0013667383016054584,0.0001592207568518626
2016-07-28,0.00285881044507125,-0.00025958752945789065,0.006680168888305294,0.0049071067624994105,0.0002667654807483146
2016-07-29,-0.005338319374337483,-0.002711002769571939,-0.008065244381268868,-0.004463885116545481,-0.00022298785276156884
2016-08-01,-0.00019115065726124582,-0.0013567712065174556,0.0031779135405268846,-0.0002470067528188853,-0.0004967780358826225
2016-08-02,-0.006523112445837529,-0.0058243871676305625,-0.0003682887371012891,-0.00125628625168407,-0.0036706043091496556
2016-08-03,0.0017684549195484617,0.002104664646853819,0.0012296716077948864,0.001089968505857358,0.00026422321875958234
2016-08-04,0.0004457128603849767,0.0021755421645687023,0.00011567017470356586,0.0073119859394357835,0.0017594327932414877
2016-08-05,0.011585512390253554,0.011386842381185014,0.007244533702205426,0.009986810193832081,0.00995852223654653
2016-08-08,-0.0007676575849319714,0.0002661152834312387,0.00123268486148681,-0.0006832005956787893,6.924599748507696e-06
2016-08-09,2.9654326939657453e-05,0.0008051647851147307,0.0005187160083338711,0.0011293037635972541,0.0011161198730606896
2016-08-10,-0.003557280258435112,-0.004687909068774514,-0.0014784263685387496,-0.003835419198396616,-0.0026130239325602763
2016-08-11,0.005731573001863626,0.005286158510295232,0.003539257488299025,0.004466122800231662,0.004673548752953907
2016-08-12,-0.0017963820519961587,-0.0014601090380316859,0.0009790026564357357,0.001343691193252369,-0.0014546395242400465
2016-08-15,0.00560705745622836,0.005801523538229962,0.005474846600835876,0.006723858774210018,0.0037516669487676893
2016-08-16,-0.005578790141211374,-0.005775968975248964,-0.012712964055356536,-0.006171449694644581,-0.006929150114375619
2016-08-17,-0.0013167680686071506,-0.0002970329682211746,0.0006906748002008629,0.0011286166541455652,0.000142650435847368
2016-08-18,0.002973166006284087,0.0032772833510726707,-0.0008217745461254689,0.0001747483611352312,0.0025861815793331803
2016-08-19,0.003278674170274051,0.0035175941380388596,0.003705185056689959,0.006581224524869771,0.001673294455720675
2016-08-22,-0.001290705634160335,-0.0015548020275390649,0.0020709420380823486,0.0014471522214799786,-0.0015259027330144013
2016-08-23,0.0030452627229515944,0.0027561658284410363,0.004169258834722465,0.004549905137729735,0.0024433188424436963
2016-08-24,-0.007414274542971755,-0.008301266170400574,-0.0014626186531455179,-0.007358311305754704,-0.009431693897369187
2016-08-25,0.0007398003510952456,0.0015614147417484672,-0.0003254992411274013,0.0025206197534633473,0.0009183683036158672
2016-08-26,0.000168487481207256,0.00026831921042765766,-0.000913098517570233,0.0029029516954153962,-0.0004256621260811807
2016-08-29,0.005958286427943617,0.007395807015497278,0.0015732119855728427,0.007822947014853334,0.007516476819047592
2016-08-30,-0.005708883052063214,-0.004724660811431952,-0.008828235290250558,-0.007822404040981286,-0.0067884626166444155
2016-08-31,-0.0027055520849905155,-0.0020376473169889707,-0.001713137126474981,-0.003988399414742345,-0.0021995232371605413
2016-09-01,0.0016655567158304766,0.002509828235142758,-0.0033981583992091524,7.959877601919504e-05,0.0025734382403558307
2016-09-02,0.0035749481464378992,0.005039505737915441,-0.0016430839607989548,0.0028266449971539767,0.005377349875393022
2016-09-06,0.005319097741389995,0.0037383335094849767,0.014844155755677966,0.012671592959290278,0.005419902805844525
2016-09-07,0.005139929377929924,8.828358461665482e-05,0.012898035785187969,0.011436550441252444,-7.606996053321797e-05
2016-09-08,0.0013373593093888385,-0.0008653210791327787,0.012478858986860339,0.00815396462946725,-0.0009945099993739057
2016-09-09,-0.026427649558948427,-0.02711511882428478,-0.01780448967797664,-0.02588867769164016,-0.027451282787381473
2016-09-12,0.014049270710186976,0.015209697390499157,0.011108426033946434,0.01592609754398046,0.015442686608381755
2016-09-13,-0.013949282907027617,-0.01568512363031721,-0.010332100078964077,-0.014462622013471975,-0.01580609612889304
2016-09-14,-0.00108460099487527,-0.0018344458386495162,-0.003482037896037962,-0.0026045745567331788,-0.002327512706602412
2016-09-15,0.011338358999249502,0.012487291780956387,0.008473993923122036,0.012552434992821104,0.01169015764099469
2016-09-16,-0.0030465101702991763,-0.0059814626437994225,-0.006247057538218727,-0.006208971145540108,-0.006683414000473724
2016-09-19,0.003884521012714308,0.0028616366805467603,0.006973561535848773,0.001955731384560632,0.0028268182526215817
2016-09-20,0.0011727158300099184,-0.0005451221256096859,0.004671340623200515,-0.0005591744086078717,-0.0003627039335715894
2016-09-21,0.016098577119132956,0.016939926367046956,0.005690768072958312,0.012184819842487545,0.016930308276810267
2016-09-22,0.001695140804833476,0.0032126473812807985,0.005375214872320698,0.0021343718310264533,0.004068038766889207
2016-09-23,-0.006795107064621547,-0.007475336084004244,-0.00442543053786743,-0.006741651348395925,-0.007200192161938157
2016-09-26,-0.0056042904944983395,-0.007041784005538881,-0.004096203154449584,-0.005365658643861714,-0.006642496964252103
2016-09-27,0.007865262315842132,0.008525019414730144,0.0003210222797202628,0.0060276841534765355,0.006487993877588157
2016-09-28,0.0036076989205783613,0.004644144850564964,0.0011937092303487408,0.0020126764901102446,0.005128931224812091
2016-09-29,-0.006059255757743858,-0.00704154246310454,-0.01092238658235239,-0.008749283518537534,-0.00774063904095614
2016-09-30,0.008618457349293177,0.01005310900521353,0.004936697325466827,0.008861491000529804,0.009477209379374912
2016-10-03,-0.0025330581454955205,-0.003047109577510924,-0.0006679189207756679,-0.0017054208566277028,-0.003818708517467905
2016-10-04,-0.007360240525868461,-0.008511370251449504,-0.007693540655612119,-0.006865315608218292,-0.011027353161727973
2016-10-05,0.008059970339866183,0.0077670487972829345,0.009514288084309189,0.0070633863493571565,0.006693049279862057
2016-10-06,-0.00138940610227256,-0.0011803736559152182,-0.002548570321232403,-0.0012075285055513994,-0.0015424024572830179
2016-10-07,-0.003408899570058019,-0.005124626538653565,-0.007210159064251287,-0.006195943309787412,-0.004698743589040575
2016-10-10,0.0013159062801189067,0.0020052195321827115,-0.0018778857664604296,-0.000977745461677836,0.002037798080633847
2016-10-11,-0.015783417667012162,-0.014691361296975864,-0.012712604497679561,-0.014233821663475758,-0.013914185433738797
2016-10-12,-0.0004742645694218393,-0.0006206280652998599,-0.0014403855584628432,0.0016056248467982465,0.00019697634646821476
2016-10-13,-0.003159933222759121,-0.004013528298285315,-0.0026044794687750117,-0.0019757123748346235,-0.0026953253737594454
2016-10-14,0.00138710474875156,0.0023461411201287094,0.0006781183910563447,0.0037600156128145277,0.0011312585311216163
2016-10-17,-0.0021817276746017413,5.909618827124822e-05,-0.0005654585637269278,-0.0013850876823949402,0.00098417914145649
2016-10-18,0.005384859341082148,0.005552991178324898,0.00565934129496736,0.004655525587250599,0.0046737985962496875
2016-10-19,-0.00044509511107807963,0.0012791797681428075,0.002446497654527996,0.003668321827446586,0.0008586082187604654
2016-10-20,-0.002181374307273306,0.0005357930877030253,-0.00028027801052729314,-0.0019801165193603612,-0.0007082887308675792
2016-10-21,-0.001811529484819841,-0.0019292200888679956,-0.003412789196006298,-0.003547060419062031,-0.003241114980809828
2016-10-24,0.006354179247932693,0.005581009476681193,0.00548023947549614,0.009671840541893245,0.0049231605580832005
2016-10-25,-0.0009750244176640725,-0.0006149844004589477,0.01196491567735663,0.0004852461233483301,0.0004874992705881845
2016-10-26,0.0028168006469313804,0.0016645755044260198,0.0021829179079345604,-0.0013414011560404708,0.0003621266492176144
2016-10-27,0.0026593190732746084,-0.0004905804736932079,0.005976714606291014,0.00384204390808431,-0.0014122077380947099
2016-10-28,-0.0017500109203595414,-0.0008841585778265044,0.008282616761738427,0.006401641242433915,-1.4189538082207652e-05
2016-10-31,0.0005698105527350177,0.00255868125518887,-0.0007820948707082168,0.0032822336194404007,0.0034625326684778134
2016-11-01,-0.006321149963641337,-0.00500156450888165,-0.007246168838588215,-0.009544104860702913,-0.0039271570125456135
2016-11-02,-0.005520881410469385,-0.005766879680919701,-0.004596940814876084,-0.006033396587340805,-0.005051988070045033
2016-11-03,-0.0019738799327259364,-0.0017193162532604636,-0.008870285608962247,-0.0024244595323254505,-0.001264529369067329
2016-11-04,-0.0014605122815122855,-0.0017418695978040385,-0.004041014171350345,-0.0023265411954965045,-0.002140289373634318
2016-11-07,0.02159043528530636,0.021631450863253583,0.019395738853261305,0.023170700144608727,0.018672856148096644
2016-11-08,0.002048277019565079,0.003044580931915228,0.001507346096237716,0.0032861973209087044,0.0033360039596458256
2016-11-09,0.01328106437285648,0.013725179505516223,0.02448874725810829,0.008397754381663297,0.012873283959038775
2016-11-10,0.001600279142698128,0.0023995316349558395,0.0009060839321331177,-0.004893219697509527,-0.0009589270103987149
2016-11-11,0.0007908161080880233,0.0018384065201626466,-0.0017862081892962727,0.0025217470370634395,-0.0014550744325768613
2016-11-14,-0.0005177507395071614,0.002525684479509323,-9.454433062552203e-05,-0.010899186173322374,0.0010870696652935784
2016-11-15,0.004190515386331917,0.007089716229347116,0.007355685238463509,0.00974324013368015,0.0072517126377586675
2016-11-16,-0.0037614917219768555,-0.004480702290265698,0.0019520954515960822,0.006266193664867466,-0.003468573360574223
2016-11-17,0.004412557719696949,0.0044980538268126966,0.007684114228713415,0.011157907371271217,0.003040834232632838
2016-11-18,0.0015690612832303728,0.00019036459714742585,-0.0010678515100283749,-0.0008453086003288872,-0.0006791454249037323
2016-11-21,0.005388909778338542,0.007002772831703956,0.0058016507470020065,0.008377808831901,0.006648016070876095
2016-11-22,0.002046337481915588,0.005137176730570691,-0.0011726092216676623,-0.0026815425011829158,0.00357516452494288
2016-11-23,4.059167734662923e-05,0.0005292642558752431,-0.005478438597484743,-0.004347217005480501,-0.0010995097794524516
2016-11-25,0.005955922621644155,0.0055773733580579965,0.007730908054804866,0.008100205010730013,0.006474503022006403
2016-11-28,-0.0052975023834873,-0.00431076878066603,-0.010955966645421467,-0.00644944643682511,-0.002963243942581143
2016-11-29,0.0022147294731481477,0.0009023728019373334,0.008507929098532539,0.004689397746153502,0.001681559961626038
2016-11-30,-0.0022443082279112736,-0.0016988626972426295,-0.002121694645960309,-0.008271793191782886,-0.0046886437144808436
2016-12-01,-0.009332739242661524,-0.007803592340175602,-0.0074299061318229605,-0.019264005785164896,-0.0065124631056264586
2016-12-02,0.004629079730294922,0.0025709930920517106,0.003352330199765946,0.008922210304872233,0.00293075385657577
2016-12-05,0.004404459397482842,0.004742560301327631,0.00887831984791425,0.006657359932375232,0.0039847086146522605
2016-12-06,0.003331391459918891,0.004652958784638781,-0.0008739314016659714,0.001578892598172996,0.003537612133963221
2016-12-07,0.020671872941674167,0.019343433243338128,0.015674149098452734,0.02341283012120828,0.018457712945947093
2016-12-08,-0.001324558086959021,0.0014476213330187275,-0.0084473765149311,-0.0030739893215527506,0.0004116636781386756
2016-12-09,0.0009307224619941592,-8.60593869096059e-05,-0.0002218105327207202,-0.0011857917721670146,0.0006637932176507605
2016-12-12,-0.002431715138942051,-0.0027570011258040714,-0.009263291396413022,-0.006909250826274528,-0.001329514354659818
2016-12-13,0.006055068821770645,0.0060863128942543684,-0.00030355405615438815,0.003682987954729737,0.0064987750146698175
2016-12-14,-0.008626446284467178,-0.00881529358491838,0.002300743279567737,-0.003285427166816169,-0.010230098104940712
2016-12-15,0.006786889961341645,0.00645611081845718,0.012444084290550876,0.01279077400367465,0.005489800747309662
2016-12-16,-0.0037998753135438925,-0.002938069177883154,-0.008129011916260614,-0.005495323584958106,-0.0021362760352682908
2016-12-19,0.003724724192407291,0.0033141620732201693,0.002492442175580548,0.002393566918462745,0.0024507910311392126
2016-12-20,0.0045818716633947935,0.0049095364982356445,0.0075094672219421735,0.006181847881506575,0.004125262805471697
2016-12-21,-0.0024439663383299323,-0.002724005786067164,-0.0016486052891353925,-0.0017990560548676738,-0.0028129180863788565
2016-12-22,-0.0015078412308144637,0.0008772622765403676,-0.006156229681160379,0.003748853656278744,-0.00018572774254926622
2016-12-23,0.0013444919064365248,0.0022052639513123785,-0.0004497142118727353,0.0019435389379347469,0.002304682141679275
2016-12-27,0.0017493103550337355,0.0019936272449583366,0.0021055682860588692,0.0023773911562354278,0.001712747547136846
2016-12-28,-0.009070055735473856,-0.008695705877483915,-0.01115621447325962,-0.008601030651555078,-0.0077163615151500334
2016-12-29,-3.7629365447563665e-05,0.0006894803817154382,-0.00025819313597847337,-1.3293733405067305e-05,0.0030913371890125755
2016-12-30,-0.005562944366416554,-0.0061428786221564375,-0.004193536735220851,-0.006655897701655135,-0.006415892070518955
2017-01-03,0.00845933869193875,0.009488435749116257,0.012455788752769878,0.010785949845454886,0.009211160077722437
2017-01-04,0.007879250029058645,0.007321166737270946,0.010870193239452167,0.0058865924916349545,0.00746442898637688
2017-01-05,-0.0004163306424418222,-0.002486842402875577,0.0022299758553631648,0.002927960147693663,-0.0007768417604077636
2017-01-06,0.0053882491665236025,0.002919399298727701,0.011086689400207789,0.010245105341440033,0.0024551058760616203
2017-01-09,-0.000997900357713088,-0.0021511204028630943,-0.002299138275194567,-0.0028723982055960675,-0.003138939793463169
2017-01-10,-0.0003624412026804781,0.0011811410436947385,-0.0009756317936222383,0.0006262134203192597,0.0004353064575767624
2017-01-11,0.003629644549889943,0.003921375341430765,0.0006611769569570881,0.005573136894608544,0.0031005153965726765
2017-01-12,-0.001597529925135811,-0.0019688982245798623,0.0009670479371886385,-0.002198879375094236,-0.0011059672266488625
2017-01-13,0.0028055507479644672,0.0025353021602363694,0.003750062009975824,0.002665978169734134,0.0021660244955681463
2017-01-17,-0.005156120824138055,-0.0055855691660924005,-0.00518628929075932,-0.0026915677122117945,-0.002639392754676086
2017-01-18,0.004593981175070466,0.004719165737483905,0.004778916906899132,0.007060578962404016,0.003864365526726983
2017-01-19,-0.0016106363406267043,-0.0034383345666032534,0.0019005129867293363,0.0001625244035165941,-0.0026058424525940353
2017-01-20,0.005137549703301847,0.005345291484807884,0.005317785722738464,0.00406554674371948,0.005846088396744997
2017-01-23,-0.005959375799616814,-0.003638310915021729,-0.006282925039501717,-0.004317227847475706,-0.0028362411783032834
2017-01-24,0.011537876488420008,0.012661601754239275,0.00392664829206049,0.012705804613532098,0.01055035010869668
2017-01-25,0.011473412295137504,0.009912640335855854,0.007050079753104393,0.008514866992317512,0.008104639240637122
2017-01-26,-0.0024985183697134815,-0.0029547513932576654,-0.002298573170466304,-0.0030759997116392374,-0.002766851315283582
2017-01-27,0.0036370271171079034,0.0021015382901041087,0.009717524849994988,0.012051642620614677,0.0011560191167533768
2017-01-30,-0.005177725725886142,-0.0054130149237186925,-0.003133102110121678,-0.0030091854662375973,-0.004740586503035243
2017-01-31,-0.003406974714873226,-0.004101483102649535,-0.005824166077513562,-0.0034371418549730614,-0.0018805446159050065
2017-02-01,-1.1173672312424221e-05,0.0019417392077993084,-0.002695348617084036,-0.0010462536613696765,5.213507000856462e-05
2017-02-02,0.0009489303359640376,0.001419707333938973,0.003254575035634387,0.004436108384094842,0.002158665170542575
2017-02-03,0.009126721792659422,0.010016627546991641,0.0087241410553437,0.014788892875495733,0.00885967488424216
2017-02-06,6.883478431092831e-05,0.0011136195902641144,0.0022837852524518467,-0.000670797913702378,0.0021734191802771407
2017-02-07,0.002908295430458306,0.0017350444856020673,0.0031287580898899463,0.00353987330233359,0.0015896442511118148
2017-02-08,-0.005227624016463698,-0.0027338863740124187,-0.008736031504429177,-0.0028750166266094225,-0.0020224279495200293
2017-02-09,0.004210360718795506,0.0041520737698396174,0.00344335036025243,0.004475758355812509,0.003599787200861391
2017-02-10,0.004574678082784079,0.0038362226046095424,0.0034157181286772094,0.0007652275568357549,0.003965761733177468
2017-02-13,0.007045052876693,0.005981587104456954,0.007169794827080767,0.004229201832290247,0.004953330869396261
2017-02-14,0.002561901546162626,0.0028108914890054033,0.0011605952783663234,4.7720404516031576e-05,0.003214947536914668
2017-02-15,0.008146812422812493,0.00849982051586245,0.009631645651336201,0.005869780248038529,0.008039812718794842
2017-02-16,0.0018656675844966758,0.0011382034089774612,0.0018133022403693405,-0.000836205968862658,0.0014141928698888136
2017-02-17,0.0027195076775154464,0.0049735379636273724,-0.0020545101299803705,0.002546169136707234,0.005851796172292388
2017-02-21,0.005645307524845598,0.00790466937614898,0.004795244071332892,0.006845106696749167,0.007315311474036971
2017-02-22,-0.0006523737356613386,-0.0015924746461076558,-0.003054563991429719,-0.00297426822565501,-0.0020690554002206446
2017-02-23,-0.001431777854406589,-0.0017724841531696904,-0.001481895627726787,-0.0017944040445817488,-0.0010015347113703599
2017-02-24,0.0036760788452689826,0.0010403220988621964,0.003411791270019683,0.0024155636623428064,0.0015712925964330364
2017-02-27,0.0003469161012825115,-0.0004230990277786056,0.00320720216490055,-0.001471786586709023,-0.002115684835414524
2017-02-28,-0.0040461753454114745,-0.003071145175099879,-0.006030820928300791,-0.0036930641452863895,-0.0025366586151927364
2017-03-01,0.017153717434407918,0.016372766628804665,0.011433040719412558,0.013239303175476018,0.014442342358430903
2017-03-02,-0.006157405791255014,-0.005623488680221172,-0.006786974325509778,-0.0054593071246670484,-0.004609349299995219
2017-03-03,0.0021168423734025015,0.00262765475948643,0.0023928243975154598,0.003928967588395171,0.0020918057051030627
2017-03-06,-0.002886756171339389,-0.0028149102853173083,-0.005338189672580892,-0.0029497004204786887,-0.0031784661332042246
2017-03-07,-0.0012174931071661464,-0.0016385990470863749,-0.0008733070060483578,0.00029946982540629026,-0.0019092551941854996
2017-03-08,0.0006076569008952395,9.32483671853625e-05,0.001817186654525569,5.71917361391408e-05,-9.419271418712643e-05
2017-03-09,-0.0028556802424878126,-0.002154831491030447,-0.005576325113698226,-0.001396630178565317,-0.001572434073099664
2017-03-10,0.0039348123129634704,0.003973995821115086,0.0014509863459820423,0.005659878242315369,0.004114599968228079
2017-03-13,0.0015032534978005464,0.0013572793291709807,0.0030756454547437076,0.003032431044963713,0.000876223366913603
2017-03-14,-0.004382285172001438,-0.0034960295173223138,-0.005458112786561954,-0.0049267836769439025,-0.003942936694415739
2017-03-15,0.00866580487816791,0.008770365236538825,0.009107014020564371,0.009119911791988594,0.009573806063323002
2017-03-16,-0.0001647995939152955,-0.0005556197733989051,0.001435580389231018,-0.00012989247794096116,-0.0017314344603482363
2017-03-17,0.003711138691538718,0.001372274127642825,0.0058871034265821475,0.0032720837689539854,0.0015389250211079635
2017-03-20,-0.0027635401332050443,-0.0016458194599997488,-0.0023092899111284925,-0.0025182589176303625,-0.0014875746260897484
2017-03-21,-0.013917014832612453,-0.014373851497029248,-0.016818090928222246,-0.015226624642718675,-0.01215815220589497
2017-03-22,0.004822764412875644,0.0035399119375657644,0.0045293592232549884,0.005888119597160417,0.002382591760642219
2017-03-23,0.00033170113780762317,0.0007877283695278646,0.0005562531380305515,0.0025009045005151536,0.00024933310120554765
2017-03-24,0.0007299209761703437,0.0011977369335316283,0.0002623040097877498,0.006986300395178877,0.0005179722310594935
2017-03-27,-0.000862316050520639,-0.0016618886351774424,-7.384652726634465e-05,-0.00047285634351758895,-0.001298643014424897
2017-03-28,0.006053921022948454,0.006016541769298061,0.0043020438942985035,0.0018284519122576195,0.004382951523736233
2017-03-29,0.0007762818853227885,-0.0004898023053462202,0.0005642398321875744,0.00019012797135959042,-0.0003794365339404384
2017-03-30,0.004043578862010814,0.004045365522950085,0.004100507571746464,0.0031535024066880906,0.0027806067750668897
2017-03-31,-0.002333681378400002,-0.0021668047605440557,-0.0020916529303140656,-0.0012579785145197366,-0.0020760236934725166
2017-04-03,-0.0029219947062944325,-0.0032698281516019717,-0.003125412391980967,-0.0007491933532428766,-0.002575732468368268
2017-04-04,0.001937806444740242,0.001185620228127762,0.0016374046969264587,0.0007741995423085164,0.0013743711890048904
2017-04-05,-0.003249423363541678,-0.004341665990111647,-0.003324807266186872,-0.0007739364103000548,-0.0031989065430549817
2017-04-06,0.0025245317481078534,0.002411452499760525,0.0032426378330709473,0.0019574622934696887,0.001232982767557043
2017-04-07,0.0016859253349345152,0.0004027544524678986,0.004552580221606555,0.0023649021703023017,0.0005508062432459408
2017-04-10,-0.0009825649637872217,-0.0017598466843570572,9.194427785389733e-05,-0.002111141194388438,-0.0009368931714944376
2017-04-11,-0.0004548460088267327,-0.0018188818063800088,0.0005367198484893574,-0.0005566417511555184,-0.0007936206506223896
2017-04-12,-0.008854174033609072,-0.0069024600192446,-0.00982828991164696,-0.00909721799870429,-0.005115305988015875
2017-04-13,-0.00653377353346685,-0.007439114839663405,-0.0014307065568098948,-0.0019590489685535465,-0.007111223751220576
2017-04-17,0.009648061209756975,0.009074360147564423,0.008909899897643889,0.009917222732490827,0.008490115966063406
2017-04-18,-0.002997971594646768,-0.0030160541702585085,-0.0019341288803837921,-4.324072145819088e-05,-0.0028432768847440294
2017-04-19,0.0008060804933962549,0.0007475963258945829,0.0006704523294133937,0.0014881902986804004,-0.0006604843655286071
2017-04-20,0.009795007778871438,0.01024437164842986,0.01183771666718627,0.011626432131730959,0.008178637098798826
2017-04-21,-0.003400115116508157,-0.004568541468850159,-0.0022887309487550473,-0.004021190110178626,-0.004031270444460543
2017-04-24,0.014317998019231483,0.014706570329796529,0.01787302903208098,0.011911089726841895,0.013413047308730535
2017-04-25,0.005348321625316354,0.006597095937944516,-0.0005564903012320445,0.0036653935028571004,0.005236403542207113
2017-04-26,-0.0026456808393116975,-0.0034768340087547468,0.004746801341466464,0.00032889023889645826,-0.002776368820810017
2017-04-27,0.004462565016727851,0.002440617274859817,0.005204919148072748,0.0043025754182567195,0.0021241653769245015
2017-04-28,-0.0027337478908940377,-0.005645165855222977,-0.004291283901461258,-0.0040673841065524165,-0.004580557010878806
2017-05-01,-0.0020504905971843873,-0.00039818311416493253,0.001159005575546535,0.002925915889700266,-0.0015630568031070834
2017-05-02,0.0025624375978031454,6.42666239174947e-05,0.007597710251820609,0.0022289846393842468,-0.0004303945870831108
2017-05-03,-0.0003471113007439525,-0.0014563283087544064,-0.004076816816631854,-0.0022432597994698567,-0.0019000059451229545
2017-05-04,0.0027603260731160198,0.0006362217215520085,0.0054196230273587205,0.0027396892191104477,0.0014253923567181773
2017-05-05,0.004755182243960158,0.004126213210184488,0.0033664169124408404,0.0039007413168341597,0.004161501367553708
2017-05-08,-0.00279483270640737,-0.0023037739815933277,-0.003079366476545165,-0.0014716742276560328,-0.002039010855830355
2017-05-09,-0.0009304515118714958,-0.00022539919828831373,0.0009415126774915632,0.0006502235237611777,-0.0007015746426908293
2017-05-10,-0.0003128367749165332,0.002465774777695151,-0.004098767109098669,0.0015513286091887119,0.0018193646171080625
2017-05-11,-0.001825954298390566,-0.001581258514425875,-0.0036200006208607144,-0.0030010698845132156,-0.0015513132961687108
2017-05-12,-0.0015375339810598599,-0.001962767909760933,-0.005348156063629693,-0.0038657789712347916,-0.0021201555589806294
2017-05-15,0.006157344789092021,0.007172062819367373,0.00839182576415225,0.007630212401019499,0.006895653437608337
2017-05-16,0.0014731340756553898,0.0018184196634400194,0.0009129537637679177,0.0017050566293472524,0.0008281875781961264
2017-05-17,-0.020211457630274897,-0.02103577997072978,-0.014642768126674054,-0.020404768553711428,-0.016608543284917218
2017-05-18,-0.00021298786584659645,0.0005029285891880639,-0.00468549934963258,0.000999982779728439,-0.00034710057980434487
2017-05-19,0.00849549938774647,0.009154857506239301,0.010818730067458407,0.010415193706411092,0.008502060039465006
2017-05-22,0.009956886689979981,0.006873039328286051,0.016925992740990006,0.014821024306432826,0.006973523835506182
2017-05-23,0.00017928184541310844,0.001208770926683705,0.002927691899084101,0.0032173612038525574,0.000804114542700886
2017-05-24,0.003895367346014408,0.004311124201410077,0.00682973704436331,0.008361965747241532,0.004556767312701255
2017-05-25,0.005593641675385095,0.0036828775995822096,0.006990323771209584,0.005504827611887351,0.0038459800191834497
2017-05-26,0.0015550302268779448,0.0013407436668225214,0.00037642962723185284,0.0008960961432505315,0.0016979711881534281
2017-05-30,0.0010059608159109236,0.00026433365851575284,-0.0016129498456235309,0.0010392976627275668,0.00014280519170068817
2017-05-31,0.0029327652606795226,0.0010942824556523815,0.006923829211047883,0.005326558987575688,0.002654991330555638
2017-06-01,0.00636858245643186,0.00646781920967875,0.0016522569969836755,0.003242432603059066,0.005833001446300669
2017-06-02,0.0050510475069896095,0.0034930540626348103,0.003495388927663915,0.003586146669364268,0.003238429267505631
2017-06-05,-0.00389384667009226,-0.002652214471770926,-0.005209043570663344,-0.005084584903854743,-0.002580154222662222
2017-06-06,-0.002380777574891862,-4.926654157993136e-05,-0.004102272311560682,-0.001949217849773509,-0.00010274316296643356
2017-06-07,0.0015854578858961205,0.002630951897330002,0.0018098622913029867,0.004780007939881882,0.0021280073721380256
2017-06-08,-0.00019091743858015969,0.0008982978543454361,-0.008912825473480046,-0.008378979549557377,-0.0017508904265945671
2017-06-09,-0.0077743420695895555,-0.00618496114696433,-0.01105178630642143,-0.018533934300032126,-0.004298342193778827
2017-06-12,-2.057747937468505e-05,0.0012648096587944346,-0.006905032977651438,-0.0036216750762669983,0.0013704137551675969
2017-06-13,0.007739413392331803,0.005762092080267436,0.007299051427058526,0.008604454960162135,0.004759884646492513
2017-06-14,-0.0031534694336865917,-0.004651961982335386,-0.000928017334221955,-0.0031630610646432725,-0.003310119184895265
2017-06-15,-0.0005470546316831161,-0.001543999319650937,-0.0015419981601514988,-0.004338973875137241,-0.0005383744623420781
2017-06-16,-1.0310321931338603e-05,-0.0001554347706582426,0.0014698982600856666,-0.0015573534490171963,-0.00015123177023212855
2017-06-19,0.010127578423828552,0.01066053093407043,0.008126222960725184,0.011083295952032515,0.009025540804477377
2017-06-20,-0.006422548040870216,-0.0064538898969845335,-0.002832759847339317,-0.006328267340933789,-0.005404801067172051
2017-06-21,0.0014869458072558463,-0.0015652587477550251,0.0037065254532043243,0.004092580655608776,-0.0016212132674491456
2017-06-22,0.0006525640253110362,-0.0007934525484250849,0.004357703358581919,-0.001496289987440157,2.4111798626935498e-05
2017-06-23,0.005342327184895839,0.0038827290880136924,0.001804002643528358,0.006371976904811524,0.0036319360430980383
2017-06-26,-0.0016874022942440466,-8.569795538152972e-05,-0.0012881246076687067,-0.0020749639599127578,-7.892599623814231e-05
2017-06-27,-0.010375151538947924,-0.010217952745168169,-0.010059195488707429,-0.012495132351167046,-0.010323603477521405
2017-06-28,0.00978318708633753,0.00964983531076982,0.012496595254097837,0.011788482673908439,0.007850731791594453
2017-06-29,-0.01437000445818033,-0.013282132111154019,-0.019800436504934384,-0.02073674986944791,-0.013433823084336965
2017-06-30,0.0005116789178884341,0.0008549799163542421,0.002900447152871123,-0.0025197707263426112,0.0016471849699008132
2017-07-03,-0.0005997146078774219,0.0010760584228524939,-0.001579654593613431,-0.005510157494654545,0.0010927079788165758
2017-07-05,0.004350654781610078,0.004685847250495033,0.007907660756691578,0.01011377076279293,0.0038191205063562673
2017-07-06,-0.008240913061175628,-0.008186745626875073,-0.006175139148346687,-0.007888471343321405,-0.008422307212123677
2017-07-07,0.008169670088973843,0.007447431309773675,0.009614463059295846,0.009036073050628972,0.0065242994937586805
2017-07-10,0.0036792009822014093,0.0025640333816423604,0.002053034640661938,0.005564840578450482,0.0018102017352207087
2017-07-11,0.0027530146297324986,0.002556604632019354,0.004182666499308061,0.00680624155373079,0.0016523177083932468
2017-07-12,0.008188084888664553,0.0069474378793192015,0.005097952375233624,0.005498200515919928,0.006224224860386148
2017-07-13,-0.0017917223804390502,-0.0010876303013677288,-0.000260752651743543,-0.002383318144106274,-0.0016199927577040675
2017-07-14,0.007121369072995497,0.006729488778603843,0.004682261594506112,0.0074055121934667005,0.0064826265547960225
2017-07-17,0.0008514225691343524,-0.00016929540351200058,0.007736302407409431,0.004843390881231902,0.000402595945928244
2017-07-18,-0.0005323417186814238,-0.000728020008809798,-0.001597530401568784,0.001534439635902168,-0.0002900766265296003
2017-07-19,0.005747484185292033,0.004369765284741159,0.008878430214800512,0.004511084169528587,0.003487729815798876
2017-07-20,-0.002443900756478185,-0.0023035462687353413,0.0010751968276621659,0.0009579204672225718,-0.0012920907048054537
2017-07-21,0.001509209321037686,0.0015226781412552449,0.000278594000198155,0.00386279953562723,0.001982706869185354
2017-07-24,-0.002111465130819986,-0.005376214748326696,0.0033734118558286126,0.0008756163085495446,-0.0059709877851010194
2017-07-25,0.0001775117035229183,0.0017654292553149428,0.0012351075417696361,-0.004512080075233913,0.0023400458122596075
2017-07-26,0.005812838481358486,0.0036233703382550914,0.003212800166225179,0.00358414351644632,0.003563374122675307
2017-07-27,-0.0018312148427396574,-0.000717187158695306,-0.0060036632589412385,-0.0075018495702823445,0.0008678929072299421
2017-07-28,-0.004243993878112357,-0.004202828425230612,0.00196055289437056,-0.004431970584253264,-0.00248408874870136
2017-07-31,0.0008202972356916585,-0.000480431091728237,0.002365883116690423,-0.0008383143510678711,0.00048146265814560637
2017-08-01,0.00164886857082201,0.0015444118726593678,0.004281812096178948,0.006148048658363221,0.0007842070395493183
2017-08-02,0.0005769135349667224,0.00015215741776181813,0.009072708293443758,0.0008739603213138727,0.0001026716588077953
2017-08-03,-0.001993993918847658,-0.003063264773614921,-0.002095817802766073,-0.002803718854577895,-0.002554035905920699
2017-08-04,-0.001540747223485885,0.0004666265330342288,0.0001663449877140925,0.0014375482396899305,0.00022823550955333407
2017-08-07,0.002185869019224152,0.00270368834249019,0.0010932247566090667,0.0025778687639526517,0.0018656807079104735
2017-08-08,-0.004118213088757381,-0.004921273145696364,-0.0002482721124501911,-0.0027192416206686873,-0.004966835464249916
2017-08-09,0.0008641695439316968,5.46230232708388e-05,0.0028599196628461172,0.00025383447317289397,0.001154086516964996
2017-08-10,-0.013602239424015155,-0.015161633675933674,-0.013072826992905316,-0.01641405616084824,-0.012673100733431171
2017-08-11,0.00424506988564893,0.0036776577586156286,0.0010334996906523242,0.006208669136093662,0.0030741825948496174
2017-08-14,0.014883958575966137,0.012823152268319399,0.025816055645077617,0.026014491972797198,0.012029126927390412
2017-08-15,-0.0007644268576047692,0.0008565391830507862,-0.004245729538084902,-0.002497650084257496,-7.787783578015912e-05
2017-08-16,0.00668564636303708,0.005427670850701897,0.0050478314817312825,0.011141880832552327,0.005498353832858101
2017-08-17,-0.01682561036387791,-0.018086268181210122,-0.01154523757941097,-0.01523326694230365,-0.016406926056234533
2017-08-18,-0.0005225641074534122,-0.00032666967895221674,0.00027995754736789125,0.0030730534407881344,-0.0013368934551050873
2017-08-21,0.0025455631738977302,0.0003737582943283727,0.0038931109668917238,0.0012068382157240575,0.001707916799017032
2017-08-22,0.014472441705353313,0.012728470657701031,0.014107191183831807,0.015798692745524354,0.011512861570280364
2017-08-23,-0.004452223184556326,-0.003589748189198363,-0.001990217634903718,-0.002507945094980956,-0.0034221100205506887
2017-08-24,0.0007676821772482825,-0.0003424508846692548,0.002451881177160781,-0.000820599547932971,-0.0006344212063836798
2017-08-25,0.0020957835760931193,0.0017240388028732913,0.005063982739086743,0.005251413540639206,0.002252302108535526
2017-08-28,0.004808270164611721,0.0038095350573904667,0.00723794195214808,0.008278126006847849,0.004045779594691335
2017-08-29,0.0028759808399615736,0.0024795893408289795,0.005728329530002133,0.003969426023630339,0.0023968766126410065
2017-08-30,0.007729454370144181,0.007922875181326075,0.012452892461757589,0.006353574943022716,0.00650544862700407
2017-08-31,0.004858927775887095,0.005060170650909211,0.005460392201625652,0.0024853378379267174,0.005736799125409809
2017-09-01,0.002522973610903024,0.003251168028203779,-0.0027825889938565616,0.0016926158152943689,0.0025229211052902865
2017-09-05,-0.009195095902967534,-0.011014907611555736,-0.003435687878045962,-0.00883425567989474,-0.009063877161644546
2017-09-06,0.0018385654785016807,0.0017984685449018195,0.0012859500188810821,0.00042848895800274276,0.001657042251090238
2017-09-07,0.004432664934714686,0.0007489186865895054,0.011592369304654621,0.0064044765960243845,0.0018726535854026347
2017-09-08,0.0002459804048928131,-0.001591452363925929,0.0016584587133913352,-0.0010342532457217669,-0.0010905717269887596
2017-09-11,0.011282887456991122,0.012329533252857657,0.014445782327925257,0.016157806169237683,0.010769516267988912
2017-09-12,0.0049062069437205025,0.006002771470145918,0.003944627648233862,0.005611240097454074,0.004961349428950048
2017-09-13,-0.0029249318826470843,-0.0006019195863426231,-0.006591065348329453,-0.0014699290447029972,-0.0009638396859598502
2017-09-14,0.004131097949445276,0.002883529432285148,0.004733141252393117,0.005280043803447544,0.00319893715797963
2017-09-15,0.004657831723794606,0.0049213205412660345,0.00017308275013720847,-0.001231974942534291,0.003641257275050041
2017-09-18,0.0036608225973906784,0.006081794882481706,0.0035823128460658596,0.0032343934427839427,0.004383121749174884
2017-09-19,0.0038220371374899456,0.006317265310940193,0.002551497166842608,0.006159773424791938,0.005882341295034957
2017-09-20,-0.0028338667797872643,-0.003545887780044047,0.0014872441528428115,-0.0028673574781834894,-0.002914737132282053
2017-09-21,-0.0026066698265740026,-0.0022730146024282365,-0.0023919816060221652,-0.0008198013225076791,-0.0031503492801690774
2017-09-22,0.003751540860929866,0.0035631048112124758,0.0016398701582377732,0.0038632531624622282,0.0035025874608963174
2017-09-25,-0.0053151304944768114,-0.003957797171234882,-0.011774471325536287,-0.015379820279129002,-0.0020573902235970234
2017-09-26,-0.0008445154798239994,-0.0015701569148478423,0.003224054055133601,-0.0016562194135561143,-0.0010648377461097824
2017-09-27,0.005599830367958258,0.007951447950850147,0.00823911079534852,0.014265097795693828,0.004385287154844644
2017-09-28,0.002422268130884681,0.00482646119592387,-0.005627038624873059,0.006625845828331316,0.004386728045752753
2017-09-29,0.0016718378154790884,0.002860371292342174,0.004306447185389762,0.0067658505864425095,0.0023501799921051437
2017-10-02,0.005500081910851138,0.007420957339603759,0.009466555185768276,0.004776147147685285,0.006792205870250091
2017-10-03,0.001634431618745805,0.00238920260462791,0.0025855777664501828,0.0032085877998976097,0.002443011598240812
2017-10-04,0.0011230369596090678,0.0004614936967196646,-0.0013466507720301059,-0.0025019243683452185,0.00124148394794035
2017-10-05,0.00497188209644934,0.003936858016865221,0.008456661305979713,0.0049833057059316165,0.0036658548232841293
2017-10-06,0.0005295706228076064,0.0010924853001785858,-0.0008212660888371266,0.0027282656972906143,0.0007572516035025328
2017-10-09,0.0006931495993218171,0.0008388111365526062,0.0032900555591261513,0.003493009735719887,0.0004328091583177513
2017-10-10,0.0023630283006170648,0.0018725798706179903,0.0036222133848938572,0.003359348699861978,0.0018613443618050514
2017-10-11,0.001112771774175395,0.0009709889155313182,0.0025925427997939353,0.003333277259369002,0.001660243548007132
2017-10-12,0.0014510732658776988,-0.0013677983169295765,0.0026638714699213665,0.0020829568051039912,-0.0005288893327469877
2017-10-13,0.0017536722483871435,0.0023506720145991655,0.0012117155313243362,0.0023825886446694686,0.0022881520403759082
2017-10-16,-0.0013189550510080232,0.0019780465855342632,-0.001722718094064892,0.0028456166355061633,0.0009652512867471611
2017-10-17,-0.0019006685033009067,-0.002451585203482644,-0.0006091175342357757,-0.004217068296064127,-0.0016732080663647351
2017-10-18,0.0020195712619777073,0.0029066906535614064,-0.0006166130790332958,0.003644526553626378,0.0020453979626247733
2017-10-19,0.0040691243126454646,0.0038440589340872477,0.0026703569849007166,-0.0005157628517862467,0.003217237539515831
2017-10-20,0.005816618166817075,0.006300586739724074,0.004495539990657316,0.006071453479900029,0.004502287773689238
2017-10-23,-0.0005910235759542899,-0.0033441831088429396,0.0005539274039770363,-0.0001050374407697599,-0.0036374291963100977
2017-10-24,0.003980142979147731,0.004100762519520284,-0.0025888114604678985,0.0012726150805218329,0.0030207951763184825
2017-10-25,-0.0050392207283458355,-0.005572072227631798,-0.0022899327034100873,-0.0026826208646620383,-0.005338332373168594
2017-10-26,0.005071895534913499,0.004805190455154834,-0.0023626613870043277,0.0020018667159439375,0.0033990162415237037
2017-10-27,-0.00037633587890185147,0.000813670506953365,0.005048327110140484,0.002780669171560041,-0.0003814312672299066
2017-10-30,-0.009885969606876013,-0.009259222013379607,-0.006002826096131158,-0.004526579623596927,-0.010465071239937802
2017-10-31,0.0006622706722937821,0.0031744511224607343,-0.0033615734249957696,0.005123024805789627,0.0020025652718062247
2017-11-01,0.001861936045406787,7.87677729544062e-05,-0.0026092384593733495,0.00041232436855681174,-4.685189987391138e-05
2017-11-02,0.0008476439433671567,0.0012692239850541748,0.001245797824623077,-0.00018051498996966188,0.00023697774683402635
2017-11-03,0.0019438831502996776,-3.9960268812571124e-05,-0.003627069811190352,-0.001311247424923726,-0.0002872361017022797
2017-11-06,-0.0006832737262763217,-0.0016213762513757348,0.004075549719460065,-0.0007618139236102742,-0.0024631304052008425
2017-11-07,0.001993566103194098,0.0008719576047918562,0.00576650101213827,0.005498198005112339,0.0018085245067368944
2017-11-08,0.003998524195804323,0.0038427821748168384,-0.00021008750809327532,0.002392224813817707,0.004574361023361933
2017-11-09,-0.006085746658875499,-0.007486121618299969,-0.005757815671014098,-0.007978149942984913,-0.006282090740710275
2017-11-10,0.0004157730182205404,0.001967798172947079,0.004178969692288489,0.0052150194294000845,0.0017199814226749107
2017-11-13,0.0023272987808827346,0.0032414019535386045,-0.000481580030101798,-0.0021770858779482497,0.0033726565962940557
2017-11-14,0.0003617926279963231,-0.0015264964598418183,-0.000732621164422479,0.0013682225761476295,-0.0012203067757847606
2017-11-15,-0.00650121803120907,-0.005809701572863217,-0.009369763223305566,-0.01080841190855597,-0.0065696284506580075
2017-11-16,0.012042629565004095,0.012622185343990958,0.012283323244678795,0.01404739774374705,0.01220161476277813
2017-11-17,-0.0026333377523930944,-0.002958524114695697,-0.0036844443309975417,-0.005076988010795608,-0.00280405518969019
2017-11-20,0.003833964076286835,0.005652466849000379,0.004189486927509472,0.005050179194963391,0.004774472632003687
2017-11-21,0.007777884035565659,0.006976290794799309,0.009869849391009673,0.013738424361372667,0.006505177251242877
2017-11-22,-0.003734899623012769,-0.0037077944802070216,-0.00760792913160868,-0.006954756399193314,-0.0036481705437350753
2017-11-24,0.0030596981572568226,0.0026878539444397916,0.0034531774458524804,0.005661275277589228,0.0026853891173254374
2017-11-27,-0.003299750771746514,-0.003501495558866326,0.0032037172735629163,0.00047777468046052715,-0.0012732617466378292
2017-11-28,0.00827187712329502,0.008755463029869327,0.010186335902736135,0.0063142525263113515,0.008261864613742297
2017-11-29,-0.010458730311169302,-0.010681633799416841,-0.022135217210659523,-0.033825971744543645,-0.008263977101696476
2017-11-30,0.009723764196975924,0.007354294905026286,0.008912337260085714,0.007598736965228299,0.007170761016749139
2017-12-01,-0.0039014693636770653,-0.0028563897989216233,-0.0009570412865205748,-0.0031521145885133853,-0.0020220207673514005
2017-12-04,-0.006008909597994756,-0.0037425404589019793,-0.031498809794825784,-0.030835363938065144,-0.0033738857797407894
2017-12-05,-0.002915510888257838,-0.0026802866262141886,-0.0001600283768231534,0.004580495204183391,-0.0030353716476301065
2017-12-06,0.0006475741861733755,0.0004784649336136589,0.0074836683148500945,0.008759970657893721,2.89453052488923e-05
2017-12-07,0.006677313681046069,0.006233258821555624,0.008145368855606771,0.013503897733403509,0.004614688005224027
2017-12-08,0.006215593750569953,0.0034728235106054645,0.008814667184809978,0.006667893363651761,0.003666748426461818
2017-12-11,0.003530059165111135,0.002195479655203642,0.01065972991151666,0.005183690552474248,0.002229867129211153
2017-12-12,0.0032805871040793525,0.0010444159165490467,0.0036508235895161313,0.0015961318200523485,0.001533888345774734
2017-12-13,0.003585574501858396,0.002704743116654518,0.002132365801340502,0.002722815411549055,0.0032546255729465744
2017-12-14,-0.005370022677131941,-0.005361910445360822,-0.0054417874645697455,-0.0034947254358713934,-0.005317807606828331
2017-12-15,0.00800592919891465,0.008640340738855466,0.012435286087557559,0.011117438395055117,0.008382103679720762
2017-12-18,0.009486305773793429,0.010054568137843665,0.010009565067405924,0.014237228847123088,0.0091841502806676
2017-12-19,-0.0010115775929724685,-0.0009121695022041368,-0.008226593830916245,-0.007240432597352608,-0.0009918094808939331
2017-12-20,0.0017279729899166301,0.0028399366095202164,-0.0014663838044387508,0.0024565063139773014,0.001922315424996423
2017-12-21,-0.003996219075568321,-0.0025200370140942797,-0.005486043941478961,-0.005776958289262392,-0.0016715329924894223
2017-12-22,0.0005357818633978853,0.0004780045597877316,-0.0006004770947538908,-0.0004865958693827316,0.0006441780125198871
2017-12-26,-0.0015421510443039172,-0.002719945499919553,-0.0009923671690646582,-0.0049089847809224854,-0.0012308598782130049
2017-12-27,0.003347411545829325,0.0021845997928639452,0.0012468293303084382,0.0037818580022659005,0.0018405786700605915
2017-12-28,0.0005333053344942441,0.0010196807683847918,0.001593411329746581,0.0004154182256619323,0.0008190031465996257
2017-12-29,-0.004113289369954684,-0.0046823530415535716,-0.002925772138002865,-0.0034646383353986693,-0.0041786840561663366
2018-01-02,0.00979459581308129,0.01006440019960984,0.006779182971500196,0.011454545490189181,0.008344224708201113
2018-01-03,0.007642869827487724,0.006714490409677712,0.00996019025254757,0.010750809082163616,0.005660813917886265
2018-01-04,0.006184591609611449,0.007648401516853028,0.010863520421653318,0.011598132374567627,0.007613446392777336
2018-01-05,0.01003550431176764,0.00691801305333684,0.010016050393241159,0.011011677112291125,0.006938576779863138
2018-01-08,0.0003788790323399553,0.000979681065761109,0.00048219936422718503,0.0019093717282590195,0.0014448200366817333
2018-01-09,0.0030963406682408753,6.0174581389034216e-05,0.005376692278046873,-0.0042876293560235226,0.0005024085101221437
2018-01-10,-0.001985170780569022,-0.003940108849647985,0.002330430866125341,-0.0003253044889567117,-0.004473838842384783
2018-01-11,0.00892339157204956,0.006799881499810794,0.009691132156020243,0.00739699006539478,0.0062443972846167525
2018-01-12,0.009004944672153209,0.007776990086903038,0.006885246551472358,0.0040494804521168885,0.007140282113472181
2018-01-16,0.000941459644415308,-0.0002782566181639911,-0.004084029833884476,-0.0036420669540370796,0.00041219836625802577
2018-01-17,0.013537710300709663,0.011548291843512491,0.016416999454416846,0.0128495853978692,0.010798241868237538
2018-01-18,-0.002762791587710655,-0.002162151962615521,0.0005423730670201355,0.001409488071244191,-0.002336628751903838
2018-01-19,0.0020558268069592015,0.0005747865022867518,0.003281280310098038,-0.0024334472258174286,0.000562924253793378
2018-01-22,0.00425891968068525,0.004057713675520011,0.0013402128806137101,0.004290861581163572,0.004165324975373336
2018-01-23,0.0002008705310164039,0.0015375478336024707,-0.0013610420383683103,0.00436859210962895,0.00043246484664435263
2018-01-24,-0.0013257515297303319,-0.0007138242994399273,-0.0004774514093577523,-0.0027749043835996047,0.001030118389778821
2018-01-25,0.0014230505463673935,0.0005287897561147151,0.005592397519238712,0.0047040881624084195,0.00196832476443502
2018-01-26,0.008749675343732156,0.008608453346605356,0.005828375152026441,-0.002050891285656084,0.0067116629594384785
2018-01-29,-0.009129561404811474,-0.008160993597258411,-0.01270293079107901,-0.02281220513585277,-0.008842467383471827
2018-01-30,-0.012697554527940157,-0.011852997973356687,-0.01854238070613594,-0.01848402502861154,-0.010917344253687015
2018-01-31,0.002575552722598121,0.002377739600609714,0.003359839711069442,0.011275379794191284,0.001221463335648505
2018-02-01,-0.0020201026175371787,-0.0005055978102225002,0.007539980407335076,-0.0013762273764492102,-9.38901862795995e-05
2018-02-02,-0.020893488976357927,-0.02452734991328622,-0.010112816175865173,-0.021325789208825992,-0.023281092826485873
2018-02-05,-0.043195153544727895,-0.0419752586029668,-0.04177698087962026,-0.04127987734977967,-0.04139618801195712
2018-02-06,0.023813828357930018,0.023813684416363317,0.01384097095666939,0.024713592160608033,0.020278316461729458
2018-02-07,0.0001556196342993656,-0.002803625787043079,0.006436255569946515,-0.002883790794361861,-0.0009732648961122846
2018-02-08,-0.03949090539108113,-0.03895384638969411,-0.03731335606508237,-0.03890036607076257,-0.03647277896488716
2018-02-09,0.0157521152179738,0.014533814808281517,0.020256207525551646,0.018270151075446956,0.013762238291254905
2018-02-12,0.01575149113684505,0.015706717217285532,0.015343426967390193,0.015502504575719906,0.01355052993446338
2018-02-13,0.0007389704413201105,0.00035578256477836363,0.00914164524651423,0.002472124689967275,0.0001804652348589547
2018-02-14,0.013602724730427201,0.014575016768864007,0.013447767814200874,0.018466962296589673,0.013114897128590573
2018-02-15,0.01241344735880778,0.012913905759272658,0.007795215836039893,0.010553294175217618,0.013087813827345834
2018-02-16,0.0014353538120700368,0.0009697119625080102,0.0030734958517191066,0.003127919391984103,0.0013024818129347112
2018-02-20,-0.005374568226288003,-0.004022333748486922,-0.002808173479950132,-0.002037835709937748,-0.006213154357346596
2018-02-21,-0.004841576472618025,-0.004915811974197819,-0.005220414872733623,-0.006590775451437747,-0.005437393768008485
2018-02-22,0.0020482295341541354,0.0012091750213064371,-0.000536553615961154,0.004033199751608977,0.0015176664179003888
2018-02-23,0.01588068318779446,0.016211322457827634,0.013349115053531167,0.01690420587264222,0.015042640646564128
2018-02-26,0.015574161398299919,0.01635194659907183,0.009805385629799893,0.013621534225306424,0.015190171166262088
2018-02-27,-0.010964788071120142,-0.011664809277406114,-0.0067582480145710255,-0.006699585181264681,-0.012071764967975254
2018-02-28,-0.012208900587217138,-0.011385574374088901,-0.005773962546318331,0.00037576791447108907,-0.011078516315820243
2018-03-01,-0.01463888827544945,-0.014606406177808923,-0.014926376100323671,-0.011612174778092392,-0.01329345469267889
2018-03-02,0.0021377491491314593,0.004378856815966253,0.002683669281650523,0.002430169609578294,0.004044790659809721
2018-03-05,0.010134553975776235,0.011764924808194667,0.007354492515211749,0.013192923180330836,0.010936654048996755
2018-03-06,0.005664510429101925,0.00638172112288446,0.004673815030624492,0.006025941540061863,0.004805707169941933
2018-03-07,0.002664176301673542,0.0002507440871904094,0.010726444335543728,0.005895455914775664,2.7405692785359014e-05
2018-03-08,0.004938816837769167,0.004616611640509185,0.0017427886635355738,0.004921546472669492,0.004969787651123488
2018-03-09,0.017861529258881848,0.01665336690230732,0.012580035464842347,0.01504104183611601,0.014505541851773667
2018-03-12,-0.002051592411248051,5.268500776505164e-05,-0.007665432012675206,0.000908498504834444,-0.0009497436339469102
2018-03-13,-0.005918373302935095,-0.0064048790423758654,-0.002141913428999286,-0.006698827344707659,-0.004719091968018422
2018-03-14,-0.006832589881010417,-0.007651983543601992,-0.0029367664503019784,-0.0024667349557353185,-0.007561375467053592
2018-03-15,-0.0009187097044506309,-0.0009294180545710571,-8.517625452032101e-05,-0.0001793128105912007,-0.0010106511910856584
2018-03-16,0.010226991621064472,0.007707485129691891,0.0043007698521492785,0.0057416048203012444,0.006094843178023097
2018-03-19,-0.013329386606433211,-0.013372028550986556,-0.006943822644200375,-0.007804724549758904,-0.012442968435908267
2018-03-20,0.004908001803627123,0.0032539467787591906,0.004780548906968208,0.006539111469694475,0.002478620815735342
2018-03-21,-0.00287145934758103,-0.0002796310606940442,-0.009636989991228972,-0.008158538251794533,-0.0008581290532744142
2018-03-22,-0.02726897028556057,-0.026901971573039182,-0.023530151529668086,-0.0252152922632312,-0.024792892533200717
2018-03-23,-0.023971883923010674,-0.02395359807575897,-0.01190406346234327,-0.023512357491873442,-0.020427265817315816
2018-03-26,0.029250058004766977,0.02900695379148921,0.028911482345877197,0.02766828023979126,0.026410190988193367
2018-03-27,-0.019651355007801297,-0.018642615801078725,-0.02079646516601271,-0.022118367468614942,-0.015550457985180365
2018-03-28,-0.005335511372426955,-0.0043956660941551085,-0.00906839200317246,-0.009683683001905771,-0.003062053973861485
2018-03-29,0.016390399726526467,0.015498946314548321,0.016214180356390863,0.01595216622516465,0.01420291327931162
2018-04-02,-0.022294237436764546,-0.023387521717621512,-0.01783344577156205,-0.018799976714316047,-0.021807226115772814
2018-04-03,0.01231417098894047,0.01294085874002512,0.006516374786871318,0.00830883035963582,0.011959584216734888
2018-04-04,0.00889268284307358,0.010580379476105002,0.01046311079363791,0.009799901285225544,0.010360936543829113
2018-04-05,0.00409241882036768,0.003450625026629392,0.006894478589094914,0.00011899113473697823,0.0039229011892161665
2018-04-06,-0.024777033801459215,-0.023099909487066812,-0.03015289038461996,-0.02549754519025152,-0.021257109547085797
2018-04-09,0.002515030404972444,0.003020621807593138,0.003908275643250318,0.004243681459432995,0.003472770575225252
2018-04-10,0.019823684413139205,0.020508802140551438,0.01703331567932747,0.02036900201340145,0.018821709578167017
2018-04-11,-0.005893247501041138,-0.005157403636815664,-0.008352046659594388,-0.006418085303402335,-0.004131021876536212
2018-04-12,0.012840778716189473,0.01206191986420142,0.012447085049788337,0.012094475836129158,0.009037446508826753
2018-04-13,-0.0030230838353903387,-0.003125465509137306,-0.0011535469608472233,-0.001045971541538501,-0.001442968470096402
2018-04-16,0.007846770889717393,0.007697779727536146,0.005314187111607161,0.007562029205750717,0.00832408362781218
2018-04-17,0.010289322929767378,0.008440185320674386,0.015501811893240106,0.014715049310514604,0.0074700007976006046
2018-04-18,0.0012138456296254864,-0.0011462229910349801,0.005748395493794958,0.004025334809223186,-0.0015935462832958908
2018-04-19,-0.012222719978048868,-0.011546715709870967,-0.0068991600740815045,-0.01134218402234103,-0.010763537143700468
2018-04-20,-0.009207692332063887,-0.009572927080998451,-0.00983601648941866,-0.006539771850132797,-0.010280744315686886
2018-04-23,-0.003128573955169493,-0.003499417641284423,0.0010504454284996517,-0.002667204872330283,-0.0018517274317021483
2018-04-24,-0.01828388186075241,-0.013514126522472053,-0.028443978925730022,-0.019532553580053846,-0.012536138209359157
2018-04-25,0.0016616856393263809,0.0008816158787947116,-0.006542617841342438,-0.002249677518372276,0.0013829933393675617
2018-04-26,0.00973293810283625,0.008268026111929826,0.014012289094955858,0.02431581586504751,0.007408926121056673
2018-04-27,-0.005294998817089942,-0.0042538086153341825,-0.01199934218291141,-0.010768675265409712,-0.0032270374907024894
2018-04-30,-0.01150530803238068,-0.011573241841798003,-0.004289354996124317,-0.006237445890075634,-0.01225109042281005
2018-05-01,0.0001140844722869851,0.0007687590267437001,-0.006423137252163162,0.000862412850790078,-0.000956469443374793
2018-05-02,-0.010312399002218219,-0.008892780685362455,-0.0025832304754871485,-0.004877248816259328,-0.010054958838813036
2018-05-03,0.0027053649647059636,0.0013442334291782123,0.0019185295252662597,0.004065551953537198,0.0015540966442607828
2018-05-04,0.013891335470891386,0.014208977959972485,0.012060929936013896,0.014402991355886137,0.013278358667323183
2018-05-07,0.004515319102479764,0.003886719511788538,0.006603590205713545,0.005437381872842854,0.002873397013441451
2018-05-08,0.0018778276203947515,0.0028838246802551067,0.007696675848804248,0.0038296400698494,0.0016321617287912624
2018-05-09,0.011488894238635835,0.012889737901978414,0.00686253482206436,0.011865866246429938,0.011266403380286668
2018-05-10,0.00976449025851313,0.01008442787875254,0.007076735598230867,0.012063312210141475,0.010121066437299148
2018-05-11,0.0030287189652402624,0.0004744220557391407,0.0009676217328118582,-0.00041044869966435455,0.0015613065037714683
2018-05-14,0.0016490605322615867,0.00234635591988207,-0.006441593972824686,-0.0014251427177412641,0.0008103256606448739
2018-05-15,-0.004880636796235361,-0.004565556475907235,0.000870527480841553,-0.0005252417370540897,-0.004848791345304015
2018-05-16,0.007020147945568865,0.008149930679658291,0.0036477593092979084,0.006409457960602133,0.007089291417610517
2018-05-17,-0.0005861966677363931,-0.0019522360698582691,-0.00016592337355837356,-0.005093004505506054,-0.0017104679629044812
2018-05-18,0.0017086340681053414,-0.003815310384777349,0.010511964578030579,0.004025919366209275,-0.0019925847975997353
2018-05-21,0.010236673558856985,0.009829405360241652,0.008648575321592767,0.012642595369783488,0.008713205982297002
2018-05-22,-0.004794652734568897,-0.0014585506782485126,-0.004205787559837961,0.003028867881530227,-0.002766663895546891
2018-05-23,0.00949150100552262,0.004066333331460694,0.009728162408395365,0.006399698589630029,0.004930255618622056
2018-05-24,0.0015928020090781804,0.0007025413461329074,0.0017678450421689472,0.004150153324482897,0.0009390188429430578
2018-05-25,-0.0023234513089385677,-0.002393634828691439,-0.008614350277544149,-0.004366755934060282,-0.0025368369367095214
2018-05-29,-0.011224618780265197,-0.012294250081618094,-0.011633334104859522,-0.009786880403557352,-0.011732267578534336
2018-05-30,0.010822293725336348,0.01048213993167834,0.010397908536250448,0.007389470232334291,0.010786192248405362
2018-05-31,-0.011241094883257068,-0.009768878705607189,-0.010662568078586869,-0.013832525440488977,-0.008651870936058174
2018-06-01,0.016552106443662253,0.01343308212490887,0.024481169286425453,0.017954488027400628,0.01247300474839275
2018-06-04,0.005444869978621375,0.004722145118537685,0.009637906535216314,0.006909987778387252,0.005053140129462647
2018-06-05,0.0030827502888811256,0.0015257151381106594,0.009158776879732735,0.006876309633381728,0.0012142661376113276
2018-06-06,0.01087345812397561,0.010613687416209813,0.011713936174162925,0.009970013701902203,0.010366703258872127
2018-06-07,-0.003043282138090205,-0.0008817622851911109,-0.003603258598474257,-0.0050227072759007375,0.0003912169246437209
2018-06-08,0.0038169745884880837,0.003488894790744371,0.001616377650405963,0.006162728534384283,0.004464379209528695
2018-06-11,-0.000776976522738829,-0.0008644637512967581,-0.006363980811960346,-0.00367976636374981,-0.00026372821401840095
2018-06-12,0.0007370691365772642,0.000499249737915257,-0.001952657687280457,-0.00040589301585064767,0.00046264061450448967
2018-06-13,-0.003842881936384918,-0.004377855683701244,-0.0005857174012546864,-0.0006366377823002743,-0.004379452342758539
2018-06-14,-0.00012851507172702943,-0.000728984991596289,-0.002533607835188686,-0.0009246780839706498,-0.00041539286589641457
2018-06-15,-0.002967518196363806,-0.002855351968797193,-2.2054700630831647e-05,-0.0006503394966532452,-0.0009199944796234059
2018-06-18,-0.0038828498537247986,-0.004922849487167264,0.002516860121310202,0.004143599630490897,-0.004986583236853765
2018-06-19,-0.009556719461402232,-0.008540106161085026,-0.007835607653573754,-0.00726371103434804,-0.007225476862417564
2018-06-20,-7.095336160547539e-05,-0.0009601158111385356,0.004485783216397042,0.0017690147272386232,-0.00125953499091309
2018-06-21,-0.0055802727115641165,-0.006639497298535198,-0.004551988737606294,-0.005197335093604878,-0.006991439513021711
2018-06-22,0.001590966708320069,0.0011286026011615648,-5.3399524387101e-05,-0.0007067476098837325,0.0028872769053352757
2018-06-25,-0.01723981860941258,-0.015021494933456317,-0.018552103758361672,-0.026045610084002507,-0.013217825116611433
2018-06-26,0.0028776015649015487,0.003039492157631122,0.001903023497945365,0.00938645545356397,0.00263489889053002
2018-06-27,-0.012971518569791975,-0.012043456931913617,-0.01854173472170436,-0.016543945493571827,-0.010815053177421409
2018-06-28,0.008737638884504594,0.00899442195676183,0.013488275289984262,0.015140952649633782,0.010047923345838504
2018-06-29,0.0014314242954182493,0.0010625324255564422,-0.0006597632470577372,-0.0017560070830460936,0.0009633550071384697
2018-07-02,0.006253464983819007,0.00401844673288967,0.022669268670460603,0.018759462294721474,0.004160968603952173
2018-07-03,-0.00442782904360858,-0.006352981491838615,0.003373453596697415,-0.0027683134577685484,-0.004108749246520258
2018-07-05,0.010030816415363013,0.010653705485378348,0.005196936275674237,0.008326610183637671,0.010762125963090782
2018-07-06,0.006490370552013413,0.006019843575255158,0.004278552110984166,0.004927387019846037,0.0053322713196518375
2018-07-09,0.010755854904901063,0.010461301635363088,0.012345285619883063,0.009207590802967503,0.008397545744689705
2018-07-10,0.006376265978739748,0.005557456074304714,0.004950886565094951,0.006225724365876798,0.0055462065886191375
2018-07-11,-0.010441810908425952,-0.011634804847315397,-0.002103048647206147,-0.002561827515099538,-0.010340092208178085
2018-07-12,0.011219333043598255,0.01066556488744901,0.01775572683833143,0.013420140112642932,0.009910083837781702
2018-07-13,0.0018491364193703272,0.0008227894979943706,0.0002730842121485281,0.0016847990269706658,0.0008040074448563616
2018-07-16,-0.003988143979088898,-0.002542153775489513,-0.004337582901186755,-0.005035486213880985,-0.0032573290832570135
2018-07-17,0.005665443251529741,0.0055222888495301565,0.003163986813046338,0.006511951848138638,0.0054164022787956505
2018-07-18,0.006073287197144535,0.005265866468872581,0.0059548866917662,0.006570924581542294,0.0037062157399032226
2018-07-19,-0.005420406174082,-0.005949161849185371,-0.0048424964550697995,-0.007182388721351928,-0.005172659225166503
2018-07-20,-0.001850904724510423,-0.002233485672551688,0.002292016239002652,-0.0019293003306723102,-0.001594295830084554
2018-07-23,0.0005994130107037352,0.0021963457732659835,-0.0039535922557480145,-0.005875569182420326,0.001641281991627375
2018-07-24,0.0023550964613477214,0.0024805761441686804,0.005984907409461009,0.002787737355449497,0.003700130949539739
2018-07-25,0.009300514471521013,0.00618814753289304,0.015434704061760784,0.01142175173726317,0.005898542393096401
2018-07-26,0.003890151119978839,0.003447927776650531,-0.008016260199735406,-0.0013854127009591277,0.0032321442361435988
2018-07-27,-0.010569500736032779,-0.007724318305705699,-0.010741691846133794,-0.010254921490573155,-0.006764857618274301
2018-07-30,-0.009245365493898192,-0.0071694205960410725,-0.014889880385310214,-0.016208738662035774,-0.0062107742246075345
2018-07-31,0.010515327295308081,0.01006353457368707,0.009344561248894644,0.006416573800864535,0.009718130593345
2018-08-01,-0.0052902713364496295,-0.005785573728781983,0.0030417738734854548,0.0009101181798872608,-0.006071035009723512
2018-08-02,0.0012624127042023686,0.0030843819062736696,-0.0004102216663809474,0.006023423104237061,0.0031162058886717364
2018-08-03,0.0035480869975133456,0.005768715209345637,-0.001967751250033546,0.0014796756096122467,0.006090449612157598
2018-08-06,0.0017128427872592756,0.0021589749726460537,-0.0014954455568616598,0.0028040948367854548,0.002143578986614869
2018-08-07,0.004386447568170858,0.00405916382134148,0.005604161517329319,0.002866011221410083,0.0030556138271353715
2018-08-08,-0.0024817256445511197,-0.0017450889759277107,-0.0029887801245692073,0.0016753965126705091,-0.0020657907435746785
2018-08-09,-0.00233304926318606,-0.003940107008724659,0.0035849650596147396,-0.0030618637545381804,-0.0036430298704345776
2018-08-10,-0.008954607626457662,-0.010043813077627074,-0.007218700331743466,-0.005294744954293405,-0.008292160798678134
2018-08-13,-0.0033245602769997797,-0.003780019583839045,-0.0010964924033904835,-0.0016800012375319624,-0.0033793835842545854
2018-08-14,0.005794881715795362,0.004085750791266319,0.00807065934931888,0.004307859080491098,0.0035488001216284915
2018-08-15,-0.008627275881458632,-0.008226444481162377,-0.01216756471808115,-0.009808998561186145,-0.00618286659860179
2018-08-16,0.010813690194033736,0.009605959281413598,0.0149909489347856,0.009587330633891927,0.010174996528438535
2018-08-17,0.00039705941015871635,0.0011807293306267312,-0.005605787667672676,-0.00038120092034135775,0.002046265850209227
2018-08-20,0.003473050956127837,0.0032420683932977996,0.0014024523894937255,0.0021872533524298484,0.0030141431047289577
2018-08-21,0.004081612340091573,0.005585280513653635,4.3531099292438286e-05,0.0007551920207757108,0.003315345401533427
2018-08-22,0.0017413667565027132,0.0001598867657707732,0.0009395739943603979,0.0013617711024796098,-0.00033990802536196447
2018-08-23,-0.001824002502188379,-0.0033703671851579744,-0.002034674028350181,-0.00043638866802555144,-0.003091726203061523
2018-08-24,0.006198303793190418,0.006227328157279199,0.008626542582314281,0.009283227574563301,0.005907098576936163
2018-08-27,0.010381501180679409,0.011605053199494855,0.008997614227778644,0.009146393838416228,0.009859883773174448
2018-08-28,0.0013850047593084254,0.0003686037333848728,0.002068791405769822,-0.0005553202043559491,-0.0005600490557848379
2018-08-29,0.0033197618080304274,0.0023589655360949343,0.005800901139411866,0.00647061001012446,0.002854069341964356
2018-08-30,-0.004702296271015347,-0.0060407413860439,-0.0019802371147612666,-0.001096141130739911,-0.00578752370008036
2018-08-31,0.00021352168174470845,-0.0003297521351669247,0.0020917477636563367,0.001110994726239899,2.230174653760714e-05
2018-09-04,-0.0010057413510140031,-0.001959641937541871,-8.045407521744402e-05,0.001309189052630983,-0.0025618447818821395
2018-09-05,-0.002904095780908613,-0.0011666138372736932,-0.0073865564530903784,-0.015391293268473803,2.2146872103738524e-05
2018-09-06,-6.33649928703738e-05,-0.004638767272052638,0.00531439173043252,-0.00040597852509549745,-0.0017230198909869278
2018-09-07,-0.0028527569789470464,-0.003644632916319663,-0.00344967378005092,-0.003630482621172329,-0.003052121004060631
2018-09-10,0.004299933725821125,0.003931556199073653,0.0015525759042168729,0.004932977169169625,0.0037794116852848695
2018-09-11,-0.0001658485714732948,-0.0012938560895115342,0.0016477402617058085,0.00048398765317114143,-0.0007067424797537441
2018-09-12,0.004462512785221913,0.0018166024656650671,0.0072502650182415165,0.004172667546777985,0.004285158322833961
2018-09-13,0.007919884329856255,0.007396515193412099,0.01196157266279494,0.010401283499129175,0.007085797261475035
2018-09-14,0.004349806309149308,0.0046915230417500665,0.005643790902140214,0.007418358056866336,0.004350887632158327
2018-09-17,-0.004961933280633899,-0.0038110092205656714,-0.003956795260885184,-0.007416374796111168,-0.0024748537388949816
2018-09-18,0.008541130014212545,0.006230264433400526,0.008494272426727265,0.007683366742253702,0.005650945936364447
2018-09-19,-0.00019419878141164982,0.0022742370066485256,-0.007660073010916193,-0.004129888497689308,0.0012572291157470997
2018-09-20,0.008191709378118799,0.008000700187561135,0.004554774506175066,0.007068485008352975,0.007267243176749703
2018-09-21,0.002720126245362855,0.0006023518200124107,0.00534763041414559,0.000592622003882462,0.001589687852946663
2018-09-24,-0.0051320673317381245,-0.005972261393019422,-0.0024806937146461495,-0.0036453609172608734,-0.005945917283177355
2018-09-25,-0.004533187532892195,-0.006834650998183426,0.004373549948264902,0.0008036699620463811,-0.0055302297987926494
2018-09-26,-0.003296629625070136,-0.00475308005427143,-0.0010249805584134697,-0.002560259943420962,-0.0037442070601525195
2018-09-27,0.001296039817762552,0.0003167047871623659,0.003939275976679645,0.003991526384293552,0.0007033204274851342
2018-09-28,0.000585129079285504,-0.0008535070720363483,0.001461564488054007,-0.0002360479403598407,0.00020616681552706204
2018-10-01,0.006203638921330436,0.005692600667511028,0.004227872175545201,0.005194995586934807,0.0059293149319943495
2018-10-02,0.0011210921847906621,0.002766924462940969,-0.0002610620690149494,-0.0009454829175931264,0.0025814354723274107
2018-10-03,-0.002142921636106361,-0.0020161159120739777,0.0006524253548951754,-0.0017626409440031495,-0.003313374061988663
2018-10-04,-0.009435016794105454,-0.007872968967841605,-0.01390062670686822,-0.01028259412728224,-0.006921341268704354
2018-10-05,-0.0064738918748026945,-0.006158129545325706,-0.0063382572325171496,-0.00490669697994915,-0.004668451595315225
2018-10-08,-0.005151016577455064,-0.0030693746129872197,-0.009999538499603344,-0.011696750694974924,-0.0024707709208032563
2018-10-09,-0.007306090753758359,-0.00887479833222353,-0.0031976684582619872,-0.005121871322177637,-0.007632994729750058
2018-10-10,-0.03411638544377328,-0.030482244971656254,-0.03858415387618767,-0.03576539369255033,-0.028579008286597346
2018-10-11,-0.017800585060072538,-0.018657731561119096,-0.01993254655165883,-0.013551766642444,-0.018533139909419585
2018-10-12,0.01583867158596064,0.011749930094471027,0.026680609213783856,0.02784927637643969,0.011896209442922757
2018-10-15,-0.0058460041070466495,-0.004896971412746138,-0.005181269524329449,-0.007576826407192783,-0.0032132191795951706
2018-10-16,0.02420336389699845,0.022308610952458494,0.025346522494701505,0.023009744188358345,0.020413417466650936
2018-10-17,-0.005326040082743356,-0.0033517809287718745,-0.005546481699189415,-0.0028430935589616314,-0.0032906534646965804
2018-10-18,-0.015209629538059486,-0.013702171015426888,-0.016692392301633552,-0.014205254987376018,-0.012205387096309386
2018-10-19,0.0002862144021847199,0.002447123219695649,-0.005089036434087575,0.0004170517128723682,0.00391828074283306
2018-10-22,-0.0013977470729716027,-0.004633030334309745,0.0016885436866520037,0.001452384637335579,-0.003914403842504499
2018-10-23,-0.008952824895717863,-0.007242216657462478,-0.016609407926763558,-0.009702404326849767,-0.006876295875946955
2018-10-24,-0.031193838570755306,-0.032822206061275186,-0.035773181248547975,-0.036468931062202684,-0.029679843746696563
2018-10-25,0.01589886747567082,0.014502563466515753,0.01679558398051835,0.020490858687299697,0.010952182913710267
2018-10-26,-0.019920348084702486,-0.01695983583579396,-0.015439237066854456,-0.021826350429867962,-0.015675970468577452
2018-10-29,-0.01326784355656568,-0.008138995870414126,-0.02717186103471103,-0.01952621945695689,-0.007235918400648479
2018-10-30,0.015565875799433354,0.01662447935283681,0.005349949531398493,0.004495710294793194,0.015932282116696322
2018-10-31,0.01321184825587379,0.014101271003406763,0.01759455390020081,0.028124646973997705,0.013412952840230762
2018-11-01,0.020262257706728237,0.019011077093622056,0.02201357782050368,0.017641402594017207,0.016456882091696833
2018-11-02,-0.0037575070507051057,-0.00336059150368132,-0.0028787168268956426,-0.004479427432981173,-0.002760081356789849
2018-11-05,0.005072659755615464,0.005327722116197614,0.006218712507158668,0.0035185414367806837,0.006252261757119651
2018-11-06,0.0076474956550878475,0.007122904305320662,0.0085575422432868,0.006480553357070704,0.006989354021592176
2018-11-07,0.02219003652316829,0.019041145195286123,0.03488620445142176,0.031593802183016884,0.01914469042538795
2018-11-08,-0.003026525422777798,-0.0025082058683350405,0.0009816148560548353,0.0028320252464440654,-0.0018292223197603381
2018-11-09,-0.011785961618999127,-0.011254989342247381,-0.006402941900949989,-0.011371462822427847,-0.00857465353585133
2018-11-12,-0.02230065300533926,-0.02199973798661762,-0.01876559376043048,-0.02087246156041799,-0.01889040304304814
2018-11-13,0.0025887694700714964,0.002518004333292227,0.0066708244047373215,0.007280333824383582,0.0015410691475537224
2018-11-14,-0.0004642053733363062,-0.0015755125497622325,0.006479031143761871,0.006193436286908027,-0.00038123174374684536
2018-11-15,0.012522899191553426,0.014481523504565547,0.006385633910338487,0.011725944645826308,0.012232495388042676
2018-11-16,0.00022786171142171233,0.0017146778887855661,-0.007624703471659259,-0.003967453451281603,0.002618298770901312
2018-11-19,-0.021947657150894792,-0.019018016743557412,-0.027843626674480357,-0.028346393236703762,-0.01666103446934527
2018-11-20,-0.015757619810931996,-0.01382616492278611,-0.009006553180095916,-0.010506649651575876,-0.014237804701178814
2018-11-21,0.004572584103408823,0.004542727757645212,0.0026662169984076347,0.0035294070781822376,0.0030641382500575885
2018-11-23,-0.004909877092801277,-0.005016525982308522,-0.006915006654749813,-0.004164403652731793,-0.00429421232139815
2018-11-26,0.013985099350660737,0.015152961529164573,0.020959830788646928,0.017489454218223035,0.013900920045037339
2018-11-27,0.004431859507914249,0.0019166238695035778,-0.0009539765337929708,-0.002374440614974457,0.0024982381323327015
2018-11-28,0.026351846112729775,0.022744936321362628,0.030515590506453118,0.029222055498383373,0.02114175620511216
2018-11-29,-0.0039421947405296025,-0.004720418441524949,-0.00930437084047967,-0.010261961582410408,-0.00361518768323267
2018-11-30,0.010473058947204357,0.0088932477350052,0.010224789760980133,0.00898745350574301,0.008870802163206008
2018-12-03,0.011852645748708545,0.011498353611613419,0.014955297812675367,0.01728695930326215,0.00937801583715284
2018-12-04,-0.033801550586542446,-0.03374258360597156,-0.03287941440431199,-0.03331776979329636,-0.029094896303550347
2018-12-06,0.0009623520743153792,-0.0006657253063986202,0.006641181010339108,0.007918833085613086,-0.0003060881265535757
2018-12-07,-0.02554395832857929,-0.024623339425083747,-0.01935007131773515,-0.02412334985216081,-0.021573649078945684
2018-12-10,0.00498323407944372,0.0029913330769235787,0.009807387267701265,0.005281531597142021,0.003535847877869654
2018-12-11,-0.001145494624674864,-9.347811520014709e-05,-0.0026949141614414558,-0.002063145596042841,0.0006798746573221243
2018-12-12,0.007725875402650609,0.0075789850729805356,0.009288419032547165,0.008370138370107135,0.007558710833817997
2018-12-13,-0.0002697224605063014,-0.0008643774425065984,-0.003231991893079917,-0.0007188300298763362,0.0008548630523826316
2018-12-14,-0.020579923342060456,-0.019529854057133603,-0.013851700350732445,-0.014473036597334867,-0.019073659671284708
2018-12-17,-0.018675804078154584,-0.018826617930541918,-0.01828282004576157,-0.01886223142686784,-0.019408145472483894
2018-12-18,0.0072588178558580605,0.0037302789696189264,0.0028436640710148963,0.006002105127256896,0.0023280582694003623
2018-12-19,-0.018144174394644642,-0.017761384169251108,-0.016585584787328817,-0.016966241087476203,-0.016664589479207674
2018-12-20,-0.012423166107578253,-0.012394614470712616,-0.02005709866111478,-0.01758695438052742,-0.011886383606099133
2018-12-21,-0.020309216190877735,-0.019368033478178868,-0.02555963742735533,-0.02448010490308053,-0.01803664341291627
2018-12-24,-0.03830443161054397,-0.032288960852691596,-0.07159367621803514,-0.06505905778915809,-0.03509303547169081
2018-12-26,0.04909681333072723,0.04699670437178993,0.041057100834406696,0.046223149457251,0.043803106800985724
2018-12-27,0.011209686233428495,0.01184733342974401,0.008973998121744693,0.008855680722917727,0.011614479356906297
2018-12-28,-0.001404342277145941,-0.0018780324290049145,-0.0016543366344732803,0.0003837718375671014,-0.001722387679941587
2018-12-31,0.013233980650875696,0.010091961811087891,0.024074681543580487,0.020350320452374428,0.010255621027578503
2019-01-02,-0.0006768963719981187,0.0031538744404621005,-0.0025329017442946625,-0.0013071868424825491,0.0003448020401103705
2019-01-03,-0.031770918533936196,-0.028918669911528038,-0.027426930378018598,-0.034733050338358544,-0.02589175916892622
2019-01-04,0.03607591169917446,0.03582834391251285,0.035462120091740296,0.035194974448055846,0.03261550427804699
2019-01-07,0.009119465547672869,0.009548112522233709,0.006510189966392863,0.013862420301037275,0.008765504899958238
2019-01-08,0.008959997672384087,0.006292983294065812,0.007056133564872924,0.004802348416273522,0.00761114048319276
2019-01-09,0.00776116690282942,0.00754501896409963,0.006678134567743847,0.010116287284428423,0.005420270572159077
2019-01-10,0.005570667811653218,0.006434994075803169,0.0027372793974101335,0.0020281985363962774,0.005742737060895362
2019-01-11,0.0012722528292550273,0.003477687664274378,-0.004193954458578403,-0.003987337144217871,0.0035820118437157444
2019-01-14,-0.010055636234977235,-0.009349471841610599,-0.010908386901606544,-0.014140380686799618,-0.010084655661969763
2019-01-15,0.001092669878187376,0.0012159014170968962,0.0031473752481670923,0.0003939540023472725,0.0020301622954441607
2019-01-16,-4.860022458314089e-05,0.003559095121216301,-0.003872549840743318,-0.0007050700192989536,0.0012684916680223588
2019-01-17,0.007714474032928745,0.007681952636728955,0.01640431205484732,0.011253394423374632,0.007914026081059946
2019-01-18,0.016875571568566287,0.015868081270417625,0.00946459027948485,0.010342341608481909,0.013831139518549298
2019-01-22,-0.015031060534772243,-0.01619630591677989,-0.008102736787299575,-0.010867114698528711,-0.013516638036840441
2019-01-23,-0.001233441043123801,-0.00037398365688385703,0.0032362729447984674,0.0046985588744722535,0.0012302498615658804
2019-01-24,0.009478366424338611,0.009584827673420289,0.005397933790432763,0.006166498872899431,0.004849177294102298
2019-01-25,0.013850783977398678,0.011948269327062042,0.01259245135110407,0.01581940673793502,0.009334285177390496
2019-01-28,-0.005895292739845298,-0.005619133008602152,-0.0034886390603155897,-0.007455097972020052,-0.004928667229075481
2019-01-29,0.0013911785741128476,0.0016809301452051426,0.008720069015009858,-0.0006856112689234033,0.002735264773587356
2019-01-30,0.01802430143566187,0.014780868257935472,0.013377764106767965,0.018838925431237726,0.012984512033739475
2019-01-31,0.003393546551913593,0.004236042136806216,0.011563142140152267,0.009217910986760844,0.006153850430914265
2019-02-01,0.00892289769192634,0.008003526299909367,0.009851367303221508,0.016848247616752316,0.007689881005788815
2019-02-04,0.00825589326982766,0.005019798716016457,0.013218387987378497,0.008528115799670728,0.0050460620280021315
2019-02-05,0.0045705927940951595,0.005679929402278622,0.0004852646375488505,0.0063689811821844265,0.004385087762603872
2019-02-06,0.0023520544053744026,0.0029559198387138167,0.0006171063656059282,0.001067287142937308,0.002403325155003983
2019-02-07,-0.010575938627988293,-0.011562309767418417,-0.005561035215736625,-0.010583679246368164,-0.009700891337112418
2019-02-08,0.0027413808370741004,0.0009162574908508441,0.010424907433414309,0.004993817876115641,0.002479589652056873
2019-02-11,0.003090253424488639,0.0027742330444427963,0.002464727493717184,0.004383814837638259,0.0026197759053920395
2019-02-12,0.015625247979603296,0.015608852031039483,0.010045947480669695,0.01684982101992909,0.01403204511245041
2019-02-13,0.006020705445655203,0.005802401045099762,0.0076290849316407,0.009111678768618448,0.005006633405312251
2019-02-14,-0.0022517765313771238,-0.002940438194888712,-0.0026593202625053184,-0.0010601403910334099,-0.0028284819109934663
2019-02-15,0.010526972789578174,0.01119412818026028,0.014437386646981649,0.010956856333176362,0.011303123617281217
2019-02-19,0.0008411467141201139,0.0019512234278921466,-0.004716660512892331,-0.0002660822627025481,0.0026406554572606733
2019-02-20,0.005861118700420545,0.0060385115314133455,0.0060416824212158726,0.004738371586306618,0.0052381911671078064
2019-02-21,-0.005676562707322228,-0.004921121558926956,-0.008108041553919853,-0.004163277592917439,-0.003619484046328756
2019-02-22,0.010628473065485224,0.008917744257183904,0.01029577522218382,0.013697604509183038,0.008852102287537526
2019-02-25,0.0046334415165238734,0.00446829838604426,0.0010801395126207088,0.005116153729562271,0.002655473784694941
2019-02-26,-0.0004915470775453301,-0.001114860531644603,-0.00030373576357005584,0.001875865993607652,-0.0013097924822832179
2019-02-27,-0.0014536118493519616,-0.0018134325974151475,0.0014361638003217577,-0.0025436492414729057,-0.0016326250298774657
2019-02-28,-0.0009151137339001123,-0.002349660261690563,0.0005830214174790986,-0.0029032286757311745,-0.0018520470733896497
2019-03-01,0.006270883218110079,0.00503492233837363,0.008239277206497368,0.007615971287115413,0.004878630114403338
2019-03-04,-0.003785943879466798,-0.00322279329546918,-0.010664452993670264,-0.008784149761812618,-0.003559625937964183
2019-03-05,-0.00642821560788591,-0.005649062703051431,-0.0029981655066178095,-0.005526892350405354,-0.0043064523319305435
2019-03-06,-0.010330976355170744,-0.009659280626514695,-0.012085874722878524,-0.016020451910957714,-0.00910988239186782
2019-03-07,-0.008678675142633794,-0.006687224287153314,-0.006665513065649881,-0.004976798960209472,-0.0060764483914772715
2019-03-08,-0.0012874056435959015,-0.0006674665619295058,-0.0044539147721874665,-0.0008800555852618895,-0.0008787653629572298
2019-03-11,0.01454939348969471,0.014421365697505599,0.019728683119441225,0.02055953977237231,0.013938268291103683
2019-03-12,-0.0016240390260322585,2.7854041013401396e-06,0.0028833706717303277,0.002766519267254853,0.0010217940695984478
2019-03-13,0.006656870715477921,0.006290272919652622,0.007626590740856689,0.00606090346896579,0.006110490236103865
2019-03-14,-0.0013998052004060718,-0.001910938623202855,0.004749871150103259,0.009733197669295892,-0.0014656161968842315
2019-03-15,0.007396819498635566,0.006863659573050488,0.0137796026717279,0.013808968932670645,0.006926925505553041
2019-03-18,0.0014730939183411208,0.0029639550257819975,0.001802233446501773,0.002926498652822877,0.001982226050538551
2019-03-19,6.159419184079856e-05,-7.662642859757892e-05,-0.0006328885922865115,0.00046276022305530935,9.767319877709748e-05
2019-03-20,-0.005920417268888932,-0.007656749325314954,-0.006974679118000393,-0.0072719937833893595,-0.006827641130176004
2019-03-21,0.017188198627346257,0.015788477721508834,0.01706736711498229,0.021855408749800898,0.014248144584406527
2019-03-22,-0.022717191879317224,-0.022316740995804794,-0.021597090693831082,-0.021753386487002622,-0.019069568555512426
2019-03-25,-0.002512176178669644,-0.003547383384784962,-0.008437725984575624,-0.008982481550177156,-0.002534281958662711
2019-03-26,0.00890759735356364,0.010598423116842351,0.013014552173417904,0.013295044533667493,0.011006339537043927
2019-03-27,-0.005559221272597592,-0.005426464527586039,-0.007881869211996925,-0.009404001268651272,-0.004360517474333952
2019-03-28,0.00431252501493133,0.0034935241635351295,0.004922659320083241,0.0008688190105625351,0.0031702930638428423
2019-03-29,0.013123404034545802,0.010880311123196205,0.014801734998096507,0.016563033419081087,0.010141116931300119
2019-04-01,0.016098925019728524,0.016989192135427697,0.017442329743702165,0.017357853589702134,0.013972290101408259
2019-04-02,0.001867705744469618,0.0004105518314761149,0.002695201440007079,0.0036236626459234386,0.0001997920911347475
2019-04-03,0.004564197425237133,0.005710183117110485,-0.001248983218573419,0.0034721752145977303,0.0035687651000212454
2019-04-04,0.00032479486980795374,0.0021239499231509255,-0.006606235492972847,-0.006399783896110107,0.0013387101191744905
2019-04-05,0.005496202952735691,0.00467380354684098,0.011396749336589372,0.009024113659409914,0.004953013328168654
2019-04-08,-0.0011693821483688297,-8.272699252057309e-05,0.003445661127536216,-0.0007980206559878234,0.0005903281249474077
2019-04-09,-0.010016363773044629,-0.009808798955842022,-0.009680166308121702,-0.008736852887335354,-0.008307797302376765
2019-04-10,0.004556081289150533,0.004462182154432908,0.007903812901717678,0.0073824534255756465,0.004100385648141821
2019-04-11,0.0026021741157016723,0.002738339267524999,0.004820617645428711,0.0028369894858108475,0.0025321946136554856
2019-04-12,0.00970031825772364,0.009605471611226253,0.0049998459430442895,0.005461359655184194,0.00772893971145803
2019-04-15,-0.002072094898669467,-0.0027719212855875155,0.0009337863815443386,0.0013116407141933384,-0.0019102181122800234
2019-04-16,0.011427701665704563,0.010317359339262684,-0.0026892032783136103,0.0008246743830343552,0.006962513137712983
2019-04-17,0.0007110809734033954,0.00071639218627771,-0.0013558563346990468,-0.0007831329365414982,-0.0017007982608777676
2019-04-18,0.0046070240453838784,0.0029209415021070615,0.0037498936057085213,0.004452246810149531,0.0027620134148745633
2019-04-22,-0.0015897667713774487,-0.0017547393532683778,0.002856956525448359,0.00188945702503498,-0.0005045305966678933
2019-04-23,0.010759591989235075,0.008436618740028929,0.02232053782904035,0.011487781362550534,0.008609192221425225
2019-04-24,0.0012696659097559601,-0.001060144733400225,0.0036055722953704005,0.004058384660335032,-0.001497350913903031
2019-04-25,-0.009038298454523487,-0.007983156733213648,0.002222817820712558,-0.0010566967579167137,-0.007196898489735447
2019-04-26,0.0009818977724205336,0.0038211536115214818,-0.0007646591750491085,0.0007581084427870598,0.004431799428497138
2019-04-29,-0.0005367449906547035,-0.00017858679447638437,0.0011579416916945816,0.0037450701417240722,-0.0003541267260267233
2019-04-30,0.008499583373962016,0.006224118163139368,0.019246588435038972,0.012890136265716641,0.00755644130642753
2019-05-01,-0.008810952155436718,-0.009889047648503471,-0.006611618181693599,-0.004483771653870488,-0.00975795178799043
2019-05-02,-0.0022450791092543843,-0.0008131699191254747,-0.0009808483555304053,-0.0040130045643271064,-0.0007662607177275039
2019-05-03,0.009583042958264638,0.009630450661662444,0.007570194259728174,0.008396072877913389,0.008481080172729255
2019-05-06,-0.007380467616254724,-0.007931206649825592,-0.000503407030276676,-0.00466833313762937,-0.006194386456242484
2019-05-07,-0.021745947395384917,-0.01901379787735017,-0.013780355576967131,-0.01769511808534041,-0.016615226215812018
2019-05-08,-0.0034777881588869703,-0.004786796041574426,0.0005809536521353802,-0.0008321128506491773,-0.0034024004793666383
2019-05-09,-0.003549938548367186,-0.003138655696240481,0.003386992945686286,-0.001445984152723071,-0.0023048957876539455
2019-05-10,0.0037252816181489543,0.004217459100877829,0.003166672029461689,0.00442854280550251,0.004639282347711025
2019-05-13,-0.028364820447222695,-0.027901427095736557,-0.026649255314716912,-0.030180539182960802,-0.02412802761400547
2019-05-14,0.014591236938647008,0.012758718948157756,0.016614245811576035,0.01991575106509709,0.011088732417221747
2019-05-15,0.007219480172934566,0.006499868637481889,0.01014387894578795,0.011785693871056019,0.006386800438828311
2019-05-16,0.007984142071370607,0.007385922803708932,0.016991333560877824,0.011826578378498969,0.008301125792199077
2019-05-17,-0.006694306795481049,-0.007572143598135686,-0.003382840491706522,-0.0073602050322923345,-0.006375595111888712
2019-05-20,-0.010368168734204838,-0.008233825828657164,-0.0035392373048227293,-0.008211077252941248,-0.0055152100654913
2019-05-21,0.01143745666253447,0.01071212400153225,0.012482146690708743,0.011792115190031292,0.0086790807414159
2019-05-22,-0.014682658945643027,-0.010389653032024687,-0.003826015743686649,-0.0039171260788712445,-0.007920565941051129
2019-05-23,-0.01538029769437882,-0.015429579939404128,-0.020012350707481547,-0.024833240695262406,-0.013579264092223698
2019-05-24,0.0006143782708458953,0.0008369087638272752,0.001357630043995858,0.0036344023616950265,0.0013143591891424764
2019-05-28,-0.011038163469620818,-0.011468342601741035,-0.0035048138286412436,-0.002508904030538506,-0.010986608739662757
2019-05-29,-0.002374189670625309,-0.002248676063857053,-0.0015975296962947231,-0.000614232727585956,-0.003153942630330582
2019-05-30,0.003763273219407395,0.0027651226234310716,0.0038511143903384917,0.00324317162706185,0.0036919847319241447
2019-05-31,-0.021099211668749215,-0.019811053867856098,-0.03283494233360354,-0.030112736570772167,-0.01951702780789726
2019-06-03,0.0006295518324492544,0.005153649361460604,-0.016707773597988952,-0.016842718319166717,0.004398205456050777
2019-06-04,0.02503905969633772,0.027259780890940173,0.02229769853386572,0.025560782886770918,0.024292705155680237
2019-06-05,0.0029898926256510055,0.003835862857791937,0.0006453503786047966,0.00015665860835984043,0.004884608504577021
2019-06-06,0.002070163036312333,0.0051510257608866645,-0.004808655773529071,0.000978356348639272,0.005270969789130466
2019-06-07,0.011233871740963394,0.009896293383216608,0.021030895477650552,0.015909405168550068,0.010680948686212118
2019-06-10,0.006729101557657123,0.007524532127466146,0.00025240500285504913,0.0017881633100773923,0.0047522947701328444
2019-06-11,-0.002685535124561418,-0.0013249949945511128,-0.007692614366583659,-0.006075510212845655,-0.001879165373862097
2019-06-12,-0.0044975361786674896,-0.0062539260674889146,-0.003783982692957221,-0.0054668921913242855,-0.00340072954104936
2019-06-13,0.004107655109843515,0.0044811362675427156,0.004312631923720425,0.00014181806215957712,0.0036826363707399543
2019-06-14,-0.007023523389633853,-0.005881479880765621,-0.011755945067339308,-0.009661628771365637,-0.004606616875511338
2019-06-17,-0.0010525724636547046,-0.001984994126713933,-0.004154787383910828,-0.006163107030805595,-0.0015405115015658128
2019-06-18,0.016063929094092603,0.01580050767062147,0.011917751624479785,0.012816166382510787,0.012585925414121478
2019-06-19,0.0075350596758997496,0.005028942148586494,0.010119084551061582,0.01132690891357034,0.00554242731983471
2019-06-20,0.015026647888541581,0.012790867634220325,0.019896699722046392,0.017742953535279014,0.012150948032967339
2019-06-21,-0.0035789660404238633,-0.0032388431472282465,-0.006316975128543266,-0.008343879501702718,-0.00365926108852949
2019-06-24,-0.0007483500094343611,-0.0009363603412337731,-0.0017040665162931772,-0.0015754361909637868,0.0002971477462709137
2019-06-25,-0.008913547261342986,-0.008362492821345435,-0.01041272610492959,-0.012642757394094838,-0.007759831853232296
2019-06-26,0.005664401104487524,0.00573830926886988,0.001871833466562417,0.00962351188159703,0.0015325391277695262
2019-06-27,0.0023049565278105235,0.0042141969448344415,-0.002478620208414919,0.002242740013700231,0.0033862032277079328
2019-06-28,0.009298914112829038,0.007501010913450675,0.007757896012012105,0.004839878530150744,0.0060348417316781035
2019-07-01,0.009175962064573934,0.00944290410427826,0.006687818246464873,0.009338825866820354,0.007915623036133877
2019-07-02,-6.653583249667137e-05,-0.002078948337789856,0.010471835916755755,0.006515540814362583,0.00027179626764528087
2019-07-03,0.006221951062197986,0.007058325826333526,0.00858645603331825,0.009042085446138111,0.008403025604296007
2019-07-05,-0.0030862295891134366,-0.0026906591712697113,-0.0053519822913511966,-0.004812869908111899,-0.003167424490031207
2019-07-08,-0.005378204123613239,-0.0054247903131310615,-0.007294698956804032,-0.007142867904707539,-0.004991334560189216
2019-07-09,0.0013360474922491507,0.0007065797226372085,0.0022689902122516622,0.003440425720840093,-0.0001070425626726241
2019-07-10,0.004338046135253408,0.004565794157819636,0.0036126209163206656,0.010650693062766408,0.004893347946466427
2019-07-11,0.004379743361283364,0.0034474606139838224,0.005205710767114905,0.008249789209241158,0.0027344412169167543
2019-07-12,0.009965332843794306,0.011593403782279885,0.005818536925113651,0.00840959479909026,0.009087423086416377
2019-07-15,0.0012497307688435321,-2.5405792940117692e-05,0.0064384595094786,0.003159856753237612,0.0008974616655278
2019-07-16,-0.0040917517399812016,-0.002885134001277973,-0.0034887883121952935,-0.002929795897053871,-0.0025321298185243726
2019-07-17,-0.005795558858647862,-0.0060401575702645535,-0.0078063161633156655,-0.0031696776464545245,-0.005192760264055095
2019-07-18,0.007655134794092476,0.008460430540169723,0.003119543574548132,0.009353864713052017,0.007388582775723371
2019-07-19,-0.0025009682687374872,-0.003175674187509879,-0.006808907133586854,-0.002879414291543478,-0.0041859813151103875
2019-07-22,0.0072105893950198865,0.007490050821209235,0.002340834902481534,0.00882805964063568,0.005123801240056585
2019-07-23,0.006755467812419515,0.01084568799149975,0.00193748262150403,0.0026983165848429,0.009158817773957603
2019-07-24,0.008851895330682553,0.009383942844619643,0.012024724194588459,0.011146002250489324,0.007882900251237255
2019-07-25,-0.007718572660134651,-0.006666825328410642,-0.005739557598465675,-0.007555507821617769,-0.005129539622308426
2019-07-26,0.002634202805262711,0.0034827513928179944,0.004177477985075363,0.005417877740068362,0.004173857118939119
2019-07-29,0.0015373970060212864,0.00014217835535236274,0.0019771930745645923,-0.0015242791766752195,0.0019990213809404434
2019-07-30,0.0014074177574495402,-0.0006940961173978696,0.0008243496977914763,0.0009358454060031685,-0.0006276827869425906
2019-07-31,-0.01575373073069991,-0.015597991022141358,-0.011980008443804346,-0.014514866021885777,-0.014964123304097056
2019-08-01,-0.007260559872908264,-0.010770312282760486,0.00032203993076511834,-0.0013649297366928811,-0.00876546850034347
2019-08-02,-0.013524924634811211,-0.011553571358398407,-0.027787942576114503,-0.02266111371778619,-0.010765851796233749
2019-08-05,-0.03209928843478749,-0.031256053635646174,-0.0306984049239669,-0.038104109819488974,-0.02907139915928344
2019-08-06,0.013938083413957287,0.014300678329888815,0.020411552507840235,0.017563576858800962,0.013563420768632716
2019-08-07,0.0026481035045776017,0.0017652241007001094,0.004532674657883439,0.004854727379060595,0.003179308556539577
2019-08-08,0.021037004826864228,0.019796944902675,0.023400188671169615,0.022439310562525315,0.019261974707006253
2019-08-09,-0.008454987856869961,-0.009258055226574906,-0.008777890260601155,-0.009746317026189277,-0.007993532259552955
2019-08-12,-0.013118185459168954,-0.012954739185884639,-0.011577015754604788,-0.012006128419798534,-0.011937709902557247
2019-08-13,0.015063535526255178,0.016030534347829938,0.008074280447057686,0.0145056796061598,0.013995681632397576
2019-08-14,-0.027820717611221707,-0.028487207344340085,-0.02404987085828414,-0.026859604245064672,-0.026656821185996375
2019-08-15,-0.0017482919319644597,-0.003121023790858179,0.00392838731912868,-0.0005370495980632235,-0.001159817955904833
2019-08-16,0.01635626477442837,0.016618542739939453,0.013586110689867679,0.018137859078399553,0.015303583016076008
2019-08-19,0.013238664595915401,0.012190275530532816,0.01243566598422185,0.011028431104118077,0.010973933789095992
2019-08-20,-0.006470239349855522,-0.008880777934720077,-0.0044007090181425665,-0.008252750840308435,-0.008801550108105329
2019-08-21,0.01210423257942106,0.00842654925827733,0.009596285022294305,0.007149332319390889,0.008321442797476795
2019-08-22,0.0009868866689075658,0.0008678574417396099,-6.609143002244902e-05,0.0005406141574611722,0.0004973997647418371
2019-08-23,-0.029823829467093686,-0.029979715056968313,-0.03371503251745749,-0.03346124652926044,-0.02837370038198949
2019-08-26,0.006748670335841861,0.008629105703263447,0.00935268451339597,0.012004204730061155,0.00886647706393157
2019-08-27,-0.0031908133958174385,-0.0020076679948897048,-0.0010456819871717898,-0.0034065257631551043,-0.0004399746479396728
2019-08-28,0.006684564093926735,0.007508968290903001,0.002785445634816984,0.004097312582475702,0.006829528216383646
2019-08-29,0.017810540664397766,0.016394943203161066,0.014977343287281387,0.017297124232592505,0.013372660191577238
2019-08-30,0.00946591806407477,0.006373728428480949,0.017061018666915253,0.01693064034301318,0.005705347972633331
2019-09-03,-0.009536867145736455,-0.008509249676439425,-0.007968722779132357,-0.00622750575967969,-0.006875472711048285
2019-09-04,0.013544105263354284,0.01454442319902533,0.013856622157869498,0.015984393409895645,0.013083900134889526
2019-09-05,0.01848657342515372,0.016425936870766933,0.01681919376455635,0.018305790302687242,0.013030782493560447
2019-09-06,0.002317872583297743,0.0022514490105576537,0.004488972162796869,0.003564320790687826,0.00243451378552776
2019-09-09,-0.0014697570133190936,0.0019372435772240138,-0.006260911569798339,-0.007758211926956396,-0.0012685826306783558
2019-09-10,-0.00017291693104482496,0.001029452465247341,-0.00845207051321585,-0.010177548446799294,-0.00048393420565100457
2019-09-11,0.008225678419593555,0.009308775037086004,-0.0017197317443137126,0.0036703442442527637,0.008116174065866049
2019-09-12,0.001743066337013131,0.0011758341778299935,0.007693554935835032,0.004100118157874026,0.0016188239226945732
2019-09-13,0.00023655179267199618,0.0007041476964533091,-0.0013314013148197927,-0.0027421137205375476,-0.0006736697186221484
2019-09-16,-0.005742471075290356,-0.005909839811539676,0.003617567430187729,-0.0006778724505173215,-0.00621550024271056
2019-09-17,0.0031108906136379424,0.0030628442022900917,0.002134327264017465,0.00378531126805112,0.004052668430101814
2019-09-18,-0.004228587595719624,-0.0013075674956786068,-0.004152101524145666,-0.004145995706939055,-0.001598181935550684
2019-09-19,-0.0013014404242320914,-0.0005478448281964151,-2.5650099856802514e-06,0.0008175337061901663,0.0005696006812468953
2019-09-20,-0.009065825085304095,-0.006946539476216915,-0.012385643623786169,-0.012485741216748374,-0.005397087856421
2019-09-23,0.0014006856180569208,0.002159590194036007,0.00355253604105679,0.0065385297706766436,0.0016999312803581187
2019-09-24,-0.007137980416580529,-0.00849302077624629,-0.005075761298484633,-0.008563717764872188,-0.00671600202819103
2019-09-25,0.010729388631915054,0.01062588108579538,0.008395376286739137,0.011839314827193092,0.007989414422151304
2019-09-26,-0.0011030462836138883,-0.0014187812853654839,-0.004471826226800864,-0.004437511058700296,-0.0011591706238721295
2019-09-27,-0.010628099741309113,-0.009941796177409729,-0.011228399337197516,-0.022447450933670114,-0.008874462500180296
2019-09-30,0.0029776819156250235,0.0024612138565756232,0.008765018425655212,0.001725994016847858,0.0029021514284499127
2019-10-01,-0.013791360730746459,-0.014261827409442977,-0.010884396783354136,-0.002395739198938287,-0.01230423848784015
2019-10-02,-0.020419778621020693,-0.019410093383761165,-0.021384463939366997,-0.020058702389375817,-0.01887006929418236
2019-10-03,0.010956290826206043,0.009139192693593284,0.009744095644576917,0.013498514794416789,0.008751399736394914
2019-10-04,0.01296490698874326,0.014038188122679355,0.010263811777413341,0.011640368976459894,0.013176322630591219
2019-10-07,-0.0047187595709326765,-0.004895368851128432,-0.0032303836185397223,-0.00390796165695283,-0.00474399810027052
2019-10-08,-0.021934488614705254,-0.02104702307272084,-0.017868960892788915,-0.020059617150171495,-0.018937914450094583
2019-10-09,0.010268722666248481,0.010129378471479279,0.012136427336334405,0.01260832553600931,0.00888852127269386
2019-10-10,0.005487923914175824,0.006904966102074157,0.005843710413480481,0.003270902813094471,0.006366481181965726
2019-10-11,0.014814509387873164,0.015252777431117697,0.005502956404530836,0.01497945048766679,0.012280284573210298
2019-10-14,-8.532328635092756e-05,-0.0024047607984611016,0.0032737461950742806,5.908573400994783e-05,-0.002536392556674122
2019-10-15,0.011477486567477154,0.010463720840222807,0.006744853794897902,0.009464791316182967,0.00834392934315309
2019-10-16,-0.003517327519329878,-0.004084364083150469,-0.003176805604825291,-0.006176603063017124,-0.0029033319147598637
2019-10-17,0.0005554612954376557,0.0016999936375128157,-0.0065496536308834044,0.0017702904097763612,0.0010688408900256974
2019-10-18,-0.011138986116931399,-0.007048292239122152,-0.012219108248362713,-0.012376507690572674,-0.006061242661980617
2019-10-21,0.005250473735130553,0.007236914764880009,0.005943969092338602,0.006854032297071542,0.005445529516203151
2019-10-22,-0.004767065671879178,-0.006613441768595856,-0.013467865875666408,-0.013616976863864372,-0.008425489325362006
2019-10-23,-0.0022014853945754274,-0.003076330252107422,0.0025089381536820415,-0.0003357090560304511,-0.00042617526898651816
2019-10-24,0.007809506226414099,0.006865502217567469,0.011864182899534588,0.021266972441702517,0.004911856206829719
2019-10-25,0.007090956751647264,0.008625360030504483,-0.0017667610288238694,0.007269035546024999,0.006290102880647661
2019-10-28,0.007858018056898635,0.007407085258707263,0.008487617982464675,0.008362901982270158,0.005865584238498834
2019-10-29,0.001700075714969326,0.0004848216960592325,0.004986273896881396,0.0014028160579758848,0.002202142275627119
2019-10-30,0.00379038530102841,0.004739273566335045,0.008663621536417747,0.012192979554481924,0.005639402056628799
2019-10-31,-0.016895763273074314,-0.012373974070880636,-0.003886851671778056,-0.009202117507688411,-0.009493685452896023
2019-11-01,0.01461106836589858,0.013152498668851938,0.011505563163121416,0.013055391685042644,0.009962748551514421
2019-11-04,0.007606494374553028,0.008466599373927464,-0.0005366195925482246,0.000844740917034489,0.00459087718835383
2019-11-05,-0.0007877931580783674,-6.866175750273049e-05,-0.005259102609209092,-0.006724754605248221,-0.0007838642242439071
2019-11-06,-0.00016687152685219758,-0.0003935891732447732,0.004812640949791902,0.001455311453452905,0.0008999986851894934
2019-11-07,0.005501979288638632,0.006204955414506979,-0.00032117351120466726,0.006346689320524965,0.0049085285636006545
2019-11-08,0.0026712182651840747,0.0020443567691577685,0.007170052453999028,0.0014025514097160611,0.0016607649961954889
2019-11-11,-0.000585395260945095,-0.0024551332626656505,0.0011180545419602677,-0.0004178427749963885,-0.0022315772732678695
2019-11-12,0.0009029509588589226,-5.5431969114431734e-05,0.005620385039711533,0.0042897279599026575,0.00031783245931052114
2019-11-13,-0.0038388713841934785,-0.0024329792993343026,-0.002351348892492167,-0.0013900967439852581,-0.0013931367075680108
2019-11-14,0.0002830704038507823,-0.0009683879124509791,0.006505307595782208,0.0029269228305949194,-0.0006981271592290336
2019-11-15,0.008140633152767697,0.008475353306407,0.009362615274329156,0.010276206855189379,0.007762894737501429
2019-11-18,-0.00388799541539215,-0.0024562987331233164,-0.003342908103469329,1.2393536153017574e-05,-0.0016246836925456838
2019-11-19,-0.001538865889759593,-0.002951229743876601,0.009635330351295542,0.004738862904041388,-0.0020551286909983113
2019-11-20,-0.002725616726265273,-0.0052460930995311475,-0.0030205830318540045,-0.0063344172138820615,-0.004108240808976383
2019-11-21,-0.006276254019263957,-0.005745862750114182,-0.007229515953697916,-0.00986528106318964,-0.005083787838546728
2019-11-22,0.00332576132153685,0.002834204472032597,-0.002692591289910514,-0.0005248216639025645,0.002761814283304174
2019-11-25,0.011501652622604422,0.011471025843307562,0.014315259707142265,0.013236932638684262,0.00929569627021386
2019-11-26,-0.00025904362268970344,0.00038814561858827403,-0.0016238644775082352,-0.0032987291378976224,0.0018287074649390557
2019-11-27,0.002055025699652759,0.003568498684479525,-0.0054029460250614135,-0.0014252331767661587,0.00237550362795647
2019-11-29,-0.005360294028873613,-0.004637356413060757,-0.006463505358244329,-0.006938798432415495,-0.004187782232028693
2019-12-02,-0.013681646974695332,-0.011234808387813086,-0.017838545359979942,-0.015342474276661706,-0.009896200709397434
2019-12-03,-0.009841183941835033,-0.009704967963395797,-0.0029820387861623364,-0.004281247779862092,-0.007249581900792522
2019-12-04,0.007835996637268505,0.00944261587509466,0.0034081243244931574,0.0033607688423298214,0.008754824388062604
2019-12-05,0.00028297235339996867,0.001431975320390739,0.00357165848287062,0.0035051818826386163,0.0013027130644047787
2019-12-06,0.01135429674267098,0.011809827826538166,0.004021773085621849,0.006321460859630905,0.009684306032859531
2019-12-09,-0.0032854575420224927,-0.0035739643320547294,-0.002682185141453764,-0.003324139281333291,-0.0030541014924457127
2019-12-10,-0.00039467989430977553,-0.0005618445176288331,-0.0008064252588988878,-0.0006890631251963719,-0.0013577509910051946
2019-12-11,0.009449265501880539,0.007849839847607386,0.006204856289805714,0.007924493288899357,0.006324254446983705
2019-12-12,0.012552856310295213,0.014014050264988653,0.008868144090294038,0.012946066120687477,0.011230514754522159
2019-12-13,0.0009969524171895838,-0.0001612381112205037,0.0008950860593786047,0.004571136136816737,0.0006413955630519857
2019-12-16,0.004934522131967767,0.004462309974125038,0.0029936658440733142,0.00476728150850413,0.003696589843698205
2019-12-17,0.0017842568734157455,0.0017729768015336685,0.0010900500960940858,-0.000837072399581199,0.00048218490692541034
2019-12-18,-0.005682925705933225,-0.003563486492243355,-0.006369983752886019,-0.002481136912854419,-0.002472490017872051
2019-12-19,0.006977984847357454,0.006147801295145186,0.0047553773407217545,0.007652875471016063,0.005797989941790848
2019-12-20,0.005935694460474106,0.005120640829514374,0.005484211707751569,0.004281361398803511,0.005038954605388057
2019-12-23,0.005009443295877439,0.00263181143520831,0.0053153342519392235,0.0026803922265081527,0.002538372592895323
2019-12-24,-0.0007576281243604179,0.00010148778062080794,-0.0004847449913517551,0.001921119775855059,0.00010865636337580451
2019-12-26,0.003195640648815937,0.0028339305888996197,0.007018633591708261,0.0073549678343804775,0.003027275733493206
2019-12-27,-0.0005053525160390247,-0.0006124488976469136,-0.0018214780087539711,-0.0029937812752076067,0.00021483119466946907
2019-12-30,-0.005481106048294925,-0.005012433659933136,-0.006115126515347915,-0.005782623529917418,-0.004836781158772469
2019-12-31,0.0030635409052504332,0.002951967098057634,0.0007247158552010015,0.002615563872053416,0.0025562556870540112
2020-01-02,0.013651311186920183,0.011922940825381381,0.016581876491775192,0.019161011208545367,0.009645662258013407
2020-01-03,-0.008414579412225794,-0.008778939929223758,-0.0016577773921724551,-0.00856355505493865,-0.007498340266205711
2020-01-06,-0.00031712917626577344,-0.0008768747795112712,0.003714308045753822,0.001483897124445763,0.00035341036690840293
2020-01-07,0.0013784201343242488,0.0006152102802608528,-0.005172125518068727,-0.0002386252209396044,-0.0019404255615421428
2020-01-08,0.0054604923541047064,0.003738461979384743,0.00549777211172593,0.004967109105581395,0.003311081340116891
2020-01-09,0.0039221495533059165,0.003872605383375991,0.0035902632981303514,0.001535166020710358,0.003495585092910475
2020-01-10,-0.005523952296732783,-0.005541534109321492,-0.001846146969448224,-0.0020825536763070364,-0.004472324571253582
2020-01-13,0.007789845920935067,0.008445509155880045,0.006447744860713476,0.010028216721565435,0.00734412440689061
2020-01-14,0.0017537955948468838,0.0020135660924037284,-0.0018353683107139283,0.002099638125246039,0.0020228110785721633
2020-01-15,-0.00037111937066575075,-0.0006288383846677172,0.004223981141230735,0.004340202881402232,0.0013030008105149855
2020-01-16,0.00920534827590418,0.009958461395017626,0.008446658437145673,0.011467635405762996,0.008401335748999015
2020-01-17,0.0039376883477356,0.0037687113158700776,0.0009523418478899453,0.00270402869650903,0.0036618697897405177
2020-01-21,-0.00542913073876793,-0.004956384821333995,-0.006801524108847718,-0.0006419760529111618,-0.004233808301466344
2020-01-22,0.0012588635562351964,0.0020667971891948247,0.0038124862971278053,0.003040959296267502,0.002373893796253068
2020-01-23,0.005119002155237981,0.0022355546524692946,0.006683525883002179,0.002839790809522567,0.0014611558701892366
2020-01-24,-0.007230762673759439,-0.007828024682425409,-0.0041516185575615205,-0.0075318782498062595,-0.00685418680663971
2020-01-27,-0.019024885593483334,-0.019553794371171218,-0.015592151879592833,-0.020736932980273133,-0.015887439715406234
2020-01-28,0.006807135911092103,0.00833510739749678,0.012363282705833619,0.009211443989055955,0.006168498922714888
2020-01-29,-0.0023771179741880963,-0.00414698769651662,-0.0005095676786652399,0.005589044979150915,-0.004135048094017879
2020-01-30,0.0002390857770953373,0.0017863103257839536,0.005477710211080049,0.00787955709223979,0.002451028833840127
2020-01-31,-0.021063554821766264,-0.019960794787968663,-0.019177844823662252,-0.02702739234927999,-0.016676654687791437
2020-02-03,0.009716156141288778,0.008226720572563653,0.014598501389877283,0.00871139314801998,0.007328114825910604
2020-02-04,0.01657295899530371,0.016881985291220675,0.019396593162791412,0.020525434728526224,0.014282219345205625
2020-02-05,0.00994019124606689,0.013088856540409043,-0.0010257805883068477,0.0030920391077801585,0.011814209749348825
2020-02-06,0.005160730279617257,0.0018324429665352213,0.013595639096533496,0.01088578356832615,0.0024181228877112266
2020-02-07,-0.00958741580823335,-0.00961381179714619,-0.005837190538449101,-0.008011115414291585,-0.008043115323618736
2020-02-10,0.006286155620353595,0.0056676864782632275,0.005749040636697166,0.008436579816729994,0.005479922370860447
2020-02-11,0.005080987412135732,0.006926952970707681,0.0009928733224387506,0.003001745373739496,0.005548766390400654
2020-02-12,0.008381929883593143,0.007810640013194,0.00578361948388687,0.013872030607231309,0.005955785102910709
2020-02-13,-0.0039613157123198385,-0.002440029467551896,-0.0032065540187513706,-0.002533410683773177,-0.0022393922668096037
2020-02-14,0.0019090829334662304,0.0001164808155249352,0.00863836053954735,0.006315716751534164,0.0012715090602370533
2020-02-18,-0.006103946204587001,-0.006563608982858279,-0.003769937786364393,-0.0019389092797134546,-0.005057458870632638
2020-02-19,0.007602947928837093,0.009551635077702954,0.004718728379099916,0.008893548641330157,0.0074301614531239145
2020-02-20,-0.0032583910670799894,-0.0035316706601790765,-0.006191064251555683,-0.006859592543385383,-0.002387595434328161
2020-02-21,-0.010724964985123004,-0.011404916883185234,-0.0041694388407924644,-0.013950634528348434,-0.00923580804312028
2020-02-24,-0.03147566671844059,-0.031101812313018132,-0.02972990485974336,-0.04069649605967677,-0.02849799154770563
2020-02-25,-0.039249176988095366,-0.036776903081214486,-0.04912710717430606,-0.045841627947184584,-0.034409182384209945
2020-02-26,-0.004205079123082416,-0.006969380604791635,0.0036374516196174198,-0.008200879666498701,-0.006507374626984518
2020-02-27,-0.041321246013190024,-0.042075539209374166,-0.04084061313047833,-0.04029216762804133,-0.04084712701052663
2020-02-28,-0.011866222307774748,-0.00795932960412308,-0.025927215068622375,-0.008539511264874337,-0.012020404039612007
2020-03-02,0.04544815693734268,0.04342852658370704,0.05284779120868293,0.047989593374963,0.04511195693288957
2020-03-03,-0.029509789972668957,-0.029803186740610544,-0.02580650240390677,-0.028930783345159628,-0.026633484690537473
2020-03-04,0.04051905280175021,0.04003988169477192,0.041828246832939016,0.043546155705160156,0.041453341955046005
2020-03-05,-0.035901723111791795,-0.037572217586345366,-0.03394167463459907,-0.0444886023220912,-0.034237156281685326
2020-03-06,-0.010373534764359982,-0.016431908537418063,-0.0019864084547850137,-0.02162717511087118,-0.012461818516984316
2020-03-09,-0.08850443247352965,-0.08800289488913032,-0.09195914522336043,-0.08497430387670427,-0.08264251881604248
2020-03-10,0.05623043917731957,0.054229143317272716,0.05104640985291086,0.06364634618751541,0.05027423464285214
2020-03-11,-0.05449701905897357,-0.056038576235687254,-0.03269720978365982,-0.05313467775000037,-0.05139457301250414
2020-03-12,-0.09624502695977924,-0.09896631441768905,-0.10635536297691388,-0.09671344116582847,-0.09447887360815754
2020-03-13,0.08749717431049497,0.09276319356531895,0.08227655234516049,0.08788368558614065,0.08288211250923407
2020-03-16,-0.12447264307824964,-0.12298808941497615,-0.10924164897886965,-0.12837475426031184,-0.11131819067578538
2020-03-17,0.05295056407781762,0.06412919738015256,0.0442070213380127,0.041766953580378664,0.06449562342617479
2020-03-18,-0.05355551038324439,-0.06793533444868304,-0.000946328174842262,-0.0625052424577003,-0.05858988734142426
2020-03-19,0.013630706834515404,0.013106442432795557,0.005367777854815896,0.020580533444016894,0.004056459675824468
2020-03-20,-0.044862385188158035,-0.04223065852220839,-0.05734827532241095,-0.02972968779067426,-0.04333547673529898
2020-03-23,-0.01952890744866337,-0.024667979513964412,-0.025365785657285422,-0.030306387409491545,-0.028487196203075767
2020-03-24,0.10641360013470452,0.10859349907897287,0.10405169546772139,0.12917960969355324,0.1028560846033806
2020-03-25,0.02220322709574106,0.020170717412932054,0.040653406790023786,0.04067226418004315,0.01764279253725227
2020-03-26,0.06611532508759055,0.06325149741463068,0.05715106791761181,0.05998373856102025,0.06284760129726716
2020-03-27,-0.037849813768160184,-0.039307255600234,-0.039541516057622045,-0.049849037140085484,-0.03470776389241127
2020-03-30,0.029859578443573412,0.03160828797663581,0.02415276030014185,0.02937830927760684,0.03318942511703002
2020-03-31,-0.017626874010406877,-0.019240680071000354,-0.025949831797969905,-0.02283197737752135,-0.01815061590599916
2020-04-01,-0.042612124547894877,-0.04340110729465414,-0.03678025613933409,-0.04700597661919441,-0.03708426677440407
2020-04-02,0.027824135896226503,0.027123487101379632,0.03768362447552677,0.02032230041309251,0.028543415887064945
2020-04-03,-0.01490435301404814,-0.01677841376984847,-0.004146149373873635,-0.020483364070401335,-0.015374897300869949
2020-04-06,0.07363951432697567,0.07590972699955599,0.06154784880391783,0.09155965585272333,0.0683692901321987
2020-04-07,-0.0073190829688585925,-0.0001348977143297472,-0.024246677950924906,-0.009669260115325477,-0.0028943349959522713
2020-04-08,0.033546477845494235,0.034930248323667513,0.02958474432839004,0.038803643562407314,0.03186428101752716
2020-04-09,0.006822863037432651,0.012973677522788832,0.007897122427666041,0.009915310241292634,0.014177332912655419
2020-04-13,-0.010142833075208513,-0.01171689252574762,-0.009670074886538958,-0.020894342343411705,-0.009922007114662254
2020-04-14,0.027379295621304936,0.02487052939462694,0.02576096878849946,0.029745996764510365,0.026334550662485995
2020-04-15,-0.027071532654491873,-0.03092024777265616,-0.03171699869222367,-0.03364744489231591,-0.02714545666081394
2020-04-16,0.0016037158603628577,0.0007109973278938871,-0.001055580820957097,-0.004515678675216014,0.002925584432241011
2020-04-17,0.03611920228646604,0.035245317083703084,0.056111311130665795,0.033722450090981626,0.03282491842198466
2020-04-20,-0.02066958453673594,-0.020054421183540637,-0.032076292914931415,-0.025072839292359973,-0.017801890060177405
2020-04-21,-0.03293167220995212,-0.03184372623723845,-0.04131578408690836,-0.03898807464910341,-0.030454250017035955
2020-04-22,0.02647031034847566,0.026146682686076873,0.033382630213907166,0.03399379342813978,0.024519457247187036
2020-04-23,-0.00016902661239854774,0.0010978988503953832,-0.011513989096067424,-0.0014014820291242507,0.0008663923422218874
2020-04-24,0.014727003033820506,0.015170977633998443,0.016689776483463696,0.010378590915749481,0.013408774209774179
2020-04-27,0.018149672616382485,0.018198809306081185,0.011198469232951877,0.018227163913424237,0.01500544410670317
2020-04-28,0.0024716879595960872,0.0024250499770017255,0.005862942173783437,0.0033378710264435323,0.0003667426211602686
2020-04-29,0.031437386501023075,0.03142408802009711,0.048933568093924185,0.04626062500627098,0.02520745434813715
2020-04-30,-0.015414394842072878,-0.02389519885010328,-0.009666193242648159,-0.01869327294261244,-0.020008382594732407
2020-05-01,-0.034776576781849824,-0.03540981753023492,-0.03550677229585891,-0.03302525090306906,-0.030941292433342107
2020-05-04,0.0008882088132117164,0.001478327994720239,0.00013819312933860785,0.0028436458787344937,0.002936737212581999
2020-05-05,0.010709649704388813,0.009565196811564907,0.009338623629297297,0.011501959091627961,0.01027351034652661
2020-05-06,-0.008963038108822983,-0.009833040251749345,-0.010327919391421263,-0.004129689009861069,-0.011810679119101726
2020-05-07,0.01622065427412101,0.017163182078516456,0.013271657148491808,0.021012878046906186,0.0167796091548196
2020-05-08,0.019906181874697948,0.023184702411107393,0.014722950327855566,0.02276541074344366,0.020724531278169922
2020-05-11,-0.004438540095873456,-0.007084952234368112,0.002194493135066075,-0.006081930264215253,-0.006163675444549756
2020-05-12,-0.021511540704992838,-0.02047431191139565,-0.02724900739804617,-0.022137996712209576,-0.018551516290864666
2020-05-13,-0.01961190972512703,-0.02386510678883679,-0.01942911515089363,-0.019278594239618384,-0.020307390665312543
2020-05-14,0.012931847966878126,0.018783139903577536,0.008744187627028551,0.022241046215935714,0.016283107110390417
2020-05-15,1.2192682505366304e-05,-0.0018360165341526095,0.004244040327330537,0.0034501008703745873,0.001736737721635261
2020-05-18,0.038810759699874714,0.04040615554374305,0.03179155986536478,0.04073397587954066,0.03418515469862539
2020-05-19,-0.011407953404681296,-0.012224530271329175,-0.0060975692706409235,-0.006159846780439485,-0.012386957445319507
2020-05-20,0.016928298161350473,0.018927663810194624,0.010038018172134875,0.015161063414450768,0.015039839036987513
2020-05-21,-0.008100487619028667,-0.01128672264367687,-0.0025842415669563245,-0.011066783184534405,-0.010241869434018462
2020-05-22,0.0009904613630894636,0.0005296054593946404,-0.003536562321553298,-0.003811927455200502,0.0009375801629899257
2020-05-26,0.01786100378285614,0.021010282582757944,0.019874204602223892,0.020052946202595505,0.015244702539198103
2020-05-27,0.021163415070037897,0.02522717005831989,0.02509818110669279,0.01737627672514421,0.022103689055734187
2020-05-28,-0.002788979723781541,-0.00842801634226295,0.004190088251169762,-0.0021008512831695333,-0.004028156792057724
2020-05-29,0.011740246915927326,0.007099083790812628,0.01597822913236263,0.016900820724791165,0.0076206579761424476
2020-06-01,-0.0034732389758364117,0.00117311752854917,-0.005640851752655483,-0.0019933087529992637,0.0012220574895201262
2020-06-02,0.010305237221933933,0.011617325653308226,-0.0010349228125656434,0.004066074575828939,0.00842042283802037
2020-06-03,0.01849468217798557,0.021652505854663787,0.014891176834987571,0.01322649592840376,0.01717400986507846
2020-06-04,0.0006126042555695604,0.0033254564186271426,0.0024889348331606923,-0.003186495504857499,-0.0005188923972431884
2020-06-05,0.025985651307211373,0.025992098051879603,0.02128432395525649,0.026331987807199114,0.024201642228071057
2020-06-08,0.012471078134731865,0.013712136498076007,0.003969722790225706,0.01144088982888547,0.01307317615729691
2020-06-09,-0.014169169768649289,-0.014559872186216457,-0.008932281483670725,-0.014455364549890985,-0.013406657477024873
2020-06-10,-0.007824461960601294,-0.012625172270359515,-0.0072520068172262754,-0.003227663201362427,-0.008845710118342051
2020-06-11,-0.06426470312153632,-0.06412388758741222,-0.0565836620895553,-0.0607523157723673,-0.05990134642006428
2020-06-12,0.01794684406921708,0.01945315689203523,0.00641619769579096,0.015016209335788594,0.016090955164400407
2020-06-15,0.006154317187346832,0.007650254124039104,-0.002251480714171689,0.004174712702769947,0.006937468960582195
2020-06-16,0.019301457716856832,0.018801068996081378,0.020442031862590457,0.015482119842118402,0.01652157724678055
2020-06-17,-0.0017530733959308603,-0.004934163355682123,-0.004805158936090533,-0.001861788250732864,-0.004226018991199517
2020-06-18,-0.0006330986879997709,-0.0006295905458544004,-0.0022128685404294857,0.0012839862220575475,0.0001448120500746052
2020-06-19,-0.0006872322115678037,-0.0035003759887599984,0.0014091069918307246,-0.0025810233673777567,-0.0025020228549687516
2020-06-22,0.0025420177273367574,0.0014278823902518776,0.004288126145775966,0.005842332685371961,0.0009914240525291961
2020-06-23,0.0016268330461999146,0.0013552951154195362,0.0008449532402961246,0.004753766817432082,0.0015761268930881995
2020-06-24,-0.020706178207829832,-0.024364836245997914,-0.005351727813977093,-0.010539818904668853,-0.021420943674009124
2020-06-25,0.00835971247902016,0.011549234788102776,0.00043044539599381175,0.006557057870948608,0.010578630554631964
2020-06-26,-0.019665828197738426,-0.022289432846890143,-0.013127885807456602,-0.016553947475768598,-0.01976246290460125
2020-06-29,0.02043599337928971,0.01851433718407505,0.01959645153596002,0.018917235566606436,0.01794291262443523
2020-06-30,0.015267529609962034,0.015424279635697792,0.013134029415503016,0.013341454726979719,0.014573235327891801
2020-07-01,-0.00246104378189702,-0.005255791165947692,-0.004971151877292697,-0.0021146592987380773,-0.0036443332570768932
2020-07-02,0.006184602401253741,0.007028840711587842,0.002662729875530433,0.003787067828459845,0.006239799912644993
2020-07-06,0.011904822757791617,0.013598204296543903,0.0065862995308101965,0.011823445707698745,0.011238360617647714
2020-07-07,-0.01336311787284752,-0.014223272097756354,-0.017692376829043996,-0.01741326844479272,-0.011696752094144815
2020-07-08,0.0044163978626750285,0.005062649525478739,0.0013737778575194785,0.008411686243892987,0.004597437267422228
2020-07-09,-0.01131365061935905,-0.012703299950884431,-0.01754688477911737,-0.012413415000668167,-0.012766536972928172
2020-07-10,0.008347166616585796,0.012295882032769524,0.009977601517959057,0.003691618988863367,0.010833280911689766
2020-07-13,-0.006747374360383458,-0.007269222425379369,-0.006404021020103242,-0.017366210563857985,-0.007078597278876063
2020-07-14,0.016869357537784575,0.01623181384311353,0.019049894480488123,0.020163805029085095,0.017283590448567955
2020-07-15,0.013136729124512216,0.013201859883548665,0.013167969758213664,0.013381209906629679,0.01182337450003016
2020-07-16,0.0030895398840164656,-0.0006632621143569484,0.019625457008714646,0.013597320778564835,0.0012746488731722064
2020-07-17,0.008405265745326383,0.004266938245576681,0.012685877072519357,0.010302464124639662,0.005653522437775153
2020-07-20,0.001980283628876087,0.0007578383222781675,0.008368791033416137,0.012379418060479042,0.00041857078235934837
2020-07-21,0.0011437558730357708,0.004363484288324582,-0.0017876490876972922,-0.001615880921715986,0.0038924497498390815
2020-07-22,0.00789739154135042,0.004284786664551107,0.019147915386176027,0.011981330617423777,0.0056223538988806
2020-07-23,-0.005235648177019489,-0.0038839224907336834,-0.00898894762654236,-0.004990534489508942,-0.002961852115594058
2020-07-24,-0.013173813415151343,-0.014987961546621182,-0.010781356553399136,-0.01340960018702644,-0.01179151467490874
2020-07-27,0.010665812513212136,0.010075407091301425,0.002196237310926835,0.0077759044942795645,0.008327920329185392
2020-07-28,-0.01068316143569822,-0.009140687234526601,-0.00891722175996482,-0.010478387127168587,-0.006787201656386018
2020-07-29,0.007605662172991626,0.006924194254293443,0.006012205202724654,0.006467732953296026,0.00558602139797032
2020-07-30,-0.0029724556648331873,-0.006961006849970492,-0.0073652213779867295,-0.011119490602802576,-0.007976457162506775
2020-07-31,-0.00428078547190791,-0.002404157268214013,-0.006126268342140866,-0.002431752680694949,-0.000837230143855186
2020-08-03,0.008513835897109537,0.008053242508316369,0.012268596523420053,0.006919299116762293,0.006822319334048373
2020-08-04,0.00446740306681025,0.0060170051354609105,-0.000946497802729959,0.003941055518824673,0.006904895031653521
2020-08-05,0.010555471114170724,0.00904032162895084,0.014900569247417061,0.014820388848884893,0.00792367840981199
2020-08-06,-0.0026612043362818543,-0.001809338667929629,0.0018663084081091456,0.002837538750331365,-0.00047363055933837656
2020-08-07,0.004110284177210852,0.005467011411943673,0.0022441585628527865,0.0010765686207920904,0.005529485468550095
2020-08-10,0.0095738750861495,0.011090659345903187,0.0015379716351110095,0.007168182702922136,0.009600727544268075
2020-08-11,-0.0012925494853030957,-0.002343490925217625,0.004634011780804693,-0.002281465239025428,-0.0046977855583627045
2020-08-12,0.012893237559322293,0.012375901571581683,0.004898464991370365,0.007381817560833458,0.011699870569488353
2020-08-13,-0.007619735285380092,-0.008544438727848745,-0.013113787690121684,-0.011868020651519103,-0.007028356288432399
2020-08-14,0.0022309800963643883,0.002633414226902704,0.004124515198030193,0.001190404420482038,0.001870904466738931
2020-08-17,0.003182488389385252,0.0012701501945340135,0.0022771715699378458,0.0044341942899104834,0.004470209953605004
2020-08-18,-0.002126674802078163,-0.0030113278781644425,0.002603113310014773,-0.0010764068625981843,-0.0020171471702855014
2020-08-19,-0.004113108386303768,-0.00479266043671492,-0.0071885591672922605,-0.00045061433559087237,-0.005082693619899005
2020-08-20,0.001299772472292628,-0.001153777932901345,0.0017952825253244541,0.0025043550386106045,0.00026529771473570503
2020-08-21,0.002875192871082001,-0.0005912381043896409,0.004718953192289911,0.0011837334499315197,-0.00025325812613471657
2020-08-24,0.013875768299864522,0.016256742545217587,0.012574777563319577,0.013923715562199655,0.013808547818012756
2020-08-25,-5.6812884582361784e-05,-0.0007110316236101416,-2.2490954629788518e-05,0.0012987530293553614,-0.0014899538964509022
2020-08-26,0.007796562441201908,0.005847750060546903,0.007851284647921763,0.010707351637884636,0.0053441007210118996
2020-08-27,0.003664928229409407,0.0017628301288928516,0.004842077006249521,0.00261368240355065,0.00257366592592513
2020-08-28,0.013649457751625144,0.011541981838482084,0.023447530803443983,0.025597444997180575,0.011169108593670915
2020-08-31,-0.007780608224065927,-0.00909865356661411,-0.0071561652594674015,-0.010368127253170888,-0.007453082023567249
2020-09-01,0.004248079289037756,0.0046537264313024716,-0.0018115677320966305,0.001984615984070557,0.0019305806015102003
2020-09-02,0.020534229422896524,0.020340033443543473,0.019848346977364012,0.02272292560189615,0.01973636020908916
2020-09-03,-0.03501556180303311,-0.0316649010114769,-0.03582426375289055,-0.03798233645807845,-0.03045419628794585
2020-09-04,-0.0063809644665125285,-0.0036061247229296624,-0.011614217670460806,-0.012963022528817968,-0.004867127230309132
2020-09-08,-0.024578634434309507,-0.025554434331399326,-0.016071881577465957,-0.02070894318020048,-0.02072219575271075
2020-09-09,0.021353741390133883,0.016750126589103083,0.02529559984105305,0.024261569680420196,0.018013024352432138
2020-09-10,-0.013494405931907191,-0.014274855953440413,-0.017205695852094968,-0.0159767583725407,-0.015540335670747134
2020-09-11,0.011411562629087518,0.00844087270705792,0.01330899976868361,0.006220642188381148,0.008141100828358824
2020-09-14,0.015638443844778156,0.015178457353962841,0.016122258632014445,0.01802459847768173,0.013218122265537764
2020-09-15,0.005666366212025116,0.0037106380406666806,0.0016798951251594256,0.003344163347419082,0.0035420716003141403
2020-09-16,0.0033371446094736094,0.004659614539723165,0.003768689509174047,0.0052495511692434845,0.0038278166968692805
2020-09-17,-0.0035592801759896154,-0.002920993087043435,-0.005954805921393352,-0.004873033800336448,-0.003721349512234381
2020-09-18,-0.011017158591699548,-0.010070885596654085,-0.006847546794451665,-0.009554804979844112,-0.009608074531117141
2020-09-21,-0.018854195741137267,-0.018732613428375833,-0.02545958196889313,-0.020298050792176434,-0.01854117797862051
2020-09-22,0.007789411751913192,0.0042253529014906425,0.013904476185214204,0.012072646940171239,0.004444695830384914
2020-09-23,-0.017461507754360582,-0.019247478681630178,-0.017581818985932283,-0.020998579830774147,-0.01939613365785659
2020-09-24,0.0019465910474477733,0.0034659014622331987,-0.0006570764833415681,0.0014393399445838746,0.003505836348386754
2020-09-25,0.01244830225323183,0.010805689931246927,0.010525886475194184,0.009720395154458888,0.009966074587301088
2020-09-28,0.01697503778668072,0.017696397320573293,0.01763330214928396,0.017703605212680436,0.016208011858474237
2020-09-29,-0.0035817271628117305,-0.004765204815034934,0.0003612004691259038,2.233080427392251e-05,-0.004514533773953516
2020-09-30,0.004909657102564587,0.006439331033574581,-0.002509577240404396,-0.002600451279796496,0.0075009107066853035
2020-10-01,0.002747464929405759,0.0027584181849084496,0.0034172697592183355,0.006475801609276963,0.0014041158164499806
2020-10-02,-0.0071355684202933315,-0.005447951601533077,-0.006329285227622609,-0.006698191694393486,-0.005005096008116241
2020-10-05,0.017749036052380075,0.017967849518865073,0.016097107033984006,0.014014416610618318,0.016244590950699363
2020-10-06,-0.013082934762664675,-0.010750411741483779,-0.01230356854898265,-0.015727787934131408,-0.011568018872548564
2020-10-07,0.01879791092984691,0.018691440253590402,0.01237233140337499,0.012162339233053352,0.016641986847742093
2020-10-08,0.010685506550554379,0.014918362193120979,0.009759786914850221,0.011334460944438775,0.013666286754902134
2020-10-09,0.007398314171513395,0.005757208422747151,0.005172220446177799,0.007652491123001352,0.006179511996204533
2020-10-12,0.007035452477711991,0.009042805049803856,0.0066460856486395764,0.007910926997188029,0.008179268976768682
2020-10-13,-0.0054531154464168355,-0.00505517905695033,-0.0026838550979038684,-0.0013258635346683305,-0.005126814488672626
2020-10-14,-0.0003386151694043171,-0.0006178096205207511,0.0003785828953780041,-0.004928083828466842,-0.0014807891080353065
2020-10-15,-0.00016326404944552454,0.0005545047923042893,-0.008415183047963718,-0.006247354442393525,-0.0003348047565843637
2020-10-16,0.0044703696803598935,0.0032465445772685768,0.0005401890583697933,0.003504722077261932,0.003551243882755702
2020-10-19,-0.010986180390837277,-0.011079507261587709,-0.015845345790634596,-0.011306475468710952,-0.012400446554422993
2020-10-20,0.002490549498792138,0.001969904011823425,-0.004661738184864412,-0.0002852692615410413,0.0013054898201090793
2020-10-21,-0.00829159005647067,-0.0082874320484543,-0.002529033647351966,-0.00017392134807569268,-0.006766664348088805
2020-10-22,-0.0012660783036120746,0.003947757994858023,-0.0019564240612416108,0.0006243376788869817,0.002543085556074777
2020-10-23,5.1473474147969056e-05,-0.0011534416650434843,-0.001482660355764581,-0.0041419145212298,-0.0008407584882194444
2020-10-26,-0.022134757325142772,-0.022672067010323697,-0.030828020524321834,-0.02787366149590789,-0.02092737866248449
2020-10-27,-0.01160505607886376,-0.011584251052654197,-0.012143718901185626,-0.014177762598586278,-0.010073268903073456
2020-10-28,-0.03364579130873438,-0.03045475339546242,-0.049145813566003956,-0.04375254129025126,-0.030201828193278657
2020-10-29,0.009121595842250568,0.012044186269509836,0.0024964810844896263,0.007789184974142161,0.00964636254866523
2020-10-30,-0.007381032624517336,-0.003858865830916582,-0.008502058601431434,-0.007088348918181019,-0.002151759662312515
2020-11-02,0.014308530494426082,0.01651826325234771,0.009856359485277681,0.011647776628808077,0.016207648274360623
2020-11-03,0.021097556258369995,0.021957759250871095,0.022533919218122568,0.022567693358981053,0.02061200674240689
2020-11-04,0.011047488350952997,0.007255115379156979,0.01975360815835362,0.020013915138445935,0.006868223662092018
2020-11-05,0.027275091906681693,0.029174068582529487,0.017894690579232483,0.027841399390408944,0.024029729591628923
2020-11-06,0.001998812118906855,0.0038942874348529156,-0.0033121293787660207,0.003599879989524845,0.004369278575203282
2020-11-09,0.005825228532126403,0.01615041220912028,0.03245144959767872,0.02988711460651935,0.010635517990512579
2020-11-10,0.0058660654810629015,0.0062974582806762675,0.0035528014697792046,0.0007838993207331388,0.008384720848827394
2020-11-11,0.006074512579144805,0.006600767721661553,-0.0027028059437564983,0.004143263641520915,0.006437110418663704
2020-11-12,-0.010306042958752062,-0.0122654355187722,-0.00803284974157544,-0.010820998835779094,-0.010831689992006937
2020-11-13,0.018398418049673515,0.019424842042981033,0.01976354984829955,0.018732501175807548,0.018175741355968025
2020-11-16,0.017621760417070826,0.01854170617007833,0.010946618456465697,0.015503074438234777,0.01579133289425954
2020-11-17,-0.001923833986318067,-0.0018260783564639242,-6.141236816325048e-05,-0.0013296062541531446,-0.0019185480042999386
2020-11-18,-0.014228828553637798,-0.012067018828196042,-2.307343294146504e-05,-0.005684371097823682,-0.012456228857648992
2020-11-19,0.004323409257099359,0.004586084611556339,-0.0010185142633656998,0.006021095610088442,0.004188694223554651
2020-11-20,-0.00636000877127408,-0.0050230793077843065,-0.015933820241097685,-0.01036422140173368,-0.0046487221593839115
2020-11-23,0.012370222179184128,0.01516426611037797,0.01301627957342356,0.016968158713198088,0.010985562767886394
2020-11-24,0.013619944293773046,0.016995696481411585,0.021494171468520756,0.01373727171847312,0.014176589037472447
2020-11-25,-0.005452365718480984,-0.005535502331409808,-0.007827181786534982,-0.004119399044640998,-0.004745726253667518
2020-11-27,0.0023997629780836685,0.002665824005376907,-0.001193705266591029,0.003500450988763771,0.0027568753909497376
2020-11-30,-0.0036626807441649868,-0.006606680335183915,-0.008871560461068136,-0.006181487600744979,-0.00561404971193055
2020-12-01,0.006733869100520011,0.009175299880066556,0.006526982470017477,0.009281218792913264,0.008336187116849685
2020-12-02,0.0021739602365926274,0.0032014798841456943,-0.0037970175038394122,0.0008921508494037458,0.00100648379011607
2020-12-03,0.00034612334877108335,-1.7491014554595416e-05,-0.0037122434935375273,-0.0012261202621913362,-0.0009082381813291845
2020-12-04,0.01647891344396676,0.017090384556399732,0.019396820950642876,0.021654960660965814,0.014494224238363858
2020-12-07,-0.0027573485641203244,-0.003294739213800125,-0.011474009736516074,-0.008380577734843707,-0.003152244870794501
2020-12-08,0.005000536228198625,0.004997401048988222,0.005753352441907795,0.006904120168690256,0.005047024652192493
2020-12-09,-0.0038681293113494945,-0.0040150406758504556,-0.0038079343068165112,-0.00898935328116334,-0.003642705214922497
2020-12-10,-0.0047945739014155445,-0.004524430234725032,-0.006410356001510317,-0.0042432525677900575,-0.005198659186551755
2020-12-11,-0.006685321207222841,-0.0051048530524687935,-0.0013274199934811821,-0.004564743469913906,-0.0033534867287838255
2020-12-14,-0.0031833172004574963,-0.0064753673638405,0.000425856532736643,0.0006405735674128153,-0.006983905642248344
2020-12-15,0.011180150089374105,0.011935764642571707,0.008100101544379939,0.00961419317042686,0.010283650041894993
2020-12-16,-0.000734311797629666,0.00035079233461785735,-0.004730041441510855,-0.001714228082416476,0.0004826543865582186
2020-12-17,0.0081818865513596,0.007214427891539486,0.007365398608060142,0.0073259787954815985,0.007347397358106454
2020-12-18,-0.004860574037673826,-0.005009365833207044,-0.001168826088255027,-0.005301409260955616,-0.0046015158294727045
2020-12-21,-0.005866036111635201,-0.0023440715739819346,-0.008870879944278712,-0.005919799016991959,-0.003934060615279176
2020-12-22,-0.0055905844477450945,-0.006804823760075665,-0.007501807962977638,-0.00807433157031639,-0.00672491011984242
2020-12-23,-0.0009202259851625407,0.0023025264015920487,0.0039759857897321465,0.001100495652292326,0.002408175333050593
2020-12-24,0.0040785867583149,0.003504130438802962,0.004241939827252084,0.006148166104031639,0.003545535681793796
2020-12-28,0.00024835356097970386,-0.0012095212350975723,0.008216969869759883,0.006156629679107303,-0.00039327480559373396
2020-12-29,-0.0025575772261477612,-0.0025867214496265887,-0.004902623751761153,-0.0018658045948350098,-0.0018605668367779062
2020-12-30,0.007004968534612802,0.007202769142338024,0.012286772566371507,0.014856450083391213,0.005989492958391597
2020-12-31,0.010807838030896695,0.008721730372106311,0.009333658713148348,0.009140115885961685,0.007974462555109318
2021-01-04,-0.013646620058751724,-0.011496443666223499,-0.012423093965743991,-0.012253176398300899,-0.01022121980043423
2021-01-05,0.010846985255046133,0.013447647398215527,0.003179058648786169,0.005389126508424531,0.011306353949148164
2021-01-06,0.011424919887110765,0.016963145083575597,0.012382695533821611,0.004970138008501743,0.014259184403558781
2021-01-07,0.009521847674611202,0.01032904396736955,0.0066023389908480105,0.01077432190687632,0.0078459846417036
2021-01-08,-0.00043056077532071125,-0.00032048002933957455,0.0012628072266005293,0.002795607156511272,-0.00012413194772128533
2021-01-11,-0.002667953854761668,0.0017497231709756853,-0.008181534096570174,-0.007320789387960063,0.0003853582339773604
2021-01-12,0.0019998048542154805,0.006773639255708918,0.0006250368294567008,-0.0001152881750711857,0.005262358470027191
2021-01-13,-0.004146154315467965,-0.002300982807658871,-0.015308859247853917,-0.013280491665929777,-0.0024315450618240743
2021-01-14,0.002797879847134749,0.008116589779952658,-0.006943408850886937,-0.005588763823266221,0.0064661283881648785
2021-01-15,-0.004845039737655734,-0.01063678708512777,-0.00010703674971969694,-0.0028146921405781747,-0.00877691875691023
2021-01-19,0.012167904400442946,0.012715144788273269,0.008713835580720506,0.0102174892990478,0.011567057413628411
2021-01-20,0.006485953953766095,0.0023097615986785087,0.01693776589592117,0.010685674153327912,0.0036807015643562663
2021-01-21,-0.005891743343566746,-0.0056259067670521475,-0.004995856931018587,-0.004864311677513002,-0.0064910800306114975
2021-01-22,-0.010324604056549329,-0.011725010599917454,-0.009807088389592631,-0.011546180198406912,-0.009720627300084468
2021-01-25,0.0016519040402402179,-0.0025460205291751577,0.0032963253783657473,-0.0017015445148224424,-0.0003012330268222325
2021-01-26,-0.004814438286818497,-0.005208726160966579,-0.015567040722219804,-0.00047844918708102183,-0.003465852062032616
2021-01-27,-0.021733109544218473,-0.024594442373782808,-0.020363400372736817,-0.03228063208449074,-0.023029526722268025
2021-01-28,0.014945899556185124,0.0160005764309465,0.007209902543203346,0.015765745021882306,0.013486223345078957
2021-01-29,-0.012002756060876325,-0.016228380600543334,-0.012961875214766681,-0.017271521859111752,-0.01577865131038949
2021-02-01,0.007410920529122126,0.01217952372389431,0.00996205060040546,0.016197340332464876,0.01020409806033619
2021-02-02,0.017614536545055202,0.01731022553558662,0.027677790499554492,0.027574052659396192,0.014913960598299664
2021-02-03,-0.0027565512318870325,-0.0027349668944753065,-0.001109972230663096,-0.005190959908468389,-0.001490909469359184
2021-02-04,0.011753088742200306,0.013223444725985037,0.017756295874010335,0.02095198890120275,0.010995274511064843
2021-02-05,0.004042004687278886,0.0030946808492931166,0.004906496902680781,-0.00046647920173640244,0.0043577767878805775
2021-02-08,0.010054194742846169,0.013199471922806395,0.0028774081047178357,0.0052384350392010995,0.010780128389179643
2021-02-09,-0.002830042871209807,-0.004258076626636839,-0.0011029577343949297,-0.0023923289031613885,-0.0038552155647588442
2021-02-10,-0.004595629974949588,-0.0022510478854772496,-0.0002079217327604875,-0.0022854597239836314,-0.0017946231193738287
2021-02-11,0.007890280530096577,0.006938501224261136,0.005362672665196837,0.013497781315601531,0.0031964703549377726
2021-02-12,0.007868073872068289,0.007694106487345948,-0.0005839848287033075,0.004509112239697924,0.006265590528128117
2021-02-16,-0.0016505564329961709,0.0016350681144736202,-0.008459431607282636,-0.004500846551874364,-0.0011115784970196743
2021-02-17,-0.003700107994979899,-0.00407118854878497,-0.0027850186638891513,-0.005616585501912725,-0.002251876869239611
2021-02-18,-0.0028896730660238983,-0.0034661038175533665,0.001455205693621298,0.0032889856304019614,-0.0021231167876364235
2021-02-19,0.0016468081252659483,0.006164604938081221,-0.0020814886886514642,0.0019602952235680026,0.001223588227866785
2021-02-22,-0.005649403730846737,-0.0022019647533750254,0.007351520012525322,0.001063976352727575,-0.0005160068850103073
2021-02-23,-0.0011140379550931923,0.0009291138736218378,0.009185297552921646,0.010163835509590515,0.0008455292293318962
2021-02-24,0.02302581816046554,0.024054395628399436,0.020210093004302664,0.029790153844375084,0.020372622163366265
2021-02-25,-0.02345784260891183,-0.024644141327351668,-0.023362005242553326,-0.028137293523158066,-0.020687498801046464
2021-02-26,-0.005828399815836325,-0.006305905585079256,-0.008246198204600833,0.00051484797024112,-0.00859926372039606
2021-03-01,0.025803960582691698,0.025587408326105114,0.022742826344027287,0.025447689175905196,0.022312351725025728
2021-03-02,-0.005409408152918683,-0.0051986489656348145,0.003229194798461269,-0.006253006518321828,-0.002261699662719682
2021-03-03,-0.005589179052927153,-0.004589057137030981,0.0015163540899982846,-0.002463512711490713,-0.004956276624750945
2021-03-04,-0.02160620974473631,-0.01739383165357687,-0.013805348437960772,-0.01738302963366402,-0.01424031627400116
2021-03-05,0.025433868072212998,0.025840973778820952,0.02273255542721983,0.025212366113655064,0.025651318126734077
2021-03-08,0.003498163350894845,0.0019735441843031177,0.00950330481450381,0.004882217738842701,0.004230983323400818
2021-03-09,0.009132321899867072,0.007303983209586666,0.0007355740921289335,0.009440469426449778,0.004546691037446554
2021-03-10,0.007418183265116793,0.008973549762240737,0.011620802905362096,0.0046204281726090835,0.010317318125253865
2021-03-11,0.009734285706814326,0.006244719163098835,-7.80085607166069e-06,0.007194192089210315,0.0034799888126370773
2021-03-12,0.003989573489194266,0.0047794203438047776,-0.002336815687080119,0.0002700606687359435,0.0055200521931092214
2021-03-15,0.006968758208058902,0.0060057618169917434,0.009051145748163944,0.007699691714852724,0.00621003337985679
2021-03-16,-0.00013275624055389791,-0.00036681649197927856,6.931004774345974e-05,0.001831732860831251,-0.0008880558180266599
2021-03-17,0.00904150315079788,0.011117911604133454,0.00748533764710603,0.009573604225224337,0.009179142803736594
2021-03-18,-0.01133568428152959,-0.012136134467254416,-0.013048349571549031,-0.02114029433431436,-0.010568031949591442
2021-03-19,-0.0010481497835367727,-0.0013444119608110364,-0.011003004039807338,-0.016096089275295176,-0.0026243461135534545
2021-03-22,0.0030248188576288866,0.0016729961330999245,0.007080736122714339,0.0030829444785531,0.001980528632262566
2021-03-23,-0.016321979912491565,-0.01718116584033686,-0.012992368541368683,-0.016311634144333058,-0.013323227297117352
2021-03-24,0.00025608183291756805,0.0020088517202814403,0.007272891350594793,0.0019980774236684324,0.00211431190612163
2021-03-25,0.008787894003390535,0.009390865337710275,0.0007444382502967872,0.004901385292950771,0.008369500736329576
2021-03-26,0.02556477498799397,0.025148950462719182,0.023861464959458772,0.025981546297391987,0.02280641472249497
2021-03-29,-0.0016360656374949678,-0.003765740463521886,0.0033890649188697726,-0.0029363934384014126,-0.001340221767246972
2021-03-30,-0.0032179935279858154,-0.0016743254346356937,-0.006015491651007167,-0.0032387390587846855,-0.0030503419806334944
2021-03-31,0.001000717952910845,-0.0002687247205989409,-0.004692734951601038,0.00033721398360904474,-0.0017079987139000381
2021-04-01,0.013028432357231457,0.014020126055101148,0.013811861079026166,0.0180786757992561,0.01106223320854509
2021-04-05,0.01134497752590383,0.01136253383556317,0.011054396872743854,0.010295164019292228,0.01130905566519489
2021-04-06,-0.0034185440706251823,-0.0035357737489766766,6.339834604323082e-05,-0.0017539616659468758,-0.0026024225838727176
2021-04-07,-0.0015630761810279305,-0.0020797009829122202,0.005323031106351136,0.004776803850079304,-0.0020353333517993924
2021-04-08,0.005253279966134224,0.003742779461565779,0.010761611276321848,0.008867330578093068,0.0028001471074673313
2021-04-09,0.0048708057033322975,0.003938574082109839,0.006287502980185449,0.006362684399499725,0.0032744599174563877
2021-04-12,-0.0025443693386260698,-0.002284470212964123,0.000597144576757938,-0.0019862111513929267,-0.001600007946616491
2021-04-13,-0.002955062450015929,-0.00504091417190665,-0.004817094982201163,-0.007074573408134786,-0.003996220945238043
2021-04-14,-0.00042583594660888487,0.00110372179503073,0.0013493034703799026,0.0004833193632495206,0.0012323540637494484
2021-04-15,0.011635460830142644,0.009220911318701593,0.02558246541377965,0.021507600739780964,0.010413448504068806
2021-04-16,0.004551303476098307,0.003958043409307368,0.008417575993155032,0.006471005113645548,0.004692052638235876
2021-04-19,-0.005596845849645155,-0.005675167326185782,-0.000495106276107,-0.0006254308517738738,-0.004445391605943876
2021-04-20,-0.011192583120723337,-0.0121580196453365,-0.011324160508660037,-0.01291383485676758,-0.009079172607537917
2021-04-21,0.012513699976451322,0.01540501126794359,0.007472700549640077,0.014206047844885668,0.013552996484955112
2021-04-22,-0.011614363644648278,-0.011465989699204118,-0.008041523105286368,-0.008581281186937783,-0.009610578752913775
2021-04-23,0.008495588534506982,0.008242180568008097,0.004625277538578318,0.01034626873602783,0.005655612707276484
2021-04-26,0.0018823270299360624,0.002737274917681402,-0.004770313866193247,-0.0008324364467012203,-0.00014164880639853852
2021-04-27,0.00045830569924069014,0.0012868385815679334,0.0009329351590517078,0.0027880929185389925,0.0007011127184379729
2021-04-28,-0.0054824741198061435,-0.0031399626577772845,0.0004535729427507226,-0.0027483514058012108,-0.002574026875788149
2021-04-29,0.006852400317573728,0.008807568631458578,0.0021839136403821752,0.005145727104819514,0.007092102591830183
2021-04-30,-0.010874870392853777,-0.010911336819240194,-0.011731551855907381,-0.01162620451094489,-0.009124997804935892
2021-05-03,0.006438048034219276,0.007249512788843343,0.003469847892937719,-0.0004565003179443114,0.008137122174561615
2021-05-04,-0.004782355608449518,-0.0020845234783513707,-0.0028241639760701776,-0.007888418440950808,-0.0020515757580348406
2021-05-05,0.0046229507452610185,0.008577022904173007,0.002259169477455425,0.0027622610465895714,0.008307047407266975
2021-05-06,0.009966564772058505,0.009895466726805437,0.007155358316010057,0.008796108709595424,0.009927437515155575
2021-05-07,0.010071872686868653,0.008291957011524118,0.006586601843711216,0.006982729224268015,0.00665124657678719
2021-05-10,-0.010412450078293833,-0.010886583362929407,-0.006433124618677172,-0.017702682508986906,-0.0070649502960478585
2021-05-11,-0.008560782583567829,-0.008970585434373467,-0.008290726723393163,-0.00826300030483152,-0.00963716675714825
2021-05-12,-0.02713339176126419,-0.02502461853647678,-0.026426481452591678,-0.0286822062629504,-0.022223936590896755
2021-05-13,0.01832580103215867,0.016824120073367668,0.018476715220053473,0.018531450012230215,0.015737686289689766
2021-05-14,0.016497119392737833,0.017520324000976195,0.010072592720580744,0.017492169930432122,0.014878668051609902
2021-05-17,0.001892482852618671,0.0013630765714871145,0.0006331458647531987,-0.0009320506074295813,0.0013490737968533774
2021-05-18,-0.009628679567500843,-0.012672504876079736,-0.005686993656359287,-0.00794598567343338,-0.011686596112003553
2021-05-19,-0.0039057146237621767,-0.0026338402221360246,-0.007170918350921016,-0.003584820774613714,-0.003787189903084193
2021-05-20,0.010589854585173357,0.009921083664304097,0.01348251292443911,0.012819036023810784,0.009384644546406438
2021-05-21,0.0003641013580563647,0.002769801658758936,-0.00174553171371124,-4.4289525422251045e-05,0.0021969305684276562
2021-05-24,0.00812587504302292,0.009274320340188687,0.00602244382392074,0.01183253684315114,0.007411525535832261
2021-05-25,-0.0034300596222994967,-0.004143048212131677,-0.009119457723747738,-0.005001001805839879,-0.00439589225272786
2021-05-26,0.0015400306058592967,0.0024373387971001726,-0.0029033961054430674,-0.0007548673863999964,0.0017373380710685618
2021-05-27,0.006410256482847645,0.008067258928812535,0.0016805936218172077,0.007066429697332026,0.006170902312136936
2021-05-28,-0.0011665185202755655,-0.0011356193507790246,-0.0038717852721515534,-0.0030531651814831805,-0.0013387510116636971
2021-06-01,-0.0012906869552541751,0.003759791452705448,0.00897351078826567,0.007296291710538291,0.0017208280339514334
2021-06-02,0.002424182315009334,0.0017301054433581662,0.003059958464413439,0.0011633896870979522,0.002108300595019444
2021-06-03,0.00015111079667942695,6.39420422616531e-05,0.002030536388336615,-0.002562293848000877,0.0018053409448791553
2021-06-04,0.007831815562297586,0.007688367422625251,0.014089782106608932,0.011144764681565177,0.007085874205385995
2021-06-07,-0.0038331653909046692,-0.004610758336481357,-0.005601149130564584,-0.0027323016412924696,-0.004170138473676472
2021-06-08,-0.001470714646487015,-0.0011106332623793422,0.0019047653811363491,-0.00023719820869030992,-0.0010051540989897134
2021-06-09,-0.003603548558934914,-0.0048617905213128145,-0.0010350223859767111,-0.0033966467784226967,-0.0032824755540591588
2021-06-10,0.0016688873476208,0.001495952641358825,0.0026226916029183766,0.0025785949792311654,0.0023865071482635208
2021-06-11,0.0026809664399689093,0.002625060920939068,-5.922107001496966e-06,0.0024128184500747424,0.0015177347929946504
2021-06-14,-0.0016000063225114383,-0.0029733262603194215,-0.0010340118107474048,-0.0021405480355699558,-0.002944528313997981
2021-06-15,-0.00022400069289473583,0.001592718322675814,0.0027121943876467895,0.0012485061823897584,0.0014839360684164192
2021-06-16,-0.009535098739094836,-0.008080084757455967,-0.010108750041913216,-0.009397477039137035,-0.007645646693617524
2021-06-17,-0.00801145717556336,-0.012676324443248762,-0.007631962942757397,-0.007275991876914353,-0.011349012701037862
2021-06-18,-0.015093951153207528,-0.019148260828433374,-0.009746032194513114,-0.013694428335890695,-0.017566801009431296
2021-06-21,0.014864390513456487,0.01752955104198528,0.014265453732813658,0.01546820892774732,0.016345241027904737
2021-06-22,0.0014434193329346202,0.0012826529639772036,0.0019411352895789625,0.0021030875036335403,0.0011890790309577854
2021-06-23,-0.0029398332663668715,-0.0008101593201743037,-0.007280094960212392,-0.003495406978160824,-0.002076468812345706
2021-06-24,0.008010751496697633,0.008592972081369343,0.001122555501282782,0.005719977688346007,0.007066211472057601
2021-06-25,0.0037823695831107618,0.003579612434905667,0.00822162628678719,0.005686952501706696,0.004339168007416183
2021-06-28,-0.0015876703492811379,-0.0020807563290934027,-0.009299845450986003,-0.005116053375828893,-0.0029517524434194407
2021-06-29,0.002839272947078818,0.0017211799220645872,0.002729046401146022,0.0059015863005970745,0.0015216403557255305
2021-06-30,0.0023637159196795298,0.004589748767910301,-0.0029003920059861776,-0.0026139961916791642,0.004095492902428841
2021-07-01,0.0018803004669845857,0.0001572769405035671,0.0034354571317188384,-0.0029316245319208466,0.00120144626854537
2021-07-02,0.0036983747165656514,0.002682150189887356,0.006700525379964297,0.007207801969960639,0.003162276685117353
2021-07-06,-0.007775298771812048,-0.010035016162728807,-0.007313342045468392,-0.004326322815308228,-0.008817399137299953
2021-07-07,0.0038072372659373206,0.0017791845269327874,0.006465387553990599,0.0020086915422388566,0.0025612056038286767
2021-07-08,-0.010122544364548472,-0.010513847650023528,-0.009342250137474131,-0.009243320853290136,-0.009251866549718572
2021-07-09,0.013433332470590616,0.01595640118622572,0.01072322609834941,0.010367486341656684,0.013719034242181946
2021-07-12,-0.0003188575170030884,0.0032446352706363645,-0.0074694259463337,-0.0061950733528333204,0.0009450125706755442
2021-07-13,-0.006401200282534885,-0.006335054860000607,-0.0051449387908235325,-0.004786733232118354,-0.005563622775480738
2021-07-14,0.00042939220700998675,-0.0019557093999950626,0.0029305913452325476,0.00352328348374012,-0.0011643608229906651
2021-07-15,-0.0033385876535990617,-0.0037336179362643194,0.002570856727298472,0.0005595877851888131,-0.002421686359261206
2021-07-16,-0.010577700314777793,-0.012305606355790545,-0.004998063141551142,-0.009653383354734988,-0.009859164975699677
2021-07-19,-0.016437128156300666,-0.017893482577641198,-0.020514661563839687,-0.019793451571524893,-0.016408285510881988
2021-07-20,0.015953908534020993,0.016546013296670135,0.023308134480950045,0.02063039026485461,0.01379720061167022
2021-07-21,0.009109515081754957,0.013780145683739094,0.005196603907077416,0.01050835560749821,0.010366989053593853
2021-07-22,-0.003947368346914077,-0.0061389375316143,0.0007546165507860509,-0.003768933730960706,-0.005316070440907515
2021-07-23,0.008662678440268677,0.005339727300778405,0.010918217954085173,0.011033524614040462,0.005864643964192654
2021-07-26,0.0013398027371007662,0.006099581063528349,-0.00874174562178482,-0.0004161901619188328,0.005403635366668904
2021-07-27,-0.0069426465840439055,-0.005218087354458166,0.0011640385731063402,-5.230474615653866e-05,-0.0034819051877560663
2021-07-28,0.0015878403258247952,0.001581020067255291,-0.003974845455534767,-0.0054061106373916815,4.751704116831416e-05
2021-07-29,0.008456325419268036,0.010134962730549698,0.007218964184658496,0.008010083956513437,0.008817100224878414
2021-07-30,-0.001987224601801929,-0.0019800087610459113,-0.005384023220018139,-0.0019269578420261447,-0.0030116185317464626
2021-08-02,-0.005767078887586988,-0.004000495668966863,-0.010644932477079644,-0.011504091703653248,-0.003974739353917387
2021-08-03,0.009023187406451662,0.008956629513721653,0.004496658396230783,0.005738503994633971,0.00883929823503414
2021-08-04,-0.009370773803645194,-0.010036375562442764,-0.010280677589466328,-0.006120148199887958,-0.011866622845673929
2021-08-05,0.005674215094509468,0.0051084180610997615,0.005020623374210786,0.006465617090975909,0.004838886137996922
2021-08-06,0.004039344026622057,0.005302444623956304,0.0019396309666260296,0.003831024919164172,0.0035871810344715125
2021-08-09,-0.004238645666882067,-0.004469991011382776,-0.004864132391535216,-0.005384977251610409,-0.004119095591481978
2021-08-10,0.0010888323147935385,0.0032734894821284297,0.00084975976170893,-0.005315093980180992,0.0032010768632503243
2021-08-11,0.007387231983176547,0.0063937367527209885,0.005052186707210768,0.0008905160492999357,0.005968680390796385
2021-08-12,-0.004416992203348083,-0.004137616482163906,-0.0016110506963750689,-0.008882113421433416,-0.002644372504137609
2021-08-13,0.0004988108796452459,0.00045274048113896047,-0.0010627545668870806,8.8554507316577e-05,0.0007752186800010231
2021-08-16,0.0012580503903762328,-0.00036674353582340235,0.00233808592732496,0.0025642740743066755,0.0005234344827286377
2021-08-17,-0.010661650030407022,-0.011278766513253822,-0.002864660884159029,-0.0070513885853588565,-0.009217863723400915
2021-08-18,-0.007541108124683211,-0.011044520622689555,-0.010131735853635943,-0.010969911270722912,-0.01180625899241704
2021-08-19,-0.0043023320484491916,-0.006409506816094297,-0.007230175057058606,-0.0046179045494288895,-0.004953441241176191
2021-08-20,0.006084574038896166,0.004793861882827939,0.008058736091408213,0.005757694223391753,0.0044521871282331895
2021-08-23,0.00868716237975138,0.010010393513996949,0.00924088904242398,0.012803227735484868,0.00808845285286889
2021-08-24,-0.0004314511428341794,0.0022648944332171635,0.0031713765340931717,0.003214275103458166,0.0011897697521190945
2021-08-25,0.0051936158966662,0.006027659928449638,0.0005766125145698303,0.0037779021718195834,0.003482804845392084
2021-08-26,-0.0068194720667237195,-0.005657851829798756,-0.004742604861640603,-0.007792297513422768,-0.005718245835976609
2021-08-27,0.004734088823162733,0.010242510433630586,-0.00855297266071602,-0.0022385388018373318,0.007551678044639571
2021-08-30,-0.0019052193011438881,-0.004477571632884649,0.0029437922570418606,-0.0009523610492150175,-0.0027728835390070893
2021-08-31,-0.0018031828789803618,-0.0021300200231350263,-0.005812312410276052,-0.005425869240954444,-0.001896557395914401
2021-09-01,-0.004195511154784223,-0.00312626171069916,-0.005390112059396941,-0.0015434836942717941,-0.0022148004371599687
2021-09-02,0.0031341875984892413,0.0022039748329627266,-0.0011974756053067033,-0.003786069130871493,0.0030516706852431476
2021-09-03,-0.002805527064387377,-0.0033711624754331456,-0.00301866369775754,-0.0010436633739376862,-0.0025101198984701025
2021-09-07,-0.008942139155832609,-0.007216185604020977,-0.008042897677365187,-0.0045734635955304755,-0.008392048833376069
2021-09-08,-0.002505151157878964,-0.003574410891283308,0.003867182630395497,0.00012530855708072744,-0.0014612969743535344
2021-09-09,-0.003262641604998665,-0.0008791481547806405,-0.0013371277983856467,0.0021541385548760495,-0.00298429325443729
2021-09-10,-0.00343224536806071,-0.002064828889402955,-0.008300758846982259,-0.008098469666485444,-0.0027901185412665852
2021-09-13,0.006091202850549475,0.00834200702640579,0.010691424606758244,0.011040241736392929,0.007510512016029872
2021-09-14,-0.008981273255389905,-0.009054725523724213,-0.005494946280481027,-0.009217716064381515,-0.007966496983245884
2021-09-15,0.008617948604722061,0.010372784366246716,0.01041905434746727,0.011449641312380918,0.009551497332564714
2021-09-16,3.4334788507262644e-05,-0.0015344373437318308,0.0016156141108668344,0.003141926841657059,-0.002353951847096943
2021-09-17,-0.008609714020699002,-0.008260943602230984,-0.006774840343946633,-0.00884563186497996,-0.0073595854684217
2021-09-20,-0.013745925226229614,-0.017813696838856117,-0.007161980877099024,-0.007881458906467777,-0.015386763048989224
2021-09-21,-0.004062973801813647,-0.0037925403791478304,-0.005785272633482395,-0.007204619252365759,-0.003498836694323375
2021-09-22,0.00773274461855902,0.012560180655754889,0.00724216184757719,0.011292684467237885,0.010379101734124492
2021-09-23,0.014403142704291456,0.01721566277342613,0.020003348383727637,0.022414357791774912,0.015483447119568913
2021-09-24,0.0025009302017430794,0.001938297074443827,0.008282421599955667,0.00741901131041015,0.0019736731493207546
2021-09-27,0.001255031866173973,0.004579607978673572,0.0021210058812808344,0.0010393076369600194,0.0029863689346580134
2021-09-28,-0.015731398748370796,-0.016367768750495268,-0.006970942446314113,-0.012909232023653582,-0.013192577951718422
2021-09-29,-0.0004190285304549999,-0.0031251087740677467,0.001923184845693625,0.0002180280932192276,-0.00012593074971150035
2021-09-30,-0.013555455448298878,-0.013503281845510438,-0.01556204722212513,-0.01430131204837434,-0.01363154579452803
2021-10-01,0.012868096172625331,0.013595786713347283,0.013066766367531662,0.01981345257184547,0.012623726946889811
2021-10-04,-0.008487673824497034,-0.007591179519037015,-0.017487781858204213,-0.014608431164346541,-0.006179808934206095
2021-10-05,0.00752046975421285,0.008992565572398673,0.004439347248789265,0.0034842991894297477,0.0066873250208898
2021-10-06,0.00121490161108548,-0.0011638154595127433,0.004184862159491789,0.0027778424865140578,-0.0001730343887051273
2021-10-07,0.00935357268344253,0.009077703961698075,0.010387232163222316,0.011151410394317256,0.009396019080577444
2021-10-08,-0.0019272156876667902,0.0002710680115081326,-0.002599898675106942,-0.005857066082222279,0.0003225153741778225
2021-10-11,-0.005543040083531486,-0.007037117536360738,-0.005005703916212333,-0.009569055939156973,-0.007001101859361961
2021-10-12,-0.006931034343370397,-0.00540469488940371,-0.0071277782518557485,-0.008016206050470057,-0.004781807664964622
2021-10-13,0.0019411889684032284,-0.0008049475882206088,0.0014378545692002246,-0.0009529645195192483,0.0002994201856714154
2021-10-14,0.016776954771619473,0.016415101038589376,0.0136018299445895,0.01477191776818938,0.015075579831564385
2021-10-15,0.006970379939131234,0.007824229329936101,0.012895925372864181,0.01436744690281657,0.007165256077507667
2021-10-18,-0.0003947999257003852,-0.00018053319765176505,0.0007949367438784831,0.0018804334662286962,-0.00200015849582017
2021-10-19,0.009090162345432844,0.007464595107258774,0.014614996930302493,0.012229953077066022,0.00798232939424608
2021-10-20,0.004230170208751355,0.005072825766642862,-0.0013697683917790182,0.0012370493950379729,0.005441409630952798
2021-10-21,0.001841989583525142,-0.002395622730408428,0.004585820895086776,0.00029466136956736276,-0.0023412312289986027
2021-10-22,0.0035009855726701043,0.00577927064736203,0.00742303079127819,0.006725724166250812,0.00499818821238448
2021-10-25,0.002370572676616998,0.002446786648805626,-0.002883370831379622,-0.0004836220824412092,0.0016787590823484242
2021-10-26,-0.005854917523486148,-0.0017936661370570272,-0.03183002277401398,-0.01331789793878062,-0.0017093057989939543
2021-10-27,-0.01660038062311316,-0.017754924700323,-0.0226681127128389,-0.02725647061952422,-0.01653637960296607
2021-10-28,0.007227994106815086,0.00842243252826096,0.0064828404230435205,0.0029702526573230905,0.007319095961786317
2021-10-29,-0.0034630165230547984,-0.0009118825692825836,-0.003003219177455927,0.0010159884963464,-0.0009196962644929818
2021-11-01,0.006512593734039101,0.007499987644997425,0.005668582923579397,0.00592515614892678,0.005945720668248991
2021-11-02,0.003740298925189646,0.004598516461403008,-0.008757528872141138,-0.012068558868156127,0.0030709903233844286
2021-11-03,0.00782758753562632,0.006531157408659915,0.011185586388353047,0.00612005067193152,0.006253080990677716
2021-11-04,0.007113936432946619,0.006777316461300156,0.0006841213949847608,0.006621437103750957,0.005729094131168317
2021-11-05,0.00887474672208494,0.008886220873292204,0.02100807813146503,0.022864945158827324,0.007254888870369784
2021-11-08,0.00022750897021998537,0.00041462594633123176,-0.004875482171232582,0.0008307212734129494,0.0006216059465387883
2021-11-09,0.00015675638407716713,0.0017428075436990136,-0.0023804823548451547,-0.0020308747053909685,0.0009457095328914819
2021-11-10,-0.0019407794099540942,-0.006087643560906708,0.01374556486867743,0.0029501076102055935,-0.0022770992424472813
2021-11-11,0.002205133511135266,0.004268496433752596,-0.005780835656776097,-0.007546790790533624,0.0022230058444050035
2021-11-12,0.008562748478589184,0.008226851400622376,0.008992644585274956,0.008404425760942016,0.0071398610906059055
2021-11-15,0.0013649944262198413,0.0009264797884701242,0.0021276998711175403,0.002300890498717547,0.001741445616705553
2021-11-16,0.005908417202000783,0.0034082680613476265,0.00595309861845705,0.006035255885954386,0.003047745025484917
2021-11-17,-0.007055481408219442,-0.006505664186553468,-0.00838949248489225,-0.018709342632752646,-0.005405721202990099
2021-11-18,-0.0033014988260922492,-0.0034826151052303822,-0.007396690237987799,-0.004102437545355752,-0.004906977051379321
2021-11-19,-0.006397453855414407,-0.008530719798657679,-0.006919471299291982,-0.008891424168419029,-0.007913465125703116
2021-11-22,-0.0015997908104774957,0.0008677492311796287,-0.007768142220802765,-0.008907428514584122,0.0016053500610352842
2021-11-23,0.005765179864551205,0.006394954013148513,0.0060025553208029585,0.006796859784974934,0.005385145861972353
2021-11-24,0.003132577004788417,0.00023008271579678875,0.018220707728641733,0.018601147872602378,0.0008446529620972658
2021-11-26,-0.02247954733717706,-0.024935544406270688,-0.020615623745746128,-0.027326956270946702,-0.02177808716103645
2021-11-29,0.009822132002947525,0.009112912804050775,0.007096768937979558,0.01054305421610786,0.007484001198311744
2021-11-30,-0.02196682229480823,-0.024956838254329115,-0.02131975904662683,-0.020320772815107604,-0.024222486159865015
2021-12-01,-0.008015911287132336,-0.007290969160046037,-0.013490097132047735,-0.012677164040284527,-0.006549873651645249
2021-12-02,0.01836013649937597,0.017565427425732714,0.023405011037068303,0.022150050627591497,0.017604290616192925
2021-12-03,0.0005084418324206282,-0.0021356364595378273,0.009901070311673612,0.0030953349289436828,0.0006495711807506836
2021-12-06,0.014254444466587614,0.014556319479627995,0.0132805892954969,0.018499399952282964,0.014326523522352842
2021-12-07,0.01594155375563528,0.02001534138455546,0.005553401669884153,0.01492161893596588,0.01525438745585254
2021-12-08,0.0007937097001039436,0.000940190410772834,0.0013542454947029084,0.0028042014293012557,0.0011049055398346082
2021-12-09,-0.0040146402730748786,-0.005614406442628717,0.0003804738413830796,-0.003647214842769281,-0.004190330411982335
2021-12-10,0.00904116548416222,0.007640831541225699,0.005836761316338764,0.005532162078256435,0.008222949219050799
2021-12-13,-0.0121194779604797,-0.014539505442594174,-0.011312868625134061,-0.015282738566246675,-0.01119496000504842
2021-12-14,-0.00772855454965638,-0.005036219015296668,-0.008625143646676102,-0.010929907680503762,-0.00525339722383426
2021-12-15,0.013396284211077553,0.0110978150216464,0.015045487560057498,0.015453636766238135,0.009794351294436973
2021-12-16,-0.003451216056118662,-0.0010549255228736092,0.001340525638977758,-0.003903089891223934,0.0027199688874769597
2021-12-17,-0.008932027593122288,-0.013087681435070246,-0.009043659781712144,-0.008393684184509455,-0.012934625483604054
2021-12-20,-0.013054740120317935,-0.013435911932122293,-0.017558910907916718,-0.016868627959582716,-0.011453238598928453
2021-12-21,0.01974429586280166,0.02169428455156224,0.02107583689895827,0.03308073454319645,0.017216484201751696
2021-12-22,0.00818009294838207,0.007574479119283107,0.0071977475317120555,0.005891627519246493,0.007690374064931079
2021-12-23,0.00887343303565756,0.009491818364464793,0.008543438963057698,0.008387390451593387,0.00811912268913932
2021-12-27,0.012156211581116756,0.013128100242295644,0.008916836223463823,0.009211733419021635,0.012092694662492041
2021-12-28,0.0013813547902880561,-0.0005437218856153936,0.005235340222779133,0.0014439507516197997,0.0003483508035470076
2021-12-29,0.006225998011502123,0.00423667325434385,0.00376141637283975,0.003921901772019358,0.003906767150601024
2021-12-30,-0.005220494475311303,-0.0045087192814026004,-0.0046956284820806595,-0.006080318439399992,-0.0031779946126670173
2021-12-31,4.7224044700432206e-05,0.0006316297168591185,-0.0025372597821917463,-0.0020582544896758717,0.0009845862476955884
2022-01-03,0.0037919494339110358,0.0065620838182269105,0.007083236403439546,0.012033948988894434,0.005678233276470077
2022-01-04,0.010486792226149252,0.011938501023091295,0.01557099627983225,0.013156548479632945,0.0113435673033146
2022-01-05,-0.007675379551236818,-0.009013147916359925,-0.008192302492907488,-0.008310579288387708,-0.006241413226921482
2022-01-06,-0.0019820820271416358,0.0008325799266417698,-0.0018020822213399932,0.0005942176383727613,-0.0006201053865292828
2022-01-07,-0.0020357171920598795,-0.0020603907409482,-0.0026015414477504827,-0.005518293189558621,-0.0012487547909031688
2022-01-10,-0.005525519330965418,-0.004190369699570032,0.0038554031890644623,-0.00505521041623411,-0.004199638279117731
2022-01-11,0.008103744809301915,0.009215999436223202,0.006698073863042577,0.010144360617237516,0.007603148375046256
2022-01-12,0.001725986968603174,0.0018287996423551225,-0.0012042843598788877,0.0034959148564867246,0.0010722211918830224
2022-01-13,-0.0012022633810818439,-0.0023024847858858547,0.004594557238268062,0.00028392797832581815,-0.0018745928445786696
2022-01-14,0.0013041168403961534,0.0008269991921690076,0.004946288808539792,0.006326662444029883,0.0007815810661322438
2022-01-18,-0.016589648941276427,-0.018672457903945793,-0.01027037303270216,-0.011696580543225817,-0.014627782422615388
2022-01-19,-0.012793928842316886,-0.012128037778260485,-0.012503491969516731,-0.014419080415438027,-0.008519060960052668
2022-01-20,-0.014547856948610962,-0.013977507359338321,-0.005922237321813732,-0.010799988086278764,-0.012549667015728825
2022-01-21,-0.012851850099063573,-0.013292235936132567,-0.0148463142005186,-0.023596455151682766,-0.011720297672649416
2022-01-24,0.0004511827955569546,0.002795141920575725,-0.0034907473151417246,-0.002695723317635423,0.0010166936326119812
2022-01-25,-0.007222466498052764,-0.004425086054776535,-0.0013351844741730982,-0.008359647948932705,-0.0026868849164731227
2022-01-26,-0.00730265920682161,-0.008334974913005552,0.0032159989396178075,0.003997839780258905,-0.010483686601563392
2022-01-27,-0.004589084413397793,-0.00583107295254907,0.0022480537832742288,0.00224494837401238,-0.001730153193941071
2022-01-28,0.016615182251101798,0.012843584194157617,0.03526249018214846,0.04103674249054895,0.01324847925072924
2022-01-31,0.0139469035791427,0.016052696521187897,0.004029060763401771,0.008133011286692604,0.013257404189087604
2022-02-01,0.011069359156707134,0.010577897512380205,0.009106403162873951,0.01622249574174913,0.009363163675564595
2022-02-02,0.009458797455438105,0.008203519048697795,0.00447959925018727,0.012978570106320635,0.007617502759800542
2022-02-03,-0.013732515855681627,-0.011959729977953637,-0.00649814777112987,-0.007328613139912936,-0.008504594854188233
2022-02-04,-0.009260829705197506,-0.0059883924546214745,-0.01426526595688448,-0.009142377475162947,-0.007460269063526157
2022-02-07,-0.001729949155317288,0.00018077256851241254,-0.001209395125696379,-0.0009955466338808735,0.0004666576584789763
2022-02-08,0.008771067885944872,0.008316096949137996,0.00472993250510918,0.008138514520823141,0.005781758780265199
2022-02-09,0.013021625879732423,0.014401735775920299,0.007764945670969095,0.014575551095352666,0.011653817975029887
2022-02-10,-0.017807966194894886,-0.01669297371832134,-0.014900865842821867,-0.013461154627472601,-0.016648152607665404
2022-02-11,-0.013127548918223698,-0.012688012404693246,-0.005509706704417198,-0.00867675923716477,-0.008673883108560168
2022-02-14,-0.0059289743175298375,-0.006263399327352712,-0.008453301915415464,-0.004461896470356743,-0.006212268170692464
2022-02-15,0.017322120141479234,0.016877540698005504,0.008919516920395727,0.017702305583982322,0.012789879406531285
2022-02-16,0.0031219211067781525,0.001911925875486508,0.007212031722862536,0.00442306113631417,0.00188301071116671
2022-02-17,-0.016097267102611515,-0.016142051601956947,-0.014150681221176947,-0.01627133864817898,-0.012580464736615466
2022-02-18,-0.00872194782639256,-0.007946582223410546,-0.006192816543288472,-0.011991415001929942,-0.006793487981502361
2022-02-22,-0.013352129498947029,-0.010614699546231402,-0.009051435961792191,-0.008803567153696882,-0.010415199208852189
2022-02-23,-0.012030434124055075,-0.012967062099450588,-0.007183520219336558,-0.014805986149565811,-0.010501485881043132
2022-02-24,0.003881596571598511,0.0023794855698743324,0.008746059861643972,0.006222345899652617,-0.0008977194028837307
2022-02-25,0.018598925800995172,0.02312121584922279,-0.004115103297139302,0.0004591201737690351,0.022537822683563018
2022-02-28,-0.003750801372384989,-0.006003468426432608,0.007864674268724605,-0.003417902052985332,-0.005218568068403757
2022-03-01,-0.01686213165625981,-0.018354633315443156,-0.004532335427364314,-0.015719464729001827,-0.013131329745326626
2022-03-02,0.021298899332467446,0.020442259813384045,0.015256303481798855,0.019492046969353187,0.018651873127008653
2022-03-03,-0.004771080292342508,-0.005060347874626147,-0.006414870456343318,-0.009801096264978484,-0.002800896041904535
2022-03-04,-0.00832744318778219,-0.0090099609539678,-0.003224740968662008,-0.01627669135475793,-0.0040454657891214815
2022-03-07,-0.029868991333706296,-0.02713210980153335,-0.022892374702213232,-0.03483583175005431,-0.020528633820922158
2022-03-08,-0.0046616065225291575,-0.0034250303735928796,-0.009002117482895523,-0.00317446562896629,-0.006918215488214671
2022-03-09,0.022487020770785543,0.02131294898764367,0.01833893440995009,0.029739805062319685,0.016997739192302484
2022-03-10,-0.006826547167069132,-0.0064953845912068455,-0.01033882847579628,-0.008146989885583003,-0.005392276155175324
2022-03-11,-0.00889775569321032,-0.009247945605130306,-0.005184804425318874,-0.0074751290898522876,-0.008453302164404077
2022-03-14,-0.003136746401719975,-0.0037163955232947764,0.004237894651556498,-0.000993457560547601,-0.003143380035918987
2022-03-15,0.01702169028420305,0.013042950032245046,0.015793094728174507,0.02042146967577104,0.012050549570609978
2022-03-16,0.01592293356906808,0.01883188014302574,-0.00919114001015769,0.010920885764399335,0.01211791455596821
2022-03-17,0.008679636400350525,0.009206054317279824,0.004607611014914802,0.003774917878306914,0.00842466623100094
2022-03-18,0.00537122607889247,0.004981745967412112,0.008839549396431024,0.011026200277197199,0.0036447843607347714
2022-03-21,-0.0011259764919199678,-0.0002067191764398978,0.007742439028707229,0.0006660713399664333,0.002043637574369605
2022-03-22,0.00805006763303338,0.008064504120201028,0.006403989668364284,0.00808788445938805,0.006852969203327287
2022-03-23,-0.015532209108359854,-0.014880068705161365,-0.008409439206089336,-0.012724462174534986,-0.01164696679829122
2022-03-24,0.01264744826597624,0.012140432021385397,0.012251559174398692,0.013966189379770469,0.00995828188265615
2022-03-25,0.0050736612531145555,0.0054480517790144265,0.007647532627828579,0.007326479726594779,0.00651214517991266
2022-03-28,0.0002004413368794686,-0.0010062942415050332,-0.005546414926685367,-0.00030743139440481647,-0.0007574705607257223
2022-03-29,0.01605252013903157,0.014923282002538354,0.015440236261948192,0.0191955054352047,0.013062611626074312
2022-03-30,-0.008379773378822026,-0.007459029157398202,-0.0032156326866962627,-0.009801564598798867,-0.004538360930229055
2022-03-31,-0.017114656617394503,-0.016113387582361034,-0.024124852951179998,-0.022770763003197622,-0.015246135923903021
2022-04-01,-0.001921663501469276,0.0018786144662945856,0.004388869366244492,0.00478829280947327,0.004576292502295426
2022-04-04,0.004271203488388317,0.0034309483667860244,0.004653900090973518,0.005318048761919415,0.002253118579355908
2022-04-05,-0.014137382446240169,-0.01364040823193466,-0.0074760349641719605,-0.01103424614337279,-0.010374898335830312
2022-04-06,-0.010263062591272186,-0.006030871044597191,-0.006042163140840421,-0.015039751474027318,-0.0036178839971073183
2022-04-07,0.005201256576952289,0.004930430906278881,0.007257597889729309,0.004013643647509935,0.005794622620326942
2022-04-08,-0.002130258955798954,-6.01769319159872e-06,0.0003634140891928773,-0.0022895026837492062,0.0008904374284514123
2022-04-11,-0.008011458307332771,-0.008109976204371823,-0.0064396668043487735,-0.007249663251423642,-0.006937960526178713
2022-04-12,-0.0011482994532497983,-0.0002703670749726204,-0.00027199241177344497,-0.0031263078966251292,-0.00010681011127799804
2022-04-13,0.010347958978391483,0.009822576388868808,0.01064690363636736,0.01019839926682934,0.009383757397868403
2022-04-14,-0.007796948566242801,-0.0059561607021375446,-0.0035905012855349493,-0.0045341092625841625,-0.004589122490535764
2022-04-18,-0.0009588981380019362,0.002332140913081162,0.0007810608263025393,0.0010296753184326252,-0.00014562972631888263
2022-04-19,0.016762775685879423,0.015165761529515319,0.00923102713901387,0.012583473965373656,0.013133350740653811
2022-04-20,0.008109605329162741,0.008179721993794058,0.004669655021218599,0.00818570578698941,0.008471757594226678
2022-04-21,-0.010055028535175651,-0.011506471998649327,-0.012066845600557999,-0.013176403750628347,-0.010774327248651322
2022-04-22,-0.02356962149855277,-0.022242206775214414,-0.01928061529322529,-0.02603456045462996,-0.019939656613265327
2022-04-25,0.007008286506509481,0.004456263260287445,0.003637373268107369,0.004865497685203266,0.003789316431776218
2022-04-26,-0.022959131539736367,-0.02387211586154101,-0.013085772696881864,-0.027370189911846733,-0.021401647143239257
2022-04-27,0.003458449407883677,0.0020816695986530815,0.013640954491223498,0.020409597292954607,0.0040390352520484375
2022-04-28,0.024052312651644224,0.023254369559167008,0.018849553809323998,0.025277505114002,0.020920129686271917
2022-04-29,-0.028692839234930774,-0.028246616990612566,-0.027935633599551667,-0.03132297047327177,-0.027951461847037642
2022-05-02,0.004247732839923451,0.006393417115386496,-0.0002605253836814817,-0.0005269868984570402,0.0034421917289319563
2022-05-03,0.008655424433162723,0.009496085708074545,0.0012974426311134178,0.001518836352538227,0.007036960136618197
2022-05-04,0.027690797011411306,0.02996307872578211,0.025667866876646826,0.027850731674201153,0.0282867362445443
2022-05-05,-0.029296140765355434,-0.02711289622901248,-0.025510931205996745,-0.03198975540818139,-0.024917460761611
2022-05-06,-0.006683064120917393,-0.004463065492166708,-0.006412211122521868,-0.012226519770239253,-0.002606605442256721
2022-05-09,-0.02541958951951023,-0.027287693090281985,-0.02378325896228992,-0.03385510938414804,-0.02530473649470616
2022-05-10,-0.0007563778138513647,-0.0010073539976352072,-0.0015082910856574461,0.0012448136672411378,-0.0017666355765289994
2022-05-11,-0.009622527776129361,-0.008340225743310723,-0.006102794382636471,-0.003814231224036712,-0.0060592330109149935
2022-05-12,0.0008718741386224544,0.0006253470448060669,-0.0063455423993202965,-0.005944965602760537,0.0006334417302878365
2022-05-13,0.01893751513993007,0.02023032551384603,0.015665737650433786,0.025072513198207635,0.017427545557814797
2022-05-16,-0.002566000341844268,-0.0011782158758640742,-0.002223308295365811,-0.002924438719347293,0.0008371919339407328
2022-05-17,0.02608960827006487,0.025157460362544536,0.01919259881463958,0.02695690961038085,0.020896795455226422
2022-05-18,-0.033722568149367166,-0.033773979613000896,-0.02511242273323163,-0.0340207082388963,-0.033472912881540626
2022-05-19,-0.01103655072292736,-0.00936175775188907,-0.017107919364300384,-0.01669092543048517,-0.00942846797674541
2022-05-20,-0.0024614146472644424,-0.0013411087934764798,-0.00015332552893383374,-0.0008442492531028582,-2.686706772127035e-05
2022-05-23,0.01732962637953841,0.01840440150982317,0.022438840861480982,0.026410434485821335,0.017974850023177693
2022-05-24,-0.004652722792763485,-0.0029893881812534926,-0.00021439508658243006,-0.008407842991702816,0.00039859758383426554
2022-05-25,0.010345862801904738,0.009415809386353701,0.0169290266276086,0.014630758376079533,0.007958253029126738
2022-05-26,0.017321915342884162,0.017533689241509,0.008407600966947744,0.015942578913178546,0.013806968246017052
2022-05-27,0.023922788644166346,0.020985142556454034,0.03235485432530532,0.03582214167347378,0.019510695411471164
2022-05-31,-0.005787625200713999,-0.006037385939705391,-0.004595200891093262,-0.004416304057948985,-0.005926743073024438
2022-06-01,-0.008337129810814168,-0.008419452534226837,0.00027076568588794883,-0.00432824723896265,-0.007301805929029967
2022-06-02,0.017123460990417352,0.015350422488321252,0.008509494674475064,0.016535146495034292,0.01295454622085353
2022-06-03,-0.011520990879210241,-0.011900420401803277,-0.004847344045547837,-0.01146359842981071,-0.009684956120020865
2022-06-06,-0.00011423072765871149,0.0007452453147904073,-0.00419511498833373,-0.0005967240858682864,0.000331850045122566
2022-06-07,0.010148813073251217,0.011184761300613846,0.017740685553207885,0.014649719724914016,0.011357550723106846
2022-06-08,-0.01600392602106435,-0.014240659630172611,-0.01493823281755328,-0.012927596438415642,-0.013049560023762298
2022-06-09,-0.01967087380441679,-0.020808132952050987,-0.02212648523137723,-0.02371651138286133,-0.02017017981514531
2022-06-10,-0.027568844059187345,-0.02706893930736514,-0.021834159482787944,-0.026774688180572874,-0.022088803599470307
2022-06-13,-0.03437965546601221,-0.036158641122505164,-0.03107726970408413,-0.03733487948036966,-0.03351996112319561
2022-06-14,0.00011954582209623048,-0.002435884010740136,-0.004914827612750559,-0.0023649296534741975,-0.004729193374880454
2022-06-15,0.010595109238064133,0.006174643803389019,0.0058736886374655475,0.009342912475834372,0.0052537480035951874
2022-06-16,-0.03171826862658136,-0.03194264625344191,-0.034324427043813485,-0.03686753393049497,-0.027208524646720654
2022-06-17,0.003370885516739217,-0.0001172104465092197,0.00852657444092385,0.008713670977414987,-0.00048408766659905017
2022-06-21,0.01974417260019746,0.023045576353507378,0.02865167070516257,0.026645455964119553,0.024723808386561262
2022-06-22,-0.0018642375088375252,-0.0032571978566862765,-0.003603146905520563,-0.0043641618207016205,-0.0015985941378962826
2022-06-23,0.0034729583023001592,0.0004849397158630893,0.0016836933504779422,0.005367445156778837,0.0031194838612199623
2022-06-24,0.03250546025652526,0.031959452586470316,0.028203139907703154,0.03345288399519033,0.02917254755785924
2022-06-27,-0.002555299446494717,-0.0009969902003774235,-0.002585220961174424,-0.0023288595213726325,-0.0009821012491702378
2022-06-28,-0.015547836126312182,-0.01233139220061606,-0.016646961877999925,-0.020482394058884797,-0.012736398334328481
2022-06-29,-0.0048827553044664875,-0.007432722334720766,-0.0030019887343410608,-0.006952780004677197,-0.005635862737163455
2022-06-30,-0.007880526184102565,-0.00855194547226315,-0.004943397718996988,-0.008472371338528795,-0.008225937150310766
2022-07-01,-0.0006687475121279918,0.001909281509953546,-0.006263267758991545,-0.00811422645282108,0.004153969031697378
2022-07-05,-0.0034072734788532662,-0.0053429959177697574,-0.010423780558437646,-0.0019809883148854297,-0.006305824045990037
2022-07-06,0.0021796601700939736,0.0009504992350700068,0.006400263560699004,0.000373403909116383,0.0006716186697700327
2022-07-07,0.012752514405445477,0.014927597735519861,0.005284847774487076,0.009944835366795274,0.0111758812359182
2022-07-08,-0.0024019246463271218,-0.002120054905634613,-0.0031464212871111764,0.0006670893176127513,-0.002853928900979803
2022-07-11,-0.005798148730067556,-0.007507484306900536,-0.002661158571734417,-0.0027704939339314983,-0.005836693340242893
2022-07-12,0.00041325430796596983,-0.001965130246458741,-0.00492504257063079,0.0007853059554626441,-0.003161310801993598
2022-07-13,-0.004144687563836215,-0.0037873783769253105,-0.0039737280816528825,-0.0048779861135297125,-0.0033087083878716953
2022-07-14,-0.0014622369933388727,-0.004012946258160452,-0.007127351594629001,-0.0023372644906300725,-0.005052135880342245
2022-07-15,0.01563126960323925,0.016621060229512805,0.012175297469192348,0.016194071871726386,0.01391458852251529
2022-07-18,-0.01007062190845143,-0.006833290703776264,-0.018159594560851117,-0.012541366468763342,-0.008543453124876973
2022-07-19,0.02698593370910094,0.02602885292102089,0.023542673682928936,0.030171454244984585,0.022086643890018253
2022-07-20,0.0035087757418786666,0.003563768361944985,0.004585822621235533,0.00442854750288016,0.0003231237044636795
2022-07-21,0.007442774593367287,0.003552415308459613,0.007541102935096693,0.008266285261025035,0.001842378977301554
2022-07-22,-0.008915347204614912,-0.007661533845406297,-0.009045225102058019,-0.011682511031493993,-0.005783631511397942
2022-07-25,-0.00012387224701976166,4.916380555602907e-05,0.0059409083254760775,0.0011578137385125052,-0.00044913617563595656
2022-07-26,-0.003916654829879568,-0.006097550964991712,-0.00566576020053404,-0.006947135360921587,-0.004143369044459689
2022-07-27,0.01404531059232195,0.01707155247626122,0.009921445803659118,0.00940058685700689,0.014389111812452737
2022-07-28,0.009862288737877664,0.010800127812130184,0.014789425860168962,0.013277071664179945,0.010675375066123191
2022-07-29,0.005915342538379099,0.009213899550856965,0.010495044271867558,0.007292759990108269,0.007573562476659381
2022-08-01,0.005103096800133282,0.0025153156225630195,0.0009746574251213284,0.0018557434902240033,0.003097458469878321
2022-08-02,-0.010756957275535581,-0.009458528913165181,0.003268711622455317,-0.009814886113885072,-0.008886710929812639
2022-08-03,0.013630314553769278,0.01128422441752313,0.012376458389748574,0.009471146378278597,0.009519511504990884
2022-08-04,0.0035246957346156704,-0.0008142791106150859,-0.0019028596691781645,0.004967524769431544,-0.0020855564978548916
2022-08-05,-0.0008627962428956414,0.0009369563364144772,0.0037515766842942883,0.005204427357292272,0.0015133655347991956
2022-08-08,-0.0011101380691385574,-0.0007962480900069876,-0.0052435857648900665,-0.006402354231352367,-0.00013656630965706168
2022-08-09,-0.009148828651805063,-0.007335167782510532,-0.0028005924772512665,-0.008443645768681077,-0.00453964332162612
2022-08-10,0.021839872967129914,0.02086339625959692,0.019474199510773373,0.020478785589141738,0.0173825308966872
2022-08-11,0.0012017244346756136,0.0030987035790588915,-0.002629835920809954,5.481070619337762e-05,0.0014988982154258968
2022-08-12,0.013758346831733288,0.015443720593983164,0.012207087465707287,0.013750297876197677,0.014304188114725735
2022-08-15,0.004786155232924886,0.002238846328080662,0.013671822709144386,0.008897726736911919,0.0031266126300380477
2022-08-16,0.0035609276708923974,0.0025411591139438494,0.0029647285716178414,0.0007834832710915755,0.0030479129941789365
2022-08-17,-0.009536367094117985,-0.00924783343535945,-0.006197339270055547,-0.010883627936807442,-0.007688804535542304
2022-08-18,0.0055059663168699185,0.006646855474365574,0.0031223458970275906,0.0065157063196360126,0.005714868348611948
2022-08-19,-0.011889336692620121,-0.011250487574873493,-0.007651015757857648,-0.014081847074856414,-0.008363776324549104
2022-08-22,-0.020367459353769015,-0.020182181549745756,-0.019673887625787295,-0.021049466317169398,-0.01785243192229851
2022-08-23,-0.001906177890764076,0.0011431400512244712,-0.0037552709423831192,-0.003348011810647206,8.808269464925502e-05
2022-08-24,0.0012134790170211392,0.0016628921677590892,-0.0016266120315897778,0.00028678634822098967,0.0013165769120003312
2022-08-25,0.015024195236138637,0.015529481122451868,0.012864027099138711,0.019085997720152188,0.012917175518815207
2022-08-26,-0.0408738663796673,-0.03548468997729732,-0.046778689015204405,-0.05082948931049022,-0.0341770427685015
2022-08-29,-0.005503912859699821,-0.005192983526940188,-0.00711247348007283,-0.007916386078698422,-0.0042270818436127055
2022-08-30,-0.012093450205683426,-0.011397193020512956,-0.00984651085840546,-0.010503138965593909,-0.010991984081546577
2022-08-31,-0.010106131901014921,-0.009725131177685937,-0.008220912829889947,-0.014288632234312627,-0.010089464550843218
2022-09-01,0.0013525279065089086,-0.000374240867554595,0.003361855394207602,-0.0004579499595081002,0.0015624712879339102
2022-09-02,-0.011559722942042614,-0.009599428229350008,-0.009984479936113731,-0.008733158629909265,-0.009892060973950808
2022-09-06,-0.004248806870446588,-0.005603111619266032,-0.0003424445581599613,-0.0015712927966386927,-0.00498644390744719
2022-09-07,0.016328943990106058,0.015277552827799882,0.015033221154965328,0.014011551468337956,0.014706473266161826
2022-09-08,0.0068701468359399775,0.0058160206780438735,0.005259869885141271,0.0006426582839886411,0.0036284573715647654
2022-09-09,0.014661139345474264,0.014873315396056625,0.01373027833230594,0.0183062463989559,0.013788146732356735
2022-09-12,0.008526908430007004,0.009044255370671345,0.008962505227875093,0.00659395455537211,0.008908252122937181
2022-09-13,-0.04255049804197664,-0.04147133325516525,-0.03460189774835044,-0.041063580026591925,-0.03791546605994817
2022-09-14,0.00026759546256177494,0.0025038927346009076,0.006272784803300914,0.003747561683724853,0.0035167338901835894
2022-09-15,-0.011535642691336515,-0.011604482379738545,-0.013623948122329133,-0.015788386517726936,-0.011195065237627195
2022-09-16,-0.012526966899366585,-0.010807844056369437,-0.0014327931701130744,-0.00462483808775906,-0.007953239571440566
2022-09-19,0.004803154093956683,0.006064967169331097,0.002441821596547425,-0.00030189447753526256,0.005048414404239084
2022-09-20,-0.011942739039505825,-0.013429561776382545,-0.006082948219257313,-0.009500044639632903,-0.012964180617074283
2022-09-21,-0.013692428832000881,-0.013928257465946739,-0.012209128097808365,-0.015041149952083768,-0.013446369895086152
2022-09-22,-0.0072743847126394675,-0.008609350909701666,-0.007818675382232602,-0.010311975751382426,-0.005711199904783631
2022-09-23,-0.0167557206679911,-0.01916063007093053,-0.01718093948671363,-0.014436898360044146,-0.018383090907154863
2022-09-26,-0.013435869007315042,-0.013746701696512799,-0.012762995336410793,-0.014669439707729616,-0.01268367872151431
2022-09-27,-0.004437822854659776,-0.002794027651526231,-0.01068044369709024,-0.006239422312886785,-0.004687301599946729
2022-09-28,0.017327933365761505,0.018346616179312214,0.012275528024356499,0.013209749636310037,0.01681447610353278
2022-09-29,-0.016743135129158603,-0.01614794940617212,-0.018828616411869083,-0.013109799030716202,-0.01565482629761496
2022-09-30,-0.013469222664951493,-0.01335071071241513,-0.007975192079067038,-0.009561661929991121,-0.013236367398093484
2022-10-03,0.02909490635161616,0.030657373221964667,0.030456235595993385,0.029944800258022264,0.029204208399290152
2022-10-04,0.03298043716194611,0.03352250811760356,0.032492518369482096,0.03174791951180102,0.030861156106439323
2022-10-05,2.7956269308279224e-05,-0.00042644934089017283,0.0018266784677497482,0.003306326327152413,-0.0011469961645722453
2022-10-06,-0.010031292036396147,-0.009288832874618236,-0.01022817175424672,-0.01047600753140791,-0.009152374754757643
2022-10-07,-0.019776360199954143,-0.020815751594952577,-0.018350006267880144,-0.02147731382566596,-0.01898975690277232
2022-10-10,-0.005577543063083459,-0.00777126064635972,0.0005951516653943032,-0.0034103569567548947,-0.0054977034026603
2022-10-11,-0.004202729879661715,-0.005008064083669309,-0.004559726368601487,-0.00796872506580742,-0.0033865206612606865
2022-10-12,-0.008288073275577847,-0.006150560485915808,-0.014993195247565557,-0.011460664112245365,-0.006334384360446603
2022-10-13,0.024923907712797004,0.026770936237160134,0.026005837069367058,0.028514353869921252,0.02496348515254506
2022-10-14,-0.017089097391146505,-0.019166881603340135,-0.023821616236043987,-0.02053943980079809,-0.017475959081946105
2022-10-17,0.01759297214603427,0.018192248408041664,0.0177022641989019,0.016267072946360102,0.01736515796845696
2022-10-18,0.014511984847169939,0.014062581436337939,0.036004561256315064,0.02052991489417155,0.014245339103048552
2022-10-19,-0.0085630471300907,-0.0053263550682706925,0.0004910943102430551,-0.0018745692718677614,-0.005229455261695786
2022-10-20,-0.007680504517330915,-0.0035532317204167406,-7.357835561228027e-05,-5.800229911331108e-06,-0.0030694489360861815
2022-10-21,0.025515593152762753,0.025713786768531345,0.029422710795685092,0.026571105887822903,0.02408909954108589
2022-10-24,0.012261349287368578,0.010458680221608806,0.010444966814748421,0.01018920830035664,0.011131168744560528
2022-10-25,0.013394943756120367,0.013077556424655318,0.01266507523908755,0.011672156574829444,0.011968523637700105
2022-10-26,0.004154768887003552,0.004685197800717151,0.011602958807437475,0.01729331500090255,0.006731370942301381
2022-10-27,0.0011366440678110495,0.0015654522338240848,0.005752371626489023,0.003334791639661441,0.001974171470472227
2022-10-28,0.03261703184619498,0.0300534985292348,0.04604842964016148,0.03120325429154152,0.0293118854426811
2022-10-31,-0.007433404958718426,-0.00599277435438586,-0.0038942422739531007,-0.007187135070388685,-0.005153603312424822
2022-11-01,0.004607177997998993,0.005143518101894798,0.01025586957766857,0.0053710140318306305,0.003652221314152759
2022-11-02,-0.0194034818720027,-0.018791996538587027,-0.022634904234085332,-0.024909256636494292,-0.018620822426006177
2022-11-03,-0.007042112302199605,-0.005804004058113989,-0.002544903770170836,-0.012518720302967239,-0.005632665642483313
2022-11-04,0.020100197615548432,0.022111951426128783,0.016931002195752578,0.022797283325483295,0.019596322077029257
2022-11-07,0.01376065389878657,0.012465050045859747,0.016296447266186218,0.016106019306954114,0.012036987651123088
2022-11-08,0.01236724340753063,0.009465984538338367,0.008321322145754503,0.008115770698709439,0.009213749123734337
2022-11-09,-0.015146014931560866,-0.018190044870453725,-0.018508011007554892,-0.024214073645563973,-0.017101631293179285
2022-11-10,0.047200928822325294,0.04706967970113536,0.03458396433354149,0.050384528435931775,0.041786154225056285
2022-11-11,0.005251465227345134,0.008277811531774712,-0.015013557402087988,-0.000871270291182359,0.004766507605354785
2022-11-14,-0.004839734075232289,-0.005554348115061624,-0.0018048463975644763,-0.0034951480467661274,-0.004571033859990244
2022-11-15,0.005960773285962425,0.005414668873220108,0.007778264060860477,0.012345546311040404,0.0053403057507837364
2022-11-16,-0.009847858698792148,-0.01182097160080443,-0.005850582757736147,-0.011888469982983107,-0.008981741545850224
2022-11-17,0.002241354884678179,0.002038724740948951,0.006006553432132572,0.0039780735510435705,0.0024541343405079324
2022-11-18,0.0066257297738940065,0.006276563431816994,0.006661128248480164,0.004695487108646304,0.006920629348928517
2022-11-21,-0.0020819635402814607,-0.0017651059587317768,-0.0022974958921846366,-0.007760645634376319,-0.0006058117988443732
2022-11-22,0.015143261734793656,0.016396144268944177,0.016876589945714737,0.02174898101057198,0.01567217529233486
2022-11-23,0.004093931009479331,0.002745844063124326,0.007114058873144479,0.006559058171769967,0.002437882574979987
2022-11-25,0.0028649302366947588,0.0006784934565357046,0.00546450115693861,0.0028957309956052397,0.0011928832495197409
2022-11-28,-0.017460798697498288,-0.018140861524775072,-0.013777541892524036,-0.016615423734196774,-0.01655029923419858
2022-11-29,0.002317943593836104,0.003728941518877063,-3.0221885220908275e-05,-0.0032573569000831364,0.0031552330613301843
2022-11-30,0.02464290477629266,0.022961881302339008,0.02385609680424182,0.02721189092808461,0.021615054254390628
2022-12-01,-0.0005493673200634394,-0.0014565882369671655,0.0034632507628317467,0.0011944231549634828,8.82049178291814e-05
2022-12-02,0.003832864260758936,0.0009265563704512682,0.008907647582572807,0.0032294057384447093,0.0018601318378598962
2022-12-05,-0.015336549014048167,-0.015445936296691304,-0.015291013092992715,-0.017370704042534633,-0.015434771188090682
2022-12-06,-0.013091467942362373,-0.012040781572363433,-0.014191161431116033,-0.014265144780233475,-0.011456995151893894
2022-12-07,0.0006117005529669292,0.0006359041595832033,-0.0033658092853341847,-0.0020683046477322138,0.0012312288732427242
2022-12-08,0.007188725897958097,0.00574136305607768,0.009815450726085,0.0052375766654949776,0.004956793635133267
2022-12-09,-0.0073562958404661885,-0.007899299546528914,-0.008565529380404533,-0.008015352886315651,-0.008129656572521078
2022-12-12,0.016284470923320297,0.01565962083226301,0.016072329443422323,0.018762368061154684,0.014638832094095082
2022-12-13,0.006253871953034571,0.006924871312222606,-0.0026878487783532456,-0.000484936100473993,0.0060509038949473695
2022-12-14,-0.0032115142051111732,-0.005753412210836587,-0.0018610959041758157,-0.004325947323752413,-0.003964820958847448
2022-12-15,-0.02895702273810216,-0.027803442726942046,-0.02694154151543412,-0.029812176694506934,-0.025654982245829933
2022-12-16,-0.003963950920775485,-0.005757349191636441,-0.00010185362869840454,-0.0028647963118908657,-0.005493314886674226
2022-12-19,-0.00668035236215298,-0.006746989282548835,-0.004634567067603125,-0.007351855958669809,-0.006195163632427241
2022-12-20,0.0005562217688461699,0.002454895885757799,0.0014210137126889556,0.0036038787829728003,0.0026142168718186858
2022-12-21,0.013225083158800884,0.014382386927026428,0.007162139493485164,0.010208748084555993,0.013288229319436084
2022-12-22,-0.01155060959686659,-0.013093531200818692,-0.010226680054000242,-0.011436467269979999,-0.01106876137985437
2022-12-23,0.0038763100592056664,0.005867687600775521,0.004011899671103521,0.004185455692465274,0.005780861661624465
2022-12-27,0.002630242955379059,0.002437680232599634,0.005582496804262765,0.004314361983641679,0.0036213970732569675
2022-12-28,-0.01233688672101256,-0.012789149094374843,-0.009489834455710326,-0.011077166293728508,-0.012752732219216124
2022-12-29,0.014571261750939465,0.014337093647078324,0.014274766823761852,0.017259602450053493,0.01301257194496552
2022-12-30,-0.0018438302215466416,-0.0014500829523758454,0.0011940326393802942,-0.00030119354758183746,-0.001654310486866967
2023-01-03,0.001320132755086813,0.00022498349421206688,-0.003827350583920825,0.001442147280671965,0.0007313350652218066
2023-01-04,0.017709531796162827,0.0170687418047501,0.007062754529882647,0.0202064780637899,0.015217773116598872
2023-01-05,-0.003284923568615796,-0.004517782407235773,-0.004998530741901088,-0.0016365644404069861,-0.0039701955799445
2023-01-06,0.029595911993807247,0.02837503859574899,0.029298112870716493,0.03094731945389547,0.02622680137352363
2023-01-09,-0.0018977561374776272,-0.0013939792493576544,-0.0106543232133196,-0.0024009496784121254,-0.004527265073007701
2023-01-10,0.007771162350317723,0.008382874375100024,0.006226657507108725,0.008306854901956217,0.008014059339332875
2023-01-11,0.007497069129045777,0.008334948689820753,4.512653191966222e-05,-0.0004667499381009357,0.005668718218270892
2023-01-12,0.0017607130667168238,0.002832278727476944,-0.005525628970271579,-0.0011502398561929533,0.0018387241467786547
2023-01-13,-0.0004470251196274533,0.0010975993848581834,-0.0061281473309799895,-0.0025071396911069566,0.0006838186029179621
2023-01-17,-0.006638077804166673,-0.006794434050898504,-0.005357542979405057,-0.0031367872995393172,-0.007018639339179884
2023-01-18,-0.012501083248025261,-0.014222569957298353,-0.013664786720185165,-0.013586977050822738,-0.015715488746269553
2023-01-19,-0.011385895719519699,-0.012705916581291676,-0.007362216203866184,-0.007801686129253635,-0.010807429902213395
2023-01-20,0.015441560849399433,0.01723060282827081,0.015615324348399509,0.018178055718990976,0.015075476866608647
2023-01-23,0.017668772032239093,0.016474684083729443,0.006215693924763371,0.014510162443467832,0.012715346035532059
2023-01-24,-0.004977473076395607,-0.002635507807758265,0.006482844466282698,0.0017683828550570894,-0.0022590924604113916
2023-01-25,-0.00162548171081786,0.0011332573136274178,0.002490666633708312,0.002837574674050335,0.0009422500032997987
2023-01-26,0.004213242743131952,0.003432711303408651,0.001376733113041867,0.0015524954276103253,0.0008549264835913108
2023-01-27,-0.0004273590856599817,-0.0012679596574227715,-0.0052786924146215365,0.004296558229725243,-0.003232891707936292
2023-01-30,-0.010349370789019069,-0.010022875460757828,-0.0057358955219535485,-0.011358408799327762,-0.008945987296110146
2023-01-31,0.014354554601881907,0.015397444293026828,0.007657839473309439,0.0068240298564713085,0.015231693176773867
2023-02-01,0.011406748106718278,0.010121824431038906,0.005565174551145074,0.011278697210553941,0.008819171724026314
2023-02-02,0.009317827902589726,0.008713406589367194,-0.00032695298315288043,0.005377511013031909,0.006167087158462621
2023-02-03,-0.008073328722988944,-0.0064259630311802336,0.005899913187987229,-0.005054900862395672,-0.0065912121668797825
2023-02-06,-0.00721275183800971,-0.00854916709425323,0.0010097720989635352,-0.00910297811460868,-0.007783987696099643
2023-02-07,0.011713390084518865,0.010681586444505203,0.005622632212727404,0.011071615100714395,0.008782707645047075
2023-02-08,-0.01011536280074134,-0.010629520543231203,-0.006246332962247073,-0.007744633976323286,-0.008915635417241882
2023-02-09,-0.008970224665691216,-0.008198099971898977,0.0002808029165362871,-0.0014417003532849705,-0.007979802860583921
2023-02-10,0.005464558881131804,0.005300780043141836,0.007825471460077445,0.0028479369719075828,0.006341189562683032
2023-02-13,0.01044701547396026,0.010832190564016506,0.009351237199262693,0.010297479085797102,0.01039422565158983
2023-02-14,-0.0013435625552778488,-0.0007602703708538472,-0.006882594459138636,0.0011335289764452382,-0.002493346814388249
2023-02-15,0.00102032770184301,0.0033138979962808257,-0.0009048105508280282,0.00037741744473045234,0.0018253533877207653
2023-02-16,-0.012244851987832716,-0.011217855450289874,-0.010612548596962115,-0.012069490498775632,-0.010035669029640966
2023-02-17,-0.0017729437111423446,-0.0017829403266094589,-4.455750050351209e-05,-0.004500129292282075,0.0005179910382065594
2023-02-21,-0.02279974310537842,-0.02145499332943627,-0.009397886934257466,-0.014813549539311108,-0.01917241188178065
2023-02-22,-0.0036850924189694725,-0.002728475620517543,-0.003597221765948775,-0.0020049248364597443,-0.0026817575876404657
2023-02-23,0.0034155852222890887,0.0029835271265974267,0.0003017895505493377,0.004820451884401101,0.0009996626437417078
2023-02-24,-0.011242838230142526,-0.00869799707506626,-0.008445198612452824,-0.007032033620719056,-0.008306241420747568
2023-02-27,0.004829687856833036,0.0017266650377647363,-0.0009380333020514452,-0.0015679162790040511,0.0014617655065426254
2023-02-28,-0.0028303806966307674,-0.0034510099256411736,-0.0033792803635528373,-0.002073295588134234,-0.004479519345678203
2023-03-01,-0.0021193087715945854,-0.0008774236901970998,-0.003866546977416918,-0.004768242231539452,-0.0016422123743197695
2023-03-02,0.007979530145976906,0.0069448991968214455,0.002969179294392416,0.0026410335892280406,0.0071199343022317575
2023-03-03,0.009908084938062554,0.011359301582584663,0.0066467714190585215,0.007977797369069336,0.010637685629947484
2023-03-06,-0.0028896586086000677,-0.0031522584824354542,0.0010420936115760567,0.0037507372455257183,-0.002084302582387867
2023-03-07,-0.01743808309074458,-0.0174229778108173,-0.01660102400705946,-0.01734092481392119,-0.017514111438039576
2023-03-08,0.004951751323398145,0.004579025224784207,0.004357908221755144,0.005288131460203184,0.00312641116802559
2023-03-09,-0.015254276921651053,-0.016567742183433085,-0.014225030200619779,-0.012178160664736457,-0.015504977000939323
2023-03-10,-0.01318710585290481,-0.01342667742436596,-0.014516569949464937,-0.017016365770264854,-0.012033899240293352
2023-03-13,-0.004728917906094431,-0.007367344068167937,-0.0023678747550776808,-0.004044439339303586,-0.004344860931486214
2023-03-14,0.012460188661778667,0.014484033890939163,0.017868657176133236,0.017786711722002035,0.012369748435028374
2023-03-15,-0.01172807626612929,-0.014740728980608494,-0.01203234377216892,-0.009969201690694499,-0.011071999297014985
2023-03-16,0.01410714348909665,0.015039521831776984,0.005293830758304633,0.011826449892209587,0.01193672586269564
2023-03-17,-0.007172197548740711,-0.009888325538286441,-0.011797235982775116,-0.00845052326495577,-0.009274008719881521
2023-03-20,0.010859248410013726,0.012088951859704006,0.01926094957074351,0.01327866651514592,0.012457007468443247
2023-03-21,0.007064526958608673,0.009795597637706238,0.008102380208346183,0.011517519698269524,0.008197061368770228
2023-03-22,-0.017575158489237977,-0.016459535837195526,-0.01520172630646895,-0.014387017674157315,-0.015680879543532953
2023-03-23,0.0051249992371423525,0.004629406503217454,0.0024007455879991877,0.0073999820550551465,0.003004325456928178
2023-03-24,0.0034029133632887077,0.002652907907734794,0.0018328946428799973,-0.0027789324215935596,0.004722080492381097
2023-03-27,0.005084030801363555,0.005952829053807842,0.004861389762767113,0.0058128961544077215,0.006688118932322424
2023-03-28,0.0011924748665901926,0.0013518491640323797,0.004223207709657789,0.001967328493667149,0.002649650322014205
2023-03-29,0.017260896131089408,0.018536324103393044,0.011668580372384472,0.017901331912207864,0.015817626982667792
2023-03-30,0.006485897292418006,0.0062125998170023036,0.004096068158983683,0.0033456188548589023,0.0056128419578321395
2023-03-31,0.012895216064878518,0.011555417817360861,0.010083535042948906,0.006456734420017973,0.011542971940304757
2023-04-03,0.004112743331823991,0.005043414186549954,0.011853182138299697,0.012267446936461117,0.00679664963476906
2023-04-04,-0.00986070132783543,-0.009702820754015531,-0.009083477905968406,-0.009191709257885225,-0.006910980707323362
2023-04-05,-0.0021441215729552897,-0.002342326977345214,-0.0006408071967884781,-0.001812697838791975,0.0006595246034236599
2023-04-06,-0.0013496096391045036,-0.0024171616736028013,-0.005479738966253145,-0.004498159907014095,-0.001957567004344689
2023-04-10,0.007376485869572517,0.0069387656972039625,0.008893748169435995,0.013196644893738837,0.004744404719438754
2023-04-11,0.002179559332713614,0.0019185691762833585,4.45853737299218e-05,0.003534958193037648,0.0014298768265125208
2023-04-12,-0.003835209278327192,-0.004422099747565923,0.0006188227552772683,-0.0012002230557863454,-0.003412816175595425
2023-04-13,0.008021700918221282,0.007725072552223024,0.013405816936779245,0.013335192305874669,0.008671278450396482
2023-04-14,-0.0052151935036074916,-0.002232790680726769,0.002637511266408413,0.002587734249255673,-0.0027185677552718688
2023-04-17,0.005095809348898414,0.004579467697279831,0.006189381575768913,0.004905473879735118,0.004003096335676984
2023-04-18,0.0029472434335067795,0.0016904387427837252,0.012892705917100936,0.008563593816565494,0.002182242034748868
2023-04-19,-0.002979116726909775,-0.004622902643303633,-0.01187711711248532,-0.0096742230813206,-0.0038627776993454877
2023-04-20,-0.004477416528393608,-0.005256841898713048,-0.0036866502589444254,-0.0013076738689212887,-0.006262105162624261
2023-04-21,-0.0008426272028245183,1.1038934978311135e-05,3.232453545274228e-05,-0.0012657207069798576,0.0014922899458341638
2023-04-24,-0.00012994774222527315,0.00010448574066674742,-0.0011400360885601983,-0.0035244632702547607,0.0006197382245839098
2023-04-25,-0.01683658688758831,-0.016355931963676653,-0.015691973094027947,-0.014420306463508885,-0.013105731065207014
2023-04-26,-0.009407499890219304,-0.009162606511214385,-0.013191491764861054,-0.006531079431532004,-0.01061838561535574
2023-04-27,0.015080473410497869,0.018344779840123344,0.016405175474460472,0.017917468598682502,0.018346275010888147
2023-04-28,0.010943887973952644,0.009969083480187848,0.006806173509535,0.012433521136065183,0.008017277526569777
2023-05-01,0.00020372871751309746,-0.001933288263254437,0.003982880425661779,0.0014258907038585881,-0.0007477128299615619
2023-05-02,-0.009322874435189567,-0.010882874058374311,0.001978923154897289,-0.0060642197434093185,-0.009043045359323206
2023-05-03,-0.006601120864838936,-0.00736690740950095,-0.00419037552463049,-0.0037768123299413005,-0.006468309626580561
2023-05-04,-0.009034412743357517,-0.00928602884691012,-0.007697666613298615,-0.0070343188594791375,-0.007773481979022399
2023-05-05,0.015702860208327153,0.016219581637132722,0.018555275634096518,0.019970174184059643,0.014717873170046752
2023-05-08,-0.0008137662803961838,-0.0008955100428507645,-2.297084320046017e-05,0.001986431999630355,-0.0011067719638179823
2023-05-09,-0.003306465206710593,-0.004260962651252278,-0.002040879763026579,-0.0003172198938613804,-0.003957655360758119
2023-05-10,-0.002931116256485726,-0.0028591148433986906,-0.0014325292126756537,-0.004326099008622717,-0.002090703067075868
2023-05-11,-0.004960569112746425,-0.004787379852425918,-0.006145253206880889,-0.0037630848203906316,-0.005017754185443653
2023-05-12,0.0007501972544570048,0.0006755261255596957,0.00020695111714896916,4.56577362289642e-05,0.0012671326265806058
2023-05-15,0.01289504649661096,0.013464267624200355,0.004284500736632058,0.01283105744228013,0.009663685761186737
2023-05-16,-0.007653820757849898,-0.00887760010533425,-0.004056811020237264,-0.006609106355914367,-0.009166893278328748
2023-05-17,0.01347573952090351,0.01460951794738367,0.014105280698967292,0.012211366160429421,0.011604778523324139
2023-05-18,0.009884987451142652,0.009529774531916273,0.01055239554701767,0.01175611857350772,0.005909088252898655
2023-05-19,-0.0011048399460336694,-0.0013707334125721295,-0.0015950124029294908,0.0006318068751725193,-0.0002330458017857536
2023-05-22,-0.001536587476078532,-0.002242245779641051,-0.0016705593200757873,-0.004801518340880439,-0.0034204735002327765
2023-05-23,-0.010766899169502138,-0.008649265410687786,-0.01694191506227246,-0.020431619935681843,-0.009030686375473627
2023-05-24,-0.012504305391629549,-0.012889532691294663,-0.007267324861605066,-0.008487925323147466,-0.011605932369429172
2023-05-25,0.005468634886765224,0.0038141715284091523,0.006946648772793394,0.014863745003353824,0.00033583990634160116
2023-05-26,0.016441388459465356,0.018023354988273923,0.00994950194111265,0.014254860936944355,0.013551389166891794
2023-05-30,-0.001207194223515189,-0.0017401419436761404,-0.013097221913233401,-0.013657397362379229,-0.003641590935828439
2023-05-31,-0.0120116994517477,-0.011259656154091802,-0.016619274618398325,-0.01759430404812072,-0.009699807967349053
2023-06-01,0.01105410235422076,0.012022889475795176,0.011344163123499493,0.018089284002875933,0.012122205161228944
2023-06-02,0.02118678371553706,0.01839268170764854,0.02024224504761581,0.014877357807094744,0.016972326393438448
2023-06-05,-0.011820519884510609,-0.009319988100911638,-0.013492717475380073,-0.013002917906210026,-0.007685316646084107
2023-06-06,0.00423476095547704,0.00652371514228089,0.01399844712907781,0.012800690158988711,0.005070648697699231
2023-06-07,0.005932424112206413,0.007606064928765987,0.0007368593174096312,-0.00035168999897164334,0.006818686005426138
2023-06-08,0.004263429436128735,0.002504407539478466,0.0022163943724826584,-0.0018190879434374612,0.0028404335398831606
2023-06-09,-0.00022945053963223172,-0.00029485908114840225,-0.0011498565286883612,0.0009280764706701587,-0.00032771229790221106
2023-06-12,0.010694447178605215,0.010920266680496908,0.006144045072651428,0.009850338408608796,0.008409204855290384
2023-06-13,0.006677242510009755,0.008103971437964232,0.0005887568149292894,0.001542580967971672,0.006655831548044808
2023-06-14,0.0002536825649167413,-0.0012841621614591845,0.005924317810642003,0.0018085658165122843,-0.0010243825860956303
2023-06-15,0.013819570480632596,0.010954735603440322,0.013524765396296767,0.011432985435815776,0.011906387790224978
2023-06-16,-0.0017013282051785146,-0.0017809038824374568,-0.004043431699559741,-0.002055595631212954,-0.00045169861490127145
2023-06-20,-0.01135621700656608,-0.011385822622333716,-0.005882894452435721,-0.006605223716022688,-0.010147559591115473
2023-06-21,-0.004341348172020683,-0.005713004405084567,0.009038736969036372,0.004561507898466696,-0.0033656429250292384
2023-06-22,0.002026799204374238,-0.0005164020656242435,0.006098560967494283,0.006246153437529399,0.0004981229415860946
2023-06-23,-0.005576926856366014,-0.006549703453453276,-0.0032544102517615085,-0.0032004254658216384,-0.006326323975493249
2023-06-26,0.0012787513654936786,0.0034962853246565816,-0.002547109128159309,-0.0005790068423386706,0.0032538927591522705
2023-06-27,0.012334031488422739,0.013422492227797246,0.005158844460033961,0.0076143233486947026,0.01071335381830087
2023-06-28,-0.0011897688868637642,-0.0011791211892494425,-0.0014453192235742824,0.0005158840166427769,-0.0013089581062310362
2023-06-29,0.008038204617547007,0.007070696991671591,0.016219650899908823,0.011073238099937228,0.006805072616491936
2023-06-30,0.009296046076185002,0.008727170924201248,0.013376293442568972,0.011015985039125816,0.009276214668650827
2023-07-03,0.0014406245171042658,0.002464884438471048,0.0022093405649191785,0.003172382493520177,0.0018885020468640574
2023-07-05,-0.006146543983645796,-0.008142012855656322,-0.0028741423615377846,-0.0045882976364275165,-0.006415005908239108
2023-07-06,-0.008588342350935734,-0.010180460981497634,-0.006263367334314543,-0.006878914657607477,-0.009301964349852712
2023-07-07,-0.0015152837574965215,-0.0005840280249602373,-0.008031332395359678,-0.005323509089844303,-0.0022629360417608948
2023-07-10,0.01089975702047994,0.010076711808052342,0.011861972444839794,0.0125880373353461,0.008506541015161163
2023-07-11,0.009819491940743257,0.008617760333419641,0.01128095251528703,0.009851402885158535,0.008121754645747822
2023-07-12,0.002598564992163699,0.0046594144671730925,-0.006639062971030078,-0.0021426167833549664,0.0036052445100815973
2023-07-13,0.008256659843954538,0.006839858506329321,0.009897955496517445,0.010098746043128975,0.005978148221426745
2023-07-14,-0.0034928516186214465,-0.006875702302077869,-0.0004790001648791655,-0.002000336560913603,-0.005846472722197473
2023-07-17,0.00010062613003984861,0.00269715300238721,-0.0004242976353968376,0.001079881425114078,-0.00022738393921843962
2023-07-18,0.002396372825144305,0.004893495789354729,-0.010845114717899377,-0.008041626184598156,0.003027974812260176
2023-07-19,0.0017863630831754752,0.00229505860020711,0.00025557412542514136,-1.6335459014492836e-05,0.003361560074469817
2023-07-20,0.0009361574814930468,-0.0012230571154944378,0.0004900945895685237,-0.0033287424444572488,0.001441106593203636
2023-07-21,0.0036527344799529016,0.0034332852514225663,-0.0006336501006988563,0.0006072493456510103,0.003947764635959568
2023-07-24,0.0029342331322919943,0.00301448697872912,0.004917494537891122,0.006712618232753209,0.003376808957555617
2023-07-25,0.002538040421775067,0.0017646067634765502,-0.0008153759456306331,-0.0006013294203212272,0.0005139841826159017
2023-07-26,0.008185511640236759,0.0018540455017286238,-0.0018427415913731867,-0.004005265091499232,0.0026448294090644334
2023-07-27,-0.0019223333792998166,-0.0008071748912977124,-0.009874581998094411,-0.0031765495449089603,-0.0038151576682174367
2023-07-28,0.006066366135891886,0.007445761150726711,-0.005152298814570321,8.621350798617561e-05,0.005045729387801634
2023-07-31,0.0027050393443786036,0.004185259801775011,0.0006174210960441129,0.004415528367392905,0.002924940739193614
2023-08-01,-0.0007759263376497748,-0.0013542886964764663,0.006422244461223808,0.0033414992809008203,-0.0016598104075627096
2023-08-02,-0.01281296918632912,-0.014143763438432915,-0.008954366583330136,-0.014255905581235174,-0.011702746738732728
2023-08-03,-0.0024858711762700413,-0.0008708741901682328,0.003559110383913334,0.004834670255357287,-0.0013818150459200236
2023-08-04,-0.0013764056647816267,-0.0024742605123421403,4.581032683191339e-05,-0.0017074001287707057,-0.0029074736784669543
2023-08-07,0.01031156418305347,0.00993046686956814,0.018928723410878492,0.01371444020480422,0.010179156990237878
2023-08-08,-0.0033616530978323924,-0.004957599004488953,0.010173396668338129,0.003441101659158407,-0.003684670375623188
2023-08-09,-0.005176541417626787,-0.005600784097053817,-0.0035826287914543804,-0.004073030030533784,-0.0038426932408477505
2023-08-10,-0.0019049597418141007,-0.0031037246212176823,-0.002415702062677159,-0.0038206597929047142,-0.003622788333590356
2023-08-11,0.00025745148675524756,-0.00036295672822742736,0.003310787951927086,0.0018412426000929906,0.0016331103956351448
2023-08-14,0.005001888453981644,0.005475626194900991,0.0002610795630670705,0.00847043055211498,0.003547841907536835
2023-08-15,-0.014374010833311692,-0.015568061184051234,-0.01221451273596876,-0.0152451314794476,-0.014412838305910003
2023-08-16,-0.007714923445723121,-0.008179789671291857,-0.004861251113299511,-0.005119084003471698,-0.0069982070364742145
2023-08-17,-0.0052227976491790685,-0.003929490512722126,-0.007507190933277369,-0.007132446452068423,-0.0032686443207791934
2023-08-18,0.0006786551352767565,0.0022762574784846055,0.001920676209158282,0.002452552959340848,0.002053861456790221
2023-08-21,0.0021813867310080948,0.0019086656260045927,0.006931873011651891,0.007011943833787288,0.0004656471375454232
2023-08-22,0.001007487960963574,-0.0016397654273640682,0.003417370621338096,9.416769025388376e-05,-0.0006954791545290282
2023-08-23,0.009572130943956442,0.009117851289952603,0.01039961947241056,0.01213004874813612,0.008342185148072851
2023-08-24,-0.014523262555957787,-0.013643635923624851,-0.0063176216420877725,-0.011896610587498366,-0.011922985248432648
2023-08-25,0.006870300253726035,0.008175164392459237,0.004136035128398431,0.004402364412242123,0.007608677588803294
2023-08-28,0.012531942370067852,0.01122717606515506,0.009599335825253795,0.011596109433612127,0.009262771611491246
2023-08-29,0.008298782750450977,0.01054142362402022,0.0008697500663787008,0.005116736670880856,0.008769385135959245
2023-08-30,0.0035351061699225445,0.0028475280074966064,-0.00043395769607695465,0.0013673327379782115,0.0024507901330681177
2023-08-31,0.001326760260755098,0.0008302173928136081,-0.000980133765105705,0.0025216662574161844,-0.00027116063762986216
2023-09-01,0.017889901880261724,0.009205650701284616,0.05790257393211645,0.04777175380550647,0.011539338092446068
2023-09-05,-0.009548035844097438,-0.00852584096322313,-0.009511335154440496,-0.0073090589324411965,-0.008365711558925045
2023-09-06,-0.003192889148692009,-0.0033675281311295177,0.001621653910921452,0.005637379961360701,-0.0029900717004248977
2023-09-07,-0.008671729535223289,-0.00704739204841435,-0.005784968087379543,-0.006055298221106209,-0.004754419414313515
2023-09-08,0.00017852711218984283,0.00035894577353127793,0.005973650541443848,0.005098050438585916,0.0011329266354677843
2023-09-11,0.005009708361849454,0.0020182033969187744,0.008421003205736959,0.004358572279098265,0.002961097469770761
2023-09-12,-0.005500338661594045,-0.0035349552934583173,-0.009576089529574004,-0.007292609405309793,-0.0039041545396912274
2023-09-13,-0.0010995149481228623,-0.00048695784430395015,0.0018631802129004463,-0.0015986466274369613,-0.0007052495784862649
2023-09-14,0.006842439211135448,0.008194037575216471,0.004578682477000225,0.0009401643807118382,0.007510370867433575
2023-09-15,-0.013207253290313699,-0.011851610959697617,-0.011642677982247749,-0.012193882001364335,-0.010776174457919774
2023-09-18,0.00040988913819885566,0.0005655197672304291,0.004308168875301209,0.005474941227228113,0.0005822454341211621
2023-09-19,-0.002154950654721668,-0.002605553004247108,-0.0005241433596070625,-0.0009873513449795068,-0.002052759836343634
2023-09-20,-0.003445596092684542,-0.005184039227991305,-0.006410486123207813,-0.008009195178787417,-0.0040724272255894586
2023-09-21,-0.013238910889533662,-0.01442690521353532,-0.012017127714342586,-0.017038887321618894,-0.013412588170798791
2023-09-22,0.00011553607216788035,-0.0012379639255219244,0.005092970215634569,0.003684395189060348,-0.0017217555715826163
2023-09-25,0.0008775540214776736,0.002112050797823588,0.0002701403353880572,-0.001146649385045511,0.0014366829422555736
2023-09-26,-0.013263273502679262,-0.013034206126578303,-0.013391592101699271,-0.013833386936269681,-0.012306715337299014
2023-09-27,-0.0022051155946359903,-4.215469074487707e-05,-0.004653338223381961,-0.0032149310991748353,-0.0020726163443262574
2023-09-28,0.014089052078670032,0.011967418175065659,0.006025298567750983,0.004960003651096338,0.009351998740536238
2023-09-29,-0.0014862492649638371,-0.001123355250997933,-0.0031431990413857687,0.0003776770349493559,-0.002004943261107949
2023-10-02,-0.0058198617774973165,-0.006200042657276526,-0.007432310200273986,-0.0059697113668578244,-0.007542859377407302
2023-10-03,-0.010318682215898455,-0.011644509312601796,-0.0077824733577208614,-0.012892159581475373,-0.011113764172663534
2023-10-04,0.004158466129003195,0.004222942136598694,0.00492381951571472,0.005353163180214335,0.0029715874941630737
2023-10-05,-0.0023320520617509484,-0.003954323876611978,-0.0071274493247019755,-0.0028911254183160992,-0.004864750080453568
2023-10-06,0.007496482384087389,0.008099464916779243,0.006879439424209367,0.008782141733115636,0.007085124854047034
2023-10-09,0.005087817324945216,0.0042907423722798165,0.017520824328408482,0.005738526939642782,0.0052401528971244135
2023-10-10,0.008022585066682986,0.007792123589609835,0.00805387308131703,0.008261712980817196,0.007609005402409338
2023-10-11,0.00575677046133923,0.003566582369280933,0.013095523844280043,0.011072926433546121,0.001526767223276881
2023-10-12,-0.00806272027186792,-0.006359929814126098,-0.0079738748021178,-0.006975860483100401,-0.007420071779388614
2023-10-13,-0.007940388723799376,-0.007227018294409757,-0.003949122517579416,-0.0064697146675376255,-0.004462086006856543
2023-10-16,0.008068158178205305,0.008075656296085462,0.004511743228382808,0.003816236897186393,0.008157545702221
2023-10-17,0.0011620677180034914,0.003189240451876888,0.0022595639735045305,0.0030022894629056144,0.0034171693404041717
2023-10-18,-0.011221781663178363,-0.012452644351091892,-0.014633278974375635,-0.014474655574372119,-0.010625142402859472
2023-10-19,-0.009723359484596744,-0.010671698800679492,-0.003935305883097849,-0.009845667384165717,-0.008372005668397856
2023-10-20,-0.009429337030568618,-0.010254936005593525,-0.012309153979948322,-0.009079384823672279,-0.00826092009133432
2023-10-23,-0.00663332207653532,-0.007457305763507734,-0.0008353882696027393,-0.00158908509585403,-0.007257988783855214
2023-10-24,0.009019619513161301,0.008657926973501545,0.007562896430123593,0.018693571489808106,0.00819619795751678
2023-10-25,-0.012149000816671217,-0.01385637447144793,-0.0013611470929670902,-0.004782621874646032,-0.011200427842682829
2023-10-26,-0.013444882470338234,-0.007415136671225772,-0.024007409003517326,-0.020431662733724282,-0.007396549519428128
2023-10-27,-0.0022763236311234055,-0.006634750285079659,0.0019767036897048494,0.0009195441416666489,-0.008685374863188416
2023-10-30,0.015133279451568591,0.011863352829886209,0.01196058216520884,0.012004457609836238,0.011567100155162352
2023-10-31,0.007888717423183369,0.008730804455529742,0.010131404522725939,0.008288665402275892,0.008663948492391174
2023-11-01,0.007286817792258812,0.005715210144898185,0.012148437730693863,0.013882027894371568,0.004971792873217707
2023-11-02,0.017236712939980067,0.02034531525744045,0.008267861007264257,0.015694033685223298,0.01831106403231788
2023-11-03,0.009551072403533267,0.010766758131410682,0.004776305726631897,0.007983444320176801,0.008802412956823994
2023-11-06,0.001383667273488654,-0.00024171242127515055,0.009209694716022785,0.010619997433944064,9.459214865231811e-05
2023-11-07,-0.0006465977648488563,-0.00046777628558220934,0.0018714723104825024,0.001002455127559444,-0.0014851354479900876
2023-11-08,-0.00039627256791967107,-0.0006921074057843737,-0.00029734193068816934,0.004395268173861602,-0.0018732289270247532
2023-11-09,-0.0066643710883565405,-0.006593412283538089,-0.007430115978206199,-0.003702159275919993,-0.007236615296171733
2023-11-10,0.016172654302346247,0.016568916514746596,0.015285321325242737,0.016569458859864623,0.0139765329239506
2023-11-13,0.001116373493289235,-0.0005594456883011245,0.0003967067087696898,1.8380478140846384e-05,0.00020657335640533563
2023-11-14,0.017709984554203445,0.0205023107058868,0.005206341905880116,0.009979800504538918,0.01782607068505354
2023-11-15,0.003314812742752162,0.003516323424900967,-0.005285458842188655,-0.0030265005788847497,0.0026672886982766126
2023-11-16,-0.0008117682148681778,-0.0009777355631071629,-0.001302423427833716,0.0005021706035877664,-0.000539085601807183
2023-11-17,0.004850893794752042,0.005193353051126984,0.009231760087436983,0.006221605876456248,0.0044578753797192075
2023-11-20,0.006970246032251084,0.006080739954391063,0.001364664333312133,0.002857306712803011,0.00506705123185836
2023-11-21,-0.0043229722828964,-0.005167656461422663,0.00439378455993299,0.0013113469405584346,-0.0028505799574365933
2023-11-22,0.006291989083225926,0.005242338574433564,0.007967041852381484,0.0072730995342864145,0.005478271460959911
2023-11-24,0.0016232331237010672,0.0021069290213508464,0.0008799041081677222,0.0009151801762995264,0.00206653689222693
2023-11-27,-0.0025370041092512155,-0.002169097933969241,-0.007012741749478703,-0.0020556883537988136,-0.0025176996265628723
2023-11-28,-0.00048144283621125226,-0.00036628814280534956,-0.0026906817686211636,-0.004604031185552848,0.0007705862379708512
2023-11-29,0.0004846015596623697,0.001698256727011137,0.004998684144094304,0.006037811086952354,0.003284045144334418
2023-11-30,0.010018929763322474,0.00838936392302452,0.012406100102439678,0.00910326284720782,0.008918526589999825
2023-12-01,0.005252791919201641,0.008135445800818507,-0.012557037916651045,-0.009474044849305481,0.007074443999699526
2023-12-04,-0.003057823926970629,-0.002348028303326971,-0.013510258554088203,-0.014072277217529352,-0.0017866919686977498
2023-12-05,-0.0056783391392500535,-0.006814580464301419,-0.0023596199906953655,-0.002829294802469207,-0.006529752520478981
2023-12-06,-0.0010623861954187131,-0.00307905375888543,-0.0034432794867727094,-0.00607181857726832,-0.0025596448071965377
2023-12-07,0.004721884225485997,0.006156780495797895,0.003024078827866078,0.0057999577655469875,0.004564816977249782
2023-12-08,0.0047277825881471515,0.004390654775126364,0.002723618452149868,0.0017032654054057392,0.002673981140392109
2023-12-11,0.011575366265335642,0.0120261483949881,0.008074891023722329,0.01062587996077754,0.010006887122077104
2023-12-12,0.004791175559158246,0.0029566451266701916,0.010916681941108348,0.008542920364500408,0.0026977211653397746
2023-12-13,0.011229183024891818,0.012253619088149478,0.005221675400513821,0.007301376224775635,0.012247647072800748
2023-12-14,0.015810680678731853,0.016958109429468047,0.006093612835545694,0.006880968740509839,0.01280550720390784
2023-12-15,-0.002434193590131547,-0.0020843478629530574,-0.007540831537752719,-0.005454724202268937,-0.003439550599201942
2023-12-18,0.001037875980275845,0.0008058598973471158,0.012065397923832459,0.009041477567078135,0.002603273579497986
2023-12-19,0.005671587580005181,0.00715242552369468,0.001815068589622487,0.006439468925423771,0.006180577970238731
2023-12-20,-0.02124865381115286,-0.020644770132081804,-0.013137494700900663,-0.01741435447520427,-0.01917015785846079
2023-12-21,0.01634274621803432,0.015859043138479828,0.019310815561092886,0.024917303339363202,0.014376656038493172
2023-12-22,0.00377017913173286,0.004449031804663282,0.0035455625352027805,0.0030794215041806943,0.004500534892289413
2023-12-26,0.0075891951841471,0.008001587145936784,0.0067881250476442,0.007487093996746992,0.007215017715359187
2023-12-27,0.0008354659081156063,0.0012120290280803721,0.0012431484543751407,0.0014961248770518861,0.00135825894032494
2023-12-28,0.0019299326974846678,0.0008616640130834187,0.0012572537467581287,-0.00033961934950134127,0.001009428038185437
2023-12-29,-0.0022772736728730206,-0.0025598231439462713,-0.00029113165117878947,-0.0015887258933002782,-0.0017610594426315062
2024-01-02,-0.008985545634045484,-0.007096893541034502,-0.0077360451693569785,-0.012409696865755115,-0.0041635769306178246
2024-01-03,-0.00827393736216318,-0.009062185513100233,0.002680550647355022,-6.56056341620209e-05,-0.007428791964772134
2024-01-04,-0.0009200673039050902,-0.0014708334401679563,-0.00019354037711657762,-0.0002568133105827562,-0.00044979526657781506
2024-01-05,0.001380667850021329,0.00273132431338221,-0.002942046854201388,0.00018518854812800693,0.0018753372130509431
2024-01-08,0.007116694608477699,0.00798104157561973,0.01510823603367437,0.01606352608050634,0.007684320303808794
2024-01-09,-0.0032331662420572054,-0.004578134855760889,-0.0025092366278364193,-0.006307540133796285,-0.004168170796912618
2024-01-10,0.0035451998281325137,2.2616541700467944e-05,0.004498919009017391,0.004657500961802782,5.5844659570202914e-05
2024-01-11,-0.0009730182358873754,-0.001953628569988651,0.003595474606852722,0.002375099041501228,-0.002357543109017306
2024-01-12,-0.00043549700476994905,-0.000614113370564322,0.006349916840535318,0.0016137797381214757,0.0008610276515969812
2024-01-16,-0.004907587618212618,-0.00584703790798485,-0.0027430116630677336,0.0002962308434128311,-0.00661085405969421
2024-01-17,-0.005527955309239494,-0.006433050201749096,-0.00874863712882609,-0.006388860103969693,-0.005673817751173907
2024-01-18,0.009651828686626156,0.00808069959743344,0.007708168469716025,0.009354540845243136,0.006041669979921439
2024-01-19,0.014523386842769326,0.0138679376289246,0.017232456665669846,0.020172294751939657,0.012045657996979275
2024-01-22,0.00029522647974220017,0.0026694725435591985,-0.015093456927844284,-0.0007164360270504547,0.0009432910154969136
2024-01-23,-0.004228939608109457,0.00044052587643732017,-0.002664260399051193,0.0032795389759540114,0.001490496874018653
2024-01-24,-0.008588061390860241,-0.006463673102951705,-0.0024778770805483235,0.0016661292493856139,-0.00832439083172292
2024-01-25,0.006878015389143732,0.011438177164355526,-0.0007293845292372025,0.00413150236306492,0.012439145049594248
2024-01-26,-0.005565709383068777,-0.0035094072893687295,0.0019049754678555938,-0.0033475462898471782,-0.0019433229369361235
2024-01-29,0.004626010057400137,0.004307525480845103,-0.0007520493824224577,0.004871515009880072,0.0038545349045251568
2024-01-30,-0.00023973039584617665,0.0012006028609765661,0.00812722781936532,0.006797388786043265,0.003292431408610762
2024-01-31,-0.006727155677517669,-0.008164844872020093,-0.007895117348258271,-0.010069834863741748,-0.007208815957539679
2024-02-01,0.012655918315137009,0.011697288246371854,0.01891919793475718,0.020585066638812006,0.01290886180812582
2024-02-02,-0.001507945138157196,-0.0007228739549420117,-0.0009788983141892542,0.0011700213632901803,-0.0026533120355381845
2024-02-05,-0.005867244644961745,-0.006091777900139286,-0.006819390957242685,-0.004512891050702893,-0.0071584726213188175
2024-02-06,0.004093468459558502,0.001987598080199983,-0.0025588590333921733,-0.005272613817956728,0.0026912605178399805
2024-02-07,0.003000474364918459,0.003090791917637675,0.000496123817292961,0.005952787586716621,0.0022159287199246614
2024-02-08,-0.0020690189338051232,-0.0001225799897193542,-0.0023627347693535904,-0.0032152647820875933,-0.001244710384253737
2024-02-09,0.004446401268984394,0.004563251037622921,0.005111906887259123,0.005806635352047574,0.0020882858960581986
2024-02-12,0.004901238076722558,0.005134701790575525,0.0036208054678815577,0.0014309893958988668,0.005402002749379546
2024-02-13,-0.014979844778272182,-0.015920212068955414,-0.008720125577637773,-0.011376845753709178,-0.014253113175829103
2024-02-14,0.008461242974764789,0.008402146654981638,0.008822344871955618,0.010884119805038868,0.006785847370942752
2024-02-15,0.0044058605987623446,0.006843661337727582,-0.0019694228091663253,-0.00045345847312397046,0.0067595739543962205
2024-02-16,-0.005774972540893831,-0.003142833332536604,-0.0004054859948764613,0.00044323932517180897,-0.002334784611660396
2024-02-20,-0.0021320473742418885,-0.002204757833870089,-0.013323214367897247,-0.01003418617184302,-0.0011267616838909343
2024-02-21,0.0037315285524548696,0.003710487547405443,0.0051100842839924936,0.0020325337220930633,0.004269056943157842
2024-02-22,0.015507878264132718,0.01096483801480549,0.02862264517209186,0.030451853058294412,0.009337555707175552
2024-02-23,0.004718100810692273,0.00312136166618464,0.010181112705985536,0.00764688371313178,0.004017018463743325
2024-02-26,0.0003888212733053215,3.370548620015867e-05,0.00586648856933729,0.00885142942358988,-0.0013570190597694464
2024-02-27,0.0014180857418059803,0.0015179054459953769,-0.0032812173378824025,-0.00189070211191105,0.0011597766430676466
2024-02-28,0.0034850512374451454,0.0011828001589882457,0.008186352465669237,0.004488390306950026,0.0020855297094920146
2024-02-29,0.004269484684336528,0.005638024784095131,0.0011997770708388927,0.0028563142197100063,0.004383801706975523
2024-03-01,0.02759174155760654,0.016928199951869883,0.07888025289873238,0.07069577724279821,0.018572262654020174
2024-03-04,-0.0005926447358463456,0.001989036236083418,-0.008702127055794935,-0.007234299424941155,0.0009047292162655065
2024-03-05,-0.007177493414292874,-0.00581843119682551,-0.010625131686894296,-0.012136533267123686,-0.004803444331929907
2024-03-06,0.0062122349412735665,0.005540854384818366,0.005122334923252746,0.0065134368109940576,0.004869909840423395
2024-03-07,0.007091097313563456,0.008517708394375155,0.0037635311243443357,0.0065554414941812605,0.006724877899796132
2024-03-08,-0.005722888400914609,-0.00481740833905743,-0.006186700065527136,-0.008450215518439549,-0.0033846946265370798
2024-03-11,-0.0008009950579953226,0.00044234316082315204,-0.0004695608056589027,-0.0021067538466804604,0.0019338265633265786
2024-03-12,0.0040642284384986085,0.004197622309344906,-0.0029382488129311357,-0.00011219323874819744,0.0024337661130619877
2024-03-13,-0.0009485602310185049,0.00032135943901241476,-0.006293375842794047,-0.00754500314774284,0.0008044543194577589
2024-03-14,-0.00882608751138785,-0.008214550255193737,-0.0074831703150383296,-0.008924361893185344,-0.008358015905299266
2024-03-15,-0.010408072656308592,-0.007754177192692763,-0.0016553804034209023,-0.0014610218013116774,-0.005357344733364546
2024-03-18,-0.0016351626502229617,0.0006132043517178028,-0.0005057421971132489,0.0022685344081279173,0.000242898441261774
2024-03-19,0.004944856246339736,0.004355545954977514,0.007057676436038303,0.00833390450171725,0.004792477203893966
2024-03-20,0.012229851042404129,0.01143352265215667,0.015304815638870322,0.01304590487312051,0.009781231359247577
2024-03-21,0.012064976013493187,0.013041023921028995,0.008248267850667783,0.01914097715994017,0.010388246293435627
2024-03-22,-0.0038855301244274873,-0.0045272541808454685,-0.009215350327487843,-0.010416301211469192,-0.004705997185408994
2024-03-25,-0.002123961641617652,-0.000789549403389337,-0.0014449394315262573,0.002156226924137885,-0.0006021323728860684
2024-03-26,0.0031767604140795643,0.002735906080008962,0.003396198446703419,0.00898711294471232,0.0039248529192355
2024-03-27,0.009788757463174567,0.013373473245813255,0.000595829383154827,-0.0005926065377733936,0.012604860378299266
2024-03-28,0.004442498473665084,0.0041508630284652894,0.0068444929268893645,0.0042010337181053875,0.004862835960494831
2024-04-01,0.0032415437695339777,0.0016410290994133474,0.008325870740867828,0.013537917672012595,0.0012381056768783869
2024-04-02,-0.007464987551694585,-0.006089194345784433,-0.003458992144136305,-0.003862343264684894,-0.004446821239563827
2024-04-03,0.006825847277500194,0.004046648317080639,0.02001979445939599,0.024065855906038408,0.0030684688305236854
2024-04-04,-0.01117758617119943,-0.010508296694948785,-0.00836008231223244,-0.00801987005163913,-0.009183812532495228
2024-04-05,0.012402414510848328,0.01038541484742448,0.020372215601420697,0.02140370651288901,0.010395324879185134
2024-04-08,-0.002544115917676828,-0.0003140730961614874,-0.014165566479397084,-0.009956488545315173,-0.001655599520236052
2024-04-09,0.000182200742317495,0.0021578543528494054,-0.012825622041423968,-0.009898534948207489,0.0016935359112516832
2024-04-10,-0.011398560909196897,-0.012053507485495597,-0.004577391657030451,-0.00460499030956171,-0.010773488841090396
2024-04-11,0.0035979192724238346,0.0015702468165924043,0.002879270565970777,0.005224282146849178,-1.5180166798434711e-05
2024-04-12,-0.017671224611162023,-0.01801762953477463,-0.01908432479267081,-0.02064724742199576,-0.016491119339105118
2024-04-15,-0.005217533806546235,-0.0035724367338720404,-0.003043928426926768,-0.006725613592464661,-0.003018708320922981
2024-04-16,0.001152353927872178,0.00045091453106086305,0.007992780114117446,0.009103458337752895,0.00012819451359880583
2024-04-17,-0.006170130066522501,-0.005851754105962502,-0.004081444421685817,-0.007372251842202709,-0.004028039432777367
2024-04-18,-0.004942769564040259,-0.0038049968584890257,-0.008040510373117472,-0.009410636031921597,-0.002708306503328573
2024-04-19,-0.004697349367536551,-0.00248585861682253,-0.0037499259318293982,-0.011518464929681962,1.454279700360741e-05
2024-04-22,0.007249965757851085,0.008291053043592234,0.0029252506628195756,0.007279302818470839,0.007161548485225464
2024-04-23,0.013429849842709188,0.01445468576634242,0.017495374555140414,0.02155614473483737,0.014019605527258065
2024-04-24,-0.0009832419764819582,0.0040115935639450945,-0.002916272328337958,-0.001299446004794169,0.0044114482971087995
2024-04-25,0.0057735361553795436,0.002659964171499531,0.010777072162172743,0.013190637043751844,0.004523359886673169
2024-04-26,0.003054536477329689,0.002881044542880583,-0.0009327855804261605,0.003559495412413293,0.0012584795207982234
2024-04-29,0.002939461266475935,0.00341722451298256,0.006831419085798039,0.004266953917879212,0.00342511468337022
2024-04-30,-0.011086897328096286,-0.013275068254672544,-0.015150982549021568,-0.014834564687293036,-0.012219274640145439
2024-05-01,-0.003676609514944485,-0.004779408296397495,-0.020896813519049793,-0.019522599126471026,-0.004440711127361831
2024-05-02,0.0074266206935139955,0.0064602897860994175,0.0022761026032134496,0.012508276703706777,0.005497815324329452
2024-05-03,0.006285344226052491,0.005984713486086436,0.00707005061986878,0.008290624836010771,0.00451810237106223
2024-05-06,0.009190859107415128,0.010250858459337167,0.016565227758581838,0.019788862341464923,0.008690413424028048
2024-05-07,0.000566634919849423,0.0017991043728208742,0.00048236445443374003,0.0011714310750279412,0.002439057809989377
2024-05-08,0.0035996604387899703,0.0020612822891922424,0.009455660513887238,0.009084295420754878,0.0018946543268233394
2024-05-09,0.0041545777756877775,0.005017366064803286,0.0016400352615799911,0.002171954915575115,0.0053851908541896355
2024-05-10,0.0030383632241901388,0.0029786916446046924,0.006308804311640154,0.005565699505825454,0.002798564455687512
2024-05-13,-0.0015842702104368431,-0.0013219963755270263,-0.0014091983940878869,-0.0063194034053580764,-0.0014158629807084796
2024-05-14,0.003626824044622685,0.004037365026590669,0.003094981271070555,0.004678994377841638,0.002382399397607671
2024-05-15,0.017506011054805835,0.012234492133395187,0.03661056093454464,0.037167306567186156,0.012582125398898298
2024-05-16,-0.002950536651326558,-0.0035878489869957462,-0.006056421377972885,-0.008360431658016117,-0.0024864037738722322
2024-05-17,0.0013176087709636146,0.0014646993524000064,0.007525537184406991,0.004688538270592808,0.0022908623142692017
2024-05-20,0.000492731117156339,0.0023357431418078033,-0.007571460914381476,-0.00437645705625786,0.0004508839616094596
2024-05-21,-0.002481703649297836,-0.0011115544195740082,0.003959566421438878,0.001538911851367365,-0.0010473029596593264
2024-05-22,0.000525454994376695,-0.0004125457724737977,0.0049742838849836865,9.419015003938138e-05,-0.0010250277359504674
2024-05-23,-0.006393878005776837,-0.0091284268830044,0.006073597041823453,0.006199134084982731,-0.008411558139811003
2024-05-24,0.007727355561296726,0.0066662820915243184,0.01518924907114841,0.016479694007105535,0.005852866010398551
2024-05-28,-0.001277628924346579,-0.0023641128503018747,0.00025175373289310337,0.006785804779706949,-0.0036445801730769097
2024-05-29,-0.00106058737472452,-0.007627214217333594,0.024008118548188892,0.016491928696857512,-0.005327738605318096
2024-05-30,-0.004071766141227296,-0.0006825823734846786,-0.015946030906574656,-0.016391625821710682,-0.0002981212102574108
2024-05-31,-0.008272913983482712,0.003473639116076104,-0.05943938873028612,-0.04825761366615149,0.0009682187946981171
2024-06-03,-0.009153280593247073,-0.007765704555233765,-0.023596555795558322,-0.017600445496214884,-0.007703780055975499
2024-06-04,0.0012818323189182743,-0.001359452561461135,0.011962414454926733,0.006871207436138732,0.0001203162049902241
2024-06-05,0.010399940752724591,0.010177532321710113,0.005278466793865551,0.013534033361151328,0.007655738503400835
2024-06-06,-0.0027922638774231165,-0.0020617742402177764,-0.006369891015362265,-0.0074881767374684535,-0.0004445342516101224
2024-06-07,-0.0013704888653635527,-0.0013971453034877315,-0.006022694419334912,-0.006090200906462097,-0.0022382398319596097
2024-06-10,0.0072374920673825855,0.006798565529855805,0.00790037208148149,0.006395171586301179,0.00593016744401287
2024-06-11,-0.0043479696296071235,-0.004261464011858888,-0.004950289131668377,-0.0032555574331128542,-0.0034977688343228335
2024-06-12,0.0037321255974481606,0.004278914867831754,-0.004162466489145343,0.0013761096061628134,0.001120014540476653
2024-06-13,-0.00034590149142367716,-0.0019915014919447134,0.007681990107772251,0.004324456985908489,-0.001261051397033721
2024-06-14,-0.002742302963362093,-0.0023164856906976485,-0.0025640776488909827,-0.0037213682754590575,-0.0014690440365068974
2024-06-17,0.01281184148580388,0.012195228656372195,0.019289886879138657,0.023425291462273776,0.010970722088464053
2024-06-18,0.008510998758034677,0.008024096820639287,0.01854951960721794,0.02020659745912427,0.008035668601777991
2024-06-20,-0.003568766358975541,-0.004527516066831226,0.007755012966241468,-0.0043187687116869305,-0.0003250764486839061
2024-06-21,-0.0009958220618131615,-0.001750315319318105,-0.003060282308451011,-0.010083128927376204,-0.0010811315075085798
2024-06-24,-0.004628088230266016,-0.001047718354699949,-0.012273589553296013,-0.015617615673859829,-0.00025203053367004336
2024-06-25,-0.0034119722592634216,-0.003939358694175804,0.000729117709592118,0.003745170452997471,-0.0051120776808224
2024-06-26,-0.0018827811710629588,-0.0028280287293106048,-0.009306835699894756,-0.005749105713452104,-0.0035772841588726486
2024-06-27,-0.0009019969603831892,-0.002852518093520382,-0.0030815167405682017,-0.008281153716194114,-0.0014378892970042117
2024-06-28,-0.0009037857621488752,0.002333808015185742,-0.004635918087032911,-0.006936308115540974,0.00048049395130711064
2024-07-01,0.0013065397868973197,0.0006013637835497223,0.008548944244226489,0.00847265811560268,0.00044153106394298556
2024-07-02,0.00591747128127987,0.005865886716607496,0.0052391569667212855,0.009887336105716845,0.004941488641345328
2024-07-03,-0.00039980953977343406,0.001599851245940638,-0.0022333201674990524,0.0033720908557512905,0.0005795335799985526
2024-07-05,-0.001616606648331344,-0.00225305521571957,-0.009969640442631746,-0.009205929896544944,-0.0010694608411792434
2024-07-08,0.006411096738774667,0.004719448378439406,0.01499069881169357,0.010372790809071053,0.0040886464571064495
2024-07-09,-0.0024615954664818297,-0.00010720372922747753,-0.0016112681476575397,0.0004917213797090525,-0.0008917757513656198
2024-07-10,0.009515799729126397,0.01118408820449555,-0.0027303588614948785,0.0036221821928826494,0.010273431751935718
2024-07-11,-0.0019409178868086507,-0.001706640548340953,-0.006254364459023293,-0.014424392316626069,0.0006372866526206291
2024-07-12,0.0051527715722641055,0.005685996289144113,0.0009182420837942385,0.003375272967227545,0.005301766224176473
2024-07-15,0.003085618090155188,0.004888851233299632,-6.068310996550953e-05,-0.0006384383745156627,0.003421495904008793
2024-07-16,0.009082712755123155,0.011766981986863979,-0.0010932200152872949,-0.0015174630831724146,0.010483424126422104
2024-07-17,-0.012632973898540066,-0.010536606679411673,-0.012852893287115271,-0.023178918879317868,-0.005550884876192611
2024-07-18,-0.009691569059134868,-0.008331362418463311,-0.0034400627439142954,-0.006576014530223616,-0.0077679804732222815
2024-07-19,-0.007626686705660276,-0.011962527397394573,-0.005656479960616124,-0.007462021343153113,-0.009720801112794225
2024-07-22,0.013353808772977465,0.011050023952320201,0.012427205498883365,0.014128946933271887,0.008617606138769666
2024-07-23,-0.004709444934518268,-0.006829842241927012,-0.0006979059235136655,-0.002025797722035683,-0.008332670901873994
2024-07-24,-0.016081213875311726,-0.012337507364893004,-0.023109247011839626,-0.036489458449742884,-0.007989459080324703
2024-07-25,-0.005201637153789179,0.0005536352686001194,-0.005052952534460874,-0.005529702946030517,0.00023116680417769458
2024-07-26,0.0241172608280544,0.017253487067363002,0.015531361373763096,0.017328840137804224,0.01707173530725351
2024-07-29,-0.002466503597136772,-0.0019254120566589276,-0.0021233191960693234,-0.003004846799310961,-0.0008781831086410823
2024-07-30,-0.006779853127732716,-0.004340218684347752,0.0020632430555074985,-0.0069063916184711775,-0.004414647844907061
2024-07-31,0.019025209233862028,0.016019706619366598,0.021440586765806402,0.027877019547047566,0.012803603341179283
2024-08-01,-0.021183462737428223,-0.020437472813928395,-0.0214989685894297,-0.019140847426190682,-0.013044028805977423
2024-08-02,-0.022689664710959297,-0.027865829891102034,-0.02011413003937466,-0.025055811633791482,-0.01997956046571413
2024-08-05,-0.021078561119460423,-0.02175189987384297,-0.024315865401534114,-0.02817119250370595,-0.02191134747568302
2024-08-06,0.004937748819583671,0.008236053874801808,-0.005877637269693507,-0.0017450355670553907,0.006594479933865591
2024-08-07,-0.01160546553824299,-0.008190509745936665,-0.013704423359241895,-0.016996509416163784,-0.006963553195983374
2024-08-08,0.02367089823881872,0.02577368425654871,0.018472002197739677,0.026636331799481747,0.022164405327143793
2024-08-09,-0.0007286971340018668,0.000991025363150995,0.001119250498425308,0.005041327765625859,0.0007769669328416419
2024-08-12,-0.002146372477099492,-0.0025807338175224412,0.008697584783267027,0.006719152419305223,-0.0027995257541823635
2024-08-13,0.014405244221522059,0.012769716478669244,0.016986907417711923,0.0165457822142689,0.01076342721281335
2024-08-14,0.00530960259727401,0.006078844643555791,0.009895361860880763,0.011208771152436084,0.006683496122557046
2024-08-15,0.018785652892382335,0.017102047591855393,0.02308393477517325,0.027636966365487486,0.01390540127189125
2024-08-16,0.002094028535985053,0.002492979349234671,0.0014877674232783625,0.0025086923454680395,0.003052915330958969
2024-08-19,0.006011289489503828,0.006808053515536986,0.002203713276788667,0.0035065540116607863,0.006290640885730816
2024-08-20,-0.00390672254633412,-0.004185364343496271,-0.0016214621628521382,-0.003100453363623281,-0.002779385326002839
2024-08-21,0.006464234821386106,0.0058328908417387545,0.001787246751615541,0.0032639005717080656,0.005583697966952688
2024-08-22,-0.005872385089925393,-0.005760799114337903,-0.0041382373550018035,-0.00889370100203721,-0.003985418580785065
2024-08-23,0.0115438454376354,0.011896859917009903,0.008005787012908083,0.007138150112690828,0.010982621199989464
2024-08-26,-0.000868883404924039,-0.0006475524842450434,0.0026603949001588463,-0.0026604100499070973,0.0011062150362216032
2024-08-27,0.003548353248509477,0.0029264932956955692,0.004678973500162544,0.004816093257607252,0.002777918531636463
2024-08-28,-0.0017650954254332918,-0.00295959547080795,0.001705779741129182,-0.0035293535225790914,-0.002181797326694411
2024-08-29,0.00501059192252617,0.005576733129075258,0.006079812455343432,0.006240654772182278,0.00510514784192674
2024-08-30,0.013688229092518971,0.011383782898073007,0.013924784908552682,0.015635303426409886,0.010617190082377157
2024-09-03,-0.02096748148001587,-0.023082002217032903,-0.013272025145651114,-0.021825256965695407,-0.01672965881187298
2024-09-04,0.0015486227135193245,0.001582111247429018,-0.00047776415108921047,0.0004756435455686211,0.0014427982631620363
2024-09-05,-0.008193471911443099,-0.007020531321863822,-0.012476716266383565,-0.008646111226619936,-0.006224206145977606
2024-09-06,-0.014372554328772696,-0.014758587585560569,-0.015074431737922176,-0.016881834218005806,-0.012923120170680355
2024-09-09,0.014173183863294673,0.013526427721478869,0.0209498241779382,0.021276363298039017,0.012721199928022627
2024-09-10,0.002422869303623806,-0.0030570174286762,0.004174514846454064,0.002713096434949369,-0.0017790523830815332
2024-09-11,0.0023064368251514435,0.003946409003803905,0.0025461390133016126,0.005161190472170259,0.0006670272391566748
2024-09-12,0.007255291074839599,0.004996912114529059,0.01487216042629239,0.009744947090637893,0.0069699163758090805
2024-09-13,0.007418913709193167,0.00871783795881309,0.007459593293604483,0.012137191156401557,0.007666830533429117
2024-09-16,0.006173543235347927,0.006458656536592966,0.007308898407150299,0.005808033047389867,0.007600443683761261
2024-09-17,0.0038821657801785953,0.002865473538104519,0.0026953268047750422,0.0037511869316117453,0.0011879186143137286
2024-09-18,-0.0054898545694806195,-0.004195348727994235,-0.004027519713991325,-0.007275651802195271,-0.0041664477745431165
2024-09-19,0.00900068206770288,0.012630204128627514,0.00526655532675049,0.007262144398564048,0.008009042353154774
2024-09-20,-0.005980743735684703,-0.0038595631634423424,0.0011798198861519159,-0.00026358512785393674,-0.0023619569258776633
2024-09-23,0.0034819782979291112,0.003507506211044998,0.0059176547605678045,0.007903058779662233,0.0034631754894364113
2024-09-24,0.0009840511022910275,0.0023611969468770627,-0.00705222967131634,-0.011141341574561196,0.00150255491117044
2024-09-25,-0.003584179814030042,-0.004181574831203285,0.005575215653232907,0.004597677884708178,-0.004558745076460778
2024-09-26,0.016715920749195312,0.015770022983460304,0.01687209352538727,0.0226152447017916,0.011868933475844643
2024-09-27,-0.004437825188927911,-0.001956254073418128,-0.009896513434801496,-0.010521102096036032,-0.0017487927943900371
2024-09-30,-0.0011766450013671187,-0.0020305503064051754,-0.0028212558629112884,-0.004244569160348589,-0.0015096420668158548
2024-10-01,-0.005706666008932836,-0.005348165802153615,-0.004165153805562641,-0.006804967299907488,-0.002824367720205505
2024-10-02,-0.0010589211056321111,0.0005935536642078458,-0.000412104756207521,-0.001053907759888731,-0.0005163631930215871
2024-10-03,-0.0035686194820962252,-0.004122077214835351,0.005595472104057933,0.0026600305485616066,-0.004222643747647687
2024-10-04,0.005942843146987622,0.008596476632359478,0.013048712327595025,0.012678356476088401,0.007025960408544205
2024-10-07,-0.00560458306910541,-0.00462445011154268,-0.008897279882514849,-0.00781667070884082,-0.0045157569189804864
2024-10-08,0.005049025851338262,0.001993226151232508,0.011587167365637245,0.008260380598581966,0.0031002395482762116
2024-10-09,0.0056870754299451366,0.008097007609502053,0.004106579791232948,0.004631548912139946,0.007672959756452111
2024-10-10,-0.0033056732031132054,-0.0029672342939090464,-0.0004869200976888089,0.004184126706050478,-0.002916545847393091
2024-10-11,0.00993008773293173,0.010386764074015398,0.012688158277556085,0.011301561005718119,0.009624859200505827
2024-10-14,0.011342984833015383,0.010125093861646617,0.007234568067827405,0.009937871405026619,0.009031319415149903
2024-10-15,-0.007269119390847387,-0.011100447804895249,-0.007931479731646622,-0.012314185671091979,-0.007295227586146393
2024-10-16,0.007383116312657739,0.007381573172833107,0.00990486966912696,0.012121318916097051,0.00706175124868598
2024-10-17,-0.00031847136042828224,0.0007376781907741193,0.004617106657832146,0.005982897588316282,0.0007580053590864234
2024-10-18,1.811745863650627e-05,0.0006849424758636303,-0.004745248448767104,-0.002873694090653625,0.0008081018533421977
2024-10-21,-0.006901187511701956,-0.008164235307502966,-0.001884502559010876,-0.0064246900208257685,-0.007965518992758044
2024-10-22,-0.008791883029889872,-0.006050089759575469,-0.023929345792246114,-0.021900037330788685,-0.005684861695909833
2024-10-23,-0.0058435883034440575,-0.0029794089934321614,-0.006531260343450223,-0.0017727264356094783,-0.002494213516441822
2024-10-24,-0.004873269838896044,-0.0062446009130947226,9.762720639843337e-05,-0.002629151775998541,-0.00893176447331955
2024-10-25,-0.0018359649343227546,-0.005056838426107452,0.002754341939841725,0.00038620400348183626,-0.006884126065990549
2024-10-28,0.0019905309258944955,0.002621585362325562,-0.00603232316076282,-0.004079327135750555,0.002146997272561001
2024-10-29,-0.0031447582718187976,-0.0027369171045019116,-0.0035652544332388705,-0.002074701130423159,-0.004365970212119647
2024-10-30,0.001840223246226964,-0.0015427988824901198,0.022127793040403413,0.017091063971884386,0.00047921563178175545
2024-10-31,-0.010285065531719498,-0.009736745754445462,-0.008487873074044217,-0.018448478774605318,-0.008887688041288014
2024-11-01,0.010133888174481253,0.005700588752398421,0.017341193541909335,0.01576032638564273,0.005677534023854748
2024-11-04,-0.0028806849475904177,-0.0015338328503282945,-0.0028482301337097934,-0.0013785849973006056,-0.001040162012238947
2024-11-05,0.011234937170154394,0.011382891276971781,0.011386404088537706,0.014750108973629845,0.010544260029784373
2024-11-06,0.025342420594067445,0.030520948321641428,0.02830318965496029,0.031665137539980195,0.02192326551876109
2024-11-07,0.003011802324427529,-0.000690031545594573,0.004385315553912887,-0.003238149996121286,0.00022751610836622342
2024-11-08,0.0022817988788799612,0.004532616038854543,6.818960448557311e-05,0.0025087515907874667,0.005220138382167079
2024-11-11,0.0008769752331405532,0.0007859959344740802,0.014604857234735437,0.009273938103468332,0.0010005370758602449
2024-11-12,-0.01305839563137079,-0.010964328457368475,-0.00818055076587845,-0.00983501200277783,-0.009974720184009649
2024-11-13,-0.0040904290874209,-0.002578418592153685,-0.011758092032508034,-0.007866892793906934,-0.0019975488030120475
2024-11-14,-0.005439195041432644,-0.005631915796178963,-0.009674125941864108,-0.009158961462253134,-0.005848331630065231
2024-11-15,-0.008734030568501852,-0.007998480555299515,-0.011974396119599634,-0.010056451639415785,-0.006332310772167563
2024-11-18,0.008118820554856798,0.005806568785365669,0.008045642042418836,0.011430203793312565,0.006645207539959025
2024-11-19,-0.005326440359391862,-0.005653601660380162,-0.0011474583103761784,-0.0010566994195642765,-0.005208819256699537
2024-11-20,-0.004106049718265811,-0.0001900374187337561,-0.006016358134922564,-0.005711248456709895,0.000468121789023286
2024-11-21,0.014154597134657622,0.01461220033565326,0.017963443961261035,0.018623687130394168,0.01389002654693743
2024-11-22,0.010085474768744301,0.009489216778489691,0.01570825164729803,0.012072925900630563,0.009719883740771294
2024-11-25,0.010811702960309956,0.00843300765939909,-0.004418271760628161,0.0011948165871694671,0.006743986247149683
2024-11-26,0.000981400627350181,-0.0021944405480235586,-0.0030489202297559704,-0.002202133954968605,-0.0023838159029425524
2024-11-27,-0.010105498030361756,-0.005736420029317625,-0.03279113482361436,-0.03090676017109129,-0.006262245551027434
2024-11-29,0.005780767875232722,0.004688194009734371,0.008380530629105598,0.008922031961756022,0.004102953905483412
2024-12-02,-0.001976074223738776,-0.0018658101306866567,-0.003967715274103137,-0.0047512923226674855,-0.003177658900410235
2024-12-03,-0.008637532555309663,-0.005629497736912128,-0.007432711601251803,-0.004128252595653949,-0.005651874078907114
2024-12-04,-0.0005753882085772859,-0.0006510425433535665,-0.0018097675284967079,0.0004070935298413185,-0.0012633072297119413
2024-12-05,-0.0035301075834867496,-0.004876501875628044,0.0011722865334085255,-0.007840439901183261,-0.002686332640575625
2024-12-06,-0.0013880192518925592,0.00021750728384669688,-0.006702843257038332,-0.0007646161539843536,-0.0012429148461111307
2024-12-09,-0.005281158701557868,-0.007667127123268035,-0.006436985300498686,-0.005630336549186096,-0.007980267162619905
2024-12-10,-0.005706031727298959,-0.00500718769377767,-0.009846545582975689,-0.010594147389487397,-0.003138107900753809
2024-12-11,0.0014257402607730319,0.0005091512787677768,0.0037264788641295085,0.00681619979249347,-0.0012477958179961577
2024-12-12,-0.007397058820112347,-0.006415116624780694,-0.0033763101206980882,-0.0060345131060267,-0.004700110930362858
2024-12-13,-0.002573871745555984,-0.002338063508400512,-0.004633054143974874,-0.0004559192269627283,-0.002723529826888002
2024-12-16,-0.0016600877614542206,-0.00272191390920767,0.0030756503687909397,0.0047501223283608444,-0.003973107603193797
2024-12-17,-0.00504894884190262,-0.005968338459481052,-0.003263853089573339,-0.0025725645169028056,-0.005427501179432796
2024-12-18,-0.022131269729519572,-0.024650380996813395,-0.028574024576022348,-0.03011627955282343,-0.023450350779302687
2024-12-19,-0.004579823745643992,-0.0054303450703802585,0.0001316970992353856,-0.007643536186701541,-0.003523893739852448
2024-12-20,0.013361176065267235,0.01323542545342326,0.01811366377348652,0.017391280266832378,0.012311889333073036
2024-12-23,0.005185418217927991,0.004471776264918305,0.00657386551483116,0.006521719063859414,0.00381595322680565
2024-12-24,0.007962019735567361,0.008716499332115057,0.006652129241876102,0.006126788794127043,0.007880447480991702
2024-12-26,0.0022038752050008888,0.001970769087639864,0.0020878465760791297,0.0015436153513765849,0.002195206132679175
2024-12-27,-0.006327727898001437,-0.006217291200322458,-0.008151114476730462,-0.009127313317111942,-0.005886351206113992
2024-12-30,-0.013163160757633758,-0.012739166577636213,-0.015475738274706587,-0.015332301792323698,-0.012769112301547859
2024-12-31,0.0014169652114131488,0.0013544300902474725,0.002655827998302079,0.001345676502650935,0.0020738386505764154
2025-01-02,-0.0007718755106304021,-0.0010850286724956569,-0.002746592592244637,0.0023837781157421837,-0.001664473075898201
2025-01-03,0.007218299909547355,0.006887775031649994,0.005791789024833364,0.009938548508904604,0.005079778778121346
2025-01-06,0.0012856110616084012,0.002704599409198498,-0.004050029252736186,0.006799661234595841,-0.000765031274278723
2025-01-07,-0.0008814873359352314,-0.0001916156263338817,-0.008837113728715628,-0.004468300451879556,1.2829454674101654e-05
2025-01-08,-0.0007427366177189115,-0.0007386154616693695,-0.0011219282557774581,-0.0002606554204018042,-0.0005310739516949992
2025-01-10,-0.015023221806196783,-0.015814843983929943,-0.015287758096963408,-0.019546849986553913,-0.015226896711538828
2025-01-13,0.0037212419970684063,0.005401909866660578,-0.0007590716897051034,-0.006125993958748937,0.005431198463441356
2025-01-14,0.007428343734676963,0.00963549357232905,0.0048209192927963305,0.007235287272642798,0.00843617822455691
2025-01-15,0.011976820027649153,0.014973523608429589,0.010246851153483009,0.015947577596048083,0.011900886884873913
2025-01-16,0.006591570316334796,0.007433210031131055,0.0029130812366799253,0.007227836021810557,0.007939577839761968
2025-01-17,0.006466918157346372,0.008919616432587294,0.0018198745859463732,0.006412400291718311,0.0062410405686713095
2025-01-21,0.016607572041975587,0.014160796504164245,0.01790417290180977,0.017502684247298988,0.013441040009525885
2025-01-22,0.0018458356954667544,-0.0003413302357975946,0.007063724379880973,0.0038800164339900496,-0.0015522145632031828
2025-01-23,0.011339298693868578,0.008356484651787375,0.0023927423823346056,0.0057060070719396686,0.00898113199577679
2025-01-24,-0.004497770925209113,-0.006656861927641093,-0.003306306939601362,-0.002799289831599756,-0.00448104718379825
2025-01-27,-0.0003393157255729348,-0.002378287613643854,-0.006430417804798902,-0.017420856185311327,0.0036416871795164982
2025-01-28,-0.011482018217992806,-0.009230185251624525,-0.029850023960307517,-0.01043597773900045,-0.01142862606305055
2025-01-29,0.0015593993408560014,0.0021530217360926558,0.0049380378064070255,0.006242345835895446,0.00281718166216155
2025-01-30,0.016487288564371545,0.016779500743324578,0.0210010736065329,0.02466520561736273,0.016173554248045313
2025-01-31,-0.008717032716679705,-0.011466413367010268,-0.007992492939439693,-0.007941437992102016,-0.01141021918482874
2025-02-03,-0.006589479508039098,-0.005504342934668967,-0.003943101333459281,-0.0014453212086009263,-0.0033880643767237617
2025-02-04,-0.00034831400085532467,-8.70699817251034e-05,-0.004289885818079462,-0.0028491952084699975,-0.0008134971066976727
2025-02-05,0.010592232165072595,0.009363619115393068,0.009370544661510705,0.013116216168238073,0.008944037425182386
2025-02-06,-0.0012893247294479757,0.0018054522914368598,0.0023253074457547213,0.0027038192986607703,9.656567627556382e-05
2025-02-07,-0.006923647605116045,-0.006274757925832686,-0.005015856136396057,-0.0030111803181380693,-0.004710481943266797
2025-02-10,0.011801566715550651,0.007133550525438285,0.01458481993123367,0.016391358285157358,0.007581919297966795
2025-02-11,0.006774159519843434,0.007240575773971378,-0.0010068137908307209,0.001052921373097342,0.0068176500535166735
2025-02-12,0.0018282329403789739,-0.0001475262931695308,0.009870270593842951,-0.002641747124667611,0.00041082511191741
2025-02-13,0.007289627396128503,0.009841764131358304,-0.004048990530319585,0.004422452525799339,0.009195569815183206
2025-02-14,-0.002599977465776333,-0.0017382069922114093,-0.0022714566745245107,0.0014313512627040204,-0.003221684575640282
2025-02-18,0.012273079418567732,0.013509598368590593,0.017591672650074316,0.017215351951816116,0.011476753757249186
2025-02-19,0.003466329380898939,0.004397407244724484,0.01019985104260255,0.002944439161774274,0.005540666864064053
2025-02-20,0.0002423327652779044,0.0006628505336107257,0.00037169323478878757,-0.005715204860960674,0.003096467262468488
2025-02-21,-0.015299161193744326,-0.016100361571405014,-0.007277410548293986,-0.014040265133026829,-0.012387433129790064
2025-02-24,-0.005738963257471485,-0.005043370426332881,-0.0044476102488840265,-0.006037616711553208,-0.003058763592693808
2025-02-25,0.0018903159789991904,-0.0011484632338286036,0.001886557501582447,-0.0014305056595646558,0.0007523470612336886
2025-02-26,0.00041425263501412656,0.000526722325722167,0.003702493408370064,0.006529077964773553,-0.00129315470666672
2025-02-27,-0.008036880152224958,-0.00981830144427417,-0.008135207647607792,-0.011560711698462383,-0.006888550857388879
2025-02-28,0.012573753405256138,0.014240655171267599,0.003897000613332026,0.00813860109405528,0.013265514265414419
2025-03-03,-0.01151348852499456,-0.012667326609062108,-0.010989888026748561,-0.01431079422455157,-0.008793758986524163
2025-03-04,-0.02303743110780869,-0.022237642564051165,-0.018970058612847458,-0.02167073547418266,-0.02121592486822529
2025-03-05,0.01092564724698999,0.011463387328385411,0.01523087959818751,0.013425988973440979,0.010796209835217552
2025-03-06,-0.013617359632972701,-0.012920127846856538,-0.011423628202867455,-0.022474699517323216,-0.009482089444562775
2025-03-07,0.0052923042237867386,0.006996043047498526,0.0032047566342092776,0.0025897529658469864,0.008134101460561854
2025-03-10,-0.013493035078370779,-0.016182652507442507,-0.008792423443968696,-0.013572497198628748,-0.010465433343140743
2025-03-11,-0.013449038339385828,-0.013456916188010695,-0.013018810111842777,-0.010462664566544613,-0.01500459472312969
2025-03-12,0.0007731070429926739,8.427480152146494e-05,-0.0006504972496213183,0.008261824543642656,-0.003134867908917182
2025-03-13,-0.009264748165726314,-0.006558863254914131,-0.008193280155122933,-0.0084312288316453,-0.004884154249831801
2025-03-14,0.014708054766350896,0.017722870817294144,0.010849915669610521,0.017248515540530106,0.01353531962717893
2025-03-17,0.010695898956317923,0.012059299131900156,0.010025151850431709,0.014049330132370001,0.012061606993889942
2025-03-18,-0.006462837085662997,-0.00499305379764718,-0.007661464190214143,-0.004481338973654374,-0.004888987092055026
2025-03-19,0.008913123655310051,0.008468636863767705,0.0045899869788867875,0.012641387804444766,0.007831725395655671
2025-03-20,-0.0034584478837004417,-0.003520961839062339,-0.004784099750017499,-0.001741564582407533,-0.004006371580733099
2025-03-21,-0.0073492969933567605,-0.00637985675169176,-0.014966851208388024,-0.01623475315514126,-0.006179349299892415
2025-03-24,0.014935348610072278,0.01568130806641916,0.009467134470356277,0.017622910093525946,0.012590341425949825
2025-03-25,-0.0016127008111966124,-0.0003605455156209193,0.004870019957280997,-0.0003184364050614324,-0.0005905060385315403
2025-03-26,-0.00298083061263121,-0.0036581437371468566,-0.0015723916896243193,-0.007335049098711105,-0.0007630811822276489
2025-03-27,-0.0001150515230529431,-0.003397706180505255,0.006313683584264118,0.0058940118815302735,-0.0008572916186462332
2025-03-28,-0.018082813793593902,-0.01716120367877754,-0.02158411769471667,-0.02380273007417539,-0.014163032245446074
2025-03-31,0.008257735918832065,0.008212881792541536,0.0063824166082335695,0.0072833643308759695,0.008733962416805928
2025-04-01,-0.002724666744177831,-0.0016974015076598385,0.001237791568250204,0.0014900409471801264,-0.0023199373716647357
2025-04-02,0.005703405727249971,0.00526303630981979,0.009298908010833568,0.005293193634320181,0.0038973596155450173
2025-04-03,-0.056666045944155245,-0.05411186376263928,-0.05041048636059884,-0.06079655745108553,-0.042682028173850736
2025-04-04,-0.06651131812010691,-0.06850672646931824,-0.06129640659296914,-0.07844402319140736,-0.06550371889087418
2025-04-07,-0.0015717720402799293,-0.0010899682391150747,0.0013573735756455775,0.006997233824847397,-0.003846337636760983
2025-04-08,-0.01408332804600856,-0.016070311882936533,-0.007406068795412982,-0.009519941887823184,-0.014715672239953435
2025-04-09,0.08494819662671009,0.08879133883691456,0.06883168768082411,0.09256376529457647,0.07564942934883057
2025-04-10,-0.03300595037753375,-0.03616928732360847,-0.027928999645443278,-0.03251160174777198,-0.028894877015144628
2025-04-11,0.014544542498487235,0.015562473861167471,0.02268126324369763,0.020917978872164386,0.017827024101225077
2025-04-14,0.013767929317764513,0.012304112278158662,0.015023104952517064,0.012841105859291433,0.012414564592945036
2025-04-15,-0.0051250303878165,-0.003909096446932471,-0.0018907300905785724,-0.0003330753110847701,-0.004545649496720662
2025-04-16,-0.011658404507258361,-0.013180572035728977,-0.005382876239959793,-0.012719247029926821,-0.010852380360606357
2025-04-17,0.008314975652782882,0.007791336904449745,-0.0026424147540786125,0.0013484681035611553,0.008169608458543186
2025-04-21,-0.016593038726691142,-0.0165405845394367,-0.014695395884257525,-0.02191211553022889,-0.016193353261006196
2025-04-22,0.021857928553908692,0.02018586375913757,0.022565426320986626,0.020309501245218898,0.017846166871581418
2025-04-23,0.01318928567751627,0.012605575867592938,0.015713739267660422,0.02090750526942637,0.008282021992007376
2025-04-24,0.019965717395564665,0.022438846478736986,0.01881948641190809,0.020810691576003414,0.0176393274676832
2025-04-25,-0.0029043593207443994,-0.00404340794093435,-3.873426844113511e-05,0.00044140221521925455,-0.005036677131592784
2025-04-28,0.003990530196483494,0.002742007268800795,0.003690714741387113,0.0012154957306536969,0.0029275814355748664
2025-04-29,0.0021160645358401153,0.002067796173769275,-0.0006657734637826049,0.004567082947980629,0.0025017045348252618
2025-04-30,0.008184497390052146,0.005216551452581968,0.007131642227720654,0.005260619218700094,0.00445177482865808
2025-05-01,-0.008564662829217558,-0.0064520090604036915,-0.007492300954856448,-0.002733950180620593,-0.007511805302289603
2025-05-02,0.017877957851334465,0.018145995530505124,0.012556026021787443,0.018527956478680704,0.015313784703831879
2025-05-05,-0.0033370539499137978,-0.00417006305031971,-0.0012060032998795845,-0.0005890884043059498,-0.003290501482196493
2025-05-06,-0.00791611278499981,-0.004911513233878714,-0.013153567742700727,-0.0028832802734715386,-0.003331916449207488
2025-05-07,0.0072319160818704875,0.006417476143683502,0.012031844029144576,0.009052213103271787,0.0054807370230350394
2025-05-08,0.00735975867931795,0.008920834701830136,0.0032056795801879345,0.00684710425156772,0.006182106966021371
2025-05-09,0.0002770454204093848,0.001515252142772186,-0.0019990513150659464,0.0010026302906820344,0.000784179702912241
2025-05-12,0.035820966754362735,0.03358777456528356,0.036006944603838686,0.026582495883560854,0.02705456744080586
2025-05-13,0.0010520921259051068,0.002870817520864098,-0.001506582597833977,0.008194749648216232,-0.0013417645406172951
2025-05-14,-0.005833651860585384,-0.005888664686504953,-0.006416408278296143,5.7596892360722244e-05,-0.00671147775768763
2025-05-15,0.013539600809393655,0.013066394514012189,0.015318397254352297,0.014579904803512705,0.015436330642928514
2025-05-16,0.008196844565584487,0.0059095430165147025,0.013065790937774881,0.009895458924686507,0.0073867149579528515
2025-05-19,0.004368025637112911,0.0024336657001417903,0.008463612064102045,0.005492696152572894,0.0036205078255172863
2025-05-20,-0.00011288076760518134,-0.001250605840144518,0.0018328420676528537,-0.0020366478028249133,-0.00026228309080853017
2025-05-21,-0.01699041542132635,-0.016632095405530928,-0.01672258549640115,-0.018692248307361714,-0.014970781655146235
2025-05-22,-0.0035387416472967594,-0.004444219839401778,-0.00026677857127792044,-0.003313646136162399,-0.004280779749615333
2025-05-23,-0.003910700641214652,-0.0033302776835484747,-0.003537911303208641,-0.005450187738415645,-0.001715037669180421
2025-05-27,0.016363264435617808,0.017543027772588145,0.0176982550554734,0.018177517380059932,0.014666183640603635
2025-05-28,-0.0050572724447106076,-0.006348098161943081,-0.005122451180556528,-0.0024326457831421325,-0.006294740938513411
2025-05-29,0.006452221021841006,0.00449151265835525,0.007084197496008592,0.004210382857832273,0.004704161010922893
2025-05-30,-0.002783641706129472,-0.00260655147386296,0.0010729213472778618,0.0006280578255845974,-0.00034150620654761483
2025-06-02,-0.001099206769475191,0.0011780642867994578,-0.011308950525999667,-0.0009141495112092949,0.00039536073590262853
2025-06-03,0.01060906276225277,0.00985383855762321,0.009447254060892385,0.010530966606549853,0.007475320128701741
2025-06-04,-6.716067709182805e-07,-0.0016400498265554519,0.0025558609925428475,0.004774552881852452,-0.0023555142970180863
2025-06-05,-0.0009591347826035465,-7.09889530856748e-05,-0.0008172308681934086,0.0006968584040817452,-0.001185322600881355
2025-06-06,0.008375486240915761,0.00973596167345779,0.011284020754036719,0.010284004439237975,0.008097493508438004
2025-06-09,0.005152769380957781,0.00567718683168409,-0.001295871569108492,-0.0007702253673485525,0.003918021056681414
2025-06-10,0.0035346123395402548,0.007016126045061612,-0.0040177347665478775,0.0012628561734946693,0.0060146307406487125
2025-06-11,-0.003990079802206971,-0.0013793335724218158,-0.012070950090859227,6.0129673131884345e-06,-0.001281563811788436
2025-06-12,0.0004905725322905219,0.0003549268111635892,0.01182773816058493,0.0018788269294558386,0.0024137534141759837
2025-06-13,-0.015774732067895945,-0.014246694792995392,-0.016402033871827152,-0.021599198534165077,-0.012421547775035095
2025-06-16,0.010059905584893725,0.012006150055440534,0.0045935918273939565,0.012248823906850526,0.009060087633642685
2025-06-17,-0.004735171180420482,-0.00583459682298431,0.0030845447810738,0.0034553856988004616,-0.006658620272490731
2025-06-18,-0.003483302093892115,-0.00024517978674516976,-0.01712982621516323,-0.0176480034179557,-0.002098186854613054
2025-06-20,0.0019343049464888382,0.0014053919825055918,0.002701722352681246,0.003514944298913786,0.0018310922380348855
2025-06-23,0.011473994556279558,0.011498265007639816,0.00045694093921032656,0.008541772178509488,0.011334709500472138
2025-06-24,0.013215515355043419,0.012373724443892375,0.009840182032634651,0.015521079981908437,0.009246610325052116
2025-06-25,-0.004854592639856087,-0.0038210434553396016,-0.007770817383234319,-0.006458049527327057,-0.005384595038150367
2025-06-26,0.008043565552015396,0.008587787111489154,0.011426786106193142,0.010631272011085319,0.008338469906602012
2025-06-27,0.007109518655836897,0.004054561490233666,0.004129234751298352,0.0004293788269357661,0.0031577948079509685
2025-06-30,0.00352079700950428,0.004759828825927074,0.00611829139590047,0.006686006276916599,0.005646477073246008
2025-07-01,0.008424047794556647,0.008722219563064196,0.004005822368959178,-0.0019314969254656828,0.00987292461996805
2025-07-02,0.004451487697196165,0.005036664376919679,-0.0010738383135223588,0.0010923166140370186,0.0034399421012293267
2025-07-03,0.005960957970872096,0.005992940880048966,0.008868921831042563,0.008500650554786191,0.004848435463261356
2025-07-07,-0.006212602963307423,-0.00783173432109165,-0.0014031616563923081,-0.005162360929405104,-0.006581036930299093
2025-07-08,-0.0008515710284853588,0.0006874739312495003,-0.006542615886845041,-0.0020693121943598054,-0.0009191706619594898
2025-07-09,0.006615887578539214,0.003176252284579399,0.009414640746657292,0.005709472820151293,0.003622593361587716
2025-07-10,0.004145071101426161,0.005355945449043203,0.0031034852083051717,0.002470432267959527,0.004529830675837386
2025-07-11,-0.0075141159914317085,-0.006630897793589121,-0.014076583500863351,-0.007383939850823251,-0.0073830009897403025
2025-07-14,0.001420751868549955,-0.00021118841128569036,0.0035570007412117862,0.0005599244219636618,-5.116099621458735e-05
2025-07-15,-0.008938822060079649,-0.009995785430698366,-0.00859985376897489,-0.004368915148601736,-0.011055876858766214
2025-07-16,0.0019472447713116765,0.0015624139175197482,0.0011025062585583978,-0.0004660724250945626,0.0035876896574614046
2025-07-17,-0.0031674782234606203,-2.956837270605677e-05,0.00026226507137325607,-0.003502986081319032,-0.0015005833141235605
2025-07-18,0.0021655992348192854,1.5538262571655878e-05,0.00697807777393322,0.009590815070055518,0.0003206396261784335
2025-07-21,0.0015245467186664567,0.0007720810649818181,-0.004554102089475612,-0.0020544605208305086,0.001179827552891971
2025-07-22,-0.0025364190042130893,-0.002593930840126159,-0.02341224183138128,-0.013098139104244408,-0.0014394325847590737
2025-07-23,0.010449394370633363,0.008996314766442186,0.01750020755255026,0.014310839285405112,0.00941090362216146
2025-07-24,-0.0070314016009920014,-0.005936892960702191,0.0013245188871895005,0.004559068710505529,-0.004639219814406674
2025-07-25,0.00781776229204786,0.005611140431635367,0.012107848562137653,0.009551539658890744,0.006905252570019476
2025-07-28,0.0013006765139378386,-0.0002577054632421448,-0.0009445277948612616,0.0012195706171935715,-0.0018289765431838926
2025-07-29,-0.001905360536014302,-0.00011272247231417225,-0.001612473471115509,-0.0024201581304350017,-0.0001978867624267928
2025-07-30,-0.006479565651224022,-0.006751446466259138,-0.0036089100768572505,0.0005986395212900753,-0.00745583792070118
2025-07-31,-0.004466422670620406,-0.009382911950607874,0.006857098515079606,-0.008077851046293362,-0.008821570609704092
2025-08-01,-0.010420936465136504,-0.010273446042565988,-0.01317755703351041,-0.01721945217954448,-0.007708285979887249
2025-08-04,0.013830300123117173,0.013335694499236717,0.014797029661698522,0.015696794990671465,0.013258240886596929
2025-08-05,0.0003045836163452966,-0.0004539819922583045,-0.002098797214336593,-0.004371493261110508,0.0006028415311012172
2025-08-06,-0.0007956778583004609,0.0003294979845582047,-0.0023885851553321533,-0.0022610158747360725,0.0009868227282474264
2025-08-07,0.0025996152366203383,0.003658126158990105,0.0015403755320457697,0.007037050577803407,0.004317237285906331
2025-08-08,0.012027797609154928,0.009020303468971789,0.02328429366211974,0.01532590109767838,0.00844580718784747
2025-08-11,-0.00290775863470822,-0.0015114079801624733,0.0028825829071670514,0.002766041934993115,-0.0017641714353437412
2025-08-12,0.014417761739075712,0.015516825467282063,0.009385600520839883,0.012402118696183111,0.011747837266119473
2025-08-13,0.0063720510589193825,0.0067375094586656515,0.004058640133444668,-0.0003745455349586824,0.007355895883307317
2025-08-14,-0.002202574811275332,-0.00037937511829050927,-0.0030723383247360124,0.0009809799298503277,-0.001382282913876009
2025-08-15,-0.005963707526561691,-0.009294055262876145,-0.005467984433767267,-0.009757275449911111,-0.00519983062555107
2025-08-18,2.3906063598084777e-05,0.0004965297784359647,0.0027870138442296125,0.0017521570623405315,-0.00048271723917089177
2025-08-19,-0.0002432587578765124,0.00024715717584534503,-0.001968164291339563,-0.005207566058149916,0.0011427588169987215
2025-08-20,-0.0003530089157571328,0.0010488068969992529,-0.005936291921539715,-0.006485278449321443,0.0020261586912691826
2025-08-21,-0.0033612519320015575,-0.0020639280289235307,-0.004510988646538845,-0.0015781767408891971,-0.0011485383731973668
2025-08-22,0.017329702593851026,0.01706940127487271,0.008982953763068253,0.01221196286343951,0.014172516959191065
2025-08-25,-0.005273646703563688,-0.005216751118934451,-0.003564211880368059,-0.0035521815748487564,-0.0060593933395352885
2025-08-26,0.005507045461624606,0.006004257226792188,0.004326620648880093,0.006500179739591877,0.005071689475821924
2025-08-27,0.0015116685395982093,0.0024784837204729054,0.0003519970958845795,0.0024105126256722584,0.002316212380626325
2025-08-28,0.0020619942720958746,0.0021243149540925987,0.001553677192014304,0.00505023422332018,0.0008490043158968842
2025-08-29,-0.006103197808256764,-0.003402626376381444,-0.018459211048357273,-0.01670578863749171,-0.002098113119158507
2025-09-02,-0.0038987988223055624,-0.0055462241105483905,-0.003784253428176162,-0.005374289095841364,-0.004054307066412442
2025-09-03,0.0015611175344060356,-0.002384948764454411,0.004660403060312112,0.004987781761819163,-0.002531771012317689
2025-09-04,0.011840533431873293,0.011864497042597514,0.011805362509510193,0.011885284535004391,0.009840081571285426
2025-09-05,0.0018783249205156249,0.0017084533777136832,-0.002493245420658706,-0.0031460248452287788,0.0014677061556029195
2025-09-08,-0.0008038491572676975,-0.0015113854409970241,-0.0017186132556361363,-0.0064187765944158795,-0.0027141800314353197
2025-09-09,-0.001473169049676915,0.0016162393418170785,-0.005953967895123436,-0.0010790274616953536,0.0006935311552160235
2025-09-10,0.0003606651900069116,0.0027021904607048017,0.005239881932913265,0.006518051502262636,0.0012205925822232106
2025-09-11,0.012662493824572985,0.014523589543638853,0.01634267130820127,0.018240421596327615,0.014329653008907777
2025-09-12,-0.005598388917714006,-0.00533559461687832,-0.010258624370546265,-0.003062395263994309,-0.006083644752488531
2025-09-15,0.0028848139428937604,0.001444634071715572,0.003580994623527501,0.004427766625042324,-0.0007513003651256538
2025-09-16,0.001249654171522187,0.000718435570626146,-0.000528442078417897,0.005044767716388465,0.00039688470720012123
2025-09-17,0.0021531015573088078,0.002873849532353037,0.01061155918215699,0.008758243712050756,0.003323037678462552
2025-09-18,0.011346273557858515,0.014270941246733462,0.0012691932903609563,0.003550401727351702,0.008654250439573885
2025-09-19,0.001984803297115947,-0.0010371774044979668,-0.001328972305836072,-0.0005911773110503186,0.0003855621528256908
2025-09-22,0.007027716673005618,0.004215523162554977,0.008101880997960463,0.011271529655435826,0.0030641356057776784
2025-09-23,-0.00026989822316656744,0.0007900237854982834,-0.005244393842459533,-0.004957894483705089,0.0010811055110889994
2025-09-24,-0.004495940125202353,-0.0030190826676448255,-0.005793868885534927,-0.0078375413524671,-0.002796980145087388
2025-09-25,-0.008403175319935572,-0.004813552163906749,-0.008640147313799595,-0.009793863152327364,-0.004070182656875021
2025-09-26,0.00811988296053659,0.008948626725172047,0.0030457147198231288,0.004439212894555986,0.008444485804944791
2025-09-29,0.008605136581149052,0.0038795921132520213,0.010408556914644224,0.01244314383035336,0.002982964272965501
2025-09-30,0.007849218723645345,0.004009454569403337,0.015010903795574763,0.018158132538150205,0.0052827133236885504
2025-10-01,0.01506191800969698,0.010725554214227218,0.015419673541102333,0.026201283538090592,0.008861488011626333
2025-10-02,0.002708490623067858,0.0012978744467814268,-0.0035684455191399593,-0.0020683044619665817,-0.0005330050020979216
2025-10-03,-0.002209166550137853,-0.0005095792460952303,-0.00584101268537945,-0.003344730171602286,0.0005948433897499949
2025-10-06,-0.001889916306090993,8.447373612149368e-05,0.011364097102063675,0.009257597429996624,-0.0005478176908387917
2025-10-07,-0.006365523119832627,-0.007771837814485611,0.009818468675270009,0.0006421033682135306,-0.004692973910495874
2025-10-08,0.00894836583148423,0.00560928792102101,0.024178492808833985,0.022695033752285015,0.005317818256350528
2025-10-09,-0.013178870040159942,-0.01019155717196355,-0.022327392027272706,-0.021836833465185015,-0.011058760283423678
2025-10-10,-0.02482115096865921,-0.026325352322782873,-0.015355797221820077,-0.023137009014572846,-0.021182834821629956
2025-10-13,0.014652746384873102,0.01712911390150504,0.008629761998067932,0.014072195986655545,0.013303780661172928
2025-10-14,-0.0005213829150659201,0.0017915499734307988,-0.00017273461958567857,-0.002109594005376344,0.003768149995733283
2025-10-15,0.00966161812275603,0.010078104734125093,0.0033482352959325586,0.007082407419448074,0.0072797238858211336
2025-10-16,0.0003394717392868605,0.0006703731431712628,-0.013189192328393452,-0.00410756216932609,0.0009462698410312233
2025-10-17,0.005700148234640105,0.004547682722511053,0.010546693243950458,0.003051874473841281,0.003056067280856364
2025-10-20,0.004587402782977056,0.008994410866880551,0.005609783835743539,0.008270465734528276,0.008853083534614791
2025-10-21,0.0038973950970643736,0.002579434599812299,0.0010968814722548945,0.005280426435197749,0.0014447509140613221
2025-10-22,-0.006097618821452381,-0.006669964539771725,-0.006177760349453639,-0.003475354788910406,-0.0036475952437419615
2025-10-23,0.010979256634045606,0.011251462776253614,0.010510421669475743,0.015058446608626862,0.007682015541008152
2025-10-24,0.0049003456213511125,0.006613888283741622,0.004737136208609257,0.010593152928832124,0.0035141211707460083
2025-10-27,0.005676127335390141,0.006860244993030121,0.004368331823504512,0.007329118127745709,0.0047017589561614845
2025-10-28,-0.003857931954589058,-0.003352274673435663,-0.003891174506308193,-0.0004721478380571258,-0.0030268308789319644
2025-10-29,0.0038355608759975176,-0.0015185434034956941,-0.005803484024983014,-0.003720544018546614,-0.005412408361794349
2025-10-30,-0.0030612035982051566,-0.0018927371131033934,0.007477237371770868,-0.0017272562383044425,0.0002446193039571257
2025-10-31,0.011022555079882328,0.00514847943934015,0.0071128123323953235,-0.00034509019417753195,0.003247186812501188
2025-11-03,0.0021145822791429547,-0.0019259669352121003,-0.006932970436851116,-0.00016483605372251495,-0.006344675658867443
2025-11-04,-0.010448936736522342,-0.012575505608135982,-0.0054098854711188485,-0.015719237326087182,-0.009983158238373048
2025-11-05,0.012597821784170475,0.015081135382755585,-0.007890915184359696,0.009647547751304586,0.011151411384870757
2025-11-06,-0.002260638005962624,-0.002634805197740342,-0.006001415564134113,-0.0034021981037977377,-0.0017866669013540185
2025-11-07,-0.0006659996206580441,0.0023643117641433545,-0.01559648618665574,-0.0017910263002351523,0.003310113700267914
2025-11-10,0.012406518559069532,0.013127768085217453,-0.007233598160695357,0.007061558235122892,0.0104419860771437
2025-11-11,0.00229245121608821,0.0016932647669781582,0.00363610992517725,-0.0056521312789047425,0.005297876098515019
2025-11-12,0.0030951410043136693,0.006419639118940815,0.004608745531044251,0.0051358999266919655,0.006595221264638631
2025-11-13,-0.01610341058476881,-0.015077840562345766,-0.014157216408908272,-0.020479925883436147,-0.012094366995185027
2025-11-14,-0.003347646043217392,-0.004249338727648742,-0.0015245135546052462,0.00041821403729246944,-0.004365728540773477
2025-11-17,-0.0098025819854823,-0.012392139057114926,-0.0228280927937311,-0.021423534553086612,-0.012178274502322863
2025-11-18,-0.01027023147474455,-0.008194766248790598,0.00010454534529528861,-0.013864616539754541,-0.005328944257351843
2025-11-19,0.001773256908424869,0.003902828778970393,-0.003551609346900583,-0.0009482764975380787,0.002269643268523817
2025-11-20,-0.025645430060899,-0.023726581412277747,-0.011874970361330034,-0.025786524504159344,-0.01883187510080301
2025-11-21,0.015827088547852124,0.01587138720922559,0.017657362232464884,0.015630685524317206,0.016207022676295233
2025-11-24,0.012933768244058678,0.013163010893352213,0.001586898153226444,0.02028907283374359,0.009628821640476574
2025-11-25,0.01477073464928812,0.013252062967592404,0.007073226837490412,0.006372949746719094,0.01184702937164735
2025-11-26,0.011255636244392301,0.011697244568506142,0.012005731291548763,0.016176386950668795,0.011215480910184726
2025-11-28,0.011471235110694034,0.012610013701075897,0.003740323923508308,0.008280198174618333,0.009948653954019076
2025-12-01,-0.006333304230610468,-0.005800359410348076,-0.015308979995966738,-0.010599837795265712,-0.006389432282143014
2025-12-02,0.004916803195044548,0.00519317894399498,0.008794969681821033,0.005397136265510897,0.00273777271369496
2025-12-03,0.0014701604609727854,0.004676733914372816,0.004664403156247034,-0.0039059259418762152,0.003538881587571982
2025-12-04,0.00225547536383553,-0.001219158136751052,0.0011584163640276524,0.0017378646952030024,-0.0010358456530305273
2025-12-05,0.008077907014539632,0.006119420529596025,0.002415392001386973,0.008132164036728054,0.0033868193485792402
2025-12-08,-0.0008183305232712864,-0.0010497683336851311,0.005216693431012514,0.004642131032705461,-0.0029358441718393405
2025-12-09,-0.002779425487266342,0.00045724929201217254,-0.009214851091111363,-0.0008006241342454513,0.0014127972983886308
2025-12-10,0.01986975778528062,0.018295134193994086,0.012270573742799565,0.013954904004186922,0.015793814398897495
2025-12-11,0.013863726437911571,0.010291280145081712,0.016363572365776402,0.015636724788074555,0.011663726873465598
2025-12-12,-0.013695308347985775,-0.012916945680587447,-0.01356508561701553,-0.016275533432601172,-0.008975204063925227
2025-12-15,-0.0009671046759880324,0.0007446017659336038,0.0022814710837255362,0.0016634733333165655,0.002515814774137979
2025-12-16,-0.005405819753671919,-0.008356405718073931,-0.0015754875668009907,-0.0036928310676151094,-0.00853436050061655
2025-12-17,-0.009356410998320606,-0.00799899309094462,-0.009109967524199875,-0.015789040691501707,-0.004442402528664855
2025-12-18,0.007965433560560436,0.00903135724483477,-0.007111558931057054,0.011632817889258374,0.0043752762398929545
2025-12-19,0.013265285634421108,0.012787904141272972,0.015521877095049302,0.021509922480360412,0.010342479759809127
2025-12-22,0.003413207404846453,0.00856952670609749,0.007558402271009207,0.014323245649710516,0.008790700048303346
2025-12-23,0.00264682693034007,0.0021893403226684815,0.004729031988709228,0.0026656691015813443,0.002093983918421724
2025-12-24,0.0042392975696634565,0.005162181971520571,0.004459062608920745,0.008895528867938983,0.004570967061905794
2025-12-26,0.0021706755366436774,0.0013915620772029774,-0.0007123647354101183,6.660491967165247e-05,0.0015437962533998394
2025-12-29,-0.00396044005047991,-0.0031735464214622438,-0.0008438534275745976,0.0007563844987720867,-0.004114921276162994
2025-12-30,-0.004498494593182115,-0.003273090302528924,-0.0036897952936842085,-0.0019345255088531548,-0.0019834077751533915
2025-12-31,-0.010911610585597026,-0.010708365845806185,-0.01015495500161179,-0.012750663369376285,-0.009978168883477743
2026-01-02,0.023355084800700723,0.02270107608719115,0.007663095995778307,0.02303958337360125,0.016035485843201972
2026-01-05,0.005080774276039794,0.00875941995139794,0.0008465497801145787,0.0059929532696234075,0.007318478137763782
2026-01-06,0.02316145505362268,0.01879216019466478,0.016547550884646295,0.01867399024242899,0.014683458960508676
2026-01-07,-0.013882746981524257,-0.011949007427614775,-0.016716536922769355,-0.01579754638424341,-0.011167153954004059
2026-01-08,0.0014758082928957165,0.004832670900426409,0.0019119710232368197,-0.0049352572256101245,0.007535377487498468
2026-01-09,0.012445798559120463,0.012009639521309083,0.013836527166397319,0.012924307017533485,0.009378728562122953
2026-01-12,0.0028079286459758938,-0.00012243822814221204,0.00030361068110054765,-0.002308968787420934,0.001196020251982362
2026-01-13,-0.0012638217154874248,-0.0012862240796137725,-0.007829194571256099,-0.01578056269564783,-0.0012926280012449806
2026-01-14,0.004007271186852886,0.0045836204447246695,0.007904985772543803,0.0024153886668246576,0.005980489823788247
2026-01-15,0.00602006985229459,0.0074504110046278256,0.0016889189172637079,0.004232943336425948,0.004711293850149288
2026-01-16,-0.0019587978404924365,-1.6357710304063772e-05,0.006390561205942408,0.006071277777471459,-0.0010922399548717971
2026-01-20,-0.017761759943513096,-0.016139579533704013,-0.023311537303984498,-0.022780879722817764,-0.013686084230863918
2026-01-21,0.020496569574545587,0.02006722719575168,0.017516741448267845,0.011763760977103022,0.016132072351329952
2026-01-22,0.0009162775407419192,0.001673986257944702,0.015548987252448895,0.0007133367363691885,0.0013054839738389965
2026-01-23,-0.00648544710391163,-0.009420462731157809,-0.0036348984283631194,-0.005533609878459305,-0.006187042672268793
2026-01-26,0.0012955956267630018,0.0005878582869912087,-0.0004974468625213771,0.00028645217798864084,0.00042441054759134365
2026-01-27,0.0051631653275401625,0.006686730344335391,0.004816507174538716,0.005879445618189244,0.006424900925280667
2026-01-28,0.00892303525650689,0.010342249159370973,0.006240603525437879,0.009328881329398117,0.0073715611224198455
2026-01-29,0.006276649223151347,0.007235092156625335,0.025850423671476802,0.015247797561456812,0.007578169661121993
2026-01-30,-0.011978550185447323,-0.01267389516024835,-0.0033760941321114273,-0.018415892611994972,-0.00807041990934369
2026-02-02,0.018294164004662224,0.01584064578962468,0.019561468598794533,0.023848290042094093,0.013588601293734133
2026-02-03,0.005140182467902781,0.002692539937459734,-0.006665793271749586,-0.011218659662646562,0.004089583618967408
2026-02-04,0.0028189094180237277,0.0030866858445407685,-2.7933262200448804e-05,-0.0047579635111853775,0.006188562974872404
2026-02-05,-0.007038391706068705,-0.007983986400489277,-0.0036748728103509556,-0.010572820871842487,-0.006882813299674977
2026-02-06,0.022321786266940633,0.020837468303839916,0.018414039539384898,0.019771358877045828,0.017790082763768894
2026-02-09,0.0002378577876316866,0.0007674908681670565,9.555716690875875e-05,-0.006461656597913342,0.0002064189759440867
2026-02-10,-0.001153836773748751,-0.00018578126138756902,0.0009694395610925907,0.00472585334856465,0.0019570142868941304
2026-02-11,0.009672490681705344,0.01070189864799988,0.006167000767519917,0.009299581611661228,0.010462492474663245
2026-02-12,-0.011855340383372357,-0.014773771594816115,-0.025943872264523403,-0.01810399810623103,-0.013067826603756556
2026-02-13,0.00871968925324744,0.009500496966982536,0.013342667925238236,0.0062426521701324945,0.009588140836668285
2026-02-17,-0.00019535049442802723,-0.002750660962350336,0.00102648361225693,0.0010698690431238016,-0.003893922063868939
2026-02-18,0.005832147622180189,0.008452542145733603,0.0021124284138650186,0.0091613938351154,0.006770126196913621
2026-02-19,-0.006690182723830318,-0.006588780424517857,0.00385595838296949,0.0019005444674892163,-0.005032642745502013
2026-02-20,0.0058861306181275524,0.0057885016120430115,0.004947479082433613,0.009991114174865735,0.0040647099237676055
2026-02-23,-0.012457804994324972,-0.013527849439859435,-0.0201913638790541,-0.021333737230640575,-0.009293354912887552
2026-02-24,0.005432081665809811,0.007169644620990491,0.004605347828283852,0.004006265276830899,0.00629674072194435
2026-02-25,0.0038427062251431827,0.004851807001153583,0.000955516982804917,0.01085510474479429,0.001637277571302608
2026-02-26,-0.003769765551940012,-0.0032058661771490037,-0.004086799158284794,-0.003926408474919822,-0.0021235496249670427
2026-02-27,0.012522255710700638,0.005068887451406796,0.05508172354552496,0.04466889781221037,0.011212798382014031
2026-03-02,-0.002204751969720841,-0.0023632154878667493,0.020514602059119515,0.012408319801175634,-0.0021743934654263252
2026-03-03,-0.020595834103252997,-0.020575475619405956,-0.02024976064501252,-0.02676876556816029,-0.019388849590740144
2026-03-04,0.006670001378679913,0.006857507471738538,0.0011068521360708115,0.007144292436693471,0.004568639227246008
2026-03-05,-0.015653946581352454,-0.014832466514605003,-0.01204385281022385,-0.00931165530616227,-0.014290425253406888
2026-03-06,-0.012960711191895543,-0.015794748011188468,0.000988924311961134,-0.008606831885836845,-0.01062141338113174
2026-03-09,0.00646137222734797,0.005823839822258939,7.272197577700085e-05,0.0023038120000136307,0.0026234845772194794
2026-03-10,-0.001723689330483912,-0.0003806814955431136,-0.007555504654800904,-0.0033042075382924284,-0.001839218269258922
2026-03-11,-0.003704221831373274,-0.002937328700057247,-0.004014016237936466,-0.0022061766756876645,-0.005408931589327194
2026-03-12,-0.018802964302847818,-0.017355182263432533,-0.004556564087039963,-0.01220420565666204,-0.014995769097709888
2026-03-13,0.001867751913928637,0.0006829721212477796,0.00016250488009609794,0.005963513498098984,0.0004502820507409697
2026-03-16,0.011931087413490192,0.009297822582128175,0.012253939972447746,0.015603909760600835,0.008452095809492296
2026-03-17,0.00527102469486973,0.006850252213083273,-0.009094855915016378,-0.0026882105125681137,0.0035803804506929207
2026-03-18,-0.018986911459079686,-0.013907065191097547,-0.016274498432697754,-0.017244272966979935,-0.015580335627810159
2026-03-19,0.001869437543185657,-0.0016024422666730646,0.009669869375979507,0.0036367651262386343,-0.0026202361926644757
2026-03-20,-0.015083399861097442,-0.012493607898480722,-0.006422879725235217,-0.0055723737014173125,-0.010339473225349831
2026-03-23,0.012606311763732208,0.012667693829891698,0.00995322652965153,0.00859917924868259,0.012211222356368345
2026-03-24,0.009271579143640234,0.009272749392234374,0.018687508232539684,0.014229754230160109,0.007428360027395573
2026-03-25,0.008824346151771505,0.006180927823812198,0.016467249107418244,0.011335938823952025,0.007420294028789787
2026-03-26,-0.019768746149260837,-0.017768025112846364,-0.015538925441737841,-0.023408583506697486,-0.014444645786007487
2026-03-27,-0.012459373644821595,-0.009703347416800578,-0.021521676760004882,-0.016968537550494874,-0.008075225828247087
2026-03-30,-0.013113836031035657,-0.011155114928247261,-0.012195761224415957,-0.01842669419229719,-0.007888751095032663
2026-03-31,0.02398106650564709,0.02389471904148652,0.011712153159488991,0.012705026318647322,0.018150346803958245
2026-04-01,0.014360711834828413,0.008834154235237689,0.01398343203147797,0.014344871995816506,0.005279935333415916
2026-04-02,0.00036439503792421867,-0.001559648645930585,0.0092237308349258,0.006939578416303708,-0.0006593101236279884
2026-04-06,0.007148182811582559,0.00801570762782442,0.008458110091715706,0.009130411441194941,0.006291968194582467
2026-04-07,0.00010695720193594212,0.00021420009058231715,-0.0005647555366043028,0.0041220560426873856,-0.001427065952592895
2026-04-08,0.03610462612425085,0.033217565558905746,0.026698609876468243,0.03376522186815522,0.02782002729704445
2026-04-09,0.002247385685069225,0.003939413900370101,-0.006075837600726571,-0.001600131625628751,0.0018788481632906991
2026-04-10,-0.006218451074154009,-0.004632794566557159,-0.013145641114701997,-0.009268706431881983,-0.006170987362953284
2026-04-13,0.012726763908847126,0.009249726790645684,0.023457677118336608,0.023164424934239872,0.007553067874797779
2026-04-14,0.0038197018551934547,0.003448020525237246,-0.006920558016699055,0.0024257001970828017,0.0022308948979001837
2026-04-15,-0.006926277531535567,-0.006393819437180118,-0.01082317341760907,-0.01117138536303218,-0.007584878707522943
2026-04-16,0.005760466399491586,0.006794895635737257,0.019134372497244156,0.016130303959588813,0.007314759113484915
2026-04-17,0.015526205340025207,0.013217867347640768,0.0031639729765201505,0.009740324149312536,0.012706393574315716
2026-04-20,0.00022847710356244523,-0.0003599588570981101,0.003205739639649904,0.0035107155283105357,-0.0020654878332389205
2026-04-21,-0.005664689508207437,-0.008673641654329718,0.002014172300469395,-0.001060389448542775,-0.010286876386414866
2026-04-22,0.0002720612170660586,0.0019181792223036125,-0.005793997675767403,0.004450402943131228,0.00043618655178155814
2026-04-23,0.011706932198615832,0.008803810214830994,-0.01267122004170691,-0.007587446977412761,0.0076463185539233595
2026-04-24,0.005793031126614324,0.00947149093732456,-0.004483007467486204,0.0070615853739949075,0.006459644076697504
2026-04-27,-0.003334859341729294,-0.0028224246863712147,-0.0019176261389855656,0.0010827216457382298,-0.004419873732428521
2026-04-28,-0.009558871146025268,-0.0079730977169566,-0.015357877342688373,-0.01792127739219758,-0.005468331169858304
2026-04-29,0.008663555874294702,0.007850587734207343,0.005464550858579362,0.01864939770480838,0.005020092701417206
2026-04-30,0.018582439034868236,0.015231797153608048,0.00575345118088916,-6.242772289719424e-05,0.01329134693012237
2026-05-01,-0.004158195195317245,-0.0014902748321616963,-0.0059168037059640875,-0.0009418858555066902,-0.002493419799807578
2026-05-04,-0.008592263334818374,-0.007834976791829807,0.009375140638856349,0.006124616776193534,-0.008349006986876333
2026-05-05,0.019914701654398508,0.020816551299740756,0.003643003205420431,0.015777490403638836,0.015931656737876665
2026-05-06,0.0280713767611466,0.023294933857267486,0.03903072016602807,0.037588822732844064,0.021234696475112592
2026-05-07,-0.01357706937426074,-0.014764189841986089,-0.0151469508654223,-0.013904766285518393,-0.012366621623974478
2026-05-08,0.022932746207798994,0.02313562984020697,0.0333360151859236,0.05116270851113232,0.01875842361178491
2026-05-11,0.010569687075156261,0.009847095457499755,-0.012299897611449586,-0.002391407068803676,0.004197982099524751
2026-05-12,-0.015258256988452438,-0.012516167775792392,-0.006622332692275243,-0.01291085390855689,-0.008011271880113528
2026-05-13,0.0033686246913013362,0.00413613971284256,0.001037285797487855,0.004865871902061196,0.001974429772740651
2026-05-14,-0.0007448338749694808,7.299575312053226e-05,0.004757854545997463,0.0003282801103473053,0.0014407518639466014
2026-05-15,-0.014085941729104207,-0.01657572091333237,-0.012940003700422179,-0.01851311039128569,-0.01487414527052729
2026-05-18,-0.0004063173749661304,-0.00048400288333789445,0.002205609426998176,-0.00332013230625918,0.003157104350288431
2026-05-19,-0.00776190610732585,-0.005220050245648738,-0.008842582950460335,-0.00479074573049439,-0.0041277567755646696
2026-05-20,0.012312187788210142,0.013227304128589116,0.010730838366774138,0.018196340118891798,0.00946466770707515
2026-05-21,0.01270760567738933,0.01010391646897074,0.01354516787103906,0.018830283738553305,0.01036926436515144
2026-05-22,0.024922258626070677,0.016087957739438184,0.06482894848947728,0.04900661981487537,0.018625710503005707
2026-05-26,0.0205157769128219,0.02057982981871311,0.01323623391386033,0.034677654237389006,0.013653531561225379
2026-05-27,0.0006787148377952155,2.9982494788937156e-05,-0.001201516386977723,0.003942129630612186,0.0014338532823672053
2026-05-28,0.003395894482110618,0.0018030602808469989,0.01793281589742119,0.011238643834438358,0.0025337096148223166
2026-05-29,0.03065090061288602,0.014156747721026772,0.12378327005508845,0.1146064389649039,0.020911504898830497
2026-06-01,0.007417038205983737,0.0038217597514762385,0.04283675415205435,0.04603905243575155,0.0063102490972205445
2026-06-02,-0.0024901938420459867,0.006544818788174051,-0.03868698435093705,-0.02603767832137842,0.00037156174739898587
2026-06-03,-0.00016639914404649112,-0.0009621453679051579,-0.01609964813338064,-0.013454674691686964,-0.005642090687480726
2026-06-04,0.002193965378341819,0.0005248482733768781,0.006711960479810058,-0.0006338794850044519,0.0029523268561016504
2026-06-05,-0.03391146447016137,-0.03513639982090494,-0.0279717065887982,-0.0442849319872735,-0.025871268707579886
2026-06-08,0.009085408542350563,0.01452473859304721,0.003329764840185892,0.016831155395865993,0.008804731048414992
2026-06-09,-0.004738451411316239,-0.0009801973862534844,-0.01526946669302539,-0.011911975139237918,-0.00032564005180872667
2026-06-10,-0.02348224399088604,-0.019000821508362544,-0.025156643511923385,-0.023206987010282634,-0.01608633001411916
2026-06-11,0.03814630906591652,0.03749171640027621,0.038736875530378134,0.04484108880162453,0.030006958924323222
2026-06-12,0.01447453953567679,0.01404990895752895,0.003969083368018763,0.006090889974304511,0.011216774153084523
2026-06-15,0.027559916855771777,0.02160078647145647,0.015193103924569535,0.030761456764854082,0.01568519916880345
2026-06-16,0.0008105273318426947,-0.008248193298795576,0.003140003242978861,-0.006423194004938422,-0.0049022525973946365
2026-06-17,0.0025175924650588906,8.306619815271247e-05,0.01176031461685119,0.016543055772419175,-0.0025626909919437826
2026-06-18,0.01019871273658338,0.01439162584299929,-0.015990556024786814,0.0007249830648420712,0.006452625560545494
2026-06-22,0.003873011680949057,0.010103002976782691,0.005716427983897857,0.015138322932434167,0.006977604336147346
2026-06-23,-0.02135379014017288,-0.025372225910771228,0.00987763345624173,-0.013401498220028178,-0.013449058228660429
2026-06-24,-0.0022191860783585845,-0.0027193709806840553,0.0055926363325037535,0.006342696303361144,-0.0011914236789709529
2026-06-25,0.011917857715098205,0.021279692019720336,-0.022282052854551797,0.006723827555922811,0.013341842663633243
2026-06-26,-0.026803691967667822,-0.022756176862177686,-0.006925173584967034,-0.01811199653930072,-0.013542634265714204
2026-06-29,0.02279926451161665,0.017007296900406924,0.018692904206156317,0.02481042089108467,0.01244866943448386
2026-06-30,0.005341015263940511,0.006306428027815694,0.023951446735845025,0.01897615629119956,0.00405003722872597
2026-07-01,-0.013090410480680903,-0.018960677376874464,-0.003362701395244707,-0.01830322130176451,-0.011330676416136547
2026-07-02,-0.016020850941780455,-0.013439649207739908,-0.018761124408904283,-0.026576360058214295,-0.006019489840297957
2026-07-06,0.013584509945728475,0.008640648895450864,0.015262753559765894,0.01484273426213074,0.006403026831542213
2026-07-07,-0.014566729377238291,-0.01574462395561211,0.006452995351023326,-0.008556499879856488,-0.007994160206686035
2026-07-08,2.2474769091939198e-05,-0.0038215366629312294,0.009490915652002512,0.007385533314342657,-0.005283363425573541
2026-07-09,0.01494107311368141,0.01310445692216549,0.018344930549275246,0.02453144876807756,0.009680892239203445
2026-07-10,-0.0027791509505178955,0.0015431844561974437,-0.016526541515525184,-0.011164854981234283,0.0007758419648243703
2026-07-13,-0.013148578078063638,-0.01194385118958434,-0.005751316498481429,-0.009966736866264638,-0.007771211634520409
2026-07-14,0.008665358677592716,0.006734939681305308,0.030901637509758783,0.03183787895625971,0.003054074036280813
2026-07-15,-0.024144341224541108,-0.01655504904525937,-0.047195498006868265,-0.05017568258698615,-0.015752915975159126
2026-07-16,-0.009690285755256725,-0.008998880498626337,-0.013491530884200763,-0.02038957815885769,-0.0028840975294648023
2026-07-17,-0.003241479957829734,-0.007469145793976742,-0.00014825545335411133,-0.0029713428038976902,-0.00613839654737278
2026-07-20,-0.006193953159968395,-0.0036505017871708663,-0.01600303895225135,-0.010449204944562607,-0.004920795971440187
2026-07-21,0.027130332105620943,0.02760933719236202,0.02180715898059507,0.03487724042464191,0.022164841799254223
2026-07-22,0.014565271769696112,0.007999873226609094,0.04132867523686299,0.03156890692602137,0.01220971915834988
2026-07-23,0.0012313690495788761,-0.00115232887268736,0.01504896507729464,0.006367326102169363,-0.0013234427342790523
2026-07-24,-0.00658533540526269,-0.007610167513119251,0.0037250628785639945,-0.006104928907757824,-0.0012016694720538004
2026-07-27,-0.0030230325013415413,-0.0010796353409478756,-0.006893715425273443,-0.006871683145920178,0.0008688546962962842
2026-07-28,-0.01519181667372588,-0.012770360100722886,-0.030987087490795862,-0.04006422311456064,-0.009017683558429287
2026-07-29,-0.02176896149701519,-0.02470759800000246,-0.03179313519479082,-0.03763007037348012,-0.02042833820513304
2026-07-30,0.030890142710530394,0.027731280674926136,0.047553783902231375,0.058041584620500505,0.01905519121375097
2026-07-31,0.0009622692721063639,-0.003583565725858607,0.0019767084597128665,-0.004384068681952039,-0.002292647063224634
2026-08-03,0.010492309988687819,0.0072661428046199355,0.026819848447747527,0.025110961966432664,0.007872750584230865
2026-08-04,0.034005614698216405,0.03195123061898991,0.04836366737870431,0.04741015358532538,0.02902358941051538
2026-08-05,-0.007794422724430249,-0.0038708822852935878,-0.010358493212856637,-0.00488896178450512,-0.0025546964309979803
2026-08-06,-0.01972383778316249,-0.009988620251393606,-0.024887189473624366,-0.02047111782286566,-0.00883101642663926
2026-08-07,0.00601855805090991,0.0069190216779000755,0.016402260204908002,0.010377237231690066,0.008184626175297128
2026-08-10,0.00030980915783485725,-0.0012997885205952337,0.008007477778829174,0.0016905334580579376,0.001958751589872161
2026-08-11,-0.0011904091875450675,0.0024212821154068224,-0.015397465393466963,-0.012965622540293582,0.00019896019765325203
2026-08-12,0.01884033530094984,0.012645364447318314,0.04725587370198009,0.04400780094810525,0.012848318167524776
2026-08-13,0.013437392389722913,0.008666441948408368,0.010401104817290154,0.015843501588164534,0.008340707102011994
2026-08-14,0.0016731672864533857,0.0003362332510441141,-0.00025478173963275954,3.184618883195819e-05,0.0003874737736761412
2026-08-17,-0.0011249192201623756,0.0007328029799437302,-0.015982855221838694,-0.007262516193335503,-0.002960200232311044
2026-08-18,-0.014521372728872599,-0.014458192725117678,-0.0030228319746135896,-0.013371955843506944,-0.008567741700971706
2026-08-19,-0.012824580505940627,-0.007379913886682708,-0.03587647468094471,-0.02943689241262742,-0.0037931338690799054
2026-08-20,-0.007380381445264369,-0.006836539320856785,-0.01242448862388258,-0.003126838609465579,-0.00712162764045098
2026-08-21,0.004384197736387006,0.004120987028179009,0.009283286503791847,0.008123702078270649,0.006226651769553497
2026-08-24,-0.006752137370695133,-0.007128267434713386,-0.0016768791328396818,-0.00845194347640476,-0.003873854148681645
2026-08-25,0.010071695978227319,0.006229480123131927,0.017685152374919855,0.019246230185190335,0.006122392207065489
2026-08-26,0.007628749033523655,0.0036943279307236144,0.015837459684629254,0.012987345377535183,0.0027475349296746826
2026-08-27,-0.0018837959313107845,-0.001400089155488224,0.006147290213668119,0.0018788119902558758,-0.0021123251595233416
2026-08-28,-0.010690656519741118,-0.00910106737662833,-0.020601056219141125,-0.014114195238828751,-0.008007483449005457
2026-08-31,-0.005462431316790252,-0.0027907011415687142,-0.0028718942401614947,-0.0023966802193013956,-0.0035823451939973813
