,Date,Model,Ticker,Weight
0,2002-01-02,Simulated (Max Sharpe Ratio),PPG,0.03473748449024783
1,2002-01-02,Simulated (Max Sharpe Ratio),DELL,0.07636196536491016
2,2002-01-02,Simulated (Max Sharpe Ratio),QCOM,0.006307754485171692
3,2002-01-02,Simulated (Max Sharpe Ratio),AMAT,0.0033502002464542
4,2002-01-02,Simulated (Max Sharpe Ratio),MRK,0.0007376349739078596
5,2002-01-02,Simulated (Max Sharpe Ratio),AME,0.016218547138069035
6,2002-01-02,Simulated (Max Sharpe Ratio),PG,0.006378627729652745
7,2002-01-02,Simulated (Max Sharpe Ratio),CL,0.011199461832934833
8,2002-01-02,Simulated (Max Sharpe Ratio),V,0.014379943491285251
9,2002-01-02,Simulated (Max Sharpe Ratio),MA,0.03349067423540789
10,2002-01-02,Simulated (Max Sharpe Ratio),MU,0.009153011219060507
11,2002-01-02,Simulated (Max Sharpe Ratio),T,0.020251406646445237
12,2002-01-02,Simulated (Max Sharpe Ratio),JPM,0.000387822524428025
13,2002-01-02,Simulated (Max Sharpe Ratio),JNJ,0.004692419541309893
14,2002-01-02,Simulated (Max Sharpe Ratio),INTC,0.01192438582154234
15,2002-01-02,Simulated (Max Sharpe Ratio),GE,0.014391709912334079
16,2002-01-02,Simulated (Max Sharpe Ratio),MS,0.02386803460726809
17,2002-01-02,Simulated (Max Sharpe Ratio),RTX,0.02059456945194878
18,2002-01-02,Simulated (Max Sharpe Ratio),TXN,0.00802098894081265
19,2002-01-02,Simulated (Max Sharpe Ratio),IBM,0.02526198730921078
20,2002-01-02,Simulated (Max Sharpe Ratio),SPGI,0.00537204482229263
21,2002-01-02,Simulated (Max Sharpe Ratio),LMT,0.00034667250577888884
22,2002-01-02,Simulated (Max Sharpe Ratio),ADP,0.011244816246320778
23,2002-01-02,Simulated (Max Sharpe Ratio),COF,0.0017153474294751838
24,2002-01-02,Simulated (Max Sharpe Ratio),WDC,0.0011690069829647651
25,2002-01-02,Simulated (Max Sharpe Ratio),ABT,0.015160298052773753
26,2002-01-02,Simulated (Max Sharpe Ratio),GILD,0.03793885824061148
27,2002-01-02,Simulated (Max Sharpe Ratio),UNP,0.027871024452492704
28,2002-01-02,Simulated (Max Sharpe Ratio),ADI,0.01001686438591138
29,2002-01-02,Simulated (Max Sharpe Ratio),TMUS,0.007134550632384483
30,2002-01-02,Simulated (Max Sharpe Ratio),MMM,0.021351892595325602
31,2002-01-02,Simulated (Max Sharpe Ratio),ADBE,0.04090685140925445
32,2002-01-02,Simulated (Max Sharpe Ratio),AXP,0.003611990245589779
33,2002-01-02,Simulated (Max Sharpe Ratio),BA,0.0057291759069277495
34,2002-01-02,Simulated (Max Sharpe Ratio),CVX,0.007799056423781229
35,2002-01-02,Simulated (Max Sharpe Ratio),CSCO,0.001596753129809418
36,2002-01-02,Simulated (Max Sharpe Ratio),DD,0.0019097330339970962
37,2002-01-02,Simulated (Max Sharpe Ratio),XOM,0.0006861711212073317
38,2002-01-02,Simulated (Max Sharpe Ratio),FDX,0.023532450484831217
39,2002-01-02,Simulated (Max Sharpe Ratio),GS,0.0038235031902831658
40,2002-01-02,Simulated (Max Sharpe Ratio),GM,0.004834523034531431
41,2002-01-02,Simulated (Max Sharpe Ratio),HAS,0.040583803914309186
42,2002-01-02,Simulated (Max Sharpe Ratio),JBL,0.005556881655865237
43,2002-01-02,Simulated (Max Sharpe Ratio),KMB,0.010206662385173383
44,2002-01-02,Simulated (Max Sharpe Ratio),KLAC,0.08445425078337718
45,2002-01-02,Simulated (Max Sharpe Ratio),LOW,0.18582188026320837
46,2002-01-02,Simulated (Max Sharpe Ratio),MKC,0.005539391838942904
47,2002-01-02,Simulated (Max Sharpe Ratio),NEM,0.05691460070456381
48,2002-01-02,Simulated (Max Sharpe Ratio),OLN,0.012352906688106567
49,2002-01-02,Simulated (Max Sharpe Ratio),PH,0.023109407477507116
50,2002-01-02,Equal-Weight,PPG,0.02
51,2002-01-02,Equal-Weight,DELL,0.02
52,2002-01-02,Equal-Weight,QCOM,0.02
53,2002-01-02,Equal-Weight,AMAT,0.02
54,2002-01-02,Equal-Weight,MRK,0.02
55,2002-01-02,Equal-Weight,AME,0.02
56,2002-01-02,Equal-Weight,PG,0.02
57,2002-01-02,Equal-Weight,CL,0.02
58,2002-01-02,Equal-Weight,V,0.02
59,2002-01-02,Equal-Weight,MA,0.02
60,2002-01-02,Equal-Weight,MU,0.02
61,2002-01-02,Equal-Weight,T,0.02
62,2002-01-02,Equal-Weight,JPM,0.02
63,2002-01-02,Equal-Weight,JNJ,0.02
64,2002-01-02,Equal-Weight,INTC,0.02
65,2002-01-02,Equal-Weight,GE,0.02
66,2002-01-02,Equal-Weight,MS,0.02
67,2002-01-02,Equal-Weight,RTX,0.02
68,2002-01-02,Equal-Weight,TXN,0.02
69,2002-01-02,Equal-Weight,IBM,0.02
70,2002-01-02,Equal-Weight,SPGI,0.02
71,2002-01-02,Equal-Weight,LMT,0.02
72,2002-01-02,Equal-Weight,ADP,0.02
73,2002-01-02,Equal-Weight,COF,0.02
74,2002-01-02,Equal-Weight,WDC,0.02
75,2002-01-02,Equal-Weight,ABT,0.02
76,2002-01-02,Equal-Weight,GILD,0.02
77,2002-01-02,Equal-Weight,UNP,0.02
78,2002-01-02,Equal-Weight,ADI,0.02
79,2002-01-02,Equal-Weight,TMUS,0.02
80,2002-01-02,Equal-Weight,MMM,0.02
81,2002-01-02,Equal-Weight,ADBE,0.02
82,2002-01-02,Equal-Weight,AXP,0.02
83,2002-01-02,Equal-Weight,BA,0.02
84,2002-01-02,Equal-Weight,CVX,0.02
85,2002-01-02,Equal-Weight,CSCO,0.02
86,2002-01-02,Equal-Weight,DD,0.02
87,2002-01-02,Equal-Weight,XOM,0.02
88,2002-01-02,Equal-Weight,FDX,0.02
89,2002-01-02,Equal-Weight,GS,0.02
90,2002-01-02,Equal-Weight,GM,0.02
91,2002-01-02,Equal-Weight,HAS,0.02
92,2002-01-02,Equal-Weight,JBL,0.02
93,2002-01-02,Equal-Weight,KMB,0.02
94,2002-01-02,Equal-Weight,KLAC,0.02
95,2002-01-02,Equal-Weight,LOW,0.02
96,2002-01-02,Equal-Weight,MKC,0.02
97,2002-01-02,Equal-Weight,NEM,0.02
98,2002-01-02,Equal-Weight,OLN,0.02
99,2002-01-02,Equal-Weight,PH,0.02
100,2002-01-02,Markowitz,PPG,0.0
101,2002-01-02,Markowitz,DELL,0.0
102,2002-01-02,Markowitz,QCOM,0.0
103,2002-01-02,Markowitz,AMAT,0.0
104,2002-01-02,Markowitz,MRK,0.0
105,2002-01-02,Markowitz,AME,0.0
106,2002-01-02,Markowitz,PG,0.0
107,2002-01-02,Markowitz,CL,0.0
108,2002-01-02,Markowitz,V,0.0
109,2002-01-02,Markowitz,MA,0.0
110,2002-01-02,Markowitz,MU,0.0
111,2002-01-02,Markowitz,T,0.0
112,2002-01-02,Markowitz,JPM,0.0
113,2002-01-02,Markowitz,JNJ,0.10328
114,2002-01-02,Markowitz,INTC,0.0
115,2002-01-02,Markowitz,GE,0.0
116,2002-01-02,Markowitz,MS,0.0
117,2002-01-02,Markowitz,RTX,0.0
118,2002-01-02,Markowitz,TXN,0.0
119,2002-01-02,Markowitz,IBM,0.0
120,2002-01-02,Markowitz,SPGI,0.0
121,2002-01-02,Markowitz,LMT,0.24586
122,2002-01-02,Markowitz,ADP,0.0
123,2002-01-02,Markowitz,COF,0.0
124,2002-01-02,Markowitz,WDC,0.04115
125,2002-01-02,Markowitz,ABT,0.0
126,2002-01-02,Markowitz,GILD,0.00796
127,2002-01-02,Markowitz,UNP,0.0
128,2002-01-02,Markowitz,ADI,0.0
129,2002-01-02,Markowitz,TMUS,0.0
130,2002-01-02,Markowitz,MMM,0.0
131,2002-01-02,Markowitz,ADBE,0.0
132,2002-01-02,Markowitz,AXP,0.0
133,2002-01-02,Markowitz,BA,0.0
134,2002-01-02,Markowitz,CVX,0.00821
135,2002-01-02,Markowitz,CSCO,0.0
136,2002-01-02,Markowitz,DD,0.0
137,2002-01-02,Markowitz,XOM,0.0
138,2002-01-02,Markowitz,FDX,0.0
139,2002-01-02,Markowitz,GS,0.0
140,2002-01-02,Markowitz,GM,0.0
141,2002-01-02,Markowitz,HAS,0.13638
142,2002-01-02,Markowitz,JBL,0.0
143,2002-01-02,Markowitz,KMB,0.0
144,2002-01-02,Markowitz,KLAC,0.0
145,2002-01-02,Markowitz,LOW,0.28457
146,2002-01-02,Markowitz,MKC,0.12753
147,2002-01-02,Markowitz,NEM,0.04506
148,2002-01-02,Markowitz,OLN,0.0
149,2002-01-02,Markowitz,PH,0.0
150,2002-01-02,Risk-Parity,PPG,0.00847981240102172
151,2002-01-02,Risk-Parity,DELL,0.10848481775690812
152,2002-01-02,Risk-Parity,QCOM,0.003718257906431061
153,2002-01-02,Risk-Parity,AMAT,0.003960491369294462
154,2002-01-02,Risk-Parity,MRK,0.01722591783197851
155,2002-01-02,Risk-Parity,AME,0.010542026408303415
156,2002-01-02,Risk-Parity,PG,0.01738909324220425
157,2002-01-02,Risk-Parity,CL,0.014838080505801795
158,2002-01-02,Risk-Parity,V,0.10848481775938512
159,2002-01-02,Risk-Parity,MA,0.1084848177826801
160,2002-01-02,Risk-Parity,MU,0.004123403220665889
161,2002-01-02,Risk-Parity,T,0.015195671726714164
162,2002-01-02,Risk-Parity,JPM,0.006261419985509721
163,2002-01-02,Risk-Parity,JNJ,0.025100707168499777
164,2002-01-02,Risk-Parity,INTC,0.004395751522289026
165,2002-01-02,Risk-Parity,GE,0.005987998745487103
166,2002-01-02,Risk-Parity,MS,0.004509870594253279
167,2002-01-02,Risk-Parity,RTX,0.006452973229398723
168,2002-01-02,Risk-Parity,TXN,0.004316533501237426
169,2002-01-02,Risk-Parity,IBM,0.008187364514727798
170,2002-01-02,Risk-Parity,SPGI,0.014282269604751253
171,2002-01-02,Risk-Parity,LMT,0.02788266512783369
172,2002-01-02,Risk-Parity,ADP,0.008844075826071378
173,2002-01-02,Risk-Parity,COF,0.006376088175173472
174,2002-01-02,Risk-Parity,WDC,0.00425705897167422
175,2002-01-02,Risk-Parity,ABT,0.01557157265796329
176,2002-01-02,Risk-Parity,GILD,0.004676726864398555
177,2002-01-02,Risk-Parity,UNP,0.012900787861062116
178,2002-01-02,Risk-Parity,ADI,0.003553898708555596
179,2002-01-02,Risk-Parity,TMUS,0.10848481778984563
180,2002-01-02,Risk-Parity,MMM,0.007750484922505259
181,2002-01-02,Risk-Parity,ADBE,0.004272793237737582
182,2002-01-02,Risk-Parity,AXP,0.005927089758156213
183,2002-01-02,Risk-Parity,BA,0.006936774550475016
184,2002-01-02,Risk-Parity,CVX,0.020621521772989416
185,2002-01-02,Risk-Parity,CSCO,0.0037967349428078617
186,2002-01-02,Risk-Parity,DD,0.008094620289751596
187,2002-01-02,Risk-Parity,XOM,0.015758629807997103
188,2002-01-02,Risk-Parity,FDX,0.010337833732762234
189,2002-01-02,Risk-Parity,GS,0.006061773865883434
190,2002-01-02,Risk-Parity,GM,0.10848481777687304
191,2002-01-02,Risk-Parity,HAS,0.010300595634872591
192,2002-01-02,Risk-Parity,JBL,0.0034588881943982703
193,2002-01-02,Risk-Parity,KMB,0.017688933370055355
194,2002-01-02,Risk-Parity,KLAC,0.0036999486124128507
195,2002-01-02,Risk-Parity,LOW,0.006340173237794636
196,2002-01-02,Risk-Parity,MKC,0.01869709979355693
197,2002-01-02,Risk-Parity,NEM,0.030183952667289616
198,2002-01-02,Risk-Parity,OLN,0.01119554919928111
199,2002-01-02,Risk-Parity,PH,0.007421995872279213
200,2003-01-02,Simulated (Max Sharpe Ratio),PPG,0.017121277588076737
201,2003-01-02,Simulated (Max Sharpe Ratio),DELL,0.005342027434342629
202,2003-01-02,Simulated (Max Sharpe Ratio),QCOM,0.005168253628365698
203,2003-01-02,Simulated (Max Sharpe Ratio),AMAT,0.006472260823698679
204,2003-01-02,Simulated (Max Sharpe Ratio),MRK,0.009080087342148812
205,2003-01-02,Simulated (Max Sharpe Ratio),AME,0.026176541047497958
206,2003-01-02,Simulated (Max Sharpe Ratio),PG,0.014042918911924551
207,2003-01-02,Simulated (Max Sharpe Ratio),CL,0.14596635917277145
208,2003-01-02,Simulated (Max Sharpe Ratio),V,0.007554370238463716
209,2003-01-02,Simulated (Max Sharpe Ratio),MA,0.013058564791481542
210,2003-01-02,Simulated (Max Sharpe Ratio),MU,0.02603512147483448
211,2003-01-02,Simulated (Max Sharpe Ratio),T,0.010517560972010826
212,2003-01-02,Simulated (Max Sharpe Ratio),JPM,6.667606875852133e-05
213,2003-01-02,Simulated (Max Sharpe Ratio),JNJ,0.015730514473550658
214,2003-01-02,Simulated (Max Sharpe Ratio),INTC,0.014916334637213447
215,2003-01-02,Simulated (Max Sharpe Ratio),GE,0.0006747502504275115
216,2003-01-02,Simulated (Max Sharpe Ratio),MS,0.0338782049286907
217,2003-01-02,Simulated (Max Sharpe Ratio),RTX,0.013355432284938804
218,2003-01-02,Simulated (Max Sharpe Ratio),TXN,0.007571358498664905
219,2003-01-02,Simulated (Max Sharpe Ratio),IBM,0.0008173382490442404
220,2003-01-02,Simulated (Max Sharpe Ratio),SPGI,0.0035619568954304965
221,2003-01-02,Simulated (Max Sharpe Ratio),LMT,0.00761227250726807
222,2003-01-02,Simulated (Max Sharpe Ratio),ADP,0.03563465969201875
223,2003-01-02,Simulated (Max Sharpe Ratio),COF,0.005357117455263046
224,2003-01-02,Simulated (Max Sharpe Ratio),WDC,0.0206146802963157
225,2003-01-02,Simulated (Max Sharpe Ratio),ABT,0.002545116000156
226,2003-01-02,Simulated (Max Sharpe Ratio),GILD,0.014256996563940373
227,2003-01-02,Simulated (Max Sharpe Ratio),UNP,0.011466336637099108
228,2003-01-02,Simulated (Max Sharpe Ratio),ADI,0.0030961365674924976
229,2003-01-02,Simulated (Max Sharpe Ratio),TMUS,0.020578974541710437
230,2003-01-02,Simulated (Max Sharpe Ratio),MMM,0.004496775912167396
231,2003-01-02,Simulated (Max Sharpe Ratio),ADBE,0.0029580812707101435
232,2003-01-02,Simulated (Max Sharpe Ratio),AXP,0.007860883361803257
233,2003-01-02,Simulated (Max Sharpe Ratio),BA,0.008667406471641687
234,2003-01-02,Simulated (Max Sharpe Ratio),CVX,0.028888009216744365
235,2003-01-02,Simulated (Max Sharpe Ratio),CSCO,0.010335438210485708
236,2003-01-02,Simulated (Max Sharpe Ratio),DD,0.011110704218946969
237,2003-01-02,Simulated (Max Sharpe Ratio),XOM,0.033037037269882503
238,2003-01-02,Simulated (Max Sharpe Ratio),FDX,0.011884722384223462
239,2003-01-02,Simulated (Max Sharpe Ratio),GS,0.008878080783611023
240,2003-01-02,Simulated (Max Sharpe Ratio),GM,0.0032979419149964245
241,2003-01-02,Simulated (Max Sharpe Ratio),HAS,0.04923942738429682
242,2003-01-02,Simulated (Max Sharpe Ratio),JBL,0.0258623941674951
243,2003-01-02,Simulated (Max Sharpe Ratio),KMB,0.005382469123938773
244,2003-01-02,Simulated (Max Sharpe Ratio),KLAC,0.0032573002074164346
245,2003-01-02,Simulated (Max Sharpe Ratio),LOW,0.019967037727641756
246,2003-01-02,Simulated (Max Sharpe Ratio),MKC,0.005834438410665027
247,2003-01-02,Simulated (Max Sharpe Ratio),NEM,0.2136014198185008
248,2003-01-02,Simulated (Max Sharpe Ratio),OLN,0.02491365480119151
249,2003-01-02,Simulated (Max Sharpe Ratio),PH,0.022256577370040533
250,2003-01-02,Equal-Weight,PPG,0.02
251,2003-01-02,Equal-Weight,DELL,0.02
252,2003-01-02,Equal-Weight,QCOM,0.02
253,2003-01-02,Equal-Weight,AMAT,0.02
254,2003-01-02,Equal-Weight,MRK,0.02
255,2003-01-02,Equal-Weight,AME,0.02
256,2003-01-02,Equal-Weight,PG,0.02
257,2003-01-02,Equal-Weight,CL,0.02
258,2003-01-02,Equal-Weight,V,0.02
259,2003-01-02,Equal-Weight,MA,0.02
260,2003-01-02,Equal-Weight,MU,0.02
261,2003-01-02,Equal-Weight,T,0.02
262,2003-01-02,Equal-Weight,JPM,0.02
263,2003-01-02,Equal-Weight,JNJ,0.02
264,2003-01-02,Equal-Weight,INTC,0.02
265,2003-01-02,Equal-Weight,GE,0.02
266,2003-01-02,Equal-Weight,MS,0.02
267,2003-01-02,Equal-Weight,RTX,0.02
268,2003-01-02,Equal-Weight,TXN,0.02
269,2003-01-02,Equal-Weight,IBM,0.02
270,2003-01-02,Equal-Weight,SPGI,0.02
271,2003-01-02,Equal-Weight,LMT,0.02
272,2003-01-02,Equal-Weight,ADP,0.02
273,2003-01-02,Equal-Weight,COF,0.02
274,2003-01-02,Equal-Weight,WDC,0.02
275,2003-01-02,Equal-Weight,ABT,0.02
276,2003-01-02,Equal-Weight,GILD,0.02
277,2003-01-02,Equal-Weight,UNP,0.02
278,2003-01-02,Equal-Weight,ADI,0.02
279,2003-01-02,Equal-Weight,TMUS,0.02
280,2003-01-02,Equal-Weight,MMM,0.02
281,2003-01-02,Equal-Weight,ADBE,0.02
282,2003-01-02,Equal-Weight,AXP,0.02
283,2003-01-02,Equal-Weight,BA,0.02
284,2003-01-02,Equal-Weight,CVX,0.02
285,2003-01-02,Equal-Weight,CSCO,0.02
286,2003-01-02,Equal-Weight,DD,0.02
287,2003-01-02,Equal-Weight,XOM,0.02
288,2003-01-02,Equal-Weight,FDX,0.02
289,2003-01-02,Equal-Weight,GS,0.02
290,2003-01-02,Equal-Weight,GM,0.02
291,2003-01-02,Equal-Weight,HAS,0.02
292,2003-01-02,Equal-Weight,JBL,0.02
293,2003-01-02,Equal-Weight,KMB,0.02
294,2003-01-02,Equal-Weight,KLAC,0.02
295,2003-01-02,Equal-Weight,LOW,0.02
296,2003-01-02,Equal-Weight,MKC,0.02
297,2003-01-02,Equal-Weight,NEM,0.02
298,2003-01-02,Equal-Weight,OLN,0.02
299,2003-01-02,Equal-Weight,PH,0.02
300,2003-01-02,Markowitz,PPG,0.0
301,2003-01-02,Markowitz,DELL,0.0
302,2003-01-02,Markowitz,QCOM,0.0
303,2003-01-02,Markowitz,AMAT,0.0
304,2003-01-02,Markowitz,MRK,0.0
305,2003-01-02,Markowitz,AME,0.2255
306,2003-01-02,Markowitz,PG,0.08656
307,2003-01-02,Markowitz,CL,0.0
308,2003-01-02,Markowitz,V,0.0
309,2003-01-02,Markowitz,MA,0.0
310,2003-01-02,Markowitz,MU,0.0
311,2003-01-02,Markowitz,T,0.0
312,2003-01-02,Markowitz,JPM,0.0
313,2003-01-02,Markowitz,JNJ,0.0
314,2003-01-02,Markowitz,INTC,0.0
315,2003-01-02,Markowitz,GE,0.0
316,2003-01-02,Markowitz,MS,0.0
317,2003-01-02,Markowitz,RTX,0.0
318,2003-01-02,Markowitz,TXN,0.0
319,2003-01-02,Markowitz,IBM,0.0
320,2003-01-02,Markowitz,SPGI,0.0
321,2003-01-02,Markowitz,LMT,0.20385
322,2003-01-02,Markowitz,ADP,0.0
323,2003-01-02,Markowitz,COF,0.0
324,2003-01-02,Markowitz,WDC,0.0
325,2003-01-02,Markowitz,ABT,0.0
326,2003-01-02,Markowitz,GILD,0.0
327,2003-01-02,Markowitz,UNP,0.0
328,2003-01-02,Markowitz,ADI,0.0
329,2003-01-02,Markowitz,TMUS,0.0
330,2003-01-02,Markowitz,MMM,0.0
331,2003-01-02,Markowitz,ADBE,0.0
332,2003-01-02,Markowitz,AXP,0.0
333,2003-01-02,Markowitz,BA,0.0
334,2003-01-02,Markowitz,CVX,0.0
335,2003-01-02,Markowitz,CSCO,0.0
336,2003-01-02,Markowitz,DD,0.0
337,2003-01-02,Markowitz,XOM,0.0
338,2003-01-02,Markowitz,FDX,0.0
339,2003-01-02,Markowitz,GS,0.0
340,2003-01-02,Markowitz,GM,0.0
341,2003-01-02,Markowitz,HAS,0.0
342,2003-01-02,Markowitz,JBL,0.0
343,2003-01-02,Markowitz,KMB,0.0
344,2003-01-02,Markowitz,KLAC,0.0
345,2003-01-02,Markowitz,LOW,0.0
346,2003-01-02,Markowitz,MKC,0.18409
347,2003-01-02,Markowitz,NEM,0.3
348,2003-01-02,Markowitz,OLN,0.0
349,2003-01-02,Markowitz,PH,0.0
350,2003-01-02,Risk-Parity,PPG,0.006051209748861315
351,2003-01-02,Risk-Parity,DELL,0.13444130513158753
352,2003-01-02,Risk-Parity,QCOM,0.004236580635691993
353,2003-01-02,Risk-Parity,AMAT,0.0034803715653409653
354,2003-01-02,Risk-Parity,MRK,0.007723451880383182
355,2003-01-02,Risk-Parity,AME,0.0073089690160511546
356,2003-01-02,Risk-Parity,PG,0.014664034981288236
357,2003-01-02,Risk-Parity,CL,0.012665989525462008
358,2003-01-02,Risk-Parity,V,0.1344413051431039
359,2003-01-02,Risk-Parity,MA,0.1344413052179348
360,2003-01-02,Risk-Parity,MU,0.003721285224689839
361,2003-01-02,Risk-Parity,T,0.006335156117441506
362,2003-01-02,Risk-Parity,JPM,0.0038881548903624266
363,2003-01-02,Risk-Parity,JNJ,0.009228277743132758
364,2003-01-02,Risk-Parity,INTC,0.003636565346101812
365,2003-01-02,Risk-Parity,GE,0.004894890572405866
366,2003-01-02,Risk-Parity,MS,0.004376270084050348
367,2003-01-02,Risk-Parity,RTX,0.0056857193117111245
368,2003-01-02,Risk-Parity,TXN,0.0035315362864046474
369,2003-01-02,Risk-Parity,IBM,0.005530558343042787
370,2003-01-02,Risk-Parity,SPGI,0.009121457925634903
371,2003-01-02,Risk-Parity,LMT,0.011143158594712994
372,2003-01-02,Risk-Parity,ADP,0.006570210912389292
373,2003-01-02,Risk-Parity,COF,0.004030064581037734
374,2003-01-02,Risk-Parity,WDC,0.0037877758360452536
375,2003-01-02,Risk-Parity,ABT,0.008393026192295577
376,2003-01-02,Risk-Parity,GILD,0.005519960818783435
377,2003-01-02,Risk-Parity,UNP,0.008762289726885612
378,2003-01-02,Risk-Parity,ADI,0.0033647658429991844
379,2003-01-02,Risk-Parity,TMUS,0.13444130505606874
380,2003-01-02,Risk-Parity,MMM,0.008217420181372184
381,2003-01-02,Risk-Parity,ADBE,0.004401633315719601
382,2003-01-02,Risk-Parity,AXP,0.004642292632485168
383,2003-01-02,Risk-Parity,BA,0.006832834821853727
384,2003-01-02,Risk-Parity,CVX,0.008649736308011089
385,2003-01-02,Risk-Parity,CSCO,0.003905262445290259
386,2003-01-02,Risk-Parity,DD,0.005584191254426485
387,2003-01-02,Risk-Parity,XOM,0.0068367017443267675
388,2003-01-02,Risk-Parity,FDX,0.008144412235957434
389,2003-01-02,Risk-Parity,GS,0.005779069484492405
390,2003-01-02,Risk-Parity,GM,0.13444130515724154
391,2003-01-02,Risk-Parity,HAS,0.009883698881607183
392,2003-01-02,Risk-Parity,JBL,0.003396485263786577
393,2003-01-02,Risk-Parity,KMB,0.013155970815450002
394,2003-01-02,Risk-Parity,KLAC,0.003922970629084415
395,2003-01-02,Risk-Parity,LOW,0.00673131051319738
396,2003-01-02,Risk-Parity,MKC,0.016234811577739348
397,2003-01-02,Risk-Parity,NEM,0.031372318079764525
398,2003-01-02,Risk-Parity,OLN,0.0066736292630019695
399,2003-01-02,Risk-Parity,PH,0.0057769931432910876
400,2004-01-02,Simulated (Max Sharpe Ratio),PPG,0.025234443816717893
401,2004-01-02,Simulated (Max Sharpe Ratio),DELL,0.004181887875360396
402,2004-01-02,Simulated (Max Sharpe Ratio),QCOM,0.0013970859086060996
403,2004-01-02,Simulated (Max Sharpe Ratio),AMAT,0.02498123186756921
404,2004-01-02,Simulated (Max Sharpe Ratio),MRK,0.01408446245339122
405,2004-01-02,Simulated (Max Sharpe Ratio),AME,0.004472579890109634
406,2004-01-02,Simulated (Max Sharpe Ratio),PG,0.013900043659174337
407,2004-01-02,Simulated (Max Sharpe Ratio),CL,0.0011942608734769892
408,2004-01-02,Simulated (Max Sharpe Ratio),V,0.0005968760348160981
409,2004-01-02,Simulated (Max Sharpe Ratio),MA,0.009027175898254506
410,2004-01-02,Simulated (Max Sharpe Ratio),MU,0.00020490613127838037
411,2004-01-02,Simulated (Max Sharpe Ratio),T,0.0018626800179271335
412,2004-01-02,Simulated (Max Sharpe Ratio),JPM,0.00926538306455914
413,2004-01-02,Simulated (Max Sharpe Ratio),JNJ,0.0027926516482005264
414,2004-01-02,Simulated (Max Sharpe Ratio),INTC,0.0034878841557553094
415,2004-01-02,Simulated (Max Sharpe Ratio),GE,0.00449069573161188
416,2004-01-02,Simulated (Max Sharpe Ratio),MS,0.040572690218401555
417,2004-01-02,Simulated (Max Sharpe Ratio),RTX,0.03321901773066588
418,2004-01-02,Simulated (Max Sharpe Ratio),TXN,0.0042287722027401576
419,2004-01-02,Simulated (Max Sharpe Ratio),IBM,0.03290952451403512
420,2004-01-02,Simulated (Max Sharpe Ratio),SPGI,0.005037265946665841
421,2004-01-02,Simulated (Max Sharpe Ratio),LMT,0.02126758312407215
422,2004-01-02,Simulated (Max Sharpe Ratio),ADP,0.03131821727069849
423,2004-01-02,Simulated (Max Sharpe Ratio),COF,0.11344782140660317
424,2004-01-02,Simulated (Max Sharpe Ratio),WDC,0.003793251456972508
425,2004-01-02,Simulated (Max Sharpe Ratio),ABT,0.004242424576812153
426,2004-01-02,Simulated (Max Sharpe Ratio),GILD,0.021179954296374627
427,2004-01-02,Simulated (Max Sharpe Ratio),UNP,0.008780844193208168
428,2004-01-02,Simulated (Max Sharpe Ratio),ADI,0.032235268742919605
429,2004-01-02,Simulated (Max Sharpe Ratio),TMUS,0.051305588864770095
430,2004-01-02,Simulated (Max Sharpe Ratio),MMM,0.02662735564282171
431,2004-01-02,Simulated (Max Sharpe Ratio),ADBE,0.013225985978688147
432,2004-01-02,Simulated (Max Sharpe Ratio),AXP,0.002540737596835053
433,2004-01-02,Simulated (Max Sharpe Ratio),BA,0.010453484378515034
434,2004-01-02,Simulated (Max Sharpe Ratio),CVX,0.049256388410496274
435,2004-01-02,Simulated (Max Sharpe Ratio),CSCO,0.010482062356801145
436,2004-01-02,Simulated (Max Sharpe Ratio),DD,0.013464630205988691
437,2004-01-02,Simulated (Max Sharpe Ratio),XOM,0.011902525555256276
438,2004-01-02,Simulated (Max Sharpe Ratio),FDX,0.001776753437548804
439,2004-01-02,Simulated (Max Sharpe Ratio),GS,0.009032897767561
440,2004-01-02,Simulated (Max Sharpe Ratio),GM,0.013523139076451918
441,2004-01-02,Simulated (Max Sharpe Ratio),HAS,0.028986705681306818
442,2004-01-02,Simulated (Max Sharpe Ratio),JBL,0.009065210472402444
443,2004-01-02,Simulated (Max Sharpe Ratio),KMB,0.038282608255540466
444,2004-01-02,Simulated (Max Sharpe Ratio),KLAC,0.036783836281719634
445,2004-01-02,Simulated (Max Sharpe Ratio),LOW,0.004467760083029179
446,2004-01-02,Simulated (Max Sharpe Ratio),MKC,0.0012943054958887402
447,2004-01-02,Simulated (Max Sharpe Ratio),NEM,0.1498531984968673
448,2004-01-02,Simulated (Max Sharpe Ratio),OLN,0.043511786428801505
449,2004-01-02,Simulated (Max Sharpe Ratio),PH,0.0007561548257315435
450,2004-01-02,Equal-Weight,PPG,0.02
451,2004-01-02,Equal-Weight,DELL,0.02
452,2004-01-02,Equal-Weight,QCOM,0.02
453,2004-01-02,Equal-Weight,AMAT,0.02
454,2004-01-02,Equal-Weight,MRK,0.02
455,2004-01-02,Equal-Weight,AME,0.02
456,2004-01-02,Equal-Weight,PG,0.02
457,2004-01-02,Equal-Weight,CL,0.02
458,2004-01-02,Equal-Weight,V,0.02
459,2004-01-02,Equal-Weight,MA,0.02
460,2004-01-02,Equal-Weight,MU,0.02
461,2004-01-02,Equal-Weight,T,0.02
462,2004-01-02,Equal-Weight,JPM,0.02
463,2004-01-02,Equal-Weight,JNJ,0.02
464,2004-01-02,Equal-Weight,INTC,0.02
465,2004-01-02,Equal-Weight,GE,0.02
466,2004-01-02,Equal-Weight,MS,0.02
467,2004-01-02,Equal-Weight,RTX,0.02
468,2004-01-02,Equal-Weight,TXN,0.02
469,2004-01-02,Equal-Weight,IBM,0.02
470,2004-01-02,Equal-Weight,SPGI,0.02
471,2004-01-02,Equal-Weight,LMT,0.02
472,2004-01-02,Equal-Weight,ADP,0.02
473,2004-01-02,Equal-Weight,COF,0.02
474,2004-01-02,Equal-Weight,WDC,0.02
475,2004-01-02,Equal-Weight,ABT,0.02
476,2004-01-02,Equal-Weight,GILD,0.02
477,2004-01-02,Equal-Weight,UNP,0.02
478,2004-01-02,Equal-Weight,ADI,0.02
479,2004-01-02,Equal-Weight,TMUS,0.02
480,2004-01-02,Equal-Weight,MMM,0.02
481,2004-01-02,Equal-Weight,ADBE,0.02
482,2004-01-02,Equal-Weight,AXP,0.02
483,2004-01-02,Equal-Weight,BA,0.02
484,2004-01-02,Equal-Weight,CVX,0.02
485,2004-01-02,Equal-Weight,CSCO,0.02
486,2004-01-02,Equal-Weight,DD,0.02
487,2004-01-02,Equal-Weight,XOM,0.02
488,2004-01-02,Equal-Weight,FDX,0.02
489,2004-01-02,Equal-Weight,GS,0.02
490,2004-01-02,Equal-Weight,GM,0.02
491,2004-01-02,Equal-Weight,HAS,0.02
492,2004-01-02,Equal-Weight,JBL,0.02
493,2004-01-02,Equal-Weight,KMB,0.02
494,2004-01-02,Equal-Weight,KLAC,0.02
495,2004-01-02,Equal-Weight,LOW,0.02
496,2004-01-02,Equal-Weight,MKC,0.02
497,2004-01-02,Equal-Weight,NEM,0.02
498,2004-01-02,Equal-Weight,OLN,0.02
499,2004-01-02,Equal-Weight,PH,0.02
500,2004-01-02,Markowitz,PPG,0.0
501,2004-01-02,Markowitz,DELL,0.0
502,2004-01-02,Markowitz,QCOM,0.0
503,2004-01-02,Markowitz,AMAT,0.0
504,2004-01-02,Markowitz,MRK,0.0
505,2004-01-02,Markowitz,AME,0.0
506,2004-01-02,Markowitz,PG,0.0
507,2004-01-02,Markowitz,CL,0.0
508,2004-01-02,Markowitz,V,0.0
509,2004-01-02,Markowitz,MA,0.0
510,2004-01-02,Markowitz,MU,0.0
511,2004-01-02,Markowitz,T,0.0
512,2004-01-02,Markowitz,JPM,0.0
513,2004-01-02,Markowitz,JNJ,0.0
514,2004-01-02,Markowitz,INTC,0.12905
515,2004-01-02,Markowitz,GE,0.0
516,2004-01-02,Markowitz,MS,0.0
517,2004-01-02,Markowitz,RTX,0.01263
518,2004-01-02,Markowitz,TXN,0.0
519,2004-01-02,Markowitz,IBM,0.0
520,2004-01-02,Markowitz,SPGI,0.0
521,2004-01-02,Markowitz,LMT,0.0
522,2004-01-02,Markowitz,ADP,0.0
523,2004-01-02,Markowitz,COF,0.04874
524,2004-01-02,Markowitz,WDC,0.0
525,2004-01-02,Markowitz,ABT,0.0
526,2004-01-02,Markowitz,GILD,0.04151
527,2004-01-02,Markowitz,UNP,0.0
528,2004-01-02,Markowitz,ADI,0.0
529,2004-01-02,Markowitz,TMUS,0.0
530,2004-01-02,Markowitz,MMM,0.0734
531,2004-01-02,Markowitz,ADBE,0.0
532,2004-01-02,Markowitz,AXP,0.0
533,2004-01-02,Markowitz,BA,0.0
534,2004-01-02,Markowitz,CVX,0.05472
535,2004-01-02,Markowitz,CSCO,0.04332
536,2004-01-02,Markowitz,DD,0.0
537,2004-01-02,Markowitz,XOM,0.0
538,2004-01-02,Markowitz,FDX,0.0
539,2004-01-02,Markowitz,GS,0.0
540,2004-01-02,Markowitz,GM,0.0
541,2004-01-02,Markowitz,HAS,0.21603
542,2004-01-02,Markowitz,JBL,0.0
543,2004-01-02,Markowitz,KMB,0.06973
544,2004-01-02,Markowitz,KLAC,0.0
545,2004-01-02,Markowitz,LOW,0.0
546,2004-01-02,Markowitz,MKC,0.06817
547,2004-01-02,Markowitz,NEM,0.2427
548,2004-01-02,Markowitz,OLN,0.0
549,2004-01-02,Markowitz,PH,0.0
550,2004-01-02,Risk-Parity,PPG,0.006288356114051932
551,2004-01-02,Risk-Parity,DELL,0.13495504014043078
552,2004-01-02,Risk-Parity,QCOM,0.005136773704451349
553,2004-01-02,Risk-Parity,AMAT,0.003503344393884079
554,2004-01-02,Risk-Parity,MRK,0.007488227297145086
555,2004-01-02,Risk-Parity,AME,0.006022473851717266
556,2004-01-02,Risk-Parity,PG,0.013351190073226852
557,2004-01-02,Risk-Parity,CL,0.01255829793422562
558,2004-01-02,Risk-Parity,V,0.13495504024856098
559,2004-01-02,Risk-Parity,MA,0.13495504020102184
560,2004-01-02,Risk-Parity,MU,0.0038429259639264934
561,2004-01-02,Risk-Parity,T,0.0062810553616716785
562,2004-01-02,Risk-Parity,JPM,0.004417078718540803
563,2004-01-02,Risk-Parity,JNJ,0.009686687419863945
564,2004-01-02,Risk-Parity,INTC,0.004060503676652325
565,2004-01-02,Risk-Parity,GE,0.006375260027790363
566,2004-01-02,Risk-Parity,MS,0.004284520814139955
567,2004-01-02,Risk-Parity,RTX,0.0065842138198557104
568,2004-01-02,Risk-Parity,TXN,0.0038287412111348913
569,2004-01-02,Risk-Parity,IBM,0.006702765699921812
570,2004-01-02,Risk-Parity,SPGI,0.007227138853248777
571,2004-01-02,Risk-Parity,LMT,0.010717436199709354
572,2004-01-02,Risk-Parity,ADP,0.007667351975553411
573,2004-01-02,Risk-Parity,COF,0.003898637413791672
574,2004-01-02,Risk-Parity,WDC,0.003685175775660043
575,2004-01-02,Risk-Parity,ABT,0.007832567229577526
576,2004-01-02,Risk-Parity,GILD,0.005820126911188035
577,2004-01-02,Risk-Parity,UNP,0.009099759021589644
578,2004-01-02,Risk-Parity,ADI,0.0035339828885458434
579,2004-01-02,Risk-Parity,TMUS,0.13495504006922382
580,2004-01-02,Risk-Parity,MMM,0.009786537888651399
581,2004-01-02,Risk-Parity,ADBE,0.00453646345823174
582,2004-01-02,Risk-Parity,AXP,0.005243604370548359
583,2004-01-02,Risk-Parity,BA,0.0061351997638648655
584,2004-01-02,Risk-Parity,CVX,0.011210335241337662
585,2004-01-02,Risk-Parity,CSCO,0.004708890215912304
586,2004-01-02,Risk-Parity,DD,0.006155157090620348
587,2004-01-02,Risk-Parity,XOM,0.009846896117507213
588,2004-01-02,Risk-Parity,FDX,0.007743918209839831
589,2004-01-02,Risk-Parity,GS,0.005339685065790342
590,2004-01-02,Risk-Parity,GM,0.13495504026892358
591,2004-01-02,Risk-Parity,HAS,0.007262539795526724
592,2004-01-02,Risk-Parity,JBL,0.003916699962053988
593,2004-01-02,Risk-Parity,KMB,0.012877095315209494
594,2004-01-02,Risk-Parity,KLAC,0.0040143928955395525
595,2004-01-02,Risk-Parity,LOW,0.0065003849200042
596,2004-01-02,Risk-Parity,MKC,0.012831476641407413
597,2004-01-02,Risk-Parity,NEM,0.026266600763713253
598,2004-01-02,Risk-Parity,OLN,0.005534224555617513
599,2004-01-02,Risk-Parity,PH,0.005420104449398089
600,2005-01-03,Simulated (Max Sharpe Ratio),PPG,0.02803800439768556
601,2005-01-03,Simulated (Max Sharpe Ratio),DELL,0.010568828764085493
602,2005-01-03,Simulated (Max Sharpe Ratio),QCOM,0.018076307712283357
603,2005-01-03,Simulated (Max Sharpe Ratio),AMAT,0.0009678556573605844
604,2005-01-03,Simulated (Max Sharpe Ratio),MRK,0.004613014668840303
605,2005-01-03,Simulated (Max Sharpe Ratio),AME,0.08009647564908798
606,2005-01-03,Simulated (Max Sharpe Ratio),PG,0.025378327248769948
607,2005-01-03,Simulated (Max Sharpe Ratio),CL,0.003280771375308825
608,2005-01-03,Simulated (Max Sharpe Ratio),V,0.008634032210022177
609,2005-01-03,Simulated (Max Sharpe Ratio),MA,0.0030504339822887637
610,2005-01-03,Simulated (Max Sharpe Ratio),MU,0.0006517429852324003
611,2005-01-03,Simulated (Max Sharpe Ratio),T,0.010697568129431108
612,2005-01-03,Simulated (Max Sharpe Ratio),JPM,0.012835831766964423
613,2005-01-03,Simulated (Max Sharpe Ratio),JNJ,0.01512036953966355
614,2005-01-03,Simulated (Max Sharpe Ratio),INTC,0.017388875477205013
615,2005-01-03,Simulated (Max Sharpe Ratio),GE,0.008932710976736665
616,2005-01-03,Simulated (Max Sharpe Ratio),MS,0.007955025347537994
617,2005-01-03,Simulated (Max Sharpe Ratio),RTX,0.002760341498499052
618,2005-01-03,Simulated (Max Sharpe Ratio),TXN,0.00892284098582646
619,2005-01-03,Simulated (Max Sharpe Ratio),IBM,0.01302470924982853
620,2005-01-03,Simulated (Max Sharpe Ratio),SPGI,0.06411147395834445
621,2005-01-03,Simulated (Max Sharpe Ratio),LMT,0.04124765776903411
622,2005-01-03,Simulated (Max Sharpe Ratio),ADP,0.04661566818302753
623,2005-01-03,Simulated (Max Sharpe Ratio),COF,0.03264950974795653
624,2005-01-03,Simulated (Max Sharpe Ratio),WDC,0.026497756860888174
625,2005-01-03,Simulated (Max Sharpe Ratio),ABT,0.008668670329384013
626,2005-01-03,Simulated (Max Sharpe Ratio),GILD,0.0051048806118405305
627,2005-01-03,Simulated (Max Sharpe Ratio),UNP,0.0024515033509569903
628,2005-01-03,Simulated (Max Sharpe Ratio),ADI,0.008864313791989254
629,2005-01-03,Simulated (Max Sharpe Ratio),TMUS,0.0003566941805621822
630,2005-01-03,Simulated (Max Sharpe Ratio),MMM,0.010472430850862906
631,2005-01-03,Simulated (Max Sharpe Ratio),ADBE,0.11399981727503175
632,2005-01-03,Simulated (Max Sharpe Ratio),AXP,0.04156241762066051
633,2005-01-03,Simulated (Max Sharpe Ratio),BA,0.0017081876086257595
634,2005-01-03,Simulated (Max Sharpe Ratio),CVX,0.02516609979213138
635,2005-01-03,Simulated (Max Sharpe Ratio),CSCO,0.015478321614746438
636,2005-01-03,Simulated (Max Sharpe Ratio),DD,0.01627542987080293
637,2005-01-03,Simulated (Max Sharpe Ratio),XOM,0.008142354831406606
638,2005-01-03,Simulated (Max Sharpe Ratio),FDX,0.010784284141682712
639,2005-01-03,Simulated (Max Sharpe Ratio),GS,0.0029572876859125198
640,2005-01-03,Simulated (Max Sharpe Ratio),GM,0.029952145019157026
641,2005-01-03,Simulated (Max Sharpe Ratio),HAS,0.0021345955186485186
642,2005-01-03,Simulated (Max Sharpe Ratio),JBL,0.005688667687974676
643,2005-01-03,Simulated (Max Sharpe Ratio),KMB,0.06655444303641772
644,2005-01-03,Simulated (Max Sharpe Ratio),KLAC,0.012754885021188852
645,2005-01-03,Simulated (Max Sharpe Ratio),LOW,0.017821778094607943
646,2005-01-03,Simulated (Max Sharpe Ratio),MKC,0.0766182630857364
647,2005-01-03,Simulated (Max Sharpe Ratio),NEM,0.0004080290902865335
648,2005-01-03,Simulated (Max Sharpe Ratio),OLN,0.010955000903066017
649,2005-01-03,Simulated (Max Sharpe Ratio),PH,0.013003364844410954
650,2005-01-03,Equal-Weight,PPG,0.02
651,2005-01-03,Equal-Weight,DELL,0.02
652,2005-01-03,Equal-Weight,QCOM,0.02
653,2005-01-03,Equal-Weight,AMAT,0.02
654,2005-01-03,Equal-Weight,MRK,0.02
655,2005-01-03,Equal-Weight,AME,0.02
656,2005-01-03,Equal-Weight,PG,0.02
657,2005-01-03,Equal-Weight,CL,0.02
658,2005-01-03,Equal-Weight,V,0.02
659,2005-01-03,Equal-Weight,MA,0.02
660,2005-01-03,Equal-Weight,MU,0.02
661,2005-01-03,Equal-Weight,T,0.02
662,2005-01-03,Equal-Weight,JPM,0.02
663,2005-01-03,Equal-Weight,JNJ,0.02
664,2005-01-03,Equal-Weight,INTC,0.02
665,2005-01-03,Equal-Weight,GE,0.02
666,2005-01-03,Equal-Weight,MS,0.02
667,2005-01-03,Equal-Weight,RTX,0.02
668,2005-01-03,Equal-Weight,TXN,0.02
669,2005-01-03,Equal-Weight,IBM,0.02
670,2005-01-03,Equal-Weight,SPGI,0.02
671,2005-01-03,Equal-Weight,LMT,0.02
672,2005-01-03,Equal-Weight,ADP,0.02
673,2005-01-03,Equal-Weight,COF,0.02
674,2005-01-03,Equal-Weight,WDC,0.02
675,2005-01-03,Equal-Weight,ABT,0.02
676,2005-01-03,Equal-Weight,GILD,0.02
677,2005-01-03,Equal-Weight,UNP,0.02
678,2005-01-03,Equal-Weight,ADI,0.02
679,2005-01-03,Equal-Weight,TMUS,0.02
680,2005-01-03,Equal-Weight,MMM,0.02
681,2005-01-03,Equal-Weight,ADBE,0.02
682,2005-01-03,Equal-Weight,AXP,0.02
683,2005-01-03,Equal-Weight,BA,0.02
684,2005-01-03,Equal-Weight,CVX,0.02
685,2005-01-03,Equal-Weight,CSCO,0.02
686,2005-01-03,Equal-Weight,DD,0.02
687,2005-01-03,Equal-Weight,XOM,0.02
688,2005-01-03,Equal-Weight,FDX,0.02
689,2005-01-03,Equal-Weight,GS,0.02
690,2005-01-03,Equal-Weight,GM,0.02
691,2005-01-03,Equal-Weight,HAS,0.02
692,2005-01-03,Equal-Weight,JBL,0.02
693,2005-01-03,Equal-Weight,KMB,0.02
694,2005-01-03,Equal-Weight,KLAC,0.02
695,2005-01-03,Equal-Weight,LOW,0.02
696,2005-01-03,Equal-Weight,MKC,0.02
697,2005-01-03,Equal-Weight,NEM,0.02
698,2005-01-03,Equal-Weight,OLN,0.02
699,2005-01-03,Equal-Weight,PH,0.02
700,2005-01-03,Markowitz,PPG,0.0
701,2005-01-03,Markowitz,DELL,0.0
702,2005-01-03,Markowitz,QCOM,0.06249
703,2005-01-03,Markowitz,AMAT,0.0
704,2005-01-03,Markowitz,MRK,0.0
705,2005-01-03,Markowitz,AME,0.20673
706,2005-01-03,Markowitz,PG,0.0
707,2005-01-03,Markowitz,CL,0.0
708,2005-01-03,Markowitz,V,0.0
709,2005-01-03,Markowitz,MA,0.0
710,2005-01-03,Markowitz,MU,0.0
711,2005-01-03,Markowitz,T,0.0
712,2005-01-03,Markowitz,JPM,0.0
713,2005-01-03,Markowitz,JNJ,0.1103
714,2005-01-03,Markowitz,INTC,0.0
715,2005-01-03,Markowitz,GE,0.0
716,2005-01-03,Markowitz,MS,0.0
717,2005-01-03,Markowitz,RTX,0.0
718,2005-01-03,Markowitz,TXN,0.0
719,2005-01-03,Markowitz,IBM,0.0
720,2005-01-03,Markowitz,SPGI,0.17976
721,2005-01-03,Markowitz,LMT,0.0
722,2005-01-03,Markowitz,ADP,0.0
723,2005-01-03,Markowitz,COF,0.00559
724,2005-01-03,Markowitz,WDC,0.0
725,2005-01-03,Markowitz,ABT,0.0
726,2005-01-03,Markowitz,GILD,0.0
727,2005-01-03,Markowitz,UNP,0.0
728,2005-01-03,Markowitz,ADI,0.0
729,2005-01-03,Markowitz,TMUS,0.0
730,2005-01-03,Markowitz,MMM,0.0
731,2005-01-03,Markowitz,ADBE,0.09435
732,2005-01-03,Markowitz,AXP,0.0
733,2005-01-03,Markowitz,BA,0.0
734,2005-01-03,Markowitz,CVX,0.00212
735,2005-01-03,Markowitz,CSCO,0.0
736,2005-01-03,Markowitz,DD,0.0
737,2005-01-03,Markowitz,XOM,0.05614
738,2005-01-03,Markowitz,FDX,0.14213
739,2005-01-03,Markowitz,GS,0.0
740,2005-01-03,Markowitz,GM,0.0
741,2005-01-03,Markowitz,HAS,0.0
742,2005-01-03,Markowitz,JBL,0.0
743,2005-01-03,Markowitz,KMB,0.0
744,2005-01-03,Markowitz,KLAC,0.0
745,2005-01-03,Markowitz,LOW,0.0
746,2005-01-03,Markowitz,MKC,0.14038
747,2005-01-03,Markowitz,NEM,0.0
748,2005-01-03,Markowitz,OLN,0.0
749,2005-01-03,Markowitz,PH,0.0
750,2005-01-03,Risk-Parity,PPG,0.007474014180367589
751,2005-01-03,Risk-Parity,DELL,0.12229806552408039
752,2005-01-03,Risk-Parity,QCOM,0.005818439145613068
753,2005-01-03,Risk-Parity,AMAT,0.004773392571011771
754,2005-01-03,Risk-Parity,MRK,0.010851560672912547
755,2005-01-03,Risk-Parity,AME,0.009103060551375157
756,2005-01-03,Risk-Parity,PG,0.013050615822940335
757,2005-01-03,Risk-Parity,CL,0.013807386011093428
758,2005-01-03,Risk-Parity,V,0.12229806558657665
759,2005-01-03,Risk-Parity,MA,0.12229806560770969
760,2005-01-03,Risk-Parity,MU,0.004472271176628706
761,2005-01-03,Risk-Parity,T,0.010301277584906449
762,2005-01-03,Risk-Parity,JPM,0.008592390573130586
763,2005-01-03,Risk-Parity,JNJ,0.01662820811025394
764,2005-01-03,Risk-Parity,INTC,0.0052383870621348135
765,2005-01-03,Risk-Parity,GE,0.008457467778421216
766,2005-01-03,Risk-Parity,MS,0.005909887376827416
767,2005-01-03,Risk-Parity,RTX,0.009802748266594752
768,2005-01-03,Risk-Parity,TXN,0.004617074204184114
769,2005-01-03,Risk-Parity,IBM,0.01055525252228281
770,2005-01-03,Risk-Parity,SPGI,0.013092638665226109
771,2005-01-03,Risk-Parity,LMT,0.014076100131287881
772,2005-01-03,Risk-Parity,ADP,0.00940903799863134
773,2005-01-03,Risk-Parity,COF,0.0071441749198813565
774,2005-01-03,Risk-Parity,WDC,0.0050694598991831985
775,2005-01-03,Risk-Parity,ABT,0.009922333914289098
776,2005-01-03,Risk-Parity,GILD,0.0056140161394145965
777,2005-01-03,Risk-Parity,UNP,0.012311805255963575
778,2005-01-03,Risk-Parity,ADI,0.004883853138282025
779,2005-01-03,Risk-Parity,TMUS,0.12229806565425852
780,2005-01-03,Risk-Parity,MMM,0.008315230435370139
781,2005-01-03,Risk-Parity,ADBE,0.0059448010086160475
782,2005-01-03,Risk-Parity,AXP,0.010748180971723852
783,2005-01-03,Risk-Parity,BA,0.007647236486336748
784,2005-01-03,Risk-Parity,CVX,0.012431716932057404
785,2005-01-03,Risk-Parity,CSCO,0.004856478385671695
786,2005-01-03,Risk-Parity,DD,0.006831804554874995
787,2005-01-03,Risk-Parity,XOM,0.011217653734246744
788,2005-01-03,Risk-Parity,FDX,0.007862603594067872
789,2005-01-03,Risk-Parity,GS,0.007003407488521276
790,2005-01-03,Risk-Parity,GM,0.12229806560368724
791,2005-01-03,Risk-Parity,HAS,0.00950314524880112
792,2005-01-03,Risk-Parity,JBL,0.0047205344390129885
793,2005-01-03,Risk-Parity,KMB,0.012324934495074484
794,2005-01-03,Risk-Parity,KLAC,0.0050415362567504405
795,2005-01-03,Risk-Parity,LOW,0.007645450804827976
796,2005-01-03,Risk-Parity,MKC,0.014142451620885902
797,2005-01-03,Risk-Parity,NEM,0.008972533903789801
798,2005-01-03,Risk-Parity,OLN,0.005969463556390952
799,2005-01-03,Risk-Parity,PH,0.006353654433829246
800,2006-01-03,Simulated (Max Sharpe Ratio),PPG,0.005869614898475432
801,2006-01-03,Simulated (Max Sharpe Ratio),DELL,0.002383267435990435
802,2006-01-03,Simulated (Max Sharpe Ratio),QCOM,0.0016512918729608727
803,2006-01-03,Simulated (Max Sharpe Ratio),AMAT,0.03439404576440792
804,2006-01-03,Simulated (Max Sharpe Ratio),MRK,0.003467591281666326
805,2006-01-03,Simulated (Max Sharpe Ratio),AME,0.025375704979241232
806,2006-01-03,Simulated (Max Sharpe Ratio),PG,0.0011192091218824197
807,2006-01-03,Simulated (Max Sharpe Ratio),CL,0.0021526120153249743
808,2006-01-03,Simulated (Max Sharpe Ratio),V,0.0036697833915269817
809,2006-01-03,Simulated (Max Sharpe Ratio),MA,0.0277006387138646
810,2006-01-03,Simulated (Max Sharpe Ratio),MU,0.05106502855584904
811,2006-01-03,Simulated (Max Sharpe Ratio),T,0.03671668915888
812,2006-01-03,Simulated (Max Sharpe Ratio),JPM,0.015900117091373393
813,2006-01-03,Simulated (Max Sharpe Ratio),JNJ,0.008710786373021057
814,2006-01-03,Simulated (Max Sharpe Ratio),INTC,0.005614592228801557
815,2006-01-03,Simulated (Max Sharpe Ratio),GE,0.0013954125725107178
816,2006-01-03,Simulated (Max Sharpe Ratio),MS,0.009190487281168516
817,2006-01-03,Simulated (Max Sharpe Ratio),RTX,0.005106351115025692
818,2006-01-03,Simulated (Max Sharpe Ratio),TXN,0.0004819590782365173
819,2006-01-03,Simulated (Max Sharpe Ratio),IBM,0.006465234450230006
820,2006-01-03,Simulated (Max Sharpe Ratio),SPGI,0.025597041226827964
821,2006-01-03,Simulated (Max Sharpe Ratio),LMT,0.014151323774996909
822,2006-01-03,Simulated (Max Sharpe Ratio),ADP,0.025163272240429004
823,2006-01-03,Simulated (Max Sharpe Ratio),COF,0.015979894294309138
824,2006-01-03,Simulated (Max Sharpe Ratio),WDC,0.16350660647179147
825,2006-01-03,Simulated (Max Sharpe Ratio),ABT,0.010623127614346833
826,2006-01-03,Simulated (Max Sharpe Ratio),GILD,0.029379413306049887
827,2006-01-03,Simulated (Max Sharpe Ratio),UNP,0.013198510169984535
828,2006-01-03,Simulated (Max Sharpe Ratio),ADI,0.03595938101872402
829,2006-01-03,Simulated (Max Sharpe Ratio),TMUS,0.01874946227384666
830,2006-01-03,Simulated (Max Sharpe Ratio),MMM,0.005932715332708999
831,2006-01-03,Simulated (Max Sharpe Ratio),ADBE,0.0025349280514620886
832,2006-01-03,Simulated (Max Sharpe Ratio),AXP,0.019709872615032768
833,2006-01-03,Simulated (Max Sharpe Ratio),BA,0.07510146559445673
834,2006-01-03,Simulated (Max Sharpe Ratio),CVX,0.0172729732478566
835,2006-01-03,Simulated (Max Sharpe Ratio),CSCO,0.0006636814769057808
836,2006-01-03,Simulated (Max Sharpe Ratio),DD,0.0017387830816812358
837,2006-01-03,Simulated (Max Sharpe Ratio),XOM,0.006793437344940861
838,2006-01-03,Simulated (Max Sharpe Ratio),FDX,0.03765768974760005
839,2006-01-03,Simulated (Max Sharpe Ratio),GS,0.018605375498197633
840,2006-01-03,Simulated (Max Sharpe Ratio),GM,0.0018624173184654698
841,2006-01-03,Simulated (Max Sharpe Ratio),HAS,0.02941354115260074
842,2006-01-03,Simulated (Max Sharpe Ratio),JBL,0.012758475683855975
843,2006-01-03,Simulated (Max Sharpe Ratio),KMB,0.02445135633904588
844,2006-01-03,Simulated (Max Sharpe Ratio),KLAC,0.009410288499562349
845,2006-01-03,Simulated (Max Sharpe Ratio),LOW,0.04252632392871307
846,2006-01-03,Simulated (Max Sharpe Ratio),MKC,0.017314156120790236
847,2006-01-03,Simulated (Max Sharpe Ratio),NEM,0.03943850046612354
848,2006-01-03,Simulated (Max Sharpe Ratio),OLN,0.03254747608613214
849,2006-01-03,Simulated (Max Sharpe Ratio),PH,0.0035280926421235688
850,2006-01-03,Equal-Weight,PPG,0.02
851,2006-01-03,Equal-Weight,DELL,0.02
852,2006-01-03,Equal-Weight,QCOM,0.02
853,2006-01-03,Equal-Weight,AMAT,0.02
854,2006-01-03,Equal-Weight,MRK,0.02
855,2006-01-03,Equal-Weight,AME,0.02
856,2006-01-03,Equal-Weight,PG,0.02
857,2006-01-03,Equal-Weight,CL,0.02
858,2006-01-03,Equal-Weight,V,0.02
859,2006-01-03,Equal-Weight,MA,0.02
860,2006-01-03,Equal-Weight,MU,0.02
861,2006-01-03,Equal-Weight,T,0.02
862,2006-01-03,Equal-Weight,JPM,0.02
863,2006-01-03,Equal-Weight,JNJ,0.02
864,2006-01-03,Equal-Weight,INTC,0.02
865,2006-01-03,Equal-Weight,GE,0.02
866,2006-01-03,Equal-Weight,MS,0.02
867,2006-01-03,Equal-Weight,RTX,0.02
868,2006-01-03,Equal-Weight,TXN,0.02
869,2006-01-03,Equal-Weight,IBM,0.02
870,2006-01-03,Equal-Weight,SPGI,0.02
871,2006-01-03,Equal-Weight,LMT,0.02
872,2006-01-03,Equal-Weight,ADP,0.02
873,2006-01-03,Equal-Weight,COF,0.02
874,2006-01-03,Equal-Weight,WDC,0.02
875,2006-01-03,Equal-Weight,ABT,0.02
876,2006-01-03,Equal-Weight,GILD,0.02
877,2006-01-03,Equal-Weight,UNP,0.02
878,2006-01-03,Equal-Weight,ADI,0.02
879,2006-01-03,Equal-Weight,TMUS,0.02
880,2006-01-03,Equal-Weight,MMM,0.02
881,2006-01-03,Equal-Weight,ADBE,0.02
882,2006-01-03,Equal-Weight,AXP,0.02
883,2006-01-03,Equal-Weight,BA,0.02
884,2006-01-03,Equal-Weight,CVX,0.02
885,2006-01-03,Equal-Weight,CSCO,0.02
886,2006-01-03,Equal-Weight,DD,0.02
887,2006-01-03,Equal-Weight,XOM,0.02
888,2006-01-03,Equal-Weight,FDX,0.02
889,2006-01-03,Equal-Weight,GS,0.02
890,2006-01-03,Equal-Weight,GM,0.02
891,2006-01-03,Equal-Weight,HAS,0.02
892,2006-01-03,Equal-Weight,JBL,0.02
893,2006-01-03,Equal-Weight,KMB,0.02
894,2006-01-03,Equal-Weight,KLAC,0.02
895,2006-01-03,Equal-Weight,LOW,0.02
896,2006-01-03,Equal-Weight,MKC,0.02
897,2006-01-03,Equal-Weight,NEM,0.02
898,2006-01-03,Equal-Weight,OLN,0.02
899,2006-01-03,Equal-Weight,PH,0.02
900,2006-01-03,Markowitz,PPG,0.0
901,2006-01-03,Markowitz,DELL,0.0
902,2006-01-03,Markowitz,QCOM,0.0
903,2006-01-03,Markowitz,AMAT,0.0
904,2006-01-03,Markowitz,MRK,0.0
905,2006-01-03,Markowitz,AME,0.0
906,2006-01-03,Markowitz,PG,0.0
907,2006-01-03,Markowitz,CL,0.0
908,2006-01-03,Markowitz,V,0.0
909,2006-01-03,Markowitz,MA,0.0
910,2006-01-03,Markowitz,MU,0.0
911,2006-01-03,Markowitz,T,0.0
912,2006-01-03,Markowitz,JPM,0.0
913,2006-01-03,Markowitz,JNJ,0.0
914,2006-01-03,Markowitz,INTC,0.0
915,2006-01-03,Markowitz,GE,0.0
916,2006-01-03,Markowitz,MS,0.0
917,2006-01-03,Markowitz,RTX,0.0
918,2006-01-03,Markowitz,TXN,0.0
919,2006-01-03,Markowitz,IBM,0.0
920,2006-01-03,Markowitz,SPGI,0.0
921,2006-01-03,Markowitz,LMT,0.0
922,2006-01-03,Markowitz,ADP,0.0
923,2006-01-03,Markowitz,COF,0.0
924,2006-01-03,Markowitz,WDC,0.16978
925,2006-01-03,Markowitz,ABT,0.0
926,2006-01-03,Markowitz,GILD,0.16763
927,2006-01-03,Markowitz,UNP,0.0
928,2006-01-03,Markowitz,ADI,0.0
929,2006-01-03,Markowitz,TMUS,0.0
930,2006-01-03,Markowitz,MMM,0.0
931,2006-01-03,Markowitz,ADBE,0.0
932,2006-01-03,Markowitz,AXP,0.0
933,2006-01-03,Markowitz,BA,0.3
934,2006-01-03,Markowitz,CVX,0.0
935,2006-01-03,Markowitz,CSCO,0.0
936,2006-01-03,Markowitz,DD,0.0
937,2006-01-03,Markowitz,XOM,0.0
938,2006-01-03,Markowitz,FDX,0.0
939,2006-01-03,Markowitz,GS,0.08539
940,2006-01-03,Markowitz,GM,0.0
941,2006-01-03,Markowitz,HAS,0.0
942,2006-01-03,Markowitz,JBL,0.22443
943,2006-01-03,Markowitz,KMB,0.0
944,2006-01-03,Markowitz,KLAC,0.0
945,2006-01-03,Markowitz,LOW,0.0
946,2006-01-03,Markowitz,MKC,0.0
947,2006-01-03,Markowitz,NEM,0.05277
948,2006-01-03,Markowitz,OLN,0.0
949,2006-01-03,Markowitz,PH,0.0
950,2006-01-03,Risk-Parity,PPG,0.007843940965344156
951,2006-01-03,Risk-Parity,DELL,0.11678399695004142
952,2006-01-03,Risk-Parity,QCOM,0.007029607854955751
953,2006-01-03,Risk-Parity,AMAT,0.007051242442364462
954,2006-01-03,Risk-Parity,MRK,0.011607356488721467
955,2006-01-03,Risk-Parity,AME,0.007748740921282935
956,2006-01-03,Risk-Parity,PG,0.011826546659564419
957,2006-01-03,Risk-Parity,CL,0.012133853691724823
958,2006-01-03,Risk-Parity,V,0.11678399696258276
959,2006-01-03,Risk-Parity,MA,0.11678399694897149
960,2006-01-03,Risk-Parity,MU,0.006812134674952764
961,2006-01-03,Risk-Parity,T,0.014323495553353905
962,2006-01-03,Risk-Parity,JPM,0.010949734423664063
963,2006-01-03,Risk-Parity,JNJ,0.015133472953003534
964,2006-01-03,Risk-Parity,INTC,0.007496650092890542
965,2006-01-03,Risk-Parity,GE,0.010644015247386045
966,2006-01-03,Risk-Parity,MS,0.008527316105516027
967,2006-01-03,Risk-Parity,RTX,0.008950450720373464
968,2006-01-03,Risk-Parity,TXN,0.005958291563712226
969,2006-01-03,Risk-Parity,IBM,0.009827023985300144
970,2006-01-03,Risk-Parity,SPGI,0.01009982686128634
971,2006-01-03,Risk-Parity,LMT,0.012296467563192266
972,2006-01-03,Risk-Parity,ADP,0.013113124505944963
973,2006-01-03,Risk-Parity,COF,0.010493787201862356
974,2006-01-03,Risk-Parity,WDC,0.005346224311883461
975,2006-01-03,Risk-Parity,ABT,0.014786808501261087
976,2006-01-03,Risk-Parity,GILD,0.005642121587747957
977,2006-01-03,Risk-Parity,UNP,0.007890987970106685
978,2006-01-03,Risk-Parity,ADI,0.006613796397819491
979,2006-01-03,Risk-Parity,TMUS,0.11678399689275873
980,2006-01-03,Risk-Parity,MMM,0.010775429023838708
981,2006-01-03,Risk-Parity,ADBE,0.006293588823607615
982,2006-01-03,Risk-Parity,AXP,0.009717138930120254
983,2006-01-03,Risk-Parity,BA,0.009309960360141267
984,2006-01-03,Risk-Parity,CVX,0.009097926600543765
985,2006-01-03,Risk-Parity,CSCO,0.009544408395552515
986,2006-01-03,Risk-Parity,DD,0.007280453528902047
987,2006-01-03,Risk-Parity,XOM,0.007735707493218201
988,2006-01-03,Risk-Parity,FDX,0.007482739361862971
989,2006-01-03,Risk-Parity,GS,0.008640618838155098
990,2006-01-03,Risk-Parity,GM,0.11678399693166927
991,2006-01-03,Risk-Parity,HAS,0.008419791650702708
992,2006-01-03,Risk-Parity,JBL,0.00706722477119719
993,2006-01-03,Risk-Parity,KMB,0.011587239704162162
994,2006-01-03,Risk-Parity,KLAC,0.006074765605489153
995,2006-01-03,Risk-Parity,LOW,0.007346006230235274
996,2006-01-03,Risk-Parity,MKC,0.012817448906449015
997,2006-01-03,Risk-Parity,NEM,0.012288622832384253
998,2006-01-03,Risk-Parity,OLN,0.0066954258356454145
999,2006-01-03,Risk-Parity,PH,0.0077584991765533426
1000,2007-01-03,Simulated (Max Sharpe Ratio),PPG,0.03669857520677142
1001,2007-01-03,Simulated (Max Sharpe Ratio),DELL,0.039073389296811124
1002,2007-01-03,Simulated (Max Sharpe Ratio),QCOM,0.0056641936974349645
1003,2007-01-03,Simulated (Max Sharpe Ratio),AMAT,0.02058990759152454
1004,2007-01-03,Simulated (Max Sharpe Ratio),MRK,0.03834812822648138
1005,2007-01-03,Simulated (Max Sharpe Ratio),AME,0.004165307472208198
1006,2007-01-03,Simulated (Max Sharpe Ratio),PG,0.0011902776820287171
1007,2007-01-03,Simulated (Max Sharpe Ratio),CL,0.015964154558153563
1008,2007-01-03,Simulated (Max Sharpe Ratio),V,0.01782717670726119
1009,2007-01-03,Simulated (Max Sharpe Ratio),MA,0.16193628628436404
1010,2007-01-03,Simulated (Max Sharpe Ratio),MU,0.03423706347719864
1011,2007-01-03,Simulated (Max Sharpe Ratio),T,0.009604204715081515
1012,2007-01-03,Simulated (Max Sharpe Ratio),JPM,0.013957787934910364
1013,2007-01-03,Simulated (Max Sharpe Ratio),JNJ,0.003979445869713765
1014,2007-01-03,Simulated (Max Sharpe Ratio),INTC,0.02717362440749188
1015,2007-01-03,Simulated (Max Sharpe Ratio),GE,0.028397709248570248
1016,2007-01-03,Simulated (Max Sharpe Ratio),MS,0.0027557007229947602
1017,2007-01-03,Simulated (Max Sharpe Ratio),RTX,0.0020336370945498758
1018,2007-01-03,Simulated (Max Sharpe Ratio),TXN,0.03303142675793659
1019,2007-01-03,Simulated (Max Sharpe Ratio),IBM,0.0007995265614786569
1020,2007-01-03,Simulated (Max Sharpe Ratio),SPGI,0.016502779621363307
1021,2007-01-03,Simulated (Max Sharpe Ratio),LMT,0.05935541849801244
1022,2007-01-03,Simulated (Max Sharpe Ratio),ADP,0.008955429054129611
1023,2007-01-03,Simulated (Max Sharpe Ratio),COF,0.04209385532013308
1024,2007-01-03,Simulated (Max Sharpe Ratio),WDC,0.0015273090806190788
1025,2007-01-03,Simulated (Max Sharpe Ratio),ABT,0.0007167404450408413
1026,2007-01-03,Simulated (Max Sharpe Ratio),GILD,0.005006471552097839
1027,2007-01-03,Simulated (Max Sharpe Ratio),UNP,0.01492007442710249
1028,2007-01-03,Simulated (Max Sharpe Ratio),ADI,0.0033543159918165873
1029,2007-01-03,Simulated (Max Sharpe Ratio),TMUS,0.0084881097166247
1030,2007-01-03,Simulated (Max Sharpe Ratio),MMM,0.004411290955304444
1031,2007-01-03,Simulated (Max Sharpe Ratio),ADBE,0.015169991115565728
1032,2007-01-03,Simulated (Max Sharpe Ratio),AXP,0.0019574808063698474
1033,2007-01-03,Simulated (Max Sharpe Ratio),BA,0.008077679360621037
1034,2007-01-03,Simulated (Max Sharpe Ratio),CVX,0.011397173861000726
1035,2007-01-03,Simulated (Max Sharpe Ratio),CSCO,0.07187699473740627
1036,2007-01-03,Simulated (Max Sharpe Ratio),DD,0.005586529879642091
1037,2007-01-03,Simulated (Max Sharpe Ratio),XOM,0.009679729923121503
1038,2007-01-03,Simulated (Max Sharpe Ratio),FDX,9.45713336671084e-05
1039,2007-01-03,Simulated (Max Sharpe Ratio),GS,0.0023226051818725927
1040,2007-01-03,Simulated (Max Sharpe Ratio),GM,0.034566239421240985
1041,2007-01-03,Simulated (Max Sharpe Ratio),HAS,0.07136538754670389
1042,2007-01-03,Simulated (Max Sharpe Ratio),JBL,0.003559645350285759
1043,2007-01-03,Simulated (Max Sharpe Ratio),KMB,0.01711709205351284
1044,2007-01-03,Simulated (Max Sharpe Ratio),KLAC,0.003218033373232937
1045,2007-01-03,Simulated (Max Sharpe Ratio),LOW,0.008568792473473844
1046,2007-01-03,Simulated (Max Sharpe Ratio),MKC,0.03760669520127407
1047,2007-01-03,Simulated (Max Sharpe Ratio),NEM,0.02381613068543473
1048,2007-01-03,Simulated (Max Sharpe Ratio),OLN,0.003010412002827775
1049,2007-01-03,Simulated (Max Sharpe Ratio),PH,0.008249497517536694
1050,2007-01-03,Equal-Weight,PPG,0.02
1051,2007-01-03,Equal-Weight,DELL,0.02
1052,2007-01-03,Equal-Weight,QCOM,0.02
1053,2007-01-03,Equal-Weight,AMAT,0.02
1054,2007-01-03,Equal-Weight,MRK,0.02
1055,2007-01-03,Equal-Weight,AME,0.02
1056,2007-01-03,Equal-Weight,PG,0.02
1057,2007-01-03,Equal-Weight,CL,0.02
1058,2007-01-03,Equal-Weight,V,0.02
1059,2007-01-03,Equal-Weight,MA,0.02
1060,2007-01-03,Equal-Weight,MU,0.02
1061,2007-01-03,Equal-Weight,T,0.02
1062,2007-01-03,Equal-Weight,JPM,0.02
1063,2007-01-03,Equal-Weight,JNJ,0.02
1064,2007-01-03,Equal-Weight,INTC,0.02
1065,2007-01-03,Equal-Weight,GE,0.02
1066,2007-01-03,Equal-Weight,MS,0.02
1067,2007-01-03,Equal-Weight,RTX,0.02
1068,2007-01-03,Equal-Weight,TXN,0.02
1069,2007-01-03,Equal-Weight,IBM,0.02
1070,2007-01-03,Equal-Weight,SPGI,0.02
1071,2007-01-03,Equal-Weight,LMT,0.02
1072,2007-01-03,Equal-Weight,ADP,0.02
1073,2007-01-03,Equal-Weight,COF,0.02
1074,2007-01-03,Equal-Weight,WDC,0.02
1075,2007-01-03,Equal-Weight,ABT,0.02
1076,2007-01-03,Equal-Weight,GILD,0.02
1077,2007-01-03,Equal-Weight,UNP,0.02
1078,2007-01-03,Equal-Weight,ADI,0.02
1079,2007-01-03,Equal-Weight,TMUS,0.02
1080,2007-01-03,Equal-Weight,MMM,0.02
1081,2007-01-03,Equal-Weight,ADBE,0.02
1082,2007-01-03,Equal-Weight,AXP,0.02
1083,2007-01-03,Equal-Weight,BA,0.02
1084,2007-01-03,Equal-Weight,CVX,0.02
1085,2007-01-03,Equal-Weight,CSCO,0.02
1086,2007-01-03,Equal-Weight,DD,0.02
1087,2007-01-03,Equal-Weight,XOM,0.02
1088,2007-01-03,Equal-Weight,FDX,0.02
1089,2007-01-03,Equal-Weight,GS,0.02
1090,2007-01-03,Equal-Weight,GM,0.02
1091,2007-01-03,Equal-Weight,HAS,0.02
1092,2007-01-03,Equal-Weight,JBL,0.02
1093,2007-01-03,Equal-Weight,KMB,0.02
1094,2007-01-03,Equal-Weight,KLAC,0.02
1095,2007-01-03,Equal-Weight,LOW,0.02
1096,2007-01-03,Equal-Weight,MKC,0.02
1097,2007-01-03,Equal-Weight,NEM,0.02
1098,2007-01-03,Equal-Weight,OLN,0.02
1099,2007-01-03,Equal-Weight,PH,0.02
1100,2007-01-03,Markowitz,PPG,0.0
1101,2007-01-03,Markowitz,DELL,0.0
1102,2007-01-03,Markowitz,QCOM,0.0
1103,2007-01-03,Markowitz,AMAT,0.0
1104,2007-01-03,Markowitz,MRK,0.00403
1105,2007-01-03,Markowitz,AME,0.0
1106,2007-01-03,Markowitz,PG,0.0
1107,2007-01-03,Markowitz,CL,0.03156
1108,2007-01-03,Markowitz,V,0.0
1109,2007-01-03,Markowitz,MA,0.2071
1110,2007-01-03,Markowitz,MU,0.0
1111,2007-01-03,Markowitz,T,0.26863
1112,2007-01-03,Markowitz,JPM,0.0
1113,2007-01-03,Markowitz,JNJ,0.0
1114,2007-01-03,Markowitz,INTC,0.0
1115,2007-01-03,Markowitz,GE,0.0
1116,2007-01-03,Markowitz,MS,0.0
1117,2007-01-03,Markowitz,RTX,0.0
1118,2007-01-03,Markowitz,TXN,0.0
1119,2007-01-03,Markowitz,IBM,0.0
1120,2007-01-03,Markowitz,SPGI,0.0
1121,2007-01-03,Markowitz,LMT,0.15718
1122,2007-01-03,Markowitz,ADP,0.0
1123,2007-01-03,Markowitz,COF,0.0
1124,2007-01-03,Markowitz,WDC,0.0
1125,2007-01-03,Markowitz,ABT,0.00075
1126,2007-01-03,Markowitz,GILD,0.0
1127,2007-01-03,Markowitz,UNP,0.0
1128,2007-01-03,Markowitz,ADI,0.0
1129,2007-01-03,Markowitz,TMUS,0.0
1130,2007-01-03,Markowitz,MMM,0.0
1131,2007-01-03,Markowitz,ADBE,0.0
1132,2007-01-03,Markowitz,AXP,0.0
1133,2007-01-03,Markowitz,BA,0.0
1134,2007-01-03,Markowitz,CVX,0.0
1135,2007-01-03,Markowitz,CSCO,0.06864
1136,2007-01-03,Markowitz,DD,0.0
1137,2007-01-03,Markowitz,XOM,0.08139
1138,2007-01-03,Markowitz,FDX,0.0
1139,2007-01-03,Markowitz,GS,0.02916
1140,2007-01-03,Markowitz,GM,0.0
1141,2007-01-03,Markowitz,HAS,0.03813
1142,2007-01-03,Markowitz,JBL,0.0
1143,2007-01-03,Markowitz,KMB,0.0
1144,2007-01-03,Markowitz,KLAC,0.0
1145,2007-01-03,Markowitz,LOW,0.0
1146,2007-01-03,Markowitz,MKC,0.11343
1147,2007-01-03,Markowitz,NEM,0.0
1148,2007-01-03,Markowitz,OLN,0.0
1149,2007-01-03,Markowitz,PH,0.0
1150,2007-01-03,Risk-Parity,PPG,0.009507645087915108
1151,2007-01-03,Risk-Parity,DELL,0.12851430276279843
1152,2007-01-03,Risk-Parity,QCOM,0.005488792055841473
1153,2007-01-03,Risk-Parity,AMAT,0.006112429545087068
1154,2007-01-03,Risk-Parity,MRK,0.012051100409128214
1155,2007-01-03,Risk-Parity,AME,0.007782902951106758
1156,2007-01-03,Risk-Parity,PG,0.01635811736607014
1157,2007-01-03,Risk-Parity,CL,0.02099463688664388
1158,2007-01-03,Risk-Parity,V,0.12851430282940948
1159,2007-01-03,Risk-Parity,MA,0.01499847110240896
1160,2007-01-03,Risk-Parity,MU,0.005782396782256444
1161,2007-01-03,Risk-Parity,T,0.013270218898512725
1162,2007-01-03,Risk-Parity,JPM,0.009147849883315833
1163,2007-01-03,Risk-Parity,JNJ,0.023126444061087256
1164,2007-01-03,Risk-Parity,INTC,0.007176290484819872
1165,2007-01-03,Risk-Parity,GE,0.014115785599733584
1166,2007-01-03,Risk-Parity,MS,0.007434638080296946
1167,2007-01-03,Risk-Parity,RTX,0.01047386195483882
1168,2007-01-03,Risk-Parity,TXN,0.006767692556109279
1169,2007-01-03,Risk-Parity,IBM,0.012543125096361669
1170,2007-01-03,Risk-Parity,SPGI,0.01084547475775182
1171,2007-01-03,Risk-Parity,LMT,0.014564462274729394
1172,2007-01-03,Risk-Parity,ADP,0.014172162759808708
1173,2007-01-03,Risk-Parity,COF,0.009532060589644826
1174,2007-01-03,Risk-Parity,WDC,0.005349329352019066
1175,2007-01-03,Risk-Parity,ABT,0.013617468591102376
1176,2007-01-03,Risk-Parity,GILD,0.007816309888232174
1177,2007-01-03,Risk-Parity,UNP,0.008417698249991232
1178,2007-01-03,Risk-Parity,ADI,0.007169140976697312
1179,2007-01-03,Risk-Parity,TMUS,0.1285143027973838
1180,2007-01-03,Risk-Parity,MMM,0.012744591514388599
1181,2007-01-03,Risk-Parity,ADBE,0.007302199713216916
1182,2007-01-03,Risk-Parity,AXP,0.010659721476759728
1183,2007-01-03,Risk-Parity,BA,0.009181939013450935
1184,2007-01-03,Risk-Parity,CVX,0.014718377281108901
1185,2007-01-03,Risk-Parity,CSCO,0.007881341761602061
1186,2007-01-03,Risk-Parity,DD,0.009680288789349945
1187,2007-01-03,Risk-Parity,XOM,0.012813846371619746
1188,2007-01-03,Risk-Parity,FDX,0.00730361001772862
1189,2007-01-03,Risk-Parity,GS,0.006703995209451082
1190,2007-01-03,Risk-Parity,GM,0.12851430281788379
1191,2007-01-03,Risk-Parity,HAS,0.012064928338254875
1192,2007-01-03,Risk-Parity,JBL,0.006048198008732806
1193,2007-01-03,Risk-Parity,KMB,0.01779996719830138
1194,2007-01-03,Risk-Parity,KLAC,0.005080974620047917
1195,2007-01-03,Risk-Parity,LOW,0.008325019575582735
1196,2007-01-03,Risk-Parity,MKC,0.020854132101802363
1197,2007-01-03,Risk-Parity,NEM,0.008341263916834008
1198,2007-01-03,Risk-Parity,OLN,0.006415452606772059
1199,2007-01-03,Risk-Parity,PH,0.0074064350360088455
1200,2008-01-02,Simulated (Max Sharpe Ratio),PPG,0.0015537775936413228
1201,2008-01-02,Simulated (Max Sharpe Ratio),DELL,0.026533156173196723
1202,2008-01-02,Simulated (Max Sharpe Ratio),QCOM,0.01027674571928958
1203,2008-01-02,Simulated (Max Sharpe Ratio),AMAT,0.0027721189840306075
1204,2008-01-02,Simulated (Max Sharpe Ratio),MRK,0.00472434193498107
1205,2008-01-02,Simulated (Max Sharpe Ratio),AME,0.01706906366666247
1206,2008-01-02,Simulated (Max Sharpe Ratio),PG,0.017962534984448227
1207,2008-01-02,Simulated (Max Sharpe Ratio),CL,0.008798931300809037
1208,2008-01-02,Simulated (Max Sharpe Ratio),V,0.005348416048630801
1209,2008-01-02,Simulated (Max Sharpe Ratio),MA,0.18198140749043637
1210,2008-01-02,Simulated (Max Sharpe Ratio),MU,0.010659053780409874
1211,2008-01-02,Simulated (Max Sharpe Ratio),T,0.023043750734873594
1212,2008-01-02,Simulated (Max Sharpe Ratio),JPM,0.00020960998943910322
1213,2008-01-02,Simulated (Max Sharpe Ratio),JNJ,0.004171794604917004
1214,2008-01-02,Simulated (Max Sharpe Ratio),INTC,0.00027601509536586837
1215,2008-01-02,Simulated (Max Sharpe Ratio),GE,0.010375670767885354
1216,2008-01-02,Simulated (Max Sharpe Ratio),MS,0.02753512132950191
1217,2008-01-02,Simulated (Max Sharpe Ratio),RTX,0.0025564139300175604
1218,2008-01-02,Simulated (Max Sharpe Ratio),TXN,0.023620703948550734
1219,2008-01-02,Simulated (Max Sharpe Ratio),IBM,0.017732500752164544
1220,2008-01-02,Simulated (Max Sharpe Ratio),SPGI,0.002052023737616424
1221,2008-01-02,Simulated (Max Sharpe Ratio),LMT,0.054187598427109754
1222,2008-01-02,Simulated (Max Sharpe Ratio),ADP,0.0142583569525866
1223,2008-01-02,Simulated (Max Sharpe Ratio),COF,0.007896129645560076
1224,2008-01-02,Simulated (Max Sharpe Ratio),WDC,0.07688572216694649
1225,2008-01-02,Simulated (Max Sharpe Ratio),ABT,0.00591880572933138
1226,2008-01-02,Simulated (Max Sharpe Ratio),GILD,0.019165258878792068
1227,2008-01-02,Simulated (Max Sharpe Ratio),UNP,0.013872733929513301
1228,2008-01-02,Simulated (Max Sharpe Ratio),ADI,0.006036483318175464
1229,2008-01-02,Simulated (Max Sharpe Ratio),TMUS,0.011919228035900899
1230,2008-01-02,Simulated (Max Sharpe Ratio),MMM,0.0042533100765171136
1231,2008-01-02,Simulated (Max Sharpe Ratio),ADBE,0.0046212687664835906
1232,2008-01-02,Simulated (Max Sharpe Ratio),AXP,0.005063443916107735
1233,2008-01-02,Simulated (Max Sharpe Ratio),BA,0.0803497521312909
1234,2008-01-02,Simulated (Max Sharpe Ratio),CVX,0.04046812254256594
1235,2008-01-02,Simulated (Max Sharpe Ratio),CSCO,0.01648722064762812
1236,2008-01-02,Simulated (Max Sharpe Ratio),DD,0.030927140291337005
1237,2008-01-02,Simulated (Max Sharpe Ratio),XOM,0.00212616164341727
1238,2008-01-02,Simulated (Max Sharpe Ratio),FDX,0.016305144759274092
1239,2008-01-02,Simulated (Max Sharpe Ratio),GS,0.004587878298526245
1240,2008-01-02,Simulated (Max Sharpe Ratio),GM,0.009908093959933842
1241,2008-01-02,Simulated (Max Sharpe Ratio),HAS,0.012199563885046059
1242,2008-01-02,Simulated (Max Sharpe Ratio),JBL,0.010026156207496407
1243,2008-01-02,Simulated (Max Sharpe Ratio),KMB,0.021024836804326846
1244,2008-01-02,Simulated (Max Sharpe Ratio),KLAC,0.019568691527663457
1245,2008-01-02,Simulated (Max Sharpe Ratio),LOW,0.025912923800913198
1246,2008-01-02,Simulated (Max Sharpe Ratio),MKC,0.06006752313456715
1247,2008-01-02,Simulated (Max Sharpe Ratio),NEM,0.004036172738520476
1248,2008-01-02,Simulated (Max Sharpe Ratio),OLN,0.00924856600371199
1249,2008-01-02,Simulated (Max Sharpe Ratio),PH,0.013424559213888524
1250,2008-01-02,Equal-Weight,PPG,0.02
1251,2008-01-02,Equal-Weight,DELL,0.02
1252,2008-01-02,Equal-Weight,QCOM,0.02
1253,2008-01-02,Equal-Weight,AMAT,0.02
1254,2008-01-02,Equal-Weight,MRK,0.02
1255,2008-01-02,Equal-Weight,AME,0.02
1256,2008-01-02,Equal-Weight,PG,0.02
1257,2008-01-02,Equal-Weight,CL,0.02
1258,2008-01-02,Equal-Weight,V,0.02
1259,2008-01-02,Equal-Weight,MA,0.02
1260,2008-01-02,Equal-Weight,MU,0.02
1261,2008-01-02,Equal-Weight,T,0.02
1262,2008-01-02,Equal-Weight,JPM,0.02
1263,2008-01-02,Equal-Weight,JNJ,0.02
1264,2008-01-02,Equal-Weight,INTC,0.02
1265,2008-01-02,Equal-Weight,GE,0.02
1266,2008-01-02,Equal-Weight,MS,0.02
1267,2008-01-02,Equal-Weight,RTX,0.02
1268,2008-01-02,Equal-Weight,TXN,0.02
1269,2008-01-02,Equal-Weight,IBM,0.02
1270,2008-01-02,Equal-Weight,SPGI,0.02
1271,2008-01-02,Equal-Weight,LMT,0.02
1272,2008-01-02,Equal-Weight,ADP,0.02
1273,2008-01-02,Equal-Weight,COF,0.02
1274,2008-01-02,Equal-Weight,WDC,0.02
1275,2008-01-02,Equal-Weight,ABT,0.02
1276,2008-01-02,Equal-Weight,GILD,0.02
1277,2008-01-02,Equal-Weight,UNP,0.02
1278,2008-01-02,Equal-Weight,ADI,0.02
1279,2008-01-02,Equal-Weight,TMUS,0.02
1280,2008-01-02,Equal-Weight,MMM,0.02
1281,2008-01-02,Equal-Weight,ADBE,0.02
1282,2008-01-02,Equal-Weight,AXP,0.02
1283,2008-01-02,Equal-Weight,BA,0.02
1284,2008-01-02,Equal-Weight,CVX,0.02
1285,2008-01-02,Equal-Weight,CSCO,0.02
1286,2008-01-02,Equal-Weight,DD,0.02
1287,2008-01-02,Equal-Weight,XOM,0.02
1288,2008-01-02,Equal-Weight,FDX,0.02
1289,2008-01-02,Equal-Weight,GS,0.02
1290,2008-01-02,Equal-Weight,GM,0.02
1291,2008-01-02,Equal-Weight,HAS,0.02
1292,2008-01-02,Equal-Weight,JBL,0.02
1293,2008-01-02,Equal-Weight,KMB,0.02
1294,2008-01-02,Equal-Weight,KLAC,0.02
1295,2008-01-02,Equal-Weight,LOW,0.02
1296,2008-01-02,Equal-Weight,MKC,0.02
1297,2008-01-02,Equal-Weight,NEM,0.02
1298,2008-01-02,Equal-Weight,OLN,0.02
1299,2008-01-02,Equal-Weight,PH,0.02
1300,2008-01-02,Markowitz,PPG,0.0
1301,2008-01-02,Markowitz,DELL,0.0
1302,2008-01-02,Markowitz,QCOM,0.0
1303,2008-01-02,Markowitz,AMAT,0.0
1304,2008-01-02,Markowitz,MRK,0.23146
1305,2008-01-02,Markowitz,AME,0.26707
1306,2008-01-02,Markowitz,PG,0.0
1307,2008-01-02,Markowitz,CL,0.04666
1308,2008-01-02,Markowitz,V,0.0
1309,2008-01-02,Markowitz,MA,0.3
1310,2008-01-02,Markowitz,MU,0.0
1311,2008-01-02,Markowitz,T,0.0
1312,2008-01-02,Markowitz,JPM,0.0
1313,2008-01-02,Markowitz,JNJ,0.0
1314,2008-01-02,Markowitz,INTC,0.0
1315,2008-01-02,Markowitz,GE,0.0
1316,2008-01-02,Markowitz,MS,0.0
1317,2008-01-02,Markowitz,RTX,0.0
1318,2008-01-02,Markowitz,TXN,0.0
1319,2008-01-02,Markowitz,IBM,0.0
1320,2008-01-02,Markowitz,SPGI,0.0
1321,2008-01-02,Markowitz,LMT,0.0
1322,2008-01-02,Markowitz,ADP,0.0
1323,2008-01-02,Markowitz,COF,0.0
1324,2008-01-02,Markowitz,WDC,0.02243
1325,2008-01-02,Markowitz,ABT,0.0
1326,2008-01-02,Markowitz,GILD,0.03463
1327,2008-01-02,Markowitz,UNP,0.0
1328,2008-01-02,Markowitz,ADI,0.0
1329,2008-01-02,Markowitz,TMUS,0.0
1330,2008-01-02,Markowitz,MMM,0.0
1331,2008-01-02,Markowitz,ADBE,0.0
1332,2008-01-02,Markowitz,AXP,0.0
1333,2008-01-02,Markowitz,BA,0.0
1334,2008-01-02,Markowitz,CVX,0.0
1335,2008-01-02,Markowitz,CSCO,0.0
1336,2008-01-02,Markowitz,DD,0.0
1337,2008-01-02,Markowitz,XOM,0.0
1338,2008-01-02,Markowitz,FDX,0.0
1339,2008-01-02,Markowitz,GS,0.0
1340,2008-01-02,Markowitz,GM,0.0
1341,2008-01-02,Markowitz,HAS,0.0
1342,2008-01-02,Markowitz,JBL,0.0
1343,2008-01-02,Markowitz,KMB,0.0
1344,2008-01-02,Markowitz,KLAC,0.0
1345,2008-01-02,Markowitz,LOW,0.0
1346,2008-01-02,Markowitz,MKC,0.0
1347,2008-01-02,Markowitz,NEM,0.0
1348,2008-01-02,Markowitz,OLN,0.0
1349,2008-01-02,Markowitz,PH,0.09774
1350,2008-01-02,Risk-Parity,PPG,0.008995875293317045
1351,2008-01-02,Risk-Parity,DELL,0.17058663015008352
1352,2008-01-02,Risk-Parity,QCOM,0.009251816803237112
1353,2008-01-02,Risk-Parity,AMAT,0.009038402247243987
1354,2008-01-02,Risk-Parity,MRK,0.012818261619072608
1355,2008-01-02,Risk-Parity,AME,0.01009437520756081
1356,2008-01-02,Risk-Parity,PG,0.018069475198265406
1357,2008-01-02,Risk-Parity,CL,0.018436267372462463
1358,2008-01-02,Risk-Parity,V,0.17058663011254555
1359,2008-01-02,Risk-Parity,MA,0.006408357560047359
1360,2008-01-02,Risk-Parity,MU,0.008676712134453117
1361,2008-01-02,Risk-Parity,T,0.010375425219119935
1362,2008-01-02,Risk-Parity,JPM,0.007433345065955545
1363,2008-01-02,Risk-Parity,JNJ,0.023437869586392664
1364,2008-01-02,Risk-Parity,INTC,0.00822781566449628
1365,2008-01-02,Risk-Parity,GE,0.010775195989532305
1366,2008-01-02,Risk-Parity,MS,0.005651548152085986
1367,2008-01-02,Risk-Parity,RTX,0.010539895706151893
1368,2008-01-02,Risk-Parity,TXN,0.010304225156866697
1369,2008-01-02,Risk-Parity,IBM,0.012171647420259158
1370,2008-01-02,Risk-Parity,SPGI,0.009117465578846162
1371,2008-01-02,Risk-Parity,LMT,0.01294624038476317
1372,2008-01-02,Risk-Parity,ADP,0.01200702455043623
1373,2008-01-02,Risk-Parity,COF,0.006451364694878935
1374,2008-01-02,Risk-Parity,WDC,0.008404720136892573
1375,2008-01-02,Risk-Parity,ABT,0.013975525428853565
1376,2008-01-02,Risk-Parity,GILD,0.008665584491190296
1377,2008-01-02,Risk-Parity,UNP,0.00827268315172733
1378,2008-01-02,Risk-Parity,ADI,0.009628903402878785
1379,2008-01-02,Risk-Parity,TMUS,0.006594143516390666
1380,2008-01-02,Risk-Parity,MMM,0.012666785047066979
1381,2008-01-02,Risk-Parity,ADBE,0.01095536020929022
1382,2008-01-02,Risk-Parity,AXP,0.006640475341751561
1383,2008-01-02,Risk-Parity,BA,0.012496411485124327
1384,2008-01-02,Risk-Parity,CVX,0.009147878991753948
1385,2008-01-02,Risk-Parity,CSCO,0.009032234092734789
1386,2008-01-02,Risk-Parity,DD,0.008808844276813887
1387,2008-01-02,Risk-Parity,XOM,0.008706571530196886
1388,2008-01-02,Risk-Parity,FDX,0.011069862287502785
1389,2008-01-02,Risk-Parity,GS,0.005782809904157947
1390,2008-01-02,Risk-Parity,GM,0.1705866301126278
1391,2008-01-02,Risk-Parity,HAS,0.010556809353404485
1392,2008-01-02,Risk-Parity,JBL,0.013164022849690753
1393,2008-01-02,Risk-Parity,KMB,0.015709529078099443
1394,2008-01-02,Risk-Parity,KLAC,0.01002486839119765
1395,2008-01-02,Risk-Parity,LOW,0.008716029414769741
1396,2008-01-02,Risk-Parity,MKC,0.013403579062452911
1397,2008-01-02,Risk-Parity,NEM,0.009455112934273221
1398,2008-01-02,Risk-Parity,OLN,0.007088624507076647
1399,2008-01-02,Risk-Parity,PH,0.008044134134006809
1400,2009-01-02,Simulated (Max Sharpe Ratio),PPG,0.02814219727658114
1401,2009-01-02,Simulated (Max Sharpe Ratio),DELL,0.01184547123852583
1402,2009-01-02,Simulated (Max Sharpe Ratio),QCOM,0.014452004976602713
1403,2009-01-02,Simulated (Max Sharpe Ratio),AMAT,0.010794179802618263
1404,2009-01-02,Simulated (Max Sharpe Ratio),MRK,0.02998654702789282
1405,2009-01-02,Simulated (Max Sharpe Ratio),AME,0.00388324350883471
1406,2009-01-02,Simulated (Max Sharpe Ratio),PG,0.03142486059907405
1407,2009-01-02,Simulated (Max Sharpe Ratio),CL,0.061806213989162674
1408,2009-01-02,Simulated (Max Sharpe Ratio),V,0.01634939776057678
1409,2009-01-02,Simulated (Max Sharpe Ratio),MA,0.015195557155190472
1410,2009-01-02,Simulated (Max Sharpe Ratio),MU,0.013253441819658181
1411,2009-01-02,Simulated (Max Sharpe Ratio),T,0.02381968979853868
1412,2009-01-02,Simulated (Max Sharpe Ratio),JPM,0.013625718891997486
1413,2009-01-02,Simulated (Max Sharpe Ratio),JNJ,0.018565551394340154
1414,2009-01-02,Simulated (Max Sharpe Ratio),INTC,0.011590486909006253
1415,2009-01-02,Simulated (Max Sharpe Ratio),GE,0.012118842025379599
1416,2009-01-02,Simulated (Max Sharpe Ratio),MS,0.004687401391617787
1417,2009-01-02,Simulated (Max Sharpe Ratio),RTX,0.0026421598531403746
1418,2009-01-02,Simulated (Max Sharpe Ratio),TXN,0.008182466963826393
1419,2009-01-02,Simulated (Max Sharpe Ratio),IBM,0.027627513338162397
1420,2009-01-02,Simulated (Max Sharpe Ratio),SPGI,0.0022824248454738918
1421,2009-01-02,Simulated (Max Sharpe Ratio),LMT,0.029710069455868526
1422,2009-01-02,Simulated (Max Sharpe Ratio),ADP,0.03803582405583167
1423,2009-01-02,Simulated (Max Sharpe Ratio),COF,0.0003352682947991855
1424,2009-01-02,Simulated (Max Sharpe Ratio),WDC,0.034221302398987866
1425,2009-01-02,Simulated (Max Sharpe Ratio),ABT,0.003235555228142179
1426,2009-01-02,Simulated (Max Sharpe Ratio),GILD,0.12203903539647122
1427,2009-01-02,Simulated (Max Sharpe Ratio),UNP,0.015793123124434195
1428,2009-01-02,Simulated (Max Sharpe Ratio),ADI,0.005390921816101793
1429,2009-01-02,Simulated (Max Sharpe Ratio),TMUS,0.0012074247572789467
1430,2009-01-02,Simulated (Max Sharpe Ratio),MMM,0.015067591238132364
1431,2009-01-02,Simulated (Max Sharpe Ratio),ADBE,0.0008968763138217296
1432,2009-01-02,Simulated (Max Sharpe Ratio),AXP,0.002459412928282625
1433,2009-01-02,Simulated (Max Sharpe Ratio),BA,0.003245315832933222
1434,2009-01-02,Simulated (Max Sharpe Ratio),CVX,0.013165002652803475
1435,2009-01-02,Simulated (Max Sharpe Ratio),CSCO,0.003457767578932446
1436,2009-01-02,Simulated (Max Sharpe Ratio),DD,0.00023456999675132794
1437,2009-01-02,Simulated (Max Sharpe Ratio),XOM,0.020265537526142255
1438,2009-01-02,Simulated (Max Sharpe Ratio),FDX,0.06461366812789499
1439,2009-01-02,Simulated (Max Sharpe Ratio),GS,0.000914983343820861
1440,2009-01-02,Simulated (Max Sharpe Ratio),GM,0.0010483406978331216
1441,2009-01-02,Simulated (Max Sharpe Ratio),HAS,0.045760868429877324
1442,2009-01-02,Simulated (Max Sharpe Ratio),JBL,0.012844973494873648
1443,2009-01-02,Simulated (Max Sharpe Ratio),KMB,0.02741015752927056
1444,2009-01-02,Simulated (Max Sharpe Ratio),KLAC,0.0015441447468426716
1445,2009-01-02,Simulated (Max Sharpe Ratio),LOW,0.06741129090673913
1446,2009-01-02,Simulated (Max Sharpe Ratio),MKC,0.009872522854840285
1447,2009-01-02,Simulated (Max Sharpe Ratio),NEM,0.019859913019215553
1448,2009-01-02,Simulated (Max Sharpe Ratio),OLN,0.06885004080182516
1449,2009-01-02,Simulated (Max Sharpe Ratio),PH,0.008833126885051374
1450,2009-01-02,Equal-Weight,PPG,0.02
1451,2009-01-02,Equal-Weight,DELL,0.02
1452,2009-01-02,Equal-Weight,QCOM,0.02
1453,2009-01-02,Equal-Weight,AMAT,0.02
1454,2009-01-02,Equal-Weight,MRK,0.02
1455,2009-01-02,Equal-Weight,AME,0.02
1456,2009-01-02,Equal-Weight,PG,0.02
1457,2009-01-02,Equal-Weight,CL,0.02
1458,2009-01-02,Equal-Weight,V,0.02
1459,2009-01-02,Equal-Weight,MA,0.02
1460,2009-01-02,Equal-Weight,MU,0.02
1461,2009-01-02,Equal-Weight,T,0.02
1462,2009-01-02,Equal-Weight,JPM,0.02
1463,2009-01-02,Equal-Weight,JNJ,0.02
1464,2009-01-02,Equal-Weight,INTC,0.02
1465,2009-01-02,Equal-Weight,GE,0.02
1466,2009-01-02,Equal-Weight,MS,0.02
1467,2009-01-02,Equal-Weight,RTX,0.02
1468,2009-01-02,Equal-Weight,TXN,0.02
1469,2009-01-02,Equal-Weight,IBM,0.02
1470,2009-01-02,Equal-Weight,SPGI,0.02
1471,2009-01-02,Equal-Weight,LMT,0.02
1472,2009-01-02,Equal-Weight,ADP,0.02
1473,2009-01-02,Equal-Weight,COF,0.02
1474,2009-01-02,Equal-Weight,WDC,0.02
1475,2009-01-02,Equal-Weight,ABT,0.02
1476,2009-01-02,Equal-Weight,GILD,0.02
1477,2009-01-02,Equal-Weight,UNP,0.02
1478,2009-01-02,Equal-Weight,ADI,0.02
1479,2009-01-02,Equal-Weight,TMUS,0.02
1480,2009-01-02,Equal-Weight,MMM,0.02
1481,2009-01-02,Equal-Weight,ADBE,0.02
1482,2009-01-02,Equal-Weight,AXP,0.02
1483,2009-01-02,Equal-Weight,BA,0.02
1484,2009-01-02,Equal-Weight,CVX,0.02
1485,2009-01-02,Equal-Weight,CSCO,0.02
1486,2009-01-02,Equal-Weight,DD,0.02
1487,2009-01-02,Equal-Weight,XOM,0.02
1488,2009-01-02,Equal-Weight,FDX,0.02
1489,2009-01-02,Equal-Weight,GS,0.02
1490,2009-01-02,Equal-Weight,GM,0.02
1491,2009-01-02,Equal-Weight,HAS,0.02
1492,2009-01-02,Equal-Weight,JBL,0.02
1493,2009-01-02,Equal-Weight,KMB,0.02
1494,2009-01-02,Equal-Weight,KLAC,0.02
1495,2009-01-02,Equal-Weight,LOW,0.02
1496,2009-01-02,Equal-Weight,MKC,0.02
1497,2009-01-02,Equal-Weight,NEM,0.02
1498,2009-01-02,Equal-Weight,OLN,0.02
1499,2009-01-02,Equal-Weight,PH,0.02
1500,2009-01-02,Markowitz,PPG,0.0
1501,2009-01-02,Markowitz,DELL,0.2
1502,2009-01-02,Markowitz,QCOM,0.0
1503,2009-01-02,Markowitz,AMAT,0.0
1504,2009-01-02,Markowitz,MRK,0.0
1505,2009-01-02,Markowitz,AME,0.0
1506,2009-01-02,Markowitz,PG,0.0
1507,2009-01-02,Markowitz,CL,0.0
1508,2009-01-02,Markowitz,V,0.0
1509,2009-01-02,Markowitz,MA,0.0
1510,2009-01-02,Markowitz,MU,0.0
1511,2009-01-02,Markowitz,T,0.0
1512,2009-01-02,Markowitz,JPM,0.0
1513,2009-01-02,Markowitz,JNJ,0.0
1514,2009-01-02,Markowitz,INTC,0.0
1515,2009-01-02,Markowitz,GE,0.0
1516,2009-01-02,Markowitz,MS,0.0
1517,2009-01-02,Markowitz,RTX,0.0
1518,2009-01-02,Markowitz,TXN,0.0
1519,2009-01-02,Markowitz,IBM,0.0
1520,2009-01-02,Markowitz,SPGI,0.0
1521,2009-01-02,Markowitz,LMT,0.0
1522,2009-01-02,Markowitz,ADP,0.0
1523,2009-01-02,Markowitz,COF,0.0
1524,2009-01-02,Markowitz,WDC,0.0
1525,2009-01-02,Markowitz,ABT,0.0
1526,2009-01-02,Markowitz,GILD,0.3
1527,2009-01-02,Markowitz,UNP,0.0
1528,2009-01-02,Markowitz,ADI,0.0
1529,2009-01-02,Markowitz,TMUS,0.0
1530,2009-01-02,Markowitz,MMM,0.0
1531,2009-01-02,Markowitz,ADBE,0.0
1532,2009-01-02,Markowitz,AXP,0.0
1533,2009-01-02,Markowitz,BA,0.0
1534,2009-01-02,Markowitz,CVX,0.0
1535,2009-01-02,Markowitz,CSCO,0.0
1536,2009-01-02,Markowitz,DD,0.0
1537,2009-01-02,Markowitz,XOM,0.0
1538,2009-01-02,Markowitz,FDX,0.0
1539,2009-01-02,Markowitz,GS,0.0
1540,2009-01-02,Markowitz,GM,0.2
1541,2009-01-02,Markowitz,HAS,0.3
1542,2009-01-02,Markowitz,JBL,0.0
1543,2009-01-02,Markowitz,KMB,0.0
1544,2009-01-02,Markowitz,KLAC,0.0
1545,2009-01-02,Markowitz,LOW,0.0
1546,2009-01-02,Markowitz,MKC,0.0
1547,2009-01-02,Markowitz,NEM,0.0
1548,2009-01-02,Markowitz,OLN,0.0
1549,2009-01-02,Markowitz,PH,0.0
1550,2009-01-02,Risk-Parity,PPG,0.010415216334826824
1551,2009-01-02,Risk-Parity,DELL,0.22316496382977005
1552,2009-01-02,Risk-Parity,QCOM,0.010675280511137555
1553,2009-01-02,Risk-Parity,AMAT,0.011056806043457488
1554,2009-01-02,Risk-Parity,MRK,0.01220773581629647
1555,2009-01-02,Risk-Parity,AME,0.01085705959203373
1556,2009-01-02,Risk-Parity,PG,0.017214441698758645
1557,2009-01-02,Risk-Parity,CL,0.01682819927552196
1558,2009-01-02,Risk-Parity,V,0.011538671101669711
1559,2009-01-02,Risk-Parity,MA,0.009432079633915754
1560,2009-01-02,Risk-Parity,MU,0.007361589672125174
1561,2009-01-02,Risk-Parity,T,0.011393529112600633
1562,2009-01-02,Risk-Parity,JPM,0.0071943507516165454
1563,2009-01-02,Risk-Parity,JNJ,0.018071687508376212
1564,2009-01-02,Risk-Parity,INTC,0.009991937326033033
1565,2009-01-02,Risk-Parity,GE,0.010320817278527718
1566,2009-01-02,Risk-Parity,MS,0.0042410905323426755
1567,2009-01-02,Risk-Parity,RTX,0.01117969333793667
1568,2009-01-02,Risk-Parity,TXN,0.012850061197512657
1569,2009-01-02,Risk-Parity,IBM,0.014371017022992287
1570,2009-01-02,Risk-Parity,SPGI,0.007504289862847001
1571,2009-01-02,Risk-Parity,LMT,0.014522961397819733
1572,2009-01-02,Risk-Parity,ADP,0.01343951566678423
1573,2009-01-02,Risk-Parity,COF,0.0062288744829825625
1574,2009-01-02,Risk-Parity,WDC,0.008654975894176629
1575,2009-01-02,Risk-Parity,ABT,0.020741482820089217
1576,2009-01-02,Risk-Parity,GILD,0.01411619853677735
1577,2009-01-02,Risk-Parity,UNP,0.012270212096611848
1578,2009-01-02,Risk-Parity,ADI,0.011932797066386409
1579,2009-01-02,Risk-Parity,TMUS,0.011483017187667043
1580,2009-01-02,Risk-Parity,MMM,0.014729816690910998
1581,2009-01-02,Risk-Parity,ADBE,0.009467328437089221
1582,2009-01-02,Risk-Parity,AXP,0.007173586170539439
1583,2009-01-02,Risk-Parity,BA,0.01184992954421739
1584,2009-01-02,Risk-Parity,CVX,0.009647874332899046
1585,2009-01-02,Risk-Parity,CSCO,0.010133289441048436
1586,2009-01-02,Risk-Parity,DD,0.010646098072816834
1587,2009-01-02,Risk-Parity,XOM,0.010498531723058285
1588,2009-01-02,Risk-Parity,FDX,0.01160428336134714
1589,2009-01-02,Risk-Parity,GS,0.007549780707776206
1590,2009-01-02,Risk-Parity,GM,0.22316496367046462
1591,2009-01-02,Risk-Parity,HAS,0.0132832839307504
1592,2009-01-02,Risk-Parity,JBL,0.008122071382303728
1593,2009-01-02,Risk-Parity,KMB,0.018750070952788907
1594,2009-01-02,Risk-Parity,KLAC,0.010728526711990462
1595,2009-01-02,Risk-Parity,LOW,0.009814445331188663
1596,2009-01-02,Risk-Parity,MKC,0.02070550753638266
1597,2009-01-02,Risk-Parity,NEM,0.013007860061003355
1598,2009-01-02,Risk-Parity,OLN,0.007823835758158397
1599,2009-01-02,Risk-Parity,PH,0.010038363593671844
1600,2010-01-04,Simulated (Max Sharpe Ratio),PPG,0.0008185528888433488
1601,2010-01-04,Simulated (Max Sharpe Ratio),DELL,0.013674640918570204
1602,2010-01-04,Simulated (Max Sharpe Ratio),QCOM,0.004587029457716201
1603,2010-01-04,Simulated (Max Sharpe Ratio),AMAT,0.013311201288244383
1604,2010-01-04,Simulated (Max Sharpe Ratio),MRK,0.019602697451095753
1605,2010-01-04,Simulated (Max Sharpe Ratio),AME,0.012613240066550083
1606,2010-01-04,Simulated (Max Sharpe Ratio),PG,0.01851625626030877
1607,2010-01-04,Simulated (Max Sharpe Ratio),CL,0.006672998738357646
1608,2010-01-04,Simulated (Max Sharpe Ratio),V,0.008518977207487302
1609,2010-01-04,Simulated (Max Sharpe Ratio),MA,0.03332130247452844
1610,2010-01-04,Simulated (Max Sharpe Ratio),MU,0.030637286084363557
1611,2010-01-04,Simulated (Max Sharpe Ratio),T,0.003992060232072908
1612,2010-01-04,Simulated (Max Sharpe Ratio),JPM,0.00784633998586733
1613,2010-01-04,Simulated (Max Sharpe Ratio),JNJ,0.009023751929702896
1614,2010-01-04,Simulated (Max Sharpe Ratio),INTC,0.02507666981883068
1615,2010-01-04,Simulated (Max Sharpe Ratio),GE,0.016837358880154238
1616,2010-01-04,Simulated (Max Sharpe Ratio),MS,0.005594712645705174
1617,2010-01-04,Simulated (Max Sharpe Ratio),RTX,0.012635525810248278
1618,2010-01-04,Simulated (Max Sharpe Ratio),TXN,0.03298767803146623
1619,2010-01-04,Simulated (Max Sharpe Ratio),IBM,0.04163704572290805
1620,2010-01-04,Simulated (Max Sharpe Ratio),SPGI,0.012586257705987251
1621,2010-01-04,Simulated (Max Sharpe Ratio),LMT,0.01848804297649993
1622,2010-01-04,Simulated (Max Sharpe Ratio),ADP,0.0008684431003635694
1623,2010-01-04,Simulated (Max Sharpe Ratio),COF,0.009160665915210475
1624,2010-01-04,Simulated (Max Sharpe Ratio),WDC,0.1604297554863263
1625,2010-01-04,Simulated (Max Sharpe Ratio),ABT,0.03183537064404677
1626,2010-01-04,Simulated (Max Sharpe Ratio),GILD,0.0002024399723751431
1627,2010-01-04,Simulated (Max Sharpe Ratio),UNP,0.03720626971679165
1628,2010-01-04,Simulated (Max Sharpe Ratio),ADI,0.018483366455049017
1629,2010-01-04,Simulated (Max Sharpe Ratio),TMUS,0.017321662056900982
1630,2010-01-04,Simulated (Max Sharpe Ratio),MMM,0.0031212385141220407
1631,2010-01-04,Simulated (Max Sharpe Ratio),ADBE,0.008497384629175622
1632,2010-01-04,Simulated (Max Sharpe Ratio),AXP,0.02917303930948016
1633,2010-01-04,Simulated (Max Sharpe Ratio),BA,0.023963244261667665
1634,2010-01-04,Simulated (Max Sharpe Ratio),CVX,0.0002533630171214613
1635,2010-01-04,Simulated (Max Sharpe Ratio),CSCO,0.0024479109037041286
1636,2010-01-04,Simulated (Max Sharpe Ratio),DD,0.010166316722045373
1637,2010-01-04,Simulated (Max Sharpe Ratio),XOM,0.008107961395266922
1638,2010-01-04,Simulated (Max Sharpe Ratio),FDX,0.022594843302511696
1639,2010-01-04,Simulated (Max Sharpe Ratio),GS,0.008987007317935253
1640,2010-01-04,Simulated (Max Sharpe Ratio),GM,0.01733467483421278
1641,2010-01-04,Simulated (Max Sharpe Ratio),HAS,0.032909579073379255
1642,2010-01-04,Simulated (Max Sharpe Ratio),JBL,0.027077951936245598
1643,2010-01-04,Simulated (Max Sharpe Ratio),KMB,0.03643357386875063
1644,2010-01-04,Simulated (Max Sharpe Ratio),KLAC,0.07327210328229251
1645,2010-01-04,Simulated (Max Sharpe Ratio),LOW,0.011323383027038442
1646,2010-01-04,Simulated (Max Sharpe Ratio),MKC,0.0021501857494741284
1647,2010-01-04,Simulated (Max Sharpe Ratio),NEM,0.03674720741582515
1648,2010-01-04,Simulated (Max Sharpe Ratio),OLN,0.004088541798111984
1649,2010-01-04,Simulated (Max Sharpe Ratio),PH,0.01686288971906715
1650,2010-01-04,Equal-Weight,PPG,0.02
1651,2010-01-04,Equal-Weight,DELL,0.02
1652,2010-01-04,Equal-Weight,QCOM,0.02
1653,2010-01-04,Equal-Weight,AMAT,0.02
1654,2010-01-04,Equal-Weight,MRK,0.02
1655,2010-01-04,Equal-Weight,AME,0.02
1656,2010-01-04,Equal-Weight,PG,0.02
1657,2010-01-04,Equal-Weight,CL,0.02
1658,2010-01-04,Equal-Weight,V,0.02
1659,2010-01-04,Equal-Weight,MA,0.02
1660,2010-01-04,Equal-Weight,MU,0.02
1661,2010-01-04,Equal-Weight,T,0.02
1662,2010-01-04,Equal-Weight,JPM,0.02
1663,2010-01-04,Equal-Weight,JNJ,0.02
1664,2010-01-04,Equal-Weight,INTC,0.02
1665,2010-01-04,Equal-Weight,GE,0.02
1666,2010-01-04,Equal-Weight,MS,0.02
1667,2010-01-04,Equal-Weight,RTX,0.02
1668,2010-01-04,Equal-Weight,TXN,0.02
1669,2010-01-04,Equal-Weight,IBM,0.02
1670,2010-01-04,Equal-Weight,SPGI,0.02
1671,2010-01-04,Equal-Weight,LMT,0.02
1672,2010-01-04,Equal-Weight,ADP,0.02
1673,2010-01-04,Equal-Weight,COF,0.02
1674,2010-01-04,Equal-Weight,WDC,0.02
1675,2010-01-04,Equal-Weight,ABT,0.02
1676,2010-01-04,Equal-Weight,GILD,0.02
1677,2010-01-04,Equal-Weight,UNP,0.02
1678,2010-01-04,Equal-Weight,ADI,0.02
1679,2010-01-04,Equal-Weight,TMUS,0.02
1680,2010-01-04,Equal-Weight,MMM,0.02
1681,2010-01-04,Equal-Weight,ADBE,0.02
1682,2010-01-04,Equal-Weight,AXP,0.02
1683,2010-01-04,Equal-Weight,BA,0.02
1684,2010-01-04,Equal-Weight,CVX,0.02
1685,2010-01-04,Equal-Weight,CSCO,0.02
1686,2010-01-04,Equal-Weight,DD,0.02
1687,2010-01-04,Equal-Weight,XOM,0.02
1688,2010-01-04,Equal-Weight,FDX,0.02
1689,2010-01-04,Equal-Weight,GS,0.02
1690,2010-01-04,Equal-Weight,GM,0.02
1691,2010-01-04,Equal-Weight,HAS,0.02
1692,2010-01-04,Equal-Weight,JBL,0.02
1693,2010-01-04,Equal-Weight,KMB,0.02
1694,2010-01-04,Equal-Weight,KLAC,0.02
1695,2010-01-04,Equal-Weight,LOW,0.02
1696,2010-01-04,Equal-Weight,MKC,0.02
1697,2010-01-04,Equal-Weight,NEM,0.02
1698,2010-01-04,Equal-Weight,OLN,0.02
1699,2010-01-04,Equal-Weight,PH,0.02
1700,2010-01-04,Markowitz,PPG,0.0
1701,2010-01-04,Markowitz,DELL,0.27704
1702,2010-01-04,Markowitz,QCOM,0.0
1703,2010-01-04,Markowitz,AMAT,0.0
1704,2010-01-04,Markowitz,MRK,0.0
1705,2010-01-04,Markowitz,AME,0.0
1706,2010-01-04,Markowitz,PG,0.0
1707,2010-01-04,Markowitz,CL,0.0
1708,2010-01-04,Markowitz,V,0.0
1709,2010-01-04,Markowitz,MA,0.0
1710,2010-01-04,Markowitz,MU,0.14591
1711,2010-01-04,Markowitz,T,0.0
1712,2010-01-04,Markowitz,JPM,0.0
1713,2010-01-04,Markowitz,JNJ,0.0
1714,2010-01-04,Markowitz,INTC,0.0
1715,2010-01-04,Markowitz,GE,0.0
1716,2010-01-04,Markowitz,MS,0.0
1717,2010-01-04,Markowitz,RTX,0.0
1718,2010-01-04,Markowitz,TXN,0.0
1719,2010-01-04,Markowitz,IBM,0.0
1720,2010-01-04,Markowitz,SPGI,0.0
1721,2010-01-04,Markowitz,LMT,0.0
1722,2010-01-04,Markowitz,ADP,0.0
1723,2010-01-04,Markowitz,COF,0.0
1724,2010-01-04,Markowitz,WDC,0.3
1725,2010-01-04,Markowitz,ABT,0.0
1726,2010-01-04,Markowitz,GILD,0.0
1727,2010-01-04,Markowitz,UNP,0.0
1728,2010-01-04,Markowitz,ADI,0.0
1729,2010-01-04,Markowitz,TMUS,0.0
1730,2010-01-04,Markowitz,MMM,0.0
1731,2010-01-04,Markowitz,ADBE,0.0
1732,2010-01-04,Markowitz,AXP,0.0
1733,2010-01-04,Markowitz,BA,0.0
1734,2010-01-04,Markowitz,CVX,0.0
1735,2010-01-04,Markowitz,CSCO,0.0
1736,2010-01-04,Markowitz,DD,0.0
1737,2010-01-04,Markowitz,XOM,0.0
1738,2010-01-04,Markowitz,FDX,0.0
1739,2010-01-04,Markowitz,GS,0.0
1740,2010-01-04,Markowitz,GM,0.27704
1741,2010-01-04,Markowitz,HAS,0.0
1742,2010-01-04,Markowitz,JBL,0.0
1743,2010-01-04,Markowitz,KMB,0.0
1744,2010-01-04,Markowitz,KLAC,0.0
1745,2010-01-04,Markowitz,LOW,0.0
1746,2010-01-04,Markowitz,MKC,0.0
1747,2010-01-04,Markowitz,NEM,0.0
1748,2010-01-04,Markowitz,OLN,0.0
1749,2010-01-04,Markowitz,PH,0.0
1750,2010-01-04,Risk-Parity,PPG,0.008635627982721964
1751,2010-01-04,Risk-Parity,DELL,0.2152458805930902
1752,2010-01-04,Risk-Parity,QCOM,0.01164564234301264
1753,2010-01-04,Risk-Parity,AMAT,0.007718995740297375
1754,2010-01-04,Risk-Parity,MRK,0.015348530665867121
1755,2010-01-04,Risk-Parity,AME,0.01086576438846413
1756,2010-01-04,Risk-Parity,PG,0.017018859672780377
1757,2010-01-04,Risk-Parity,CL,0.02281834876564357
1758,2010-01-04,Risk-Parity,V,0.01174436185044333
1759,2010-01-04,Risk-Parity,MA,0.0102292373728604
1760,2010-01-04,Risk-Parity,MU,0.0054849117490138825
1761,2010-01-04,Risk-Parity,T,0.015320903936795091
1762,2010-01-04,Risk-Parity,JPM,0.004599886427504357
1763,2010-01-04,Risk-Parity,JNJ,0.025077962804442768
1764,2010-01-04,Risk-Parity,INTC,0.009484130312492935
1765,2010-01-04,Risk-Parity,GE,0.0073350080207339186
1766,2010-01-04,Risk-Parity,MS,0.004703264827758043
1767,2010-01-04,Risk-Parity,RTX,0.01151260513058247
1768,2010-01-04,Risk-Parity,TXN,0.01078827933844974
1769,2010-01-04,Risk-Parity,IBM,0.014172891413489671
1770,2010-01-04,Risk-Parity,SPGI,0.00806189890217903
1771,2010-01-04,Risk-Parity,LMT,0.01671761130835664
1772,2010-01-04,Risk-Parity,ADP,0.014989550707935988
1773,2010-01-04,Risk-Parity,COF,0.0038670823048262983
1774,2010-01-04,Risk-Parity,WDC,0.008355940987515884
1775,2010-01-04,Risk-Parity,ABT,0.028655944322213255
1776,2010-01-04,Risk-Parity,GILD,0.022298600959367466
1777,2010-01-04,Risk-Parity,UNP,0.00784100138790463
1778,2010-01-04,Risk-Parity,ADI,0.011488872138966062
1779,2010-01-04,Risk-Parity,TMUS,0.010404783013892126
1780,2010-01-04,Risk-Parity,MMM,0.010869361671850836
1781,2010-01-04,Risk-Parity,ADBE,0.008131384523294712
1782,2010-01-04,Risk-Parity,AXP,0.004876010526866188
1783,2010-01-04,Risk-Parity,BA,0.00987690409673509
1784,2010-01-04,Risk-Parity,CVX,0.01156894011971446
1785,2010-01-04,Risk-Parity,CSCO,0.00953892378318771
1786,2010-01-04,Risk-Parity,DD,0.006176727650638275
1787,2010-01-04,Risk-Parity,XOM,0.01391533829675964
1788,2010-01-04,Risk-Parity,FDX,0.007714045053809549
1789,2010-01-04,Risk-Parity,GS,0.006151803284929959
1790,2010-01-04,Risk-Parity,GM,0.215245880726025
1791,2010-01-04,Risk-Parity,HAS,0.013068549062611184
1792,2010-01-04,Risk-Parity,JBL,0.005435194763649922
1793,2010-01-04,Risk-Parity,KMB,0.02051982307991199
1794,2010-01-04,Risk-Parity,KLAC,0.00780898381744629
1795,2010-01-04,Risk-Parity,LOW,0.009786113282319339
1796,2010-01-04,Risk-Parity,MKC,0.027931967878579832
1797,2010-01-04,Risk-Parity,NEM,0.023423705967698747
1798,2010-01-04,Risk-Parity,OLN,0.007017883154986198
1799,2010-01-04,Risk-Parity,PH,0.008510079889383806
1800,2011-01-03,Simulated (Max Sharpe Ratio),PPG,0.024156865619500822
1801,2011-01-03,Simulated (Max Sharpe Ratio),DELL,0.027368242751577954
1802,2011-01-03,Simulated (Max Sharpe Ratio),QCOM,0.010591085428219666
1803,2011-01-03,Simulated (Max Sharpe Ratio),AMAT,0.029610889357957818
1804,2011-01-03,Simulated (Max Sharpe Ratio),MRK,0.017079334218919825
1805,2011-01-03,Simulated (Max Sharpe Ratio),AME,0.08159088693667998
1806,2011-01-03,Simulated (Max Sharpe Ratio),PG,0.01622905993395455
1807,2011-01-03,Simulated (Max Sharpe Ratio),CL,0.037883758942194354
1808,2011-01-03,Simulated (Max Sharpe Ratio),V,0.0021320634401091492
1809,2011-01-03,Simulated (Max Sharpe Ratio),MA,0.02730626888359329
1810,2011-01-03,Simulated (Max Sharpe Ratio),MU,0.004434689678411026
1811,2011-01-03,Simulated (Max Sharpe Ratio),T,0.004777875566017275
1812,2011-01-03,Simulated (Max Sharpe Ratio),JPM,0.0098833056106596
1813,2011-01-03,Simulated (Max Sharpe Ratio),JNJ,0.01046590353400571
1814,2011-01-03,Simulated (Max Sharpe Ratio),INTC,0.004098678840966866
1815,2011-01-03,Simulated (Max Sharpe Ratio),GE,0.00012252513555057663
1816,2011-01-03,Simulated (Max Sharpe Ratio),MS,0.008745183761359571
1817,2011-01-03,Simulated (Max Sharpe Ratio),RTX,0.005172084616425928
1818,2011-01-03,Simulated (Max Sharpe Ratio),TXN,0.01195598367835078
1819,2011-01-03,Simulated (Max Sharpe Ratio),IBM,0.016177115170699568
1820,2011-01-03,Simulated (Max Sharpe Ratio),SPGI,0.009852300340221738
1821,2011-01-03,Simulated (Max Sharpe Ratio),LMT,0.036841405296587346
1822,2011-01-03,Simulated (Max Sharpe Ratio),ADP,0.025974268734786227
1823,2011-01-03,Simulated (Max Sharpe Ratio),COF,0.013823590745482063
1824,2011-01-03,Simulated (Max Sharpe Ratio),WDC,0.00042491057913308206
1825,2011-01-03,Simulated (Max Sharpe Ratio),ABT,0.005627773757467875
1826,2011-01-03,Simulated (Max Sharpe Ratio),GILD,0.003561621617251228
1827,2011-01-03,Simulated (Max Sharpe Ratio),UNP,0.09687942504736159
1828,2011-01-03,Simulated (Max Sharpe Ratio),ADI,0.002197366946737547
1829,2011-01-03,Simulated (Max Sharpe Ratio),TMUS,0.05155937030805853
1830,2011-01-03,Simulated (Max Sharpe Ratio),MMM,0.02230294101245843
1831,2011-01-03,Simulated (Max Sharpe Ratio),ADBE,0.007118587288049025
1832,2011-01-03,Simulated (Max Sharpe Ratio),AXP,0.004078355448257849
1833,2011-01-03,Simulated (Max Sharpe Ratio),BA,0.052423463676688806
1834,2011-01-03,Simulated (Max Sharpe Ratio),CVX,0.03375333335799362
1835,2011-01-03,Simulated (Max Sharpe Ratio),CSCO,0.00343835788102204
1836,2011-01-03,Simulated (Max Sharpe Ratio),DD,0.012766743522227434
1837,2011-01-03,Simulated (Max Sharpe Ratio),XOM,0.001500595228325481
1838,2011-01-03,Simulated (Max Sharpe Ratio),FDX,0.020393759922581915
1839,2011-01-03,Simulated (Max Sharpe Ratio),GS,0.0013353442182223343
1840,2011-01-03,Simulated (Max Sharpe Ratio),GM,0.0057303315109380245
1841,2011-01-03,Simulated (Max Sharpe Ratio),HAS,0.004574326377732019
1842,2011-01-03,Simulated (Max Sharpe Ratio),JBL,0.007704298390721038
1843,2011-01-03,Simulated (Max Sharpe Ratio),KMB,0.014646993895706036
1844,2011-01-03,Simulated (Max Sharpe Ratio),KLAC,0.012824318104806548
1845,2011-01-03,Simulated (Max Sharpe Ratio),LOW,0.008943911825281294
1846,2011-01-03,Simulated (Max Sharpe Ratio),MKC,0.09045047304773308
1847,2011-01-03,Simulated (Max Sharpe Ratio),NEM,0.0179964211812716
1848,2011-01-03,Simulated (Max Sharpe Ratio),OLN,0.0037501620895098032
1849,2011-01-03,Simulated (Max Sharpe Ratio),PH,0.07774344754223207
1850,2011-01-03,Equal-Weight,PPG,0.02
1851,2011-01-03,Equal-Weight,DELL,0.02
1852,2011-01-03,Equal-Weight,QCOM,0.02
1853,2011-01-03,Equal-Weight,AMAT,0.02
1854,2011-01-03,Equal-Weight,MRK,0.02
1855,2011-01-03,Equal-Weight,AME,0.02
1856,2011-01-03,Equal-Weight,PG,0.02
1857,2011-01-03,Equal-Weight,CL,0.02
1858,2011-01-03,Equal-Weight,V,0.02
1859,2011-01-03,Equal-Weight,MA,0.02
1860,2011-01-03,Equal-Weight,MU,0.02
1861,2011-01-03,Equal-Weight,T,0.02
1862,2011-01-03,Equal-Weight,JPM,0.02
1863,2011-01-03,Equal-Weight,JNJ,0.02
1864,2011-01-03,Equal-Weight,INTC,0.02
1865,2011-01-03,Equal-Weight,GE,0.02
1866,2011-01-03,Equal-Weight,MS,0.02
1867,2011-01-03,Equal-Weight,RTX,0.02
1868,2011-01-03,Equal-Weight,TXN,0.02
1869,2011-01-03,Equal-Weight,IBM,0.02
1870,2011-01-03,Equal-Weight,SPGI,0.02
1871,2011-01-03,Equal-Weight,LMT,0.02
1872,2011-01-03,Equal-Weight,ADP,0.02
1873,2011-01-03,Equal-Weight,COF,0.02
1874,2011-01-03,Equal-Weight,WDC,0.02
1875,2011-01-03,Equal-Weight,ABT,0.02
1876,2011-01-03,Equal-Weight,GILD,0.02
1877,2011-01-03,Equal-Weight,UNP,0.02
1878,2011-01-03,Equal-Weight,ADI,0.02
1879,2011-01-03,Equal-Weight,TMUS,0.02
1880,2011-01-03,Equal-Weight,MMM,0.02
1881,2011-01-03,Equal-Weight,ADBE,0.02
1882,2011-01-03,Equal-Weight,AXP,0.02
1883,2011-01-03,Equal-Weight,BA,0.02
1884,2011-01-03,Equal-Weight,CVX,0.02
1885,2011-01-03,Equal-Weight,CSCO,0.02
1886,2011-01-03,Equal-Weight,DD,0.02
1887,2011-01-03,Equal-Weight,XOM,0.02
1888,2011-01-03,Equal-Weight,FDX,0.02
1889,2011-01-03,Equal-Weight,GS,0.02
1890,2011-01-03,Equal-Weight,GM,0.02
1891,2011-01-03,Equal-Weight,HAS,0.02
1892,2011-01-03,Equal-Weight,JBL,0.02
1893,2011-01-03,Equal-Weight,KMB,0.02
1894,2011-01-03,Equal-Weight,KLAC,0.02
1895,2011-01-03,Equal-Weight,LOW,0.02
1896,2011-01-03,Equal-Weight,MKC,0.02
1897,2011-01-03,Equal-Weight,NEM,0.02
1898,2011-01-03,Equal-Weight,OLN,0.02
1899,2011-01-03,Equal-Weight,PH,0.02
1900,2011-01-03,Markowitz,PPG,0.00445
1901,2011-01-03,Markowitz,DELL,0.0
1902,2011-01-03,Markowitz,QCOM,0.0
1903,2011-01-03,Markowitz,AMAT,0.0
1904,2011-01-03,Markowitz,MRK,0.0
1905,2011-01-03,Markowitz,AME,0.3
1906,2011-01-03,Markowitz,PG,0.0
1907,2011-01-03,Markowitz,CL,0.0
1908,2011-01-03,Markowitz,V,0.0
1909,2011-01-03,Markowitz,MA,0.0
1910,2011-01-03,Markowitz,MU,0.0
1911,2011-01-03,Markowitz,T,0.0
1912,2011-01-03,Markowitz,JPM,0.0
1913,2011-01-03,Markowitz,JNJ,0.0
1914,2011-01-03,Markowitz,INTC,0.0
1915,2011-01-03,Markowitz,GE,0.0
1916,2011-01-03,Markowitz,MS,0.0
1917,2011-01-03,Markowitz,RTX,0.0
1918,2011-01-03,Markowitz,TXN,0.0
1919,2011-01-03,Markowitz,IBM,0.0
1920,2011-01-03,Markowitz,SPGI,0.0
1921,2011-01-03,Markowitz,LMT,0.0
1922,2011-01-03,Markowitz,ADP,0.0
1923,2011-01-03,Markowitz,COF,0.0
1924,2011-01-03,Markowitz,WDC,0.0
1925,2011-01-03,Markowitz,ABT,0.0
1926,2011-01-03,Markowitz,GILD,0.0
1927,2011-01-03,Markowitz,UNP,0.0
1928,2011-01-03,Markowitz,ADI,0.0
1929,2011-01-03,Markowitz,TMUS,0.05624
1930,2011-01-03,Markowitz,MMM,0.0
1931,2011-01-03,Markowitz,ADBE,0.0
1932,2011-01-03,Markowitz,AXP,0.0
1933,2011-01-03,Markowitz,BA,0.0
1934,2011-01-03,Markowitz,CVX,0.0
1935,2011-01-03,Markowitz,CSCO,0.0
1936,2011-01-03,Markowitz,DD,0.0
1937,2011-01-03,Markowitz,XOM,0.0
1938,2011-01-03,Markowitz,FDX,0.0
1939,2011-01-03,Markowitz,GS,0.0
1940,2011-01-03,Markowitz,GM,0.24032
1941,2011-01-03,Markowitz,HAS,0.13099
1942,2011-01-03,Markowitz,JBL,0.0
1943,2011-01-03,Markowitz,KMB,0.0
1944,2011-01-03,Markowitz,KLAC,0.0
1945,2011-01-03,Markowitz,LOW,0.0
1946,2011-01-03,Markowitz,MKC,0.25396
1947,2011-01-03,Markowitz,NEM,0.0
1948,2011-01-03,Markowitz,OLN,0.0
1949,2011-01-03,Markowitz,PH,0.01404
1950,2011-01-03,Risk-Parity,PPG,0.009619954063131934
1951,2011-01-03,Risk-Parity,DELL,0.28527090242094555
1952,2011-01-03,Risk-Parity,QCOM,0.01247021236426403
1953,2011-01-03,Risk-Parity,AMAT,0.00862354905940955
1954,2011-01-03,Risk-Parity,MRK,0.014580897312743459
1955,2011-01-03,Risk-Parity,AME,0.012241052879082694
1956,2011-01-03,Risk-Parity,PG,0.022759831624294725
1957,2011-01-03,Risk-Parity,CL,0.024052078080595368
1958,2011-01-03,Risk-Parity,V,0.011382547154417952
1959,2011-01-03,Risk-Parity,MA,0.010133187807541667
1960,2011-01-03,Risk-Parity,MU,0.005493738764396184
1961,2011-01-03,Risk-Parity,T,0.017931817039196676
1962,2011-01-03,Risk-Parity,JPM,0.008386721849152373
1963,2011-01-03,Risk-Parity,JNJ,0.021807820184701662
1964,2011-01-03,Risk-Parity,INTC,0.010058701811698672
1965,2011-01-03,Risk-Parity,GE,0.008897710654978094
1966,2011-01-03,Risk-Parity,MS,0.008371697891113486
1967,2011-01-03,Risk-Parity,RTX,0.011235899563958492
1968,2011-01-03,Risk-Parity,TXN,0.009959891799023643
1969,2011-01-03,Risk-Parity,IBM,0.01396408888495677
1970,2011-01-03,Risk-Parity,SPGI,0.012130194802305386
1971,2011-01-03,Risk-Parity,LMT,0.015235776350084412
1972,2011-01-03,Risk-Parity,ADP,0.013726676830271572
1973,2011-01-03,Risk-Parity,COF,0.0074952057145586054
1974,2011-01-03,Risk-Parity,WDC,0.007390410172433424
1975,2011-01-03,Risk-Parity,ABT,0.0214577026170162
1976,2011-01-03,Risk-Parity,GILD,0.01291394209267571
1977,2011-01-03,Risk-Parity,UNP,0.009259018713343461
1978,2011-01-03,Risk-Parity,ADI,0.00880943018114207
1979,2011-01-03,Risk-Parity,TMUS,0.009021588610621358
1980,2011-01-03,Risk-Parity,MMM,0.012510681443708139
1981,2011-01-03,Risk-Parity,ADBE,0.010301735270525053
1982,2011-01-03,Risk-Parity,AXP,0.00768010635801621
1983,2011-01-03,Risk-Parity,BA,0.008520731530217998
1984,2011-01-03,Risk-Parity,CVX,0.011240740553437241
1985,2011-01-03,Risk-Parity,CSCO,0.009885573511981377
1986,2011-01-03,Risk-Parity,DD,0.006571768705129981
1987,2011-01-03,Risk-Parity,XOM,0.013363009744204568
1988,2011-01-03,Risk-Parity,FDX,0.008644342543744396
1989,2011-01-03,Risk-Parity,GS,0.01173526941004876
1990,2011-01-03,Risk-Parity,GM,0.1440542210004053
1991,2011-01-03,Risk-Parity,HAS,0.012269275402667566
1992,2011-01-03,Risk-Parity,JBL,0.005652236889392772
1993,2011-01-03,Risk-Parity,KMB,0.026642913502582605
1994,2011-01-03,Risk-Parity,KLAC,0.007177417349937058
1995,2011-01-03,Risk-Parity,LOW,0.010166532699085155
1996,2011-01-03,Risk-Parity,MKC,0.01907084841847029
1997,2011-01-03,Risk-Parity,NEM,0.01502512489404603
1998,2011-01-03,Risk-Parity,OLN,0.00716108276079521
1999,2011-01-03,Risk-Parity,PH,0.007644140717549249
2000,2012-01-03,Simulated (Max Sharpe Ratio),PPG,0.001947239850793866
2001,2012-01-03,Simulated (Max Sharpe Ratio),DELL,0.017165489346470574
2002,2012-01-03,Simulated (Max Sharpe Ratio),QCOM,0.0023485980049154534
2003,2012-01-03,Simulated (Max Sharpe Ratio),AMAT,0.0064644155810216495
2004,2012-01-03,Simulated (Max Sharpe Ratio),MRK,0.03792152648950802
2005,2012-01-03,Simulated (Max Sharpe Ratio),AME,0.004266014109418445
2006,2012-01-03,Simulated (Max Sharpe Ratio),PG,0.053255731462490526
2007,2012-01-03,Simulated (Max Sharpe Ratio),CL,0.04668554860339354
2008,2012-01-03,Simulated (Max Sharpe Ratio),V,0.026381526868580384
2009,2012-01-03,Simulated (Max Sharpe Ratio),MA,0.15683790950121215
2010,2012-01-03,Simulated (Max Sharpe Ratio),MU,0.009250770757717935
2011,2012-01-03,Simulated (Max Sharpe Ratio),T,0.012846230444756015
2012,2012-01-03,Simulated (Max Sharpe Ratio),JPM,0.001594981526636463
2013,2012-01-03,Simulated (Max Sharpe Ratio),JNJ,0.012279437026326147
2014,2012-01-03,Simulated (Max Sharpe Ratio),INTC,0.005812848705671602
2015,2012-01-03,Simulated (Max Sharpe Ratio),GE,0.0022424717406543592
2016,2012-01-03,Simulated (Max Sharpe Ratio),MS,0.007476944675695921
2017,2012-01-03,Simulated (Max Sharpe Ratio),RTX,0.005511474522473651
2018,2012-01-03,Simulated (Max Sharpe Ratio),TXN,0.009069523761769593
2019,2012-01-03,Simulated (Max Sharpe Ratio),IBM,0.033455905989166715
2020,2012-01-03,Simulated (Max Sharpe Ratio),SPGI,0.03869148820002137
2021,2012-01-03,Simulated (Max Sharpe Ratio),LMT,0.012526835732664035
2022,2012-01-03,Simulated (Max Sharpe Ratio),ADP,0.041809763096009755
2023,2012-01-03,Simulated (Max Sharpe Ratio),COF,0.016668592125517988
2024,2012-01-03,Simulated (Max Sharpe Ratio),WDC,0.009973543172212688
2025,2012-01-03,Simulated (Max Sharpe Ratio),ABT,0.06232187328197527
2026,2012-01-03,Simulated (Max Sharpe Ratio),GILD,0.019386954816779968
2027,2012-01-03,Simulated (Max Sharpe Ratio),UNP,0.006924162410533997
2028,2012-01-03,Simulated (Max Sharpe Ratio),ADI,0.0034866777792249355
2029,2012-01-03,Simulated (Max Sharpe Ratio),TMUS,0.008386451122322763
2030,2012-01-03,Simulated (Max Sharpe Ratio),MMM,0.0063832205109764706
2031,2012-01-03,Simulated (Max Sharpe Ratio),ADBE,0.0003794054138948726
2032,2012-01-03,Simulated (Max Sharpe Ratio),AXP,0.020536603966738093
2033,2012-01-03,Simulated (Max Sharpe Ratio),BA,0.011550737421641843
2034,2012-01-03,Simulated (Max Sharpe Ratio),CVX,0.011756271405152008
2035,2012-01-03,Simulated (Max Sharpe Ratio),CSCO,0.0005198400693877072
2036,2012-01-03,Simulated (Max Sharpe Ratio),DD,0.01378408335211543
2037,2012-01-03,Simulated (Max Sharpe Ratio),XOM,0.03664891611522153
2038,2012-01-03,Simulated (Max Sharpe Ratio),FDX,0.013432106402801068
2039,2012-01-03,Simulated (Max Sharpe Ratio),GS,0.006263283822176289
2040,2012-01-03,Simulated (Max Sharpe Ratio),GM,0.031165059678122095
2041,2012-01-03,Simulated (Max Sharpe Ratio),HAS,0.022579361740906176
2042,2012-01-03,Simulated (Max Sharpe Ratio),JBL,0.025972027695669184
2043,2012-01-03,Simulated (Max Sharpe Ratio),KMB,0.006703882739497349
2044,2012-01-03,Simulated (Max Sharpe Ratio),KLAC,0.0035495154590951226
2045,2012-01-03,Simulated (Max Sharpe Ratio),LOW,0.07032286566410048
2046,2012-01-03,Simulated (Max Sharpe Ratio),MKC,0.014419357221200064
2047,2012-01-03,Simulated (Max Sharpe Ratio),NEM,0.0012902015595558506
2048,2012-01-03,Simulated (Max Sharpe Ratio),OLN,0.001606842738537315
2049,2012-01-03,Simulated (Max Sharpe Ratio),PH,0.02814548631727557
2050,2012-01-03,Equal-Weight,PPG,0.02
2051,2012-01-03,Equal-Weight,DELL,0.02
2052,2012-01-03,Equal-Weight,QCOM,0.02
2053,2012-01-03,Equal-Weight,AMAT,0.02
2054,2012-01-03,Equal-Weight,MRK,0.02
2055,2012-01-03,Equal-Weight,AME,0.02
2056,2012-01-03,Equal-Weight,PG,0.02
2057,2012-01-03,Equal-Weight,CL,0.02
2058,2012-01-03,Equal-Weight,V,0.02
2059,2012-01-03,Equal-Weight,MA,0.02
2060,2012-01-03,Equal-Weight,MU,0.02
2061,2012-01-03,Equal-Weight,T,0.02
2062,2012-01-03,Equal-Weight,JPM,0.02
2063,2012-01-03,Equal-Weight,JNJ,0.02
2064,2012-01-03,Equal-Weight,INTC,0.02
2065,2012-01-03,Equal-Weight,GE,0.02
2066,2012-01-03,Equal-Weight,MS,0.02
2067,2012-01-03,Equal-Weight,RTX,0.02
2068,2012-01-03,Equal-Weight,TXN,0.02
2069,2012-01-03,Equal-Weight,IBM,0.02
2070,2012-01-03,Equal-Weight,SPGI,0.02
2071,2012-01-03,Equal-Weight,LMT,0.02
2072,2012-01-03,Equal-Weight,ADP,0.02
2073,2012-01-03,Equal-Weight,COF,0.02
2074,2012-01-03,Equal-Weight,WDC,0.02
2075,2012-01-03,Equal-Weight,ABT,0.02
2076,2012-01-03,Equal-Weight,GILD,0.02
2077,2012-01-03,Equal-Weight,UNP,0.02
2078,2012-01-03,Equal-Weight,ADI,0.02
2079,2012-01-03,Equal-Weight,TMUS,0.02
2080,2012-01-03,Equal-Weight,MMM,0.02
2081,2012-01-03,Equal-Weight,ADBE,0.02
2082,2012-01-03,Equal-Weight,AXP,0.02
2083,2012-01-03,Equal-Weight,BA,0.02
2084,2012-01-03,Equal-Weight,CVX,0.02
2085,2012-01-03,Equal-Weight,CSCO,0.02
2086,2012-01-03,Equal-Weight,DD,0.02
2087,2012-01-03,Equal-Weight,XOM,0.02
2088,2012-01-03,Equal-Weight,FDX,0.02
2089,2012-01-03,Equal-Weight,GS,0.02
2090,2012-01-03,Equal-Weight,GM,0.02
2091,2012-01-03,Equal-Weight,HAS,0.02
2092,2012-01-03,Equal-Weight,JBL,0.02
2093,2012-01-03,Equal-Weight,KMB,0.02
2094,2012-01-03,Equal-Weight,KLAC,0.02
2095,2012-01-03,Equal-Weight,LOW,0.02
2096,2012-01-03,Equal-Weight,MKC,0.02
2097,2012-01-03,Equal-Weight,NEM,0.02
2098,2012-01-03,Equal-Weight,OLN,0.02
2099,2012-01-03,Equal-Weight,PH,0.02
2100,2012-01-03,Markowitz,PPG,0.0
2101,2012-01-03,Markowitz,DELL,0.0
2102,2012-01-03,Markowitz,QCOM,0.0
2103,2012-01-03,Markowitz,AMAT,0.0
2104,2012-01-03,Markowitz,MRK,0.0
2105,2012-01-03,Markowitz,AME,0.0
2106,2012-01-03,Markowitz,PG,0.0
2107,2012-01-03,Markowitz,CL,0.0
2108,2012-01-03,Markowitz,V,0.15112
2109,2012-01-03,Markowitz,MA,0.3
2110,2012-01-03,Markowitz,MU,0.0
2111,2012-01-03,Markowitz,T,0.0
2112,2012-01-03,Markowitz,JPM,0.0
2113,2012-01-03,Markowitz,JNJ,0.0
2114,2012-01-03,Markowitz,INTC,0.0
2115,2012-01-03,Markowitz,GE,0.0
2116,2012-01-03,Markowitz,MS,0.0
2117,2012-01-03,Markowitz,RTX,0.0
2118,2012-01-03,Markowitz,TXN,0.0
2119,2012-01-03,Markowitz,IBM,0.10032
2120,2012-01-03,Markowitz,SPGI,0.0
2121,2012-01-03,Markowitz,LMT,0.0
2122,2012-01-03,Markowitz,ADP,0.0
2123,2012-01-03,Markowitz,COF,0.0
2124,2012-01-03,Markowitz,WDC,0.0
2125,2012-01-03,Markowitz,ABT,0.14855
2126,2012-01-03,Markowitz,GILD,0.0
2127,2012-01-03,Markowitz,UNP,0.0
2128,2012-01-03,Markowitz,ADI,0.0
2129,2012-01-03,Markowitz,TMUS,0.0
2130,2012-01-03,Markowitz,MMM,0.0
2131,2012-01-03,Markowitz,ADBE,0.0
2132,2012-01-03,Markowitz,AXP,0.0
2133,2012-01-03,Markowitz,BA,0.0
2134,2012-01-03,Markowitz,CVX,0.0
2135,2012-01-03,Markowitz,CSCO,0.0
2136,2012-01-03,Markowitz,DD,0.0
2137,2012-01-03,Markowitz,XOM,0.0
2138,2012-01-03,Markowitz,FDX,0.0
2139,2012-01-03,Markowitz,GS,0.0
2140,2012-01-03,Markowitz,GM,0.0
2141,2012-01-03,Markowitz,HAS,0.0
2142,2012-01-03,Markowitz,JBL,0.0
2143,2012-01-03,Markowitz,KMB,0.3
2144,2012-01-03,Markowitz,KLAC,0.0
2145,2012-01-03,Markowitz,LOW,0.0
2146,2012-01-03,Markowitz,MKC,0.0
2147,2012-01-03,Markowitz,NEM,0.0
2148,2012-01-03,Markowitz,OLN,0.0
2149,2012-01-03,Markowitz,PH,0.0
2150,2012-01-03,Risk-Parity,PPG,0.011550140437062281
2151,2012-01-03,Risk-Parity,DELL,0.3
2152,2012-01-03,Risk-Parity,QCOM,0.011858538712790212
2153,2012-01-03,Risk-Parity,AMAT,0.011284455524719881
2154,2012-01-03,Risk-Parity,MRK,0.017865033362089333
2155,2012-01-03,Risk-Parity,AME,0.009182737216987985
2156,2012-01-03,Risk-Parity,PG,0.028640703787974762
2157,2012-01-03,Risk-Parity,CL,0.02424306382531661
2158,2012-01-03,Risk-Parity,V,0.013781671227106647
2159,2012-01-03,Risk-Parity,MA,0.010830294937548232
2160,2012-01-03,Risk-Parity,MU,0.007142497309498533
2161,2012-01-03,Risk-Parity,T,0.02219078564313929
2162,2012-01-03,Risk-Parity,JPM,0.009063445164064038
2163,2012-01-03,Risk-Parity,JNJ,0.02245682126971252
2164,2012-01-03,Risk-Parity,INTC,0.015192985530167256
2165,2012-01-03,Risk-Parity,GE,0.011811943026274469
2166,2012-01-03,Risk-Parity,MS,0.006651197530359576
2167,2012-01-03,Risk-Parity,RTX,0.012581492609638305
2168,2012-01-03,Risk-Parity,TXN,0.013408912113846061
2169,2012-01-03,Risk-Parity,IBM,0.017898100968543277
2170,2012-01-03,Risk-Parity,SPGI,0.013995732453513906
2171,2012-01-03,Risk-Parity,LMT,0.021054663290222212
2172,2012-01-03,Risk-Parity,ADP,0.015453629159616674
2173,2012-01-03,Risk-Parity,COF,0.009957911964616668
2174,2012-01-03,Risk-Parity,WDC,0.010899789215297146
2175,2012-01-03,Risk-Parity,ABT,0.024133551215458498
2176,2012-01-03,Risk-Parity,GILD,0.017686022215141903
2177,2012-01-03,Risk-Parity,UNP,0.012515219514608213
2178,2012-01-03,Risk-Parity,ADI,0.012668663800383959
2179,2012-01-03,Risk-Parity,TMUS,0.008503350714020766
2180,2012-01-03,Risk-Parity,MMM,0.01256070063989318
2181,2012-01-03,Risk-Parity,ADBE,0.011795157039653531
2182,2012-01-03,Risk-Parity,AXP,0.012041127627054029
2183,2012-01-03,Risk-Parity,BA,0.012081136007459395
2184,2012-01-03,Risk-Parity,CVX,0.013173631550331171
2185,2012-01-03,Risk-Parity,CSCO,0.012386603425195254
2186,2012-01-03,Risk-Parity,DD,0.00813732236864274
2187,2012-01-03,Risk-Parity,XOM,0.014355413755528047
2188,2012-01-03,Risk-Parity,FDX,0.01119735294773426
2189,2012-01-03,Risk-Parity,GS,0.010372661786367086
2190,2012-01-03,Risk-Parity,GM,0.009890505858472199
2191,2012-01-03,Risk-Parity,HAS,0.01622834302234477
2192,2012-01-03,Risk-Parity,JBL,0.007862977355574724
2193,2012-01-03,Risk-Parity,KMB,0.03069509808170417
2194,2012-01-03,Risk-Parity,KLAC,0.010939708830854544
2195,2012-01-03,Risk-Parity,LOW,0.015838815580122848
2196,2012-01-03,Risk-Parity,MKC,0.020678637546252265
2197,2012-01-03,Risk-Parity,NEM,0.025626187066097546
2198,2012-01-03,Risk-Parity,OLN,0.00996958570101088
2199,2012-01-03,Risk-Parity,PH,0.009665680069988223
2200,2013-01-02,Simulated (Max Sharpe Ratio),PPG,0.07407457669692805
2201,2013-01-02,Simulated (Max Sharpe Ratio),DELL,0.009155101785124155
2202,2013-01-02,Simulated (Max Sharpe Ratio),QCOM,0.0077334638962367015
2203,2013-01-02,Simulated (Max Sharpe Ratio),AMAT,0.0013265573133269843
2204,2013-01-02,Simulated (Max Sharpe Ratio),MRK,0.016953464496517
2205,2013-01-02,Simulated (Max Sharpe Ratio),AME,0.07440642119999552
2206,2013-01-02,Simulated (Max Sharpe Ratio),PG,0.017604078279685464
2207,2013-01-02,Simulated (Max Sharpe Ratio),CL,0.0016671697595312803
2208,2013-01-02,Simulated (Max Sharpe Ratio),V,0.012643243293317029
2209,2013-01-02,Simulated (Max Sharpe Ratio),MA,0.024419340079218702
2210,2013-01-02,Simulated (Max Sharpe Ratio),MU,0.0003791561765921651
2211,2013-01-02,Simulated (Max Sharpe Ratio),T,0.011287163197883913
2212,2013-01-02,Simulated (Max Sharpe Ratio),JPM,0.039344756593473244
2213,2013-01-02,Simulated (Max Sharpe Ratio),JNJ,0.0023685653525488065
2214,2013-01-02,Simulated (Max Sharpe Ratio),INTC,0.006668842273330302
2215,2013-01-02,Simulated (Max Sharpe Ratio),GE,0.013441069242630855
2216,2013-01-02,Simulated (Max Sharpe Ratio),MS,0.012425282796857178
2217,2013-01-02,Simulated (Max Sharpe Ratio),RTX,0.019409357197257494
2218,2013-01-02,Simulated (Max Sharpe Ratio),TXN,0.00203270817499041
2219,2013-01-02,Simulated (Max Sharpe Ratio),IBM,0.01478798654219235
2220,2013-01-02,Simulated (Max Sharpe Ratio),SPGI,0.010370848012104665
2221,2013-01-02,Simulated (Max Sharpe Ratio),LMT,0.008208245636665498
2222,2013-01-02,Simulated (Max Sharpe Ratio),ADP,0.0014380812489719647
2223,2013-01-02,Simulated (Max Sharpe Ratio),COF,0.007367305289563602
2224,2013-01-02,Simulated (Max Sharpe Ratio),WDC,0.030807887955907606
2225,2013-01-02,Simulated (Max Sharpe Ratio),ABT,0.03047259570503016
2226,2013-01-02,Simulated (Max Sharpe Ratio),GILD,0.09059619850135263
2227,2013-01-02,Simulated (Max Sharpe Ratio),UNP,0.029833096440055804
2228,2013-01-02,Simulated (Max Sharpe Ratio),ADI,0.004821290204082331
2229,2013-01-02,Simulated (Max Sharpe Ratio),TMUS,0.03583108021911061
2230,2013-01-02,Simulated (Max Sharpe Ratio),MMM,0.024777004218027386
2231,2013-01-02,Simulated (Max Sharpe Ratio),ADBE,0.022539504851215548
2232,2013-01-02,Simulated (Max Sharpe Ratio),AXP,0.002249526122144177
2233,2013-01-02,Simulated (Max Sharpe Ratio),BA,0.007134211364523753
2234,2013-01-02,Simulated (Max Sharpe Ratio),CVX,0.0073476140264023436
2235,2013-01-02,Simulated (Max Sharpe Ratio),CSCO,0.0044402518125272175
2236,2013-01-02,Simulated (Max Sharpe Ratio),DD,0.023088730251164136
2237,2013-01-02,Simulated (Max Sharpe Ratio),XOM,0.0018490558600722474
2238,2013-01-02,Simulated (Max Sharpe Ratio),FDX,5.6712184540718225e-05
2239,2013-01-02,Simulated (Max Sharpe Ratio),GS,0.004808105440107391
2240,2013-01-02,Simulated (Max Sharpe Ratio),GM,0.04026545355701077
2241,2013-01-02,Simulated (Max Sharpe Ratio),HAS,0.0008560980935250428
2242,2013-01-02,Simulated (Max Sharpe Ratio),JBL,0.007292213473755465
2243,2013-01-02,Simulated (Max Sharpe Ratio),KMB,0.014147661968833583
2244,2013-01-02,Simulated (Max Sharpe Ratio),KLAC,0.008690242621027109
2245,2013-01-02,Simulated (Max Sharpe Ratio),LOW,0.1638666262421017
2246,2013-01-02,Simulated (Max Sharpe Ratio),MKC,0.016621154482347217
2247,2013-01-02,Simulated (Max Sharpe Ratio),NEM,0.0038413269656240308
2248,2013-01-02,Simulated (Max Sharpe Ratio),OLN,0.0017077599881629734
2249,2013-01-02,Simulated (Max Sharpe Ratio),PH,0.03254581291640488
2250,2013-01-02,Equal-Weight,PPG,0.02
2251,2013-01-02,Equal-Weight,DELL,0.02
2252,2013-01-02,Equal-Weight,QCOM,0.02
2253,2013-01-02,Equal-Weight,AMAT,0.02
2254,2013-01-02,Equal-Weight,MRK,0.02
2255,2013-01-02,Equal-Weight,AME,0.02
2256,2013-01-02,Equal-Weight,PG,0.02
2257,2013-01-02,Equal-Weight,CL,0.02
2258,2013-01-02,Equal-Weight,V,0.02
2259,2013-01-02,Equal-Weight,MA,0.02
2260,2013-01-02,Equal-Weight,MU,0.02
2261,2013-01-02,Equal-Weight,T,0.02
2262,2013-01-02,Equal-Weight,JPM,0.02
2263,2013-01-02,Equal-Weight,JNJ,0.02
2264,2013-01-02,Equal-Weight,INTC,0.02
2265,2013-01-02,Equal-Weight,GE,0.02
2266,2013-01-02,Equal-Weight,MS,0.02
2267,2013-01-02,Equal-Weight,RTX,0.02
2268,2013-01-02,Equal-Weight,TXN,0.02
2269,2013-01-02,Equal-Weight,IBM,0.02
2270,2013-01-02,Equal-Weight,SPGI,0.02
2271,2013-01-02,Equal-Weight,LMT,0.02
2272,2013-01-02,Equal-Weight,ADP,0.02
2273,2013-01-02,Equal-Weight,COF,0.02
2274,2013-01-02,Equal-Weight,WDC,0.02
2275,2013-01-02,Equal-Weight,ABT,0.02
2276,2013-01-02,Equal-Weight,GILD,0.02
2277,2013-01-02,Equal-Weight,UNP,0.02
2278,2013-01-02,Equal-Weight,ADI,0.02
2279,2013-01-02,Equal-Weight,TMUS,0.02
2280,2013-01-02,Equal-Weight,MMM,0.02
2281,2013-01-02,Equal-Weight,ADBE,0.02
2282,2013-01-02,Equal-Weight,AXP,0.02
2283,2013-01-02,Equal-Weight,BA,0.02
2284,2013-01-02,Equal-Weight,CVX,0.02
2285,2013-01-02,Equal-Weight,CSCO,0.02
2286,2013-01-02,Equal-Weight,DD,0.02
2287,2013-01-02,Equal-Weight,XOM,0.02
2288,2013-01-02,Equal-Weight,FDX,0.02
2289,2013-01-02,Equal-Weight,GS,0.02
2290,2013-01-02,Equal-Weight,GM,0.02
2291,2013-01-02,Equal-Weight,HAS,0.02
2292,2013-01-02,Equal-Weight,JBL,0.02
2293,2013-01-02,Equal-Weight,KMB,0.02
2294,2013-01-02,Equal-Weight,KLAC,0.02
2295,2013-01-02,Equal-Weight,LOW,0.02
2296,2013-01-02,Equal-Weight,MKC,0.02
2297,2013-01-02,Equal-Weight,NEM,0.02
2298,2013-01-02,Equal-Weight,OLN,0.02
2299,2013-01-02,Equal-Weight,PH,0.02
2300,2013-01-02,Markowitz,PPG,0.3
2301,2013-01-02,Markowitz,DELL,0.0
2302,2013-01-02,Markowitz,QCOM,0.0
2303,2013-01-02,Markowitz,AMAT,0.0
2304,2013-01-02,Markowitz,MRK,0.0
2305,2013-01-02,Markowitz,AME,0.0
2306,2013-01-02,Markowitz,PG,0.0
2307,2013-01-02,Markowitz,CL,0.0
2308,2013-01-02,Markowitz,V,0.24475
2309,2013-01-02,Markowitz,MA,0.0
2310,2013-01-02,Markowitz,MU,0.0
2311,2013-01-02,Markowitz,T,0.0
2312,2013-01-02,Markowitz,JPM,0.0
2313,2013-01-02,Markowitz,JNJ,0.0
2314,2013-01-02,Markowitz,INTC,0.0
2315,2013-01-02,Markowitz,GE,0.0
2316,2013-01-02,Markowitz,MS,0.0
2317,2013-01-02,Markowitz,RTX,0.0
2318,2013-01-02,Markowitz,TXN,0.0
2319,2013-01-02,Markowitz,IBM,0.0
2320,2013-01-02,Markowitz,SPGI,0.0
2321,2013-01-02,Markowitz,LMT,0.0
2322,2013-01-02,Markowitz,ADP,0.0
2323,2013-01-02,Markowitz,COF,0.0
2324,2013-01-02,Markowitz,WDC,0.0
2325,2013-01-02,Markowitz,ABT,0.0
2326,2013-01-02,Markowitz,GILD,0.22224
2327,2013-01-02,Markowitz,UNP,0.0
2328,2013-01-02,Markowitz,ADI,0.0
2329,2013-01-02,Markowitz,TMUS,0.0
2330,2013-01-02,Markowitz,MMM,0.0
2331,2013-01-02,Markowitz,ADBE,0.0
2332,2013-01-02,Markowitz,AXP,0.0
2333,2013-01-02,Markowitz,BA,0.0
2334,2013-01-02,Markowitz,CVX,0.0
2335,2013-01-02,Markowitz,CSCO,0.0
2336,2013-01-02,Markowitz,DD,0.0
2337,2013-01-02,Markowitz,XOM,0.0
2338,2013-01-02,Markowitz,FDX,0.0
2339,2013-01-02,Markowitz,GS,0.0
2340,2013-01-02,Markowitz,GM,0.0
2341,2013-01-02,Markowitz,HAS,0.0
2342,2013-01-02,Markowitz,JBL,0.0
2343,2013-01-02,Markowitz,KMB,0.0
2344,2013-01-02,Markowitz,KLAC,0.0
2345,2013-01-02,Markowitz,LOW,0.05199
2346,2013-01-02,Markowitz,MKC,0.18101
2347,2013-01-02,Markowitz,NEM,0.0
2348,2013-01-02,Markowitz,OLN,0.0
2349,2013-01-02,Markowitz,PH,0.0
2350,2013-01-02,Risk-Parity,PPG,0.012127067114524546
2351,2013-01-02,Risk-Parity,DELL,0.2233090119278557
2352,2013-01-02,Risk-Parity,QCOM,0.013382827483626007
2353,2013-01-02,Risk-Parity,AMAT,0.01190488601714167
2354,2013-01-02,Risk-Parity,MRK,0.02425261955726749
2355,2013-01-02,Risk-Parity,AME,0.013607418914323951
2356,2013-01-02,Risk-Parity,PG,0.030011562271351648
2357,2013-01-02,Risk-Parity,CL,0.025505833612216814
2358,2013-01-02,Risk-Parity,V,0.015787820392740137
2359,2013-01-02,Risk-Parity,MA,0.01446876861554355
2360,2013-01-02,Risk-Parity,MU,0.008273192372061361
2361,2013-01-02,Risk-Parity,T,0.02560235146823549
2362,2013-01-02,Risk-Parity,JPM,0.010635707900120956
2363,2013-01-02,Risk-Parity,JNJ,0.03177143742093841
2364,2013-01-02,Risk-Parity,INTC,0.014080242525594934
2365,2013-01-02,Risk-Parity,GE,0.01382500707365926
2366,2013-01-02,Risk-Parity,MS,0.007351675126341199
2367,2013-01-02,Risk-Parity,RTX,0.01330983633363305
2368,2013-01-02,Risk-Parity,TXN,0.010413098270446522
2369,2013-01-02,Risk-Parity,IBM,0.01814086784846524
2370,2013-01-02,Risk-Parity,SPGI,0.01686501691686773
2371,2013-01-02,Risk-Parity,LMT,0.020068296802675755
2372,2013-01-02,Risk-Parity,ADP,0.017330460789050605
2373,2013-01-02,Risk-Parity,COF,0.012164082847942691
2374,2013-01-02,Risk-Parity,WDC,0.009060973107469741
2375,2013-01-02,Risk-Parity,ABT,0.02663536842068545
2376,2013-01-02,Risk-Parity,GILD,0.015529802813172159
2377,2013-01-02,Risk-Parity,UNP,0.014199702329995605
2378,2013-01-02,Risk-Parity,ADI,0.01291178740534549
2379,2013-01-02,Risk-Parity,TMUS,0.008958461802635027
2380,2013-01-02,Risk-Parity,MMM,0.01657084057626391
2381,2013-01-02,Risk-Parity,ADBE,0.012644675106796817
2382,2013-01-02,Risk-Parity,AXP,0.013720902816433036
2383,2013-01-02,Risk-Parity,BA,0.015231628949145815
2384,2013-01-02,Risk-Parity,CVX,0.0150860759409095
2385,2013-01-02,Risk-Parity,CSCO,0.014219671398788852
2386,2013-01-02,Risk-Parity,DD,0.011428975213218841
2387,2013-01-02,Risk-Parity,XOM,0.017089660211930865
2388,2013-01-02,Risk-Parity,FDX,0.014322447057003118
2389,2013-01-02,Risk-Parity,GS,0.009842487397914969
2390,2013-01-02,Risk-Parity,GM,0.010118770870101787
2391,2013-01-02,Risk-Parity,HAS,0.01654594500797849
2392,2013-01-02,Risk-Parity,JBL,0.008489737160948868
2393,2013-01-02,Risk-Parity,KMB,0.03333014441540729
2394,2013-01-02,Risk-Parity,KLAC,0.012624442840263862
2395,2013-01-02,Risk-Parity,LOW,0.01548712829074887
2396,2013-01-02,Risk-Parity,MKC,0.026901837985737195
2397,2013-01-02,Risk-Parity,NEM,0.02137448540293023
2398,2013-01-02,Risk-Parity,OLN,0.013534066202710098
2399,2013-01-02,Risk-Parity,PH,0.009950891672839558
2400,2014-01-02,Simulated (Max Sharpe Ratio),PPG,0.022579183987158927
2401,2014-01-02,Simulated (Max Sharpe Ratio),DELL,0.0353653058687638
2402,2014-01-02,Simulated (Max Sharpe Ratio),QCOM,0.011720271699464588
2403,2014-01-02,Simulated (Max Sharpe Ratio),AMAT,0.00145539881108453
2404,2014-01-02,Simulated (Max Sharpe Ratio),MRK,0.011399513367290238
2405,2014-01-02,Simulated (Max Sharpe Ratio),AME,0.026934425406426116
2406,2014-01-02,Simulated (Max Sharpe Ratio),PG,0.00736579235204542
2407,2014-01-02,Simulated (Max Sharpe Ratio),CL,0.003250866705693866
2408,2014-01-02,Simulated (Max Sharpe Ratio),V,0.005577754701276673
2409,2014-01-02,Simulated (Max Sharpe Ratio),MA,0.061987151417793415
2410,2014-01-02,Simulated (Max Sharpe Ratio),MU,0.18298763884495736
2411,2014-01-02,Simulated (Max Sharpe Ratio),T,0.020339443010610865
2412,2014-01-02,Simulated (Max Sharpe Ratio),JPM,0.023830359235973514
2413,2014-01-02,Simulated (Max Sharpe Ratio),JNJ,0.00874508474312163
2414,2014-01-02,Simulated (Max Sharpe Ratio),INTC,0.0006957123368864502
2415,2014-01-02,Simulated (Max Sharpe Ratio),GE,0.020413937271472934
2416,2014-01-02,Simulated (Max Sharpe Ratio),MS,0.003957853426819845
2417,2014-01-02,Simulated (Max Sharpe Ratio),RTX,0.0008100604993055286
2418,2014-01-02,Simulated (Max Sharpe Ratio),TXN,0.01864118523059206
2419,2014-01-02,Simulated (Max Sharpe Ratio),IBM,0.00971887744027692
2420,2014-01-02,Simulated (Max Sharpe Ratio),SPGI,0.003886358281158333
2421,2014-01-02,Simulated (Max Sharpe Ratio),LMT,0.026960125821338065
2422,2014-01-02,Simulated (Max Sharpe Ratio),ADP,0.012870490000907389
2423,2014-01-02,Simulated (Max Sharpe Ratio),COF,0.02947483006184186
2424,2014-01-02,Simulated (Max Sharpe Ratio),WDC,0.05852540714975501
2425,2014-01-02,Simulated (Max Sharpe Ratio),ABT,0.013002805395200809
2426,2014-01-02,Simulated (Max Sharpe Ratio),GILD,0.0036483576881917563
2427,2014-01-02,Simulated (Max Sharpe Ratio),UNP,0.015686536757976623
2428,2014-01-02,Simulated (Max Sharpe Ratio),ADI,0.018687616284931853
2429,2014-01-02,Simulated (Max Sharpe Ratio),TMUS,0.009949499300720506
2430,2014-01-02,Simulated (Max Sharpe Ratio),MMM,0.012897556785637743
2431,2014-01-02,Simulated (Max Sharpe Ratio),ADBE,0.019368996923497646
2432,2014-01-02,Simulated (Max Sharpe Ratio),AXP,0.0024467984310634367
2433,2014-01-02,Simulated (Max Sharpe Ratio),BA,0.06083160689147158
2434,2014-01-02,Simulated (Max Sharpe Ratio),CVX,0.011103540693432085
2435,2014-01-02,Simulated (Max Sharpe Ratio),CSCO,0.007722677015608561
2436,2014-01-02,Simulated (Max Sharpe Ratio),DD,0.000314205311997614
2437,2014-01-02,Simulated (Max Sharpe Ratio),XOM,0.01463142755273365
2438,2014-01-02,Simulated (Max Sharpe Ratio),FDX,0.008425722613907255
2439,2014-01-02,Simulated (Max Sharpe Ratio),GS,0.03721784945674222
2440,2014-01-02,Simulated (Max Sharpe Ratio),GM,0.0003059643128629141
2441,2014-01-02,Simulated (Max Sharpe Ratio),HAS,0.005710686714276833
2442,2014-01-02,Simulated (Max Sharpe Ratio),JBL,0.07758394689960724
2443,2014-01-02,Simulated (Max Sharpe Ratio),KMB,8.271997341620163e-05
2444,2014-01-02,Simulated (Max Sharpe Ratio),KLAC,0.022800921494494173
2445,2014-01-02,Simulated (Max Sharpe Ratio),LOW,0.008343999491182825
2446,2014-01-02,Simulated (Max Sharpe Ratio),MKC,0.021477687916716122
2447,2014-01-02,Simulated (Max Sharpe Ratio),NEM,0.006341878807696333
2448,2014-01-02,Simulated (Max Sharpe Ratio),OLN,0.00405671292478165
2449,2014-01-02,Simulated (Max Sharpe Ratio),PH,0.007867256689836922
2450,2014-01-02,Equal-Weight,PPG,0.02
2451,2014-01-02,Equal-Weight,DELL,0.02
2452,2014-01-02,Equal-Weight,QCOM,0.02
2453,2014-01-02,Equal-Weight,AMAT,0.02
2454,2014-01-02,Equal-Weight,MRK,0.02
2455,2014-01-02,Equal-Weight,AME,0.02
2456,2014-01-02,Equal-Weight,PG,0.02
2457,2014-01-02,Equal-Weight,CL,0.02
2458,2014-01-02,Equal-Weight,V,0.02
2459,2014-01-02,Equal-Weight,MA,0.02
2460,2014-01-02,Equal-Weight,MU,0.02
2461,2014-01-02,Equal-Weight,T,0.02
2462,2014-01-02,Equal-Weight,JPM,0.02
2463,2014-01-02,Equal-Weight,JNJ,0.02
2464,2014-01-02,Equal-Weight,INTC,0.02
2465,2014-01-02,Equal-Weight,GE,0.02
2466,2014-01-02,Equal-Weight,MS,0.02
2467,2014-01-02,Equal-Weight,RTX,0.02
2468,2014-01-02,Equal-Weight,TXN,0.02
2469,2014-01-02,Equal-Weight,IBM,0.02
2470,2014-01-02,Equal-Weight,SPGI,0.02
2471,2014-01-02,Equal-Weight,LMT,0.02
2472,2014-01-02,Equal-Weight,ADP,0.02
2473,2014-01-02,Equal-Weight,COF,0.02
2474,2014-01-02,Equal-Weight,WDC,0.02
2475,2014-01-02,Equal-Weight,ABT,0.02
2476,2014-01-02,Equal-Weight,GILD,0.02
2477,2014-01-02,Equal-Weight,UNP,0.02
2478,2014-01-02,Equal-Weight,ADI,0.02
2479,2014-01-02,Equal-Weight,TMUS,0.02
2480,2014-01-02,Equal-Weight,MMM,0.02
2481,2014-01-02,Equal-Weight,ADBE,0.02
2482,2014-01-02,Equal-Weight,AXP,0.02
2483,2014-01-02,Equal-Weight,BA,0.02
2484,2014-01-02,Equal-Weight,CVX,0.02
2485,2014-01-02,Equal-Weight,CSCO,0.02
2486,2014-01-02,Equal-Weight,DD,0.02
2487,2014-01-02,Equal-Weight,XOM,0.02
2488,2014-01-02,Equal-Weight,FDX,0.02
2489,2014-01-02,Equal-Weight,GS,0.02
2490,2014-01-02,Equal-Weight,GM,0.02
2491,2014-01-02,Equal-Weight,HAS,0.02
2492,2014-01-02,Equal-Weight,JBL,0.02
2493,2014-01-02,Equal-Weight,KMB,0.02
2494,2014-01-02,Equal-Weight,KLAC,0.02
2495,2014-01-02,Equal-Weight,LOW,0.02
2496,2014-01-02,Equal-Weight,MKC,0.02
2497,2014-01-02,Equal-Weight,NEM,0.02
2498,2014-01-02,Equal-Weight,OLN,0.02
2499,2014-01-02,Equal-Weight,PH,0.02
2500,2014-01-02,Markowitz,PPG,0.0
2501,2014-01-02,Markowitz,DELL,0.0
2502,2014-01-02,Markowitz,QCOM,0.0
2503,2014-01-02,Markowitz,AMAT,0.0
2504,2014-01-02,Markowitz,MRK,0.0
2505,2014-01-02,Markowitz,AME,0.0
2506,2014-01-02,Markowitz,PG,0.0
2507,2014-01-02,Markowitz,CL,0.0
2508,2014-01-02,Markowitz,V,0.0
2509,2014-01-02,Markowitz,MA,0.04425
2510,2014-01-02,Markowitz,MU,0.3
2511,2014-01-02,Markowitz,T,0.0
2512,2014-01-02,Markowitz,JPM,0.0
2513,2014-01-02,Markowitz,JNJ,0.0
2514,2014-01-02,Markowitz,INTC,0.0
2515,2014-01-02,Markowitz,GE,0.0
2516,2014-01-02,Markowitz,MS,0.0
2517,2014-01-02,Markowitz,RTX,0.0
2518,2014-01-02,Markowitz,TXN,0.0
2519,2014-01-02,Markowitz,IBM,0.0
2520,2014-01-02,Markowitz,SPGI,0.0
2521,2014-01-02,Markowitz,LMT,0.15424
2522,2014-01-02,Markowitz,ADP,0.0
2523,2014-01-02,Markowitz,COF,0.0
2524,2014-01-02,Markowitz,WDC,0.09115
2525,2014-01-02,Markowitz,ABT,0.0
2526,2014-01-02,Markowitz,GILD,0.11933
2527,2014-01-02,Markowitz,UNP,0.0
2528,2014-01-02,Markowitz,ADI,0.0
2529,2014-01-02,Markowitz,TMUS,0.0925
2530,2014-01-02,Markowitz,MMM,0.02872
2531,2014-01-02,Markowitz,ADBE,0.0
2532,2014-01-02,Markowitz,AXP,0.0
2533,2014-01-02,Markowitz,BA,0.09768
2534,2014-01-02,Markowitz,CVX,0.0
2535,2014-01-02,Markowitz,CSCO,0.0
2536,2014-01-02,Markowitz,DD,0.0
2537,2014-01-02,Markowitz,XOM,0.0
2538,2014-01-02,Markowitz,FDX,0.0
2539,2014-01-02,Markowitz,GS,0.0
2540,2014-01-02,Markowitz,GM,0.0
2541,2014-01-02,Markowitz,HAS,0.07212
2542,2014-01-02,Markowitz,JBL,0.0
2543,2014-01-02,Markowitz,KMB,0.0
2544,2014-01-02,Markowitz,KLAC,0.0
2545,2014-01-02,Markowitz,LOW,0.0
2546,2014-01-02,Markowitz,MKC,0.0
2547,2014-01-02,Markowitz,NEM,0.0
2548,2014-01-02,Markowitz,OLN,0.0
2549,2014-01-02,Markowitz,PH,0.0
2550,2014-01-02,Risk-Parity,PPG,0.012884478173347445
2551,2014-01-02,Risk-Parity,DELL,0.23610333143090587
2552,2014-01-02,Risk-Parity,QCOM,0.019350572171875198
2553,2014-01-02,Risk-Parity,AMAT,0.011732849544970813
2554,2014-01-02,Risk-Parity,MRK,0.023951303352497684
2555,2014-01-02,Risk-Parity,AME,0.013992552296032582
2556,2014-01-02,Risk-Parity,PG,0.021198666713679093
2557,2014-01-02,Risk-Parity,CL,0.017903189999396725
2558,2014-01-02,Risk-Parity,V,0.014447548902208954
2559,2014-01-02,Risk-Parity,MA,0.01498962029605965
2560,2014-01-02,Risk-Parity,MU,0.009599573101888484
2561,2014-01-02,Risk-Parity,T,0.021561590755324368
2562,2014-01-02,Risk-Parity,JPM,0.013808948999397632
2563,2014-01-02,Risk-Parity,JNJ,0.021620220158646532
2564,2014-01-02,Risk-Parity,INTC,0.01654840131892203
2565,2014-01-02,Risk-Parity,GE,0.01660125023492597
2566,2014-01-02,Risk-Parity,MS,0.009238863832800245
2567,2014-01-02,Risk-Parity,RTX,0.015211027986305317
2568,2014-01-02,Risk-Parity,TXN,0.013538327158090793
2569,2014-01-02,Risk-Parity,IBM,0.021227200850435383
2570,2014-01-02,Risk-Parity,SPGI,0.015840238909593924
2571,2014-01-02,Risk-Parity,LMT,0.018411880278924927
2572,2014-01-02,Risk-Parity,ADP,0.018150503454966906
2573,2014-01-02,Risk-Parity,COF,0.013900641739578855
2574,2014-01-02,Risk-Parity,WDC,0.011962381771856724
2575,2014-01-02,Risk-Parity,ABT,0.01624632586242242
2576,2014-01-02,Risk-Parity,GILD,0.011192348760573784
2577,2014-01-02,Risk-Parity,UNP,0.014647862551602017
2578,2014-01-02,Risk-Parity,ADI,0.012617462209810998
2579,2014-01-02,Risk-Parity,TMUS,0.014147373238699044
2580,2014-01-02,Risk-Parity,MMM,0.017792976515253717
2581,2014-01-02,Risk-Parity,ADBE,0.013239988125700862
2582,2014-01-02,Risk-Parity,AXP,0.01426966507413581
2583,2014-01-02,Risk-Parity,BA,0.01587152860631928
2584,2014-01-02,Risk-Parity,CVX,0.019796568205069993
2585,2014-01-02,Risk-Parity,CSCO,0.016161089576856354
2586,2014-01-02,Risk-Parity,DD,0.012048784184497478
2587,2014-01-02,Risk-Parity,XOM,0.020522949268263486
2588,2014-01-02,Risk-Parity,FDX,0.013984522313486136
2589,2014-01-02,Risk-Parity,GS,0.011538971234282828
2590,2014-01-02,Risk-Parity,GM,0.011193126486348876
2591,2014-01-02,Risk-Parity,HAS,0.01729376845838445
2592,2014-01-02,Risk-Parity,JBL,0.015305841962278565
2593,2014-01-02,Risk-Parity,KMB,0.01947845873891362
2594,2014-01-02,Risk-Parity,KLAC,0.011075966402342204
2595,2014-01-02,Risk-Parity,LOW,0.013445454921231444
2596,2014-01-02,Risk-Parity,MKC,0.019179876251014763
2597,2014-01-02,Risk-Parity,NEM,0.019238309811190058
2598,2014-01-02,Risk-Parity,OLN,0.014129761011683348
2599,2014-01-02,Risk-Parity,PH,0.011805856797006286
2600,2015-01-02,Simulated (Max Sharpe Ratio),PPG,0.06822789874088836
2601,2015-01-02,Simulated (Max Sharpe Ratio),DELL,0.0017075691976022695
2602,2015-01-02,Simulated (Max Sharpe Ratio),QCOM,0.00653862994079959
2603,2015-01-02,Simulated (Max Sharpe Ratio),AMAT,0.05710308038243529
2604,2015-01-02,Simulated (Max Sharpe Ratio),MRK,0.006909991337831725
2605,2015-01-02,Simulated (Max Sharpe Ratio),AME,0.0012182890915810453
2606,2015-01-02,Simulated (Max Sharpe Ratio),PG,0.03751833778852952
2607,2015-01-02,Simulated (Max Sharpe Ratio),CL,0.006646517703809576
2608,2015-01-02,Simulated (Max Sharpe Ratio),V,0.04700554747174196
2609,2015-01-02,Simulated (Max Sharpe Ratio),MA,0.002902898188185286
2610,2015-01-02,Simulated (Max Sharpe Ratio),MU,0.09670950436829191
2611,2015-01-02,Simulated (Max Sharpe Ratio),T,0.007597881208320965
2612,2015-01-02,Simulated (Max Sharpe Ratio),JPM,0.009667977427913631
2613,2015-01-02,Simulated (Max Sharpe Ratio),JNJ,0.0006441459297538314
2614,2015-01-02,Simulated (Max Sharpe Ratio),INTC,0.009280391319095097
2615,2015-01-02,Simulated (Max Sharpe Ratio),GE,0.0004521579223679247
2616,2015-01-02,Simulated (Max Sharpe Ratio),MS,0.04865005444189217
2617,2015-01-02,Simulated (Max Sharpe Ratio),RTX,0.020592478481997783
2618,2015-01-02,Simulated (Max Sharpe Ratio),TXN,0.0007857908549856501
2619,2015-01-02,Simulated (Max Sharpe Ratio),IBM,0.008858666829661258
2620,2015-01-02,Simulated (Max Sharpe Ratio),SPGI,0.001224145429019615
2621,2015-01-02,Simulated (Max Sharpe Ratio),LMT,0.015208335224803882
2622,2015-01-02,Simulated (Max Sharpe Ratio),ADP,0.019830796012014672
2623,2015-01-02,Simulated (Max Sharpe Ratio),COF,0.0017191009985361274
2624,2015-01-02,Simulated (Max Sharpe Ratio),WDC,0.025471254651880382
2625,2015-01-02,Simulated (Max Sharpe Ratio),ABT,0.00633552457293081
2626,2015-01-02,Simulated (Max Sharpe Ratio),GILD,0.050837954779645554
2627,2015-01-02,Simulated (Max Sharpe Ratio),UNP,0.0012292430162075486
2628,2015-01-02,Simulated (Max Sharpe Ratio),ADI,0.0005934323684965578
2629,2015-01-02,Simulated (Max Sharpe Ratio),TMUS,0.008240939125774819
2630,2015-01-02,Simulated (Max Sharpe Ratio),MMM,0.01710315179278254
2631,2015-01-02,Simulated (Max Sharpe Ratio),ADBE,0.04817525403263422
2632,2015-01-02,Simulated (Max Sharpe Ratio),AXP,0.01102258123611837
2633,2015-01-02,Simulated (Max Sharpe Ratio),BA,0.000809963559091883
2634,2015-01-02,Simulated (Max Sharpe Ratio),CVX,0.009372534475805817
2635,2015-01-02,Simulated (Max Sharpe Ratio),CSCO,0.013566411746653175
2636,2015-01-02,Simulated (Max Sharpe Ratio),DD,0.03325462106382707
2637,2015-01-02,Simulated (Max Sharpe Ratio),XOM,0.001572505901807425
2638,2015-01-02,Simulated (Max Sharpe Ratio),FDX,0.024228078209060824
2639,2015-01-02,Simulated (Max Sharpe Ratio),GS,0.014547319175016912
2640,2015-01-02,Simulated (Max Sharpe Ratio),GM,0.0008389373096336565
2641,2015-01-02,Simulated (Max Sharpe Ratio),HAS,0.015716769764232336
2642,2015-01-02,Simulated (Max Sharpe Ratio),JBL,0.017273546511163466
2643,2015-01-02,Simulated (Max Sharpe Ratio),KMB,0.0058474332085117426
2644,2015-01-02,Simulated (Max Sharpe Ratio),KLAC,0.011750323633154494
2645,2015-01-02,Simulated (Max Sharpe Ratio),LOW,0.15236885320814156
2646,2015-01-02,Simulated (Max Sharpe Ratio),MKC,0.010310212288166705
2647,2015-01-02,Simulated (Max Sharpe Ratio),NEM,0.002527853086380124
2648,2015-01-02,Simulated (Max Sharpe Ratio),OLN,0.03258690094107751
2649,2015-01-02,Simulated (Max Sharpe Ratio),PH,0.007418214049745222
2650,2015-01-02,Equal-Weight,PPG,0.02
2651,2015-01-02,Equal-Weight,DELL,0.02
2652,2015-01-02,Equal-Weight,QCOM,0.02
2653,2015-01-02,Equal-Weight,AMAT,0.02
2654,2015-01-02,Equal-Weight,MRK,0.02
2655,2015-01-02,Equal-Weight,AME,0.02
2656,2015-01-02,Equal-Weight,PG,0.02
2657,2015-01-02,Equal-Weight,CL,0.02
2658,2015-01-02,Equal-Weight,V,0.02
2659,2015-01-02,Equal-Weight,MA,0.02
2660,2015-01-02,Equal-Weight,MU,0.02
2661,2015-01-02,Equal-Weight,T,0.02
2662,2015-01-02,Equal-Weight,JPM,0.02
2663,2015-01-02,Equal-Weight,JNJ,0.02
2664,2015-01-02,Equal-Weight,INTC,0.02
2665,2015-01-02,Equal-Weight,GE,0.02
2666,2015-01-02,Equal-Weight,MS,0.02
2667,2015-01-02,Equal-Weight,RTX,0.02
2668,2015-01-02,Equal-Weight,TXN,0.02
2669,2015-01-02,Equal-Weight,IBM,0.02
2670,2015-01-02,Equal-Weight,SPGI,0.02
2671,2015-01-02,Equal-Weight,LMT,0.02
2672,2015-01-02,Equal-Weight,ADP,0.02
2673,2015-01-02,Equal-Weight,COF,0.02
2674,2015-01-02,Equal-Weight,WDC,0.02
2675,2015-01-02,Equal-Weight,ABT,0.02
2676,2015-01-02,Equal-Weight,GILD,0.02
2677,2015-01-02,Equal-Weight,UNP,0.02
2678,2015-01-02,Equal-Weight,ADI,0.02
2679,2015-01-02,Equal-Weight,TMUS,0.02
2680,2015-01-02,Equal-Weight,MMM,0.02
2681,2015-01-02,Equal-Weight,ADBE,0.02
2682,2015-01-02,Equal-Weight,AXP,0.02
2683,2015-01-02,Equal-Weight,BA,0.02
2684,2015-01-02,Equal-Weight,CVX,0.02
2685,2015-01-02,Equal-Weight,CSCO,0.02
2686,2015-01-02,Equal-Weight,DD,0.02
2687,2015-01-02,Equal-Weight,XOM,0.02
2688,2015-01-02,Equal-Weight,FDX,0.02
2689,2015-01-02,Equal-Weight,GS,0.02
2690,2015-01-02,Equal-Weight,GM,0.02
2691,2015-01-02,Equal-Weight,HAS,0.02
2692,2015-01-02,Equal-Weight,JBL,0.02
2693,2015-01-02,Equal-Weight,KMB,0.02
2694,2015-01-02,Equal-Weight,KLAC,0.02
2695,2015-01-02,Equal-Weight,LOW,0.02
2696,2015-01-02,Equal-Weight,MKC,0.02
2697,2015-01-02,Equal-Weight,NEM,0.02
2698,2015-01-02,Equal-Weight,OLN,0.02
2699,2015-01-02,Equal-Weight,PH,0.02
2700,2015-01-02,Markowitz,PPG,0.0
2701,2015-01-02,Markowitz,DELL,0.0
2702,2015-01-02,Markowitz,QCOM,0.0
2703,2015-01-02,Markowitz,AMAT,0.03271
2704,2015-01-02,Markowitz,MRK,0.0
2705,2015-01-02,Markowitz,AME,0.0
2706,2015-01-02,Markowitz,PG,0.01187
2707,2015-01-02,Markowitz,CL,0.0
2708,2015-01-02,Markowitz,V,0.0
2709,2015-01-02,Markowitz,MA,0.0
2710,2015-01-02,Markowitz,MU,0.00461
2711,2015-01-02,Markowitz,T,0.0
2712,2015-01-02,Markowitz,JPM,0.0
2713,2015-01-02,Markowitz,JNJ,0.0
2714,2015-01-02,Markowitz,INTC,0.18529
2715,2015-01-02,Markowitz,GE,0.0
2716,2015-01-02,Markowitz,MS,0.0
2717,2015-01-02,Markowitz,RTX,0.0
2718,2015-01-02,Markowitz,TXN,0.0
2719,2015-01-02,Markowitz,IBM,0.0
2720,2015-01-02,Markowitz,SPGI,0.0
2721,2015-01-02,Markowitz,LMT,0.23744
2722,2015-01-02,Markowitz,ADP,0.0
2723,2015-01-02,Markowitz,COF,0.0
2724,2015-01-02,Markowitz,WDC,0.0
2725,2015-01-02,Markowitz,ABT,0.0
2726,2015-01-02,Markowitz,GILD,0.0
2727,2015-01-02,Markowitz,UNP,0.22374
2728,2015-01-02,Markowitz,ADI,0.0
2729,2015-01-02,Markowitz,TMUS,0.0
2730,2015-01-02,Markowitz,MMM,0.0
2731,2015-01-02,Markowitz,ADBE,0.0
2732,2015-01-02,Markowitz,AXP,0.0
2733,2015-01-02,Markowitz,BA,0.0
2734,2015-01-02,Markowitz,CVX,0.0
2735,2015-01-02,Markowitz,CSCO,0.0
2736,2015-01-02,Markowitz,DD,0.0
2737,2015-01-02,Markowitz,XOM,0.0
2738,2015-01-02,Markowitz,FDX,0.0
2739,2015-01-02,Markowitz,GS,0.0
2740,2015-01-02,Markowitz,GM,0.0
2741,2015-01-02,Markowitz,HAS,0.0
2742,2015-01-02,Markowitz,JBL,0.0
2743,2015-01-02,Markowitz,KMB,0.00435
2744,2015-01-02,Markowitz,KLAC,0.0
2745,2015-01-02,Markowitz,LOW,0.3
2746,2015-01-02,Markowitz,MKC,0.0
2747,2015-01-02,Markowitz,NEM,0.0
2748,2015-01-02,Markowitz,OLN,0.0
2749,2015-01-02,Markowitz,PH,0.0
2750,2015-01-02,Risk-Parity,PPG,0.013071787336598651
2751,2015-01-02,Risk-Parity,DELL,0.26297740958209737
2752,2015-01-02,Risk-Parity,QCOM,0.014384175924631098
2753,2015-01-02,Risk-Parity,AMAT,0.011245332513410878
2754,2015-01-02,Risk-Parity,MRK,0.017708754090192732
2755,2015-01-02,Risk-Parity,AME,0.01145525397579135
2756,2015-01-02,Risk-Parity,PG,0.03216439143626645
2757,2015-01-02,Risk-Parity,CL,0.02375529927900052
2758,2015-01-02,Risk-Parity,V,0.01244345587516817
2759,2015-01-02,Risk-Parity,MA,0.009922405219538825
2760,2015-01-02,Risk-Parity,MU,0.007688560404432128
2761,2015-01-02,Risk-Parity,T,0.02420792966950668
2762,2015-01-02,Risk-Parity,JPM,0.013444272064604001
2763,2015-01-02,Risk-Parity,JNJ,0.017181400757130774
2764,2015-01-02,Risk-Parity,INTC,0.013685776990353787
2765,2015-01-02,Risk-Parity,GE,0.014833632361422868
2766,2015-01-02,Risk-Parity,MS,0.011569670337957074
2767,2015-01-02,Risk-Parity,RTX,0.01589985620701066
2768,2015-01-02,Risk-Parity,TXN,0.01217062004221581
2769,2015-01-02,Risk-Parity,IBM,0.02004302281890558
2770,2015-01-02,Risk-Parity,SPGI,0.012578590885445703
2771,2015-01-02,Risk-Parity,LMT,0.016918514226281878
2772,2015-01-02,Risk-Parity,ADP,0.015229372670759796
2773,2015-01-02,Risk-Parity,COF,0.01430128622781794
2774,2015-01-02,Risk-Parity,WDC,0.012152482311227255
2775,2015-01-02,Risk-Parity,ABT,0.017014740098322306
2776,2015-01-02,Risk-Parity,GILD,0.012113829341746573
2777,2015-01-02,Risk-Parity,UNP,0.012682887133090286
2778,2015-01-02,Risk-Parity,ADI,0.01264404755280149
2779,2015-01-02,Risk-Parity,TMUS,0.013901448209943665
2780,2015-01-02,Risk-Parity,MMM,0.014347029883759473
2781,2015-01-02,Risk-Parity,ADBE,0.011532807862778204
2782,2015-01-02,Risk-Parity,AXP,0.012024466635805909
2783,2015-01-02,Risk-Parity,BA,0.014080949638209241
2784,2015-01-02,Risk-Parity,CVX,0.0158652851664435
2785,2015-01-02,Risk-Parity,CSCO,0.016867511364955637
2786,2015-01-02,Risk-Parity,DD,0.010823491105542272
2787,2015-01-02,Risk-Parity,XOM,0.015796074169796948
2788,2015-01-02,Risk-Parity,FDX,0.013530670687168445
2789,2015-01-02,Risk-Parity,GS,0.013371874189182838
2790,2015-01-02,Risk-Parity,GM,0.012812665235055162
2791,2015-01-02,Risk-Parity,HAS,0.020030365252464065
2792,2015-01-02,Risk-Parity,JBL,0.010236198629859897
2793,2015-01-02,Risk-Parity,KMB,0.025163935345095506
2794,2015-01-02,Risk-Parity,KLAC,0.01202507599892705
2795,2015-01-02,Risk-Parity,LOW,0.018606244777720486
2796,2015-01-02,Risk-Parity,MKC,0.01931708113460709
2797,2015-01-02,Risk-Parity,NEM,0.02114418945750893
2798,2015-01-02,Risk-Parity,OLN,0.01289022677548179
2799,2015-01-02,Risk-Parity,PH,0.010143651145965315
2800,2016-01-04,Simulated (Max Sharpe Ratio),PPG,0.0008786988698670933
2801,2016-01-04,Simulated (Max Sharpe Ratio),DELL,0.023420709912091296
2802,2016-01-04,Simulated (Max Sharpe Ratio),QCOM,0.006094896343167501
2803,2016-01-04,Simulated (Max Sharpe Ratio),AMAT,0.013677198641656205
2804,2016-01-04,Simulated (Max Sharpe Ratio),MRK,0.0069606538855118485
2805,2016-01-04,Simulated (Max Sharpe Ratio),AME,0.011366668654490502
2806,2016-01-04,Simulated (Max Sharpe Ratio),PG,0.003185695466950399
2807,2016-01-04,Simulated (Max Sharpe Ratio),CL,0.014522741726472109
2808,2016-01-04,Simulated (Max Sharpe Ratio),V,0.03162422661424089
2809,2016-01-04,Simulated (Max Sharpe Ratio),MA,0.0016289192676422384
2810,2016-01-04,Simulated (Max Sharpe Ratio),MU,0.008683920987566523
2811,2016-01-04,Simulated (Max Sharpe Ratio),T,0.017773015222562052
2812,2016-01-04,Simulated (Max Sharpe Ratio),JPM,0.08659010019647623
2813,2016-01-04,Simulated (Max Sharpe Ratio),JNJ,0.008836766629269
2814,2016-01-04,Simulated (Max Sharpe Ratio),INTC,0.0005397431189446431
2815,2016-01-04,Simulated (Max Sharpe Ratio),GE,0.04427785372000866
2816,2016-01-04,Simulated (Max Sharpe Ratio),MS,0.0014444864705210351
2817,2016-01-04,Simulated (Max Sharpe Ratio),RTX,0.008134948550655425
2818,2016-01-04,Simulated (Max Sharpe Ratio),TXN,0.01756933490109223
2819,2016-01-04,Simulated (Max Sharpe Ratio),IBM,0.0015481034746637902
2820,2016-01-04,Simulated (Max Sharpe Ratio),SPGI,0.0017368595791033043
2821,2016-01-04,Simulated (Max Sharpe Ratio),LMT,0.01569837210867072
2822,2016-01-04,Simulated (Max Sharpe Ratio),ADP,0.030387709068811716
2823,2016-01-04,Simulated (Max Sharpe Ratio),COF,0.02162095263714489
2824,2016-01-04,Simulated (Max Sharpe Ratio),WDC,0.01376101316491899
2825,2016-01-04,Simulated (Max Sharpe Ratio),ABT,0.023752960367153558
2826,2016-01-04,Simulated (Max Sharpe Ratio),GILD,0.0036906321701871553
2827,2016-01-04,Simulated (Max Sharpe Ratio),UNP,0.0014249742317461254
2828,2016-01-04,Simulated (Max Sharpe Ratio),ADI,0.06301437624249047
2829,2016-01-04,Simulated (Max Sharpe Ratio),TMUS,0.13126367780674178
2830,2016-01-04,Simulated (Max Sharpe Ratio),MMM,0.005724399429260122
2831,2016-01-04,Simulated (Max Sharpe Ratio),ADBE,0.08143107342614583
2832,2016-01-04,Simulated (Max Sharpe Ratio),AXP,0.013796222482760087
2833,2016-01-04,Simulated (Max Sharpe Ratio),BA,9.319234702316178e-05
2834,2016-01-04,Simulated (Max Sharpe Ratio),CVX,0.03054618577610715
2835,2016-01-04,Simulated (Max Sharpe Ratio),CSCO,0.037599250182107684
2836,2016-01-04,Simulated (Max Sharpe Ratio),DD,0.010021300266376402
2837,2016-01-04,Simulated (Max Sharpe Ratio),XOM,0.0047338293963189665
2838,2016-01-04,Simulated (Max Sharpe Ratio),FDX,0.04449713725504057
2839,2016-01-04,Simulated (Max Sharpe Ratio),GS,0.010591805118083107
2840,2016-01-04,Simulated (Max Sharpe Ratio),GM,0.02384354576890609
2841,2016-01-04,Simulated (Max Sharpe Ratio),HAS,0.014278372495725168
2842,2016-01-04,Simulated (Max Sharpe Ratio),JBL,0.009687805334935724
2843,2016-01-04,Simulated (Max Sharpe Ratio),KMB,0.004218279909568957
2844,2016-01-04,Simulated (Max Sharpe Ratio),KLAC,0.011168923591723208
2845,2016-01-04,Simulated (Max Sharpe Ratio),LOW,0.03168036522956055
2846,2016-01-04,Simulated (Max Sharpe Ratio),MKC,0.0035485996601614554
2847,2016-01-04,Simulated (Max Sharpe Ratio),NEM,0.02093389404054175
2848,2016-01-04,Simulated (Max Sharpe Ratio),OLN,0.022721331843986985
2849,2016-01-04,Simulated (Max Sharpe Ratio),PH,0.003774276414848702
2850,2016-01-04,Equal-Weight,PPG,0.02
2851,2016-01-04,Equal-Weight,DELL,0.02
2852,2016-01-04,Equal-Weight,QCOM,0.02
2853,2016-01-04,Equal-Weight,AMAT,0.02
2854,2016-01-04,Equal-Weight,MRK,0.02
2855,2016-01-04,Equal-Weight,AME,0.02
2856,2016-01-04,Equal-Weight,PG,0.02
2857,2016-01-04,Equal-Weight,CL,0.02
2858,2016-01-04,Equal-Weight,V,0.02
2859,2016-01-04,Equal-Weight,MA,0.02
2860,2016-01-04,Equal-Weight,MU,0.02
2861,2016-01-04,Equal-Weight,T,0.02
2862,2016-01-04,Equal-Weight,JPM,0.02
2863,2016-01-04,Equal-Weight,JNJ,0.02
2864,2016-01-04,Equal-Weight,INTC,0.02
2865,2016-01-04,Equal-Weight,GE,0.02
2866,2016-01-04,Equal-Weight,MS,0.02
2867,2016-01-04,Equal-Weight,RTX,0.02
2868,2016-01-04,Equal-Weight,TXN,0.02
2869,2016-01-04,Equal-Weight,IBM,0.02
2870,2016-01-04,Equal-Weight,SPGI,0.02
2871,2016-01-04,Equal-Weight,LMT,0.02
2872,2016-01-04,Equal-Weight,ADP,0.02
2873,2016-01-04,Equal-Weight,COF,0.02
2874,2016-01-04,Equal-Weight,WDC,0.02
2875,2016-01-04,Equal-Weight,ABT,0.02
2876,2016-01-04,Equal-Weight,GILD,0.02
2877,2016-01-04,Equal-Weight,UNP,0.02
2878,2016-01-04,Equal-Weight,ADI,0.02
2879,2016-01-04,Equal-Weight,TMUS,0.02
2880,2016-01-04,Equal-Weight,MMM,0.02
2881,2016-01-04,Equal-Weight,ADBE,0.02
2882,2016-01-04,Equal-Weight,AXP,0.02
2883,2016-01-04,Equal-Weight,BA,0.02
2884,2016-01-04,Equal-Weight,CVX,0.02
2885,2016-01-04,Equal-Weight,CSCO,0.02
2886,2016-01-04,Equal-Weight,DD,0.02
2887,2016-01-04,Equal-Weight,XOM,0.02
2888,2016-01-04,Equal-Weight,FDX,0.02
2889,2016-01-04,Equal-Weight,GS,0.02
2890,2016-01-04,Equal-Weight,GM,0.02
2891,2016-01-04,Equal-Weight,HAS,0.02
2892,2016-01-04,Equal-Weight,JBL,0.02
2893,2016-01-04,Equal-Weight,KMB,0.02
2894,2016-01-04,Equal-Weight,KLAC,0.02
2895,2016-01-04,Equal-Weight,LOW,0.02
2896,2016-01-04,Equal-Weight,MKC,0.02
2897,2016-01-04,Equal-Weight,NEM,0.02
2898,2016-01-04,Equal-Weight,OLN,0.02
2899,2016-01-04,Equal-Weight,PH,0.02
2900,2016-01-04,Markowitz,PPG,0.0
2901,2016-01-04,Markowitz,DELL,0.0
2902,2016-01-04,Markowitz,QCOM,0.0
2903,2016-01-04,Markowitz,AMAT,0.0
2904,2016-01-04,Markowitz,MRK,0.0
2905,2016-01-04,Markowitz,AME,0.0
2906,2016-01-04,Markowitz,PG,0.0
2907,2016-01-04,Markowitz,CL,0.0
2908,2016-01-04,Markowitz,V,0.0
2909,2016-01-04,Markowitz,MA,0.0
2910,2016-01-04,Markowitz,MU,0.0
2911,2016-01-04,Markowitz,T,0.0
2912,2016-01-04,Markowitz,JPM,0.0
2913,2016-01-04,Markowitz,JNJ,0.0
2914,2016-01-04,Markowitz,INTC,0.0
2915,2016-01-04,Markowitz,GE,0.29545
2916,2016-01-04,Markowitz,MS,0.0
2917,2016-01-04,Markowitz,RTX,0.0
2918,2016-01-04,Markowitz,TXN,0.0
2919,2016-01-04,Markowitz,IBM,0.0
2920,2016-01-04,Markowitz,SPGI,0.0
2921,2016-01-04,Markowitz,LMT,0.0
2922,2016-01-04,Markowitz,ADP,0.0
2923,2016-01-04,Markowitz,COF,0.0
2924,2016-01-04,Markowitz,WDC,0.0
2925,2016-01-04,Markowitz,ABT,0.0
2926,2016-01-04,Markowitz,GILD,0.0
2927,2016-01-04,Markowitz,UNP,0.0
2928,2016-01-04,Markowitz,ADI,0.0
2929,2016-01-04,Markowitz,TMUS,0.3
2930,2016-01-04,Markowitz,MMM,0.0
2931,2016-01-04,Markowitz,ADBE,0.21922
2932,2016-01-04,Markowitz,AXP,0.0
2933,2016-01-04,Markowitz,BA,0.0
2934,2016-01-04,Markowitz,CVX,0.0
2935,2016-01-04,Markowitz,CSCO,0.0
2936,2016-01-04,Markowitz,DD,0.0
2937,2016-01-04,Markowitz,XOM,0.0
2938,2016-01-04,Markowitz,FDX,0.0
2939,2016-01-04,Markowitz,GS,0.0
2940,2016-01-04,Markowitz,GM,0.0
2941,2016-01-04,Markowitz,HAS,0.14968
2942,2016-01-04,Markowitz,JBL,0.0
2943,2016-01-04,Markowitz,KMB,0.0
2944,2016-01-04,Markowitz,KLAC,0.0
2945,2016-01-04,Markowitz,LOW,0.0
2946,2016-01-04,Markowitz,MKC,0.03565
2947,2016-01-04,Markowitz,NEM,0.0
2948,2016-01-04,Markowitz,OLN,0.0
2949,2016-01-04,Markowitz,PH,0.0
2950,2016-01-04,Risk-Parity,PPG,0.013114797627846711
2951,2016-01-04,Risk-Parity,DELL,0.3
2952,2016-01-04,Risk-Parity,QCOM,0.015324927905355728
2953,2016-01-04,Risk-Parity,AMAT,0.012774651612515602
2954,2016-01-04,Risk-Parity,MRK,0.014695764083305885
2955,2016-01-04,Risk-Parity,AME,0.01358260574911055
2956,2016-01-04,Risk-Parity,PG,0.019276352983732585
2957,2016-01-04,Risk-Parity,CL,0.01700541759728361
2958,2016-01-04,Risk-Parity,V,0.014151508692932488
2959,2016-01-04,Risk-Parity,MA,0.013366135337446008
2960,2016-01-04,Risk-Parity,MU,0.009282791551658353
2961,2016-01-04,Risk-Parity,T,0.019867351848566306
2962,2016-01-04,Risk-Parity,JPM,0.01221560555965173
2963,2016-01-04,Risk-Parity,JNJ,0.018160538556012983
2964,2016-01-04,Risk-Parity,INTC,0.013563003187551423
2965,2016-01-04,Risk-Parity,GE,0.014412410214189243
2966,2016-01-04,Risk-Parity,MS,0.010893440782419387
2967,2016-01-04,Risk-Parity,RTX,0.015236080400766395
2968,2016-01-04,Risk-Parity,TXN,0.011091118551487355
2969,2016-01-04,Risk-Parity,IBM,0.014223696565264458
2970,2016-01-04,Risk-Parity,SPGI,0.013551033598206634
2971,2016-01-04,Risk-Parity,LMT,0.01795609369746096
2972,2016-01-04,Risk-Parity,ADP,0.014277781338250212
2973,2016-01-04,Risk-Parity,COF,0.01275996060549462
2974,2016-01-04,Risk-Parity,WDC,0.011696321625832572
2975,2016-01-04,Risk-Parity,ABT,0.013141669058428495
2976,2016-01-04,Risk-Parity,GILD,0.012589917567190854
2977,2016-01-04,Risk-Parity,UNP,0.012805358624643439
2978,2016-01-04,Risk-Parity,ADI,0.010314531242992702
2979,2016-01-04,Risk-Parity,TMUS,0.01946748462696351
2980,2016-01-04,Risk-Parity,MMM,0.01613909579836408
2981,2016-01-04,Risk-Parity,ADBE,0.014565837664870617
2982,2016-01-04,Risk-Parity,AXP,0.01785411356632631
2983,2016-01-04,Risk-Parity,BA,0.014447047715936261
2984,2016-01-04,Risk-Parity,CVX,0.011882758197155275
2985,2016-01-04,Risk-Parity,CSCO,0.013207687228247647
2986,2016-01-04,Risk-Parity,DD,0.010968125405212708
2987,2016-01-04,Risk-Parity,XOM,0.013667463371533536
2988,2016-01-04,Risk-Parity,FDX,0.014839790146638774
2989,2016-01-04,Risk-Parity,GS,0.012207904325791186
2990,2016-01-04,Risk-Parity,GM,0.013568283820165278
2991,2016-01-04,Risk-Parity,HAS,0.016493291852454284
2992,2016-01-04,Risk-Parity,JBL,0.01266109620025305
2993,2016-01-04,Risk-Parity,KMB,0.01760065858823432
2994,2016-01-04,Risk-Parity,KLAC,0.01281039011460158
2995,2016-01-04,Risk-Parity,LOW,0.015959107945563315
2996,2016-01-04,Risk-Parity,MKC,0.017778580315142855
2997,2016-01-04,Risk-Parity,NEM,0.016529131447917456
2998,2016-01-04,Risk-Parity,OLN,0.012845539592373351
2999,2016-01-04,Risk-Parity,PH,0.013175745910657323
3000,2017-01-03,Simulated (Max Sharpe Ratio),PPG,0.005767589456875721
3001,2017-01-03,Simulated (Max Sharpe Ratio),DELL,0.07375020908105763
3002,2017-01-03,Simulated (Max Sharpe Ratio),QCOM,0.0033661482421832208
3003,2017-01-03,Simulated (Max Sharpe Ratio),AMAT,0.04892020978358884
3004,2017-01-03,Simulated (Max Sharpe Ratio),MRK,0.010561439137564847
3005,2017-01-03,Simulated (Max Sharpe Ratio),AME,0.005080740675524292
3006,2017-01-03,Simulated (Max Sharpe Ratio),PG,0.0762032929261807
3007,2017-01-03,Simulated (Max Sharpe Ratio),CL,0.0024594122863889675
3008,2017-01-03,Simulated (Max Sharpe Ratio),V,0.017751875262672835
3009,2017-01-03,Simulated (Max Sharpe Ratio),MA,0.0028941748853874346
3010,2017-01-03,Simulated (Max Sharpe Ratio),MU,0.02220690807417675
3011,2017-01-03,Simulated (Max Sharpe Ratio),T,0.05405469313699737
3012,2017-01-03,Simulated (Max Sharpe Ratio),JPM,0.007862348672789614
3013,2017-01-03,Simulated (Max Sharpe Ratio),JNJ,0.022234145638168744
3014,2017-01-03,Simulated (Max Sharpe Ratio),INTC,0.013005852449501802
3015,2017-01-03,Simulated (Max Sharpe Ratio),GE,0.03224265671486335
3016,2017-01-03,Simulated (Max Sharpe Ratio),MS,0.008725164074492656
3017,2017-01-03,Simulated (Max Sharpe Ratio),RTX,0.002290336735798353
3018,2017-01-03,Simulated (Max Sharpe Ratio),TXN,0.003867052325602296
3019,2017-01-03,Simulated (Max Sharpe Ratio),IBM,0.019281277635652325
3020,2017-01-03,Simulated (Max Sharpe Ratio),SPGI,0.005433715270403093
3021,2017-01-03,Simulated (Max Sharpe Ratio),LMT,0.008208738046744468
3022,2017-01-03,Simulated (Max Sharpe Ratio),ADP,0.00047301463146273167
3023,2017-01-03,Simulated (Max Sharpe Ratio),COF,0.046824800988308095
3024,2017-01-03,Simulated (Max Sharpe Ratio),WDC,0.009865976989605792
3025,2017-01-03,Simulated (Max Sharpe Ratio),ABT,0.0024276230527811625
3026,2017-01-03,Simulated (Max Sharpe Ratio),GILD,0.006812118530331471
3027,2017-01-03,Simulated (Max Sharpe Ratio),UNP,0.04847229474002637
3028,2017-01-03,Simulated (Max Sharpe Ratio),ADI,0.0030828018029672236
3029,2017-01-03,Simulated (Max Sharpe Ratio),TMUS,0.00450051735605407
3030,2017-01-03,Simulated (Max Sharpe Ratio),MMM,0.032281006524624296
3031,2017-01-03,Simulated (Max Sharpe Ratio),ADBE,0.006331907162582844
3032,2017-01-03,Simulated (Max Sharpe Ratio),AXP,0.009193744521939723
3033,2017-01-03,Simulated (Max Sharpe Ratio),BA,0.007743331641788616
3034,2017-01-03,Simulated (Max Sharpe Ratio),CVX,0.013967466888288418
3035,2017-01-03,Simulated (Max Sharpe Ratio),CSCO,0.0060581105996639325
3036,2017-01-03,Simulated (Max Sharpe Ratio),DD,4.036330511197641e-05
3037,2017-01-03,Simulated (Max Sharpe Ratio),XOM,0.007121632288230133
3038,2017-01-03,Simulated (Max Sharpe Ratio),FDX,0.031163545071680253
3039,2017-01-03,Simulated (Max Sharpe Ratio),GS,0.002121940845263138
3040,2017-01-03,Simulated (Max Sharpe Ratio),GM,0.0010318787795256692
3041,2017-01-03,Simulated (Max Sharpe Ratio),HAS,0.036459848452288536
3042,2017-01-03,Simulated (Max Sharpe Ratio),JBL,0.0016753274452734157
3043,2017-01-03,Simulated (Max Sharpe Ratio),KMB,0.0024218449257016523
3044,2017-01-03,Simulated (Max Sharpe Ratio),KLAC,0.00024172295144351118
3045,2017-01-03,Simulated (Max Sharpe Ratio),LOW,0.007323575438798344
3046,2017-01-03,Simulated (Max Sharpe Ratio),MKC,0.04208263702113131
3047,2017-01-03,Simulated (Max Sharpe Ratio),NEM,0.09057328658321845
3048,2017-01-03,Simulated (Max Sharpe Ratio),OLN,0.05446308406785032
3049,2017-01-03,Simulated (Max Sharpe Ratio),PH,0.07907661688144292
3050,2017-01-03,Equal-Weight,PPG,0.02
3051,2017-01-03,Equal-Weight,DELL,0.02
3052,2017-01-03,Equal-Weight,QCOM,0.02
3053,2017-01-03,Equal-Weight,AMAT,0.02
3054,2017-01-03,Equal-Weight,MRK,0.02
3055,2017-01-03,Equal-Weight,AME,0.02
3056,2017-01-03,Equal-Weight,PG,0.02
3057,2017-01-03,Equal-Weight,CL,0.02
3058,2017-01-03,Equal-Weight,V,0.02
3059,2017-01-03,Equal-Weight,MA,0.02
3060,2017-01-03,Equal-Weight,MU,0.02
3061,2017-01-03,Equal-Weight,T,0.02
3062,2017-01-03,Equal-Weight,JPM,0.02
3063,2017-01-03,Equal-Weight,JNJ,0.02
3064,2017-01-03,Equal-Weight,INTC,0.02
3065,2017-01-03,Equal-Weight,GE,0.02
3066,2017-01-03,Equal-Weight,MS,0.02
3067,2017-01-03,Equal-Weight,RTX,0.02
3068,2017-01-03,Equal-Weight,TXN,0.02
3069,2017-01-03,Equal-Weight,IBM,0.02
3070,2017-01-03,Equal-Weight,SPGI,0.02
3071,2017-01-03,Equal-Weight,LMT,0.02
3072,2017-01-03,Equal-Weight,ADP,0.02
3073,2017-01-03,Equal-Weight,COF,0.02
3074,2017-01-03,Equal-Weight,WDC,0.02
3075,2017-01-03,Equal-Weight,ABT,0.02
3076,2017-01-03,Equal-Weight,GILD,0.02
3077,2017-01-03,Equal-Weight,UNP,0.02
3078,2017-01-03,Equal-Weight,ADI,0.02
3079,2017-01-03,Equal-Weight,TMUS,0.02
3080,2017-01-03,Equal-Weight,MMM,0.02
3081,2017-01-03,Equal-Weight,ADBE,0.02
3082,2017-01-03,Equal-Weight,AXP,0.02
3083,2017-01-03,Equal-Weight,BA,0.02
3084,2017-01-03,Equal-Weight,CVX,0.02
3085,2017-01-03,Equal-Weight,CSCO,0.02
3086,2017-01-03,Equal-Weight,DD,0.02
3087,2017-01-03,Equal-Weight,XOM,0.02
3088,2017-01-03,Equal-Weight,FDX,0.02
3089,2017-01-03,Equal-Weight,GS,0.02
3090,2017-01-03,Equal-Weight,GM,0.02
3091,2017-01-03,Equal-Weight,HAS,0.02
3092,2017-01-03,Equal-Weight,JBL,0.02
3093,2017-01-03,Equal-Weight,KMB,0.02
3094,2017-01-03,Equal-Weight,KLAC,0.02
3095,2017-01-03,Equal-Weight,LOW,0.02
3096,2017-01-03,Equal-Weight,MKC,0.02
3097,2017-01-03,Equal-Weight,NEM,0.02
3098,2017-01-03,Equal-Weight,OLN,0.02
3099,2017-01-03,Equal-Weight,PH,0.02
3100,2017-01-03,Markowitz,PPG,0.0
3101,2017-01-03,Markowitz,DELL,0.24656
3102,2017-01-03,Markowitz,QCOM,0.0
3103,2017-01-03,Markowitz,AMAT,0.21455
3104,2017-01-03,Markowitz,MRK,0.0
3105,2017-01-03,Markowitz,AME,0.0
3106,2017-01-03,Markowitz,PG,0.0
3107,2017-01-03,Markowitz,CL,0.0
3108,2017-01-03,Markowitz,V,0.0
3109,2017-01-03,Markowitz,MA,0.0
3110,2017-01-03,Markowitz,MU,0.0
3111,2017-01-03,Markowitz,T,0.19545
3112,2017-01-03,Markowitz,JPM,0.01413
3113,2017-01-03,Markowitz,JNJ,0.0
3114,2017-01-03,Markowitz,INTC,0.0
3115,2017-01-03,Markowitz,GE,0.0
3116,2017-01-03,Markowitz,MS,0.0
3117,2017-01-03,Markowitz,RTX,0.0
3118,2017-01-03,Markowitz,TXN,0.0
3119,2017-01-03,Markowitz,IBM,0.0
3120,2017-01-03,Markowitz,SPGI,0.0
3121,2017-01-03,Markowitz,LMT,0.02566
3122,2017-01-03,Markowitz,ADP,0.0
3123,2017-01-03,Markowitz,COF,0.0
3124,2017-01-03,Markowitz,WDC,0.0
3125,2017-01-03,Markowitz,ABT,0.0
3126,2017-01-03,Markowitz,GILD,0.0
3127,2017-01-03,Markowitz,UNP,0.0
3128,2017-01-03,Markowitz,ADI,0.0
3129,2017-01-03,Markowitz,TMUS,0.04808
3130,2017-01-03,Markowitz,MMM,0.0
3131,2017-01-03,Markowitz,ADBE,0.0
3132,2017-01-03,Markowitz,AXP,0.0
3133,2017-01-03,Markowitz,BA,0.0
3134,2017-01-03,Markowitz,CVX,0.0
3135,2017-01-03,Markowitz,CSCO,0.0
3136,2017-01-03,Markowitz,DD,0.0
3137,2017-01-03,Markowitz,XOM,0.0
3138,2017-01-03,Markowitz,FDX,0.0
3139,2017-01-03,Markowitz,GS,0.0
3140,2017-01-03,Markowitz,GM,0.0
3141,2017-01-03,Markowitz,HAS,0.0
3142,2017-01-03,Markowitz,JBL,0.0
3143,2017-01-03,Markowitz,KMB,0.0
3144,2017-01-03,Markowitz,KLAC,0.0
3145,2017-01-03,Markowitz,LOW,0.0
3146,2017-01-03,Markowitz,MKC,0.0
3147,2017-01-03,Markowitz,NEM,0.14036
3148,2017-01-03,Markowitz,OLN,0.0
3149,2017-01-03,Markowitz,PH,0.11521
3150,2017-01-03,Risk-Parity,PPG,0.014821820534978915
3151,2017-01-03,Risk-Parity,DELL,0.07217724464144788
3152,2017-01-03,Risk-Parity,QCOM,0.014060208704864588
3153,2017-01-03,Risk-Parity,AMAT,0.011861929084861668
3154,2017-01-03,Risk-Parity,MRK,0.02206328677131039
3155,2017-01-03,Risk-Parity,AME,0.017568661464619818
3156,2017-01-03,Risk-Parity,PG,0.031477441263307405
3157,2017-01-03,Risk-Parity,CL,0.026050950441356958
3158,2017-01-03,Risk-Parity,V,0.016503854204235533
3159,2017-01-03,Risk-Parity,MA,0.01648902312676039
3160,2017-01-03,Risk-Parity,MU,0.007854811213222923
3161,2017-01-03,Risk-Parity,T,0.03541807966001857
3162,2017-01-03,Risk-Parity,JPM,0.013545351496476558
3163,2017-01-03,Risk-Parity,JNJ,0.03250833702957671
3164,2017-01-03,Risk-Parity,INTC,0.014743098731291116
3165,2017-01-03,Risk-Parity,GE,0.01882100689204201
3166,2017-01-03,Risk-Parity,MS,0.010392323730431047
3167,2017-01-03,Risk-Parity,RTX,0.01982034528222639
3168,2017-01-03,Risk-Parity,TXN,0.01603977347521919
3169,2017-01-03,Risk-Parity,IBM,0.018820253648707094
3170,2017-01-03,Risk-Parity,SPGI,0.014034853687087618
3171,2017-01-03,Risk-Parity,LMT,0.035001936512879646
3172,2017-01-03,Risk-Parity,ADP,0.019379235830051057
3173,2017-01-03,Risk-Parity,COF,0.012993876352427937
3174,2017-01-03,Risk-Parity,WDC,0.008434825584748867
3175,2017-01-03,Risk-Parity,ABT,0.016977708377047304
3176,2017-01-03,Risk-Parity,GILD,0.020634973556524338
3177,2017-01-03,Risk-Parity,UNP,0.01682103707536344
3178,2017-01-03,Risk-Parity,ADI,0.01436148643255286
3179,2017-01-03,Risk-Parity,TMUS,0.015105484884588483
3180,2017-01-03,Risk-Parity,MMM,0.022576489276319542
3181,2017-01-03,Risk-Parity,ADBE,0.014663509164518505
3182,2017-01-03,Risk-Parity,AXP,0.020333068805361797
3183,2017-01-03,Risk-Parity,BA,0.014962136438573607
3184,2017-01-03,Risk-Parity,CVX,0.01591790073390525
3185,2017-01-03,Risk-Parity,CSCO,0.01771461692431111
3186,2017-01-03,Risk-Parity,DD,0.020399627996920376
3187,2017-01-03,Risk-Parity,XOM,0.02153760552567541
3188,2017-01-03,Risk-Parity,FDX,0.014617623905437244
3189,2017-01-03,Risk-Parity,GS,0.01304828437790241
3190,2017-01-03,Risk-Parity,GM,0.017234676097555145
3191,2017-01-03,Risk-Parity,HAS,0.021443241918202596
3192,2017-01-03,Risk-Parity,JBL,0.012895298729959485
3193,2017-01-03,Risk-Parity,KMB,0.031248800612436147
3194,2017-01-03,Risk-Parity,KLAC,0.020832322365886533
3195,2017-01-03,Risk-Parity,LOW,0.020993646936631784
3196,2017-01-03,Risk-Parity,MKC,0.035184124860445386
3197,2017-01-03,Risk-Parity,NEM,0.03515763965396206
3198,2017-01-03,Risk-Parity,OLN,0.009932454281297291
3199,2017-01-03,Risk-Parity,PH,0.014523711704471606
3200,2018-01-02,Simulated (Max Sharpe Ratio),PPG,0.002467607391010815
3201,2018-01-02,Simulated (Max Sharpe Ratio),DELL,0.00789132817943433
3202,2018-01-02,Simulated (Max Sharpe Ratio),QCOM,0.011503415936629825
3203,2018-01-02,Simulated (Max Sharpe Ratio),AMAT,0.020527272244513135
3204,2018-01-02,Simulated (Max Sharpe Ratio),MRK,0.04254412794237979
3205,2018-01-02,Simulated (Max Sharpe Ratio),AME,0.012871435460851465
3206,2018-01-02,Simulated (Max Sharpe Ratio),PG,0.01196897214052601
3207,2018-01-02,Simulated (Max Sharpe Ratio),CL,0.052489301223060406
3208,2018-01-02,Simulated (Max Sharpe Ratio),V,0.02593064244623718
3209,2018-01-02,Simulated (Max Sharpe Ratio),MA,0.046887502905420333
3210,2018-01-02,Simulated (Max Sharpe Ratio),MU,0.011604800377492171
3211,2018-01-02,Simulated (Max Sharpe Ratio),T,0.0003793226132734399
3212,2018-01-02,Simulated (Max Sharpe Ratio),JPM,0.013192818531211905
3213,2018-01-02,Simulated (Max Sharpe Ratio),JNJ,0.029359071219221836
3214,2018-01-02,Simulated (Max Sharpe Ratio),INTC,0.009184632202991013
3215,2018-01-02,Simulated (Max Sharpe Ratio),GE,0.0003678963427481626
3216,2018-01-02,Simulated (Max Sharpe Ratio),MS,0.024600050588791972
3217,2018-01-02,Simulated (Max Sharpe Ratio),RTX,0.006438621795628954
3218,2018-01-02,Simulated (Max Sharpe Ratio),TXN,0.0022943906138544485
3219,2018-01-02,Simulated (Max Sharpe Ratio),IBM,0.010360040136483516
3220,2018-01-02,Simulated (Max Sharpe Ratio),SPGI,0.01885458726540109
3221,2018-01-02,Simulated (Max Sharpe Ratio),LMT,0.009537877854923694
3222,2018-01-02,Simulated (Max Sharpe Ratio),ADP,0.00014488284482319335
3223,2018-01-02,Simulated (Max Sharpe Ratio),COF,0.03162061451111235
3224,2018-01-02,Simulated (Max Sharpe Ratio),WDC,0.004067456210923711
3225,2018-01-02,Simulated (Max Sharpe Ratio),ABT,0.03068700986086773
3226,2018-01-02,Simulated (Max Sharpe Ratio),GILD,0.015455613340110644
3227,2018-01-02,Simulated (Max Sharpe Ratio),UNP,0.011332917902804532
3228,2018-01-02,Simulated (Max Sharpe Ratio),ADI,0.03526716758987084
3229,2018-01-02,Simulated (Max Sharpe Ratio),TMUS,0.004344297189668779
3230,2018-01-02,Simulated (Max Sharpe Ratio),MMM,0.0195045545906535
3231,2018-01-02,Simulated (Max Sharpe Ratio),ADBE,0.05201712070164876
3232,2018-01-02,Simulated (Max Sharpe Ratio),AXP,0.01013730578258182
3233,2018-01-02,Simulated (Max Sharpe Ratio),BA,0.17728931235310297
3234,2018-01-02,Simulated (Max Sharpe Ratio),CVX,0.005434128604162063
3235,2018-01-02,Simulated (Max Sharpe Ratio),CSCO,0.01135895843795291
3236,2018-01-02,Simulated (Max Sharpe Ratio),DD,0.016242984078636894
3237,2018-01-02,Simulated (Max Sharpe Ratio),XOM,0.010776719551445485
3238,2018-01-02,Simulated (Max Sharpe Ratio),FDX,0.03447518897932117
3239,2018-01-02,Simulated (Max Sharpe Ratio),GS,0.007054531900867204
3240,2018-01-02,Simulated (Max Sharpe Ratio),GM,0.003093823243769969
3241,2018-01-02,Simulated (Max Sharpe Ratio),HAS,0.023732337441673378
3242,2018-01-02,Simulated (Max Sharpe Ratio),JBL,0.010316493383921082
3243,2018-01-02,Simulated (Max Sharpe Ratio),KMB,0.0017308378327834007
3244,2018-01-02,Simulated (Max Sharpe Ratio),KLAC,0.0011206008589275068
3245,2018-01-02,Simulated (Max Sharpe Ratio),LOW,0.021004249850667747
3246,2018-01-02,Simulated (Max Sharpe Ratio),MKC,0.01873611882846527
3247,2018-01-02,Simulated (Max Sharpe Ratio),NEM,0.004595295014919549
3248,2018-01-02,Simulated (Max Sharpe Ratio),OLN,0.05797036191490322
3249,2018-01-02,Simulated (Max Sharpe Ratio),PH,0.009233401787328867
3250,2018-01-02,Equal-Weight,PPG,0.02
3251,2018-01-02,Equal-Weight,DELL,0.02
3252,2018-01-02,Equal-Weight,QCOM,0.02
3253,2018-01-02,Equal-Weight,AMAT,0.02
3254,2018-01-02,Equal-Weight,MRK,0.02
3255,2018-01-02,Equal-Weight,AME,0.02
3256,2018-01-02,Equal-Weight,PG,0.02
3257,2018-01-02,Equal-Weight,CL,0.02
3258,2018-01-02,Equal-Weight,V,0.02
3259,2018-01-02,Equal-Weight,MA,0.02
3260,2018-01-02,Equal-Weight,MU,0.02
3261,2018-01-02,Equal-Weight,T,0.02
3262,2018-01-02,Equal-Weight,JPM,0.02
3263,2018-01-02,Equal-Weight,JNJ,0.02
3264,2018-01-02,Equal-Weight,INTC,0.02
3265,2018-01-02,Equal-Weight,GE,0.02
3266,2018-01-02,Equal-Weight,MS,0.02
3267,2018-01-02,Equal-Weight,RTX,0.02
3268,2018-01-02,Equal-Weight,TXN,0.02
3269,2018-01-02,Equal-Weight,IBM,0.02
3270,2018-01-02,Equal-Weight,SPGI,0.02
3271,2018-01-02,Equal-Weight,LMT,0.02
3272,2018-01-02,Equal-Weight,ADP,0.02
3273,2018-01-02,Equal-Weight,COF,0.02
3274,2018-01-02,Equal-Weight,WDC,0.02
3275,2018-01-02,Equal-Weight,ABT,0.02
3276,2018-01-02,Equal-Weight,GILD,0.02
3277,2018-01-02,Equal-Weight,UNP,0.02
3278,2018-01-02,Equal-Weight,ADI,0.02
3279,2018-01-02,Equal-Weight,TMUS,0.02
3280,2018-01-02,Equal-Weight,MMM,0.02
3281,2018-01-02,Equal-Weight,ADBE,0.02
3282,2018-01-02,Equal-Weight,AXP,0.02
3283,2018-01-02,Equal-Weight,BA,0.02
3284,2018-01-02,Equal-Weight,CVX,0.02
3285,2018-01-02,Equal-Weight,CSCO,0.02
3286,2018-01-02,Equal-Weight,DD,0.02
3287,2018-01-02,Equal-Weight,XOM,0.02
3288,2018-01-02,Equal-Weight,FDX,0.02
3289,2018-01-02,Equal-Weight,GS,0.02
3290,2018-01-02,Equal-Weight,GM,0.02
3291,2018-01-02,Equal-Weight,HAS,0.02
3292,2018-01-02,Equal-Weight,JBL,0.02
3293,2018-01-02,Equal-Weight,KMB,0.02
3294,2018-01-02,Equal-Weight,KLAC,0.02
3295,2018-01-02,Equal-Weight,LOW,0.02
3296,2018-01-02,Equal-Weight,MKC,0.02
3297,2018-01-02,Equal-Weight,NEM,0.02
3298,2018-01-02,Equal-Weight,OLN,0.02
3299,2018-01-02,Equal-Weight,PH,0.02
3300,2018-01-02,Markowitz,PPG,0.0
3301,2018-01-02,Markowitz,DELL,0.0
3302,2018-01-02,Markowitz,QCOM,0.0
3303,2018-01-02,Markowitz,AMAT,0.0
3304,2018-01-02,Markowitz,MRK,0.0
3305,2018-01-02,Markowitz,AME,0.09182275468264048
3306,2018-01-02,Markowitz,PG,0.0
3307,2018-01-02,Markowitz,CL,0.0
3308,2018-01-02,Markowitz,V,0.0111303339100173
3309,2018-01-02,Markowitz,MA,0.0
3310,2018-01-02,Markowitz,MU,0.03110093302799084
3311,2018-01-02,Markowitz,T,0.0
3312,2018-01-02,Markowitz,JPM,0.0
3313,2018-01-02,Markowitz,JNJ,0.052371571147134414
3314,2018-01-02,Markowitz,INTC,0.0
3315,2018-01-02,Markowitz,GE,0.0
3316,2018-01-02,Markowitz,MS,0.0
3317,2018-01-02,Markowitz,RTX,0.0
3318,2018-01-02,Markowitz,TXN,0.0
3319,2018-01-02,Markowitz,IBM,0.0
3320,2018-01-02,Markowitz,SPGI,0.15765472964188926
3321,2018-01-02,Markowitz,LMT,0.0
3322,2018-01-02,Markowitz,ADP,0.0
3323,2018-01-02,Markowitz,COF,0.0
3324,2018-01-02,Markowitz,WDC,0.0
3325,2018-01-02,Markowitz,ABT,0.15874476234287027
3326,2018-01-02,Markowitz,GILD,0.0
3327,2018-01-02,Markowitz,UNP,0.0
3328,2018-01-02,Markowitz,ADI,0.0
3329,2018-01-02,Markowitz,TMUS,0.0
3330,2018-01-02,Markowitz,MMM,0.042441273238197144
3331,2018-01-02,Markowitz,ADBE,0.08816264487934639
3332,2018-01-02,Markowitz,AXP,0.020570617118513556
3333,2018-01-02,Markowitz,BA,0.3000090002700081
3334,2018-01-02,Markowitz,CVX,0.0
3335,2018-01-02,Markowitz,CSCO,0.0
3336,2018-01-02,Markowitz,DD,0.0
3337,2018-01-02,Markowitz,XOM,0.0
3338,2018-01-02,Markowitz,FDX,0.0
3339,2018-01-02,Markowitz,GS,0.0
3340,2018-01-02,Markowitz,GM,0.0
3341,2018-01-02,Markowitz,HAS,0.0
3342,2018-01-02,Markowitz,JBL,0.0
3343,2018-01-02,Markowitz,KMB,0.0
3344,2018-01-02,Markowitz,KLAC,0.0
3345,2018-01-02,Markowitz,LOW,0.02674080222406672
3346,2018-01-02,Markowitz,MKC,0.0
3347,2018-01-02,Markowitz,NEM,0.01925057751732552
3348,2018-01-02,Markowitz,OLN,0.0
3349,2018-01-02,Markowitz,PH,0.0
3350,2018-01-02,Risk-Parity,PPG,0.016835229673759586
3351,2018-01-02,Risk-Parity,DELL,0.01420532886154267
3352,2018-01-02,Risk-Parity,QCOM,0.015285641490963285
3353,2018-01-02,Risk-Parity,AMAT,0.010305690017254789
3354,2018-01-02,Risk-Parity,MRK,0.026959486436069904
3355,2018-01-02,Risk-Parity,AME,0.01858332202294568
3356,2018-01-02,Risk-Parity,PG,0.03638039713720534
3357,2018-01-02,Risk-Parity,CL,0.035501077185274385
3358,2018-01-02,Risk-Parity,V,0.019958504996455052
3359,2018-01-02,Risk-Parity,MA,0.01719217224400778
3360,2018-01-02,Risk-Parity,MU,0.01023792089913267
3361,2018-01-02,Risk-Parity,T,0.025406631924055217
3362,2018-01-02,Risk-Parity,JPM,0.016375064550431896
3363,2018-01-02,Risk-Parity,JNJ,0.03513153089091485
3364,2018-01-02,Risk-Parity,INTC,0.018962991830473667
3365,2018-01-02,Risk-Parity,GE,0.02175680122883947
3366,2018-01-02,Risk-Parity,MS,0.012561743874665505
3367,2018-01-02,Risk-Parity,RTX,0.023113022741638817
3368,2018-01-02,Risk-Parity,TXN,0.014101917972974764
3369,2018-01-02,Risk-Parity,IBM,0.027394843292762143
3370,2018-01-02,Risk-Parity,SPGI,0.018335470541152584
3371,2018-01-02,Risk-Parity,LMT,0.03089399741258845
3372,2018-01-02,Risk-Parity,ADP,0.018632465103569855
3373,2018-01-02,Risk-Parity,COF,0.01453896119418633
3374,2018-01-02,Risk-Parity,WDC,0.011136660909994982
3375,2018-01-02,Risk-Parity,ABT,0.022759643664822752
3376,2018-01-02,Risk-Parity,GILD,0.021575237413367896
3377,2018-01-02,Risk-Parity,UNP,0.01656040358306482
3378,2018-01-02,Risk-Parity,ADI,0.014516564552592065
3379,2018-01-02,Risk-Parity,TMUS,0.017859070880215135
3380,2018-01-02,Risk-Parity,MMM,0.028706639983442108
3381,2018-01-02,Risk-Parity,ADBE,0.015613664132172847
3382,2018-01-02,Risk-Parity,AXP,0.0189435543995197
3383,2018-01-02,Risk-Parity,BA,0.01853078448953265
3384,2018-01-02,Risk-Parity,CVX,0.03335347497376133
3385,2018-01-02,Risk-Parity,CSCO,0.015551865470679892
3386,2018-01-02,Risk-Parity,DD,0.015525920193987823
3387,2018-01-02,Risk-Parity,XOM,0.03503721398827736
3388,2018-01-02,Risk-Parity,FDX,0.014535424364588089
3389,2018-01-02,Risk-Parity,GS,0.01342795307847661
3390,2018-01-02,Risk-Parity,GM,0.015073985055695772
3391,2018-01-02,Risk-Parity,HAS,0.015713964854088887
3392,2018-01-02,Risk-Parity,JBL,0.013094992946296902
3393,2018-01-02,Risk-Parity,KMB,0.027749289677265667
3394,2018-01-02,Risk-Parity,KLAC,0.011051652155823518
3395,2018-01-02,Risk-Parity,LOW,0.01704714219414299
3396,2018-01-02,Risk-Parity,MKC,0.025018226045532662
3397,2018-01-02,Risk-Parity,NEM,0.03992562909392209
3398,2018-01-02,Risk-Parity,OLN,0.010239752337914665
3399,2018-01-02,Risk-Parity,PH,0.01280107603795619
3400,2019-01-02,Simulated (Max Sharpe Ratio),PPG,0.008669386607800167
3401,2019-01-02,Simulated (Max Sharpe Ratio),DELL,0.04999984116029476
3402,2019-01-02,Simulated (Max Sharpe Ratio),QCOM,0.027166655933975204
3403,2019-01-02,Simulated (Max Sharpe Ratio),AMAT,0.006360313728048801
3404,2019-01-02,Simulated (Max Sharpe Ratio),MRK,0.04094051163044451
3405,2019-01-02,Simulated (Max Sharpe Ratio),AME,0.09484626346364614
3406,2019-01-02,Simulated (Max Sharpe Ratio),PG,0.0038583462190993935
3407,2019-01-02,Simulated (Max Sharpe Ratio),CL,0.015219139961720111
3408,2019-01-02,Simulated (Max Sharpe Ratio),V,0.003578567700782734
3409,2019-01-02,Simulated (Max Sharpe Ratio),MA,0.12422924172915215
3410,2019-01-02,Simulated (Max Sharpe Ratio),MU,0.009225329878398802
3411,2019-01-02,Simulated (Max Sharpe Ratio),T,0.005460685966154277
3412,2019-01-02,Simulated (Max Sharpe Ratio),JPM,0.019812495114564215
3413,2019-01-02,Simulated (Max Sharpe Ratio),JNJ,0.031731835242835404
3414,2019-01-02,Simulated (Max Sharpe Ratio),INTC,0.04009656438640604
3415,2019-01-02,Simulated (Max Sharpe Ratio),GE,0.002841350120592767
3416,2019-01-02,Simulated (Max Sharpe Ratio),MS,0.038509246250589046
3417,2019-01-02,Simulated (Max Sharpe Ratio),RTX,0.011770484097567589
3418,2019-01-02,Simulated (Max Sharpe Ratio),TXN,0.0029045234827695717
3419,2019-01-02,Simulated (Max Sharpe Ratio),IBM,0.0077487952691099315
3420,2019-01-02,Simulated (Max Sharpe Ratio),SPGI,0.010804793368042775
3421,2019-01-02,Simulated (Max Sharpe Ratio),LMT,0.01254630045253132
3422,2019-01-02,Simulated (Max Sharpe Ratio),ADP,0.04473323335516976
3423,2019-01-02,Simulated (Max Sharpe Ratio),COF,0.004637131783690365
3424,2019-01-02,Simulated (Max Sharpe Ratio),WDC,0.0008750904945284203
3425,2019-01-02,Simulated (Max Sharpe Ratio),ABT,0.04629715807655022
3426,2019-01-02,Simulated (Max Sharpe Ratio),GILD,0.011607185558806759
3427,2019-01-02,Simulated (Max Sharpe Ratio),UNP,0.006381538914505314
3428,2019-01-02,Simulated (Max Sharpe Ratio),ADI,0.009959838925241209
3429,2019-01-02,Simulated (Max Sharpe Ratio),TMUS,0.03096130990487504
3430,2019-01-02,Simulated (Max Sharpe Ratio),MMM,0.0012362952970795447
3431,2019-01-02,Simulated (Max Sharpe Ratio),ADBE,0.009622737154985652
3432,2019-01-02,Simulated (Max Sharpe Ratio),AXP,0.03193766087219144
3433,2019-01-02,Simulated (Max Sharpe Ratio),BA,0.010848882496767851
3434,2019-01-02,Simulated (Max Sharpe Ratio),CVX,0.03642318307951551
3435,2019-01-02,Simulated (Max Sharpe Ratio),CSCO,0.014771655788281211
3436,2019-01-02,Simulated (Max Sharpe Ratio),DD,0.0172124510510839
3437,2019-01-02,Simulated (Max Sharpe Ratio),XOM,0.0031475860094088196
3438,2019-01-02,Simulated (Max Sharpe Ratio),FDX,0.011613816753438243
3439,2019-01-02,Simulated (Max Sharpe Ratio),GS,0.003635247692789961
3440,2019-01-02,Simulated (Max Sharpe Ratio),GM,0.0032772658310772367
3441,2019-01-02,Simulated (Max Sharpe Ratio),HAS,0.0014691965691881969
3442,2019-01-02,Simulated (Max Sharpe Ratio),JBL,0.016114987967654724
3443,2019-01-02,Simulated (Max Sharpe Ratio),KMB,0.006621608115295359
3444,2019-01-02,Simulated (Max Sharpe Ratio),KLAC,0.004194445650293675
3445,2019-01-02,Simulated (Max Sharpe Ratio),LOW,0.0027224318872865125
3446,2019-01-02,Simulated (Max Sharpe Ratio),MKC,0.04858285140987778
3447,2019-01-02,Simulated (Max Sharpe Ratio),NEM,0.026144110166581927
3448,2019-01-02,Simulated (Max Sharpe Ratio),OLN,0.009419072461558523
3449,2019-01-02,Simulated (Max Sharpe Ratio),PH,0.017231354967750953
3450,2019-01-02,Equal-Weight,PPG,0.02
3451,2019-01-02,Equal-Weight,DELL,0.02
3452,2019-01-02,Equal-Weight,QCOM,0.02
3453,2019-01-02,Equal-Weight,AMAT,0.02
3454,2019-01-02,Equal-Weight,MRK,0.02
3455,2019-01-02,Equal-Weight,AME,0.02
3456,2019-01-02,Equal-Weight,PG,0.02
3457,2019-01-02,Equal-Weight,CL,0.02
3458,2019-01-02,Equal-Weight,V,0.02
3459,2019-01-02,Equal-Weight,MA,0.02
3460,2019-01-02,Equal-Weight,MU,0.02
3461,2019-01-02,Equal-Weight,T,0.02
3462,2019-01-02,Equal-Weight,JPM,0.02
3463,2019-01-02,Equal-Weight,JNJ,0.02
3464,2019-01-02,Equal-Weight,INTC,0.02
3465,2019-01-02,Equal-Weight,GE,0.02
3466,2019-01-02,Equal-Weight,MS,0.02
3467,2019-01-02,Equal-Weight,RTX,0.02
3468,2019-01-02,Equal-Weight,TXN,0.02
3469,2019-01-02,Equal-Weight,IBM,0.02
3470,2019-01-02,Equal-Weight,SPGI,0.02
3471,2019-01-02,Equal-Weight,LMT,0.02
3472,2019-01-02,Equal-Weight,ADP,0.02
3473,2019-01-02,Equal-Weight,COF,0.02
3474,2019-01-02,Equal-Weight,WDC,0.02
3475,2019-01-02,Equal-Weight,ABT,0.02
3476,2019-01-02,Equal-Weight,GILD,0.02
3477,2019-01-02,Equal-Weight,UNP,0.02
3478,2019-01-02,Equal-Weight,ADI,0.02
3479,2019-01-02,Equal-Weight,TMUS,0.02
3480,2019-01-02,Equal-Weight,MMM,0.02
3481,2019-01-02,Equal-Weight,ADBE,0.02
3482,2019-01-02,Equal-Weight,AXP,0.02
3483,2019-01-02,Equal-Weight,BA,0.02
3484,2019-01-02,Equal-Weight,CVX,0.02
3485,2019-01-02,Equal-Weight,CSCO,0.02
3486,2019-01-02,Equal-Weight,DD,0.02
3487,2019-01-02,Equal-Weight,XOM,0.02
3488,2019-01-02,Equal-Weight,FDX,0.02
3489,2019-01-02,Equal-Weight,GS,0.02
3490,2019-01-02,Equal-Weight,GM,0.02
3491,2019-01-02,Equal-Weight,HAS,0.02
3492,2019-01-02,Equal-Weight,JBL,0.02
3493,2019-01-02,Equal-Weight,KMB,0.02
3494,2019-01-02,Equal-Weight,KLAC,0.02
3495,2019-01-02,Equal-Weight,LOW,0.02
3496,2019-01-02,Equal-Weight,MKC,0.02
3497,2019-01-02,Equal-Weight,NEM,0.02
3498,2019-01-02,Equal-Weight,OLN,0.02
3499,2019-01-02,Equal-Weight,PH,0.02
3500,2019-01-02,Markowitz,PPG,0.0
3501,2019-01-02,Markowitz,DELL,0.0
3502,2019-01-02,Markowitz,QCOM,0.0
3503,2019-01-02,Markowitz,AMAT,0.0
3504,2019-01-02,Markowitz,MRK,0.3
3505,2019-01-02,Markowitz,AME,0.0
3506,2019-01-02,Markowitz,PG,0.0
3507,2019-01-02,Markowitz,CL,0.0
3508,2019-01-02,Markowitz,V,0.0
3509,2019-01-02,Markowitz,MA,0.1
3510,2019-01-02,Markowitz,MU,0.0
3511,2019-01-02,Markowitz,T,0.0
3512,2019-01-02,Markowitz,JPM,0.0
3513,2019-01-02,Markowitz,JNJ,0.0
3514,2019-01-02,Markowitz,INTC,0.0
3515,2019-01-02,Markowitz,GE,0.0
3516,2019-01-02,Markowitz,MS,0.0
3517,2019-01-02,Markowitz,RTX,0.0
3518,2019-01-02,Markowitz,TXN,0.0
3519,2019-01-02,Markowitz,IBM,0.0
3520,2019-01-02,Markowitz,SPGI,0.0
3521,2019-01-02,Markowitz,LMT,0.0
3522,2019-01-02,Markowitz,ADP,0.0
3523,2019-01-02,Markowitz,COF,0.0
3524,2019-01-02,Markowitz,WDC,0.0
3525,2019-01-02,Markowitz,ABT,0.3
3526,2019-01-02,Markowitz,GILD,0.0
3527,2019-01-02,Markowitz,UNP,0.0
3528,2019-01-02,Markowitz,ADI,0.0
3529,2019-01-02,Markowitz,TMUS,0.0
3530,2019-01-02,Markowitz,MMM,0.0
3531,2019-01-02,Markowitz,ADBE,0.0
3532,2019-01-02,Markowitz,AXP,0.0
3533,2019-01-02,Markowitz,BA,0.0
3534,2019-01-02,Markowitz,CVX,0.0
3535,2019-01-02,Markowitz,CSCO,0.0
3536,2019-01-02,Markowitz,DD,0.0
3537,2019-01-02,Markowitz,XOM,0.0
3538,2019-01-02,Markowitz,FDX,0.0
3539,2019-01-02,Markowitz,GS,0.0
3540,2019-01-02,Markowitz,GM,0.0
3541,2019-01-02,Markowitz,HAS,0.0
3542,2019-01-02,Markowitz,JBL,0.0
3543,2019-01-02,Markowitz,KMB,0.0
3544,2019-01-02,Markowitz,KLAC,0.0
3545,2019-01-02,Markowitz,LOW,0.0
3546,2019-01-02,Markowitz,MKC,0.3
3547,2019-01-02,Markowitz,NEM,0.0
3548,2019-01-02,Markowitz,OLN,0.0
3549,2019-01-02,Markowitz,PH,0.0
3550,2019-01-02,Risk-Parity,PPG,0.02195470365212434
3551,2019-01-02,Risk-Parity,DELL,0.02044960135809225
3552,2019-01-02,Risk-Parity,QCOM,0.01626066510852371
3553,2019-01-02,Risk-Parity,AMAT,0.011459098053449626
3554,2019-01-02,Risk-Parity,MRK,0.027470072718634397
3555,2019-01-02,Risk-Parity,AME,0.017324028144538674
3556,2019-01-02,Risk-Parity,PG,0.03513615618150649
3557,2019-01-02,Risk-Parity,CL,0.033851588848573214
3558,2019-01-02,Risk-Parity,V,0.016143607939863695
3559,2019-01-02,Risk-Parity,MA,0.015360735133414197
3560,2019-01-02,Risk-Parity,MU,0.010293183235026523
3561,2019-01-02,Risk-Parity,T,0.026748823718104605
3562,2019-01-02,Risk-Parity,JPM,0.019566640399374818
3563,2019-01-02,Risk-Parity,JNJ,0.024347203484589672
3564,2019-01-02,Risk-Parity,INTC,0.014107505573365256
3565,2019-01-02,Risk-Parity,GE,0.022369482347275507
3566,2019-01-02,Risk-Parity,MS,0.015404842910641082
3567,2019-01-02,Risk-Parity,RTX,0.01960280722994586
3568,2019-01-02,Risk-Parity,TXN,0.014598095455815075
3569,2019-01-02,Risk-Parity,IBM,0.01972888277266946
3570,2019-01-02,Risk-Parity,SPGI,0.01770323164090596
3571,2019-01-02,Risk-Parity,LMT,0.02311891449049646
3572,2019-01-02,Risk-Parity,ADP,0.019289214084513322
3573,2019-01-02,Risk-Parity,COF,0.018017324796629
3574,2019-01-02,Risk-Parity,WDC,0.01344130213707603
3575,2019-01-02,Risk-Parity,ABT,0.018303174442349333
3576,2019-01-02,Risk-Parity,GILD,0.019147166795959836
3577,2019-01-02,Risk-Parity,UNP,0.018009919031625327
3578,2019-01-02,Risk-Parity,ADI,0.016410768709871938
3579,2019-01-02,Risk-Parity,TMUS,0.02264074405483966
3580,2019-01-02,Risk-Parity,MMM,0.016712340962595492
3581,2019-01-02,Risk-Parity,ADBE,0.01311366661893832
3582,2019-01-02,Risk-Parity,AXP,0.018217784191130886
3583,2019-01-02,Risk-Parity,BA,0.014469050759826933
3584,2019-01-02,Risk-Parity,CVX,0.020641948983182515
3585,2019-01-02,Risk-Parity,CSCO,0.015350157955240988
3586,2019-01-02,Risk-Parity,DD,0.014465899568689336
3587,2019-01-02,Risk-Parity,XOM,0.02219992856920417
3588,2019-01-02,Risk-Parity,FDX,0.015658450400147465
3589,2019-01-02,Risk-Parity,GS,0.016408477050741704
3590,2019-01-02,Risk-Parity,GM,0.01909854958361377
3591,2019-01-02,Risk-Parity,HAS,0.028194543961336558
3592,2019-01-02,Risk-Parity,JBL,0.019389197846094556
3593,2019-01-02,Risk-Parity,KMB,0.034310603295679094
3594,2019-01-02,Risk-Parity,KLAC,0.012326629411067302
3595,2019-01-02,Risk-Parity,LOW,0.017570259585535822
3596,2019-01-02,Risk-Parity,MKC,0.03175081992025087
3597,2019-01-02,Risk-Parity,NEM,0.04968192855773854
3598,2019-01-02,Risk-Parity,OLN,0.016056411679734678
3599,2019-01-02,Risk-Parity,PH,0.016123866649455535
3600,2020-01-02,Simulated (Max Sharpe Ratio),PPG,0.011822254355225164
3601,2020-01-02,Simulated (Max Sharpe Ratio),DELL,0.018952011030480925
3602,2020-01-02,Simulated (Max Sharpe Ratio),QCOM,0.03295502866018451
3603,2020-01-02,Simulated (Max Sharpe Ratio),AMAT,0.02582806809617183
3604,2020-01-02,Simulated (Max Sharpe Ratio),MRK,0.014999062207577478
3605,2020-01-02,Simulated (Max Sharpe Ratio),AME,4.892157930338451e-05
3606,2020-01-02,Simulated (Max Sharpe Ratio),PG,0.09416124763957569
3607,2020-01-02,Simulated (Max Sharpe Ratio),CL,0.0018618051624322985
3608,2020-01-02,Simulated (Max Sharpe Ratio),V,0.029234649442107994
3609,2020-01-02,Simulated (Max Sharpe Ratio),MA,0.030759339797568397
3610,2020-01-02,Simulated (Max Sharpe Ratio),MU,4.275324342528669e-05
3611,2020-01-02,Simulated (Max Sharpe Ratio),T,0.10188820297039547
3612,2020-01-02,Simulated (Max Sharpe Ratio),JPM,0.01764543715442102
3613,2020-01-02,Simulated (Max Sharpe Ratio),JNJ,0.009750200436866766
3614,2020-01-02,Simulated (Max Sharpe Ratio),INTC,0.021716103551026843
3615,2020-01-02,Simulated (Max Sharpe Ratio),GE,0.017455560011108966
3616,2020-01-02,Simulated (Max Sharpe Ratio),MS,0.010459087926834608
3617,2020-01-02,Simulated (Max Sharpe Ratio),RTX,0.05096097446934018
3618,2020-01-02,Simulated (Max Sharpe Ratio),TXN,0.005793024375113173
3619,2020-01-02,Simulated (Max Sharpe Ratio),IBM,0.019889305481216216
3620,2020-01-02,Simulated (Max Sharpe Ratio),SPGI,0.02138548237755848
3621,2020-01-02,Simulated (Max Sharpe Ratio),LMT,0.010540303098012961
3622,2020-01-02,Simulated (Max Sharpe Ratio),ADP,0.016740801100375336
3623,2020-01-02,Simulated (Max Sharpe Ratio),COF,0.02860552146948123
3624,2020-01-02,Simulated (Max Sharpe Ratio),WDC,0.013702405786106169
3625,2020-01-02,Simulated (Max Sharpe Ratio),ABT,0.0068524304248072255
3626,2020-01-02,Simulated (Max Sharpe Ratio),GILD,0.061503696243314636
3627,2020-01-02,Simulated (Max Sharpe Ratio),UNP,0.014397544063329817
3628,2020-01-02,Simulated (Max Sharpe Ratio),ADI,0.003466354569695082
3629,2020-01-02,Simulated (Max Sharpe Ratio),TMUS,0.0046320995183153895
3630,2020-01-02,Simulated (Max Sharpe Ratio),MMM,0.0017182898072153055
3631,2020-01-02,Simulated (Max Sharpe Ratio),ADBE,0.008761995527504127
3632,2020-01-02,Simulated (Max Sharpe Ratio),AXP,0.0052928965357416985
3633,2020-01-02,Simulated (Max Sharpe Ratio),BA,0.0025312061257611257
3634,2020-01-02,Simulated (Max Sharpe Ratio),CVX,0.01062428296289285
3635,2020-01-02,Simulated (Max Sharpe Ratio),CSCO,0.005893748049056376
3636,2020-01-02,Simulated (Max Sharpe Ratio),DD,0.011448584277538856
3637,2020-01-02,Simulated (Max Sharpe Ratio),XOM,0.010448788126747818
3638,2020-01-02,Simulated (Max Sharpe Ratio),FDX,0.023734893262715103
3639,2020-01-02,Simulated (Max Sharpe Ratio),GS,0.026608127269922587
3640,2020-01-02,Simulated (Max Sharpe Ratio),GM,0.006120112344245045
3641,2020-01-02,Simulated (Max Sharpe Ratio),HAS,0.0008680944349491173
3642,2020-01-02,Simulated (Max Sharpe Ratio),JBL,0.019567231419879188
3643,2020-01-02,Simulated (Max Sharpe Ratio),KMB,0.0028535008615789815
3644,2020-01-02,Simulated (Max Sharpe Ratio),KLAC,0.06462467822595566
3645,2020-01-02,Simulated (Max Sharpe Ratio),LOW,0.0004092529507681214
3646,2020-01-02,Simulated (Max Sharpe Ratio),MKC,0.02429962553209641
3647,2020-01-02,Simulated (Max Sharpe Ratio),NEM,0.05233069315500565
3648,2020-01-02,Simulated (Max Sharpe Ratio),OLN,0.007040198171651161
3649,2020-01-02,Simulated (Max Sharpe Ratio),PH,0.01677412471740243
3650,2020-01-02,Equal-Weight,PPG,0.02
3651,2020-01-02,Equal-Weight,DELL,0.02
3652,2020-01-02,Equal-Weight,QCOM,0.02
3653,2020-01-02,Equal-Weight,AMAT,0.02
3654,2020-01-02,Equal-Weight,MRK,0.02
3655,2020-01-02,Equal-Weight,AME,0.02
3656,2020-01-02,Equal-Weight,PG,0.02
3657,2020-01-02,Equal-Weight,CL,0.02
3658,2020-01-02,Equal-Weight,V,0.02
3659,2020-01-02,Equal-Weight,MA,0.02
3660,2020-01-02,Equal-Weight,MU,0.02
3661,2020-01-02,Equal-Weight,T,0.02
3662,2020-01-02,Equal-Weight,JPM,0.02
3663,2020-01-02,Equal-Weight,JNJ,0.02
3664,2020-01-02,Equal-Weight,INTC,0.02
3665,2020-01-02,Equal-Weight,GE,0.02
3666,2020-01-02,Equal-Weight,MS,0.02
3667,2020-01-02,Equal-Weight,RTX,0.02
3668,2020-01-02,Equal-Weight,TXN,0.02
3669,2020-01-02,Equal-Weight,IBM,0.02
3670,2020-01-02,Equal-Weight,SPGI,0.02
3671,2020-01-02,Equal-Weight,LMT,0.02
3672,2020-01-02,Equal-Weight,ADP,0.02
3673,2020-01-02,Equal-Weight,COF,0.02
3674,2020-01-02,Equal-Weight,WDC,0.02
3675,2020-01-02,Equal-Weight,ABT,0.02
3676,2020-01-02,Equal-Weight,GILD,0.02
3677,2020-01-02,Equal-Weight,UNP,0.02
3678,2020-01-02,Equal-Weight,ADI,0.02
3679,2020-01-02,Equal-Weight,TMUS,0.02
3680,2020-01-02,Equal-Weight,MMM,0.02
3681,2020-01-02,Equal-Weight,ADBE,0.02
3682,2020-01-02,Equal-Weight,AXP,0.02
3683,2020-01-02,Equal-Weight,BA,0.02
3684,2020-01-02,Equal-Weight,CVX,0.02
3685,2020-01-02,Equal-Weight,CSCO,0.02
3686,2020-01-02,Equal-Weight,DD,0.02
3687,2020-01-02,Equal-Weight,XOM,0.02
3688,2020-01-02,Equal-Weight,FDX,0.02
3689,2020-01-02,Equal-Weight,GS,0.02
3690,2020-01-02,Equal-Weight,GM,0.02
3691,2020-01-02,Equal-Weight,HAS,0.02
3692,2020-01-02,Equal-Weight,JBL,0.02
3693,2020-01-02,Equal-Weight,KMB,0.02
3694,2020-01-02,Equal-Weight,KLAC,0.02
3695,2020-01-02,Equal-Weight,LOW,0.02
3696,2020-01-02,Equal-Weight,MKC,0.02
3697,2020-01-02,Equal-Weight,NEM,0.02
3698,2020-01-02,Equal-Weight,OLN,0.02
3699,2020-01-02,Equal-Weight,PH,0.02
3700,2020-01-02,Markowitz,PPG,0.0
3701,2020-01-02,Markowitz,DELL,0.0
3702,2020-01-02,Markowitz,QCOM,0.00414
3703,2020-01-02,Markowitz,AMAT,0.0
3704,2020-01-02,Markowitz,MRK,0.0
3705,2020-01-02,Markowitz,AME,0.0
3706,2020-01-02,Markowitz,PG,0.0809
3707,2020-01-02,Markowitz,CL,0.0
3708,2020-01-02,Markowitz,V,0.0
3709,2020-01-02,Markowitz,MA,0.0
3710,2020-01-02,Markowitz,MU,0.0
3711,2020-01-02,Markowitz,T,0.20336
3712,2020-01-02,Markowitz,JPM,0.07144
3713,2020-01-02,Markowitz,JNJ,0.0
3714,2020-01-02,Markowitz,INTC,0.0
3715,2020-01-02,Markowitz,GE,0.0
3716,2020-01-02,Markowitz,MS,0.0
3717,2020-01-02,Markowitz,RTX,0.0
3718,2020-01-02,Markowitz,TXN,0.0
3719,2020-01-02,Markowitz,IBM,0.0
3720,2020-01-02,Markowitz,SPGI,0.13708
3721,2020-01-02,Markowitz,LMT,0.17061
3722,2020-01-02,Markowitz,ADP,0.0
3723,2020-01-02,Markowitz,COF,0.0
3724,2020-01-02,Markowitz,WDC,0.0
3725,2020-01-02,Markowitz,ABT,0.0
3726,2020-01-02,Markowitz,GILD,0.0
3727,2020-01-02,Markowitz,UNP,0.0
3728,2020-01-02,Markowitz,ADI,0.0
3729,2020-01-02,Markowitz,TMUS,0.0
3730,2020-01-02,Markowitz,MMM,0.0
3731,2020-01-02,Markowitz,ADBE,0.0
3732,2020-01-02,Markowitz,AXP,0.0
3733,2020-01-02,Markowitz,BA,0.0
3734,2020-01-02,Markowitz,CVX,0.0
3735,2020-01-02,Markowitz,CSCO,0.0
3736,2020-01-02,Markowitz,DD,0.0
3737,2020-01-02,Markowitz,XOM,0.0
3738,2020-01-02,Markowitz,FDX,0.0
3739,2020-01-02,Markowitz,GS,0.0
3740,2020-01-02,Markowitz,GM,0.0
3741,2020-01-02,Markowitz,HAS,0.0
3742,2020-01-02,Markowitz,JBL,0.00087
3743,2020-01-02,Markowitz,KMB,0.0
3744,2020-01-02,Markowitz,KLAC,0.16046
3745,2020-01-02,Markowitz,LOW,0.0
3746,2020-01-02,Markowitz,MKC,0.05336
3747,2020-01-02,Markowitz,NEM,0.11778
3748,2020-01-02,Markowitz,OLN,0.0
3749,2020-01-02,Markowitz,PH,0.0
3750,2020-01-02,Risk-Parity,PPG,0.017842036500582623
3751,2020-01-02,Risk-Parity,DELL,0.013744578758999159
3752,2020-01-02,Risk-Parity,QCOM,0.01405900313931782
3753,2020-01-02,Risk-Parity,AMAT,0.010495272190939259
3754,2020-01-02,Risk-Parity,MRK,0.028173832619727557
3755,2020-01-02,Risk-Parity,AME,0.016749664896242997
3756,2020-01-02,Risk-Parity,PG,0.031932500757376005
3757,2020-01-02,Risk-Parity,CL,0.03073141723750571
3758,2020-01-02,Risk-Parity,V,0.018215924988835903
3759,2020-01-02,Risk-Parity,MA,0.01509184355380483
3760,2020-01-02,Risk-Parity,MU,0.008422698289464386
3761,2020-01-02,Risk-Parity,T,0.029446336044567357
3762,2020-01-02,Risk-Parity,JPM,0.01912518212497274
3763,2020-01-02,Risk-Parity,JNJ,0.03387146640570852
3764,2020-01-02,Risk-Parity,INTC,0.014092812146466764
3765,2020-01-02,Risk-Parity,GE,0.012746403224673878
3766,2020-01-02,Risk-Parity,MS,0.01508855556484957
3767,2020-01-02,Risk-Parity,RTX,0.015531668850680478
3768,2020-01-02,Risk-Parity,TXN,0.012600245809730343
3769,2020-01-02,Risk-Parity,IBM,0.01772776212403728
3770,2020-01-02,Risk-Parity,SPGI,0.019124736614118957
3771,2020-01-02,Risk-Parity,LMT,0.025888134525229114
3772,2020-01-02,Risk-Parity,ADP,0.01880166855803752
3773,2020-01-02,Risk-Parity,COF,0.015374215108540422
3774,2020-01-02,Risk-Parity,WDC,0.008016085295999361
3775,2020-01-02,Risk-Parity,ABT,0.018833840801312573
3776,2020-01-02,Risk-Parity,GILD,0.022709379686329082
3777,2020-01-02,Risk-Parity,UNP,0.016244647331635324
3778,2020-01-02,Risk-Parity,ADI,0.011523793809956141
3779,2020-01-02,Risk-Parity,TMUS,0.024351953340954368
3780,2020-01-02,Risk-Parity,MMM,0.01521857792054185
3781,2020-01-02,Risk-Parity,ADBE,0.01527775376321583
3782,2020-01-02,Risk-Parity,AXP,0.01794539677342372
3783,2020-01-02,Risk-Parity,BA,0.018628824551918374
3784,2020-01-02,Risk-Parity,CVX,0.023047676215159137
3785,2020-01-02,Risk-Parity,CSCO,0.015068367293296135
3786,2020-01-02,Risk-Parity,DD,0.01419948219125829
3787,2020-01-02,Risk-Parity,XOM,0.020393258014097238
3788,2020-01-02,Risk-Parity,FDX,0.012700085250918092
3789,2020-01-02,Risk-Parity,GS,0.015838239520435754
3790,2020-01-02,Risk-Parity,GM,0.015551869651697962
3791,2020-01-02,Risk-Parity,HAS,0.014713035701440806
3792,2020-01-02,Risk-Parity,JBL,0.012422611816263416
3793,2020-01-02,Risk-Parity,KMB,0.03380019792616215
3794,2020-01-02,Risk-Parity,KLAC,0.01115310231185196
3795,2020-01-02,Risk-Parity,LOW,0.017334738549019277
3796,2020-01-02,Risk-Parity,MKC,0.05951300801657925
3797,2020-01-02,Risk-Parity,NEM,0.08736450988952395
3798,2020-01-02,Risk-Parity,OLN,0.011480909113141223
3799,2020-01-02,Risk-Parity,PH,0.011790695229459584
3800,2021-01-04,Simulated (Max Sharpe Ratio),PPG,0.032570131840257824
3801,2021-01-04,Simulated (Max Sharpe Ratio),DELL,0.0025289455831843783
3802,2021-01-04,Simulated (Max Sharpe Ratio),QCOM,0.19784381606890103
3803,2021-01-04,Simulated (Max Sharpe Ratio),AMAT,0.03739526479354468
3804,2021-01-04,Simulated (Max Sharpe Ratio),MRK,0.0077054042885292525
3805,2021-01-04,Simulated (Max Sharpe Ratio),AME,0.011105875498953867
3806,2021-01-04,Simulated (Max Sharpe Ratio),PG,0.04393166071841514
3807,2021-01-04,Simulated (Max Sharpe Ratio),CL,0.03169266242735931
3808,2021-01-04,Simulated (Max Sharpe Ratio),V,0.017127858202611503
3809,2021-01-04,Simulated (Max Sharpe Ratio),MA,0.006642153113067295
3810,2021-01-04,Simulated (Max Sharpe Ratio),MU,0.01965106375630333
3811,2021-01-04,Simulated (Max Sharpe Ratio),T,0.004703048124932613
3812,2021-01-04,Simulated (Max Sharpe Ratio),JPM,0.008139429606820493
3813,2021-01-04,Simulated (Max Sharpe Ratio),JNJ,0.009410748893120562
3814,2021-01-04,Simulated (Max Sharpe Ratio),INTC,0.010964384531431254
3815,2021-01-04,Simulated (Max Sharpe Ratio),GE,0.005954700743811275
3816,2021-01-04,Simulated (Max Sharpe Ratio),MS,0.006550884965188726
3817,2021-01-04,Simulated (Max Sharpe Ratio),RTX,0.02696754272831767
3818,2021-01-04,Simulated (Max Sharpe Ratio),TXN,0.019019382539562337
3819,2021-01-04,Simulated (Max Sharpe Ratio),IBM,0.020702336234160963
3820,2021-01-04,Simulated (Max Sharpe Ratio),SPGI,0.005493934742221154
3821,2021-01-04,Simulated (Max Sharpe Ratio),LMT,0.013098406104356808
3822,2021-01-04,Simulated (Max Sharpe Ratio),ADP,0.0078241334856853
3823,2021-01-04,Simulated (Max Sharpe Ratio),COF,0.002437799829467971
3824,2021-01-04,Simulated (Max Sharpe Ratio),WDC,0.011297366602128869
3825,2021-01-04,Simulated (Max Sharpe Ratio),ABT,0.0001696658899983292
3826,2021-01-04,Simulated (Max Sharpe Ratio),GILD,0.004639886079210984
3827,2021-01-04,Simulated (Max Sharpe Ratio),UNP,0.01555472990624765
3828,2021-01-04,Simulated (Max Sharpe Ratio),ADI,0.013583019352004837
3829,2021-01-04,Simulated (Max Sharpe Ratio),TMUS,0.061220420500477976
3830,2021-01-04,Simulated (Max Sharpe Ratio),MMM,0.021188906259126727
3831,2021-01-04,Simulated (Max Sharpe Ratio),ADBE,0.06624649791003347
3832,2021-01-04,Simulated (Max Sharpe Ratio),AXP,0.012589556148854179
3833,2021-01-04,Simulated (Max Sharpe Ratio),BA,0.018575406727194686
3834,2021-01-04,Simulated (Max Sharpe Ratio),CVX,0.0014315697547454928
3835,2021-01-04,Simulated (Max Sharpe Ratio),CSCO,0.01822156185673265
3836,2021-01-04,Simulated (Max Sharpe Ratio),DD,0.007652643983171819
3837,2021-01-04,Simulated (Max Sharpe Ratio),XOM,0.004627031940463677
3838,2021-01-04,Simulated (Max Sharpe Ratio),FDX,0.02830699809247158
3839,2021-01-04,Simulated (Max Sharpe Ratio),GS,0.0024308825985037384
3840,2021-01-04,Simulated (Max Sharpe Ratio),GM,0.014444380718044953
3841,2021-01-04,Simulated (Max Sharpe Ratio),HAS,0.01288168199283033
3842,2021-01-04,Simulated (Max Sharpe Ratio),JBL,0.0012819466155947893
3843,2021-01-04,Simulated (Max Sharpe Ratio),KMB,0.03213384056385998
3844,2021-01-04,Simulated (Max Sharpe Ratio),KLAC,0.0022882373851785065
3845,2021-01-04,Simulated (Max Sharpe Ratio),LOW,0.0013800735935563131
3846,2021-01-04,Simulated (Max Sharpe Ratio),MKC,0.07730756318142158
3847,2021-01-04,Simulated (Max Sharpe Ratio),NEM,0.01249260376031643
3848,2021-01-04,Simulated (Max Sharpe Ratio),OLN,0.0013987964726489637
3849,2021-01-04,Simulated (Max Sharpe Ratio),PH,0.0071931632949768015
3850,2021-01-04,Equal-Weight,PPG,0.02
3851,2021-01-04,Equal-Weight,DELL,0.02
3852,2021-01-04,Equal-Weight,QCOM,0.02
3853,2021-01-04,Equal-Weight,AMAT,0.02
3854,2021-01-04,Equal-Weight,MRK,0.02
3855,2021-01-04,Equal-Weight,AME,0.02
3856,2021-01-04,Equal-Weight,PG,0.02
3857,2021-01-04,Equal-Weight,CL,0.02
3858,2021-01-04,Equal-Weight,V,0.02
3859,2021-01-04,Equal-Weight,MA,0.02
3860,2021-01-04,Equal-Weight,MU,0.02
3861,2021-01-04,Equal-Weight,T,0.02
3862,2021-01-04,Equal-Weight,JPM,0.02
3863,2021-01-04,Equal-Weight,JNJ,0.02
3864,2021-01-04,Equal-Weight,INTC,0.02
3865,2021-01-04,Equal-Weight,GE,0.02
3866,2021-01-04,Equal-Weight,MS,0.02
3867,2021-01-04,Equal-Weight,RTX,0.02
3868,2021-01-04,Equal-Weight,TXN,0.02
3869,2021-01-04,Equal-Weight,IBM,0.02
3870,2021-01-04,Equal-Weight,SPGI,0.02
3871,2021-01-04,Equal-Weight,LMT,0.02
3872,2021-01-04,Equal-Weight,ADP,0.02
3873,2021-01-04,Equal-Weight,COF,0.02
3874,2021-01-04,Equal-Weight,WDC,0.02
3875,2021-01-04,Equal-Weight,ABT,0.02
3876,2021-01-04,Equal-Weight,GILD,0.02
3877,2021-01-04,Equal-Weight,UNP,0.02
3878,2021-01-04,Equal-Weight,ADI,0.02
3879,2021-01-04,Equal-Weight,TMUS,0.02
3880,2021-01-04,Equal-Weight,MMM,0.02
3881,2021-01-04,Equal-Weight,ADBE,0.02
3882,2021-01-04,Equal-Weight,AXP,0.02
3883,2021-01-04,Equal-Weight,BA,0.02
3884,2021-01-04,Equal-Weight,CVX,0.02
3885,2021-01-04,Equal-Weight,CSCO,0.02
3886,2021-01-04,Equal-Weight,DD,0.02
3887,2021-01-04,Equal-Weight,XOM,0.02
3888,2021-01-04,Equal-Weight,FDX,0.02
3889,2021-01-04,Equal-Weight,GS,0.02
3890,2021-01-04,Equal-Weight,GM,0.02
3891,2021-01-04,Equal-Weight,HAS,0.02
3892,2021-01-04,Equal-Weight,JBL,0.02
3893,2021-01-04,Equal-Weight,KMB,0.02
3894,2021-01-04,Equal-Weight,KLAC,0.02
3895,2021-01-04,Equal-Weight,LOW,0.02
3896,2021-01-04,Equal-Weight,MKC,0.02
3897,2021-01-04,Equal-Weight,NEM,0.02
3898,2021-01-04,Equal-Weight,OLN,0.02
3899,2021-01-04,Equal-Weight,PH,0.02
3900,2021-01-04,Markowitz,PPG,0.0
3901,2021-01-04,Markowitz,DELL,0.0
3902,2021-01-04,Markowitz,QCOM,0.24481
3903,2021-01-04,Markowitz,AMAT,0.0
3904,2021-01-04,Markowitz,MRK,0.0
3905,2021-01-04,Markowitz,AME,0.0
3906,2021-01-04,Markowitz,PG,0.0
3907,2021-01-04,Markowitz,CL,0.0
3908,2021-01-04,Markowitz,V,0.0
3909,2021-01-04,Markowitz,MA,0.0
3910,2021-01-04,Markowitz,MU,0.0
3911,2021-01-04,Markowitz,T,0.0
3912,2021-01-04,Markowitz,JPM,0.0
3913,2021-01-04,Markowitz,JNJ,0.0
3914,2021-01-04,Markowitz,INTC,0.0
3915,2021-01-04,Markowitz,GE,0.0
3916,2021-01-04,Markowitz,MS,0.0
3917,2021-01-04,Markowitz,RTX,0.0
3918,2021-01-04,Markowitz,TXN,0.0
3919,2021-01-04,Markowitz,IBM,0.0
3920,2021-01-04,Markowitz,SPGI,0.0
3921,2021-01-04,Markowitz,LMT,0.0
3922,2021-01-04,Markowitz,ADP,0.0
3923,2021-01-04,Markowitz,COF,0.0
3924,2021-01-04,Markowitz,WDC,0.0
3925,2021-01-04,Markowitz,ABT,0.0
3926,2021-01-04,Markowitz,GILD,0.0
3927,2021-01-04,Markowitz,UNP,0.0
3928,2021-01-04,Markowitz,ADI,0.0
3929,2021-01-04,Markowitz,TMUS,0.3
3930,2021-01-04,Markowitz,MMM,0.0
3931,2021-01-04,Markowitz,ADBE,0.0
3932,2021-01-04,Markowitz,AXP,0.0
3933,2021-01-04,Markowitz,BA,0.0
3934,2021-01-04,Markowitz,CVX,0.0
3935,2021-01-04,Markowitz,CSCO,0.0
3936,2021-01-04,Markowitz,DD,0.0
3937,2021-01-04,Markowitz,XOM,0.0
3938,2021-01-04,Markowitz,FDX,0.21489
3939,2021-01-04,Markowitz,GS,0.0
3940,2021-01-04,Markowitz,GM,0.0
3941,2021-01-04,Markowitz,HAS,0.0
3942,2021-01-04,Markowitz,JBL,0.0
3943,2021-01-04,Markowitz,KMB,0.0
3944,2021-01-04,Markowitz,KLAC,0.0
3945,2021-01-04,Markowitz,LOW,0.0
3946,2021-01-04,Markowitz,MKC,0.0
3947,2021-01-04,Markowitz,NEM,0.24029
3948,2021-01-04,Markowitz,OLN,0.0
3949,2021-01-04,Markowitz,PH,0.0
3950,2021-01-04,Black-Litterman,PPG,0.0
3951,2021-01-04,Black-Litterman,DELL,0.0
3952,2021-01-04,Black-Litterman,QCOM,0.0
3953,2021-01-04,Black-Litterman,AMAT,0.06193
3954,2021-01-04,Black-Litterman,MRK,0.0
3955,2021-01-04,Black-Litterman,AME,0.0
3956,2021-01-04,Black-Litterman,PG,0.0
3957,2021-01-04,Black-Litterman,CL,0.0
3958,2021-01-04,Black-Litterman,V,0.18497
3959,2021-01-04,Black-Litterman,MA,0.0795
3960,2021-01-04,Black-Litterman,MU,0.23651
3961,2021-01-04,Black-Litterman,T,0.0
3962,2021-01-04,Black-Litterman,JPM,0.0
3963,2021-01-04,Black-Litterman,JNJ,0.0
3964,2021-01-04,Black-Litterman,INTC,0.0
3965,2021-01-04,Black-Litterman,GE,0.01732
3966,2021-01-04,Black-Litterman,MS,0.0
3967,2021-01-04,Black-Litterman,RTX,0.0
3968,2021-01-04,Black-Litterman,TXN,0.0
3969,2021-01-04,Black-Litterman,IBM,0.0
3970,2021-01-04,Black-Litterman,SPGI,0.07845
3971,2021-01-04,Black-Litterman,LMT,0.0
3972,2021-01-04,Black-Litterman,ADP,0.0
3973,2021-01-04,Black-Litterman,COF,0.0
3974,2021-01-04,Black-Litterman,WDC,0.0075
3975,2021-01-04,Black-Litterman,ABT,0.0
3976,2021-01-04,Black-Litterman,GILD,0.01406
3977,2021-01-04,Black-Litterman,UNP,0.0
3978,2021-01-04,Black-Litterman,ADI,0.0
3979,2021-01-04,Black-Litterman,TMUS,0.0
3980,2021-01-04,Black-Litterman,MMM,0.0
3981,2021-01-04,Black-Litterman,ADBE,0.16412
3982,2021-01-04,Black-Litterman,AXP,0.0
3983,2021-01-04,Black-Litterman,BA,0.0
3984,2021-01-04,Black-Litterman,CVX,0.0
3985,2021-01-04,Black-Litterman,CSCO,0.0
3986,2021-01-04,Black-Litterman,DD,0.0
3987,2021-01-04,Black-Litterman,XOM,0.0
3988,2021-01-04,Black-Litterman,FDX,0.0
3989,2021-01-04,Black-Litterman,GS,0.0
3990,2021-01-04,Black-Litterman,GM,0.0
3991,2021-01-04,Black-Litterman,HAS,0.0
3992,2021-01-04,Black-Litterman,JBL,0.0
3993,2021-01-04,Black-Litterman,KMB,0.0
3994,2021-01-04,Black-Litterman,KLAC,0.13121
3995,2021-01-04,Black-Litterman,LOW,0.0
3996,2021-01-04,Black-Litterman,MKC,0.0
3997,2021-01-04,Black-Litterman,NEM,0.02443
3998,2021-01-04,Black-Litterman,OLN,0.0
3999,2021-01-04,Black-Litterman,PH,0.0
4000,2021-01-04,Risk-Parity,PPG,0.02017881606889119
4001,2021-01-04,Risk-Parity,DELL,0.01871038279062112
4002,2021-01-04,Risk-Parity,QCOM,0.018164822775662268
4003,2021-01-04,Risk-Parity,AMAT,0.01415811423743422
4004,2021-01-04,Risk-Parity,MRK,0.02972579869192517
4005,2021-01-04,Risk-Parity,AME,0.01702835541688215
4006,2021-01-04,Risk-Parity,PG,0.029718147278449562
4007,2021-01-04,Risk-Parity,CL,0.031033585189197643
4008,2021-01-04,Risk-Parity,V,0.018323866827722968
4009,2021-01-04,Risk-Parity,MA,0.016777158213224008
4010,2021-01-04,Risk-Parity,MU,0.0152466749383002
4011,2021-01-04,Risk-Parity,T,0.02376657582239249
4012,2021-01-04,Risk-Parity,JPM,0.015257687353907758
4013,2021-01-04,Risk-Parity,JNJ,0.0305359451021931
4014,2021-01-04,Risk-Parity,INTC,0.017702506561335343
4015,2021-01-04,Risk-Parity,GE,0.015206520054264313
4016,2021-01-04,Risk-Parity,MS,0.01386498188069438
4017,2021-01-04,Risk-Parity,RTX,0.015628447045313295
4018,2021-01-04,Risk-Parity,TXN,0.019085431426438697
4019,2021-01-04,Risk-Parity,IBM,0.019742826349294664
4020,2021-01-04,Risk-Parity,SPGI,0.018703869246511563
4021,2021-01-04,Risk-Parity,LMT,0.023214688837866027
4022,2021-01-04,Risk-Parity,ADP,0.01817969331765813
4023,2021-01-04,Risk-Parity,COF,0.011985820500012484
4024,2021-01-04,Risk-Parity,WDC,0.013354655159802553
4025,2021-01-04,Risk-Parity,ABT,0.024743532367729765
4026,2021-01-04,Risk-Parity,GILD,0.04103564611214364
4027,2021-01-04,Risk-Parity,UNP,0.01950810305665834
4028,2021-01-04,Risk-Parity,ADI,0.017014334179329887
4029,2021-01-04,Risk-Parity,TMUS,0.025091969017917132
4030,2021-01-04,Risk-Parity,MMM,0.02364188255207592
4031,2021-01-04,Risk-Parity,ADBE,0.02092072020536636
4032,2021-01-04,Risk-Parity,AXP,0.013210988643380361
4033,2021-01-04,Risk-Parity,BA,0.011264530515160924
4034,2021-01-04,Risk-Parity,CVX,0.014130482662899289
4035,2021-01-04,Risk-Parity,CSCO,0.020685452758550188
4036,2021-01-04,Risk-Parity,DD,0.016657600224927297
4037,2021-01-04,Risk-Parity,XOM,0.017295271572578097
4038,2021-01-04,Risk-Parity,FDX,0.01850184688276323
4039,2021-01-04,Risk-Parity,GS,0.015631955588340022
4040,2021-01-04,Risk-Parity,GM,0.015238099776790057
4041,2021-01-04,Risk-Parity,HAS,0.018496776305339302
4042,2021-01-04,Risk-Parity,JBL,0.014519584629494455
4043,2021-01-04,Risk-Parity,KMB,0.035494460054448854
4044,2021-01-04,Risk-Parity,KLAC,0.014268526805529395
4045,2021-01-04,Risk-Parity,LOW,0.017396866897965286
4046,2021-01-04,Risk-Parity,MKC,0.02843562326029565
4047,2021-01-04,Risk-Parity,NEM,0.04459654478950123
4048,2021-01-04,Risk-Parity,OLN,0.013375437911477966
4049,2021-01-04,Risk-Parity,PH,0.013548392143341961
4050,2022-01-03,Simulated (Max Sharpe Ratio),PPG,0.0014381178037526944
4051,2022-01-03,Simulated (Max Sharpe Ratio),DELL,0.05607562491313971
4052,2022-01-03,Simulated (Max Sharpe Ratio),QCOM,0.010960700496979194
4053,2022-01-03,Simulated (Max Sharpe Ratio),AMAT,0.03268843336533227
4054,2022-01-03,Simulated (Max Sharpe Ratio),MRK,0.020365392998097736
4055,2022-01-03,Simulated (Max Sharpe Ratio),AME,0.010900703493494028
4056,2022-01-03,Simulated (Max Sharpe Ratio),PG,0.024112154391631353
4057,2022-01-03,Simulated (Max Sharpe Ratio),CL,0.012615455058617088
4058,2022-01-03,Simulated (Max Sharpe Ratio),V,0.0027477447397795188
4059,2022-01-03,Simulated (Max Sharpe Ratio),MA,0.011334080388698663
4060,2022-01-03,Simulated (Max Sharpe Ratio),MU,0.01596579161598364
4061,2022-01-03,Simulated (Max Sharpe Ratio),T,0.004544194652370676
4062,2022-01-03,Simulated (Max Sharpe Ratio),JPM,0.040542709993280523
4063,2022-01-03,Simulated (Max Sharpe Ratio),JNJ,0.06902899267825907
4064,2022-01-03,Simulated (Max Sharpe Ratio),INTC,0.004943179204498811
4065,2022-01-03,Simulated (Max Sharpe Ratio),GE,0.0011731985198768628
4066,2022-01-03,Simulated (Max Sharpe Ratio),MS,0.011706884850251138
4067,2022-01-03,Simulated (Max Sharpe Ratio),RTX,0.026293102832573207
4068,2022-01-03,Simulated (Max Sharpe Ratio),TXN,0.005648786291427062
4069,2022-01-03,Simulated (Max Sharpe Ratio),IBM,0.025133100644396472
4070,2022-01-03,Simulated (Max Sharpe Ratio),SPGI,0.049959709607781136
4071,2022-01-03,Simulated (Max Sharpe Ratio),LMT,0.02759306084151991
4072,2022-01-03,Simulated (Max Sharpe Ratio),ADP,0.007760615901401774
4073,2022-01-03,Simulated (Max Sharpe Ratio),COF,0.0051864034022529
4074,2022-01-03,Simulated (Max Sharpe Ratio),WDC,0.012468000157424329
4075,2022-01-03,Simulated (Max Sharpe Ratio),ABT,0.08995359541735211
4076,2022-01-03,Simulated (Max Sharpe Ratio),GILD,0.006877741361299635
4077,2022-01-03,Simulated (Max Sharpe Ratio),UNP,0.004046591685998124
4078,2022-01-03,Simulated (Max Sharpe Ratio),ADI,0.014795224267787465
4079,2022-01-03,Simulated (Max Sharpe Ratio),TMUS,0.0149227130762913
4080,2022-01-03,Simulated (Max Sharpe Ratio),MMM,0.005791110697157966
4081,2022-01-03,Simulated (Max Sharpe Ratio),ADBE,0.008303820549501384
4082,2022-01-03,Simulated (Max Sharpe Ratio),AXP,0.0015356909374705542
4083,2022-01-03,Simulated (Max Sharpe Ratio),BA,0.020238085694779546
4084,2022-01-03,Simulated (Max Sharpe Ratio),CVX,0.007206099124637981
4085,2022-01-03,Simulated (Max Sharpe Ratio),CSCO,0.028937375983441847
4086,2022-01-03,Simulated (Max Sharpe Ratio),DD,0.010064431069102769
4087,2022-01-03,Simulated (Max Sharpe Ratio),XOM,0.042709331598141755
4088,2022-01-03,Simulated (Max Sharpe Ratio),FDX,0.002918423511615636
4089,2022-01-03,Simulated (Max Sharpe Ratio),GS,0.0005712399803587346
4090,2022-01-03,Simulated (Max Sharpe Ratio),GM,0.0014984395300738612
4091,2022-01-03,Simulated (Max Sharpe Ratio),HAS,0.001766826749403556
4092,2022-01-03,Simulated (Max Sharpe Ratio),JBL,0.028095588967307572
4093,2022-01-03,Simulated (Max Sharpe Ratio),KMB,0.01159108144548384
4094,2022-01-03,Simulated (Max Sharpe Ratio),KLAC,0.011487010636397338
4095,2022-01-03,Simulated (Max Sharpe Ratio),LOW,0.08531113377996608
4096,2022-01-03,Simulated (Max Sharpe Ratio),MKC,0.009194370994981101
4097,2022-01-03,Simulated (Max Sharpe Ratio),NEM,0.01480727448522254
4098,2022-01-03,Simulated (Max Sharpe Ratio),OLN,0.07471685066704992
4099,2022-01-03,Simulated (Max Sharpe Ratio),PH,0.01147380894635762
4100,2022-01-03,Equal-Weight,PPG,0.02
4101,2022-01-03,Equal-Weight,DELL,0.02
4102,2022-01-03,Equal-Weight,QCOM,0.02
4103,2022-01-03,Equal-Weight,AMAT,0.02
4104,2022-01-03,Equal-Weight,MRK,0.02
4105,2022-01-03,Equal-Weight,AME,0.02
4106,2022-01-03,Equal-Weight,PG,0.02
4107,2022-01-03,Equal-Weight,CL,0.02
4108,2022-01-03,Equal-Weight,V,0.02
4109,2022-01-03,Equal-Weight,MA,0.02
4110,2022-01-03,Equal-Weight,MU,0.02
4111,2022-01-03,Equal-Weight,T,0.02
4112,2022-01-03,Equal-Weight,JPM,0.02
4113,2022-01-03,Equal-Weight,JNJ,0.02
4114,2022-01-03,Equal-Weight,INTC,0.02
4115,2022-01-03,Equal-Weight,GE,0.02
4116,2022-01-03,Equal-Weight,MS,0.02
4117,2022-01-03,Equal-Weight,RTX,0.02
4118,2022-01-03,Equal-Weight,TXN,0.02
4119,2022-01-03,Equal-Weight,IBM,0.02
4120,2022-01-03,Equal-Weight,SPGI,0.02
4121,2022-01-03,Equal-Weight,LMT,0.02
4122,2022-01-03,Equal-Weight,ADP,0.02
4123,2022-01-03,Equal-Weight,COF,0.02
4124,2022-01-03,Equal-Weight,WDC,0.02
4125,2022-01-03,Equal-Weight,ABT,0.02
4126,2022-01-03,Equal-Weight,GILD,0.02
4127,2022-01-03,Equal-Weight,UNP,0.02
4128,2022-01-03,Equal-Weight,ADI,0.02
4129,2022-01-03,Equal-Weight,TMUS,0.02
4130,2022-01-03,Equal-Weight,MMM,0.02
4131,2022-01-03,Equal-Weight,ADBE,0.02
4132,2022-01-03,Equal-Weight,AXP,0.02
4133,2022-01-03,Equal-Weight,BA,0.02
4134,2022-01-03,Equal-Weight,CVX,0.02
4135,2022-01-03,Equal-Weight,CSCO,0.02
4136,2022-01-03,Equal-Weight,DD,0.02
4137,2022-01-03,Equal-Weight,XOM,0.02
4138,2022-01-03,Equal-Weight,FDX,0.02
4139,2022-01-03,Equal-Weight,GS,0.02
4140,2022-01-03,Equal-Weight,GM,0.02
4141,2022-01-03,Equal-Weight,HAS,0.02
4142,2022-01-03,Equal-Weight,JBL,0.02
4143,2022-01-03,Equal-Weight,KMB,0.02
4144,2022-01-03,Equal-Weight,KLAC,0.02
4145,2022-01-03,Equal-Weight,LOW,0.02
4146,2022-01-03,Equal-Weight,MKC,0.02
4147,2022-01-03,Equal-Weight,NEM,0.02
4148,2022-01-03,Equal-Weight,OLN,0.02
4149,2022-01-03,Equal-Weight,PH,0.02
4150,2022-01-03,Markowitz,PPG,0.0
4151,2022-01-03,Markowitz,DELL,0.0
4152,2022-01-03,Markowitz,QCOM,0.0
4153,2022-01-03,Markowitz,AMAT,0.0
4154,2022-01-03,Markowitz,MRK,0.0
4155,2022-01-03,Markowitz,AME,0.0
4156,2022-01-03,Markowitz,PG,0.0
4157,2022-01-03,Markowitz,CL,0.0
4158,2022-01-03,Markowitz,V,0.0
4159,2022-01-03,Markowitz,MA,0.0
4160,2022-01-03,Markowitz,MU,0.0
4161,2022-01-03,Markowitz,T,0.0
4162,2022-01-03,Markowitz,JPM,0.0
4163,2022-01-03,Markowitz,JNJ,0.0
4164,2022-01-03,Markowitz,INTC,0.0
4165,2022-01-03,Markowitz,GE,0.0
4166,2022-01-03,Markowitz,MS,0.0
4167,2022-01-03,Markowitz,RTX,0.0
4168,2022-01-03,Markowitz,TXN,0.0
4169,2022-01-03,Markowitz,IBM,0.0
4170,2022-01-03,Markowitz,SPGI,0.06877
4171,2022-01-03,Markowitz,LMT,0.0
4172,2022-01-03,Markowitz,ADP,0.07986
4173,2022-01-03,Markowitz,COF,0.0
4174,2022-01-03,Markowitz,WDC,0.0
4175,2022-01-03,Markowitz,ABT,0.10257
4176,2022-01-03,Markowitz,GILD,0.11037
4177,2022-01-03,Markowitz,UNP,0.0
4178,2022-01-03,Markowitz,ADI,0.0
4179,2022-01-03,Markowitz,TMUS,0.0
4180,2022-01-03,Markowitz,MMM,0.0
4181,2022-01-03,Markowitz,ADBE,0.0
4182,2022-01-03,Markowitz,AXP,0.0
4183,2022-01-03,Markowitz,BA,0.0
4184,2022-01-03,Markowitz,CVX,0.0
4185,2022-01-03,Markowitz,CSCO,0.11972
4186,2022-01-03,Markowitz,DD,0.0
4187,2022-01-03,Markowitz,XOM,0.06392
4188,2022-01-03,Markowitz,FDX,0.0
4189,2022-01-03,Markowitz,GS,0.0
4190,2022-01-03,Markowitz,GM,0.0
4191,2022-01-03,Markowitz,HAS,0.0
4192,2022-01-03,Markowitz,JBL,0.0
4193,2022-01-03,Markowitz,KMB,0.01573
4194,2022-01-03,Markowitz,KLAC,0.0
4195,2022-01-03,Markowitz,LOW,0.24857
4196,2022-01-03,Markowitz,MKC,0.0
4197,2022-01-03,Markowitz,NEM,0.0
4198,2022-01-03,Markowitz,OLN,0.1905
4199,2022-01-03,Markowitz,PH,0.0
4200,2022-01-03,Black-Litterman,PPG,0.0
4201,2022-01-03,Black-Litterman,DELL,0.02064
4202,2022-01-03,Black-Litterman,QCOM,0.0251
4203,2022-01-03,Black-Litterman,AMAT,0.0
4204,2022-01-03,Black-Litterman,MRK,0.04218
4205,2022-01-03,Black-Litterman,AME,0.02508
4206,2022-01-03,Black-Litterman,PG,0.0
4207,2022-01-03,Black-Litterman,CL,0.0
4208,2022-01-03,Black-Litterman,V,0.12075
4209,2022-01-03,Black-Litterman,MA,0.02512
4210,2022-01-03,Black-Litterman,MU,0.04167
4211,2022-01-03,Black-Litterman,T,0.0
4212,2022-01-03,Black-Litterman,JPM,0.12039
4213,2022-01-03,Black-Litterman,JNJ,0.02439
4214,2022-01-03,Black-Litterman,INTC,0.02153
4215,2022-01-03,Black-Litterman,GE,0.02856
4216,2022-01-03,Black-Litterman,MS,0.0
4217,2022-01-03,Black-Litterman,RTX,0.0
4218,2022-01-03,Black-Litterman,TXN,0.0
4219,2022-01-03,Black-Litterman,IBM,0.01038
4220,2022-01-03,Black-Litterman,SPGI,0.05045
4221,2022-01-03,Black-Litterman,LMT,0.04913
4222,2022-01-03,Black-Litterman,ADP,0.0
4223,2022-01-03,Black-Litterman,COF,0.0
4224,2022-01-03,Black-Litterman,WDC,0.0088
4225,2022-01-03,Black-Litterman,ABT,0.02681
4226,2022-01-03,Black-Litterman,GILD,0.05286
4227,2022-01-03,Black-Litterman,UNP,0.0
4228,2022-01-03,Black-Litterman,ADI,0.0
4229,2022-01-03,Black-Litterman,TMUS,0.01352
4230,2022-01-03,Black-Litterman,MMM,0.0
4231,2022-01-03,Black-Litterman,ADBE,0.07203
4232,2022-01-03,Black-Litterman,AXP,0.0
4233,2022-01-03,Black-Litterman,BA,0.0
4234,2022-01-03,Black-Litterman,CVX,0.0
4235,2022-01-03,Black-Litterman,CSCO,0.0
4236,2022-01-03,Black-Litterman,DD,0.0
4237,2022-01-03,Black-Litterman,XOM,0.0099
4238,2022-01-03,Black-Litterman,FDX,0.0
4239,2022-01-03,Black-Litterman,GS,0.0
4240,2022-01-03,Black-Litterman,GM,0.0
4241,2022-01-03,Black-Litterman,HAS,0.0
4242,2022-01-03,Black-Litterman,JBL,0.0
4243,2022-01-03,Black-Litterman,KMB,0.04848
4244,2022-01-03,Black-Litterman,KLAC,0.0
4245,2022-01-03,Black-Litterman,LOW,0.00929
4246,2022-01-03,Black-Litterman,MKC,0.11617
4247,2022-01-03,Black-Litterman,NEM,0.01323
4248,2022-01-03,Black-Litterman,OLN,0.0
4249,2022-01-03,Black-Litterman,PH,0.02354
4250,2022-01-03,Risk-Parity,PPG,0.01675375807344466
4251,2022-01-03,Risk-Parity,DELL,0.016111443578391855
4252,2022-01-03,Risk-Parity,QCOM,0.014630220127279306
4253,2022-01-03,Risk-Parity,AMAT,0.009561583212722264
4254,2022-01-03,Risk-Parity,MRK,0.039256148812020566
4255,2022-01-03,Risk-Parity,AME,0.015868959114067407
4256,2022-01-03,Risk-Parity,PG,0.03279527131186934
4257,2022-01-03,Risk-Parity,CL,0.038486051053342706
4258,2022-01-03,Risk-Parity,V,0.016977450199879868
4259,2022-01-03,Risk-Parity,MA,0.013885907183951364
4260,2022-01-03,Risk-Parity,MU,0.011432838048936484
4261,2022-01-03,Risk-Parity,T,0.028010058517341032
4262,2022-01-03,Risk-Parity,JPM,0.017062809815131762
4263,2022-01-03,Risk-Parity,JNJ,0.032309045997426386
4264,2022-01-03,Risk-Parity,INTC,0.014228590383358308
4265,2022-01-03,Risk-Parity,GE,0.013353372912292888
4266,2022-01-03,Risk-Parity,MS,0.01423466914946101
4267,2022-01-03,Risk-Parity,RTX,0.015101333725244623
4268,2022-01-03,Risk-Parity,TXN,0.013692439223212135
4269,2022-01-03,Risk-Parity,IBM,0.02135451721130582
4270,2022-01-03,Risk-Parity,SPGI,0.020288877659893352
4271,2022-01-03,Risk-Parity,LMT,0.029929201785161622
4272,2022-01-03,Risk-Parity,ADP,0.01961305953249584
4273,2022-01-03,Risk-Parity,COF,0.012614302586928224
4274,2022-01-03,Risk-Parity,WDC,0.010679118258655208
4275,2022-01-03,Risk-Parity,ABT,0.03459943683003617
4276,2022-01-03,Risk-Parity,GILD,0.03248658142076439
4277,2022-01-03,Risk-Parity,UNP,0.017235171561188967
4278,2022-01-03,Risk-Parity,ADI,0.014926515364864524
4279,2022-01-03,Risk-Parity,TMUS,0.01970995481714345
4280,2022-01-03,Risk-Parity,MMM,0.024217801876984055
4281,2022-01-03,Risk-Parity,ADBE,0.022313795523109796
4282,2022-01-03,Risk-Parity,AXP,0.013272059032930734
4283,2022-01-03,Risk-Parity,BA,0.012385493081039936
4284,2022-01-03,Risk-Parity,CVX,0.015728116930248483
4285,2022-01-03,Risk-Parity,CSCO,0.01913083792438052
4286,2022-01-03,Risk-Parity,DD,0.0132199872249577
4287,2022-01-03,Risk-Parity,XOM,0.014508356075024952
4288,2022-01-03,Risk-Parity,FDX,0.017637753162635245
4289,2022-01-03,Risk-Parity,GS,0.015796525686693368
4290,2022-01-03,Risk-Parity,GM,0.011626182421600122
4291,2022-01-03,Risk-Parity,HAS,0.02564915764611262
4292,2022-01-03,Risk-Parity,JBL,0.011900766323072604
4293,2022-01-03,Risk-Parity,KMB,0.05621898914011199
4294,2022-01-03,Risk-Parity,KLAC,0.010945122004137772
4295,2022-01-03,Risk-Parity,LOW,0.02095893426269333
4296,2022-01-03,Risk-Parity,MKC,0.041347660937706664
4297,2022-01-03,Risk-Parity,NEM,0.02506253169074048
4298,2022-01-03,Risk-Parity,OLN,0.00811040248117889
4299,2022-01-03,Risk-Parity,PH,0.012780839106829265
4300,2023-01-03,Simulated (Max Sharpe Ratio),PPG,0.0034805340564138462
4301,2023-01-03,Simulated (Max Sharpe Ratio),DELL,0.004935283829482953
4302,2023-01-03,Simulated (Max Sharpe Ratio),QCOM,0.03442394261752493
4303,2023-01-03,Simulated (Max Sharpe Ratio),AMAT,0.014011055468804405
4304,2023-01-03,Simulated (Max Sharpe Ratio),MRK,0.012632456850256803
4305,2023-01-03,Simulated (Max Sharpe Ratio),AME,0.012777972891566434
4306,2023-01-03,Simulated (Max Sharpe Ratio),PG,0.005777918956046409
4307,2023-01-03,Simulated (Max Sharpe Ratio),CL,0.0014329359056224143
4308,2023-01-03,Simulated (Max Sharpe Ratio),V,0.0012822494650973147
4309,2023-01-03,Simulated (Max Sharpe Ratio),MA,0.013985128749935197
4310,2023-01-03,Simulated (Max Sharpe Ratio),MU,0.001597838144822734
4311,2023-01-03,Simulated (Max Sharpe Ratio),T,0.028969653221271614
4312,2023-01-03,Simulated (Max Sharpe Ratio),JPM,0.008160994121785682
4313,2023-01-03,Simulated (Max Sharpe Ratio),JNJ,0.014977675447125425
4314,2023-01-03,Simulated (Max Sharpe Ratio),INTC,0.01021891804666338
4315,2023-01-03,Simulated (Max Sharpe Ratio),GE,0.020559531794551722
4316,2023-01-03,Simulated (Max Sharpe Ratio),MS,0.048967829569760084
4317,2023-01-03,Simulated (Max Sharpe Ratio),RTX,0.04219157011374173
4318,2023-01-03,Simulated (Max Sharpe Ratio),TXN,0.0052694250515832606
4319,2023-01-03,Simulated (Max Sharpe Ratio),IBM,0.01508886964074603
4320,2023-01-03,Simulated (Max Sharpe Ratio),SPGI,0.006725296587701831
4321,2023-01-03,Simulated (Max Sharpe Ratio),LMT,0.10821623286889276
4322,2023-01-03,Simulated (Max Sharpe Ratio),ADP,0.02060517421700814
4323,2023-01-03,Simulated (Max Sharpe Ratio),COF,0.008794735405679165
4324,2023-01-03,Simulated (Max Sharpe Ratio),WDC,0.004279665187640467
4325,2023-01-03,Simulated (Max Sharpe Ratio),ABT,0.03674576697653004
4326,2023-01-03,Simulated (Max Sharpe Ratio),GILD,0.002861211273145791
4327,2023-01-03,Simulated (Max Sharpe Ratio),UNP,0.003390230955223933
4328,2023-01-03,Simulated (Max Sharpe Ratio),ADI,0.019496417155373886
4329,2023-01-03,Simulated (Max Sharpe Ratio),TMUS,0.05263079394725136
4330,2023-01-03,Simulated (Max Sharpe Ratio),MMM,0.012273225328930671
4331,2023-01-03,Simulated (Max Sharpe Ratio),ADBE,0.0062973085498176816
4332,2023-01-03,Simulated (Max Sharpe Ratio),AXP,0.019863274877495667
4333,2023-01-03,Simulated (Max Sharpe Ratio),BA,0.014160830627134236
4334,2023-01-03,Simulated (Max Sharpe Ratio),CVX,0.010252174464741361
4335,2023-01-03,Simulated (Max Sharpe Ratio),CSCO,0.0565694995844512
4336,2023-01-03,Simulated (Max Sharpe Ratio),DD,0.038409868955496015
4337,2023-01-03,Simulated (Max Sharpe Ratio),XOM,0.15068998288150234
4338,2023-01-03,Simulated (Max Sharpe Ratio),FDX,0.00961583545507467
4339,2023-01-03,Simulated (Max Sharpe Ratio),GS,0.0015146765353274319
4340,2023-01-03,Simulated (Max Sharpe Ratio),GM,0.0020889648970189158
4341,2023-01-03,Simulated (Max Sharpe Ratio),HAS,0.011043766892207298
4342,2023-01-03,Simulated (Max Sharpe Ratio),JBL,0.03670429027945128
4343,2023-01-03,Simulated (Max Sharpe Ratio),KMB,0.0023978443651103895
4344,2023-01-03,Simulated (Max Sharpe Ratio),KLAC,0.0073089839518300885
4345,2023-01-03,Simulated (Max Sharpe Ratio),LOW,0.00010768780784770639
4346,2023-01-03,Simulated (Max Sharpe Ratio),MKC,0.026802517275537747
4347,2023-01-03,Simulated (Max Sharpe Ratio),NEM,0.006379037799654055
4348,2023-01-03,Simulated (Max Sharpe Ratio),OLN,0.012370969757895223
4349,2023-01-03,Simulated (Max Sharpe Ratio),PH,0.010661951196226246
4350,2023-01-03,Equal-Weight,PPG,0.02
4351,2023-01-03,Equal-Weight,DELL,0.02
4352,2023-01-03,Equal-Weight,QCOM,0.02
4353,2023-01-03,Equal-Weight,AMAT,0.02
4354,2023-01-03,Equal-Weight,MRK,0.02
4355,2023-01-03,Equal-Weight,AME,0.02
4356,2023-01-03,Equal-Weight,PG,0.02
4357,2023-01-03,Equal-Weight,CL,0.02
4358,2023-01-03,Equal-Weight,V,0.02
4359,2023-01-03,Equal-Weight,MA,0.02
4360,2023-01-03,Equal-Weight,MU,0.02
4361,2023-01-03,Equal-Weight,T,0.02
4362,2023-01-03,Equal-Weight,JPM,0.02
4363,2023-01-03,Equal-Weight,JNJ,0.02
4364,2023-01-03,Equal-Weight,INTC,0.02
4365,2023-01-03,Equal-Weight,GE,0.02
4366,2023-01-03,Equal-Weight,MS,0.02
4367,2023-01-03,Equal-Weight,RTX,0.02
4368,2023-01-03,Equal-Weight,TXN,0.02
4369,2023-01-03,Equal-Weight,IBM,0.02
4370,2023-01-03,Equal-Weight,SPGI,0.02
4371,2023-01-03,Equal-Weight,LMT,0.02
4372,2023-01-03,Equal-Weight,ADP,0.02
4373,2023-01-03,Equal-Weight,COF,0.02
4374,2023-01-03,Equal-Weight,WDC,0.02
4375,2023-01-03,Equal-Weight,ABT,0.02
4376,2023-01-03,Equal-Weight,GILD,0.02
4377,2023-01-03,Equal-Weight,UNP,0.02
4378,2023-01-03,Equal-Weight,ADI,0.02
4379,2023-01-03,Equal-Weight,TMUS,0.02
4380,2023-01-03,Equal-Weight,MMM,0.02
4381,2023-01-03,Equal-Weight,ADBE,0.02
4382,2023-01-03,Equal-Weight,AXP,0.02
4383,2023-01-03,Equal-Weight,BA,0.02
4384,2023-01-03,Equal-Weight,CVX,0.02
4385,2023-01-03,Equal-Weight,CSCO,0.02
4386,2023-01-03,Equal-Weight,DD,0.02
4387,2023-01-03,Equal-Weight,XOM,0.02
4388,2023-01-03,Equal-Weight,FDX,0.02
4389,2023-01-03,Equal-Weight,GS,0.02
4390,2023-01-03,Equal-Weight,GM,0.02
4391,2023-01-03,Equal-Weight,HAS,0.02
4392,2023-01-03,Equal-Weight,JBL,0.02
4393,2023-01-03,Equal-Weight,KMB,0.02
4394,2023-01-03,Equal-Weight,KLAC,0.02
4395,2023-01-03,Equal-Weight,LOW,0.02
4396,2023-01-03,Equal-Weight,MKC,0.02
4397,2023-01-03,Equal-Weight,NEM,0.02
4398,2023-01-03,Equal-Weight,OLN,0.02
4399,2023-01-03,Equal-Weight,PH,0.02
4400,2023-01-03,Markowitz,PPG,0.0
4401,2023-01-03,Markowitz,DELL,0.0
4402,2023-01-03,Markowitz,QCOM,0.0
4403,2023-01-03,Markowitz,AMAT,0.0
4404,2023-01-03,Markowitz,MRK,0.3
4405,2023-01-03,Markowitz,AME,0.0
4406,2023-01-03,Markowitz,PG,0.0
4407,2023-01-03,Markowitz,CL,0.0
4408,2023-01-03,Markowitz,V,0.0
4409,2023-01-03,Markowitz,MA,0.0
4410,2023-01-03,Markowitz,MU,0.0
4411,2023-01-03,Markowitz,T,0.0
4412,2023-01-03,Markowitz,JPM,0.0
4413,2023-01-03,Markowitz,JNJ,0.0
4414,2023-01-03,Markowitz,INTC,0.0
4415,2023-01-03,Markowitz,GE,0.0
4416,2023-01-03,Markowitz,MS,0.0
4417,2023-01-03,Markowitz,RTX,0.0
4418,2023-01-03,Markowitz,TXN,0.0
4419,2023-01-03,Markowitz,IBM,0.0
4420,2023-01-03,Markowitz,SPGI,0.0
4421,2023-01-03,Markowitz,LMT,0.26041
4422,2023-01-03,Markowitz,ADP,0.0
4423,2023-01-03,Markowitz,COF,0.0
4424,2023-01-03,Markowitz,WDC,0.0
4425,2023-01-03,Markowitz,ABT,0.0
4426,2023-01-03,Markowitz,GILD,0.11542
4427,2023-01-03,Markowitz,UNP,0.0
4428,2023-01-03,Markowitz,ADI,0.0
4429,2023-01-03,Markowitz,TMUS,0.0
4430,2023-01-03,Markowitz,MMM,0.0
4431,2023-01-03,Markowitz,ADBE,0.0
4432,2023-01-03,Markowitz,AXP,0.0
4433,2023-01-03,Markowitz,BA,0.0
4434,2023-01-03,Markowitz,CVX,0.02417
4435,2023-01-03,Markowitz,CSCO,0.0
4436,2023-01-03,Markowitz,DD,0.0
4437,2023-01-03,Markowitz,XOM,0.3
4438,2023-01-03,Markowitz,FDX,0.0
4439,2023-01-03,Markowitz,GS,0.0
4440,2023-01-03,Markowitz,GM,0.0
4441,2023-01-03,Markowitz,HAS,0.0
4442,2023-01-03,Markowitz,JBL,0.0
4443,2023-01-03,Markowitz,KMB,0.0
4444,2023-01-03,Markowitz,KLAC,0.0
4445,2023-01-03,Markowitz,LOW,0.0
4446,2023-01-03,Markowitz,MKC,0.0
4447,2023-01-03,Markowitz,NEM,0.0
4448,2023-01-03,Markowitz,OLN,0.0
4449,2023-01-03,Markowitz,PH,0.0
4450,2023-01-03,Black-Litterman,PPG,0.0
4451,2023-01-03,Black-Litterman,DELL,0.010690320709621288
4452,2023-01-03,Black-Litterman,QCOM,0.0
4453,2023-01-03,Black-Litterman,AMAT,0.006050181505445163
4454,2023-01-03,Black-Litterman,MRK,0.01332039961198836
4455,2023-01-03,Black-Litterman,AME,0.10982329469884096
4456,2023-01-03,Black-Litterman,PG,0.0
4457,2023-01-03,Black-Litterman,CL,0.0
4458,2023-01-03,Black-Litterman,V,0.07698230946928408
4459,2023-01-03,Black-Litterman,MA,0.04986149584487535
4460,2023-01-03,Black-Litterman,MU,0.06380191405742172
4461,2023-01-03,Black-Litterman,T,0.0
4462,2023-01-03,Black-Litterman,JPM,0.03144094322829685
4463,2023-01-03,Black-Litterman,JNJ,0.0
4464,2023-01-03,Black-Litterman,INTC,0.0
4465,2023-01-03,Black-Litterman,GE,0.032050961528845866
4466,2023-01-03,Black-Litterman,MS,0.0
4467,2023-01-03,Black-Litterman,RTX,0.2072962188865666
4468,2023-01-03,Black-Litterman,TXN,0.0
4469,2023-01-03,Black-Litterman,IBM,0.04604138124143724
4470,2023-01-03,Black-Litterman,SPGI,0.013470404112123363
4471,2023-01-03,Black-Litterman,LMT,0.12371371141134234
4472,2023-01-03,Black-Litterman,ADP,0.0
4473,2023-01-03,Black-Litterman,COF,0.0
4474,2023-01-03,Black-Litterman,WDC,0.011330339910197305
4475,2023-01-03,Black-Litterman,ABT,0.0
4476,2023-01-03,Black-Litterman,GILD,0.0
4477,2023-01-03,Black-Litterman,UNP,0.0
4478,2023-01-03,Black-Litterman,ADI,0.0
4479,2023-01-03,Black-Litterman,TMUS,0.011770353110593317
4480,2023-01-03,Black-Litterman,MMM,0.0
4481,2023-01-03,Black-Litterman,ADBE,0.0
4482,2023-01-03,Black-Litterman,AXP,0.0
4483,2023-01-03,Black-Litterman,BA,0.0
4484,2023-01-03,Black-Litterman,CVX,0.0
4485,2023-01-03,Black-Litterman,CSCO,0.0
4486,2023-01-03,Black-Litterman,DD,0.0
4487,2023-01-03,Black-Litterman,XOM,0.0
4488,2023-01-03,Black-Litterman,FDX,0.0
4489,2023-01-03,Black-Litterman,GS,0.0
4490,2023-01-03,Black-Litterman,GM,0.0
4491,2023-01-03,Black-Litterman,HAS,0.0
4492,2023-01-03,Black-Litterman,JBL,0.0
4493,2023-01-03,Black-Litterman,KMB,0.0
4494,2023-01-03,Black-Litterman,KLAC,0.0
4495,2023-01-03,Black-Litterman,LOW,0.0
4496,2023-01-03,Black-Litterman,MKC,0.054301629048871466
4497,2023-01-03,Black-Litterman,NEM,0.0148004440133204
4498,2023-01-03,Black-Litterman,OLN,0.0
4499,2023-01-03,Black-Litterman,PH,0.12325369761092832
4500,2023-01-03,Risk-Parity,PPG,0.014790698346823797
4501,2023-01-03,Risk-Parity,DELL,0.013110066935181542
4502,2023-01-03,Risk-Parity,QCOM,0.011449201365205436
4503,2023-01-03,Risk-Parity,AMAT,0.009858672577608855
4504,2023-01-03,Risk-Parity,MRK,0.045672983568222275
4505,2023-01-03,Risk-Parity,AME,0.01911084156350207
4506,2023-01-03,Risk-Parity,PG,0.029590333074217056
4507,2023-01-03,Risk-Parity,CL,0.034271178071839346
4508,2023-01-03,Risk-Parity,V,0.017156040684808457
4509,2023-01-03,Risk-Parity,MA,0.01522389168672854
4510,2023-01-03,Risk-Parity,MU,0.011513993578701259
4511,2023-01-03,Risk-Parity,T,0.027292757697608302
4512,2023-01-03,Risk-Parity,JPM,0.017596358848951933
4513,2023-01-03,Risk-Parity,JNJ,0.044937515646443105
4514,2023-01-03,Risk-Parity,INTC,0.013689855689559957
4515,2023-01-03,Risk-Parity,GE,0.015359972522226635
4516,2023-01-03,Risk-Parity,MS,0.015456402848005046
4517,2023-01-03,Risk-Parity,RTX,0.022417215081506164
4518,2023-01-03,Risk-Parity,TXN,0.01574999103346691
4519,2023-01-03,Risk-Parity,IBM,0.02553871984300224
4520,2023-01-03,Risk-Parity,SPGI,0.018264699987438734
4521,2023-01-03,Risk-Parity,LMT,0.04136467502635642
4522,2023-01-03,Risk-Parity,ADP,0.017594253571406406
4523,2023-01-03,Risk-Parity,COF,0.012168894049186934
4524,2023-01-03,Risk-Parity,WDC,0.01138816555529626
4525,2023-01-03,Risk-Parity,ABT,0.019339608887959596
4526,2023-01-03,Risk-Parity,GILD,0.027731631400295997
4527,2023-01-03,Risk-Parity,UNP,0.022536349114752642
4528,2023-01-03,Risk-Parity,ADI,0.013401926425766018
4529,2023-01-03,Risk-Parity,TMUS,0.02242288650439589
4530,2023-01-03,Risk-Parity,MMM,0.020537848013896152
4531,2023-01-03,Risk-Parity,ADBE,0.012718433524434728
4532,2023-01-03,Risk-Parity,AXP,0.014353864060640022
4533,2023-01-03,Risk-Parity,BA,0.0134541288080456
4534,2023-01-03,Risk-Parity,CVX,0.025420281496598127
4535,2023-01-03,Risk-Parity,CSCO,0.018815483381650698
4536,2023-01-03,Risk-Parity,DD,0.014862329498664893
4537,2023-01-03,Risk-Parity,XOM,0.02577406018627781
4538,2023-01-03,Risk-Parity,FDX,0.01562692645451846
4539,2023-01-03,Risk-Parity,GS,0.016828013701014347
4540,2023-01-03,Risk-Parity,GM,0.012050595349027264
4541,2023-01-03,Risk-Parity,HAS,0.018429694995978324
4542,2023-01-03,Risk-Parity,JBL,0.013702565031362083
4543,2023-01-03,Risk-Parity,KMB,0.03663644455079039
4544,2023-01-03,Risk-Parity,KLAC,0.01056582150421359
4545,2023-01-03,Risk-Parity,LOW,0.016871602274964453
4546,2023-01-03,Risk-Parity,MKC,0.029290983680962546
4547,2023-01-03,Risk-Parity,NEM,0.029150802357631737
4548,2023-01-03,Risk-Parity,OLN,0.01421540606164706
4549,2023-01-03,Risk-Parity,PH,0.014694933881218002
4550,2024-01-02,Simulated (Max Sharpe Ratio),PPG,0.0031633032915973427
4551,2024-01-02,Simulated (Max Sharpe Ratio),DELL,0.08514806220854199
4552,2024-01-02,Simulated (Max Sharpe Ratio),QCOM,0.01663080075920533
4553,2024-01-02,Simulated (Max Sharpe Ratio),AMAT,0.013312119775233876
4554,2024-01-02,Simulated (Max Sharpe Ratio),MRK,0.060755692833782425
4555,2024-01-02,Simulated (Max Sharpe Ratio),AME,0.036427705944633675
4556,2024-01-02,Simulated (Max Sharpe Ratio),PG,0.004661027401403933
4557,2024-01-02,Simulated (Max Sharpe Ratio),CL,0.010020182167574753
4558,2024-01-02,Simulated (Max Sharpe Ratio),V,0.0049594895695361345
4559,2024-01-02,Simulated (Max Sharpe Ratio),MA,0.04794585932993309
4560,2024-01-02,Simulated (Max Sharpe Ratio),MU,0.0029334221750035097
4561,2024-01-02,Simulated (Max Sharpe Ratio),T,0.010296952886485515
4562,2024-01-02,Simulated (Max Sharpe Ratio),JPM,0.010952501503527836
4563,2024-01-02,Simulated (Max Sharpe Ratio),JNJ,0.0035267226566145123
4564,2024-01-02,Simulated (Max Sharpe Ratio),INTC,0.09193020842245442
4565,2024-01-02,Simulated (Max Sharpe Ratio),GE,0.10871461021996252
4566,2024-01-02,Simulated (Max Sharpe Ratio),MS,0.002520922076792376
4567,2024-01-02,Simulated (Max Sharpe Ratio),RTX,0.019082528457491275
4568,2024-01-02,Simulated (Max Sharpe Ratio),TXN,0.011363771634253932
4569,2024-01-02,Simulated (Max Sharpe Ratio),IBM,0.014008714296342647
4570,2024-01-02,Simulated (Max Sharpe Ratio),SPGI,0.006094022802407064
4571,2024-01-02,Simulated (Max Sharpe Ratio),LMT,0.0042030095316352425
4572,2024-01-02,Simulated (Max Sharpe Ratio),ADP,0.012117338057114298
4573,2024-01-02,Simulated (Max Sharpe Ratio),COF,0.03909925240433693
4574,2024-01-02,Simulated (Max Sharpe Ratio),WDC,0.005202206165385725
4575,2024-01-02,Simulated (Max Sharpe Ratio),ABT,0.023025751188300917
4576,2024-01-02,Simulated (Max Sharpe Ratio),GILD,0.0011342422940333102
4577,2024-01-02,Simulated (Max Sharpe Ratio),UNP,0.0237236425751796
4578,2024-01-02,Simulated (Max Sharpe Ratio),ADI,0.018153275213289022
4579,2024-01-02,Simulated (Max Sharpe Ratio),TMUS,0.04788289163967775
4580,2024-01-02,Simulated (Max Sharpe Ratio),MMM,0.015957428961243345
4581,2024-01-02,Simulated (Max Sharpe Ratio),ADBE,0.010174043664617343
4582,2024-01-02,Simulated (Max Sharpe Ratio),AXP,0.0025670951742895456
4583,2024-01-02,Simulated (Max Sharpe Ratio),BA,0.016747923732722932
4584,2024-01-02,Simulated (Max Sharpe Ratio),CVX,0.03078866780165259
4585,2024-01-02,Simulated (Max Sharpe Ratio),CSCO,0.007578522179888412
4586,2024-01-02,Simulated (Max Sharpe Ratio),DD,0.0012085930179812408
4587,2024-01-02,Simulated (Max Sharpe Ratio),XOM,0.017241923551555825
4588,2024-01-02,Simulated (Max Sharpe Ratio),FDX,0.03514587912036835
4589,2024-01-02,Simulated (Max Sharpe Ratio),GS,0.006611105914998833
4590,2024-01-02,Simulated (Max Sharpe Ratio),GM,0.008677412531193456
4591,2024-01-02,Simulated (Max Sharpe Ratio),HAS,0.015368426903035746
4592,2024-01-02,Simulated (Max Sharpe Ratio),JBL,0.007372037012012254
4593,2024-01-02,Simulated (Max Sharpe Ratio),KMB,0.0023261265554225777
4594,2024-01-02,Simulated (Max Sharpe Ratio),KLAC,0.0041951221015065
4595,2024-01-02,Simulated (Max Sharpe Ratio),LOW,0.003688766208630751
4596,2024-01-02,Simulated (Max Sharpe Ratio),MKC,0.005106114654638913
4597,2024-01-02,Simulated (Max Sharpe Ratio),NEM,0.015991690274560915
4598,2024-01-02,Simulated (Max Sharpe Ratio),OLN,0.01744239491037585
4599,2024-01-02,Simulated (Max Sharpe Ratio),PH,0.03682049624757386
4600,2024-01-02,Equal-Weight,PPG,0.02
4601,2024-01-02,Equal-Weight,DELL,0.02
4602,2024-01-02,Equal-Weight,QCOM,0.02
4603,2024-01-02,Equal-Weight,AMAT,0.02
4604,2024-01-02,Equal-Weight,MRK,0.02
4605,2024-01-02,Equal-Weight,AME,0.02
4606,2024-01-02,Equal-Weight,PG,0.02
4607,2024-01-02,Equal-Weight,CL,0.02
4608,2024-01-02,Equal-Weight,V,0.02
4609,2024-01-02,Equal-Weight,MA,0.02
4610,2024-01-02,Equal-Weight,MU,0.02
4611,2024-01-02,Equal-Weight,T,0.02
4612,2024-01-02,Equal-Weight,JPM,0.02
4613,2024-01-02,Equal-Weight,JNJ,0.02
4614,2024-01-02,Equal-Weight,INTC,0.02
4615,2024-01-02,Equal-Weight,GE,0.02
4616,2024-01-02,Equal-Weight,MS,0.02
4617,2024-01-02,Equal-Weight,RTX,0.02
4618,2024-01-02,Equal-Weight,TXN,0.02
4619,2024-01-02,Equal-Weight,IBM,0.02
4620,2024-01-02,Equal-Weight,SPGI,0.02
4621,2024-01-02,Equal-Weight,LMT,0.02
4622,2024-01-02,Equal-Weight,ADP,0.02
4623,2024-01-02,Equal-Weight,COF,0.02
4624,2024-01-02,Equal-Weight,WDC,0.02
4625,2024-01-02,Equal-Weight,ABT,0.02
4626,2024-01-02,Equal-Weight,GILD,0.02
4627,2024-01-02,Equal-Weight,UNP,0.02
4628,2024-01-02,Equal-Weight,ADI,0.02
4629,2024-01-02,Equal-Weight,TMUS,0.02
4630,2024-01-02,Equal-Weight,MMM,0.02
4631,2024-01-02,Equal-Weight,ADBE,0.02
4632,2024-01-02,Equal-Weight,AXP,0.02
4633,2024-01-02,Equal-Weight,BA,0.02
4634,2024-01-02,Equal-Weight,CVX,0.02
4635,2024-01-02,Equal-Weight,CSCO,0.02
4636,2024-01-02,Equal-Weight,DD,0.02
4637,2024-01-02,Equal-Weight,XOM,0.02
4638,2024-01-02,Equal-Weight,FDX,0.02
4639,2024-01-02,Equal-Weight,GS,0.02
4640,2024-01-02,Equal-Weight,GM,0.02
4641,2024-01-02,Equal-Weight,HAS,0.02
4642,2024-01-02,Equal-Weight,JBL,0.02
4643,2024-01-02,Equal-Weight,KMB,0.02
4644,2024-01-02,Equal-Weight,KLAC,0.02
4645,2024-01-02,Equal-Weight,LOW,0.02
4646,2024-01-02,Equal-Weight,MKC,0.02
4647,2024-01-02,Equal-Weight,NEM,0.02
4648,2024-01-02,Equal-Weight,OLN,0.02
4649,2024-01-02,Equal-Weight,PH,0.02
4650,2024-01-02,Markowitz,PPG,0.0
4651,2024-01-02,Markowitz,DELL,0.20882
4652,2024-01-02,Markowitz,QCOM,0.0
4653,2024-01-02,Markowitz,AMAT,0.0
4654,2024-01-02,Markowitz,MRK,0.0
4655,2024-01-02,Markowitz,AME,0.0
4656,2024-01-02,Markowitz,PG,0.0
4657,2024-01-02,Markowitz,CL,0.0
4658,2024-01-02,Markowitz,V,0.0
4659,2024-01-02,Markowitz,MA,0.0
4660,2024-01-02,Markowitz,MU,0.0
4661,2024-01-02,Markowitz,T,0.0
4662,2024-01-02,Markowitz,JPM,0.0
4663,2024-01-02,Markowitz,JNJ,0.0
4664,2024-01-02,Markowitz,INTC,0.12938
4665,2024-01-02,Markowitz,GE,0.3
4666,2024-01-02,Markowitz,MS,0.0
4667,2024-01-02,Markowitz,RTX,0.0
4668,2024-01-02,Markowitz,TXN,0.0
4669,2024-01-02,Markowitz,IBM,0.0
4670,2024-01-02,Markowitz,SPGI,0.0
4671,2024-01-02,Markowitz,LMT,0.0
4672,2024-01-02,Markowitz,ADP,0.0
4673,2024-01-02,Markowitz,COF,0.0
4674,2024-01-02,Markowitz,WDC,0.0
4675,2024-01-02,Markowitz,ABT,0.0
4676,2024-01-02,Markowitz,GILD,0.0
4677,2024-01-02,Markowitz,UNP,0.0
4678,2024-01-02,Markowitz,ADI,0.0
4679,2024-01-02,Markowitz,TMUS,0.09633
4680,2024-01-02,Markowitz,MMM,0.0
4681,2024-01-02,Markowitz,ADBE,0.11672
4682,2024-01-02,Markowitz,AXP,0.0
4683,2024-01-02,Markowitz,BA,0.0
4684,2024-01-02,Markowitz,CVX,0.0
4685,2024-01-02,Markowitz,CSCO,0.0
4686,2024-01-02,Markowitz,DD,0.0
4687,2024-01-02,Markowitz,XOM,0.0
4688,2024-01-02,Markowitz,FDX,0.0
4689,2024-01-02,Markowitz,GS,0.0
4690,2024-01-02,Markowitz,GM,0.0
4691,2024-01-02,Markowitz,HAS,0.0
4692,2024-01-02,Markowitz,JBL,0.14875
4693,2024-01-02,Markowitz,KMB,0.0
4694,2024-01-02,Markowitz,KLAC,0.0
4695,2024-01-02,Markowitz,LOW,0.0
4696,2024-01-02,Markowitz,MKC,0.0
4697,2024-01-02,Markowitz,NEM,0.0
4698,2024-01-02,Markowitz,OLN,0.0
4699,2024-01-02,Markowitz,PH,0.0
4700,2024-01-02,Black-Litterman,PPG,0.0
4701,2024-01-02,Black-Litterman,DELL,0.012349629511114667
4702,2024-01-02,Black-Litterman,QCOM,0.0
4703,2024-01-02,Black-Litterman,AMAT,0.01960941171764847
4704,2024-01-02,Black-Litterman,MRK,0.06571802845914623
4705,2024-01-02,Black-Litterman,AME,0.0222893313200604
4706,2024-01-02,Black-Litterman,PG,0.0
4707,2024-01-02,Black-Litterman,CL,0.0
4708,2024-01-02,Black-Litterman,V,0.1625751227463176
4709,2024-01-02,Black-Litterman,MA,0.13399598012059638
4710,2024-01-02,Black-Litterman,MU,0.061318160455186344
4711,2024-01-02,Black-Litterman,T,0.0
4712,2024-01-02,Black-Litterman,JPM,0.08369748907532774
4713,2024-01-02,Black-Litterman,JNJ,0.007289781306560803
4714,2024-01-02,Black-Litterman,INTC,0.0028999130026099215
4715,2024-01-02,Black-Litterman,GE,0.030979070627881165
4716,2024-01-02,Black-Litterman,MS,0.0
4717,2024-01-02,Black-Litterman,RTX,0.06273811785646431
4718,2024-01-02,Black-Litterman,TXN,0.0
4719,2024-01-02,Black-Litterman,IBM,0.03916882493525195
4720,2024-01-02,Black-Litterman,SPGI,0.0
4721,2024-01-02,Black-Litterman,LMT,0.05301840944771657
4722,2024-01-02,Black-Litterman,ADP,0.0
4723,2024-01-02,Black-Litterman,COF,0.0
4724,2024-01-02,Black-Litterman,WDC,0.0
4725,2024-01-02,Black-Litterman,ABT,0.009009729708108758
4726,2024-01-02,Black-Litterman,GILD,0.0
4727,2024-01-02,Black-Litterman,UNP,0.0
4728,2024-01-02,Black-Litterman,ADI,0.0
4729,2024-01-02,Black-Litterman,TMUS,0.1334159975200744
4730,2024-01-02,Black-Litterman,MMM,0.0
4731,2024-01-02,Black-Litterman,ADBE,0.02698919032429027
4732,2024-01-02,Black-Litterman,AXP,0.0
4733,2024-01-02,Black-Litterman,BA,0.012409627711168665
4734,2024-01-02,Black-Litterman,CVX,0.0
4735,2024-01-02,Black-Litterman,CSCO,0.0
4736,2024-01-02,Black-Litterman,DD,0.0
4737,2024-01-02,Black-Litterman,XOM,0.04944851654450367
4738,2024-01-02,Black-Litterman,FDX,0.0
4739,2024-01-02,Black-Litterman,GS,0.0
4740,2024-01-02,Black-Litterman,GM,0.0
4741,2024-01-02,Black-Litterman,HAS,0.0
4742,2024-01-02,Black-Litterman,JBL,0.007579772606821795
4743,2024-01-02,Black-Litterman,KMB,0.0
4744,2024-01-02,Black-Litterman,KLAC,0.0011399658010259692
4745,2024-01-02,Black-Litterman,LOW,0.0
4746,2024-01-02,Black-Litterman,MKC,0.0
4747,2024-01-02,Black-Litterman,NEM,0.0023599292021239363
4748,2024-01-02,Black-Litterman,OLN,0.0
4749,2024-01-02,Black-Litterman,PH,0.0
4750,2024-01-02,Risk-Parity,PPG,0.0136029159987692
4751,2024-01-02,Risk-Parity,DELL,0.01619623594583202
4752,2024-01-02,Risk-Parity,QCOM,0.01261943333023069
4753,2024-01-02,Risk-Parity,AMAT,0.012625358330683189
4754,2024-01-02,Risk-Parity,MRK,0.04008282207900105
4755,2024-01-02,Risk-Parity,AME,0.018750210770722323
4756,2024-01-02,Risk-Parity,PG,0.03435004588853598
4757,2024-01-02,Risk-Parity,CL,0.03786456706775199
4758,2024-01-02,Risk-Parity,V,0.023661076587204375
4759,2024-01-02,Risk-Parity,MA,0.02103103634205158
4760,2024-01-02,Risk-Parity,MU,0.013786399129031944
4761,2024-01-02,Risk-Parity,T,0.02550353857677863
4762,2024-01-02,Risk-Parity,JPM,0.018363331171246815
4763,2024-01-02,Risk-Parity,JNJ,0.03584550417087626
4764,2024-01-02,Risk-Parity,INTC,0.013331155766562807
4765,2024-01-02,Risk-Parity,GE,0.01851623681973244
4766,2024-01-02,Risk-Parity,MS,0.014372591910910072
4767,2024-01-02,Risk-Parity,RTX,0.023075389543469504
4768,2024-01-02,Risk-Parity,TXN,0.013932225147835384
4769,2024-01-02,Risk-Parity,IBM,0.02732056880980402
4770,2024-01-02,Risk-Parity,SPGI,0.015290681850255053
4771,2024-01-02,Risk-Parity,LMT,0.03661945386175177
4772,2024-01-02,Risk-Parity,ADP,0.019835760119668255
4773,2024-01-02,Risk-Parity,COF,0.01223521340824098
4774,2024-01-02,Risk-Parity,WDC,0.0127251610975555
4775,2024-01-02,Risk-Parity,ABT,0.02500382883351297
4776,2024-01-02,Risk-Parity,GILD,0.024723421808320347
4777,2024-01-02,Risk-Parity,UNP,0.017890039413021294
4778,2024-01-02,Risk-Parity,ADI,0.014529395653970871
4779,2024-01-02,Risk-Parity,TMUS,0.03641299750698388
4780,2024-01-02,Risk-Parity,MMM,0.013230529778891826
4781,2024-01-02,Risk-Parity,ADBE,0.013945875501276777
4782,2024-01-02,Risk-Parity,AXP,0.014787527320564707
4783,2024-01-02,Risk-Parity,BA,0.015389765600769498
4784,2024-01-02,Risk-Parity,CVX,0.022014779688644175
4785,2024-01-02,Risk-Parity,CSCO,0.02273739090132575
4786,2024-01-02,Risk-Parity,DD,0.015249944179397342
4787,2024-01-02,Risk-Parity,XOM,0.021032988658266694
4788,2024-01-02,Risk-Parity,FDX,0.017035816043486314
4789,2024-01-02,Risk-Parity,GS,0.015064197115632307
4790,2024-01-02,Risk-Parity,GM,0.01158178528407447
4791,2024-01-02,Risk-Parity,HAS,0.012304430266579885
4792,2024-01-02,Risk-Parity,JBL,0.015993659282155986
4793,2024-01-02,Risk-Parity,KMB,0.038527361213942006
4794,2024-01-02,Risk-Parity,KLAC,0.011730548289530187
4795,2024-01-02,Risk-Parity,LOW,0.015763992284067115
4796,2024-01-02,Risk-Parity,MKC,0.025890782528714087
4797,2024-01-02,Risk-Parity,NEM,0.022553258986447777
4798,2024-01-02,Risk-Parity,OLN,0.011861591657245886
4799,2024-01-02,Risk-Parity,PH,0.013207178478676003
4800,2025-01-02,Simulated (Max Sharpe Ratio),PPG,0.0221933768645926
4801,2025-01-02,Simulated (Max Sharpe Ratio),DELL,0.03730630000495669
4802,2025-01-02,Simulated (Max Sharpe Ratio),QCOM,0.009247649700493183
4803,2025-01-02,Simulated (Max Sharpe Ratio),AMAT,0.02396287651249079
4804,2025-01-02,Simulated (Max Sharpe Ratio),MRK,0.00826521018026068
4805,2025-01-02,Simulated (Max Sharpe Ratio),AME,0.051743363581562826
4806,2025-01-02,Simulated (Max Sharpe Ratio),PG,0.015130697829412239
4807,2025-01-02,Simulated (Max Sharpe Ratio),CL,3.926500973484388e-05
4808,2025-01-02,Simulated (Max Sharpe Ratio),V,0.0009797829230663289
4809,2025-01-02,Simulated (Max Sharpe Ratio),MA,0.01351509913434789
4810,2025-01-02,Simulated (Max Sharpe Ratio),MU,0.008200979938089922
4811,2025-01-02,Simulated (Max Sharpe Ratio),T,0.009361080500611924
4812,2025-01-02,Simulated (Max Sharpe Ratio),JPM,0.08619808974861937
4813,2025-01-02,Simulated (Max Sharpe Ratio),JNJ,0.019485389219636554
4814,2025-01-02,Simulated (Max Sharpe Ratio),INTC,0.004020538720674098
4815,2025-01-02,Simulated (Max Sharpe Ratio),GE,0.08844804478704942
4816,2025-01-02,Simulated (Max Sharpe Ratio),MS,0.0009414186980710879
4817,2025-01-02,Simulated (Max Sharpe Ratio),RTX,0.13009856274694898
4818,2025-01-02,Simulated (Max Sharpe Ratio),TXN,0.0020407694089272757
4819,2025-01-02,Simulated (Max Sharpe Ratio),IBM,0.037827354611060016
4820,2025-01-02,Simulated (Max Sharpe Ratio),SPGI,0.025693271710769364
4821,2025-01-02,Simulated (Max Sharpe Ratio),LMT,0.006481740173940272
4822,2025-01-02,Simulated (Max Sharpe Ratio),ADP,0.004997431938781852
4823,2025-01-02,Simulated (Max Sharpe Ratio),COF,0.009918223743596785
4824,2025-01-02,Simulated (Max Sharpe Ratio),WDC,0.021133059269336955
4825,2025-01-02,Simulated (Max Sharpe Ratio),ABT,0.01669949477969867
4826,2025-01-02,Simulated (Max Sharpe Ratio),GILD,0.000979990961615799
4827,2025-01-02,Simulated (Max Sharpe Ratio),UNP,0.0073159358880579934
4828,2025-01-02,Simulated (Max Sharpe Ratio),ADI,0.022130521346460198
4829,2025-01-02,Simulated (Max Sharpe Ratio),TMUS,0.04439533474268075
4830,2025-01-02,Simulated (Max Sharpe Ratio),MMM,0.030587123450211296
4831,2025-01-02,Simulated (Max Sharpe Ratio),ADBE,0.0062827544051039085
4832,2025-01-02,Simulated (Max Sharpe Ratio),AXP,0.03398776835622771
4833,2025-01-02,Simulated (Max Sharpe Ratio),BA,0.020299359647273967
4834,2025-01-02,Simulated (Max Sharpe Ratio),CVX,0.007544647766053064
4835,2025-01-02,Simulated (Max Sharpe Ratio),CSCO,0.018156481287105647
4836,2025-01-02,Simulated (Max Sharpe Ratio),DD,0.007161938541038572
4837,2025-01-02,Simulated (Max Sharpe Ratio),XOM,0.0122774219517187
4838,2025-01-02,Simulated (Max Sharpe Ratio),FDX,0.02045066207829784
4839,2025-01-02,Simulated (Max Sharpe Ratio),GS,0.004322364679617519
4840,2025-01-02,Simulated (Max Sharpe Ratio),GM,0.028446452930458898
4841,2025-01-02,Simulated (Max Sharpe Ratio),HAS,0.008434134204699215
4842,2025-01-02,Simulated (Max Sharpe Ratio),JBL,0.02967735499812348
4843,2025-01-02,Simulated (Max Sharpe Ratio),KMB,0.0031578084281685018
4844,2025-01-02,Simulated (Max Sharpe Ratio),KLAC,0.006071132760241401
4845,2025-01-02,Simulated (Max Sharpe Ratio),LOW,0.005403927291871362
4846,2025-01-02,Simulated (Max Sharpe Ratio),MKC,0.0009326396603638017
4847,2025-01-02,Simulated (Max Sharpe Ratio),NEM,0.015766996487074504
4848,2025-01-02,Simulated (Max Sharpe Ratio),OLN,0.0017679320261513413
4849,2025-01-02,Simulated (Max Sharpe Ratio),PH,0.010520244374654276
4850,2025-01-02,Equal-Weight,PPG,0.02
4851,2025-01-02,Equal-Weight,DELL,0.02
4852,2025-01-02,Equal-Weight,QCOM,0.02
4853,2025-01-02,Equal-Weight,AMAT,0.02
4854,2025-01-02,Equal-Weight,MRK,0.02
4855,2025-01-02,Equal-Weight,AME,0.02
4856,2025-01-02,Equal-Weight,PG,0.02
4857,2025-01-02,Equal-Weight,CL,0.02
4858,2025-01-02,Equal-Weight,V,0.02
4859,2025-01-02,Equal-Weight,MA,0.02
4860,2025-01-02,Equal-Weight,MU,0.02
4861,2025-01-02,Equal-Weight,T,0.02
4862,2025-01-02,Equal-Weight,JPM,0.02
4863,2025-01-02,Equal-Weight,JNJ,0.02
4864,2025-01-02,Equal-Weight,INTC,0.02
4865,2025-01-02,Equal-Weight,GE,0.02
4866,2025-01-02,Equal-Weight,MS,0.02
4867,2025-01-02,Equal-Weight,RTX,0.02
4868,2025-01-02,Equal-Weight,TXN,0.02
4869,2025-01-02,Equal-Weight,IBM,0.02
4870,2025-01-02,Equal-Weight,SPGI,0.02
4871,2025-01-02,Equal-Weight,LMT,0.02
4872,2025-01-02,Equal-Weight,ADP,0.02
4873,2025-01-02,Equal-Weight,COF,0.02
4874,2025-01-02,Equal-Weight,WDC,0.02
4875,2025-01-02,Equal-Weight,ABT,0.02
4876,2025-01-02,Equal-Weight,GILD,0.02
4877,2025-01-02,Equal-Weight,UNP,0.02
4878,2025-01-02,Equal-Weight,ADI,0.02
4879,2025-01-02,Equal-Weight,TMUS,0.02
4880,2025-01-02,Equal-Weight,MMM,0.02
4881,2025-01-02,Equal-Weight,ADBE,0.02
4882,2025-01-02,Equal-Weight,AXP,0.02
4883,2025-01-02,Equal-Weight,BA,0.02
4884,2025-01-02,Equal-Weight,CVX,0.02
4885,2025-01-02,Equal-Weight,CSCO,0.02
4886,2025-01-02,Equal-Weight,DD,0.02
4887,2025-01-02,Equal-Weight,XOM,0.02
4888,2025-01-02,Equal-Weight,FDX,0.02
4889,2025-01-02,Equal-Weight,GS,0.02
4890,2025-01-02,Equal-Weight,GM,0.02
4891,2025-01-02,Equal-Weight,HAS,0.02
4892,2025-01-02,Equal-Weight,JBL,0.02
4893,2025-01-02,Equal-Weight,KMB,0.02
4894,2025-01-02,Equal-Weight,KLAC,0.02
4895,2025-01-02,Equal-Weight,LOW,0.02
4896,2025-01-02,Equal-Weight,MKC,0.02
4897,2025-01-02,Equal-Weight,NEM,0.02
4898,2025-01-02,Equal-Weight,OLN,0.02
4899,2025-01-02,Equal-Weight,PH,0.02
4900,2025-01-02,Markowitz,PPG,0.0
4901,2025-01-02,Markowitz,DELL,0.02337
4902,2025-01-02,Markowitz,QCOM,0.0
4903,2025-01-02,Markowitz,AMAT,0.0
4904,2025-01-02,Markowitz,MRK,0.0
4905,2025-01-02,Markowitz,AME,0.0
4906,2025-01-02,Markowitz,PG,0.05205
4907,2025-01-02,Markowitz,CL,0.0016
4908,2025-01-02,Markowitz,V,0.0
4909,2025-01-02,Markowitz,MA,0.0
4910,2025-01-02,Markowitz,MU,0.0
4911,2025-01-02,Markowitz,T,0.18344
4912,2025-01-02,Markowitz,JPM,0.0
4913,2025-01-02,Markowitz,JNJ,0.0
4914,2025-01-02,Markowitz,INTC,0.0
4915,2025-01-02,Markowitz,GE,0.10801
4916,2025-01-02,Markowitz,MS,0.0
4917,2025-01-02,Markowitz,RTX,0.17232
4918,2025-01-02,Markowitz,TXN,0.0
4919,2025-01-02,Markowitz,IBM,0.02241
4920,2025-01-02,Markowitz,SPGI,0.0
4921,2025-01-02,Markowitz,LMT,0.0
4922,2025-01-02,Markowitz,ADP,0.01466
4923,2025-01-02,Markowitz,COF,0.0
4924,2025-01-02,Markowitz,WDC,0.0
4925,2025-01-02,Markowitz,ABT,0.0
4926,2025-01-02,Markowitz,GILD,0.0
4927,2025-01-02,Markowitz,UNP,0.0
4928,2025-01-02,Markowitz,ADI,0.0
4929,2025-01-02,Markowitz,TMUS,0.18213
4930,2025-01-02,Markowitz,MMM,0.05544
4931,2025-01-02,Markowitz,ADBE,0.0
4932,2025-01-02,Markowitz,AXP,0.11898
4933,2025-01-02,Markowitz,BA,0.0
4934,2025-01-02,Markowitz,CVX,0.0
4935,2025-01-02,Markowitz,CSCO,0.0
4936,2025-01-02,Markowitz,DD,0.0
4937,2025-01-02,Markowitz,XOM,0.0
4938,2025-01-02,Markowitz,FDX,0.0
4939,2025-01-02,Markowitz,GS,0.0
4940,2025-01-02,Markowitz,GM,0.06559
4941,2025-01-02,Markowitz,HAS,0.0
4942,2025-01-02,Markowitz,JBL,0.0
4943,2025-01-02,Markowitz,KMB,0.0
4944,2025-01-02,Markowitz,KLAC,0.0
4945,2025-01-02,Markowitz,LOW,0.0
4946,2025-01-02,Markowitz,MKC,0.0
4947,2025-01-02,Markowitz,NEM,0.0
4948,2025-01-02,Markowitz,OLN,0.0
4949,2025-01-02,Markowitz,PH,0.0
4950,2025-01-02,Black-Litterman,PPG,0.0
4951,2025-01-02,Black-Litterman,DELL,0.0
4952,2025-01-02,Black-Litterman,QCOM,0.0
4953,2025-01-02,Black-Litterman,AMAT,0.02306
4954,2025-01-02,Black-Litterman,MRK,0.03832
4955,2025-01-02,Black-Litterman,AME,0.00913
4956,2025-01-02,Black-Litterman,PG,0.00286
4957,2025-01-02,Black-Litterman,CL,0.00477
4958,2025-01-02,Black-Litterman,V,0.12762
4959,2025-01-02,Black-Litterman,MA,0.12353
4960,2025-01-02,Black-Litterman,MU,0.02228
4961,2025-01-02,Black-Litterman,T,0.0
4962,2025-01-02,Black-Litterman,JPM,0.0305
4963,2025-01-02,Black-Litterman,JNJ,0.02298
4964,2025-01-02,Black-Litterman,INTC,0.0
4965,2025-01-02,Black-Litterman,GE,0.01497
4966,2025-01-02,Black-Litterman,MS,0.0
4967,2025-01-02,Black-Litterman,RTX,0.11668
4968,2025-01-02,Black-Litterman,TXN,0.0
4969,2025-01-02,Black-Litterman,IBM,0.0
4970,2025-01-02,Black-Litterman,SPGI,0.08515
4971,2025-01-02,Black-Litterman,LMT,0.04539
4972,2025-01-02,Black-Litterman,ADP,0.0
4973,2025-01-02,Black-Litterman,COF,0.0
4974,2025-01-02,Black-Litterman,WDC,0.01862
4975,2025-01-02,Black-Litterman,ABT,0.0183
4976,2025-01-02,Black-Litterman,GILD,0.01373
4977,2025-01-02,Black-Litterman,UNP,0.0
4978,2025-01-02,Black-Litterman,ADI,0.0
4979,2025-01-02,Black-Litterman,TMUS,0.0982
4980,2025-01-02,Black-Litterman,MMM,0.0
4981,2025-01-02,Black-Litterman,ADBE,0.02823
4982,2025-01-02,Black-Litterman,AXP,0.0
4983,2025-01-02,Black-Litterman,BA,0.01294
4984,2025-01-02,Black-Litterman,CVX,0.0
4985,2025-01-02,Black-Litterman,CSCO,0.0
4986,2025-01-02,Black-Litterman,DD,0.03992
4987,2025-01-02,Black-Litterman,XOM,0.05422
4988,2025-01-02,Black-Litterman,FDX,0.0
4989,2025-01-02,Black-Litterman,GS,0.0
4990,2025-01-02,Black-Litterman,GM,0.0
4991,2025-01-02,Black-Litterman,HAS,0.0
4992,2025-01-02,Black-Litterman,JBL,0.0
4993,2025-01-02,Black-Litterman,KMB,0.01505
4994,2025-01-02,Black-Litterman,KLAC,0.0
4995,2025-01-02,Black-Litterman,LOW,0.0
4996,2025-01-02,Black-Litterman,MKC,0.03355
4997,2025-01-02,Black-Litterman,NEM,0.0
4998,2025-01-02,Black-Litterman,OLN,0.0
4999,2025-01-02,Black-Litterman,PH,0.0
5000,2025-01-02,Risk-Parity,PPG,0.018041788100361476
5001,2025-01-02,Risk-Parity,DELL,0.010577471220054355
5002,2025-01-02,Risk-Parity,QCOM,0.012121965523654275
5003,2025-01-02,Risk-Parity,AMAT,0.011079528220474337
5004,2025-01-02,Risk-Parity,MRK,0.03648470928491008
5005,2025-01-02,Risk-Parity,AME,0.019586400634561008
5006,2025-01-02,Risk-Parity,PG,0.04556475076309547
5007,2025-01-02,Risk-Parity,CL,0.043639231362225236
5008,2025-01-02,Risk-Parity,V,0.02276790104615619
5009,2025-01-02,Risk-Parity,MA,0.0216936378248669
5010,2025-01-02,Risk-Parity,MU,0.009876279024356628
5011,2025-01-02,Risk-Parity,T,0.03338066984576831
5012,2025-01-02,Risk-Parity,JPM,0.01475219787742806
5013,2025-01-02,Risk-Parity,JNJ,0.03787656719226588
5014,2025-01-02,Risk-Parity,INTC,0.007392553470608435
5015,2025-01-02,Risk-Parity,GE,0.014212135902866041
5016,2025-01-02,Risk-Parity,MS,0.011852910244673394
5017,2025-01-02,Risk-Parity,RTX,0.02775150497468347
5018,2025-01-02,Risk-Parity,TXN,0.011554736266554443
5019,2025-01-02,Risk-Parity,IBM,0.016343385927699378
5020,2025-01-02,Risk-Parity,SPGI,0.02222628351461689
5021,2025-01-02,Risk-Parity,LMT,0.04044410564758493
5022,2025-01-02,Risk-Parity,ADP,0.024681690073196778
5023,2025-01-02,Risk-Parity,COF,0.012075160268329811
5024,2025-01-02,Risk-Parity,WDC,0.011969828936183166
5025,2025-01-02,Risk-Parity,ABT,0.027528702759172293
5026,2025-01-02,Risk-Parity,GILD,0.026568146507434273
5027,2025-01-02,Risk-Parity,UNP,0.017104675240025364
5028,2025-01-02,Risk-Parity,ADI,0.010382587165805438
5029,2025-01-02,Risk-Parity,TMUS,0.033786864692122734
5030,2025-01-02,Risk-Parity,MMM,0.014980532498959333
5031,2025-01-02,Risk-Parity,ADBE,0.017941372396617906
5032,2025-01-02,Risk-Parity,AXP,0.013756401727119697
5033,2025-01-02,Risk-Parity,BA,0.019295143227087835
5034,2025-01-02,Risk-Parity,CVX,0.023135204152232764
5035,2025-01-02,Risk-Parity,CSCO,0.019206096046033933
5036,2025-01-02,Risk-Parity,DD,0.015821176147946772
5037,2025-01-02,Risk-Parity,XOM,0.02778204074035229
5038,2025-01-02,Risk-Parity,FDX,0.019346071634063516
5039,2025-01-02,Risk-Parity,GS,0.011657183377811655
5040,2025-01-02,Risk-Parity,GM,0.012469494328791507
5041,2025-01-02,Risk-Parity,HAS,0.01742458629140375
5042,2025-01-02,Risk-Parity,JBL,0.012628282571834577
5043,2025-01-02,Risk-Parity,KMB,0.02808763492749637
5044,2025-01-02,Risk-Parity,KLAC,0.010536086259226293
5045,2025-01-02,Risk-Parity,LOW,0.01523921489601702
5046,2025-01-02,Risk-Parity,MKC,0.03063949486195579
5047,2025-01-02,Risk-Parity,NEM,0.01396014620506735
5048,2025-01-02,Risk-Parity,OLN,0.011492706062552592
5049,2025-01-02,Risk-Parity,PH,0.011282762135693993
5050,2026-01-02,Simulated (Max Sharpe Ratio),PPG,0.04131660695544939
5051,2026-01-02,Simulated (Max Sharpe Ratio),DELL,0.0350723035105521
5052,2026-01-02,Simulated (Max Sharpe Ratio),QCOM,0.008090929292802354
5053,2026-01-02,Simulated (Max Sharpe Ratio),AMAT,0.022399771452627244
5054,2026-01-02,Simulated (Max Sharpe Ratio),MRK,0.0010158175498971194
5055,2026-01-02,Simulated (Max Sharpe Ratio),AME,0.0015250464652925783
5056,2026-01-02,Simulated (Max Sharpe Ratio),PG,0.0010584621564588134
5057,2026-01-02,Simulated (Max Sharpe Ratio),CL,0.04337923780977587
5058,2026-01-02,Simulated (Max Sharpe Ratio),V,0.024699636512564148
5059,2026-01-02,Simulated (Max Sharpe Ratio),MA,0.013067048573084748
5060,2026-01-02,Simulated (Max Sharpe Ratio),MU,0.021460764229417617
5061,2026-01-02,Simulated (Max Sharpe Ratio),T,0.005645767576363079
5062,2026-01-02,Simulated (Max Sharpe Ratio),JPM,0.0009066927079575291
5063,2026-01-02,Simulated (Max Sharpe Ratio),JNJ,0.015028941128433726
5064,2026-01-02,Simulated (Max Sharpe Ratio),INTC,0.0021709030089655783
5065,2026-01-02,Simulated (Max Sharpe Ratio),GE,0.015205029845207031
5066,2026-01-02,Simulated (Max Sharpe Ratio),MS,0.0001969739935413612
5067,2026-01-02,Simulated (Max Sharpe Ratio),RTX,0.006417449107003126
5068,2026-01-02,Simulated (Max Sharpe Ratio),TXN,0.0008887811024332096
5069,2026-01-02,Simulated (Max Sharpe Ratio),IBM,0.053567014577429586
5070,2026-01-02,Simulated (Max Sharpe Ratio),SPGI,0.0093013142259958
5071,2026-01-02,Simulated (Max Sharpe Ratio),LMT,0.06417711953449383
5072,2026-01-02,Simulated (Max Sharpe Ratio),ADP,0.023097828369679402
5073,2026-01-02,Simulated (Max Sharpe Ratio),COF,0.0005694717006871031
5074,2026-01-02,Simulated (Max Sharpe Ratio),WDC,0.18813095893821247
5075,2026-01-02,Simulated (Max Sharpe Ratio),ABT,0.00626560787188712
5076,2026-01-02,Simulated (Max Sharpe Ratio),GILD,0.016784092161122473
5077,2026-01-02,Simulated (Max Sharpe Ratio),UNP,0.026565489333302928
5078,2026-01-02,Simulated (Max Sharpe Ratio),ADI,0.013291169783330658
5079,2026-01-02,Simulated (Max Sharpe Ratio),TMUS,0.0016344085223021357
5080,2026-01-02,Simulated (Max Sharpe Ratio),MMM,0.0021536248823869203
5081,2026-01-02,Simulated (Max Sharpe Ratio),ADBE,0.005050787507979107
5082,2026-01-02,Simulated (Max Sharpe Ratio),AXP,0.010534646271576974
5083,2026-01-02,Simulated (Max Sharpe Ratio),BA,0.0016012718438436046
5084,2026-01-02,Simulated (Max Sharpe Ratio),CVX,0.03283653920468871
5085,2026-01-02,Simulated (Max Sharpe Ratio),CSCO,0.007997263403652581
5086,2026-01-02,Simulated (Max Sharpe Ratio),DD,0.0005231943283824646
5087,2026-01-02,Simulated (Max Sharpe Ratio),XOM,0.040278661248262466
5088,2026-01-02,Simulated (Max Sharpe Ratio),FDX,0.009431546946097083
5089,2026-01-02,Simulated (Max Sharpe Ratio),GS,0.009413863419151538
5090,2026-01-02,Simulated (Max Sharpe Ratio),GM,0.02995882638417936
5091,2026-01-02,Simulated (Max Sharpe Ratio),HAS,0.017462842966746474
5092,2026-01-02,Simulated (Max Sharpe Ratio),JBL,0.011581496567339233
5093,2026-01-02,Simulated (Max Sharpe Ratio),KMB,0.010310362839115387
5094,2026-01-02,Simulated (Max Sharpe Ratio),KLAC,0.02640199585030167
5095,2026-01-02,Simulated (Max Sharpe Ratio),LOW,0.03302416620927819
5096,2026-01-02,Simulated (Max Sharpe Ratio),MKC,0.019006396856055607
5097,2026-01-02,Simulated (Max Sharpe Ratio),NEM,0.032376424282758026
5098,2026-01-02,Simulated (Max Sharpe Ratio),OLN,0.008284756509790917
5099,2026-01-02,Simulated (Max Sharpe Ratio),PH,0.02884069448214321
5100,2026-01-02,Equal-Weight,PPG,0.02
5101,2026-01-02,Equal-Weight,DELL,0.02
5102,2026-01-02,Equal-Weight,QCOM,0.02
5103,2026-01-02,Equal-Weight,AMAT,0.02
5104,2026-01-02,Equal-Weight,MRK,0.02
5105,2026-01-02,Equal-Weight,AME,0.02
5106,2026-01-02,Equal-Weight,PG,0.02
5107,2026-01-02,Equal-Weight,CL,0.02
5108,2026-01-02,Equal-Weight,V,0.02
5109,2026-01-02,Equal-Weight,MA,0.02
5110,2026-01-02,Equal-Weight,MU,0.02
5111,2026-01-02,Equal-Weight,T,0.02
5112,2026-01-02,Equal-Weight,JPM,0.02
5113,2026-01-02,Equal-Weight,JNJ,0.02
5114,2026-01-02,Equal-Weight,INTC,0.02
5115,2026-01-02,Equal-Weight,GE,0.02
5116,2026-01-02,Equal-Weight,MS,0.02
5117,2026-01-02,Equal-Weight,RTX,0.02
5118,2026-01-02,Equal-Weight,TXN,0.02
5119,2026-01-02,Equal-Weight,IBM,0.02
5120,2026-01-02,Equal-Weight,SPGI,0.02
5121,2026-01-02,Equal-Weight,LMT,0.02
5122,2026-01-02,Equal-Weight,ADP,0.02
5123,2026-01-02,Equal-Weight,COF,0.02
5124,2026-01-02,Equal-Weight,WDC,0.02
5125,2026-01-02,Equal-Weight,ABT,0.02
5126,2026-01-02,Equal-Weight,GILD,0.02
5127,2026-01-02,Equal-Weight,UNP,0.02
5128,2026-01-02,Equal-Weight,ADI,0.02
5129,2026-01-02,Equal-Weight,TMUS,0.02
5130,2026-01-02,Equal-Weight,MMM,0.02
5131,2026-01-02,Equal-Weight,ADBE,0.02
5132,2026-01-02,Equal-Weight,AXP,0.02
5133,2026-01-02,Equal-Weight,BA,0.02
5134,2026-01-02,Equal-Weight,CVX,0.02
5135,2026-01-02,Equal-Weight,CSCO,0.02
5136,2026-01-02,Equal-Weight,DD,0.02
5137,2026-01-02,Equal-Weight,XOM,0.02
5138,2026-01-02,Equal-Weight,FDX,0.02
5139,2026-01-02,Equal-Weight,GS,0.02
5140,2026-01-02,Equal-Weight,GM,0.02
5141,2026-01-02,Equal-Weight,HAS,0.02
5142,2026-01-02,Equal-Weight,JBL,0.02
5143,2026-01-02,Equal-Weight,KMB,0.02
5144,2026-01-02,Equal-Weight,KLAC,0.02
5145,2026-01-02,Equal-Weight,LOW,0.02
5146,2026-01-02,Equal-Weight,MKC,0.02
5147,2026-01-02,Equal-Weight,NEM,0.02
5148,2026-01-02,Equal-Weight,OLN,0.02
5149,2026-01-02,Equal-Weight,PH,0.02
5150,2026-01-02,Markowitz,PPG,0.0
5151,2026-01-02,Markowitz,DELL,0.0
5152,2026-01-02,Markowitz,QCOM,0.0
5153,2026-01-02,Markowitz,AMAT,0.0
5154,2026-01-02,Markowitz,MRK,0.0
5155,2026-01-02,Markowitz,AME,0.0
5156,2026-01-02,Markowitz,PG,0.0
5157,2026-01-02,Markowitz,CL,0.0
5158,2026-01-02,Markowitz,V,0.0
5159,2026-01-02,Markowitz,MA,0.0
5160,2026-01-02,Markowitz,MU,0.01678
5161,2026-01-02,Markowitz,T,0.05274
5162,2026-01-02,Markowitz,JPM,0.0
5163,2026-01-02,Markowitz,JNJ,0.3
5164,2026-01-02,Markowitz,INTC,0.0
5165,2026-01-02,Markowitz,GE,0.0
5166,2026-01-02,Markowitz,MS,0.0
5167,2026-01-02,Markowitz,RTX,0.03744
5168,2026-01-02,Markowitz,TXN,0.0
5169,2026-01-02,Markowitz,IBM,0.0
5170,2026-01-02,Markowitz,SPGI,0.0
5171,2026-01-02,Markowitz,LMT,0.0
5172,2026-01-02,Markowitz,ADP,0.0
5173,2026-01-02,Markowitz,COF,0.0
5174,2026-01-02,Markowitz,WDC,0.3
5175,2026-01-02,Markowitz,ABT,0.0
5176,2026-01-02,Markowitz,GILD,0.0131
5177,2026-01-02,Markowitz,UNP,0.0
5178,2026-01-02,Markowitz,ADI,0.0
5179,2026-01-02,Markowitz,TMUS,0.0
5180,2026-01-02,Markowitz,MMM,0.0
5181,2026-01-02,Markowitz,ADBE,0.0
5182,2026-01-02,Markowitz,AXP,0.0
5183,2026-01-02,Markowitz,BA,0.0
5184,2026-01-02,Markowitz,CVX,0.0
5185,2026-01-02,Markowitz,CSCO,0.0
5186,2026-01-02,Markowitz,DD,0.0
5187,2026-01-02,Markowitz,XOM,0.0
5188,2026-01-02,Markowitz,FDX,0.0
5189,2026-01-02,Markowitz,GS,0.0
5190,2026-01-02,Markowitz,GM,0.01281
5191,2026-01-02,Markowitz,HAS,0.0
5192,2026-01-02,Markowitz,JBL,0.0
5193,2026-01-02,Markowitz,KMB,0.0
5194,2026-01-02,Markowitz,KLAC,0.0
5195,2026-01-02,Markowitz,LOW,0.0
5196,2026-01-02,Markowitz,MKC,0.0
5197,2026-01-02,Markowitz,NEM,0.26713
5198,2026-01-02,Markowitz,OLN,0.0
5199,2026-01-02,Markowitz,PH,0.0
5200,2026-01-02,Black-Litterman,PPG,0.0
5201,2026-01-02,Black-Litterman,DELL,0.0
5202,2026-01-02,Black-Litterman,QCOM,0.0
5203,2026-01-02,Black-Litterman,AMAT,0.02633
5204,2026-01-02,Black-Litterman,MRK,0.0
5205,2026-01-02,Black-Litterman,AME,0.02721
5206,2026-01-02,Black-Litterman,PG,0.0
5207,2026-01-02,Black-Litterman,CL,0.01197
5208,2026-01-02,Black-Litterman,V,0.17225
5209,2026-01-02,Black-Litterman,MA,0.12421
5210,2026-01-02,Black-Litterman,MU,0.04606
5211,2026-01-02,Black-Litterman,T,0.0
5212,2026-01-02,Black-Litterman,JPM,0.06332
5213,2026-01-02,Black-Litterman,JNJ,0.04731
5214,2026-01-02,Black-Litterman,INTC,0.0
5215,2026-01-02,Black-Litterman,GE,0.03598
5216,2026-01-02,Black-Litterman,MS,0.0
5217,2026-01-02,Black-Litterman,RTX,0.11088
5218,2026-01-02,Black-Litterman,TXN,0.0
5219,2026-01-02,Black-Litterman,IBM,0.00654
5220,2026-01-02,Black-Litterman,SPGI,0.04108
5221,2026-01-02,Black-Litterman,LMT,0.08652
5222,2026-01-02,Black-Litterman,ADP,0.0
5223,2026-01-02,Black-Litterman,COF,0.0
5224,2026-01-02,Black-Litterman,WDC,0.0
5225,2026-01-02,Black-Litterman,ABT,0.01505
5226,2026-01-02,Black-Litterman,GILD,0.0
5227,2026-01-02,Black-Litterman,UNP,0.0
5228,2026-01-02,Black-Litterman,ADI,0.0
5229,2026-01-02,Black-Litterman,TMUS,0.11235
5230,2026-01-02,Black-Litterman,MMM,0.0
5231,2026-01-02,Black-Litterman,ADBE,0.06117
5232,2026-01-02,Black-Litterman,AXP,0.0
5233,2026-01-02,Black-Litterman,BA,0.0
5234,2026-01-02,Black-Litterman,CVX,0.0
5235,2026-01-02,Black-Litterman,CSCO,0.0
5236,2026-01-02,Black-Litterman,DD,0.0
5237,2026-01-02,Black-Litterman,XOM,0.00587
5238,2026-01-02,Black-Litterman,FDX,0.0
5239,2026-01-02,Black-Litterman,GS,0.0
5240,2026-01-02,Black-Litterman,GM,0.0
5241,2026-01-02,Black-Litterman,HAS,0.0
5242,2026-01-02,Black-Litterman,JBL,0.0
5243,2026-01-02,Black-Litterman,KMB,0.00589
5244,2026-01-02,Black-Litterman,KLAC,0.0
5245,2026-01-02,Black-Litterman,LOW,0.0
5246,2026-01-02,Black-Litterman,MKC,0.0
5247,2026-01-02,Black-Litterman,NEM,0.0
5248,2026-01-02,Black-Litterman,OLN,0.0
5249,2026-01-02,Black-Litterman,PH,0.0
5250,2026-01-02,Risk-Parity,PPG,0.014231606516868195
5251,2026-01-02,Risk-Parity,DELL,0.011610876606646453
5252,2026-01-02,Risk-Parity,QCOM,0.011549866158607867
5253,2026-01-02,Risk-Parity,AMAT,0.011999722403580859
5254,2026-01-02,Risk-Parity,MRK,0.02343782566526154
5255,2026-01-02,Risk-Parity,AME,0.01938365491925068
5256,2026-01-02,Risk-Parity,PG,0.03669789699423675
5257,2026-01-02,Risk-Parity,CL,0.040099501656396516
5258,2026-01-02,Risk-Parity,V,0.018716369379545898
5259,2026-01-02,Risk-Parity,MA,0.018060356388651545
5260,2026-01-02,Risk-Parity,MU,0.009397917194406231
5261,2026-01-02,Risk-Parity,T,0.04061074201214752
5262,2026-01-02,Risk-Parity,JPM,0.01779397065910249
5263,2026-01-02,Risk-Parity,JNJ,0.045424088000364043
5264,2026-01-02,Risk-Parity,INTC,0.010750469876296308
5265,2026-01-02,Risk-Parity,GE,0.016235198166729334
5266,2026-01-02,Risk-Parity,MS,0.014061159307540063
5267,2026-01-02,Risk-Parity,RTX,0.024448461323962698
5268,2026-01-02,Risk-Parity,TXN,0.012192517331869698
5269,2026-01-02,Risk-Parity,IBM,0.02076941793379177
5270,2026-01-02,Risk-Parity,SPGI,0.01996143385580008
5271,2026-01-02,Risk-Parity,LMT,0.03843759248287195
5272,2026-01-02,Risk-Parity,ADP,0.023252018494108413
5273,2026-01-02,Risk-Parity,COF,0.012163267422161266
5274,2026-01-02,Risk-Parity,WDC,0.012214860110918838
5275,2026-01-02,Risk-Parity,ABT,0.03155780408676685
5276,2026-01-02,Risk-Parity,GILD,0.02645623464224284
5277,2026-01-02,Risk-Parity,UNP,0.019775881308232827
5278,2026-01-02,Risk-Parity,ADI,0.010656698971741022
5279,2026-01-02,Risk-Parity,TMUS,0.03302936639914499
5280,2026-01-02,Risk-Parity,MMM,0.014224214574001628
5281,2026-01-02,Risk-Parity,ADBE,0.01932597291685648
5282,2026-01-02,Risk-Parity,AXP,0.012873244543298598
5283,2026-01-02,Risk-Parity,BA,0.014388512490559092
5284,2026-01-02,Risk-Parity,CVX,0.02202949478545768
5285,2026-01-02,Risk-Parity,CSCO,0.02045014528499614
5286,2026-01-02,Risk-Parity,DD,0.011625270846524127
5287,2026-01-02,Risk-Parity,XOM,0.025604175027302573
5288,2026-01-02,Risk-Parity,FDX,0.014860752115970582
5289,2026-01-02,Risk-Parity,GS,0.013497828969385298
5290,2026-01-02,Risk-Parity,GM,0.01694643627646261
5291,2026-01-02,Risk-Parity,HAS,0.014085747761183045
5292,2026-01-02,Risk-Parity,JBL,0.014147591035156391
5293,2026-01-02,Risk-Parity,KMB,0.03522996329238148
5294,2026-01-02,Risk-Parity,KLAC,0.011615480737982157
5295,2026-01-02,Risk-Parity,LOW,0.021264552461600198
5296,2026-01-02,Risk-Parity,MKC,0.025774485331295345
5297,2026-01-02,Risk-Parity,NEM,0.025610532705397312
5298,2026-01-02,Risk-Parity,OLN,0.008224569843678206
5299,2026-01-02,Risk-Parity,PH,0.013244252731265577
