,Date,Model,Rolling Annualized Return,Rolling Annualized Volatility,Rolling Sharpe,Rolling 12M Return
0,2021-01-05,Simulated (Max Sharpe Ratio),,,,
1,2021-01-06,Simulated (Max Sharpe Ratio),,,,
2,2021-01-07,Simulated (Max Sharpe Ratio),,,,
3,2021-01-08,Simulated (Max Sharpe Ratio),,,,
4,2021-01-11,Simulated (Max Sharpe Ratio),,,,
5,2021-01-12,Simulated (Max Sharpe Ratio),,,,
6,2021-01-13,Simulated (Max Sharpe Ratio),,,,
7,2021-01-14,Simulated (Max Sharpe Ratio),,,,
8,2021-01-15,Simulated (Max Sharpe Ratio),,,,
9,2021-01-19,Simulated (Max Sharpe Ratio),,,,
10,2021-01-20,Simulated (Max Sharpe Ratio),,,,
11,2021-01-21,Simulated (Max Sharpe Ratio),,,,
12,2021-01-22,Simulated (Max Sharpe Ratio),,,,
13,2021-01-25,Simulated (Max Sharpe Ratio),,,,
14,2021-01-26,Simulated (Max Sharpe Ratio),,,,
15,2021-01-27,Simulated (Max Sharpe Ratio),,,,
16,2021-01-28,Simulated (Max Sharpe Ratio),,,,
17,2021-01-29,Simulated (Max Sharpe Ratio),,,,
18,2021-02-01,Simulated (Max Sharpe Ratio),,,,
19,2021-02-02,Simulated (Max Sharpe Ratio),,,,
20,2021-02-03,Simulated (Max Sharpe Ratio),,,,
21,2021-02-04,Simulated (Max Sharpe Ratio),,,,
22,2021-02-05,Simulated (Max Sharpe Ratio),,,,
23,2021-02-08,Simulated (Max Sharpe Ratio),,,,
24,2021-02-09,Simulated (Max Sharpe Ratio),,,,
25,2021-02-10,Simulated (Max Sharpe Ratio),,,,
26,2021-02-11,Simulated (Max Sharpe Ratio),,,,
27,2021-02-12,Simulated (Max Sharpe Ratio),,,,
28,2021-02-16,Simulated (Max Sharpe Ratio),,,,
29,2021-02-17,Simulated (Max Sharpe Ratio),,,,
30,2021-02-18,Simulated (Max Sharpe Ratio),,,,
31,2021-02-19,Simulated (Max Sharpe Ratio),,,,
32,2021-02-22,Simulated (Max Sharpe Ratio),,,,
33,2021-02-23,Simulated (Max Sharpe Ratio),,,,
34,2021-02-24,Simulated (Max Sharpe Ratio),,,,
35,2021-02-25,Simulated (Max Sharpe Ratio),,,,
36,2021-02-26,Simulated (Max Sharpe Ratio),,,,
37,2021-03-01,Simulated (Max Sharpe Ratio),,,,
38,2021-03-02,Simulated (Max Sharpe Ratio),,,,
39,2021-03-03,Simulated (Max Sharpe Ratio),,,,
40,2021-03-04,Simulated (Max Sharpe Ratio),,,,
41,2021-03-05,Simulated (Max Sharpe Ratio),,,,
42,2021-03-08,Simulated (Max Sharpe Ratio),,,,
43,2021-03-09,Simulated (Max Sharpe Ratio),,,,
44,2021-03-10,Simulated (Max Sharpe Ratio),,,,
45,2021-03-11,Simulated (Max Sharpe Ratio),,,,
46,2021-03-12,Simulated (Max Sharpe Ratio),,,,
47,2021-03-15,Simulated (Max Sharpe Ratio),,,,
48,2021-03-16,Simulated (Max Sharpe Ratio),,,,
49,2021-03-17,Simulated (Max Sharpe Ratio),,,,
50,2021-03-18,Simulated (Max Sharpe Ratio),,,,
51,2021-03-19,Simulated (Max Sharpe Ratio),,,,
52,2021-03-22,Simulated (Max Sharpe Ratio),,,,
53,2021-03-23,Simulated (Max Sharpe Ratio),,,,
54,2021-03-24,Simulated (Max Sharpe Ratio),,,,
55,2021-03-25,Simulated (Max Sharpe Ratio),,,,
56,2021-03-26,Simulated (Max Sharpe Ratio),,,,
57,2021-03-29,Simulated (Max Sharpe Ratio),,,,
58,2021-03-30,Simulated (Max Sharpe Ratio),,,,
59,2021-03-31,Simulated (Max Sharpe Ratio),,,,
60,2021-04-01,Simulated (Max Sharpe Ratio),,,,
61,2021-04-05,Simulated (Max Sharpe Ratio),,,,
62,2021-04-06,Simulated (Max Sharpe Ratio),,,,
63,2021-04-07,Simulated (Max Sharpe Ratio),,,,
64,2021-04-08,Simulated (Max Sharpe Ratio),,,,
65,2021-04-09,Simulated (Max Sharpe Ratio),,,,
66,2021-04-12,Simulated (Max Sharpe Ratio),,,,
67,2021-04-13,Simulated (Max Sharpe Ratio),,,,
68,2021-04-14,Simulated (Max Sharpe Ratio),,,,
69,2021-04-15,Simulated (Max Sharpe Ratio),,,,
70,2021-04-16,Simulated (Max Sharpe Ratio),,,,
71,2021-04-19,Simulated (Max Sharpe Ratio),,,,
72,2021-04-20,Simulated (Max Sharpe Ratio),,,,
73,2021-04-21,Simulated (Max Sharpe Ratio),,,,
74,2021-04-22,Simulated (Max Sharpe Ratio),,,,
75,2021-04-23,Simulated (Max Sharpe Ratio),,,,
76,2021-04-26,Simulated (Max Sharpe Ratio),,,,
77,2021-04-27,Simulated (Max Sharpe Ratio),,,,
78,2021-04-28,Simulated (Max Sharpe Ratio),,,,
79,2021-04-29,Simulated (Max Sharpe Ratio),,,,
80,2021-04-30,Simulated (Max Sharpe Ratio),,,,
81,2021-05-03,Simulated (Max Sharpe Ratio),,,,
82,2021-05-04,Simulated (Max Sharpe Ratio),,,,
83,2021-05-05,Simulated (Max Sharpe Ratio),,,,
84,2021-05-06,Simulated (Max Sharpe Ratio),,,,
85,2021-05-07,Simulated (Max Sharpe Ratio),,,,
86,2021-05-10,Simulated (Max Sharpe Ratio),,,,
87,2021-05-11,Simulated (Max Sharpe Ratio),,,,
88,2021-05-12,Simulated (Max Sharpe Ratio),,,,
89,2021-05-13,Simulated (Max Sharpe Ratio),,,,
90,2021-05-14,Simulated (Max Sharpe Ratio),,,,
91,2021-05-17,Simulated (Max Sharpe Ratio),,,,
92,2021-05-18,Simulated (Max Sharpe Ratio),,,,
93,2021-05-19,Simulated (Max Sharpe Ratio),,,,
94,2021-05-20,Simulated (Max Sharpe Ratio),,,,
95,2021-05-21,Simulated (Max Sharpe Ratio),,,,
96,2021-05-24,Simulated (Max Sharpe Ratio),,,,
97,2021-05-25,Simulated (Max Sharpe Ratio),,,,
98,2021-05-26,Simulated (Max Sharpe Ratio),,,,
99,2021-05-27,Simulated (Max Sharpe Ratio),,,,
100,2021-05-28,Simulated (Max Sharpe Ratio),,,,
101,2021-06-01,Simulated (Max Sharpe Ratio),,,,
102,2021-06-02,Simulated (Max Sharpe Ratio),,,,
103,2021-06-03,Simulated (Max Sharpe Ratio),,,,
104,2021-06-04,Simulated (Max Sharpe Ratio),,,,
105,2021-06-07,Simulated (Max Sharpe Ratio),,,,
106,2021-06-08,Simulated (Max Sharpe Ratio),,,,
107,2021-06-09,Simulated (Max Sharpe Ratio),,,,
108,2021-06-10,Simulated (Max Sharpe Ratio),,,,
109,2021-06-11,Simulated (Max Sharpe Ratio),,,,
110,2021-06-14,Simulated (Max Sharpe Ratio),,,,
111,2021-06-15,Simulated (Max Sharpe Ratio),,,,
112,2021-06-16,Simulated (Max Sharpe Ratio),,,,
113,2021-06-17,Simulated (Max Sharpe Ratio),,,,
114,2021-06-18,Simulated (Max Sharpe Ratio),,,,
115,2021-06-21,Simulated (Max Sharpe Ratio),,,,
116,2021-06-22,Simulated (Max Sharpe Ratio),,,,
117,2021-06-23,Simulated (Max Sharpe Ratio),,,,
118,2021-06-24,Simulated (Max Sharpe Ratio),,,,
119,2021-06-25,Simulated (Max Sharpe Ratio),,,,
120,2021-06-28,Simulated (Max Sharpe Ratio),,,,
121,2021-06-29,Simulated (Max Sharpe Ratio),,,,
122,2021-06-30,Simulated (Max Sharpe Ratio),,,,
123,2021-07-01,Simulated (Max Sharpe Ratio),,,,
124,2021-07-02,Simulated (Max Sharpe Ratio),,,,
125,2021-07-06,Simulated (Max Sharpe Ratio),,,,
126,2021-07-07,Simulated (Max Sharpe Ratio),,,,
127,2021-07-08,Simulated (Max Sharpe Ratio),,,,
128,2021-07-09,Simulated (Max Sharpe Ratio),,,,
129,2021-07-12,Simulated (Max Sharpe Ratio),,,,
130,2021-07-13,Simulated (Max Sharpe Ratio),,,,
131,2021-07-14,Simulated (Max Sharpe Ratio),,,,
132,2021-07-15,Simulated (Max Sharpe Ratio),,,,
133,2021-07-16,Simulated (Max Sharpe Ratio),,,,
134,2021-07-19,Simulated (Max Sharpe Ratio),,,,
135,2021-07-20,Simulated (Max Sharpe Ratio),,,,
136,2021-07-21,Simulated (Max Sharpe Ratio),,,,
137,2021-07-22,Simulated (Max Sharpe Ratio),,,,
138,2021-07-23,Simulated (Max Sharpe Ratio),,,,
139,2021-07-26,Simulated (Max Sharpe Ratio),,,,
140,2021-07-27,Simulated (Max Sharpe Ratio),,,,
141,2021-07-28,Simulated (Max Sharpe Ratio),,,,
142,2021-07-29,Simulated (Max Sharpe Ratio),,,,
143,2021-07-30,Simulated (Max Sharpe Ratio),,,,
144,2021-08-02,Simulated (Max Sharpe Ratio),,,,
145,2021-08-03,Simulated (Max Sharpe Ratio),,,,
146,2021-08-04,Simulated (Max Sharpe Ratio),,,,
147,2021-08-05,Simulated (Max Sharpe Ratio),,,,
148,2021-08-06,Simulated (Max Sharpe Ratio),,,,
149,2021-08-09,Simulated (Max Sharpe Ratio),,,,
150,2021-08-10,Simulated (Max Sharpe Ratio),,,,
151,2021-08-11,Simulated (Max Sharpe Ratio),,,,
152,2021-08-12,Simulated (Max Sharpe Ratio),,,,
153,2021-08-13,Simulated (Max Sharpe Ratio),,,,
154,2021-08-16,Simulated (Max Sharpe Ratio),,,,
155,2021-08-17,Simulated (Max Sharpe Ratio),,,,
156,2021-08-18,Simulated (Max Sharpe Ratio),,,,
157,2021-08-19,Simulated (Max Sharpe Ratio),,,,
158,2021-08-20,Simulated (Max Sharpe Ratio),,,,
159,2021-08-23,Simulated (Max Sharpe Ratio),,,,
160,2021-08-24,Simulated (Max Sharpe Ratio),,,,
161,2021-08-25,Simulated (Max Sharpe Ratio),,,,
162,2021-08-26,Simulated (Max Sharpe Ratio),,,,
163,2021-08-27,Simulated (Max Sharpe Ratio),,,,
164,2021-08-30,Simulated (Max Sharpe Ratio),,,,
165,2021-08-31,Simulated (Max Sharpe Ratio),,,,
166,2021-09-01,Simulated (Max Sharpe Ratio),,,,
167,2021-09-02,Simulated (Max Sharpe Ratio),,,,
168,2021-09-03,Simulated (Max Sharpe Ratio),,,,
169,2021-09-07,Simulated (Max Sharpe Ratio),,,,
170,2021-09-08,Simulated (Max Sharpe Ratio),,,,
171,2021-09-09,Simulated (Max Sharpe Ratio),,,,
172,2021-09-10,Simulated (Max Sharpe Ratio),,,,
173,2021-09-13,Simulated (Max Sharpe Ratio),,,,
174,2021-09-14,Simulated (Max Sharpe Ratio),,,,
175,2021-09-15,Simulated (Max Sharpe Ratio),,,,
176,2021-09-16,Simulated (Max Sharpe Ratio),,,,
177,2021-09-17,Simulated (Max Sharpe Ratio),,,,
178,2021-09-20,Simulated (Max Sharpe Ratio),,,,
179,2021-09-21,Simulated (Max Sharpe Ratio),,,,
180,2021-09-22,Simulated (Max Sharpe Ratio),,,,
181,2021-09-23,Simulated (Max Sharpe Ratio),,,,
182,2021-09-24,Simulated (Max Sharpe Ratio),,,,
183,2021-09-27,Simulated (Max Sharpe Ratio),,,,
184,2021-09-28,Simulated (Max Sharpe Ratio),,,,
185,2021-09-29,Simulated (Max Sharpe Ratio),,,,
186,2021-09-30,Simulated (Max Sharpe Ratio),,,,
187,2021-10-01,Simulated (Max Sharpe Ratio),,,,
188,2021-10-04,Simulated (Max Sharpe Ratio),,,,
189,2021-10-05,Simulated (Max Sharpe Ratio),,,,
190,2021-10-06,Simulated (Max Sharpe Ratio),,,,
191,2021-10-07,Simulated (Max Sharpe Ratio),,,,
192,2021-10-08,Simulated (Max Sharpe Ratio),,,,
193,2021-10-11,Simulated (Max Sharpe Ratio),,,,
194,2021-10-12,Simulated (Max Sharpe Ratio),,,,
195,2021-10-13,Simulated (Max Sharpe Ratio),,,,
196,2021-10-14,Simulated (Max Sharpe Ratio),,,,
197,2021-10-15,Simulated (Max Sharpe Ratio),,,,
198,2021-10-18,Simulated (Max Sharpe Ratio),,,,
199,2021-10-19,Simulated (Max Sharpe Ratio),,,,
200,2021-10-20,Simulated (Max Sharpe Ratio),,,,
201,2021-10-21,Simulated (Max Sharpe Ratio),,,,
202,2021-10-22,Simulated (Max Sharpe Ratio),,,,
203,2021-10-25,Simulated (Max Sharpe Ratio),,,,
204,2021-10-26,Simulated (Max Sharpe Ratio),,,,
205,2021-10-27,Simulated (Max Sharpe Ratio),,,,
206,2021-10-28,Simulated (Max Sharpe Ratio),,,,
207,2021-10-29,Simulated (Max Sharpe Ratio),,,,
208,2021-11-01,Simulated (Max Sharpe Ratio),,,,
209,2021-11-02,Simulated (Max Sharpe Ratio),,,,
210,2021-11-03,Simulated (Max Sharpe Ratio),,,,
211,2021-11-04,Simulated (Max Sharpe Ratio),,,,
212,2021-11-05,Simulated (Max Sharpe Ratio),,,,
213,2021-11-08,Simulated (Max Sharpe Ratio),,,,
214,2021-11-09,Simulated (Max Sharpe Ratio),,,,
215,2021-11-10,Simulated (Max Sharpe Ratio),,,,
216,2021-11-11,Simulated (Max Sharpe Ratio),,,,
217,2021-11-12,Simulated (Max Sharpe Ratio),,,,
218,2021-11-15,Simulated (Max Sharpe Ratio),,,,
219,2021-11-16,Simulated (Max Sharpe Ratio),,,,
220,2021-11-17,Simulated (Max Sharpe Ratio),,,,
221,2021-11-18,Simulated (Max Sharpe Ratio),,,,
222,2021-11-19,Simulated (Max Sharpe Ratio),,,,
223,2021-11-22,Simulated (Max Sharpe Ratio),,,,
224,2021-11-23,Simulated (Max Sharpe Ratio),,,,
225,2021-11-24,Simulated (Max Sharpe Ratio),,,,
226,2021-11-26,Simulated (Max Sharpe Ratio),,,,
227,2021-11-29,Simulated (Max Sharpe Ratio),,,,
228,2021-11-30,Simulated (Max Sharpe Ratio),,,,
229,2021-12-01,Simulated (Max Sharpe Ratio),,,,
230,2021-12-02,Simulated (Max Sharpe Ratio),,,,
231,2021-12-03,Simulated (Max Sharpe Ratio),,,,
232,2021-12-06,Simulated (Max Sharpe Ratio),,,,
233,2021-12-07,Simulated (Max Sharpe Ratio),,,,
234,2021-12-08,Simulated (Max Sharpe Ratio),,,,
235,2021-12-09,Simulated (Max Sharpe Ratio),,,,
236,2021-12-10,Simulated (Max Sharpe Ratio),,,,
237,2021-12-13,Simulated (Max Sharpe Ratio),,,,
238,2021-12-14,Simulated (Max Sharpe Ratio),,,,
239,2021-12-15,Simulated (Max Sharpe Ratio),,,,
240,2021-12-16,Simulated (Max Sharpe Ratio),,,,
241,2021-12-17,Simulated (Max Sharpe Ratio),,,,
242,2021-12-20,Simulated (Max Sharpe Ratio),,,,
243,2021-12-21,Simulated (Max Sharpe Ratio),,,,
244,2021-12-22,Simulated (Max Sharpe Ratio),,,,
245,2021-12-23,Simulated (Max Sharpe Ratio),,,,
246,2021-12-27,Simulated (Max Sharpe Ratio),,,,
247,2021-12-28,Simulated (Max Sharpe Ratio),,,,
248,2021-12-29,Simulated (Max Sharpe Ratio),,,,
249,2021-12-30,Simulated (Max Sharpe Ratio),,,,
250,2021-12-31,Simulated (Max Sharpe Ratio),,,,
251,2022-01-03,Simulated (Max Sharpe Ratio),0.19728869043554187,0.15296844037864843,0.9628697924287699,0.20390575741386985
252,2022-01-04,Simulated (Max Sharpe Ratio),0.19358938354582433,0.15274485379538705,0.9400603685029734,0.1995041987497741
253,2022-01-05,Simulated (Max Sharpe Ratio),0.17914595057327853,0.1532205046677666,0.8428764208374737,0.1822300821268934
254,2022-01-06,Simulated (Max Sharpe Ratio),0.1690474050612153,0.15277585885303632,0.7792291658836863,0.17043808832247587
255,2022-01-07,Simulated (Max Sharpe Ratio),0.16503890651049602,0.1527844069735179,0.7529492622269739,0.16575735406855352
256,2022-01-10,Simulated (Max Sharpe Ratio),0.16362132257772877,0.1528222292355855,0.7434868811040182,0.16410032145143516
257,2022-01-11,Simulated (Max Sharpe Ratio),0.17308740323231642,0.15304335257241145,0.8042649429943612,0.17512537541667328
258,2022-01-12,Simulated (Max Sharpe Ratio),0.1719010940033867,0.1530270686658681,0.7965982428217037,0.17373599549590435
259,2022-01-13,Simulated (Max Sharpe Ratio),0.16091960989090437,0.1530173277344456,0.7248826752706082,0.1609271525080369
260,2022-01-14,Simulated (Max Sharpe Ratio),0.17067039389130723,0.1526392149161671,0.7905595816748803,0.1723628347706525
261,2022-01-18,Simulated (Max Sharpe Ratio),0.13453380979003737,0.1531767635212335,0.5518709747273073,0.1306815655368525
262,2022-01-19,Simulated (Max Sharpe Ratio),0.12049877715385082,0.15361507951317677,0.4589313586743519,0.11485596441023094
263,2022-01-20,Simulated (Max Sharpe Ratio),0.10659496297447746,0.15451226225188902,0.36628136919136683,0.09931637378247138
264,2022-01-21,Simulated (Max Sharpe Ratio),0.10567516097990426,0.15458669924559718,0.3601549243990987,0.09829337762110546
265,2022-01-24,Simulated (Max Sharpe Ratio),0.10347957860455481,0.15453060897740326,0.3460775762061161,0.09589504440813523
266,2022-01-25,Simulated (Max Sharpe Ratio),0.10524352113518087,0.15450309586374733,0.35755607890147934,0.09783370103702294
267,2022-01-26,Simulated (Max Sharpe Ratio),0.1309889107024167,0.15112024618831252,0.5359236286678329,0.12704437653780642
268,2022-01-27,Simulated (Max Sharpe Ratio),0.11632663838958568,0.15082558460283985,0.4397572107162039,0.11069661749046
269,2022-01-28,Simulated (Max Sharpe Ratio),0.14289386242021118,0.15074860147950472,0.6162170760359639,0.14059959675161227
270,2022-01-31,Simulated (Max Sharpe Ratio),0.1413402094767806,0.1505780026641226,0.6065972974852305,0.13885852449808844
271,2022-02-01,Simulated (Max Sharpe Ratio),0.13429208075219656,0.1499817417611502,0.56201561445015,0.13096381273673718
272,2022-02-02,Simulated (Max Sharpe Ratio),0.15122030109661522,0.14996193782853845,0.6749732803022803,0.1502648222447538
273,2022-02-03,Simulated (Max Sharpe Ratio),0.15022197606420762,0.15002481490434375,0.6680359920997698,0.14910685883448305
274,2022-02-04,Simulated (Max Sharpe Ratio),0.14706969278365256,0.1501186549977913,0.6466197874280232,0.1454762571436541
275,2022-02-07,Simulated (Max Sharpe Ratio),0.13369242521112668,0.1497851215795891,0.5587499234138303,0.1303191817075524
276,2022-02-08,Simulated (Max Sharpe Ratio),0.1482922861588507,0.14998789187169376,0.6553348069118422,0.14689906285417842
277,2022-02-09,Simulated (Max Sharpe Ratio),0.1646581898223266,0.15050053850563505,0.7618457113894882,0.16572321120785216
278,2022-02-10,Simulated (Max Sharpe Ratio),0.1436037047402554,0.1513792472776436,0.618339081634998,0.14129832158158084
279,2022-02-11,Simulated (Max Sharpe Ratio),0.12371058704021799,0.15167330884564517,0.48598258718830845,0.11878002471137972
280,2022-02-14,Simulated (Max Sharpe Ratio),0.11708612450269373,0.1520011096849671,0.4413528601319714,0.1113412324147065
281,2022-02-15,Simulated (Max Sharpe Ratio),0.14098529353861222,0.152490964822435,0.5966602260308222,0.13812445181483368
282,2022-02-16,Simulated (Max Sharpe Ratio),0.14410317976274334,0.1524853063830277,0.617129492636921,0.1416775029502384
283,2022-02-17,Simulated (Max Sharpe Ratio),0.12732613592036046,0.15340948653956124,0.5040505490540156,0.12253377603595572
284,2022-02-18,Simulated (Max Sharpe Ratio),0.13284353660199466,0.15298149021637833,0.5415265368693954,0.12881568786928033
285,2022-02-22,Simulated (Max Sharpe Ratio),0.12152870148648798,0.15344418089477496,0.4661545395164845,0.11604232493173106
286,2022-02-23,Simulated (Max Sharpe Ratio),0.08902866019725841,0.15221766961022848,0.2564003265665278,0.08056601798647334
287,2022-02-24,Simulated (Max Sharpe Ratio),0.11504193347671032,0.15002000482542882,0.43355506855500064,0.10940522706306544
288,2022-02-25,Simulated (Max Sharpe Ratio),0.13955158688112157,0.15147090958799866,0.5912131057026208,0.13667439188001795
289,2022-02-28,Simulated (Max Sharpe Ratio),0.11359920804056489,0.14993060937993882,0.42419095275867436,0.10782093621318012
290,2022-03-01,Simulated (Max Sharpe Ratio),0.10805587993190635,0.15032279527167453,0.38620809190637684,0.10163434006913552
291,2022-03-02,Simulated (Max Sharpe Ratio),0.14500329172625526,0.15124049689711172,0.6281604046228808,0.14292491090348025
292,2022-03-03,Simulated (Max Sharpe Ratio),0.16018086121653352,0.14992666106164304,0.7348983858930344,0.16062514844882125
293,2022-03-04,Simulated (Max Sharpe Ratio),0.13047884184849756,0.1480313109896087,0.5436609411244551,0.12698964945192603
294,2022-03-07,Simulated (Max Sharpe Ratio),0.11968251556286114,0.14923931678899316,0.4669179480457151,0.11469107120010702
295,2022-03-08,Simulated (Max Sharpe Ratio),0.09765080511069191,0.14848991582465304,0.3209026340008247,0.0905309343816334
296,2022-03-09,Simulated (Max Sharpe Ratio),0.11020413892140946,0.14940778755297518,0.4029518133387994,0.10415285067944513
297,2022-03-10,Simulated (Max Sharpe Ratio),0.09435470790850875,0.14913489994091683,0.29741333467941355,0.08684118833553667
298,2022-03-11,Simulated (Max Sharpe Ratio),0.08523952706859372,0.14938561756812171,0.23589638441949778,0.07694259813657078
299,2022-03-14,Simulated (Max Sharpe Ratio),0.08056564747201267,0.14929034708732108,0.20473961021829884,0.0719376159091496
300,2022-03-15,Simulated (Max Sharpe Ratio),0.08857770820184752,0.14967903539615426,0.2577362160288127,0.08049564083424476
301,2022-03-16,Simulated (Max Sharpe Ratio),0.09671400416897669,0.15021757182525272,0.31097563088903357,0.089232832792703
302,2022-03-17,Simulated (Max Sharpe Ratio),0.12033119142333026,0.14958615787576568,0.47017178876765947,0.11535900057953796
303,2022-03-18,Simulated (Max Sharpe Ratio),0.12574547577605522,0.14968020356741082,0.5060487223478558,0.12139563836490264
304,2022-03-21,Simulated (Max Sharpe Ratio),0.1163258932086586,0.14934397968412025,0.44411494423106657,0.11094237753936809
305,2022-03-22,Simulated (Max Sharpe Ratio),0.1335925677907358,0.14905968543326553,0.5607993036330433,0.13032986126231383
306,2022-03-23,Simulated (Max Sharpe Ratio),0.12443818168286601,0.14977310927305196,0.49700631871878587,0.11991459207858868
307,2022-03-24,Simulated (Max Sharpe Ratio),0.12621100519441752,0.14987150830817414,0.5085089624754306,0.12188445356842448
308,2022-03-25,Simulated (Max Sharpe Ratio),0.1036711833984022,0.14751580425571553,0.3638334459768415,0.0972670878266313
309,2022-03-28,Simulated (Max Sharpe Ratio),0.1047541516780286,0.14749242901980833,0.37123364258022407,0.09845932658914758
310,2022-03-29,Simulated (Max Sharpe Ratio),0.11935579040515532,0.14787290627618013,0.46902297487560357,0.11454727048810454
311,2022-03-30,Simulated (Max Sharpe Ratio),0.10709952050465865,0.1479505472398163,0.3859365279136466,0.1009637461630224
312,2022-03-31,Simulated (Max Sharpe Ratio),0.07168702722240516,0.14828399148271373,0.14625332785793896,0.06261521558678496
313,2022-04-01,Simulated (Max Sharpe Ratio),0.05940121025719003,0.14764476824704253,0.06367452344440482,0.049741268176740405
314,2022-04-04,Simulated (Max Sharpe Ratio),0.06750631530548845,0.1475587878817498,0.11863959820215929,0.05829538426088354
315,2022-04-05,Simulated (Max Sharpe Ratio),0.0612526159878396,0.1477742156233492,0.07614735723937496,0.05166595710560706
316,2022-04-06,Simulated (Max Sharpe Ratio),0.05372928213216854,0.14772589907886505,0.0252446060942748,0.0437927765560393
317,2022-04-07,Simulated (Max Sharpe Ratio),0.061399952180761,0.14797795726651594,0.07703817778906821,0.05178951272305987
318,2022-04-08,Simulated (Max Sharpe Ratio),0.06927821939369594,0.1479044765364342,0.1303423658644099,0.060117885032990426
319,2022-04-11,Simulated (Max Sharpe Ratio),0.06010297986156343,0.14838596665857368,0.06808581760841118,0.05036276888183511
320,2022-04-12,Simulated (Max Sharpe Ratio),0.06594702484490389,0.14829166758163984,0.10753823936954841,0.056532329506609136
321,2022-04-13,Simulated (Max Sharpe Ratio),0.06310330111170281,0.14809860094739283,0.08847687302837742,0.053562587293954245
322,2022-04-14,Simulated (Max Sharpe Ratio),0.05152326804592078,0.14818845338740655,0.01027926272999504,0.041421455701140086
323,2022-04-18,Simulated (Max Sharpe Ratio),0.0617463748105852,0.14787179529671257,0.0794362088254591,0.052169629641961146
324,2022-04-19,Simulated (Max Sharpe Ratio),0.08359592131819071,0.1485080355623805,0.22622291912331444,0.07530570354100163
325,2022-04-20,Simulated (Max Sharpe Ratio),0.0788029963383392,0.14811476269994223,0.194464048102279,0.07022720761086987
326,2022-04-21,Simulated (Max Sharpe Ratio),0.07856410516350498,0.14813645849871435,0.19282292457229822,0.0699681808415642
327,2022-04-22,Simulated (Max Sharpe Ratio),0.047006764434435744,0.14978597128657967,-0.019983417271016775,0.03647986130932113
328,2022-04-25,Simulated (Max Sharpe Ratio),0.04539921694649307,0.14975157652429552,-0.030722768736665063,0.03482060445682511
329,2022-04-26,Simulated (Max Sharpe Ratio),0.026947579045672132,0.15091524707873719,-0.1527507750247442,0.0157250575139376
330,2022-04-27,Simulated (Max Sharpe Ratio),0.032680490041301025,0.1508048045541187,-0.11484720271285254,0.021581164163906763
331,2022-04-28,Simulated (Max Sharpe Ratio),0.04021562407115964,0.1517018280450414,-0.06449741611508669,0.029170302176197094
332,2022-04-29,Simulated (Max Sharpe Ratio),0.0316176535623971,0.15262535532576577,-0.12044097390218919,0.02021552079690614
333,2022-05-02,Simulated (Max Sharpe Ratio),0.03472736373451446,0.15271179669447552,-0.10000953820248022,0.02337922527930858
334,2022-05-03,Simulated (Max Sharpe Ratio),0.05242683575475837,0.1526982859811796,0.015893012414412315,0.04165317854825523
335,2022-05-04,Simulated (Max Sharpe Ratio),0.07451979371324424,0.15515492398942837,0.15803426074260407,0.06452336138480064
336,2022-05-05,Simulated (Max Sharpe Ratio),0.03899883467850729,0.15704463201216387,-0.07005120251827913,0.027074258439654608
337,2022-05-06,Simulated (Max Sharpe Ratio),0.026673448021005908,0.15699055852906293,-0.14858569965961207,0.014502908087830502
338,2022-05-09,Simulated (Max Sharpe Ratio),0.019158975426432745,0.1581016630419284,-0.19507084226804272,0.00672899388003656
339,2022-05-10,Simulated (Max Sharpe Ratio),0.02159900770676093,0.15802469529348195,-0.1797250248797697,0.009200534535574567
340,2022-05-11,Simulated (Max Sharpe Ratio),0.03884457929994645,0.15620994463125817,-0.07141299951412515,0.02705050070391235
341,2022-05-12,Simulated (Max Sharpe Ratio),0.026936473776645875,0.15537104821257672,-0.14844159506344387,0.015024903392841127
342,2022-05-13,Simulated (Max Sharpe Ratio),0.028888589993564584,0.1555989106574591,-0.13567839207377755,0.01697282276174472
343,2022-05-16,Simulated (Max Sharpe Ratio),0.03156514614068573,0.15560640811558718,-0.1184710455215992,0.019696943856200466
344,2022-05-17,Simulated (Max Sharpe Ratio),0.0663221342464031,0.157060329060572,0.10392270501425149,0.05552080177736518
345,2022-05-18,Simulated (Max Sharpe Ratio),0.030884796524098035,0.16052420683620666,-0.11907988117584321,0.018207437134861948
346,2022-05-19,Simulated (Max Sharpe Ratio),0.009555881914435016,0.1602756959605616,-0.2523409294414601,-0.0032394593755147305
347,2022-05-20,Simulated (Max Sharpe Ratio),0.009672160870379143,0.16027494129600608,-0.25161662081123964,-0.003123434570547645
348,2022-05-23,Simulated (Max Sharpe Ratio),0.018352994186903837,0.1610770648292805,-0.19647120989346084,0.005440339371266756
349,2022-05-24,Simulated (Max Sharpe Ratio),0.01605779062400281,0.16109314543855005,-0.21069927763589824,0.003132860866540188
350,2022-05-25,Simulated (Max Sharpe Ratio),0.023939828618916192,0.1613317197134427,-0.16153160350222429,0.01103170463257852
351,2022-05-26,Simulated (Max Sharpe Ratio),0.0358402119922282,0.16212148800094237,-0.08734059983269767,0.023005192670884522
352,2022-05-27,Simulated (Max Sharpe Ratio),0.05916612075244687,0.16390944824487932,0.0559218571631866,0.04684456312748786
353,2022-05-31,Simulated (Max Sharpe Ratio),0.05165459893663593,0.1641475078162408,0.010079951615763869,0.03897170248355475
354,2022-06-01,Simulated (Max Sharpe Ratio),0.03934422138806393,0.16443417869772797,-0.06480269914884373,0.026213783517705647
355,2022-06-02,Simulated (Max Sharpe Ratio),0.058796661638636505,0.16524833309770046,0.05323298258891129,0.04622938083127659
356,2022-06-03,Simulated (Max Sharpe Ratio),0.03960566360585582,0.16516746781406688,-0.06293210480071863,0.02635951286858762
357,2022-06-06,Simulated (Max Sharpe Ratio),0.04260700960501218,0.1651311907278744,-0.044770405653835534,0.02945025200855711
358,2022-06-07,Simulated (Max Sharpe Ratio),0.05716312968041781,0.165585911201004,0.04325929439565978,0.044464104473142196
359,2022-06-08,Simulated (Max Sharpe Ratio),0.0481089405752938,0.16609849851752778,-0.011385168689569127,0.03496347743066819
360,2022-06-09,Simulated (Max Sharpe Ratio),0.025400624511257797,0.16682448753822485,-0.14745662253633898,0.011606000244403614
361,2022-06-10,Simulated (Max Sharpe Ratio),-0.0022424732830557126,0.16881674650440096,-0.30946262361295884,-0.016307106570777496
362,2022-06-13,Simulated (Max Sharpe Ratio),-0.042221431029582535,0.1725779188861923,-0.5343756120410664,-0.055481110209922635
363,2022-06-14,Simulated (Max Sharpe Ratio),-0.04666751686989434,0.17269004473357094,-0.5597746935501383,-0.059690159750746985
364,2022-06-15,Simulated (Max Sharpe Ratio),-0.038878368032117416,0.17247161320310855,-0.5153217180583286,-0.05230028895032013
365,2022-06-16,Simulated (Max Sharpe Ratio),-0.06415314859716081,0.17489906212607467,-0.6526801642588248,-0.07635378259992698
366,2022-06-17,Simulated (Max Sharpe Ratio),-0.051629285405888736,0.1742304248000314,-0.5833038949571018,-0.06460076549412086
367,2022-06-21,Simulated (Max Sharpe Ratio),-0.04048531505180242,0.17543153001058384,-0.5157870711515964,-0.05431061890817512
368,2022-06-22,Simulated (Max Sharpe Ratio),-0.04786355868324321,0.17544635080988405,-0.5577976300532431,-0.06126614649516027
369,2022-06-23,Simulated (Max Sharpe Ratio),-0.046357777830819624,0.17544006569889212,-0.5492347340783521,-0.05985025558630008
370,2022-06-24,Simulated (Max Sharpe Ratio),-0.027830062544834555,0.1774035688233536,-0.43871756955652025,-0.042590414797591625
371,2022-06-27,Simulated (Max Sharpe Ratio),-0.02735300419650677,0.17740886353440824,-0.4360154428332959,-0.04213441016128805
372,2022-06-28,Simulated (Max Sharpe Ratio),-0.04591991630159897,0.17793851607272027,-0.5390621345993367,-0.05984657814461014
373,2022-06-29,Simulated (Max Sharpe Ratio),-0.0567260973931194,0.1780356034323426,-0.5994649122734468,-0.06996953619174273
374,2022-06-30,Simulated (Max Sharpe Ratio),-0.06683655990114312,0.1780830868869046,-0.6560789232912535,-0.07933532531175624
375,2022-07-01,Simulated (Max Sharpe Ratio),-0.06145612939198286,0.17805048021186173,-0.625980504289354,-0.07436176122636307
376,2022-07-05,Simulated (Max Sharpe Ratio),-0.07534970353170989,0.17815663737891768,-0.7035926664079665,-0.08715413054186683
377,2022-07-06,Simulated (Max Sharpe Ratio),-0.06812515932875074,0.17805954940163568,-0.6634025511448679,-0.080517551016693
378,2022-07-07,Simulated (Max Sharpe Ratio),-0.053098067746936484,0.17880402081407798,-0.576598150743706,-0.06671490664675828
379,2022-07-08,Simulated (Max Sharpe Ratio),-0.04493933803883943,0.17859073780173507,-0.5316028099074075,-0.05903190119061241
380,2022-07-11,Simulated (Max Sharpe Ratio),-0.06260841590443444,0.17825312323688844,-0.6317331997307232,-0.07546051962377098
381,2022-07-12,Simulated (Max Sharpe Ratio),-0.06898533246327465,0.17825746747911592,-0.6674914332955763,-0.08133973129094585
382,2022-07-13,Simulated (Max Sharpe Ratio),-0.06748132653038186,0.1782256835382951,-0.6591716984782321,-0.07995143225687862
383,2022-07-14,Simulated (Max Sharpe Ratio),-0.07587308265147785,0.17820931372707954,-0.7063215721948598,-0.08763952176836787
384,2022-07-15,Simulated (Max Sharpe Ratio),-0.055757962111741666,0.1788298645799862,-0.5913887054610989,-0.06919814875656327
385,2022-07-18,Simulated (Max Sharpe Ratio),-0.055053380764380155,0.17879888790306203,-0.5875505267199207,-0.06853676588394353
386,2022-07-19,Simulated (Max Sharpe Ratio),-0.020820261103459692,0.17978076797235792,-0.39392567904898823,-0.03625784316267522
387,2022-07-20,Simulated (Max Sharpe Ratio),-0.027826011657452798,0.17956968970335999,-0.43340282976496436,-0.042950694203384265
388,2022-07-21,Simulated (Max Sharpe Ratio),-0.03299790227090005,0.17936152436901318,-0.4627408390003565,-0.04785309148357508
389,2022-07-22,Simulated (Max Sharpe Ratio),-0.03678250917006265,0.17946533903788633,-0.48356139205098697,-0.05146797313646401
390,2022-07-25,Simulated (Max Sharpe Ratio),-0.04229683843383425,0.17931007772567634,-0.5147331349386716,-0.05665887896791466
391,2022-07-26,Simulated (Max Sharpe Ratio),-0.05075803159790582,0.17940683229047566,-0.5616175834082483,-0.0646247138783389
392,2022-07-27,Simulated (Max Sharpe Ratio),-0.028955795403588058,0.17988205844368907,-0.4389309088783008,-0.04408439102344819
393,2022-07-28,Simulated (Max Sharpe Ratio),-0.019940477028988046,0.18015146305890728,-0.3882315238601109,-0.035472995427450305
394,2022-07-29,Simulated (Max Sharpe Ratio),-0.023845071203136725,0.17988114461253213,-0.4105214660613852,-0.0391860643353007
395,2022-08-01,Simulated (Max Sharpe Ratio),-0.020107608168445257,0.1798690778567097,-0.3897702095537264,-0.03558593367333862
396,2022-08-02,Simulated (Max Sharpe Ratio),-0.026390132341945538,0.18007524262630245,-0.42421229719219444,-0.04166210490263411
397,2022-08-03,Simulated (Max Sharpe Ratio),-0.022978532070615065,0.180204819395777,-0.40497547354899033,-0.038408940799823266
398,2022-08-04,Simulated (Max Sharpe Ratio),-0.017181227871576943,0.18007391523205635,-0.3730758438000436,-0.03279483905907521
399,2022-08-05,Simulated (Max Sharpe Ratio),-0.015243100056442915,0.18009927200143774,-0.3622618755278593,-0.030922730563705536
400,2022-08-08,Simulated (Max Sharpe Ratio),-0.016468469045678558,0.18009147952784268,-0.3690816979234286,-0.03210820375752432
401,2022-08-09,Simulated (Max Sharpe Ratio),-0.02227103505420569,0.1802325707095756,-0.40098765039900747,-0.03773311592990736
402,2022-08-10,Simulated (Max Sharpe Ratio),0.0017290337214892482,0.18152230015271778,-0.2659230642069849,-0.014584029612205285
403,2022-08-11,Simulated (Max Sharpe Ratio),-0.0001177320410228333,0.18147684382990809,-0.27616598891259336,-0.016394130469259527
404,2022-08-12,Simulated (Max Sharpe Ratio),0.018157731200900584,0.18208612995178572,-0.17487476288024179,0.0016369981263004707
405,2022-08-15,Simulated (Max Sharpe Ratio),0.01496121549898699,0.18205363778087902,-0.1924640722817411,-0.0015535598849055754
406,2022-08-16,Simulated (Max Sharpe Ratio),0.01984230652679042,0.18211269809080644,-0.1655990701876929,0.00332081113465188
407,2022-08-17,Simulated (Max Sharpe Ratio),0.024317970711379755,0.18189857151763095,-0.141188735427375,0.007860472027064302
408,2022-08-18,Simulated (Max Sharpe Ratio),0.045325068669818,0.18155593439373585,-0.025749262043088014,0.029318466304615987
409,2022-08-19,Simulated (Max Sharpe Ratio),0.03455265720208722,0.18197399931010355,-0.08488763700570663,0.018213773719427895
410,2022-08-22,Simulated (Max Sharpe Ratio),0.013828342344865074,0.18271327806685514,-0.1979695074043806,-0.0028043696829205267
411,2022-08-23,Simulated (Max Sharpe Ratio),0.005878573427255951,0.1824853666532227,-0.24178062812339404,-0.010659357580145246
412,2022-08-24,Simulated (Max Sharpe Ratio),0.00619953125779138,0.18248569432894124,-0.2400213830639003,-0.010341836528732773
413,2022-08-25,Simulated (Max Sharpe Ratio),0.021438257671142935,0.18321090827101302,-0.1558954245595867,0.004722681388484862
414,2022-08-26,Simulated (Max Sharpe Ratio),-0.008348538950043727,0.1868205382726039,-0.31232400618021444,-0.025428275956316693
415,2022-08-29,Simulated (Max Sharpe Ratio),-0.022572699296011245,0.18660647347724518,-0.38890772620951314,-0.03915553379427916
416,2022-08-30,Simulated (Max Sharpe Ratio),-0.035311969415949385,0.18705192512248148,-0.45608709645777323,-0.05139907774670227
417,2022-08-31,Simulated (Max Sharpe Ratio),-0.04490886078363787,0.1872982942118384,-0.5067257082239837,-0.060504034075635094
418,2022-09-01,Simulated (Max Sharpe Ratio),-0.04460284922385749,0.18729820027977206,-0.5050921422765773,-0.060216425894378034
419,2022-09-02,Simulated (Max Sharpe Ratio),-0.05324132608363252,0.18746519035111214,-0.5507226482434798,-0.06833052786805305
420,2022-09-06,Simulated (Max Sharpe Ratio),-0.05518181375901954,0.1874974648811096,-0.5609772581496734,-0.07014268087822284
421,2022-09-07,Simulated (Max Sharpe Ratio),-0.03130595524364421,0.18795056452066028,-0.43259223749076176,-0.04774983005133404
422,2022-09-08,Simulated (Max Sharpe Ratio),-0.02050158125025403,0.18815896184570932,-0.37469159352646436,-0.03744185907184239
423,2022-09-09,Simulated (Max Sharpe Ratio),-0.003277329924443406,0.18861910279690317,-0.28245988414975187,-0.02080183759638088
424,2022-09-12,Simulated (Max Sharpe Ratio),0.004946625149030104,0.1887244760312808,-0.2387256586872302,-0.012735236113887383
425,2022-09-13,Simulated (Max Sharpe Ratio),-0.04176227395311283,0.19336536903281668,-0.47455381701539096,-0.05864841958234057
426,2022-09-14,Simulated (Max Sharpe Ratio),-0.031235544623234524,0.1932286054333167,-0.42041158678893925,-0.04866006281781998
427,2022-09-15,Simulated (Max Sharpe Ratio),-0.04455877134658681,0.19351378791278853,-0.4886410026204537,-0.06130477783677657
428,2022-09-16,Simulated (Max Sharpe Ratio),-0.052383211736880764,0.19362874011725878,-0.5287604085781841,-0.06864303125552751
429,2022-09-19,Simulated (Max Sharpe Ratio),-0.03397719244629405,0.1933158894413666,-0.4344039834954417,-0.05128082859151739
430,2022-09-20,Simulated (Max Sharpe Ratio),-0.0347604904300276,0.19337316688654324,-0.4383260190373707,-0.05203437746177353
431,2022-09-21,Simulated (Max Sharpe Ratio),-0.044370292423673185,0.1937560784007853,-0.4870571968765172,-0.06117186491354454
432,2022-09-22,Simulated (Max Sharpe Ratio),-0.05488569948949529,0.1937321713377643,-0.541395364359135,-0.07099002990460546
433,2022-09-23,Simulated (Max Sharpe Ratio),-0.08323802030196814,0.19408028635302127,-0.6865098089334821,-0.09702936588740829
434,2022-09-26,Simulated (Max Sharpe Ratio),-0.0969657503092417,0.19453692678960566,-0.755464542051634,-0.10942425430616576
435,2022-09-27,Simulated (Max Sharpe Ratio),-0.0963114880619661,0.19453172613876313,-0.7521214712174988,-0.108840269778548
436,2022-09-28,Simulated (Max Sharpe Ratio),-0.05784124036589677,0.19441847475172622,-0.5546861763194615,-0.07385350775619737
437,2022-09-29,Simulated (Max Sharpe Ratio),-0.07230786380954224,0.19500892991754623,-0.6271910925374367,-0.0872643348426495
438,2022-09-30,Simulated (Max Sharpe Ratio),-0.0719037999618255,0.19498590191108506,-0.6251928922400477,-0.08689121919836273
439,2022-10-03,Simulated (Max Sharpe Ratio),-0.047261978211856626,0.19742178603156993,-0.4926608160474415,-0.06454165527199973
440,2022-10-04,Simulated (Max Sharpe Ratio),-0.004897162080852224,0.19972935917390605,-0.2748577490455612,-0.024490088863252768
441,2022-10-05,Simulated (Max Sharpe Ratio),-0.008831186133591462,0.19963012806578392,-0.2947009386990168,-0.028301256039691136
442,2022-10-06,Simulated (Max Sharpe Ratio),-0.01770841645933241,0.19975671099259987,-0.33895440169637514,-0.03691390195900113
443,2022-10-07,Simulated (Max Sharpe Ratio),-0.0436132045600337,0.20063255389739895,-0.4665903052198915,-0.06171145128240951
444,2022-10-10,Simulated (Max Sharpe Ratio),-0.046689689768760645,0.20070007333023493,-0.4817621048382278,-0.06460684783546211
445,2022-10-11,Simulated (Max Sharpe Ratio),-0.041832061368802353,0.20056708818534208,-0.4578620660032779,-0.06002606423223189
446,2022-10-12,Simulated (Max Sharpe Ratio),-0.04337938244379269,0.20061767638671418,-0.46545939583007107,-0.06148917841563062
447,2022-10-13,Simulated (Max Sharpe Ratio),-0.024273194747772564,0.20207341574290685,-0.367555496969817,-0.043657541950047674
448,2022-10-14,Simulated (Max Sharpe Ratio),-0.062393359901980805,0.20196095303707948,-0.5565103462417594,-0.07941682090760904
449,2022-10-17,Simulated (Max Sharpe Ratio),-0.04845082534459366,0.20282843102088607,-0.4853896707136475,-0.06664987971543945
450,2022-10-18,Simulated (Max Sharpe Ratio),-0.033552080739883916,0.20330560182529314,-0.41096792213174155,-0.052728345692792944
451,2022-10-19,Simulated (Max Sharpe Ratio),-0.05291966334108178,0.20338277421879727,-0.5060392343274941,-0.07091637748544222
452,2022-10-20,Simulated (Max Sharpe Ratio),-0.061292935525710246,0.20338607358572033,-0.5472003739666278,-0.07866577830531118
453,2022-10-21,Simulated (Max Sharpe Ratio),-0.03369110509900908,0.20499909696981872,-0.40825109152227446,-0.05318165085192761
454,2022-10-24,Simulated (Max Sharpe Ratio),-0.023512409764848363,0.20527849678163101,-0.35811062004730393,-0.04354818421356488
455,2022-10-25,Simulated (Max Sharpe Ratio),-0.01161533144680471,0.20564305321779047,-0.29962272239534266,-0.03217207582885906
456,2022-10-26,Simulated (Max Sharpe Ratio),-0.006335207778744634,0.20566527328409956,-0.2739169665309755,-0.027052539557136157
457,2022-10-27,Simulated (Max Sharpe Ratio),0.01032030548201368,0.2054375945896767,-0.19314719195987043,-0.010665398807842341
458,2022-10-28,Simulated (Max Sharpe Ratio),0.03009572775769709,0.20719302449885726,-0.09606632409776272,0.008735482588217991
459,2022-10-31,Simulated (Max Sharpe Ratio),0.024421008361894314,0.207341633812577,-0.12336640339791762,0.0029970704601758325
460,2022-11-01,Simulated (Max Sharpe Ratio),0.024981482231530405,0.20735680861316666,-0.12065443105436077,0.003556199514569869
461,2022-11-02,Simulated (Max Sharpe Ratio),-5.845368448942345e-06,0.20823647217884844,-0.24013970677288624,-0.02138885449428718
462,2022-11-03,Simulated (Max Sharpe Ratio),-0.0158605553555482,0.20786741927940994,-0.31683924101169586,-0.03670957816951681
463,2022-11-04,Simulated (Max Sharpe Ratio),-0.022728245118187385,0.20704541378481292,-0.3512671147296,-0.04314440646209139
464,2022-11-07,Simulated (Max Sharpe Ratio),-0.024630460359239548,0.20692583074911963,-0.36066285242910434,-0.04493974433820347
465,2022-11-08,Simulated (Max Sharpe Ratio),-0.019930251314693948,0.2070597153115785,-0.3377298728024647,-0.040466124941381576
466,2022-11-09,Simulated (Max Sharpe Ratio),-0.04092637942049271,0.20787241667224307,-0.4374143567294852,-0.06056481129863822
467,2022-11-10,Simulated (Max Sharpe Ratio),0.019542909451577106,0.21298450327161675,-0.14300143945018062,-0.0030353789475829895
468,2022-11-11,Simulated (Max Sharpe Ratio),0.01760628427604738,0.21294238407507185,-0.1521243216312088,-0.004955268120289347
469,2022-11-14,Simulated (Max Sharpe Ratio),0.006502853983827994,0.21284166120230183,-0.20436387204678327,-0.015921180275423996
470,2022-11-15,Simulated (Max Sharpe Ratio),0.005563276378158677,0.21281763570011605,-0.2088018855940006,-0.016840362376445706
471,2022-11-16,Simulated (Max Sharpe Ratio),-0.0202625525041068,0.21224019374709616,-0.3310520559919538,-0.04179171090861944
472,2022-11-17,Simulated (Max Sharpe Ratio),-0.01766063323612521,0.21223494960660197,-0.3188006186612561,-0.039294028803114944
473,2022-11-18,Simulated (Max Sharpe Ratio),-0.010705619191589744,0.2123484720799149,-0.2858773533757469,-0.032611754454599406
474,2022-11-21,Simulated (Max Sharpe Ratio),-0.008160916005109597,0.21230772154949085,-0.27394630577085144,-0.030138422535847642
475,2022-11-22,Simulated (Max Sharpe Ratio),0.014641802501699774,0.21302656102089895,-0.1659802295490815,-0.007918264519223506
476,2022-11-23,Simulated (Max Sharpe Ratio),0.01431930983488805,0.21302268985737025,-0.16749713464327218,-0.008237321193931946
477,2022-11-25,Simulated (Max Sharpe Ratio),0.015822744671842637,0.2130207906884556,-0.1604409373268257,-0.0067448379423679095
478,2022-11-28,Simulated (Max Sharpe Ratio),0.02122347082236642,0.21252634205374982,-0.13540217602934013,-0.0012597043021668197
479,2022-11-29,Simulated (Max Sharpe Ratio),0.0019246101110950151,0.21151954023078554,-0.22728580932263143,-0.020143131433269068
480,2022-11-30,Simulated (Max Sharpe Ratio),0.04552882851616635,0.21125186232099377,-0.02116512221340694,0.023588611779928437
481,2022-12-01,Simulated (Max Sharpe Ratio),0.05388795688515824,0.21109873856988617,0.018417717280063674,0.032212491051332615
482,2022-12-02,Simulated (Max Sharpe Ratio),0.040773990399264104,0.21069340214296145,-0.043788792182850554,0.0188529377650255
483,2022-12-05,Simulated (Max Sharpe Ratio),0.02651814596631319,0.21143478624286324,-0.11105955860411035,0.0042748048168972375
484,2022-12-06,Simulated (Max Sharpe Ratio),0.0029660714137098587,0.211483395814374,-0.2224001009874713,-0.019111351925138464
485,2022-12-07,Simulated (Max Sharpe Ratio),-0.01691498075974307,0.21024255045891438,-0.31827515702069836,-0.038173612046952354
486,2022-12-08,Simulated (Max Sharpe Ratio),-0.010889491563578435,0.21030631686613327,-0.289527639829937,-0.03237319874504163
487,2022-12-09,Simulated (Max Sharpe Ratio),-0.012655622372380049,0.21036782229443898,-0.2978384321756433,-0.034093265127282835
488,2022-12-12,Simulated (Max Sharpe Ratio),-0.0070986795784039325,0.21071011312718244,-0.27098215045777024,-0.028779443246759406
489,2022-12-13,Simulated (Max Sharpe Ratio),0.007959085911615316,0.210839568108267,-0.1993976484850154,-0.014070865145828226
490,2022-12-14,Simulated (Max Sharpe Ratio),0.012127783427594352,0.21070963275366109,-0.17973652213936395,-0.009925221530008188
491,2022-12-15,Simulated (Max Sharpe Ratio),-0.03365833335770696,0.21175707139305577,-0.3950674837319761,-0.05445373231638562
492,2022-12-16,Simulated (Max Sharpe Ratio),-0.021228867488659264,0.2110901677617816,-0.3374333738227074,-0.0424902703608796
493,2022-12-19,Simulated (Max Sharpe Ratio),-0.015760252831266475,0.21089690270670805,-0.31181232150534954,-0.037199872547552304
494,2022-12-20,Simulated (Max Sharpe Ratio),-0.005068138684766299,0.21076947842109348,-0.2612718838481273,-0.026823634783831207
495,2022-12-21,Simulated (Max Sharpe Ratio),-0.008399583826569246,0.21052558451696674,-0.27739898673390306,-0.03001152673348806
496,2022-12-22,Simulated (Max Sharpe Ratio),-0.02793650654095403,0.21081722136102754,-0.36968757124204116,-0.04883853506928959
497,2022-12-23,Simulated (Max Sharpe Ratio),-0.028825158424301334,0.21078378110809595,-0.3739621616516953,-0.049676884603395255
498,2022-12-27,Simulated (Max Sharpe Ratio),-0.039300224155890406,0.21035029268012462,-0.42453101927311043,-0.059496254526751446
499,2022-12-28,Simulated (Max Sharpe Ratio),-0.04844222586848135,0.21063073466628765,-0.4673687627992566,-0.06811187001876917
500,2022-12-29,Simulated (Max Sharpe Ratio),-0.04084375193296519,0.21095991013550278,-0.4306209263865104,-0.06106700704622703
501,2022-12-30,Simulated (Max Sharpe Ratio),-0.036591951571376735,0.21087507168731529,-0.41063152168016775,-0.05704884832937196
502,2023-01-03,Simulated (Max Sharpe Ratio),-0.04084660557795006,0.21089281304511587,-0.4307714628402981,-0.06105637971766298
503,2023-01-04,Simulated (Max Sharpe Ratio),-0.03503924410708825,0.21112451377342284,-0.40279190032073536,-0.05563251000227876
504,2023-01-05,Simulated (Max Sharpe Ratio),-0.04253034918207155,0.2109628550974631,-0.4386096743871014,-0.06264982993857793
505,2023-01-06,Simulated (Max Sharpe Ratio),-0.009283454153744208,0.2117881281282755,-0.27991868419478877,-0.03112328589135782
506,2023-01-09,Simulated (Max Sharpe Ratio),-0.017250218748977475,0.21184776321294463,-0.3174459702998094,-0.03882399063142361
507,2023-01-10,Simulated (Max Sharpe Ratio),-0.0060662062904008884,0.21205820673885675,-0.2643906460995623,-0.02805624829056752
508,2023-01-11,Simulated (Max Sharpe Ratio),0.0058120173249400775,0.21216065688653082,-0.20827604572648376,-0.016463551020232003
509,2023-01-12,Simulated (Max Sharpe Ratio),0.0019603307655866598,0.21203269983474732,-0.2265672666143203,-0.020218185950611978
510,2023-01-13,Simulated (Max Sharpe Ratio),-0.0009078547813857751,0.21202254819319472,-0.2401058529633301,-0.02302225886786502
511,2023-01-17,Simulated (Max Sharpe Ratio),0.00012584431044571076,0.21200210249232626,-0.23525311826263404,-0.0220075938224793
512,2023-01-18,Simulated (Max Sharpe Ratio),-0.014381529720975172,0.21252325422750998,-0.3029387534789656,-0.03620093990770168
513,2023-01-19,Simulated (Max Sharpe Ratio),-0.004074328394701454,0.2118141783637147,-0.25529135401808767,-0.026066942621562506
514,2023-01-20,Simulated (Max Sharpe Ratio),0.022887380922378853,0.2120900983536272,-0.12783538358502283,0.00049161933878894
515,2023-01-23,Simulated (Max Sharpe Ratio),0.05045747407865919,0.21172909401166923,0.002160657612004784,0.02853527402014877
516,2023-01-24,Simulated (Max Sharpe Ratio),0.06511801460088917,0.21135368464972767,0.07152945843335526,0.043804972640373974
517,2023-01-25,Simulated (Max Sharpe Ratio),0.06342567307527602,0.21133640960122063,0.06352749675557315,0.04204422062044055
518,2023-01-26,Simulated (Max Sharpe Ratio),0.07216843038744658,0.21146088825897022,0.10483466030038388,0.0511646330259814
519,2023-01-27,Simulated (Max Sharpe Ratio),0.07502106281359888,0.2113860650697429,0.1183666615173694,0.05418331715218261
520,2023-01-30,Simulated (Max Sharpe Ratio),0.07062413317400018,0.21151771179505005,0.09750546655867721,0.049530380362815984
521,2023-01-31,Simulated (Max Sharpe Ratio),0.0715112771212526,0.21157465349750745,0.10167227862909403,0.050449187110978455
522,2023-02-01,Simulated (Max Sharpe Ratio),0.06038336238141928,0.2110226781352337,0.04920495973785864,0.038946962495371995
523,2023-02-02,Simulated (Max Sharpe Ratio),0.048573064375351804,0.21082229454247867,-0.006768428489714045,0.026794396844776136
524,2023-02-03,Simulated (Max Sharpe Ratio),0.036156124781352106,0.21067563872378647,-0.06571179896503546,0.014156670659206894
525,2023-02-06,Simulated (Max Sharpe Ratio),0.04083526036276974,0.2105167292591941,-0.04353449566445798,0.018946644479494568
526,2023-02-07,Simulated (Max Sharpe Ratio),0.058994921164381875,0.21081493897990677,0.042667380252588254,0.03755150639013105
527,2023-02-08,Simulated (Max Sharpe Ratio),0.05243202688905846,0.2109995821969803,0.011526216610173275,0.03072573130566858
528,2023-02-09,Simulated (Max Sharpe Ratio),0.03703584029104601,0.21084881683906026,-0.06148557010329096,0.015012562373331928
529,2023-02-10,Simulated (Max Sharpe Ratio),0.03649033524275147,0.21081485751297557,-0.06408307704980906,0.014466238606788862
530,2023-02-13,Simulated (Max Sharpe Ratio),0.06075844521089302,0.2103232100723527,0.05115196371904002,0.039490562885052816
531,2023-02-14,Simulated (Max Sharpe Ratio),0.07118537838222339,0.20998968944469476,0.10088770757386639,0.050456989215002856
532,2023-02-15,Simulated (Max Sharpe Ratio),0.08443481432903133,0.20973601404381906,0.16418169519440298,0.06452005542785644
533,2023-02-16,Simulated (Max Sharpe Ratio),0.062010438333217406,0.20929898980966663,0.05738411993359125,0.041014829025854516
534,2023-02-17,Simulated (Max Sharpe Ratio),0.05497457338166711,0.20936314236657616,0.02376050208950856,0.03370390682551161
535,2023-02-21,Simulated (Max Sharpe Ratio),0.05618376919483481,0.2092711693880151,0.02954907363932831,0.03497449387955265
536,2023-02-22,Simulated (Max Sharpe Ratio),0.061453414458155775,0.20911537345051542,0.05477079121046106,0.04047554022728583
537,2023-02-23,Simulated (Max Sharpe Ratio),0.07567647920893228,0.2088041904375059,0.12296917583470206,0.05544483773250497
538,2023-02-24,Simulated (Max Sharpe Ratio),0.08034324768482914,0.2086231712497277,0.14544524226653344,0.06042054682442921
539,2023-02-27,Simulated (Max Sharpe Ratio),0.07859504269564432,0.20862732849166685,0.1370627851220675,0.05856800243175808
540,2023-02-28,Simulated (Max Sharpe Ratio),0.053453144687718335,0.20755801071431793,0.016637009941626524,0.03251754139903129
541,2023-03-01,Simulated (Max Sharpe Ratio),0.05862229877418701,0.20752793016169213,0.04154765465770838,0.03787387984448021
542,2023-03-02,Simulated (Max Sharpe Ratio),0.07757533988401577,0.20718795502950516,0.13309335419662222,0.05780203991416455
543,2023-03-03,Simulated (Max Sharpe Ratio),0.06433850404223995,0.20617161968873898,0.06954644904030462,0.04411095857909886
544,2023-03-06,Simulated (Max Sharpe Ratio),0.06902742721682442,0.20610974823415476,0.09231696889565826,0.049030273880089625
545,2023-03-07,Simulated (Max Sharpe Ratio),0.05875511564375002,0.20661925432376024,0.04237318381776399,0.03820227565345258
546,2023-03-08,Simulated (Max Sharpe Ratio),0.08088775262293846,0.20546774318930172,0.15032896231541767,0.06168451564571842
547,2023-03-09,Simulated (Max Sharpe Ratio),0.07259327783271197,0.2058723534959956,0.10974410817697007,0.05282933226280129
548,2023-03-10,Simulated (Max Sharpe Ratio),0.043926532027162124,0.2054564331559296,-0.0295608556984364,0.02316829712475932
549,2023-03-13,Simulated (Max Sharpe Ratio),0.04283924716705889,0.20548658168281086,-0.03484778798838773,0.02205027750711208
550,2023-03-14,Simulated (Max Sharpe Ratio),0.06381584103774429,0.2056900492243044,0.0671682518908737,0.04366863679259425
551,2023-03-15,Simulated (Max Sharpe Ratio),0.0423173220046823,0.20673004120295713,-0.037162852339274854,0.021254259164118938
552,2023-03-16,Simulated (Max Sharpe Ratio),0.04006273350358802,0.20661751591072156,-0.04809498581284767,0.018978074652326926
553,2023-03-17,Simulated (Max Sharpe Ratio),0.015228233536724756,0.20640085971260816,-0.16846715905976037,-0.005970438880335771
554,2023-03-20,Simulated (Max Sharpe Ratio),0.023239122846833715,0.20687479947737483,-0.12935783972128045,0.001927484082340447
555,2023-03-21,Simulated (Max Sharpe Ratio),0.030464549821022202,0.20720031620216442,-0.09428291682681193,0.009125204951745625
556,2023-03-22,Simulated (Max Sharpe Ratio),0.013014895426448625,0.20785245813896755,-0.17793922142996066,-0.008464577961645237
557,2023-03-23,Simulated (Max Sharpe Ratio),0.006392773552698294,0.20774582589983662,-0.2099066311364863,-0.01498706078477452
558,2023-03-24,Simulated (Max Sharpe Ratio),0.025284752762681606,0.20717164222184536,-0.11929840866373304,0.003917899267632086
559,2023-03-27,Simulated (Max Sharpe Ratio),0.022866708542291336,0.20707363231220183,-0.13103209305180974,0.0015136223130673976
560,2023-03-28,Simulated (Max Sharpe Ratio),0.02015181980345515,0.20703121481603853,-0.14417236658282187,-0.00119275063644253
561,2023-03-29,Simulated (Max Sharpe Ratio),0.038119197606710675,0.20761000016253836,-0.05722654199695496,0.01679305543895926
562,2023-03-30,Simulated (Max Sharpe Ratio),0.03152479037065381,0.2073501568860198,-0.08910149819419717,0.010164654253114858
563,2023-03-31,Simulated (Max Sharpe Ratio),0.04790993969731805,0.20746301204004616,-0.010074375582084547,0.02682652275138575
564,2023-04-03,Simulated (Max Sharpe Ratio),0.08036707881312977,0.20702800322757475,0.14668102063346894,0.06079088833882862
565,2023-04-04,Simulated (Max Sharpe Ratio),0.07020375687168967,0.20720512856246676,0.09750606566477325,0.05002894050559159
566,2023-04-05,Simulated (Max Sharpe Ratio),0.06929600992084006,0.20719626953012202,0.09312913772337403,0.049078388992511934
567,2023-04-06,Simulated (Max Sharpe Ratio),0.07236518975845474,0.2070968343297805,0.10799387557436278,0.052323962636883437
568,2023-04-10,Simulated (Max Sharpe Ratio),0.07878986154961898,0.20710692591995342,0.13900965127909928,0.05910234394142444
569,2023-04-11,Simulated (Max Sharpe Ratio),0.07003093114476378,0.20692731918653656,0.09680177186612418,0.04990760010781092
570,2023-04-12,Simulated (Max Sharpe Ratio),0.06465978827290153,0.20693067501556514,0.07084395907856016,0.04428427688119796
571,2023-04-13,Simulated (Max Sharpe Ratio),0.0840616872910036,0.20667933277362532,0.16480451544863062,0.06479300338311078
572,2023-04-14,Simulated (Max Sharpe Ratio),0.0808130002431171,0.20669769233612617,0.14907278303334823,0.061336547955279874
573,2023-04-17,Simulated (Max Sharpe Ratio),0.07426761901649348,0.20652991294207335,0.11750171522756589,0.054450673888995826
574,2023-04-18,Simulated (Max Sharpe Ratio),0.08759367613335822,0.20650622583753797,0.18204621183156877,0.06859723190421452
575,2023-04-19,Simulated (Max Sharpe Ratio),0.08192347618148077,0.2065724356362304,0.15453889616568844,0.06254272963022545
576,2023-04-20,Simulated (Max Sharpe Ratio),0.05626338064862091,0.20627203685501544,0.03036466185197615,0.03569423384850312
577,2023-04-21,Simulated (Max Sharpe Ratio),0.04477135053694237,0.20604255637353383,-0.02537655111198793,0.023910394759516507
578,2023-04-24,Simulated (Max Sharpe Ratio),0.05964818769346669,0.20560895749754401,0.04692493853815652,0.03934680248462419
579,2023-04-25,Simulated (Max Sharpe Ratio),0.06812745937908093,0.20480835085013857,0.08850937622336051,0.04836980592063855
580,2023-04-26,Simulated (Max Sharpe Ratio),0.05535887609691359,0.20506219529519013,0.02613293049554748,0.03501794010229786
581,2023-04-27,Simulated (Max Sharpe Ratio),0.08847644990277082,0.20469669386622852,0.18796810625537305,0.06994221538272849
582,2023-04-28,Simulated (Max Sharpe Ratio),0.09530039406465618,0.20480167361844204,0.22119152282443533,0.07724278402965545
583,2023-05-01,Simulated (Max Sharpe Ratio),0.06873055928463445,0.20372604764502353,0.09193993355857451,0.0492325542922869
584,2023-05-02,Simulated (Max Sharpe Ratio),0.07094995181152819,0.20351152563615205,0.10294233580157787,0.0516097940576552
585,2023-05-03,Simulated (Max Sharpe Ratio),0.05519969375015765,0.20368332796862543,0.025528322823547885,0.03514403730992144
586,2023-05-04,Simulated (Max Sharpe Ratio),0.035285085707349895,0.20380405881030392,-0.07220128185153765,0.01471153281965587
587,2023-05-05,Simulated (Max Sharpe Ratio),0.023019326395142814,0.20246442032069156,-0.13326130863942123,0.0026084053118560213
588,2023-05-08,Simulated (Max Sharpe Ratio),0.04769840360878741,0.20079223711177577,-0.011462576563312827,0.028007319427985067
589,2023-05-09,Simulated (Max Sharpe Ratio),0.04945500300091599,0.20075129684589701,-0.002714786941089465,0.029822822617815214
590,2023-05-10,Simulated (Max Sharpe Ratio),0.074026689083044,0.19892078202990943,0.12078521327867782,0.05582598288334917
591,2023-05-11,Simulated (Max Sharpe Ratio),0.0705963983108242,0.19901887750988426,0.10348967177649408,0.052190869216305336
592,2023-05-12,Simulated (Max Sharpe Ratio),0.0800812052250851,0.19886179442240562,0.15126689021617254,0.06224839207395716
593,2023-05-15,Simulated (Max Sharpe Ratio),0.08414243595293047,0.19900143208534624,0.1715687952350399,0.06654050392124189
594,2023-05-16,Simulated (Max Sharpe Ratio),0.053782410881887954,0.1984323210600551,0.019061465701160716,0.03476917076371078
595,2023-05-17,Simulated (Max Sharpe Ratio),0.06658864587071422,0.19895366009192006,0.08337944556058922,0.04799563863142664
596,2023-05-18,Simulated (Max Sharpe Ratio),0.049078473586339544,0.19761473308076316,-0.004663247518512905,0.030076657326729483
597,2023-05-19,Simulated (Max Sharpe Ratio),0.08121409989270056,0.19479025082074156,0.16024467221116612,0.06430795586693994
598,2023-05-22,Simulated (Max Sharpe Ratio),0.08878839409929873,0.19458429111216402,0.1993398021885537,0.07244027367807693
599,2023-05-23,Simulated (Max Sharpe Ratio),0.08533208700428851,0.19463802285224294,0.18152715736899172,0.06873010397771773
600,2023-05-24,Simulated (Max Sharpe Ratio),0.057989491774387614,0.1938992451706753,0.041204346965636955,0.04005828487422525
601,2023-05-25,Simulated (Max Sharpe Ratio),0.05679484786099098,0.1939179777202804,0.03503980363693922,0.03881304175722877
602,2023-05-26,Simulated (Max Sharpe Ratio),0.06101383991344167,0.19415278947335957,0.05672769339712689,0.04315720689189728
603,2023-05-30,Simulated (Max Sharpe Ratio),0.04399358643323825,0.19344380372491995,-0.03104991450283392,0.025695058257784842
604,2023-05-31,Simulated (Max Sharpe Ratio),0.010563574824093425,0.19214266868870097,-0.20524553679328414,-0.007780574794260753
605,2023-06-01,Simulated (Max Sharpe Ratio),0.030989402966624228,0.19229381560283923,-0.09886223836048881,0.012664481502026703
606,2023-06-02,Simulated (Max Sharpe Ratio),0.05581944939658223,0.19261214250872147,0.030213304939062838,0.03805746512190211
607,2023-06-05,Simulated (Max Sharpe Ratio),0.03300768466252768,0.19199156920676244,-0.08850552869419336,0.014768626423210751
608,2023-06-06,Simulated (Max Sharpe Ratio),0.04866730383504059,0.19190645740332657,-0.006944509231174595,0.030799092013016116
609,2023-06-07,Simulated (Max Sharpe Ratio),0.05675882025138157,0.19205507538093072,0.03519209392397372,0.039142526692438784
610,2023-06-08,Simulated (Max Sharpe Ratio),0.0463329213780852,0.19166205648288467,-0.019133044323993622,0.028443565255395598
611,2023-06-09,Simulated (Max Sharpe Ratio),0.059744950975356814,0.19115735287608426,0.05097868760336869,0.04242824910788334
612,2023-06-12,Simulated (Max Sharpe Ratio),0.082888192732261,0.1905217524552417,0.17262172066146228,0.06695838591985392
613,2023-06-13,Simulated (Max Sharpe Ratio),0.11269683808898256,0.18873738730002967,0.33219087635941175,0.09960601553243409
614,2023-06-14,Simulated (Max Sharpe Ratio),0.14464757688842067,0.18520167312379576,0.5110514138020484,0.13605402837252223
615,2023-06-15,Simulated (Max Sharpe Ratio),0.16343203518501737,0.18540981813202523,0.6117908767066776,0.15753890551574812
616,2023-06-16,Simulated (Max Sharpe Ratio),0.1628189562058966,0.18541662195160477,0.6084619330156023,0.1568284643517852
617,2023-06-20,Simulated (Max Sharpe Ratio),0.18193933320290612,0.1832734830518098,0.7199041072712523,0.17961879005072112
618,2023-06-21,Simulated (Max Sharpe Ratio),0.18404647278129616,0.1832397367005799,0.7315360477751218,0.1821125177517593
619,2023-06-22,Simulated (Max Sharpe Ratio),0.15746429789350058,0.18174967029875969,0.5912764392741456,0.1514306051792882
620,2023-06-23,Simulated (Max Sharpe Ratio),0.15408749957311463,0.1818712868593273,0.5723140874547371,0.1475259966580078
621,2023-06-26,Simulated (Max Sharpe Ratio),0.1580380948754374,0.18189729274232308,0.5939510877079677,0.15206014857023908
622,2023-06-27,Simulated (Max Sharpe Ratio),0.1404230432821294,0.18010539842555046,0.5020562630137223,0.13231428102868614
623,2023-06-28,Simulated (Max Sharpe Ratio),0.13778569127589746,0.18010217106918475,0.48742161604579054,0.12933419864967877
624,2023-06-29,Simulated (Max Sharpe Ratio),0.16159283328361185,0.17968129570341435,0.6210598206493863,0.15661537243163282
625,2023-06-30,Simulated (Max Sharpe Ratio),0.17679853501208964,0.1796585173352842,0.7057752501399884,0.1743300580250451
626,2023-07-03,Simulated (Max Sharpe Ratio),0.18549048455623252,0.17953674305981626,0.7546671630948054,0.18460026617906378
627,2023-07-05,Simulated (Max Sharpe Ratio),0.17811620281042473,0.17966238138898136,0.7130942038057727,0.17587656146855402
628,2023-07-06,Simulated (Max Sharpe Ratio),0.1734909798784393,0.1799615363861192,0.6862076327992742,0.17039083744505867
629,2023-07-07,Simulated (Max Sharpe Ratio),0.17244291520235855,0.17996309660053872,0.6803779081115902,0.1691653484846356
630,2023-07-10,Simulated (Max Sharpe Ratio),0.16420783421314056,0.17944355398649028,0.6364554851702218,0.15968952753447607
631,2023-07-11,Simulated (Max Sharpe Ratio),0.17438425564672033,0.179651158747589,0.6923654515442397,0.17150008821769536
632,2023-07-12,Simulated (Max Sharpe Ratio),0.18123876089203228,0.17953886324830198,0.730976895573463,0.17957578744371716
633,2023-07-13,Simulated (Max Sharpe Ratio),0.18965645801475473,0.17953427060779145,0.7778818915294822,0.1895406789065086
634,2023-07-14,Simulated (Max Sharpe Ratio),0.18116851965986702,0.17992545247338596,0.7290159221873798,0.17941080047346913
635,2023-07-17,Simulated (Max Sharpe Ratio),0.1887363709674682,0.1798796685334984,0.7712732189165213,0.1883734580433436
636,2023-07-18,Simulated (Max Sharpe Ratio),0.176620984498575,0.17930401920641761,0.7061804027538665,0.17419256471324962
637,2023-07-19,Simulated (Max Sharpe Ratio),0.18808639473301814,0.1791313178727344,0.7708668499336503,0.18775960171023875
638,2023-07-20,Simulated (Max Sharpe Ratio),0.1703042545021286,0.17788257076303954,0.6763127718813328,0.16709513137989251
639,2023-07-21,Simulated (Max Sharpe Ratio),0.17124594007935612,0.17789099886860268,0.6815743396264425,0.16819220141498237
640,2023-07-24,Simulated (Max Sharpe Ratio),0.171646928574959,0.1779000696993155,0.6837935970489789,0.16865854008055736
641,2023-07-25,Simulated (Max Sharpe Ratio),0.17924723840701884,0.17773576941123512,0.7271875483205285,0.17760271412554451
642,2023-07-26,Simulated (Max Sharpe Ratio),0.17536419674724257,0.17774735891288082,0.7052942868686294,0.17303969238821182
643,2023-07-27,Simulated (Max Sharpe Ratio),0.17906788763554882,0.1776362510272543,0.7265852937627368,0.17741250877061776
644,2023-07-28,Simulated (Max Sharpe Ratio),0.16787074392325863,0.17710663683204064,0.6655354425539768,0.16441911590531322
645,2023-07-31,Simulated (Max Sharpe Ratio),0.16333890808983365,0.17693068375142929,0.6405836776681652,0.15919321011321452
646,2023-08-01,Simulated (Max Sharpe Ratio),0.1511042134344821,0.176678295069085,0.5722503343998661,0.1451564532540106
647,2023-08-02,Simulated (Max Sharpe Ratio),0.13758684658166243,0.17714841138059617,0.494426373338938,0.12969555413818767
648,2023-08-03,Simulated (Max Sharpe Ratio),0.14651815922024936,0.17688429124770402,0.5456570424622269,0.13987804164013773
649,2023-08-04,Simulated (Max Sharpe Ratio),0.13571675628132018,0.1767332897218879,0.48500628498573356,0.12766859532786023
650,2023-08-07,Simulated (Max Sharpe Ratio),0.144572299448681,0.1768660073948857,0.5347115640911769,0.13766703600893893
651,2023-08-08,Simulated (Max Sharpe Ratio),0.13786399762344936,0.17689125498067207,0.49671193543767767,0.1300599563903504
652,2023-08-09,Simulated (Max Sharpe Ratio),0.1372488110441622,0.17689261085221347,0.493230387769306,0.1293650818778338
653,2023-08-10,Simulated (Max Sharpe Ratio),0.1430837971904052,0.1767276029705058,0.526707744720218,0.1360036482446716
654,2023-08-11,Simulated (Max Sharpe Ratio),0.12517205304946388,0.17548663768351305,0.4283634015772489,0.1160868568508302
655,2023-08-14,Simulated (Max Sharpe Ratio),0.12381153966601388,0.17546830420386125,0.42065454499553784,0.11457374629846662
656,2023-08-15,Simulated (Max Sharpe Ratio),0.09314848015313926,0.1755651434451283,0.24576905931572357,0.08090953426371006
657,2023-08-16,Simulated (Max Sharpe Ratio),0.08494610073839381,0.17575940152015965,0.19882919739224011,0.07204625909746842
658,2023-08-17,Simulated (Max Sharpe Ratio),0.08177362506106989,0.17570888820651262,0.18083106316014014,0.06866114210889429
659,2023-08-18,Simulated (Max Sharpe Ratio),0.09227950649637662,0.17562242512972467,0.24074093308497804,0.07996009037532348
660,2023-08-21,Simulated (Max Sharpe Ratio),0.08403929316563219,0.17547069975974527,0.1939884733590214,0.07112889562565772
661,2023-08-22,Simulated (Max Sharpe Ratio),0.09366304399253811,0.17504097706526744,0.24944469989022905,0.08156505600298924
662,2023-08-23,Simulated (Max Sharpe Ratio),0.11556197404135593,0.17425914478462715,0.3762326167868333,0.10565353319485693
663,2023-08-24,Simulated (Max Sharpe Ratio),0.10280379229874981,0.17466544962481964,0.3023138944317382,0.09156541432034282
664,2023-08-25,Simulated (Max Sharpe Ratio),0.11022076840399297,0.17482123941212835,0.344470549496717,0.09965853438684902
665,2023-08-28,Simulated (Max Sharpe Ratio),0.10639835509082529,0.17451363364428035,0.32317449309310015,0.09552276938388449
666,2023-08-29,Simulated (Max Sharpe Ratio),0.1528784652035745,0.17059950894813217,0.6030408049700361,0.1484101497622825
667,2023-08-30,Simulated (Max Sharpe Ratio),0.1611924126324611,0.17055836334848595,0.651931751979069,0.15799992337136803
668,2023-08-31,Simulated (Max Sharpe Ratio),0.1732814147894638,0.17001592577428795,0.7251168631880487,0.17218324794344375
669,2023-09-01,Simulated (Max Sharpe Ratio),0.19039379744452378,0.16982290194729033,0.8267070921217637,0.192439465935766
670,2023-09-05,Simulated (Max Sharpe Ratio),0.18235269149104116,0.17005292758144427,0.7783029282318756,0.18285014885612116
671,2023-09-06,Simulated (Max Sharpe Ratio),0.18370975820449498,0.16998746411260413,0.7865859926936857,0.18446849847127966
672,2023-09-07,Simulated (Max Sharpe Ratio),0.18140733605059345,0.17007130432821527,0.7726602472395612,0.1817295987456149
673,2023-09-08,Simulated (Max Sharpe Ratio),0.16673414975754608,0.16943889645136226,0.6889454086538791,0.1646514073513936
674,2023-09-11,Simulated (Max Sharpe Ratio),0.15670601988714994,0.16924528808426825,0.6304814810207322,0.15307530088469723
675,2023-09-12,Simulated (Max Sharpe Ratio),0.1451721245990638,0.16875113028167546,0.5639791830739428,0.1399540085117139
676,2023-09-13,Simulated (Max Sharpe Ratio),0.1380063067211016,0.1686497027347782,0.5218290058862541,0.13183824596337002
677,2023-09-14,Simulated (Max Sharpe Ratio),0.19089943101054063,0.1633586439509458,0.8625159195913176,0.19435112555266176
678,2023-09-15,Simulated (Max Sharpe Ratio),0.1784863278374873,0.16368805716711343,0.7849462572966595,0.17956422168781705
679,2023-09-18,Simulated (Max Sharpe Ratio),0.1917528688624086,0.16327776074038275,0.8681700938304792,0.19538596431574717
680,2023-09-19,Simulated (Max Sharpe Ratio),0.19508056504247062,0.16315410844318184,0.8892240987789449,0.1993916334248249
681,2023-09-20,Simulated (Max Sharpe Ratio),0.18430489201294198,0.1631795931999696,0.8230495577247646,0.1865413504401845
682,2023-09-21,Simulated (Max Sharpe Ratio),0.18207172651359727,0.1634055049460512,0.8082452702998051,0.18385232064861023
683,2023-09-22,Simulated (Max Sharpe Ratio),0.19227313239941812,0.1628853142627243,0.8734558609129124,0.1960839359961717
684,2023-09-25,Simulated (Max Sharpe Ratio),0.20058194627062642,0.1628012527110995,0.9249434126765784,0.20607207435233277
685,2023-09-26,Simulated (Max Sharpe Ratio),0.20776880197342107,0.16217786655596084,0.9728134012601629,0.21488824222724
686,2023-09-27,Simulated (Max Sharpe Ratio),0.22714656234866826,0.16159701945386423,1.096224193659979,0.23875607241854513
687,2023-09-28,Simulated (Max Sharpe Ratio),0.24405839598038903,0.1622183135448733,1.1962792100332622,0.25973920962972286
688,2023-09-29,Simulated (Max Sharpe Ratio),0.22204006029385137,0.16134037215014274,1.066317487688398,0.23250189937123578
689,2023-10-02,Simulated (Max Sharpe Ratio),0.23090343434662786,0.1606841159427062,1.1258327139885507,0.24359696919886686
690,2023-10-03,Simulated (Max Sharpe Ratio),0.232150213437204,0.16059490638134502,1.1342216110184355,0.24516494772196418
691,2023-10-04,Simulated (Max Sharpe Ratio),0.19817910492899737,0.15768810734731842,0.9396974028144252,0.20415318900411372
692,2023-10-05,Simulated (Max Sharpe Ratio),0.1590506074501835,0.15477653708580696,0.7045680792672514,0.15849092869395043
693,2023-10-06,Simulated (Max Sharpe Ratio),0.16119245773905788,0.15482457284494466,0.7181835266577229,0.1609647657804678
694,2023-10-09,Simulated (Max Sharpe Ratio),0.18626112451264787,0.1555572090334977,0.8759550609017767,0.1902834359616814
695,2023-10-10,Simulated (Max Sharpe Ratio),0.2108029007210498,0.15423169395911826,1.0426060726770812,0.22008566061127577
696,2023-10-11,Simulated (Max Sharpe Ratio),0.2127653651090572,0.1541554971775505,1.0558518384951927,0.22249474017196524
697,2023-10-12,Simulated (Max Sharpe Ratio),0.2103549658847348,0.15423808671732642,1.039658681572074,0.21953852763847514
698,2023-10-13,Simulated (Max Sharpe Ratio),0.217719607173537,0.15401539814455012,1.0889794734428107,0.22858763244894176
699,2023-10-16,Simulated (Max Sharpe Ratio),0.19911870171980794,0.15223830233560448,0.9795084379690502,0.20628562539055184
700,2023-10-17,Simulated (Max Sharpe Ratio),0.2229344028719935,0.15104499879218364,1.1449197540788927,0.23555978720375292
701,2023-10-18,Simulated (Max Sharpe Ratio),0.19571038399016683,0.15016455665096748,0.9703380560623661,0.20255958939928242
702,2023-10-19,Simulated (Max Sharpe Ratio),0.17429140794208275,0.14983181110432092,0.8295395151804207,0.17715172361106335
703,2023-10-20,Simulated (Max Sharpe Ratio),0.17213140935755888,0.1500116062111929,0.8141464013498859,0.1745816746758324
704,2023-10-23,Simulated (Max Sharpe Ratio),0.17009722914099945,0.15009584323561262,0.8001369428497569,0.17218158007486362
705,2023-10-24,Simulated (Max Sharpe Ratio),0.1518281654652125,0.14816181764305023,0.6872767024938622,0.15129937285191475
706,2023-10-25,Simulated (Max Sharpe Ratio),0.1312842800862727,0.14819650750326208,0.5484898494283577,0.12789493373717153
707,2023-10-26,Simulated (Max Sharpe Ratio),0.11560785760150916,0.14779008395718987,0.4439259782849415,0.11042582060385397
708,2023-10-27,Simulated (Max Sharpe Ratio),0.1033059848668858,0.14805049691764396,0.36005272509512964,0.09681269277213866
709,2023-10-30,Simulated (Max Sharpe Ratio),0.10438945122142917,0.14809212565493696,0.3672676786891403,0.09799450876297167
710,2023-10-31,Simulated (Max Sharpe Ratio),0.08600387576296575,0.14575037685671927,0.2470242378745927,0.07836109618886855
711,2023-11-01,Simulated (Max Sharpe Ratio),0.09457900445070822,0.14550170410868032,0.306381321949402,0.08768402864044389
712,2023-11-02,Simulated (Max Sharpe Ratio),0.10897733565714485,0.1467644593904537,0.4018502565409308,0.10325192398575234
713,2023-11-03,Simulated (Max Sharpe Ratio),0.13505202877717204,0.14547860673345697,0.5846359866025022,0.13259788792041705
714,2023-11-06,Simulated (Max Sharpe Ratio),0.1347867568423461,0.14548556915429853,0.5827846523556112,0.1322964965676794
715,2023-11-07,Simulated (Max Sharpe Ratio),0.11049465132912384,0.14403850687403197,0.4199894364499979,0.10536222611160473
716,2023-11-08,Simulated (Max Sharpe Ratio),0.09635472627958941,0.14360072412509853,0.3228028727710819,0.08991652984435006
717,2023-11-09,Simulated (Max Sharpe Ratio),0.08196242432355483,0.1435418987089994,0.22266964984455048,0.07435669264626221
718,2023-11-10,Simulated (Max Sharpe Ratio),0.11381452212023746,0.14285412344726742,0.44671109646893525,0.10922638932068152
719,2023-11-13,Simulated (Max Sharpe Ratio),0.06729923636814983,0.13467807566192946,0.12844879378566842,0.05998941386545553
720,2023-11-14,Simulated (Max Sharpe Ratio),0.07833968074866282,0.13541268239172197,0.2092838000703786,0.07164881015140478
721,2023-11-15,Simulated (Max Sharpe Ratio),0.08535976866864492,0.13539211711124846,0.2611656381707263,0.0791989108659783
722,2023-11-16,Simulated (Max Sharpe Ratio),0.07394781384223215,0.13548071819518115,0.17676178692625155,0.06694410591914535
723,2023-11-17,Simulated (Max Sharpe Ratio),0.08794002052026395,0.135321555728708,0.28036937881741414,0.08199657383354486
724,2023-11-20,Simulated (Max Sharpe Ratio),0.09076627806383908,0.13536051422599582,0.3011681678142588,0.08505213143543289
725,2023-11-21,Simulated (Max Sharpe Ratio),0.08014264538976124,0.13526421709290862,0.22284271507709408,0.07360361702551588
726,2023-11-22,Simulated (Max Sharpe Ratio),0.0855000771649882,0.13527210135096995,0.26243458045263557,0.07936777837841213
727,2023-11-24,Simulated (Max Sharpe Ratio),0.07072135054519768,0.13412733767024693,0.15449013530814482,0.0636995631894195
728,2023-11-27,Simulated (Max Sharpe Ratio),0.06368551010075962,0.1341979649562977,0.10198001217988947,0.056233783109373325
729,2023-11-28,Simulated (Max Sharpe Ratio),0.06203446683222247,0.13420452952503045,0.089672583144654,0.054490842715681165
730,2023-11-29,Simulated (Max Sharpe Ratio),0.07294128617175788,0.13326756906024045,0.1721445534988922,0.06618646721722254
731,2023-11-30,Simulated (Max Sharpe Ratio),0.08005037842301144,0.13351715835750014,0.22506754032728704,0.07375538555444816
732,2023-12-01,Simulated (Max Sharpe Ratio),0.06770016376867416,0.13219791142309661,0.13389140250503018,0.060761988833782254
733,2023-12-04,Simulated (Max Sharpe Ratio),0.06524777919184976,0.13221590447882564,0.11532484879148326,0.058161954468291865
734,2023-12-05,Simulated (Max Sharpe Ratio),0.057923225678939816,0.13242615325392523,0.05983127565253023,0.05041234773538905
735,2023-12-06,Simulated (Max Sharpe Ratio),0.07288997595704327,0.13120600241400082,0.17445829867460935,0.06642059274169965
736,2023-12-07,Simulated (Max Sharpe Ratio),0.08868757856648357,0.13065191133438045,0.2961118453710911,0.08347472740713435
737,2023-12-08,Simulated (Max Sharpe Ratio),0.09130508761800638,0.13073418980484874,0.31594709600957366,0.08630185439557692
738,2023-12-11,Simulated (Max Sharpe Ratio),0.0964541259420193,0.13102553100656927,0.3545425504872803,0.0918664727513765
739,2023-12-12,Simulated (Max Sharpe Ratio),0.10451384061606328,0.13074147261298372,0.41695905305758046,0.1007395925503054
740,2023-12-13,Simulated (Max Sharpe Ratio),0.09792271459270618,0.13013476094826038,0.36825452510539847,0.09359631698546544
741,2023-12-14,Simulated (Max Sharpe Ratio),0.10697386877706339,0.13107091254551717,0.43467972924410664,0.10340307509522373
742,2023-12-15,Simulated (Max Sharpe Ratio),0.10816626336229418,0.1310320883121322,0.4439085426444248,0.10472460735526501
743,2023-12-18,Simulated (Max Sharpe Ratio),0.13722718142582835,0.12794394531411152,0.6817609165613847,0.13774520522223632
744,2023-12-19,Simulated (Max Sharpe Ratio),0.15000855810941305,0.12800688342363586,0.7812748458099475,0.1523630672763736
745,2023-12-20,Simulated (Max Sharpe Ratio),0.13774461214413036,0.1291053651779353,0.6796356760480029,0.13816286835472624
746,2023-12-21,Simulated (Max Sharpe Ratio),0.1455837224238845,0.12948030595539708,0.7382105079116112,0.14706012180625572
747,2023-12-22,Simulated (Max Sharpe Ratio),0.13569972734730862,0.12885281350512948,0.6650978353988135,0.13587545488670827
748,2023-12-26,Simulated (Max Sharpe Ratio),0.1555123952388292,0.12828898689158155,0.8224587144647022,0.15867596607775103
749,2023-12-27,Simulated (Max Sharpe Ratio),0.14888801709359945,0.12811115383666694,0.7718923304654253,0.1510564167842232
750,2023-12-28,Simulated (Max Sharpe Ratio),0.14563031818030014,0.12808323683240375,0.7466263388192783,0.14731897971848218
751,2023-12-29,Simulated (Max Sharpe Ratio),0.15537023930583715,0.12755506706396894,0.8260764682362162,0.1586200831118274
752,2024-01-02,Simulated (Max Sharpe Ratio),0.14262563153525587,0.1269765364044711,0.7294704530308352,0.14403935880178942
753,2024-01-03,Simulated (Max Sharpe Ratio),0.13814134674346967,0.12715436162449786,0.6931838248990756,0.13889774823098056
754,2024-01-04,Simulated (Max Sharpe Ratio),0.1404811396699146,0.12710743194938268,0.7118477517974435,0.14157097207749203
755,2024-01-05,Simulated (Max Sharpe Ratio),0.13308022927922836,0.12670371137011913,0.6557047807111148,0.13321537623952961
756,2024-01-08,Simulated (Max Sharpe Ratio),0.14467021575263095,0.12724263522732868,0.7440133221344826,0.14634096865017399
757,2024-01-09,Simulated (Max Sharpe Ratio),0.1176555102934238,0.12558654834663124,0.5387162174939941,0.11603202460389195
758,2024-01-10,Simulated (Max Sharpe Ratio),0.12478467160687233,0.1254421732542376,0.5961684947478061,0.12403332661987809
759,2024-01-11,Simulated (Max Sharpe Ratio),0.1150924790161938,0.12511625137651178,0.5202559883312943,0.11324169520635108
760,2024-01-12,Simulated (Max Sharpe Ratio),0.10607449930814605,0.12491252664487357,0.4489101358710476,0.10327981633792538
761,2024-01-16,Simulated (Max Sharpe Ratio),0.09517620645060776,0.1249773969059045,0.3614750152351223,0.09131705189627248
762,2024-01-17,Simulated (Max Sharpe Ratio),0.08670273623115432,0.12533643712248907,0.29283372875268016,0.0820634749783542
763,2024-01-18,Simulated (Max Sharpe Ratio),0.0993672609595928,0.1255697088359468,0.39314625650752844,0.09581765537347153
764,2024-01-19,Simulated (Max Sharpe Ratio),0.1316427364308398,0.12577663116265533,0.6491089455660388,0.13171980297685182
765,2024-01-22,Simulated (Max Sharpe Ratio),0.14406339674370527,0.12540351156220594,0.750085827517242,0.14591019905644687
766,2024-01-23,Simulated (Max Sharpe Ratio),0.12993934683235353,0.12448729367384274,0.6421486440358722,0.12997514624104745
767,2024-01-24,Simulated (Max Sharpe Ratio),0.11734740165247415,0.12404167111755403,0.5429417472830493,0.1159036946097638
768,2024-01-25,Simulated (Max Sharpe Ratio),0.12287378275378769,0.12424059409114556,0.5865537209225345,0.12205728617758926
769,2024-01-26,Simulated (Max Sharpe Ratio),0.11365265951364945,0.12450277486105182,0.5112549466041009,0.11172674931783577
770,2024-01-29,Simulated (Max Sharpe Ratio),0.10898517724336176,0.12431960998669886,0.47446398238920373,0.1065771190893916
771,2024-01-30,Simulated (Max Sharpe Ratio),0.11473624403565252,0.12425580048723506,0.5209917265979301,0.11296542662161735
772,2024-01-31,Simulated (Max Sharpe Ratio),0.11386643185273615,0.12431976640413198,0.5137270902289391,0.1119893368048217
773,2024-02-01,Simulated (Max Sharpe Ratio),0.11737072581278085,0.12475886503388083,0.5400075240704133,0.1158313264130788
774,2024-02-02,Simulated (Max Sharpe Ratio),0.11305802917859686,0.12467125034988766,0.5057944714729788,0.11104367924777403
775,2024-02-05,Simulated (Max Sharpe Ratio),0.11164471525563546,0.12470854159442321,0.4943102891549822,0.10947008267888392
776,2024-02-06,Simulated (Max Sharpe Ratio),0.11365285376348666,0.12465996641720295,0.5106118314716843,0.1117060146277904
777,2024-02-07,Simulated (Max Sharpe Ratio),0.12253388544721378,0.12461278501576689,0.5820741863528391,0.1216250500614986
778,2024-02-08,Simulated (Max Sharpe Ratio),0.11101553597882141,0.12400800908720161,0.49202899415888285,0.10886809562007982
779,2024-02-09,Simulated (Max Sharpe Ratio),0.12494776873963176,0.1237287889547614,0.6057423609555792,0.12445694486952052
780,2024-02-12,Simulated (Max Sharpe Ratio),0.13563454052221502,0.12367354106268134,0.6924241012781622,0.13653977201031964
781,2024-02-13,Simulated (Max Sharpe Ratio),0.11003963897535052,0.12374394496068199,0.4851925400828891,0.10782192861502238
782,2024-02-14,Simulated (Max Sharpe Ratio),0.11652442786487793,0.12431458642620483,0.5351297042231478,0.1149483525483328
783,2024-02-15,Simulated (Max Sharpe Ratio),0.12112628099820921,0.12433722444298112,0.5720433387253748,0.12008544953052636
784,2024-02-16,Simulated (Max Sharpe Ratio),0.118374363258547,0.12431321884558513,0.5500168356470423,0.11701207571334393
785,2024-02-20,Simulated (Max Sharpe Ratio),0.1224124781319541,0.12413981711738625,0.5833138779597289,0.12155383061311631
786,2024-02-21,Simulated (Max Sharpe Ratio),0.12856042444035654,0.12400993077604085,0.6335010748633906,0.12848503489420393
787,2024-02-22,Simulated (Max Sharpe Ratio),0.1575140220465262,0.12374631375782484,0.8688260585841312,0.16165740350911872
788,2024-02-23,Simulated (Max Sharpe Ratio),0.16629447445002465,0.12377877741010727,0.9395348450139767,0.17189096976574225
789,2024-02-26,Simulated (Max Sharpe Ratio),0.16549369553379212,0.12376727205533755,0.933152146087164,0.17095519241310786
790,2024-02-27,Simulated (Max Sharpe Ratio),0.1700244270966471,0.12362675791340703,0.9708612368587459,0.17628939124645182
791,2024-02-28,Simulated (Max Sharpe Ratio),0.17366833812036386,0.12362933638084356,1.0003154731770147,0.1805802028881447
792,2024-02-29,Simulated (Max Sharpe Ratio),0.1840384910732159,0.12371198486342672,1.0834721568907755,0.1928659217529749
793,2024-03-01,Simulated (Max Sharpe Ratio),0.22063369048170356,0.12925967710039504,1.320084455643299,0.2364491805213671
794,2024-03-04,Simulated (Max Sharpe Ratio),0.21526099370738538,0.12915569410576222,1.2795486474801296,0.2298460101988249
795,2024-03-05,Simulated (Max Sharpe Ratio),0.19329704439694595,0.1295517690531535,1.106098708217199,0.2030871208995697
796,2024-03-06,Simulated (Max Sharpe Ratio),0.20114985680504827,0.12973685850721647,1.1650494589141045,0.21253568516198906
797,2024-03-07,Simulated (Max Sharpe Ratio),0.23028565916819466,0.12942854612237706,1.3929358288374134,0.24840470648074175
798,2024-03-08,Simulated (Max Sharpe Ratio),0.2206880679676715,0.12980230899404063,1.3149848357128067,0.23643100233383008
799,2024-03-11,Simulated (Max Sharpe Ratio),0.23560564196237932,0.12895932970767895,1.4392571858360654,0.2551343255329861
800,2024-03-12,Simulated (Max Sharpe Ratio),0.24818856777528087,0.12839004062950557,1.5436444042197364,0.2711053463510644
801,2024-03-13,Simulated (Max Sharpe Ratio),0.2504226730070609,0.12828660121728672,1.5623040216615685,0.2739624039361743
802,2024-03-14,Simulated (Max Sharpe Ratio),0.22764165890981747,0.12822470177096734,1.385393426198938,0.24530381572805848
803,2024-03-15,Simulated (Max Sharpe Ratio),0.2456293716168787,0.12646339585600727,1.546924865433984,0.2681722021073878
804,2024-03-18,Simulated (Max Sharpe Ratio),0.2368905870386946,0.12618673646903134,1.4810636384479376,0.2571921449778367
805,2024-03-19,Simulated (Max Sharpe Ratio),0.2525426619436535,0.12573034780365602,1.6109289879635877,0.2770788820254815
806,2024-03-20,Simulated (Max Sharpe Ratio),0.24811234347245084,0.12526783259245125,1.5815101081615526,0.2715115318031003
807,2024-03-21,Simulated (Max Sharpe Ratio),0.2460099231878572,0.12508271344652913,1.5670424616399798,0.2688726115142923
808,2024-03-22,Simulated (Max Sharpe Ratio),0.2578892013596932,0.12398867448226576,1.6766789565883118,0.28419665908349834
809,2024-03-25,Simulated (Max Sharpe Ratio),0.2552741128247483,0.1240366377410461,1.654947413628733,0.28083857341129703
810,2024-03-26,Simulated (Max Sharpe Ratio),0.25435220562121297,0.12402353011350302,1.6476889944528696,0.2796615591793701
811,2024-03-27,Simulated (Max Sharpe Ratio),0.2630476387506385,0.12476530937247322,1.7075871475989215,0.2907086961206842
812,2024-03-28,Simulated (Max Sharpe Ratio),0.2645368429254368,0.12478505525455072,1.7192510953158628,0.29262708391786396
813,2024-04-01,Simulated (Max Sharpe Ratio),0.2518688029585642,0.12392669978358814,1.6289371322813042,0.2765059601812003
814,2024-04-02,Simulated (Max Sharpe Ratio),0.23890569270712114,0.12418596596650582,1.521151695659966,0.2600405362766469
815,2024-04-03,Simulated (Max Sharpe Ratio),0.24300110268350172,0.12454516713959604,1.5496474661853163,0.2651509742520919
816,2024-04-04,Simulated (Max Sharpe Ratio),0.2218905272430608,0.12416359155469575,1.3843875252862727,0.23880429312932083
817,2024-04-05,Simulated (Max Sharpe Ratio),0.24842376937782115,0.12500930265876425,1.5872720282222124,0.271951501062079
818,2024-04-08,Simulated (Max Sharpe Ratio),0.24022379844831487,0.12522200128149366,1.5190924637971563,0.2615406608002475
819,2024-04-09,Simulated (Max Sharpe Ratio),0.24173127665409533,0.12516069182546913,1.5318809272918996,0.26345171043336113
820,2024-04-10,Simulated (Max Sharpe Ratio),0.23000570017423172,0.1254390285794095,1.4350055338660301,0.24869362665422456
821,2024-04-11,Simulated (Max Sharpe Ratio),0.23279334045458078,0.12545285070845127,1.4570680492497305,0.2521740342314227
822,2024-04-12,Simulated (Max Sharpe Ratio),0.21456399511591462,0.12727047913706863,1.2930256586736142,0.22928943192586781
823,2024-04-15,Simulated (Max Sharpe Ratio),0.2044213490288077,0.12715641530066732,1.2144204337914937,0.2169118820622431
824,2024-04-16,Simulated (Max Sharpe Ratio),0.21126960101859382,0.1271639143187873,1.2682025548089608,0.22526615823929363
825,2024-04-17,Simulated (Max Sharpe Ratio),0.2024244704790098,0.12736858759436098,1.196719484433995,0.21445349826832882
826,2024-04-18,Simulated (Max Sharpe Ratio),0.1903007082732152,0.12738985353497362,1.1013491607060923,0.19982656198600646
827,2024-04-19,Simulated (Max Sharpe Ratio),0.18709415644372807,0.12757301521905579,1.074632877558969,0.19596030778462858
828,2024-04-22,Simulated (Max Sharpe Ratio),0.2059987104587555,0.1273531463579527,1.2249301640360613,0.2188012141825617
829,2024-04-23,Simulated (Max Sharpe Ratio),0.23050510378971723,0.12925960834897923,1.396454051619774,0.24871286443763507
830,2024-04-24,Simulated (Max Sharpe Ratio),0.22793934778816594,0.1292700119602161,1.3764936282587197,0.24551431485762798
831,2024-04-25,Simulated (Max Sharpe Ratio),0.25338567106032583,0.1286683180980651,1.5806973625419944,0.27768437191054596
832,2024-04-26,Simulated (Max Sharpe Ratio),0.26116580975904047,0.1282226711863095,1.646867966525306,0.2877273447974862
833,2024-04-29,Simulated (Max Sharpe Ratio),0.25087137445615737,0.12754145137091277,1.5749497304369573,0.27466157466917807
834,2024-04-30,Simulated (Max Sharpe Ratio),0.22807679777534795,0.12851273171796884,1.3856743638922198,0.24580571241688687
835,2024-05-01,Simulated (Max Sharpe Ratio),0.22115703262931197,0.12900235027919144,1.3267745297576974,0.2371441202099982
836,2024-05-02,Simulated (Max Sharpe Ratio),0.24788683302233094,0.12779382477529744,1.5484850959761125,0.270826305124934
837,2024-05-03,Simulated (Max Sharpe Ratio),0.26422620728823076,0.12744891925791693,1.6808789633963364,0.2917970981054028
838,2024-05-06,Simulated (Max Sharpe Ratio),0.28809137460078627,0.12741670442876565,1.868604086632103,0.32296919600793284
839,2024-05-07,Simulated (Max Sharpe Ratio),0.2730583600121188,0.12653106457587815,1.7628742851393238,0.30339573431596767
840,2024-05-08,Simulated (Max Sharpe Ratio),0.27815308937160965,0.12654424250590174,1.8029511643800713,0.3100436796527062
841,2024-05-09,Simulated (Max Sharpe Ratio),0.2849931296243128,0.1264743805839697,1.8580294960867163,0.3190367131187397
842,2024-05-10,Simulated (Max Sharpe Ratio),0.2859267903813889,0.12645241660319964,1.8657357187701167,0.32027108158297946
843,2024-05-13,Simulated (Max Sharpe Ratio),0.2875585327613429,0.12635628301037918,1.8800690167645193,0.32244081928666524
844,2024-05-14,Simulated (Max Sharpe Ratio),0.2902463916085877,0.1263980750653765,1.9007124237004855,0.3259891096820431
845,2024-05-15,Simulated (Max Sharpe Ratio),0.30497677745114193,0.1281818950988113,1.9891793396765474,0.34534397233910874
846,2024-05-16,Simulated (Max Sharpe Ratio),0.3097909868715022,0.1278039341597153,2.032730749484159,0.35189407561007946
847,2024-05-17,Simulated (Max Sharpe Ratio),0.2981466539478942,0.1271003738300794,1.9523676167911328,0.33638020310764727
848,2024-05-20,Simulated (Max Sharpe Ratio),0.2890404278398827,0.12703864082091632,1.8816355897325205,0.32429032799648505
849,2024-05-21,Simulated (Max Sharpe Ratio),0.2910429793341385,0.12702281909199276,1.8976352521319007,0.3269445435922367
850,2024-05-22,Simulated (Max Sharpe Ratio),0.29287687809819174,0.12700266812456243,1.9123761861442274,0.32938082352601605
851,2024-05-23,Simulated (Max Sharpe Ratio),0.29712566436570353,0.12688699546974022,1.94760435023964,0.3350540184183217
852,2024-05-24,Simulated (Max Sharpe Ratio),0.31652756820513683,0.1269368214771968,2.0996867977588085,0.361169679436135
853,2024-05-28,Simulated (Max Sharpe Ratio),0.32311567787466566,0.1268652493161299,2.1528013332800127,0.3701677908929515
854,2024-05-29,Simulated (Max Sharpe Ratio),0.31043078830107185,0.12631191051264934,2.0618070555982237,0.35301209652216636
855,2024-05-30,Simulated (Max Sharpe Ratio),0.3043102700932123,0.12653263347659727,2.0098393837685204,0.34472879887400776
856,2024-05-31,Simulated (Max Sharpe Ratio),0.2947745030991018,0.12766922387157906,1.917255354707236,0.33178758893924365
857,2024-06-03,Simulated (Max Sharpe Ratio),0.2665296274507961,0.12844958649119445,1.6857168120633832,0.29460687798632756
858,2024-06-04,Simulated (Max Sharpe Ratio),0.25369234211874414,0.1276853495309246,1.595267921237989,0.2782339666810749
859,2024-06-05,Simulated (Max Sharpe Ratio),0.27025981030185053,0.12784484874526494,1.7228680894349169,0.2995393040924883
860,2024-06-06,Simulated (Max Sharpe Ratio),0.2582290806744526,0.12785535584270533,1.628630097675591,0.28401284946288596
861,2024-06-07,Simulated (Max Sharpe Ratio),0.24899324829488145,0.12769985814525697,1.5582887184457885,0.27224532135776025
862,2024-06-10,Simulated (Max Sharpe Ratio),0.25494325856541156,0.12789479824905922,1.602436231740325,0.2797986125291021
863,2024-06-11,Simulated (Max Sharpe Ratio),0.248563490336862,0.1281173034048922,1.549856928453583,0.27163168852752007
864,2024-06-12,Simulated (Max Sharpe Ratio),0.24203856799986634,0.1279946106500633,1.5003644842898813,0.2633890740827478
865,2024-06-13,Simulated (Max Sharpe Ratio),0.2334480135884518,0.12807898934295212,1.4323037254552362,0.2525789515365384
866,2024-06-14,Simulated (Max Sharpe Ratio),0.2340858959623925,0.1280553313862592,1.4375496433422652,0.25338125686374924
867,2024-06-17,Simulated (Max Sharpe Ratio),0.2414167685222962,0.12890149012555252,1.4849849162787228,0.26246024540703927
868,2024-06-18,Simulated (Max Sharpe Ratio),0.2544530690126441,0.12928934098149278,1.5813605936927986,0.27894622656491075
869,2024-06-20,Simulated (Max Sharpe Ratio),0.2642439003976974,0.12879647861405177,1.6634297979504176,0.29159895699030103
870,2024-06-21,Simulated (Max Sharpe Ratio),0.2620761969593125,0.12885174962880788,1.6458930326538448,0.28879594819216536
871,2024-06-24,Simulated (Max Sharpe Ratio),0.25592355318573556,0.12916434316735736,1.5942755418104966,0.28084717543657733
872,2024-06-25,Simulated (Max Sharpe Ratio),0.26192187860538707,0.12890202226346476,1.6440539479841272,0.28858889044343394
873,2024-06-26,Simulated (Max Sharpe Ratio),0.2570404949854388,0.1288899782507942,1.6063350913333174,0.2823225253848778
874,2024-06-27,Simulated (Max Sharpe Ratio),0.245845224348903,0.12858190099902778,1.5231165726067761,0.26811046045372877
875,2024-06-28,Simulated (Max Sharpe Ratio),0.24427438416183933,0.12861016987505178,1.510567821740552,0.26611737105364197
876,2024-07-01,Simulated (Max Sharpe Ratio),0.24062209151461178,0.12842352114671446,1.4843238202201294,0.2615358850335523
877,2024-07-02,Simulated (Max Sharpe Ratio),0.23935273491567144,0.12835980452941978,1.4751715742311857,0.25994726491512843
878,2024-07-03,Simulated (Max Sharpe Ratio),0.2372140290011111,0.128350709076692,1.4586131260813462,0.2572594852621437
879,2024-07-05,Simulated (Max Sharpe Ratio),0.23782124473139532,0.1283191079748327,1.4637044139071853,0.2580275316145424
880,2024-07-08,Simulated (Max Sharpe Ratio),0.2637752504084846,0.1280717120765242,1.6691839824921808,0.29111510463799206
881,2024-07-09,Simulated (Max Sharpe Ratio),0.2632948723400037,0.1280769481530005,1.6653650435611727,0.2904948164404648
882,2024-07-10,Simulated (Max Sharpe Ratio),0.2640475861709026,0.12811926376172894,1.6706901045652256,0.29145863080914625
883,2024-07-11,Simulated (Max Sharpe Ratio),0.24749058253286926,0.12810435578859702,1.541638309775947,0.27027524631934896
884,2024-07-12,Simulated (Max Sharpe Ratio),0.24736569223496274,0.12810420116800417,1.5406652587148533,0.2701167917710585
885,2024-07-15,Simulated (Max Sharpe Ratio),0.2470713067659174,0.1280956205849423,1.5384702916930417,0.2697446914830681
886,2024-07-16,Simulated (Max Sharpe Ratio),0.267677560548105,0.12769498803552196,1.7046680053531298,0.2962206911058545
887,2024-07-17,Simulated (Max Sharpe Ratio),0.24699068662689097,0.1289784631042947,1.5273145755163802,0.26949769875923946
888,2024-07-18,Simulated (Max Sharpe Ratio),0.2400341884342856,0.12904765383415295,1.4725892551174171,0.2606943159641746
889,2024-07-19,Simulated (Max Sharpe Ratio),0.2277567760854271,0.12936241528866155,1.3740990819379613,0.2452743470575811
890,2024-07-22,Simulated (Max Sharpe Ratio),0.2348672584157232,0.12974500863293992,1.4248506386764288,0.25409088524549217
891,2024-07-23,Simulated (Max Sharpe Ratio),0.2314166570313334,0.12974277032667778,1.39827950778719,0.24977531753318072
892,2024-07-24,Simulated (Max Sharpe Ratio),0.20088074441077863,0.13237130004622794,1.1398297392114958,0.21179796174767063
893,2024-07-25,Simulated (Max Sharpe Ratio),0.19916013480841355,0.13238417210856515,1.1267218160044905,0.20971432164910508
894,2024-07-26,Simulated (Max Sharpe Ratio),0.2183919117733465,0.13340427735696964,1.2622677106728388,0.23302044367569597
895,2024-07-29,Simulated (Max Sharpe Ratio),0.2185656663852703,0.1333996553902414,1.2636139568138751,0.23323527840104408
896,2024-07-30,Simulated (Max Sharpe Ratio),0.20526742377122476,0.1338037898643049,1.1604112553813826,0.21689173642126147
897,2024-07-31,Simulated (Max Sharpe Ratio),0.21806360251260604,0.13483629150868642,1.2464270607871106,0.2323821787238025
898,2024-08-01,Simulated (Max Sharpe Ratio),0.19771027503408167,0.13677167339509044,1.079977098820697,0.20725234313840502
899,2024-08-02,Simulated (Max Sharpe Ratio),0.16964982948259666,0.14223897839982036,0.8411887573198977,0.17295394432654798
900,2024-08-05,Simulated (Max Sharpe Ratio),0.14599883069942998,0.1443330791274022,0.6651200908330391,0.14520728819898476
901,2024-08-06,Simulated (Max Sharpe Ratio),0.15456585085002472,0.14441102780762294,0.724084943078738,0.15504169588175065
902,2024-08-07,Simulated (Max Sharpe Ratio),0.13473600340376501,0.1448055831509462,0.5851708308472865,0.1323106755384964
903,2024-08-08,Simulated (Max Sharpe Ratio),0.1655488510779175,0.14721117480781584,0.7849190200999788,0.16732141794787614
904,2024-08-09,Simulated (Max Sharpe Ratio),0.16768757750297536,0.1472149397779542,0.7994268630648814,0.16981837379755693
905,2024-08-12,Simulated (Max Sharpe Ratio),0.16912856136258236,0.14720064757644014,0.8092937315423143,0.17150660646886018
906,2024-08-13,Simulated (Max Sharpe Ratio),0.18017650911485483,0.14784425678037136,0.8804975719025551,0.18440126534695112
907,2024-08-14,Simulated (Max Sharpe Ratio),0.18311904353210506,0.14790258237122877,0.9000454312419124,0.18787886390090414
908,2024-08-15,Simulated (Max Sharpe Ratio),0.2179001922609688,0.1481719002399579,1.1331446245142418,0.22984313620504926
909,2024-08-16,Simulated (Max Sharpe Ratio),0.22850895647705272,0.14792204717490753,1.206777217367593,0.24299403304922818
910,2024-08-19,Simulated (Max Sharpe Ratio),0.235045298802674,0.14809407757932072,1.2495118091644268,0.2511062432637037
911,2024-08-20,Simulated (Max Sharpe Ratio),0.22521507608026914,0.14820533094332872,1.1822454358761798,0.23885851993073892
912,2024-08-21,Simulated (Max Sharpe Ratio),0.23192948196759056,0.14829169949728382,1.2268352347726843,0.24718130298678198
913,2024-08-22,Simulated (Max Sharpe Ratio),0.22668382436156265,0.14851041052925612,1.1897066591621632,0.24062176489017384
914,2024-08-23,Simulated (Max Sharpe Ratio),0.23446995195078946,0.14893784420734518,1.238570041969843,0.2502318736697777
915,2024-08-26,Simulated (Max Sharpe Ratio),0.24552155668425701,0.1484224385534146,1.3173315206911405,0.26420940153358385
916,2024-08-27,Simulated (Max Sharpe Ratio),0.24028308683362232,0.1482734004710846,1.2833258442112159,0.25763804971872695
917,2024-08-28,Simulated (Max Sharpe Ratio),0.22563040581818017,0.14784931434612478,1.1879013886193484,0.23943812615013327
918,2024-08-29,Simulated (Max Sharpe Ratio),0.22190871312410954,0.1476841366667589,1.1640296446463447,0.23486773629751778
919,2024-08-30,Simulated (Max Sharpe Ratio),0.23314819200741788,0.1483440607840555,1.2346176249956295,0.24869254624061954
920,2024-09-03,Simulated (Max Sharpe Ratio),0.203487540033093,0.1516395744120389,1.0121865655995101,0.2116220595094498
921,2024-09-04,Simulated (Max Sharpe Ratio),0.19525780175550067,0.1515053280276427,0.9587636530445839,0.20172366558269816
922,2024-09-05,Simulated (Max Sharpe Ratio),0.19453501963629882,0.15154966321268115,0.9537138953153718,0.2008479679420092
923,2024-09-06,Simulated (Max Sharpe Ratio),0.18372234457414416,0.15247241021588834,0.8770265019409372,0.1877751619730439
924,2024-09-09,Simulated (Max Sharpe Ratio),0.206731746425874,0.1530978254637911,1.0237359410630058,0.21528655821508358
925,2024-09-10,Simulated (Max Sharpe Ratio),0.20581699305444145,0.153101631182916,1.0177356821775552,0.2141755834298411
926,2024-09-11,Simulated (Max Sharpe Ratio),0.21118279403095996,0.15312765447947302,1.0526040810777701,0.22069788609825847
927,2024-09-12,Simulated (Max Sharpe Ratio),0.21960562324811372,0.15342560485247628,1.1054583973202847,0.23095864459169024
928,2024-09-13,Simulated (Max Sharpe Ratio),0.23448595353362567,0.15399869964641927,1.1979708527228157,0.24928749531397654
929,2024-09-16,Simulated (Max Sharpe Ratio),0.23614624087861613,0.15411182979781002,1.207864711766996,0.2513399988379068
930,2024-09-17,Simulated (Max Sharpe Ratio),0.25008195889091034,0.15376710917694852,1.3012012774504638,0.26895083472266235
931,2024-09-18,Simulated (Max Sharpe Ratio),0.24548311298279535,0.15379565661092237,1.2710574361494185,0.26312870184834125
932,2024-09-19,Simulated (Max Sharpe Ratio),0.2623001741655723,0.1542113460827269,1.3766832308932933,0.28444776401127836
933,2024-09-20,Simulated (Max Sharpe Ratio),0.26200951455628296,0.15422308764331163,1.3746937491396893,0.28407254352547273
934,2024-09-23,Simulated (Max Sharpe Ratio),0.2832784081575742,0.15321031223696646,1.5226025242789696,0.311851225307743
935,2024-09-24,Simulated (Max Sharpe Ratio),0.28730838700343,0.15316911533527802,1.5493226978818553,0.3171509032910773
936,2024-09-25,Simulated (Max Sharpe Ratio),0.28453650834318156,0.15315508179115564,1.5313661525315807,0.31351190370230286
937,2024-09-26,Simulated (Max Sharpe Ratio),0.30273382186673026,0.15295200083328794,1.6523734275447683,0.3376468250429445
938,2024-09-27,Simulated (Max Sharpe Ratio),0.29276792642330307,0.1529811738972381,1.5869137374143656,0.324391775620275
939,2024-09-30,Simulated (Max Sharpe Ratio),0.2785104359172731,0.15231979744991458,1.5002018105519825,0.3057941011336418
940,2024-10-01,Simulated (Max Sharpe Ratio),0.27216077377014547,0.15265119061714852,1.4553491058404389,0.29747229771698214
941,2024-10-02,Simulated (Max Sharpe Ratio),0.27788073547790726,0.15247143973067434,1.4945798103594743,0.30494267476933246
942,2024-10-03,Simulated (Max Sharpe Ratio),0.28404108833664976,0.1521489748097251,1.5382363806876618,0.31306201491367047
943,2024-10-04,Simulated (Max Sharpe Ratio),0.2996708552339995,0.1525700319061484,1.6364344433484912,0.33363771750869664
944,2024-10-07,Simulated (Max Sharpe Ratio),0.3009496488932144,0.15250413957647688,1.645526800715922,0.33535566521663096
945,2024-10-08,Simulated (Max Sharpe Ratio),0.3015360460985814,0.15252059223695466,1.6491940033106955,0.33613469092580917
946,2024-10-09,Simulated (Max Sharpe Ratio),0.2921012394747238,0.15178310823087063,1.5950473165068817,0.323748268594811
947,2024-10-10,Simulated (Max Sharpe Ratio),0.2860489309726696,0.15176098013591952,1.5553993573398148,0.31577422084974294
948,2024-10-11,Simulated (Max Sharpe Ratio),0.3024266623469545,0.1520726769987655,1.6599080605979182,0.33741323525697897
949,2024-10-14,Simulated (Max Sharpe Ratio),0.3161159819990511,0.15207171074745762,1.7499374518182707,0.35582513626669177
950,2024-10-15,Simulated (Max Sharpe Ratio),0.305939715106315,0.15250326818616014,1.6782572475357735,0.3420263765956313
951,2024-10-16,Simulated (Max Sharpe Ratio),0.3055373190720114,0.15249086037256973,1.6757549826112585,0.3414896236274645
952,2024-10-17,Simulated (Max Sharpe Ratio),0.30378515478716084,0.15245518396409796,1.6646541507366868,0.3391512200148288
953,2024-10-18,Simulated (Max Sharpe Ratio),0.3108361271773892,0.15219381477600705,1.7138418375364182,0.3486690147714975
954,2024-10-21,Simulated (Max Sharpe Ratio),0.3138075506956678,0.152048535222937,1.735021980375327,0.35270739284183605
955,2024-10-22,Simulated (Max Sharpe Ratio),0.304430989923408,0.15320424465854957,1.6607306833467,0.3398589013430855
956,2024-10-23,Simulated (Max Sharpe Ratio),0.31199662323351574,0.1530074116643852,1.71231328197482,0.3500623831677625
957,2024-10-24,Simulated (Max Sharpe Ratio),0.3010052022399644,0.15297012972144033,1.6408772267961504,0.33532977892304694
958,2024-10-25,Simulated (Max Sharpe Ratio),0.3088511762401931,0.15259651449104536,1.696311197562661,0.34591213589529546
959,2024-10-28,Simulated (Max Sharpe Ratio),0.3108974687179167,0.15254624462696179,1.7102844409963558,0.34867601322155184
960,2024-10-29,Simulated (Max Sharpe Ratio),0.3169836436784629,0.1522640630572311,1.7534251898828708,0.35695746145799623
961,2024-10-30,Simulated (Max Sharpe Ratio),0.3164198803530064,0.15224517142924338,1.749939770515653,0.356197489936821
962,2024-10-31,Simulated (Max Sharpe Ratio),0.29344628965209807,0.152679801703928,1.5944891657914364,0.32534386687885464
963,2024-11-01,Simulated (Max Sharpe Ratio),0.3050299201928638,0.15306352100876186,1.66617047949828,0.34068941515559925
964,2024-11-04,Simulated (Max Sharpe Ratio),0.28197291791404433,0.15189832847501267,1.5271591217819358,0.31039419774354116
965,2024-11-05,Simulated (Max Sharpe Ratio),0.2894692727847127,0.15234156146633004,1.5719234493840952,0.320155449750928
966,2024-11-06,Simulated (Max Sharpe Ratio),0.3289194364916741,0.15621749984352143,1.78545577013497,0.3724134999549389
967,2024-11-07,Simulated (Max Sharpe Ratio),0.3282239879717914,0.15623860274089293,1.7807634162806731,0.37145611762582575
968,2024-11-08,Simulated (Max Sharpe Ratio),0.33736283080689233,0.15629874760827128,1.8385485181692216,0.3840175819266707
969,2024-11-11,Simulated (Max Sharpe Ratio),0.3467008026820213,0.15612193089086035,1.9004428204864758,0.3970228845328425
970,2024-11-12,Simulated (Max Sharpe Ratio),0.3228202684780914,0.1561271459694314,1.747423657712335,0.3640969967409411
971,2024-11-13,Simulated (Max Sharpe Ratio),0.32121484449360604,0.15613421299739488,1.7370622318257134,0.36191009562836296
972,2024-11-14,Simulated (Max Sharpe Ratio),0.2983171668458646,0.15582749709906488,1.5935388263856982,0.33117908097912374
973,2024-11-15,Simulated (Max Sharpe Ratio),0.28602676184533005,0.15613324005141377,1.5117009149852256,0.314874434989739
974,2024-11-18,Simulated (Max Sharpe Ratio),0.30019710249840725,0.15608628790261897,1.6029409492684157,0.3336273706243089
975,2024-11-19,Simulated (Max Sharpe Ratio),0.28961860640325354,0.15613229851642305,1.5347151657928668,0.3196007179455831
976,2024-11-20,Simulated (Max Sharpe Ratio),0.2838181806956799,0.15614766768932403,1.497417054994964,0.31197412533813407
977,2024-11-21,Simulated (Max Sharpe Ratio),0.3023223818335523,0.15666294687404758,1.6106066358908218,0.3363425656687531
978,2024-11-22,Simulated (Max Sharpe Ratio),0.31199033785648433,0.15708497650024103,1.66782555336272,0.3492209831345232
979,2024-11-25,Simulated (Max Sharpe Ratio),0.31461590917780735,0.1571417292024691,1.6839315089683355,0.35275176134596986
980,2024-11-26,Simulated (Max Sharpe Ratio),0.3196354994578733,0.15703453635103584,1.717045853245484,0.3595733501037697
981,2024-11-27,Simulated (Max Sharpe Ratio),0.3013865489407269,0.15836644887429374,1.5873725194170993,0.3347350537656648
982,2024-11-29,Simulated (Max Sharpe Ratio),0.31356704362220555,0.15830065865929613,1.6649775550806132,0.3510863476359052
983,2024-12-02,Simulated (Max Sharpe Ratio),0.2986810378083099,0.1583134095872033,1.570814743089275,0.33114403114282576
984,2024-12-03,Simulated (Max Sharpe Ratio),0.2846578569643282,0.15830589179719326,1.482306528836905,0.31262996428321954
985,2024-12-04,Simulated (Max Sharpe Ratio),0.2857676937378206,0.15828825596944424,1.4894831729230307,0.31408958424454636
986,2024-12-05,Simulated (Max Sharpe Ratio),0.2812155723814713,0.15859407426868613,1.4579080173560057,0.3080643006342769
987,2024-12-06,Simulated (Max Sharpe Ratio),0.2850818074172857,0.1585414165336902,1.4827785228431503,0.31313660181023595
988,2024-12-09,Simulated (Max Sharpe Ratio),0.27060301033526546,0.15897145777022295,1.387689421922045,0.29419301964960143
989,2024-12-10,Simulated (Max Sharpe Ratio),0.25538645641648916,0.15924934178415687,1.2897162030023681,0.27461260133798926
990,2024-12-11,Simulated (Max Sharpe Ratio),0.24542649978840014,0.15897599712573293,1.2292830573274454,0.26204722836359484
991,2024-12-12,Simulated (Max Sharpe Ratio),0.24098262696634098,0.15907006983332822,1.2006194953359257,0.2564379199572837
992,2024-12-13,Simulated (Max Sharpe Ratio),0.228876746276651,0.15891105947013603,1.1256406374300658,0.24136427873098532
993,2024-12-16,Simulated (Max Sharpe Ratio),0.20854802321189025,0.15796367902614897,1.0036992313001558,0.2165845439455456
994,2024-12-17,Simulated (Max Sharpe Ratio),0.20346220038681495,0.1581764702270201,0.9701961370522488,0.21037717917063636
995,2024-12-18,Simulated (Max Sharpe Ratio),0.17360677085324538,0.16087539565858291,0.7683385662999039,0.17428819656328542
996,2024-12-19,Simulated (Max Sharpe Ratio),0.16829491642966676,0.16073431463927473,0.7359655385046319,0.1680975251407737
997,2024-12-20,Simulated (Max Sharpe Ratio),0.20021713591194956,0.1603749687495269,0.9366619808765682,0.2060318160076402
998,2024-12-23,Simulated (Max Sharpe Ratio),0.19615301541456964,0.16017581796619543,0.9124536853959738,0.2011819655510112
999,2024-12-24,Simulated (Max Sharpe Ratio),0.20104297968066742,0.16034249033531958,0.9420022064319673,0.20703356120263217
1000,2024-12-26,Simulated (Max Sharpe Ratio),0.19678378914440064,0.16023789101895386,0.9160367015005098,0.2019274997171856
1001,2024-12-27,Simulated (Max Sharpe Ratio),0.18890447149431622,0.16043451523578697,0.8658016717298735,0.19246394193811533
1002,2024-12-30,Simulated (Max Sharpe Ratio),0.1756140042394293,0.16104213876356643,0.7800070540782444,0.17661631377434772
1003,2024-12-31,Simulated (Max Sharpe Ratio),0.17826043061641395,0.1610286832792509,0.7965067341076666,0.1797346219854583
1004,2025-01-02,Simulated (Max Sharpe Ratio),0.1783915419663178,0.16102813645704211,0.7973236528174636,0.17988930273655446
1005,2025-01-03,Simulated (Max Sharpe Ratio),0.19478080064086256,0.1611047904116938,0.8986747089945853,0.19935732493057623
1006,2025-01-06,Simulated (Max Sharpe Ratio),0.19692931515978795,0.161097827889596,0.9120502559505765,0.20193626868590986
1007,2025-01-07,Simulated (Max Sharpe Ratio),0.19412321367032015,0.16107056840941883,0.894783045056246,0.1985760724967922
1008,2025-01-08,Simulated (Max Sharpe Ratio),0.18330059001233678,0.16066079561005545,0.8297020409127973,0.1857610217201333
1009,2025-01-10,Simulated (Max Sharpe Ratio),0.17358690514450414,0.16131703429853603,0.7661119340676207,0.1741819140486598
1010,2025-01-13,Simulated (Max Sharpe Ratio),0.17830807311726027,0.1614103348949233,0.7949185732176797,0.17971704465489058
1011,2025-01-14,Simulated (Max Sharpe Ratio),0.19023216648422625,0.16178495257716752,0.8667812689028598,0.19378654992639377
1012,2025-01-15,Simulated (Max Sharpe Ratio),0.20337721437598244,0.16215441690827548,0.945871332402509,0.2094986842748483
1013,2025-01-16,Simulated (Max Sharpe Ratio),0.2169119532551882,0.16216638825837737,1.029263554844977,0.22596427884882275
1014,2025-01-17,Simulated (Max Sharpe Ratio),0.23437510974660158,0.1620234140427217,1.1379534916971092,0.2475713626460394
1015,2025-01-21,Simulated (Max Sharpe Ratio),0.24537729018082732,0.16294472409717115,1.199040295801877,0.26117489477518174
1016,2025-01-22,Simulated (Max Sharpe Ratio),0.22953509160630436,0.16210944618266002,1.1074930908345073,0.24153678725037975
1017,2025-01-23,Simulated (Max Sharpe Ratio),0.24031769263958025,0.16260676593674445,1.1704168122599254,0.2548837477972663
1018,2025-01-24,Simulated (Max Sharpe Ratio),0.2317054383205892,0.16280276070162783,1.1161078444707995,0.24409314483467126
1019,2025-01-27,Simulated (Max Sharpe Ratio),0.2256504750991427,0.16300278320774872,1.077591876914607,0.23654945594983068
1020,2025-01-28,Simulated (Max Sharpe Ratio),0.21484984347170666,0.16290854122409795,1.011916516058776,0.22329586840050086
1021,2025-01-29,Simulated (Max Sharpe Ratio),0.22432869560589352,0.16268667428187866,1.0715610013875099,0.23498085630868237
1022,2025-01-30,Simulated (Max Sharpe Ratio),0.24296366417357185,0.1639880224105489,1.1766936471157727,0.2579265172892311
1023,2025-01-31,Simulated (Max Sharpe Ratio),0.2327155921860089,0.16424643725557728,1.1124478268085203,0.2450602322209443
1024,2025-02-03,Simulated (Max Sharpe Ratio),0.23836529732476586,0.16399777115760186,1.148584495967002,0.25215894847472753
1025,2025-02-04,Simulated (Max Sharpe Ratio),0.21956506855307445,0.1631385927208469,1.0393927379478145,0.2290287317809394
1026,2025-02-05,Simulated (Max Sharpe Ratio),0.22853854021002984,0.16338261727071063,1.0927633746630903,0.24004830119885878
1027,2025-02-06,Simulated (Max Sharpe Ratio),0.23601134740872864,0.1633494083643813,1.1387329116846,0.24934784289480305
1028,2025-02-07,Simulated (Max Sharpe Ratio),0.23227642444900665,0.16344922501467157,1.1151868381917693,0.24467436727564196
1029,2025-02-10,Simulated (Max Sharpe Ratio),0.23370051476797127,0.1634845356370118,1.1236568281653592,0.24643939528657
1030,2025-02-11,Simulated (Max Sharpe Ratio),0.2400998685782766,0.1636206469590432,1.1618330089225328,0.2544061996900022
1031,2025-02-12,Simulated (Max Sharpe Ratio),0.23261264953273653,0.16360777659880463,1.1161611833435965,0.24506055564875462
1032,2025-02-13,Simulated (Max Sharpe Ratio),0.23244810231886048,0.1636035169828041,1.1151844757593878,0.24485674897685583
1033,2025-02-14,Simulated (Max Sharpe Ratio),0.24287795659710465,0.1630664599135617,1.182818077361497,0.2580067570943476
1034,2025-02-18,Simulated (Max Sharpe Ratio),0.23813246147617018,0.1627378499373979,1.156046129087616,0.2521225822845399
1035,2025-02-19,Simulated (Max Sharpe Ratio),0.24032616950109253,0.162785605577858,1.1691830418633806,0.25486011631850336
1036,2025-02-20,Simulated (Max Sharpe Ratio),0.23502943743113092,0.16289703224661575,1.1358674549147594,0.24821465105276364
1037,2025-02-21,Simulated (Max Sharpe Ratio),0.21969434258351495,0.1639696698719515,1.0349129977271652,0.22901909737797466
1038,2025-02-24,Simulated (Max Sharpe Ratio),0.21542933182647261,0.16402279957084462,1.0085752240499986,0.2237823503991716
1039,2025-02-25,Simulated (Max Sharpe Ratio),0.20089264385295336,0.1635035304840397,0.9228708603798782,0.2062368589360133
1040,2025-02-26,Simulated (Max Sharpe Ratio),0.19879969416244359,0.16345662870681565,0.9103313541926679,0.20372604639573333
1041,2025-02-27,Simulated (Max Sharpe Ratio),0.1909186396087441,0.16358652969671564,0.8614318053570971,0.19425862702251662
1042,2025-02-28,Simulated (Max Sharpe Ratio),0.20671784594439502,0.16418860701755836,0.9544989070260861,0.21314377300128196
1043,2025-03-03,Simulated (Max Sharpe Ratio),0.19044182466393533,0.16481789245825793,0.8521030245518028,0.19344964698806577
1044,2025-03-04,Simulated (Max Sharpe Ratio),0.15791756649103905,0.16680236463254186,0.6469786368363339,0.15489867969240234
1045,2025-03-05,Simulated (Max Sharpe Ratio),0.1309663563186858,0.1628375783573796,0.49722156971033404,0.12491800056038582
1046,2025-03-06,Simulated (Max Sharpe Ratio),0.11447572765249558,0.1636553238588129,0.39397268681658926,0.10637980277691361
1047,2025-03-07,Simulated (Max Sharpe Ratio),0.1289648064399156,0.16314492238141912,0.4840163290850236,0.12261305683006163
1048,2025-03-10,Simulated (Max Sharpe Ratio),0.10559461109578638,0.16377619960019318,0.3394547634607636,0.0965792006677042
1049,2025-03-11,Simulated (Max Sharpe Ratio),0.08149622172953352,0.16353408188536658,0.19259729449920787,0.07051975527286247
1050,2025-03-12,Simulated (Max Sharpe Ratio),0.09306833259257696,0.16328580957229982,0.2637604131393128,0.08301957245408875
1051,2025-03-13,Simulated (Max Sharpe Ratio),0.08510006552814331,0.1634452411126355,0.21475122364654653,0.07439911013467837
1052,2025-03-14,Simulated (Max Sharpe Ratio),0.10219365169503725,0.1644530729367785,0.31737717491665424,0.09273780058338477
1053,2025-03-17,Simulated (Max Sharpe Ratio),0.11904643105206547,0.1648820910439427,0.418762466044077,0.11122394145268766
1054,2025-03-18,Simulated (Max Sharpe Ratio),0.12452852767912127,0.16462027269557952,0.452729949105002,0.11737790184063823
1055,2025-03-19,Simulated (Max Sharpe Ratio),0.14140481568715257,0.16517756280439888,0.5533730740136478,0.13628210413046027
1056,2025-03-20,Simulated (Max Sharpe Ratio),0.13589945236997159,0.16526894008115342,0.5197555712996745,0.1300300308616298
1057,2025-03-21,Simulated (Max Sharpe Ratio),0.1255534028164429,0.1653036811806315,0.45705819904811307,0.11839845842521024
1058,2025-03-24,Simulated (Max Sharpe Ratio),0.13340511100977603,0.1660288583854783,0.5023530958463246,0.12707714497195854
1059,2025-03-25,Simulated (Max Sharpe Ratio),0.1254578263197903,0.16572004435255622,0.4553331289198775,0.11821658591242956
1060,2025-03-26,Simulated (Max Sharpe Ratio),0.1221792032281468,0.1658513854590218,0.43520410172262725,0.11453386060259607
1061,2025-03-27,Simulated (Max Sharpe Ratio),0.1177810694970075,0.16599057223344607,0.40834288709892186,0.10961943602022162
1062,2025-03-28,Simulated (Max Sharpe Ratio),0.09647212972944008,0.16711745116059598,0.27808065170154755,0.08602903744057344
1063,2025-03-31,Simulated (Max Sharpe Ratio),0.08762508932811375,0.16652350317058284,0.22594461809737135,0.0765716816069757
1064,2025-04-01,Simulated (Max Sharpe Ratio),0.08527578934386615,0.1664962836982439,0.21187133166167008,0.07405116052363248
1065,2025-04-02,Simulated (Max Sharpe Ratio),0.08550322698905466,0.1665002034078757,0.21323233402954092,0.07429468934029071
1066,2025-04-03,Simulated (Max Sharpe Ratio),0.03704669558142404,0.17572628691024358,-0.07371295806865921,0.021819388523261152
1067,2025-04-04,Simulated (Max Sharpe Ratio),-0.052867345079787964,0.19101551917971488,-0.5385287306577763,-0.06879977257817083
1068,2025-04-07,Simulated (Max Sharpe Ratio),-0.04146425227366479,0.19092527319691108,-0.47905785725566563,-0.05810211052624614
1069,2025-04-08,Simulated (Max Sharpe Ratio),-0.06441790628054544,0.19009202103155337,-0.6019079899284843,-0.07933659564480233
1070,2025-04-09,Simulated (Max Sharpe Ratio),0.029383746095997476,0.20924485694581685,-0.09852693253694177,0.007576173408376574
1071,2025-04-10,Simulated (Max Sharpe Ratio),0.0018250730826355754,0.21150732870084415,-0.22776953977563122,-0.020284939973759464
1072,2025-04-11,Simulated (Max Sharpe Ratio),0.025930760611622694,0.2119769177704679,-0.11354651082548468,0.0035195663604583594
1073,2025-04-14,Simulated (Max Sharpe Ratio),0.03454638499522311,0.21226723500407646,-0.07280263958062164,0.0121402415458296
1074,2025-04-15,Simulated (Max Sharpe Ratio),0.05325202503469262,0.21123863456867673,0.01539502961346465,0.031474673374245477
1075,2025-04-16,Simulated (Max Sharpe Ratio),0.04448958871742725,0.21154618619656196,-0.0260482657789569,0.022410927408936576
1076,2025-04-17,Simulated (Max Sharpe Ratio),0.0448099128565389,0.21155283041152992,-0.02453329096739059,0.022736999634308752
1077,2025-04-21,Simulated (Max Sharpe Ratio),0.03280918141136091,0.21227429390983846,-0.08098398667122989,0.010382672593452824
1078,2025-04-22,Simulated (Max Sharpe Ratio),0.04841222977919357,0.21243180397385925,-0.00747425852016873,0.02623499265565621
1079,2025-04-23,Simulated (Max Sharpe Ratio),0.07834472791130054,0.21336445964106016,0.13284652916884307,0.05720384831213332
1080,2025-04-24,Simulated (Max Sharpe Ratio),0.0897734044226921,0.2141233315986125,0.18574997934951723,0.069181417692048
1081,2025-04-25,Simulated (Max Sharpe Ratio),0.06403260056830906,0.21292685567928088,0.06590338510162164,0.042280202663099065
1082,2025-04-28,Simulated (Max Sharpe Ratio),0.068009848354177,0.21294244490026104,0.0845761321215812,0.046429324116838755
1083,2025-04-29,Simulated (Max Sharpe Ratio),0.06106501320994007,0.21271599413578163,0.052017777294532004,0.039238559867427636
1084,2025-04-30,Simulated (Max Sharpe Ratio),0.06877409718209682,0.2127589160040718,0.08824117707827349,0.047269549432018776
1085,2025-05-01,Simulated (Max Sharpe Ratio),0.06417659222807226,0.2127212712626491,0.06664398037828702,0.04247532597313275
1086,2025-05-02,Simulated (Max Sharpe Ratio),0.09988234998771395,0.21299860502981138,0.23419097031519237,0.08029834975086048
1087,2025-05-05,Simulated (Max Sharpe Ratio),0.10963046263174547,0.21266823360296114,0.280391958975274,0.09095327321302538
1088,2025-05-06,Simulated (Max Sharpe Ratio),0.09716265759185794,0.212558188299911,0.22188116096150262,0.07746629994946885
1089,2025-05-07,Simulated (Max Sharpe Ratio),0.0951114487134247,0.2125088152020205,0.21228036432530908,0.07527046996653386
1090,2025-05-08,Simulated (Max Sharpe Ratio),0.09239043606908315,0.21236575778510838,0.19961050458981136,0.07238178557483854
1091,2025-05-09,Simulated (Max Sharpe Ratio),0.09181042746382817,0.2123646825389471,0.1968803238088341,0.07176044583416386
1092,2025-05-12,Simulated (Max Sharpe Ratio),0.11706869698657563,0.21428826427333816,0.3129835281181114,0.09872429339675759
1093,2025-05-13,Simulated (Max Sharpe Ratio),0.12073740387422471,0.2143675389483114,0.3299818816844327,0.10274213129286558
1094,2025-05-14,Simulated (Max Sharpe Ratio),0.12061200544885964,0.21436865784106446,0.32939519312199195,0.10260366034907742
1095,2025-05-15,Simulated (Max Sharpe Ratio),0.14238020377487148,0.2148674811868698,0.4299403672653872,0.12673721599016297
1096,2025-05-16,Simulated (Max Sharpe Ratio),0.14294305907004012,0.21487842913209457,0.4325378747668721,0.12736859790196853
1097,2025-05-19,Simulated (Max Sharpe Ratio),0.12277420596383559,0.2136225615952568,0.3406672283132637,0.10516160414472342
1098,2025-05-20,Simulated (Max Sharpe Ratio),0.12777764975827033,0.21351960367251327,0.36426467837380483,0.1107267341951661
1099,2025-05-21,Simulated (Max Sharpe Ratio),0.10877916065262017,0.2141363859339951,0.2744940351740975,0.08968885970336293
1100,2025-05-22,Simulated (Max Sharpe Ratio),0.1069909045321864,0.21416868220054697,0.26610288650336034,0.08773527426773753
1101,2025-05-23,Simulated (Max Sharpe Ratio),0.10396518109759334,0.21417972916257869,0.25196213156395236,0.08444787712984847
1102,2025-05-27,Simulated (Max Sharpe Ratio),0.12147171598962692,0.21491632662924523,0.3325560096368278,0.10341979768065324
1103,2025-05-28,Simulated (Max Sharpe Ratio),0.11623599295815223,0.21499548041374072,0.30808086212178337,0.09764174607374998
1104,2025-05-29,Simulated (Max Sharpe Ratio),0.10953892804983179,0.21476246843576247,0.2772315315775971,0.09037249728578556
1105,2025-05-30,Simulated (Max Sharpe Ratio),0.10711138228961303,0.2147449185939728,0.2659498658387159,0.08773398507717256
1106,2025-06-02,Simulated (Max Sharpe Ratio),0.10879904338545865,0.2147514685486455,0.27380042512789377,0.08956895042501234
1107,2025-06-03,Simulated (Max Sharpe Ratio),0.12395368858977653,0.21480346070273665,0.34428536834478635,0.10618703095164106
1108,2025-06-04,Simulated (Max Sharpe Ratio),0.14215177228264997,0.2139428707007747,0.4307307459267269,0.12670047159254527
1109,2025-06-05,Simulated (Max Sharpe Ratio),0.15898508932726363,0.21325342887743065,0.5110590244713196,0.1459854115966599
1110,2025-06-06,Simulated (Max Sharpe Ratio),0.16611011683881005,0.21342527234776124,0.5440317145273073,0.15413260443086219
1111,2025-06-09,Simulated (Max Sharpe Ratio),0.15846571211273786,0.21320643938794992,0.5087356292995162,0.14540204175275995
1112,2025-06-10,Simulated (Max Sharpe Ratio),0.16153519001577843,0.21314603908401297,0.5232806131190458,0.14893577226236343
1113,2025-06-11,Simulated (Max Sharpe Ratio),0.1668070284276606,0.2131588444438902,0.5479811486705995,0.15500168531661807
1114,2025-06-12,Simulated (Max Sharpe Ratio),0.15484919110506357,0.21307275838699283,0.49208163398641275,0.14130195130895706
1115,2025-06-13,Simulated (Max Sharpe Ratio),0.15378066340359964,0.21311194688455073,0.48697721981687303,0.14007428986542836
1116,2025-06-16,Simulated (Max Sharpe Ratio),0.16628515362961505,0.21344902657019088,0.5447912108016837,0.1543287792712551
1117,2025-06-17,Simulated (Max Sharpe Ratio),0.169295003921759,0.2133957126441175,0.5590318682770757,0.1578192076651843
1118,2025-06-18,Simulated (Max Sharpe Ratio),0.17349588788190717,0.21335491415591248,0.5788284201021993,0.16270007848426937
1119,2025-06-20,Simulated (Max Sharpe Ratio),0.158115820385209,0.21255501780491068,0.5086486383701415,0.14515763725210373
1120,2025-06-23,Simulated (Max Sharpe Ratio),0.15920702578247437,0.21261296159466975,0.5136423713934674,0.14639324303136303
1121,2025-06-24,Simulated (Max Sharpe Ratio),0.16678214437945027,0.21270577310541142,0.5490313811161867,0.15508204806835924
1122,2025-06-25,Simulated (Max Sharpe Ratio),0.1689331580829111,0.21267630914634147,0.5592214692849207,0.15757489977263917
1123,2025-06-26,Simulated (Max Sharpe Ratio),0.18637730474315461,0.2126301991679804,0.641382575366987,0.17794249830244224
1124,2025-06-27,Simulated (Max Sharpe Ratio),0.19369409224615763,0.21267546547178354,0.6756495956287073,0.1865750126069876
1125,2025-06-30,Simulated (Max Sharpe Ratio),0.2009712821025994,0.21273596370490602,0.7096650677833547,0.19521940326356857
1126,2025-07-01,Simulated (Max Sharpe Ratio),0.20238744834361722,0.21272818728638607,0.7163481731664695,0.19691384786107458
1127,2025-07-02,Simulated (Max Sharpe Ratio),0.20739903951566296,0.21271812840778165,0.7399418220431513,0.20292502236838117
1128,2025-07-03,Simulated (Max Sharpe Ratio),0.2105392386319208,0.21281323673680597,0.7543667917163708,0.20668112053262355
1129,2025-07-07,Simulated (Max Sharpe Ratio),0.19836048963878106,0.21282265105134132,0.6971085497990089,0.19208359503375005
1130,2025-07-08,Simulated (Max Sharpe Ratio),0.19276661499867498,0.21290584081998312,0.6705622281137299,0.18541802782737604
1131,2025-07-09,Simulated (Max Sharpe Ratio),0.20327464688249552,0.21285935482402826,0.7200747508100283,0.19794214670336263
1132,2025-07-10,Simulated (Max Sharpe Ratio),0.19572278602733162,0.21256751920345926,0.6855364665937174,0.1890093925868881
1133,2025-07-11,Simulated (Max Sharpe Ratio),0.19415549339259308,0.21258337547645548,0.6781127313906958,0.18714477635835802
1134,2025-07-14,Simulated (Max Sharpe Ratio),0.19033263042652804,0.2124764453249398,0.6604620583327137,0.1826451607159263
1135,2025-07-15,Simulated (Max Sharpe Ratio),0.19091818283432205,0.21245538230609934,0.6632836565716719,0.18334264752689178
1136,2025-07-16,Simulated (Max Sharpe Ratio),0.19293762112245916,0.21246803115511292,0.6727488382386672,0.18572976313988931
1137,2025-07-17,Simulated (Max Sharpe Ratio),0.18895398496476856,0.21243408377199233,0.6541040048635006,0.18102765494524653
1138,2025-07-18,Simulated (Max Sharpe Ratio),0.18229955312963408,0.2122835787714665,0.6232208534229627,0.17323751211801297
1139,2025-07-21,Simulated (Max Sharpe Ratio),0.1998428198474902,0.21151557612083613,0.7084245169816096,0.19418127480382785
1140,2025-07-22,Simulated (Max Sharpe Ratio),0.19579478487415425,0.21164233529331908,0.6888734461944702,0.18932879621064225
1141,2025-07-23,Simulated (Max Sharpe Ratio),0.22262386519455435,0.21216026199921664,0.8136484352342652,0.22151126331055315
1142,2025-07-24,Simulated (Max Sharpe Ratio),0.20740293192869708,0.21194747840755826,0.7426506468079969,0.20312858540363
1143,2025-07-25,Simulated (Max Sharpe Ratio),0.21619347547564038,0.21206564140220488,0.7836888351019434,0.2137123208301981
1144,2025-07-28,Simulated (Max Sharpe Ratio),0.24095723509548583,0.2103975656753894,0.9076019224961142,0.24455953449910006
1145,2025-07-29,Simulated (Max Sharpe Ratio),0.24150825545826693,0.21039300433772845,0.9102406045348009,0.2452460350130785
1146,2025-07-30,Simulated (Max Sharpe Ratio),0.22207992999836867,0.20975869541767628,0.8203709012192282,0.22146827920742873
1147,2025-07-31,Simulated (Max Sharpe Ratio),0.2203496428303262,0.20979449962903485,0.8119833605339689,0.2193493200761234
1148,2025-08-01,Simulated (Max Sharpe Ratio),0.2184140610521469,0.20990275978071884,0.8023432432621928,0.2169656856215938
1149,2025-08-04,Simulated (Max Sharpe Ratio),0.21460101778484242,0.2096241259910277,0.7852198166917469,0.2124075401935901
1150,2025-08-05,Simulated (Max Sharpe Ratio),0.23278895493471607,0.2084003424115049,0.8771048685408738,0.23495970534941035
1151,2025-08-06,Simulated (Max Sharpe Ratio),0.2725767487398425,0.20424085368734363,1.089775844163714,0.286163361138301
1152,2025-08-07,Simulated (Max Sharpe Ratio),0.2987072690869673,0.20270603698450593,1.2269356788124548,0.32059211110169206
1153,2025-08-08,Simulated (Max Sharpe Ratio),0.29857709311560365,0.20270285313734626,1.2263127492693662,0.320421259016741
1154,2025-08-11,Simulated (Max Sharpe Ratio),0.31013498911010995,0.202265273465445,1.286108013764169,0.3358711438205919
1155,2025-08-12,Simulated (Max Sharpe Ratio),0.2963443996679327,0.20094273586218633,1.2259432947946147,0.31793923890817744
1156,2025-08-13,Simulated (Max Sharpe Ratio),0.29219207468054476,0.20096877575071195,1.205122904171778,0.31247758829027594
1157,2025-08-14,Simulated (Max Sharpe Ratio),0.291191624183184,0.20097738817766045,1.2000933357237924,0.3111644334376522
1158,2025-08-15,Simulated (Max Sharpe Ratio),0.26746624441554645,0.20076324234860868,1.0831975110161571,0.28050954668492056
1159,2025-08-18,Simulated (Max Sharpe Ratio),0.2652054041977603,0.2007301779871839,1.072112854956471,0.27762924199719974
1160,2025-08-19,Simulated (Max Sharpe Ratio),0.24218303121399487,0.19994445976898584,0.9611820774431137,0.24877291955411773
1161,2025-08-20,Simulated (Max Sharpe Ratio),0.24239867339122656,0.19994647763662116,0.9622508766615443,0.2490414779353083
1162,2025-08-21,Simulated (Max Sharpe Ratio),0.2331741826064001,0.19983008889147683,0.9166496578294465,0.23761191883885235
1163,2025-08-22,Simulated (Max Sharpe Ratio),0.2504188309184152,0.2000025059336459,1.0020815988421037,0.25907584287991314
1164,2025-08-25,Simulated (Max Sharpe Ratio),0.24099299656793127,0.19997999751349696,0.955060500763537,0.24728070324527884
1165,2025-08-26,Simulated (Max Sharpe Ratio),0.25993912072779835,0.200037385775819,1.0494994218884472,0.2710994279688026
1166,2025-08-27,Simulated (Max Sharpe Ratio),0.2488932421112593,0.19968183800658815,0.9960507379980005,0.25723838178665104
1167,2025-08-28,Simulated (Max Sharpe Ratio),0.2538224136751025,0.19970758460051516,1.0206042704027414,0.26343818025644605
1168,2025-08-29,Simulated (Max Sharpe Ratio),0.24417115132154632,0.19986594761933008,0.9715069206855077,0.251275403934621
1169,2025-09-02,Simulated (Max Sharpe Ratio),0.24286400991130253,0.19989059245591417,0.9648478577291658,0.24963631280968213
1170,2025-09-03,Simulated (Max Sharpe Ratio),0.23639245205628046,0.19984596981398953,0.9326805650860451,0.24159392950708236
1171,2025-09-04,Simulated (Max Sharpe Ratio),0.2341157159442756,0.1996959994481456,0.9219799918529883,0.23880941329277716
1172,2025-09-05,Simulated (Max Sharpe Ratio),0.2607353258494688,0.1972404705202822,1.0684182880602027,0.2728256767966646
1173,2025-09-08,Simulated (Max Sharpe Ratio),0.25627088228583406,0.19733405235009807,1.0452878245254946,0.26713832149149996
1174,2025-09-09,Simulated (Max Sharpe Ratio),0.2643680760499406,0.19709372412741802,1.0876453677000644,0.27749015573454217
1175,2025-09-10,Simulated (Max Sharpe Ratio),0.2900087291345189,0.19632730423931338,1.2224928675328828,0.3108318810234514
1176,2025-09-11,Simulated (Max Sharpe Ratio),0.2854691276984035,0.19602518402848756,1.2012187559746594,0.3049773335927799
1177,2025-09-12,Simulated (Max Sharpe Ratio),0.2811012000549431,0.19610528727444634,1.1784547131129643,0.29927572904480826
1178,2025-09-15,Simulated (Max Sharpe Ratio),0.284119682409566,0.19617694257233712,1.193410802205963,0.3031809729467543
1179,2025-09-16,Simulated (Max Sharpe Ratio),0.27583709231986697,0.19595579112247696,1.152490013314858,0.29249906312919327
1180,2025-09-17,Simulated (Max Sharpe Ratio),0.26309351445982365,0.19551152652094297,1.0899281400526395,0.276259217975825
1181,2025-09-18,Simulated (Max Sharpe Ratio),0.26227489392883796,0.19546625641133453,1.0859925279488227,0.27522705838765615
1182,2025-09-19,Simulated (Max Sharpe Ratio),0.26097056530229334,0.19544984572669435,1.079410242141108,0.27357060061335514
1183,2025-09-22,Simulated (Max Sharpe Ratio),0.2693726466997506,0.19548790025823373,1.1221801779545733,0.28429555764276526
1184,2025-09-23,Simulated (Max Sharpe Ratio),0.2586675810485428,0.1951132773600271,1.069468894541221,0.27072630714073886
1185,2025-09-24,Simulated (Max Sharpe Ratio),0.2587000328781571,0.19511222193982608,1.069641003537552,0.27076776467842567
1186,2025-09-25,Simulated (Max Sharpe Ratio),0.24891435069828557,0.195186441208889,1.0190992236259224,0.2583872287439879
1187,2025-09-26,Simulated (Max Sharpe Ratio),0.2546953784089252,0.19528985368046808,1.0481618709379872,0.26565047108208417
1188,2025-09-29,Simulated (Max Sharpe Ratio),0.25749815364495166,0.19530291015596365,1.0624427126008988,0.2691959575759213
1189,2025-09-30,Simulated (Max Sharpe Ratio),0.25900521240513275,0.19536713452474805,1.0698074316008208,0.27109247140110515
1190,2025-10-01,Simulated (Max Sharpe Ratio),0.26949032530661854,0.19536425485251577,1.1234927570159445,0.2844768683228911
1191,2025-10-02,Simulated (Max Sharpe Ratio),0.26684606290257484,0.19538230690549585,1.1098551672207493,0.28108396342640596
1192,2025-10-03,Simulated (Max Sharpe Ratio),0.2733550196053195,0.19512036695374493,1.1447037697416174,0.2895067872682393
1193,2025-10-06,Simulated (Max Sharpe Ratio),0.27553082604969414,0.19511112968267527,1.1559095906855383,0.29231481801196635
1194,2025-10-07,Simulated (Max Sharpe Ratio),0.27599016700119483,0.19510023164411672,1.1583285427022179,0.29291066314829606
1195,2025-10-08,Simulated (Max Sharpe Ratio),0.2676689421578111,0.19476500107164285,1.1175978279472463,0.2822907716993386
1196,2025-10-09,Simulated (Max Sharpe Ratio),0.2602765359790308,0.19517388354565388,1.077380498655929,0.2727543630921607
1197,2025-10-10,Simulated (Max Sharpe Ratio),0.22925472369936994,0.19687894460840727,0.9104819413569494,0.23349697345287646
1198,2025-10-13,Simulated (Max Sharpe Ratio),0.23682666555919474,0.1973096895192562,0.9468702019368472,0.2427599984121056
1199,2025-10-14,Simulated (Max Sharpe Ratio),0.24005148452487712,0.19729885743350575,0.9632670305195703,0.24677299699660749
1200,2025-10-15,Simulated (Max Sharpe Ratio),0.23468051121881617,0.19706342917656455,0.9371627804839753,0.24015756061575178
1201,2025-10-16,Simulated (Max Sharpe Ratio),0.22511404951678582,0.19694809408324757,0.8891380763642589,0.22838851386697412
1202,2025-10-17,Simulated (Max Sharpe Ratio),0.23939425220120691,0.19665173185866708,0.9630947584907308,0.2461124684646241
1203,2025-10-20,Simulated (Max Sharpe Ratio),0.24178537815925494,0.19672418855670695,0.9748947476480333,0.24907520573380637
1204,2025-10-21,Simulated (Max Sharpe Ratio),0.25285053956921844,0.19717410431237165,1.028788949120083,0.2628492466722441
1205,2025-10-22,Simulated (Max Sharpe Ratio),0.25055926168710896,0.19720937636299427,1.0169864404314566,0.2599531622755218
1206,2025-10-23,Simulated (Max Sharpe Ratio),0.26761212568714865,0.19745364222407702,1.1020922340859893,0.28154006250484387
1207,2025-10-24,Simulated (Max Sharpe Ratio),0.2958560080712519,0.19612869790587084,1.2535442834033752,0.3185574772227209
1208,2025-10-27,Simulated (Max Sharpe Ratio),0.3030537813168842,0.1962557350748218,1.2894083386679547,0.3280383102285094
1209,2025-10-28,Simulated (Max Sharpe Ratio),0.30427839212917396,0.19622844844720128,1.2958283783077051,0.3296707825966323
1210,2025-10-29,Simulated (Max Sharpe Ratio),0.3069100122578986,0.19620137874233604,1.3094200148067714,0.33317738203684266
1211,2025-10-30,Simulated (Max Sharpe Ratio),0.30923452311705324,0.19618305171717015,1.3213910215383033,0.3362809619923288
1212,2025-10-31,Simulated (Max Sharpe Ratio),0.31767775539987897,0.1961929247118549,1.3643598809335893,0.34759459647777646
1213,2025-11-03,Simulated (Max Sharpe Ratio),0.3092228039968513,0.1961675977521839,1.321435379579477,0.33626934281396625
1214,2025-11-04,Simulated (Max Sharpe Ratio),0.30940297468298417,0.196154423063292,1.3224426481542255,0.3365133074370388
1215,2025-11-05,Simulated (Max Sharpe Ratio),0.3077890109353397,0.19607186676323396,1.314767973554473,0.33438185034306533
1216,2025-11-06,Simulated (Max Sharpe Ratio),0.310368374709007,0.19603718656233632,1.328158087119938,0.3378329856905862
1217,2025-11-07,Simulated (Max Sharpe Ratio),0.29987702933535576,0.19564003207622954,1.2772285236489493,0.32398892805360036
1218,2025-11-10,Simulated (Max Sharpe Ratio),0.27683306040886324,0.19285495474432754,1.1761847690643017,0.29454057271773393
1219,2025-11-11,Simulated (Max Sharpe Ratio),0.2801358514777256,0.19279959260967997,1.1936532041519006,0.29883233117790264
1220,2025-11-12,Simulated (Max Sharpe Ratio),0.27667890156799035,0.1927261113953885,1.1761711992566788,0.2943731652793504
1221,2025-11-13,Simulated (Max Sharpe Ratio),0.25462223210531243,0.19375773973527907,1.0560725593975082,0.26591127005807147
1222,2025-11-14,Simulated (Max Sharpe Ratio),0.26300170243219145,0.1934325544044164,1.10116781059956,0.27663307833471973
1223,2025-11-17,Simulated (Max Sharpe Ratio),0.25151417808342114,0.19384793145897128,1.0395477350041904,0.26196465290452586
1224,2025-11-18,Simulated (Max Sharpe Ratio),0.2500650025601707,0.19392191008660215,1.031678176389791,0.26012083868840374
1225,2025-11-19,Simulated (Max Sharpe Ratio),0.26280130724326756,0.19369097986681194,1.0986640027821455,0.2763134365879334
1226,2025-11-20,Simulated (Max Sharpe Ratio),0.23364585244096525,0.1948706431633423,0.9423987598123319,0.23938749027342587
1227,2025-11-21,Simulated (Max Sharpe Ratio),0.24704800319768883,0.19493636939930448,1.0108324260110688,0.2560779837461806
1228,2025-11-24,Simulated (Max Sharpe Ratio),0.26456119541420453,0.1954378575649454,1.0978486874934368,0.2781238580657561
1229,2025-11-25,Simulated (Max Sharpe Ratio),0.2598508704029533,0.195162842177043,1.0752603726306977,0.2721910075327627
1230,2025-11-26,Simulated (Max Sharpe Ratio),0.25782093210694923,0.19504969924763702,1.0654768139021724,0.2696413614245987
1231,2025-11-28,Simulated (Max Sharpe Ratio),0.26311940073311757,0.19525561745319342,1.0914892155879021,0.2763288020473438
1232,2025-12-01,Simulated (Max Sharpe Ratio),0.24904474757793746,0.19580677852729023,1.0165365523859835,0.25837258309130817
1233,2025-12-02,Simulated (Max Sharpe Ratio),0.2730966264372552,0.19477224779727997,1.145423072128096,0.2892362198877645
1234,2025-12-03,Simulated (Max Sharpe Ratio),0.269210296608668,0.19470333489005898,1.1258682175754573,0.28425797512121687
1235,2025-12-04,Simulated (Max Sharpe Ratio),0.2831594832552643,0.1946684703204451,1.1977259741726993,0.3022870535397324
1236,2025-12-05,Simulated (Max Sharpe Ratio),0.2897057450408814,0.1945457703964308,1.232130333917962,0.3108616377710718
1237,2025-12-08,Simulated (Max Sharpe Ratio),0.29102095861814414,0.19453685602668877,1.2389475369391092,0.312587113472921
1238,2025-12-09,Simulated (Max Sharpe Ratio),0.2987026875817643,0.19417645456349925,1.2808076455038684,0.3227899677828354
1239,2025-12-10,Simulated (Max Sharpe Ratio),0.3152887223282629,0.19485963276890886,1.3614349907088168,0.34470995704195695
1240,2025-12-11,Simulated (Max Sharpe Ratio),0.33852456123272656,0.19479823559538223,1.4811456600255066,0.3762976238760387
1241,2025-12-12,Simulated (Max Sharpe Ratio),0.3423329180271475,0.19462335833261085,1.502044361641069,0.38158910727901363
1242,2025-12-15,Simulated (Max Sharpe Ratio),0.3456808659926278,0.19463496361726418,1.5191559650817066,0.3862129167426014
1243,2025-12-16,Simulated (Max Sharpe Ratio),0.3423348381466732,0.19476692135288134,1.5009470608051405,0.38155312879024805
1244,2025-12-17,Simulated (Max Sharpe Ratio),0.33422426061508514,0.1951193940578316,1.4566684259527973,0.3703137602567239
1245,2025-12-18,Simulated (Max Sharpe Ratio),0.34500527815321325,0.19523589482120127,1.511019674037818,0.3851158840141804
1246,2025-12-19,Simulated (Max Sharpe Ratio),0.36752871953146304,0.19541361823766862,1.6249057890390932,0.41657497512457153
1247,2025-12-22,Simulated (Max Sharpe Ratio),0.4072593629444178,0.19331714568401934,1.848047992227059,0.4745100780954661
1248,2025-12-23,Simulated (Max Sharpe Ratio),0.4087166417810334,0.19332763555005442,1.8554855893230957,0.4766539700228771
1249,2025-12-24,Simulated (Max Sharpe Ratio),0.3981144167937697,0.19288720326410763,1.8047564115340495,0.4612278793756359
1250,2025-12-26,Simulated (Max Sharpe Ratio),0.391844038002758,0.19282601453764878,1.7728107839723768,0.4521252953754049
1251,2025-12-29,Simulated (Max Sharpe Ratio),0.37772123778671984,0.19281973150803433,1.6996250084139575,0.4317935724059203
1252,2025-12-30,Simulated (Max Sharpe Ratio),0.3718111186609666,0.1928770108086574,1.6684783599234518,0.42335328291390173
1253,2025-12-31,Simulated (Max Sharpe Ratio),0.36916112828049297,0.19301427875499738,1.6535622666840109,0.4195542104440706
1254,2026-01-02,Simulated (Max Sharpe Ratio),0.40343670468835857,0.19343516434864486,1.8271584997406634,0.46886317769037134
1255,2026-01-05,Simulated (Max Sharpe Ratio),0.41172045896914844,0.19359565543358132,1.8684327298514574,0.4810161763127234
1256,2026-01-06,Simulated (Max Sharpe Ratio),0.45382348024943064,0.19779441904275832,2.0416323281706643,0.5433649309740329
1257,2026-01-07,Simulated (Max Sharpe Ratio),0.4143301946645104,0.20014270247779226,1.8203521295258631,0.4829970648857276
1258,2026-01-08,Simulated (Max Sharpe Ratio),0.41043539835680665,0.20018670369529287,1.8004961953188994,0.47722877366069794
1259,2026-01-09,Simulated (Max Sharpe Ratio),0.43465467669019764,0.2015623519054736,1.9083656895936032,0.5129728940097698
1260,2026-01-12,Simulated (Max Sharpe Ratio),0.44881069370226234,0.20203628410967336,1.9739557944243915,0.5343605321565166
1261,2026-01-13,Simulated (Max Sharpe Ratio),0.4654990523211928,0.20133417261217412,2.063728411974852,0.5603559461553267
1262,2026-01-14,Simulated (Max Sharpe Ratio),0.4652657911700475,0.20132920380170405,2.0626207392100793,0.5599942310368249
1263,2026-01-15,Simulated (Max Sharpe Ratio),0.4646869626748156,0.20130144695367855,2.0600297163797294,0.5591017486124867
1264,2026-01-16,Simulated (Max Sharpe Ratio),0.45653407663776235,0.20105799293279844,2.0219742110607966,0.5465399032966041
1265,2026-01-20,Simulated (Max Sharpe Ratio),0.4366155609469209,0.20145418658379927,1.9191239829910396,0.5159718471720283
1266,2026-01-21,Simulated (Max Sharpe Ratio),0.4611354110391306,0.20373662518096644,2.017974974671073,0.552837078214184
1267,2026-01-22,Simulated (Max Sharpe Ratio),0.4440094415111566,0.20292089897703974,1.9416898086763272,0.5267648189542713
1268,2026-01-23,Simulated (Max Sharpe Ratio),0.4344140014720901,0.20315738706173794,1.892197999944101,0.5121376045109454
1269,2026-01-26,Simulated (Max Sharpe Ratio),0.42504645811833885,0.20281484439231365,1.84920615274526,0.4981651607169937
1270,2026-01-27,Simulated (Max Sharpe Ratio),0.45026345195139394,0.20329040391863298,1.9689244757052058,0.5362129104021349
1271,2026-01-28,Simulated (Max Sharpe Ratio),0.4860311935925792,0.20479445948322322,2.1291161620917722,0.5915738814619333
1272,2026-01-29,Simulated (Max Sharpe Ratio),0.49789727584298055,0.2048451060370836,2.1865168492817038,0.6105185471666967
1273,2026-01-30,Simulated (Max Sharpe Ratio),0.4622635068548372,0.20794893131552358,1.9825228446560492,0.553233696665989
1274,2026-02-02,Simulated (Max Sharpe Ratio),0.46740884543504746,0.20850300909909394,2.0019319972339975,0.5610565898032933
1275,2026-02-03,Simulated (Max Sharpe Ratio),0.4920898969908232,0.2087565376426545,2.1177295905701614,0.5999076564204742
1276,2026-02-04,Simulated (Max Sharpe Ratio),0.478848041391151,0.2095182735213793,2.0468288239659977,0.5786488764163613
1277,2026-02-05,Simulated (Max Sharpe Ratio),0.46709159849299464,0.2100135031598748,1.986022766238415,0.5600701467594376
1278,2026-02-06,Simulated (Max Sharpe Ratio),0.4931485712342712,0.21260362158098986,2.0843886286549305,0.6003264242378521
1279,2026-02-09,Simulated (Max Sharpe Ratio),0.4945192397318279,0.21262084287628957,2.0906663416364366,0.6025113435578826
1280,2026-02-10,Simulated (Max Sharpe Ratio),0.48253797314615154,0.21336728927274484,2.0271990829542923,0.5832091604433529
1281,2026-02-11,Simulated (Max Sharpe Ratio),0.4928961328062233,0.21380147807796981,2.071529798520413,0.5995157746286472
1282,2026-02-12,Simulated (Max Sharpe Ratio),0.4814469087956669,0.21380433782218733,2.0179520826863873,0.5813407745735331
1283,2026-02-13,Simulated (Max Sharpe Ratio),0.49106302579361105,0.21382027350748428,2.062774584273332,0.5965856342038278
1284,2026-02-17,Simulated (Max Sharpe Ratio),0.48342680102959534,0.21384511003372214,2.0268258692529675,0.5844551145467389
1285,2026-02-18,Simulated (Max Sharpe Ratio),0.5037542134950472,0.2144156188338864,2.116236755339092,0.6167346180918873
1286,2026-02-19,Simulated (Max Sharpe Ratio),0.48153252306659344,0.21475335978862353,2.0094331631940023,0.5811573154758909
1287,2026-02-20,Simulated (Max Sharpe Ratio),0.4799670087623493,0.2147322449727023,2.002340211257087,0.5786957153303438
1288,2026-02-23,Simulated (Max Sharpe Ratio),0.4703373320293118,0.21526366141787223,1.9526627451223562,0.563415191241889
1289,2026-02-24,Simulated (Max Sharpe Ratio),0.4857450225253107,0.2143747224250263,2.0326324745572775,0.587949138036014
1290,2026-02-25,Simulated (Max Sharpe Ratio),0.5071467397353616,0.2149179733059679,2.1270754265142116,0.6220466337640849
1291,2026-02-26,Simulated (Max Sharpe Ratio),0.49879591887761054,0.21518257654338632,2.085651757158516,0.6084928679543973
1292,2026-02-27,Simulated (Max Sharpe Ratio),0.5034254669566751,0.21526295239845633,2.1063794856691125,0.6159142635190884
1293,2026-03-02,Simulated (Max Sharpe Ratio),0.5021837490357756,0.21531198787886446,2.100132712026124,0.6138959428961785
1294,2026-03-03,Simulated (Max Sharpe Ratio),0.4550423926976055,0.2176210283256244,1.8612281901891585,0.5389323479267354
1295,2026-03-04,Simulated (Max Sharpe Ratio),0.4812343793537247,0.21732517897486026,1.984281717322819,0.5797993078933679
1296,2026-03-05,Simulated (Max Sharpe Ratio),0.4945076650150421,0.21603690650094176,2.057554295766147,0.6013204024343359
1297,2026-03-06,Simulated (Max Sharpe Ratio),0.4625213011389909,0.21702229616929153,1.9008245162847113,0.5506697038246766
1298,2026-03-09,Simulated (Max Sharpe Ratio),0.4957067864030576,0.21684876960134425,2.0553807486316247,0.6029566809296054
1299,2026-03-10,Simulated (Max Sharpe Ratio),0.49420338901322663,0.21685379119686077,2.0484003833254496,0.600551596646709
1300,2026-03-11,Simulated (Max Sharpe Ratio),0.5101139472071148,0.2161414115486893,2.1287634975191545,0.6264212881438602
1301,2026-03-12,Simulated (Max Sharpe Ratio),0.5036722408460564,0.21659791499918973,2.094536509493887,0.615838101884884
1302,2026-03-13,Simulated (Max Sharpe Ratio),0.5104520748604912,0.2167241559739003,2.1245996912127443,0.6267643655508655
1303,2026-03-16,Simulated (Max Sharpe Ratio),0.5367739576004872,0.2172352983434351,2.240768242143267,0.6698807799230897
1304,2026-03-17,Simulated (Max Sharpe Ratio),0.5451072994325347,0.21802595276682735,2.2708640560880293,0.6835430803345415
1305,2026-03-18,Simulated (Max Sharpe Ratio),0.5151062940501077,0.21858660421195614,2.127789558408207,0.6336852728341926
1306,2026-03-19,Simulated (Max Sharpe Ratio),0.5272376198714721,0.21855232015841028,2.183630992915392,0.6535958841005673
1307,2026-03-20,Simulated (Max Sharpe Ratio),0.48461516959706674,0.2202937440120876,1.9728892962717055,0.5841153647307387
1308,2026-03-23,Simulated (Max Sharpe Ratio),0.500756402133065,0.22038064696424534,2.0453538381988507,0.6098117236345546
1309,2026-03-24,Simulated (Max Sharpe Ratio),0.5173850855964431,0.22046298759944186,2.12001611102918,0.6367208914973446
1310,2026-03-25,Simulated (Max Sharpe Ratio),0.4983132519459831,0.2197558666360501,2.040051347928106,0.6061080752301891
1311,2026-03-26,Simulated (Max Sharpe Ratio),0.4647619516263455,0.22215341774409053,1.867006845261009,0.5523800910707484
1312,2026-03-27,Simulated (Max Sharpe Ratio),0.4683988987723301,0.22202524140625293,1.8844654604237565,0.558070187416335
1313,2026-03-30,Simulated (Max Sharpe Ratio),0.4469911777389445,0.22390238645032948,1.7730546959891964,0.5244819168088364
1314,2026-03-31,Simulated (Max Sharpe Ratio),0.49666430672667017,0.22478312315333707,1.9870900468892214,0.6016745391188434
1315,2026-04-01,Simulated (Max Sharpe Ratio),0.5173211031698189,0.2262007311132198,2.065957527502029,0.6345268564459086
1316,2026-04-02,Simulated (Max Sharpe Ratio),0.5133160956949749,0.22625329687886836,2.047776107956674,0.6279876916583085
1317,2026-04-06,Simulated (Max Sharpe Ratio),0.5237917098374252,0.2265548151387582,2.091289516610987,0.6449855885239648
1318,2026-04-07,Simulated (Max Sharpe Ratio),0.5855147531444086,0.21882571356025654,2.4472204131391875,0.7525919392063909
1319,2026-04-08,Simulated (Max Sharpe Ratio),0.7029577859617141,0.20783749583772052,3.141674620981497,0.9753623557062532
1320,2026-04-09,Simulated (Max Sharpe Ratio),0.6993015316744321,0.20784811714881046,3.1239230866333014,0.9681687677643658
1321,2026-04-10,Simulated (Max Sharpe Ratio),0.7028944923746343,0.20774770510980253,3.1427278199273236,0.975274417997585
1322,2026-04-13,Simulated (Max Sharpe Ratio),0.6279793971776626,0.18983626344901455,3.044620593961985,0.8391951438996457
1323,2026-04-14,Simulated (Max Sharpe Ratio),0.6731942947063134,0.1872130206528422,3.328797818298822,0.9250074837898328
1324,2026-04-15,Simulated (Max Sharpe Ratio),0.6485796118670948,0.18704312589836233,3.2002224566774933,0.8783801611840534
1325,2026-04-16,Simulated (Max Sharpe Ratio),0.641281206872125,0.186833860014137,3.1647433009593926,0.8648274780457241
1326,2026-04-17,Simulated (Max Sharpe Ratio),0.6589252306103475,0.18722894896893807,3.2523027767002537,0.8977988156155539
1327,2026-04-20,Simulated (Max Sharpe Ratio),0.6710067295940706,0.1866985488090433,3.3262536509013843,0.9209956307051042
1328,2026-04-21,Simulated (Max Sharpe Ratio),0.6679086833818552,0.18669017993284392,3.309808173114027,0.9150721846075298
1329,2026-04-22,Simulated (Max Sharpe Ratio),0.6916769295199744,0.1854913116262058,3.4593368492269567,0.9614497313197283
1330,2026-04-23,Simulated (Max Sharpe Ratio),0.6907300720490989,0.18545604087606662,3.4548891965038493,0.9596110843477326
1331,2026-04-24,Simulated (Max Sharpe Ratio),0.6736763496110542,0.1844756654253171,3.3808055288654995,0.9269062061510298
1332,2026-04-27,Simulated (Max Sharpe Ratio),0.6480846690067759,0.1838106694354373,3.2538082301955296,0.8785690901164156
1333,2026-04-28,Simulated (Max Sharpe Ratio),0.6369887519297005,0.1844626886548993,3.1821543760964266,0.8576686382042462
1334,2026-04-29,Simulated (Max Sharpe Ratio),0.6513316379875719,0.18506259073077486,3.2493419421668874,0.884231104430399
1335,2026-04-30,Simulated (Max Sharpe Ratio),0.6717043136870137,0.18630262049492555,3.3370669292542097,0.9224765828446511
1336,2026-05-01,Simulated (Max Sharpe Ratio),0.661156058716673,0.18645187838578411,3.2778219453072035,0.9023045583617681
1337,2026-05-04,Simulated (Max Sharpe Ratio),0.6658752909484466,0.1864373087717746,3.303390802011437,0.9112846688498655
1338,2026-05-05,Simulated (Max Sharpe Ratio),0.671988819487202,0.1871020507217592,3.324329247530087,0.9227422145691804
1339,2026-05-06,Simulated (Max Sharpe Ratio),0.7022840778439627,0.18880546883438054,3.4547944075504713,0.9811027634419742
1340,2026-05-07,Simulated (Max Sharpe Ratio),0.6840516671582301,0.19033319481051955,3.331272129327945,0.9448390814997538
1341,2026-05-08,Simulated (Max Sharpe Ratio),0.7060261824638091,0.19179739477201255,3.420412374441374,0.9873865849191759
1342,2026-05-11,Simulated (Max Sharpe Ratio),0.722918689002842,0.19318482830341158,3.4832895259557937,1.0206216516957278
1343,2026-05-12,Simulated (Max Sharpe Ratio),0.6990369060784711,0.19495091812669918,3.329232364305461,0.9723881581914868
1344,2026-05-13,Simulated (Max Sharpe Ratio),0.6753580033282411,0.19315507278606128,3.2375955459419288,0.9270103512287129
1345,2026-05-14,Simulated (Max Sharpe Ratio),0.6678768299557285,0.19313510981854187,3.199194753021594,0.9126931148558319
1346,2026-05-15,Simulated (Max Sharpe Ratio),0.6548253128378084,0.1938555936911771,3.119978646586434,0.8876923421829297
1347,2026-05-18,Simulated (Max Sharpe Ratio),0.6228334348768175,0.19422415517568714,2.9493418795342734,0.828270359880533
1348,2026-05-19,Simulated (Max Sharpe Ratio),0.6130426233864584,0.19434240371366185,2.8971681559317757,0.8104593496402883
1349,2026-05-20,Simulated (Max Sharpe Ratio),0.6181336392054181,0.19444319857013376,2.9218488658038497,0.8196421682131703
1350,2026-05-21,Simulated (Max Sharpe Ratio),0.6479952216040947,0.1961380605410752,3.048848448661307,0.8740545676388582
1351,2026-05-22,Simulated (Max Sharpe Ratio),0.6753571541807329,0.19545211772925544,3.199541460313013,0.9261631532726906
1352,2026-05-26,Simulated (Max Sharpe Ratio),0.7193071357363126,0.19878513731775882,3.366987817939439,1.0111851390350894
1353,2026-05-27,Simulated (Max Sharpe Ratio),0.7273872787592842,0.19875642562420506,3.4081276951520616,1.027466299632969
1354,2026-05-28,Simulated (Max Sharpe Ratio),0.7125356402050379,0.1981621879147822,3.343400914053064,0.9978930978143883
1355,2026-05-29,Simulated (Max Sharpe Ratio),0.7407018871307027,0.19899051853766314,3.471029133480914,1.0544708077614078
1356,2026-06-01,Simulated (Max Sharpe Ratio),0.7572133596917077,0.19980772629748622,3.5394695330187793,1.088239630297017
1357,2026-06-02,Simulated (Max Sharpe Ratio),0.7678193476203214,0.1999696492801267,3.5896414791164983,1.1103706001666636
1358,2026-06-03,Simulated (Max Sharpe Ratio),0.7804405211689631,0.20030780695034348,3.6465903765300576,1.136950073803872
1359,2026-06-04,Simulated (Max Sharpe Ratio),0.7598546147113666,0.20077941047346276,3.5354950641474705,1.0933415993466133
1360,2026-06-05,Simulated (Max Sharpe Ratio),0.701201396352352,0.2101501957106486,3.098742754677124,0.9705025841291524
1361,2026-06-08,Simulated (Max Sharpe Ratio),0.7189427509845479,0.2106880182331368,3.1750393619647097,1.0054514659911158
1362,2026-06-09,Simulated (Max Sharpe Ratio),0.703669558618314,0.21077000686780048,3.101340500635414,0.9751050282757359
1363,2026-06-10,Simulated (Max Sharpe Ratio),0.671600722352073,0.213178825938885,2.9158652113520693,0.9119491172531153
1364,2026-06-11,Simulated (Max Sharpe Ratio),0.7241969472600824,0.2184444759418119,3.086353840504859,1.0127128082476635
1365,2026-06-12,Simulated (Max Sharpe Ratio),0.7472271954861638,0.21975294192157907,3.172777526386773,1.0588904661704666
1366,2026-06-15,Simulated (Max Sharpe Ratio),0.8158121147699666,0.22817064085297867,3.3563131168282787,1.2006397289352093
1367,2026-06-16,Simulated (Max Sharpe Ratio),0.8342035623653679,0.2280262072236274,3.4390940055249533,1.241426989939153
1368,2026-06-17,Simulated (Max Sharpe Ratio),0.8378669243147048,0.2282056244843249,3.4524430591710593,1.2495358644210448
1369,2026-06-18,Simulated (Max Sharpe Ratio),0.8610111816217134,0.22887734825458592,3.543431395926545,1.301682856022346
1370,2026-06-22,Simulated (Max Sharpe Ratio),0.8583066485275511,0.22892535615249432,3.530874264487822,1.2954623357562638
1371,2026-06-23,Simulated (Max Sharpe Ratio),0.8100468925972544,0.23383393833847704,3.2503703183456567,1.1851251742033146
1372,2026-06-24,Simulated (Max Sharpe Ratio),0.7817816893441045,0.23442447869873162,3.121609540975227,1.1241197795264721
1373,2026-06-25,Simulated (Max Sharpe Ratio),0.8056069430428885,0.23603042170145871,3.2013116681993314,1.174374205713848
1374,2026-06-26,Simulated (Max Sharpe Ratio),0.7484148688278703,0.2438886177300698,2.863663238277317,1.0498727869477738
1375,2026-06-29,Simulated (Max Sharpe Ratio),0.7903891060494016,0.24847642642551707,2.979715688527658,1.1351583907572946
1376,2026-06-30,Simulated (Max Sharpe Ratio),0.7840051882809118,0.24849171876032297,2.9538416488996955,1.1216052781239307
1377,2026-07-01,Simulated (Max Sharpe Ratio),0.7435672725747133,0.251264668095007,2.760305608556412,1.0363391790079612
1378,2026-07-02,Simulated (Max Sharpe Ratio),0.70049207228039,0.2553718654095091,2.5472346816172333,0.9486537023440669
1379,2026-07-06,Simulated (Max Sharpe Ratio),0.724128152585739,0.2564738935826837,2.6284474539254004,0.9945793474394493
1380,2026-07-07,Simulated (Max Sharpe Ratio),0.6821627714460375,0.2589190013795418,2.4415464607766215,0.9116076989763406
1381,2026-07-08,Simulated (Max Sharpe Ratio),0.6970662770871919,0.2588770000202876,2.499512421097598,0.9402532419533671
1382,2026-07-09,Simulated (Max Sharpe Ratio),0.7260913858215868,0.25960931716663554,2.604264720544,0.9968621956033759
1383,2026-07-10,Simulated (Max Sharpe Ratio),0.723552164415579,0.25959993015163224,2.5945776026293896,0.9918174575543488
1384,2026-07-13,Simulated (Max Sharpe Ratio),0.6969900094981502,0.2607168802271243,2.4815808202925824,0.9391843569719163
1385,2026-07-14,Simulated (Max Sharpe Ratio),0.7039670817408826,0.26067809896967964,2.5087150946921235,0.9527433675679027
1386,2026-07-15,Simulated (Max Sharpe Ratio),0.6547857931307378,0.26490834288547643,2.2830001748649913,0.857161105755273
1387,2026-07-16,Simulated (Max Sharpe Ratio),0.6280516180185565,0.26717587034622736,2.1635622156651797,0.8071834271280107
1388,2026-07-17,Simulated (Max Sharpe Ratio),0.6259676173318658,0.26717926367564276,2.155734728092873,0.8034288827771747
1389,2026-07-20,Simulated (Max Sharpe Ratio),0.6278401943436105,0.2671723517975596,2.162799370727733,0.8068040212351173
1390,2026-07-21,Simulated (Max Sharpe Ratio),0.6824517797285548,0.2726367545176313,2.3197597875148355,0.9052605073978033
1391,2026-07-22,Simulated (Max Sharpe Ratio),0.6965620735800349,0.27287614914378616,2.3694341759394404,0.9321364935485277
1392,2026-07-23,Simulated (Max Sharpe Ratio),0.7103187345011578,0.2726862201331619,2.4215331973089866,0.958926219696115
1393,2026-07-24,Simulated (Max Sharpe Ratio),0.6665093703624753,0.27370329415159533,2.252473329827776,0.8746507655844595
1394,2026-07-27,Simulated (Max Sharpe Ratio),0.6543479507567801,0.2742606187219841,2.203553516261126,0.8517652818174266
1395,2026-07-28,Simulated (Max Sharpe Ratio),0.613630519630282,0.27645786292156754,2.038757421018576,0.7769700707179339
1396,2026-07-29,Simulated (Max Sharpe Ratio),0.595352521456597,0.2772811130439962,1.9667856763474036,0.7444619077373598
1397,2026-07-30,Simulated (Max Sharpe Ratio),0.6623504919061364,0.2845842368981497,2.151737209975166,0.8613960106797707
1398,2026-07-31,Simulated (Max Sharpe Ratio),0.670369695053078,0.2845673311495759,2.1800453781779883,0.8763522805735866
1399,2026-08-03,Simulated (Max Sharpe Ratio),0.6703385656967438,0.2845680984722941,2.179930108213239,0.8762936180457561
1400,2026-08-04,Simulated (Max Sharpe Ratio),0.7168679666742194,0.28599672683443816,2.3317328630137273,0.9646378215300142
1401,2026-08-05,Simulated (Max Sharpe Ratio),0.6826647678472905,0.28667532467664786,2.2069034667036562,0.8983830683030398
1402,2026-08-06,Simulated (Max Sharpe Ratio),0.6401525898671677,0.2908005310054304,2.0294068508979,0.8173524378276429
1403,2026-08-07,Simulated (Max Sharpe Ratio),0.6371882368069541,0.2908476413344786,2.0188860191982094,0.8119619997346694
1404,2026-08-10,Simulated (Max Sharpe Ratio),0.6391928592693643,0.2908529326281002,2.0257415111668724,0.8155859829362935
1405,2026-08-11,Simulated (Max Sharpe Ratio),0.6329496512425445,0.2908440454078822,2.0043375838243853,0.8043191572495842
1406,2026-08-12,Simulated (Max Sharpe Ratio),0.6560294265665606,0.29150722552947184,2.0789516467930227,0.8459894768875924
1407,2026-08-13,Simulated (Max Sharpe Ratio),0.6677868325976083,0.2921874377819996,2.11435110724554,0.8674030404507678
1408,2026-08-14,Simulated (Max Sharpe Ratio),0.6825748136680794,0.29231703512286655,2.16400256455186,0.8950780404412904
1409,2026-08-17,Simulated (Max Sharpe Ratio),0.6992841271892091,0.29257786434492183,2.219184040607269,0.9267772830273351
1410,2026-08-18,Simulated (Max Sharpe Ratio),0.6779732702485527,0.29420676018942155,2.134462409511731,0.8853452586479582
1411,2026-08-19,Simulated (Max Sharpe Ratio),0.6476359237702327,0.29575024189191945,2.020745342242648,0.8283114725474992
1412,2026-08-20,Simulated (Max Sharpe Ratio),0.6524505291843788,0.2956870384424409,2.0374600535682705,0.8371467116835372
1413,2026-08-21,Simulated (Max Sharpe Ratio),0.6467503052449044,0.29573532519774787,2.0178526351083637,0.826705187484919
1414,2026-08-24,Simulated (Max Sharpe Ratio),0.6279994185564423,0.29656560160104734,1.948976602262833,0.7924131835858188
1415,2026-08-25,Simulated (Max Sharpe Ratio),0.63031351588732,0.29664575778674807,1.9562508502295666,0.7965135497441878
1416,2026-08-26,Simulated (Max Sharpe Ratio),0.6479557821665751,0.29682618456082865,2.014498091033596,0.828311853216191
1417,2026-08-27,Simulated (Max Sharpe Ratio),0.6319494686457097,0.29679761091461515,1.9607619712718274,0.7993677434113642
1418,2026-08-28,Simulated (Max Sharpe Ratio),0.6212073445146072,0.29701422143437606,1.9231649641423412,0.7800752566701687
1419,2026-08-31,Simulated (Max Sharpe Ratio),0.6096403229331332,0.2971598197465167,1.8832974236238185,0.7595773481452559
1420,2021-01-05,Equal-Weight,,,,
1421,2021-01-06,Equal-Weight,,,,
1422,2021-01-07,Equal-Weight,,,,
1423,2021-01-08,Equal-Weight,,,,
1424,2021-01-11,Equal-Weight,,,,
1425,2021-01-12,Equal-Weight,,,,
1426,2021-01-13,Equal-Weight,,,,
1427,2021-01-14,Equal-Weight,,,,
1428,2021-01-15,Equal-Weight,,,,
1429,2021-01-19,Equal-Weight,,,,
1430,2021-01-20,Equal-Weight,,,,
1431,2021-01-21,Equal-Weight,,,,
1432,2021-01-22,Equal-Weight,,,,
1433,2021-01-25,Equal-Weight,,,,
1434,2021-01-26,Equal-Weight,,,,
1435,2021-01-27,Equal-Weight,,,,
1436,2021-01-28,Equal-Weight,,,,
1437,2021-01-29,Equal-Weight,,,,
1438,2021-02-01,Equal-Weight,,,,
1439,2021-02-02,Equal-Weight,,,,
1440,2021-02-03,Equal-Weight,,,,
1441,2021-02-04,Equal-Weight,,,,
1442,2021-02-05,Equal-Weight,,,,
1443,2021-02-08,Equal-Weight,,,,
1444,2021-02-09,Equal-Weight,,,,
1445,2021-02-10,Equal-Weight,,,,
1446,2021-02-11,Equal-Weight,,,,
1447,2021-02-12,Equal-Weight,,,,
1448,2021-02-16,Equal-Weight,,,,
1449,2021-02-17,Equal-Weight,,,,
1450,2021-02-18,Equal-Weight,,,,
1451,2021-02-19,Equal-Weight,,,,
1452,2021-02-22,Equal-Weight,,,,
1453,2021-02-23,Equal-Weight,,,,
1454,2021-02-24,Equal-Weight,,,,
1455,2021-02-25,Equal-Weight,,,,
1456,2021-02-26,Equal-Weight,,,,
1457,2021-03-01,Equal-Weight,,,,
1458,2021-03-02,Equal-Weight,,,,
1459,2021-03-03,Equal-Weight,,,,
1460,2021-03-04,Equal-Weight,,,,
1461,2021-03-05,Equal-Weight,,,,
1462,2021-03-08,Equal-Weight,,,,
1463,2021-03-09,Equal-Weight,,,,
1464,2021-03-10,Equal-Weight,,,,
1465,2021-03-11,Equal-Weight,,,,
1466,2021-03-12,Equal-Weight,,,,
1467,2021-03-15,Equal-Weight,,,,
1468,2021-03-16,Equal-Weight,,,,
1469,2021-03-17,Equal-Weight,,,,
1470,2021-03-18,Equal-Weight,,,,
1471,2021-03-19,Equal-Weight,,,,
1472,2021-03-22,Equal-Weight,,,,
1473,2021-03-23,Equal-Weight,,,,
1474,2021-03-24,Equal-Weight,,,,
1475,2021-03-25,Equal-Weight,,,,
1476,2021-03-26,Equal-Weight,,,,
1477,2021-03-29,Equal-Weight,,,,
1478,2021-03-30,Equal-Weight,,,,
1479,2021-03-31,Equal-Weight,,,,
1480,2021-04-01,Equal-Weight,,,,
1481,2021-04-05,Equal-Weight,,,,
1482,2021-04-06,Equal-Weight,,,,
1483,2021-04-07,Equal-Weight,,,,
1484,2021-04-08,Equal-Weight,,,,
1485,2021-04-09,Equal-Weight,,,,
1486,2021-04-12,Equal-Weight,,,,
1487,2021-04-13,Equal-Weight,,,,
1488,2021-04-14,Equal-Weight,,,,
1489,2021-04-15,Equal-Weight,,,,
1490,2021-04-16,Equal-Weight,,,,
1491,2021-04-19,Equal-Weight,,,,
1492,2021-04-20,Equal-Weight,,,,
1493,2021-04-21,Equal-Weight,,,,
1494,2021-04-22,Equal-Weight,,,,
1495,2021-04-23,Equal-Weight,,,,
1496,2021-04-26,Equal-Weight,,,,
1497,2021-04-27,Equal-Weight,,,,
1498,2021-04-28,Equal-Weight,,,,
1499,2021-04-29,Equal-Weight,,,,
1500,2021-04-30,Equal-Weight,,,,
1501,2021-05-03,Equal-Weight,,,,
1502,2021-05-04,Equal-Weight,,,,
1503,2021-05-05,Equal-Weight,,,,
1504,2021-05-06,Equal-Weight,,,,
1505,2021-05-07,Equal-Weight,,,,
1506,2021-05-10,Equal-Weight,,,,
1507,2021-05-11,Equal-Weight,,,,
1508,2021-05-12,Equal-Weight,,,,
1509,2021-05-13,Equal-Weight,,,,
1510,2021-05-14,Equal-Weight,,,,
1511,2021-05-17,Equal-Weight,,,,
1512,2021-05-18,Equal-Weight,,,,
1513,2021-05-19,Equal-Weight,,,,
1514,2021-05-20,Equal-Weight,,,,
1515,2021-05-21,Equal-Weight,,,,
1516,2021-05-24,Equal-Weight,,,,
1517,2021-05-25,Equal-Weight,,,,
1518,2021-05-26,Equal-Weight,,,,
1519,2021-05-27,Equal-Weight,,,,
1520,2021-05-28,Equal-Weight,,,,
1521,2021-06-01,Equal-Weight,,,,
1522,2021-06-02,Equal-Weight,,,,
1523,2021-06-03,Equal-Weight,,,,
1524,2021-06-04,Equal-Weight,,,,
1525,2021-06-07,Equal-Weight,,,,
1526,2021-06-08,Equal-Weight,,,,
1527,2021-06-09,Equal-Weight,,,,
1528,2021-06-10,Equal-Weight,,,,
1529,2021-06-11,Equal-Weight,,,,
1530,2021-06-14,Equal-Weight,,,,
1531,2021-06-15,Equal-Weight,,,,
1532,2021-06-16,Equal-Weight,,,,
1533,2021-06-17,Equal-Weight,,,,
1534,2021-06-18,Equal-Weight,,,,
1535,2021-06-21,Equal-Weight,,,,
1536,2021-06-22,Equal-Weight,,,,
1537,2021-06-23,Equal-Weight,,,,
1538,2021-06-24,Equal-Weight,,,,
1539,2021-06-25,Equal-Weight,,,,
1540,2021-06-28,Equal-Weight,,,,
1541,2021-06-29,Equal-Weight,,,,
1542,2021-06-30,Equal-Weight,,,,
1543,2021-07-01,Equal-Weight,,,,
1544,2021-07-02,Equal-Weight,,,,
1545,2021-07-06,Equal-Weight,,,,
1546,2021-07-07,Equal-Weight,,,,
1547,2021-07-08,Equal-Weight,,,,
1548,2021-07-09,Equal-Weight,,,,
1549,2021-07-12,Equal-Weight,,,,
1550,2021-07-13,Equal-Weight,,,,
1551,2021-07-14,Equal-Weight,,,,
1552,2021-07-15,Equal-Weight,,,,
1553,2021-07-16,Equal-Weight,,,,
1554,2021-07-19,Equal-Weight,,,,
1555,2021-07-20,Equal-Weight,,,,
1556,2021-07-21,Equal-Weight,,,,
1557,2021-07-22,Equal-Weight,,,,
1558,2021-07-23,Equal-Weight,,,,
1559,2021-07-26,Equal-Weight,,,,
1560,2021-07-27,Equal-Weight,,,,
1561,2021-07-28,Equal-Weight,,,,
1562,2021-07-29,Equal-Weight,,,,
1563,2021-07-30,Equal-Weight,,,,
1564,2021-08-02,Equal-Weight,,,,
1565,2021-08-03,Equal-Weight,,,,
1566,2021-08-04,Equal-Weight,,,,
1567,2021-08-05,Equal-Weight,,,,
1568,2021-08-06,Equal-Weight,,,,
1569,2021-08-09,Equal-Weight,,,,
1570,2021-08-10,Equal-Weight,,,,
1571,2021-08-11,Equal-Weight,,,,
1572,2021-08-12,Equal-Weight,,,,
1573,2021-08-13,Equal-Weight,,,,
1574,2021-08-16,Equal-Weight,,,,
1575,2021-08-17,Equal-Weight,,,,
1576,2021-08-18,Equal-Weight,,,,
1577,2021-08-19,Equal-Weight,,,,
1578,2021-08-20,Equal-Weight,,,,
1579,2021-08-23,Equal-Weight,,,,
1580,2021-08-24,Equal-Weight,,,,
1581,2021-08-25,Equal-Weight,,,,
1582,2021-08-26,Equal-Weight,,,,
1583,2021-08-27,Equal-Weight,,,,
1584,2021-08-30,Equal-Weight,,,,
1585,2021-08-31,Equal-Weight,,,,
1586,2021-09-01,Equal-Weight,,,,
1587,2021-09-02,Equal-Weight,,,,
1588,2021-09-03,Equal-Weight,,,,
1589,2021-09-07,Equal-Weight,,,,
1590,2021-09-08,Equal-Weight,,,,
1591,2021-09-09,Equal-Weight,,,,
1592,2021-09-10,Equal-Weight,,,,
1593,2021-09-13,Equal-Weight,,,,
1594,2021-09-14,Equal-Weight,,,,
1595,2021-09-15,Equal-Weight,,,,
1596,2021-09-16,Equal-Weight,,,,
1597,2021-09-17,Equal-Weight,,,,
1598,2021-09-20,Equal-Weight,,,,
1599,2021-09-21,Equal-Weight,,,,
1600,2021-09-22,Equal-Weight,,,,
1601,2021-09-23,Equal-Weight,,,,
1602,2021-09-24,Equal-Weight,,,,
1603,2021-09-27,Equal-Weight,,,,
1604,2021-09-28,Equal-Weight,,,,
1605,2021-09-29,Equal-Weight,,,,
1606,2021-09-30,Equal-Weight,,,,
1607,2021-10-01,Equal-Weight,,,,
1608,2021-10-04,Equal-Weight,,,,
1609,2021-10-05,Equal-Weight,,,,
1610,2021-10-06,Equal-Weight,,,,
1611,2021-10-07,Equal-Weight,,,,
1612,2021-10-08,Equal-Weight,,,,
1613,2021-10-11,Equal-Weight,,,,
1614,2021-10-12,Equal-Weight,,,,
1615,2021-10-13,Equal-Weight,,,,
1616,2021-10-14,Equal-Weight,,,,
1617,2021-10-15,Equal-Weight,,,,
1618,2021-10-18,Equal-Weight,,,,
1619,2021-10-19,Equal-Weight,,,,
1620,2021-10-20,Equal-Weight,,,,
1621,2021-10-21,Equal-Weight,,,,
1622,2021-10-22,Equal-Weight,,,,
1623,2021-10-25,Equal-Weight,,,,
1624,2021-10-26,Equal-Weight,,,,
1625,2021-10-27,Equal-Weight,,,,
1626,2021-10-28,Equal-Weight,,,,
1627,2021-10-29,Equal-Weight,,,,
1628,2021-11-01,Equal-Weight,,,,
1629,2021-11-02,Equal-Weight,,,,
1630,2021-11-03,Equal-Weight,,,,
1631,2021-11-04,Equal-Weight,,,,
1632,2021-11-05,Equal-Weight,,,,
1633,2021-11-08,Equal-Weight,,,,
1634,2021-11-09,Equal-Weight,,,,
1635,2021-11-10,Equal-Weight,,,,
1636,2021-11-11,Equal-Weight,,,,
1637,2021-11-12,Equal-Weight,,,,
1638,2021-11-15,Equal-Weight,,,,
1639,2021-11-16,Equal-Weight,,,,
1640,2021-11-17,Equal-Weight,,,,
1641,2021-11-18,Equal-Weight,,,,
1642,2021-11-19,Equal-Weight,,,,
1643,2021-11-22,Equal-Weight,,,,
1644,2021-11-23,Equal-Weight,,,,
1645,2021-11-24,Equal-Weight,,,,
1646,2021-11-26,Equal-Weight,,,,
1647,2021-11-29,Equal-Weight,,,,
1648,2021-11-30,Equal-Weight,,,,
1649,2021-12-01,Equal-Weight,,,,
1650,2021-12-02,Equal-Weight,,,,
1651,2021-12-03,Equal-Weight,,,,
1652,2021-12-06,Equal-Weight,,,,
1653,2021-12-07,Equal-Weight,,,,
1654,2021-12-08,Equal-Weight,,,,
1655,2021-12-09,Equal-Weight,,,,
1656,2021-12-10,Equal-Weight,,,,
1657,2021-12-13,Equal-Weight,,,,
1658,2021-12-14,Equal-Weight,,,,
1659,2021-12-15,Equal-Weight,,,,
1660,2021-12-16,Equal-Weight,,,,
1661,2021-12-17,Equal-Weight,,,,
1662,2021-12-20,Equal-Weight,,,,
1663,2021-12-21,Equal-Weight,,,,
1664,2021-12-22,Equal-Weight,,,,
1665,2021-12-23,Equal-Weight,,,,
1666,2021-12-27,Equal-Weight,,,,
1667,2021-12-28,Equal-Weight,,,,
1668,2021-12-29,Equal-Weight,,,,
1669,2021-12-30,Equal-Weight,,,,
1670,2021-12-31,Equal-Weight,,,,
1671,2022-01-03,Equal-Weight,0.26587633930628973,0.14983914407806184,1.4407205849615934,0.28990094470611827
1672,2022-01-04,Equal-Weight,0.2653806405785637,0.14980216495323678,1.4377672088103555,0.2892693952608889
1673,2022-01-05,Equal-Weight,0.23940434757862816,0.1492836066749959,1.2687551687505703,0.2563375828062766
1674,2022-01-06,Equal-Weight,0.22990788353790037,0.14898635229237084,1.207546065594311,0.2445287916511829
1675,2022-01-07,Equal-Weight,0.22816797282629175,0.14901096442517842,1.1956702214067858,0.24236272849569884
1676,2022-01-10,Equal-Weight,0.222227879955746,0.14909554615287304,1.1551510719116622,0.23499586847520626
1677,2022-01-11,Equal-Weight,0.22467024013626036,0.1492124035610038,1.1706147476194795,0.23799187931086307
1678,2022-01-12,Equal-Weight,0.2288000225862744,0.14918083825998643,1.1985455013643833,0.24311630766885295
1679,2022-01-13,Equal-Weight,0.21838094802043584,0.14903914305514426,1.1297766785879542,0.23026846681897672
1680,2022-01-14,Equal-Weight,0.22984473429773256,0.14859101334282537,1.210333857020003,0.2445236307296672
1681,2022-01-18,Equal-Weight,0.1984571316055136,0.14940073368272183,0.9936840867246869,0.20595146809988218
1682,2022-01-19,Equal-Weight,0.1840193322285748,0.1499496540734095,0.893762196763483,0.1885803059883011
1683,2022-01-20,Equal-Weight,0.17566773163628868,0.1505365035168853,0.8347990600312625,0.17859759620631466
1684,2022-01-21,Equal-Weight,0.17410050630007357,0.15067443939301622,0.8236334364342466,0.1767285536485359
1685,2022-01-24,Equal-Weight,0.17944166874982437,0.1506539059350801,0.8591988899750365,0.1830296948476826
1686,2022-01-25,Equal-Weight,0.1802253088560143,0.15062502098974928,0.8645662453708586,0.1839616184984787
1687,2022-01-26,Equal-Weight,0.1964847763167915,0.1487479284641959,0.984785319898091,0.20369759935308274
1688,2022-01-27,Equal-Weight,0.17465312693329604,0.14810579240526178,0.8416492353803946,0.17783274793228365
1689,2022-01-28,Equal-Weight,0.20372509172799702,0.14762352633786174,1.0413319309021978,0.2126395176201874
1690,2022-01-31,Equal-Weight,0.2075982645252904,0.14797345143330787,1.0650441886619133,0.21727976402162485
1691,2022-02-01,Equal-Weight,0.20086593650208406,0.14737231136638676,1.0237061161849577,0.20922408300938544
1692,2022-02-02,Equal-Weight,0.2118044224452571,0.14751498275154887,1.0968677176187258,0.22248743848165775
1693,2022-02-03,Equal-Weight,0.18662124774131816,0.14754217563576433,0.9259809756268843,0.1921031092432255
1694,2022-02-04,Equal-Weight,0.17753817443740372,0.147676200306767,0.8636339110328498,0.18130855501638643
1695,2022-02-07,Equal-Weight,0.1645194750831097,0.1471431764491042,0.7782860058259051,0.16612980557109824
1696,2022-02-08,Equal-Weight,0.17709364865888466,0.14725905867773764,0.8630616669702946,0.1808556278378366
1697,2022-02-09,Equal-Weight,0.1937464323202821,0.14786404438551204,0.9721527158117327,0.20056452681893888
1698,2022-02-10,Equal-Weight,0.17011495737769966,0.14875975217515297,0.8074425751682733,0.17238891281869884
1699,2022-02-11,Equal-Weight,0.14973283848566055,0.14918990779124935,0.668495878589921,0.1486755953993133
1700,2022-02-14,Equal-Weight,0.141834371043834,0.1493435836946931,0.61492009748188,0.13961762899987273
1701,2022-02-15,Equal-Weight,0.1627831002906246,0.1501580098614621,0.7510961312998212,0.16358876115338394
1702,2022-02-16,Equal-Weight,0.1681611299836645,0.15010644643778018,0.7871822482496968,0.16986834173959764
1703,2022-02-17,Equal-Weight,0.14585447344362634,0.15094138720140954,0.6350443388712358,0.14393237542933934
1704,2022-02-18,Equal-Weight,0.14010985597359082,0.15115680270138704,0.5961349695362665,0.13734641947803627
1705,2022-02-22,Equal-Weight,0.1285660425537376,0.15156843272959852,0.5183535986936091,0.12422929192303811
1706,2022-02-23,Equal-Weight,0.09154458482588745,0.15031084664264419,0.27639113047282227,0.08358632668113919
1707,2022-02-24,Equal-Weight,0.11856821172311371,0.1482115387430011,0.4626374727949558,0.11360863325037007
1708,2022-02-25,Equal-Weight,0.14799533315741598,0.1497738496153935,0.6542886719481381,0.14658688748890403
1709,2022-02-28,Equal-Weight,0.11640445640487818,0.14779832453750336,0.4492909957719328,0.11126889825202935
1710,2022-03-01,Equal-Weight,0.10324847205506982,0.14888572405595107,0.35764659367246726,0.09657266144190291
1711,2022-03-02,Equal-Weight,0.12827978900548476,0.15014085679625316,0.5213756646647714,0.1241478634672748
1712,2022-03-03,Equal-Weight,0.14061327278443536,0.1491677665543057,0.6074588021095488,0.13825795140062058
1713,2022-03-04,Equal-Weight,0.10576233805164648,0.1472967003602515,0.3785715356505985,0.09958787037703498
1714,2022-03-07,Equal-Weight,0.07665668406580983,0.14984206647884987,0.17789853471870268,0.06764668363814752
1715,2022-03-08,Equal-Weight,0.06592767048263026,0.14972293251753938,0.10638096793064351,0.0562749468419792
1716,2022-03-09,Equal-Weight,0.0782670697080331,0.15094725530181788,0.18726454914011723,0.0691928258725516
1717,2022-03-10,Equal-Weight,0.06552696595372753,0.1509820476716778,0.10283981568121348,0.05565573367662391
1718,2022-03-11,Equal-Weight,0.05149960000479248,0.1512119380974524,0.009917206429997744,0.04091810172223087
1719,2022-03-14,Equal-Weight,0.04177744266450589,0.1511499815836523,-0.05439998899995516,0.03085854744590555
1720,2022-03-15,Equal-Weight,0.055187209188730324,0.15169640002029577,0.03419467560229718,0.0446871924617096
1721,2022-03-16,Equal-Weight,0.0629011777276226,0.15244710811305748,0.08462723817663277,0.052657266023997895
1722,2022-03-17,Equal-Weight,0.0842433665121568,0.15219995337391817,0.22498933641608418,0.07539927621462383
1723,2022-03-18,Equal-Weight,0.09056952444038002,0.15226136042696067,0.2664466173598988,0.08221158041510135
1724,2022-03-21,Equal-Weight,0.08868980913084024,0.15225668186074948,0.2541091048222439,0.08018072834689094
1725,2022-03-22,Equal-Weight,0.11393547909137813,0.1514286758084536,0.4222151369285691,0.10792733353776351
1726,2022-03-23,Equal-Weight,0.09704655866593537,0.15219424143680113,0.30912180527849675,0.08925315062892869
1727,2022-03-24,Equal-Weight,0.09979612534961058,0.1523823100781867,0.326784160996512,0.09222026106741987
1728,2022-03-25,Equal-Weight,0.08009522666590596,0.15043037606405876,0.20006083514070527,0.07123041301278588
1729,2022-03-28,Equal-Weight,0.08285467288792281,0.1503804706955552,0.2184769919655125,0.07419758934485654
1730,2022-03-29,Equal-Weight,0.09945228032509701,0.15107285603343693,0.327340606535907,0.09205660104028235
1731,2022-03-30,Equal-Weight,0.09226197588829788,0.15127553032400298,0.27937086584843485,0.08420227096393096
1732,2022-03-31,Equal-Weight,0.062128462250835785,0.15154586721023733,0.08003162655706174,0.051983163001094956
1733,2022-04-01,Equal-Weight,0.05264454288156717,0.15114366748259142,0.017496881778866203,0.042118329015308875
1734,2022-04-04,Equal-Weight,0.05961126499732983,0.15113093417368703,0.06359561693891265,0.04940423915511172
1735,2022-04-05,Equal-Weight,0.048050557748307465,0.1517497204055221,-0.012846430599562399,0.03724710074766158
1736,2022-04-06,Equal-Weight,0.03827690724214439,0.15183474977151948,-0.07720955035323926,0.027147211753514533
1737,2022-04-07,Equal-Weight,0.03926876406631352,0.15186282177398533,-0.07066400985000518,0.028161997914449177
1738,2022-04-08,Equal-Weight,0.041547216586086066,0.15184315417641014,-0.05566785977123184,0.03050998010470285
1739,2022-04-11,Equal-Weight,0.038478154553621025,0.15197974755309776,-0.07581171591532974,0.027331257382268825
1740,2022-04-12,Equal-Weight,0.03710406568361757,0.1519773265074641,-0.084854330660627,0.025921169280660683
1741,2022-04-13,Equal-Weight,0.037705730753784805,0.15201457791234155,-0.08087559374275688,0.026532790507867166
1742,2022-04-14,Equal-Weight,0.02779152664233986,0.15208848617920137,-0.146023370444312,0.016395658105772704
1743,2022-04-18,Equal-Weight,0.035798834881606734,0.15199343308643407,-0.09343275449484384,0.02458070293224135
1744,2022-04-19,Equal-Weight,0.06312261605645864,0.15222925292540723,0.08620298532824537,0.05292067985126736
1745,2022-04-20,Equal-Weight,0.055897326782309076,0.1516775729142106,0.038880677406702854,0.04542844137476276
1746,2022-04-21,Equal-Weight,0.055856844482863766,0.1516807101528658,0.03861298168343989,0.04538562914293909
1747,2022-04-22,Equal-Weight,0.025372457139641202,0.1531188617446794,-0.16083938046394577,0.01377820281618325
1748,2022-04-25,Equal-Weight,0.027091445482247067,0.1531582233949204,-0.14957443361485684,0.015516118575595206
1749,2022-04-26,Equal-Weight,0.0019324910391381735,0.1550188259500201,-0.31007529999201106,-0.01000036958645889
1750,2022-04-27,Equal-Weight,0.007154123295568637,0.1550003204320444,-0.27642443954311663,-0.004814672687818877
1751,2022-04-28,Equal-Weight,0.021600924223276974,0.15648796154036673,-0.18147770280333908,0.009437048608601284
1752,2022-04-29,Equal-Weight,0.004265644051904771,0.15865619154916638,-0.2882607700432699,-0.008254867904444851
1753,2022-05-02,Equal-Weight,0.0034095483784478686,0.1586193150572217,-0.2937249578006606,-0.009097785876585829
1754,2022-05-03,Equal-Weight,0.014990157564873874,0.1588880440598102,-0.22034283726186082,0.002401435804722185
1755,2022-05-04,Equal-Weight,0.03637621338648289,0.16145754385627709,-0.08437999419614886,0.02365654332248912
1756,2022-05-05,Equal-Weight,-0.0006321495693349943,0.1634427611905955,-0.3097852067629433,-0.013856104417340975
1757,2022-05-06,Equal-Weight,-0.013387172073025755,0.16329051288616941,-0.3881864962798742,-0.0263309511049169
1758,2022-05-09,Equal-Weight,-0.029788281800378402,0.1651955365717555,-0.482992963709531,-0.042475968087246074
1759,2022-05-10,Equal-Weight,-0.02182505036364024,0.16495887241261992,-0.4354118654738415,-0.03478196288387714
1760,2022-05-11,Equal-Weight,-0.005140657570474438,0.16326154494805084,-0.3377443083000346,-0.018264543912621334
1761,2022-05-12,Equal-Weight,-0.02133943059903598,0.16238484234140643,-0.43932321250186773,-0.03390432813224098
1762,2022-05-13,Equal-Weight,-0.01862942908616616,0.16270212187613484,-0.4218102892254458,-0.031331287898463955
1763,2022-05-16,Equal-Weight,-0.02117072153351751,0.16269943405807635,-0.43743681067822754,-0.03378960750265525
1764,2022-05-17,Equal-Weight,0.016659243705106852,0.16415228577816918,-0.20310869347228536,0.0032312449924785103
1765,2022-05-18,Equal-Weight,-0.014480895685758055,0.16758432109448637,-0.3847668759501841,-0.028092016283296384
1766,2022-05-19,Equal-Weight,-0.03376373710195124,0.16754095011405806,-0.4999597832346468,-0.04664905784256512
1767,2022-05-20,Equal-Weight,-0.03787464755418657,0.16751984967354094,-0.5245625979574049,-0.05055737293769358
1768,2022-05-23,Equal-Weight,-0.028744566384551917,0.16828261669808867,-0.46793048461936765,-0.04196854027219277
1769,2022-05-24,Equal-Weight,-0.027590906353673783,0.16825883877429113,-0.4611401512033327,-0.04085869954514176
1770,2022-05-25,Equal-Weight,-0.02061243576442029,0.16850941636164643,-0.4190414831944788,-0.03418163445876321
1771,2022-05-26,Equal-Weight,-0.011146005451723728,0.16923337819644169,-0.36131173473797257,-0.025111949701981384
1772,2022-05-27,Equal-Weight,0.010974756455509271,0.1705308984136315,-0.2288455869729425,-0.003522165478390571
1773,2022-05-31,Equal-Weight,0.001177579063098344,0.1705979617356666,-0.28618408121750993,-0.013248267475644226
1774,2022-06-01,Equal-Weight,-0.008971978914486756,0.17079670307135467,-0.3452758622035562,-0.023246064151932422
1775,2022-06-02,Equal-Weight,0.006314501531572758,0.17148832548892057,-0.254743279718185,-0.008315888876878064
1776,2022-06-03,Equal-Weight,-0.013274286292855986,0.17172810005917358,-0.36845621812069845,-0.027593564664019743
1777,2022-06-06,Equal-Weight,-0.007918282641584007,0.17166888589441487,-0.3373836926815422,-0.022361227202268075
1778,2022-06-07,Equal-Weight,0.004377111921409105,0.172031214369378,-0.2652012208704834,-0.010327407590305815
1779,2022-06-08,Equal-Weight,-0.005001757187450662,0.1725531469980145,-0.31875255910623035,-0.019654764952755976
1780,2022-06-09,Equal-Weight,-0.027305842780860456,0.17379348168700878,-0.44481439712499377,-0.04148780778824257
1781,2022-06-10,Equal-Weight,-0.05699984300916472,0.17584916544716456,-0.6084751254694681,-0.06987535001487133
1782,2022-06-13,Equal-Weight,-0.09018515787135051,0.17946378379855393,-0.7811334125703421,-0.10083387919349529
1783,2022-06-14,Equal-Weight,-0.09421376020476657,0.1794650393989185,-0.8035757866143796,-0.10445050166502856
1784,2022-06-15,Equal-Weight,-0.0799590316439216,0.1794166162503312,-0.7243422284956936,-0.09158069754536313
1785,2022-06-16,Equal-Weight,-0.09922535345411465,0.18176808473632622,-0.8209656479055812,-0.10930730438461778
1786,2022-06-17,Equal-Weight,-0.08019430307219033,0.1807903136552719,-0.7201398152361346,-0.09202557169443148
1787,2022-06-21,Equal-Weight,-0.07467827776066827,0.18142008196045192,-0.68723526311628,-0.08710344444650941
1788,2022-06-22,Equal-Weight,-0.0792181285813317,0.18143721354428777,-0.7121919812210427,-0.09124254958794364
1789,2022-06-23,Equal-Weight,-0.0779230295452944,0.18143828261773776,-0.7050498257570499,-0.09006466441527039
1790,2022-06-24,Equal-Weight,-0.05455654904019336,0.1840747837233024,-0.5680112556718291,-0.06898382519827273
1791,2022-06-27,Equal-Weight,-0.0591331516754765,0.18403691564023864,-0.5929959828755963,-0.07322951834139013
1792,2022-06-28,Equal-Weight,-0.06938378754699914,0.18442521535359999,-0.6473289854540966,-0.08274931345929093
1793,2022-06-29,Equal-Weight,-0.07853768980378473,0.18455285584692802,-0.6964817163837148,-0.09113130966527894
1794,2022-06-30,Equal-Weight,-0.09167938404395826,0.18467030599009995,-0.7672017614545653,-0.10302081425906329
1795,2022-07-01,Equal-Weight,-0.08992737947450835,0.1846835796493338,-0.7576601002655143,-0.1014495497506187
1796,2022-07-05,Equal-Weight,-0.09795252558216538,0.1847253537432933,-0.8009324252683262,-0.10864125915422895
1797,2022-07-06,Equal-Weight,-0.08696701018436659,0.18447588998332978,-0.7424656425115697,-0.09874996468180419
1798,2022-07-07,Equal-Weight,-0.07381859697577953,0.1850954333410101,-0.6689446343479617,-0.08692100271928094
1799,2022-07-08,Equal-Weight,-0.06542480423139074,0.1848202020441966,-0.6245248244225426,-0.07917537045931766
1800,2022-07-11,Equal-Weight,-0.08888868972451702,0.18424181765373188,-0.7538391202020568,-0.1004421528149042
1801,2022-07-12,Equal-Weight,-0.09409845524161198,0.18421334589443591,-0.782236783887461,-0.10511348150995481
1802,2022-07-13,Equal-Weight,-0.09155077875853679,0.1841481733171999,-0.768678701551451,-0.10281906491678905
1803,2022-07-14,Equal-Weight,-0.09360801561670229,0.18417752306654953,-0.7797260665994074,-0.10466839535781292
1804,2022-07-15,Equal-Weight,-0.07325333745092522,0.18492770574544304,-0.6664947091302051,-0.08637591154802082
1805,2022-07-18,Equal-Weight,-0.06778102179891099,0.18465150916748133,-0.6378557225442554,-0.08131398203676288
1806,2022-07-19,Equal-Weight,-0.0238586863002489,0.18566357715776405,-0.39780923879048663,-0.04022797478286777
1807,2022-07-20,Equal-Weight,-0.03684093123497412,0.18494786871119143,-0.4695427519123353,-0.052485162701454424
1808,2022-07-21,Equal-Weight,-0.04706866161025369,0.1844568132981139,-0.5262405864801213,-0.06204436182734596
1809,2022-07-22,Equal-Weight,-0.04859125792404573,0.18451241678988337,-0.5343340011437723,-0.06348131096552201
1810,2022-07-25,Equal-Weight,-0.05388182141926823,0.1844289786630526,-0.5632619243045198,-0.06840970626737997
1811,2022-07-26,Equal-Weight,-0.06607895344778825,0.18441310668875194,-0.6294506693805856,-0.07970354837109372
1812,2022-07-27,Equal-Weight,-0.04378931361706884,0.18515726473460248,-0.5065386645860369,-0.05908287143322688
1813,2022-07-28,Equal-Weight,-0.03457020587219395,0.1854742264596894,-0.45596742731569917,-0.05042214782379473
1814,2022-07-29,Equal-Weight,-0.03549126905188649,0.18542529239107972,-0.46105505861399537,-0.05128799370395998
1815,2022-08-01,Equal-Weight,-0.030995944668277597,0.18543501769295584,-0.43678883134355484,-0.04701476445768993
1816,2022-08-02,Equal-Weight,-0.036453977912476065,0.1856298239779567,-0.4657332321919476,-0.05223708141086203
1817,2022-08-03,Equal-Weight,-0.03412638300867454,0.18575894667468631,-0.4528793068363075,-0.0500506562714752
1818,2022-08-04,Equal-Weight,-0.024904286556846733,0.18549417966043416,-0.4038093631507285,-0.04120131650185299
1819,2022-08-05,Equal-Weight,-0.029075748281532032,0.18542350189643184,-0.4264602246898548,-0.04518058076630638
1820,2022-08-08,Equal-Weight,-0.03517444099549538,0.1853448745818058,-0.4595457046636695,-0.05097301692954348
1821,2022-08-09,Equal-Weight,-0.038039617766623235,0.1854342077800858,-0.4747754948808211,-0.053704356057963976
1822,2022-08-10,Equal-Weight,-0.020449710989154712,0.18659100024709815,-0.37756221305346876,-0.037113414170864556
1823,2022-08-11,Equal-Weight,-0.0237447441628168,0.18650527790424334,-0.3954029880091612,-0.04026600060589136
1824,2022-08-12,Equal-Weight,-0.004163407086669624,0.1871060302476838,-0.289479751213631,-0.02139504488288202
1825,2022-08-15,Equal-Weight,-0.0023773012397279025,0.18711905223847033,-0.27991431451339677,-0.01964794383406976
1826,2022-08-16,Equal-Weight,0.0005306014100395773,0.18713607157667514,-0.2643498828054182,-0.01679612960780874
1827,2022-08-17,Equal-Weight,0.0025615344879340585,0.1870241428973329,-0.2536488860590974,-0.014776529749866096
1828,2022-08-18,Equal-Weight,0.020252910584989126,0.18681089709038798,-0.15923637153039216,0.0028480846188381204
1829,2022-08-19,Equal-Weight,0.015411929826210091,0.18704232523389663,-0.18492108740915988,-0.0020380010622589317
1830,2022-08-22,Equal-Weight,-0.009564113606363667,0.1880725495529919,-0.31670817324449946,-0.026844225677147393
1831,2022-08-23,Equal-Weight,-0.018431367069136173,0.18780574975619058,-0.3643731204075156,-0.03538791885604553
1832,2022-08-24,Equal-Weight,-0.019033369334594208,0.18779919017021407,-0.36759141118779576,-0.03596730526512737
1833,2022-08-25,Equal-Weight,-0.009531548140592094,0.1883487864096951,-0.31607078163540403,-0.026862121923356908
1834,2022-08-26,Equal-Weight,-0.03935838628809074,0.1915763467631433,-0.46643746891451887,-0.05605290503358351
1835,2022-08-29,Equal-Weight,-0.0547938802486615,0.19135687650135966,-0.5476358214277024,-0.07047547143023869
1836,2022-08-30,Equal-Weight,-0.061713501636289976,0.19163644560463822,-0.582944967925173,-0.0769363583223257
1837,2022-08-31,Equal-Weight,-0.06930861279084088,0.19186183193502468,-0.6218465214657471,-0.08396209424177825
1838,2022-09-01,Equal-Weight,-0.06655659194769636,0.1918405076462672,-0.6075702852215857,-0.08143323294979121
1839,2022-09-02,Equal-Weight,-0.07835999501000923,0.19205104761436073,-0.6683639407568169,-0.09225160332489091
1840,2022-09-06,Equal-Weight,-0.0805919441538423,0.19209971727624492,-0.6798133074087106,-0.09428450482291317
1841,2022-09-07,Equal-Weight,-0.05809820572202151,0.19260525179466437,-0.5612422543766592,-0.07376349395756598
1842,2022-09-08,Equal-Weight,-0.04870777415269434,0.192670476199962,-0.5123139574858943,-0.06503453253578462
1843,2022-09-09,Equal-Weight,-0.03295531060185719,0.19325723361538052,-0.42924815309606673,-0.05029356359261794
1844,2022-09-12,Equal-Weight,-0.021846226341782793,0.19346479722089457,-0.3713658886466569,-0.039721364987129304
1845,2022-09-13,Equal-Weight,-0.07165956662335382,0.19765355519105457,-0.6155192427768681,-0.0871603153409698
1846,2022-09-14,Equal-Weight,-0.06010094836502877,0.19747651820936873,-0.5575394450103554,-0.07651273901381139
1847,2022-09-15,Equal-Weight,-0.08207821511101399,0.1975138056047911,-0.6687037126675167,-0.09660010299001287
1848,2022-09-16,Equal-Weight,-0.09135162182365142,0.19778828803561482,-0.7146612331170937,-0.10499057230859465
1849,2022-09-19,Equal-Weight,-0.07702571105208944,0.19773272966135758,-0.6424111540342213,-0.09206194444212179
1850,2022-09-20,Equal-Weight,-0.07264157598961574,0.19739130220862366,-0.621311955579458,-0.08800922750734619
1851,2022-09-21,Equal-Weight,-0.08277729307641468,0.1978316929819017,-0.6711629015304519,-0.09728809845584707
1852,2022-09-22,Equal-Weight,-0.10394682464187133,0.19757950263747662,-0.779163944573423,-0.11616103900726793
1853,2022-09-23,Equal-Weight,-0.14032311748622794,0.19766965245507612,-0.962834279933194,-0.1477676943596502
1854,2022-09-26,Equal-Weight,-0.1560081162571848,0.19809272190608243,-1.0399580271043736,-0.16110909742366197
1855,2022-09-27,Equal-Weight,-0.16338175188738457,0.1980356661595251,-1.0774915247614925,-0.1672665744418671
1856,2022-09-28,Equal-Weight,-0.12866736695757708,0.19831158534301266,-0.9009426587384813,-0.13787771571971963
1857,2022-09-29,Equal-Weight,-0.14169020758968143,0.19891065235619948,-0.9637000598962994,-0.1491401933007953
1858,2022-09-30,Equal-Weight,-0.14153763645658612,0.1989007448813142,-0.9629809912018091,-0.14900859971064362
1859,2022-10-03,Equal-Weight,-0.12447604994796892,0.2008422904881968,-0.8687216697432686,-0.13468408930476816
1860,2022-10-04,Equal-Weight,-0.08336236231132832,0.20357320445346505,-0.6551076438049277,-0.09883562914890542
1861,2022-10-05,Equal-Weight,-0.09278137722461699,0.20335789579219657,-0.7021186793283879,-0.10724806045711477
1862,2022-10-06,Equal-Weight,-0.10090639463972251,0.20355203340230713,-0.7413652033702164,-0.11451013723048753
1863,2022-10-07,Equal-Weight,-0.13079985019637308,0.20434804491343375,-0.8847642769127729,-0.1407423607298668
1864,2022-10-10,Equal-Weight,-0.13884217885424088,0.2044750428492422,-0.9235463468931643,-0.14765092037713545
1865,2022-10-11,Equal-Weight,-0.13681312540154944,0.20442048288514147,-0.9138669607121261,-0.14590920185628053
1866,2022-10-12,Equal-Weight,-0.13755899099806146,0.2044396524897743,-0.9174296116916105,-0.14654970049865368
1867,2022-10-13,Equal-Weight,-0.10998310717268056,0.20625628550564842,-0.7756520330057982,-0.12299609477074325
1868,2022-10-14,Equal-Weight,-0.14556508981461003,0.20640671615683795,-0.947474449746151,-0.15369766315642197
1869,2022-10-17,Equal-Weight,-0.13519707073650455,0.2070897000602508,-0.894284315842957,-0.14499130492560774
1870,2022-10-18,Equal-Weight,-0.1209539561025148,0.20760344561450275,-0.823463963213587,-0.1328111191407182
1871,2022-10-19,Equal-Weight,-0.13374490627804425,0.207506029070303,-0.8854918919767459,-0.143821103830715
1872,2022-10-20,Equal-Weight,-0.14237096376510383,0.20745144627782094,-0.9273059658860069,-0.1511692762100949
1873,2022-10-21,Equal-Weight,-0.11426155426616424,0.2091002486167089,-0.7855636487896472,-0.12725184866672568
1874,2022-10-24,Equal-Weight,-0.1095821446919174,0.20929255565447827,-0.7624836162609245,-0.1231913692211446
1875,2022-10-25,Equal-Weight,-0.09895137491606776,0.20970908240000138,-0.7102762227148383,-0.1138929697295874
1876,2022-10-26,Equal-Weight,-0.09247251097829357,0.2097656997486424,-0.6791983205500958,-0.10814168696502202
1877,2022-10-27,Equal-Weight,-0.07315213404414656,0.20904632177056623,-0.5891140920398935,-0.09059918233660158
1878,2022-10-28,Equal-Weight,-0.05152106804317258,0.21106089208603324,-0.48100369064009396,-0.07109216972592547
1879,2022-10-31,Equal-Weight,-0.05660195982827587,0.2111391319962443,-0.5048896375598063,-0.07581615761209315
1880,2022-11-01,Equal-Weight,-0.05895842937137852,0.21106571347355577,-0.5162298867884566,-0.07797775672228902
1881,2022-11-02,Equal-Weight,-0.08234894237136858,0.2118227620687526,-0.6248098225081744,-0.09944560971458061
1882,2022-11-03,Equal-Weight,-0.09468410383814241,0.21178096495395424,-0.6831780366549933,-0.11048201304101246
1883,2022-11-04,Equal-Weight,-0.07934946887331373,0.21285342584845737,-0.6076926803395923,-0.09693340263666939
1884,2022-11-07,Equal-Weight,-0.07577063970074616,0.21303875146468057,-0.5903650807003415,-0.09372994815731417
1885,2022-11-08,Equal-Weight,-0.06671928110873881,0.21326142932291942,-0.5473060997448491,-0.08553037269362473
1886,2022-11-09,Equal-Weight,-0.08665213352289147,0.2140032801806757,-0.6385515839174087,-0.10372664820571742
1887,2022-11-10,Equal-Weight,-0.03349481026084922,0.21911189724715077,-0.38106014009211886,-0.055791342860309734
1888,2022-11-11,Equal-Weight,-0.029485495162826947,0.21922940503387042,-0.3625676726648354,-0.05202180310256865
1889,2022-11-14,Equal-Weight,-0.04326669467851074,0.21913594074082693,-0.4256111268795368,-0.06497947889727063
1890,2022-11-15,Equal-Weight,-0.038778505593760615,0.21920447362071435,-0.40500316497815875,-0.060786814419337976
1891,2022-11-16,Equal-Weight,-0.054007745255912676,0.2194848537623079,-0.47387208489816035,-0.07504173253427115
1892,2022-11-17,Equal-Weight,-0.04546335632841014,0.21940525936465607,-0.43510058329890844,-0.06708677708657429
1893,2022-11-18,Equal-Weight,-0.03570417779136281,0.21947482543498006,-0.39049662129360196,-0.05795049222090931
1894,2022-11-21,Equal-Weight,-0.028938563951437013,0.21931941619441625,-0.35992510522397947,-0.051522110308330094
1895,2022-11-22,Equal-Weight,-0.013410168913672527,0.2199381160227999,-0.28830913922668644,-0.036806540377106955
1896,2022-11-23,Equal-Weight,-0.017059278863696736,0.21986096342311123,-0.3050076640237611,-0.04029900506335349
1897,2022-11-25,Equal-Weight,-0.016610868122957756,0.21986203043599284,-0.30296667410405725,-0.03986876382039983
1898,2022-11-28,Equal-Weight,-0.009816185241462105,0.21919436854992366,-0.2728910675815943,-0.03317814225478488
1899,2022-11-29,Equal-Weight,-0.015200156526635866,0.21903474374527923,-0.29767038512601773,-0.03833647592977041
1900,2022-11-30,Equal-Weight,0.03271856303003229,0.2188079017416125,-0.0789799492267658,0.008924698268196973
1901,2022-12-01,Equal-Weight,0.03855294395311115,0.21868699384230145,-0.05234447575397876,0.014854382424909662
1902,2022-12-02,Equal-Weight,0.02191407289782976,0.2179887567750638,-0.12884117290118446,-0.001740158578485751
1903,2022-12-05,Equal-Weight,0.008603773060676279,0.21853069522014548,-0.18942980480440796,-0.015055733610713329
1904,2022-12-06,Equal-Weight,-0.017993327991315256,0.21837467165338234,-0.3113608710960694,-0.04087653988903939
1905,2022-12-07,Equal-Weight,-0.03737276521628752,0.21744290856905288,-0.4018193363548609,-0.05909908236667427
1906,2022-12-08,Equal-Weight,-0.032571592570982744,0.21752003009553528,-0.37960454738222094,-0.05458589787177537
1907,2022-12-09,Equal-Weight,-0.034856485674882975,0.2175898666648804,-0.3899836282613939,-0.056758264583721574
1908,2022-12-12,Equal-Weight,-0.0268376963838457,0.21802501427140752,-0.3524260582696012,-0.04925196224854622
1909,2022-12-13,Equal-Weight,-0.005373319629028872,0.21765469634898993,-0.2544090275003425,-0.02854365968958339
1910,2022-12-14,Equal-Weight,-0.00609051282456885,0.2176724676353083,-0.2576830842867263,-0.029243908171337707
1911,2022-12-15,Equal-Weight,-0.044991770573157175,0.21914799845438218,-0.4334594486060554,-0.06659304727360216
1912,2022-12-16,Equal-Weight,-0.04969419424192001,0.21921731942596417,-0.4547733477581799,-0.07098695746870065
1913,2022-12-19,Equal-Weight,-0.04335350208939881,0.21893450409293122,-0.4263992214300447,-0.06501825528760541
1914,2022-12-20,Equal-Weight,-0.027462694271518706,0.21854429306556009,-0.3544484881528388,-0.04995829577950228
1915,2022-12-21,Equal-Weight,-0.03477459189605436,0.21793337310432312,-0.3889931619397888,-0.05675740172081545
1916,2022-12-22,Equal-Weight,-0.055442602216156156,0.21817893726663207,-0.4832849748795728,-0.07610579547194862
1917,2022-12-23,Equal-Weight,-0.05906673297984544,0.21804703314341967,-0.5001981976434744,-0.07942262612685103
1918,2022-12-27,Equal-Weight,-0.06975715298954144,0.21765099169509367,-0.5502256252400114,-0.08913646071082315
1919,2022-12-28,Equal-Weight,-0.08200258019830098,0.21801024635587768,-0.6054879640052391,-0.10029644180426456
1920,2022-12-29,Equal-Weight,-0.07190215980556658,0.21845597045905843,-0.5580170665484864,-0.09124739549014571
1921,2022-12-30,Equal-Weight,-0.06884352347653988,0.2184180114058327,-0.5441104545893977,-0.0884552628174774
1922,2023-01-03,Equal-Weight,-0.06945094550192477,0.21841632969063665,-0.5468956724577977,-0.08900860566018254
1923,2023-01-04,Equal-Weight,-0.05878622637657993,0.21900335501384724,-0.49673314990860096,-0.07935496047663537
1924,2023-01-05,Equal-Weight,-0.07524250980690683,0.2187031737871693,-0.5726597727785441,-0.09432661704845702
1925,2023-01-06,Equal-Weight,-0.037854323294797876,0.2203967214997427,-0.39861901164850333,-0.060157157292610175
1926,2023-01-09,Equal-Weight,-0.04008088247079733,0.22039800015578542,-0.40871914630407197,-0.062248032177579016
1927,2023-01-10,Equal-Weight,-0.029637617354749124,0.22055491301445831,-0.361078410207659,-0.052434620301547885
1928,2023-01-11,Equal-Weight,-0.017112298965358375,0.220678321423763,-0.3041182229970126,-0.040516119300601394
1929,2023-01-12,Equal-Weight,-0.02349601967410464,0.22050095120079188,-0.3333138441075382,-0.046585263192843396
1930,2023-01-13,Equal-Weight,-0.024227219931601707,0.2204957644645724,-0.3366378493112868,-0.0472811276971401
1931,2023-01-17,Equal-Weight,-0.028719169196614325,0.22058662766648676,-0.35686283447622585,-0.05157056890847278
1932,2023-01-18,Equal-Weight,-0.043768738346081526,0.22103509854614378,-0.4242255594828355,-0.06583222883383699
1933,2023-01-19,Equal-Weight,-0.037802197023427464,0.22061388794164416,-0.39799034341234457,-0.06015242227603079
1934,2023-01-20,Equal-Weight,-0.008443556416896425,0.2209667349836705,-0.2644902927185643,-0.032221021938216965
1935,2023-01-23,Equal-Weight,0.02200863502617134,0.22113570421064724,-0.12658003407339832,-0.002332260845568812
1936,2023-01-24,Equal-Weight,0.0326653631545456,0.22074479495077995,-0.07852795283041465,0.00844283817141922
1937,2023-01-25,Equal-Weight,0.031003478547597333,0.22073090290295283,-0.08606190253638718,0.0067715939065779995
1938,2023-01-26,Equal-Weight,0.0388612759057827,0.2207082131815802,-0.05046809964001337,0.014717763562003938
1939,2023-01-27,Equal-Weight,0.04592829116136554,0.22054839291718115,-0.018461747940115084,0.021949062169690947
1940,2023-01-30,Equal-Weight,0.0417364886531566,0.22070292033435718,-0.037441785248353184,0.017640127817069695
1941,2023-01-31,Equal-Weight,0.044290348752025865,0.2208649241601165,-0.025851326414487227,0.020206082282296922
1942,2023-02-01,Equal-Weight,0.03835947666187689,0.22051623849929924,-0.05278760157229919,0.014250966174318647
1943,2023-02-02,Equal-Weight,0.036494985738863894,0.22043560446887422,-0.0612651222731264,0.012379698531572947
1944,2023-02-03,Equal-Weight,0.021865503658985985,0.22038409406759826,-0.12766119288256958,-0.002310381772526182
1945,2023-02-06,Equal-Weight,0.02527606654268655,0.22022325673524135,-0.11226758619339314,0.0011334891754699594
1946,2023-02-07,Equal-Weight,0.04194604544181302,0.22039139148371828,-0.03654387090151832,0.01792290492583315
1947,2023-02-08,Equal-Weight,0.031135752330069485,0.22065565262835757,-0.08549179431946344,0.0069208488283667435
1948,2023-02-09,Equal-Weight,0.014621555409032427,0.22065804129169778,-0.16033154461023796,-0.009570496724643163
1949,2023-02-10,Equal-Weight,0.005520599676254068,0.2202513913762676,-0.20194832843420873,-0.018456379652328603
1950,2023-02-13,Equal-Weight,0.033045763958591934,0.21987379201228424,-0.07710894457335253,0.009019422592789761
1951,2023-02-14,Equal-Weight,0.04497350599243144,0.2194988158216324,-0.022899868451468814,0.021209412718538934
1952,2023-02-15,Equal-Weight,0.0545508033160651,0.2194255496688544,0.020739623635136983,0.031051483714693573
1953,2023-02-16,Equal-Weight,0.026455407167769618,0.21908216398183336,-0.10746923621853005,0.0025644744880288783
1954,2023-02-17,Equal-Weight,0.022760540965673592,0.21908272542420856,-0.12433412530167684,-0.001132798192871598
1955,2023-02-21,Equal-Weight,0.017447599238194167,0.21954188301589264,-0.14827421681287742,-0.00652679154865321
1956,2023-02-22,Equal-Weight,0.02266570584108707,0.219412577021889,-0.12457943172594894,-0.0013012169818761299
1957,2023-02-23,Equal-Weight,0.03626393251391591,0.21916774975146927,-0.06267376245665911,0.012425015278831442
1958,2023-02-24,Equal-Weight,0.04053299753830031,0.21895282213496883,-0.04323763616923815,0.016803904834161942
1959,2023-02-27,Equal-Weight,0.03988017700619062,0.2189471539133344,-0.04622039068758619,0.016141690098364636
1960,2023-02-28,Equal-Weight,0.013307951231326554,0.2177584061375088,-0.168498885620532,-0.010249265333181934
1961,2023-03-01,Equal-Weight,0.01843399596756201,0.2176755909793804,-0.14501398108264751,-0.005145116191339505
1962,2023-03-02,Equal-Weight,0.0437335284798267,0.21699443714716654,-0.028878489248659198,0.02049485964118558
1963,2023-03-03,Equal-Weight,0.03465057024902729,0.216331734114994,-0.07095320440973084,0.011411433219230993
1964,2023-03-06,Equal-Weight,0.03655865964121796,0.2162941169734363,-0.06214380930403581,0.013351112095978834
1965,2023-03-07,Equal-Weight,0.028145642784368596,0.21681462251047068,-0.10079743221459148,0.004748260753318689
1966,2023-03-08,Equal-Weight,0.05985677781068621,0.21512654213705007,0.04581851087629522,0.037498553043987304
1967,2023-03-09,Equal-Weight,0.046714066000846044,0.21575174490184182,-0.015230161872613933,0.023816145898145846
1968,2023-03-10,Equal-Weight,0.011974439588836483,0.21513223974502696,-0.17675435562903596,-0.011008625939263106
1969,2023-03-13,Equal-Weight,0.011102480111875423,0.21516062985951656,-0.18078363087857516,-0.011876624323839624
1970,2023-03-14,Equal-Weight,0.034834459607944845,0.21544027276094826,-0.07039324726850298,0.011792389116114466
1971,2023-03-15,Equal-Weight,0.02381012615063116,0.215919834792049,-0.12129443260547203,0.0005964438681271833
1972,2023-03-16,Equal-Weight,0.025806697950162993,0.21604923613303142,-0.11198050260608228,0.0025684852731586716
1973,2023-03-17,Equal-Weight,-0.0029135077311492896,0.21545767070788732,-0.24558655794106415,-0.025693265922343222
1974,2023-03-20,Equal-Weight,-3.061018872507759e-05,0.21560073652443526,-0.23205213022569998,-0.022910061761780898
1975,2023-03-21,Equal-Weight,0.004783241481568945,0.21576609045664222,-0.20956378466484415,-0.018229811548194585
1976,2023-03-22,Equal-Weight,-0.011469575179186675,0.2163943751591939,-0.28406272175034875,-0.03418964162702576
1977,2023-03-23,Equal-Weight,-0.014904672796170138,0.21629236256822265,-0.3000784309972942,-0.03748075330385414
1978,2023-03-24,Equal-Weight,0.002628303816726074,0.21579622568143875,-0.21952050381643215,-0.020350019364073324
1979,2023-03-27,Equal-Weight,-0.0035592991508515137,0.21553558434787465,-0.24849399839428257,-0.026338995730983306
1980,2023-03-28,Equal-Weight,-0.007655501765833739,0.21547027720000228,-0.2675798375305248,-0.03030569768513891
1981,2023-03-29,Equal-Weight,0.011887116579064383,0.21626617498259815,-0.17623136592674454,-0.011336243170935512
1982,2023-03-30,Equal-Weight,0.003176434393528327,0.21583961582323277,-0.21693684650003733,-0.019821550313661285
1983,2023-03-31,Equal-Weight,0.022190881368287396,0.21601624695730254,-0.12873623638692935,-0.0010439363865102358
1984,2023-04-03,Equal-Weight,0.04334768313719817,0.2154584794793287,-0.03087516851913951,0.020436908201656667
1985,2023-04-04,Equal-Weight,0.03176624791688809,0.2156775342520002,-0.08454173099831241,0.008640944321296251
1986,2023-04-05,Equal-Weight,0.02599297257275679,0.21566598562578726,-0.11131578008272013,0.0028376930817257673
1987,2023-04-06,Equal-Weight,0.037216219131088635,0.2152395292354639,-0.05939327647816212,0.014248434946434685
1988,2023-04-10,Equal-Weight,0.05018585587288982,0.21525649977227415,0.0008634158461483706,0.027482682755539223
1989,2023-04-11,Equal-Weight,0.04717399414289414,0.2152111022538395,-0.01313132002721968,0.02440323001408684
1990,2023-04-12,Equal-Weight,0.042757912088519756,0.21526038564734348,-0.033643384451353744,0.01987935407028063
1991,2023-04-13,Equal-Weight,0.05859296084511456,0.21523131828378889,0.03992430522487663,0.03616123906772062
1992,2023-04-14,Equal-Weight,0.05663053723936051,0.2152448676799845,0.03080462410475899,0.0341273018831576
1993,2023-04-17,Equal-Weight,0.05138742854777156,0.21507393405927533,0.00645093769191565,0.028758000412298257
1994,2023-04-18,Equal-Weight,0.05903402799269275,0.21498996477155274,0.04202069618594645,0.03667163565042486
1995,2023-04-19,Equal-Weight,0.052078984436307874,0.2150343220127101,0.009668151655273838,0.029478315107945408
1996,2023-04-20,Equal-Weight,0.03165638100807955,0.21457726019502596,-0.08548724583046788,0.008767778795399472
1997,2023-04-21,Equal-Weight,0.023487697949263864,0.21442486081973133,-0.12364378808213493,0.0005943310606753016
1998,2023-04-24,Equal-Weight,0.03509865568857984,0.21410837298119295,-0.06959720492915558,0.012347426213088042
1999,2023-04-25,Equal-Weight,0.040984930500117533,0.21357084701327322,-0.04221114270021222,0.018441936731679265
2000,2023-04-26,Equal-Weight,0.027366060728615693,0.21373012363068594,-0.10589962185440237,0.004633442909195873
2001,2023-04-27,Equal-Weight,0.06958295643028001,0.21314310401410605,0.0918770350129835,0.04808318547559809
2002,2023-04-28,Equal-Weight,0.07747037031181458,0.21335601643837593,0.12875367083800474,0.05633267862263103
2003,2023-05-01,Equal-Weight,0.05228271248939309,0.2121194067469957,0.010761450469809116,0.030330790091969817
2004,2023-05-02,Equal-Weight,0.06964645542163128,0.21048531192812248,0.093338842704332,0.04874122147006754
2005,2023-05-03,Equal-Weight,0.05588613089674377,0.21053360158713968,0.027958154196623577,0.034401879315564265
2006,2023-05-04,Equal-Weight,0.037104016341759194,0.21054071990887765,-0.061251731559682186,0.015156381618000703
2007,2023-05-05,Equal-Weight,0.02336051925310978,0.2090298196074733,-0.12744344704939792,0.0016104603481312818
2008,2023-05-08,Equal-Weight,0.04957790543927143,0.20724047435171905,-0.002036738055386869,0.028601884271073574
2009,2023-05-09,Equal-Weight,0.049780008280185806,0.20723601046171916,-0.001061551606422351,0.028810699590500866
2010,2023-05-10,Equal-Weight,0.07420858652706908,0.20541499250425338,0.11785209167031858,0.0546481260295939
2011,2023-05-11,Equal-Weight,0.0704285606722782,0.205473815540963,0.09942172251240251,0.05065750888135412
2012,2023-05-12,Equal-Weight,0.07944431254114881,0.20529180986821735,0.14342663041477371,0.06020964323745526
2013,2023-05-15,Equal-Weight,0.09228323312054298,0.20571232168393097,0.20554545675445507,0.07381308377315143
2014,2023-05-16,Equal-Weight,0.06317530750136258,0.20494832676719726,0.06428599691047261,0.04317640243785581
2015,2023-05-17,Equal-Weight,0.07896304132461052,0.20544529899379402,0.1409768997707045,0.059665221198275775
2016,2023-05-18,Equal-Weight,0.06333535549398217,0.2041381633181146,0.06532514683793487,0.04351149281720024
2017,2023-05-19,Equal-Weight,0.09573860169441106,0.20126726997803243,0.2272530536107697,0.07850657585293641
2018,2023-05-22,Equal-Weight,0.1028581136666592,0.20104710111123458,0.26291408020558354,0.08625757934893374
2019,2023-05-23,Equal-Weight,0.0955499570494478,0.20124367281339606,0.22634230638239325,0.07830837808870728
2020,2023-05-24,Equal-Weight,0.06425602284832987,0.2008623171796367,0.07097410329873033,0.04517369074604338
2021,2023-05-25,Equal-Weight,0.0710595825579926,0.20086721096810062,0.10484330646347771,0.052305913339932175
2022,2023-05-26,Equal-Weight,0.07966712815991295,0.20144376982084072,0.14727250282447643,0.061279193777999286
2023,2023-05-30,Equal-Weight,0.06039329697472784,0.20071056888363892,0.05178250967318669,0.041176747797589064
2024,2023-05-31,Equal-Weight,0.028148498264182087,0.19995314769612457,-0.1092831095063648,0.008294256901811625
2025,2023-06-01,Equal-Weight,0.04620877367968279,0.2002109925612787,-0.018936154662720774,0.026614937903211455
2026,2023-06-02,Equal-Weight,0.07302090792155813,0.20084863502339806,0.11461819453677784,0.05437439486323692
2027,2023-06-05,Equal-Weight,0.048350497332325326,0.2005062033655587,-0.008226691443891829,0.028755801853443952
2028,2023-06-06,Equal-Weight,0.0667746328764095,0.20023693778556498,0.08377391834853946,0.047938014584288924
2029,2023-06-07,Equal-Weight,0.07363545249038495,0.20037095198623806,0.11795847779376863,0.05512237415866594
2030,2023-06-08,Equal-Weight,0.06495509872924965,0.20008500954964442,0.07474372399467057,0.04606484499138941
2031,2023-06-09,Equal-Weight,0.07890089927827382,0.19955575966929945,0.14482618455196639,0.06086380361360666
2032,2023-06-12,Equal-Weight,0.11062929891082152,0.19870472317629914,0.3051225856218257,0.095238589444121
2033,2023-06-13,Equal-Weight,0.14580220965615098,0.19692110672585406,0.48650046330240826,0.13483309999858317
2034,2023-06-14,Equal-Weight,0.18067668861719688,0.19344652996660053,0.6755183907395953,0.17589453890206985
2035,2023-06-15,Equal-Weight,0.1940673082313774,0.1936907196589313,0.7438007793303911,0.19167894435977106
2036,2023-06-16,Equal-Weight,0.186111760545551,0.1936312240943307,0.7029432426623605,0.18225666491113146
2037,2023-06-20,Equal-Weight,0.20666858417665923,0.19122405202337855,0.8192932976731679,0.20736203873348114
2038,2023-06-21,Equal-Weight,0.20107279021808377,0.19133343387454774,0.7895786280464616,0.20060509754723
2039,2023-06-22,Equal-Weight,0.17751081179895223,0.19002914169162038,0.6710066185842012,0.17295370834995039
2040,2023-06-23,Equal-Weight,0.17421830620218526,0.19012655374013962,0.6533453836856677,0.1690791314368416
2041,2023-06-26,Equal-Weight,0.17722965181097872,0.19014711827094047,0.6691116487481514,0.17259792634222282
2042,2023-06-27,Equal-Weight,0.15869269145230558,0.18797909561878492,0.5782169080796653,0.15153469442667578
2043,2023-06-28,Equal-Weight,0.1585105604634336,0.18798076623819399,0.5772428883811326,0.15132475496647557
2044,2023-06-29,Equal-Weight,0.1779126496557213,0.1876387170040603,0.6816964627452309,0.17394175970749193
2045,2023-06-30,Equal-Weight,0.19407254291464338,0.18763086217852917,0.7678509880616526,0.19305459362408772
2046,2023-07-03,Equal-Weight,0.20508937282537776,0.1874046243771737,0.8275642788474754,0.2063116467517343
2047,2023-07-05,Equal-Weight,0.19503807845976795,0.18761506588729324,0.7730620021043367,0.19420975920369887
2048,2023-07-06,Equal-Weight,0.1902006133960401,0.18783564870572414,0.7464004535991342,0.18840177920134482
2049,2023-07-07,Equal-Weight,0.18866608613600988,0.18784031139303686,0.7382126078670362,0.18657987599289938
2050,2023-07-10,Equal-Weight,0.18381520020854225,0.1875350765962399,0.7135475807368256,0.18090857132534177
2051,2023-07-11,Equal-Weight,0.1945530154475965,0.18767862808983532,0.770215644257608,0.19361588959087594
2052,2023-07-12,Equal-Weight,0.20671991422167013,0.18753406630270697,0.8356877089664426,0.20824834623326827
2053,2023-07-13,Equal-Weight,0.21552490297445814,0.18760945274835644,0.8822844507546181,0.21890790675722527
2054,2023-07-14,Equal-Weight,0.21243657904930557,0.187711573109261,0.8653519671627085,0.21512921296306287
2055,2023-07-17,Equal-Weight,0.21914667830985313,0.1876572212438586,0.9013598154586803,0.22331570253914546
2056,2023-07-18,Equal-Weight,0.20741911386969514,0.1870343409626225,0.8416588796447506,0.20920374451129997
2057,2023-07-19,Equal-Weight,0.21654746317367846,0.18688187258393255,0.8911911084306935,0.22031772372170133
2058,2023-07-20,Equal-Weight,0.18929555313716306,0.18517613094313976,0.7522327657873747,0.1879053907467052
2059,2023-07-21,Equal-Weight,0.18916507002664062,0.18517418713258343,0.7515360114798258,0.18775093958447986
2060,2023-07-24,Equal-Weight,0.1886271416969102,0.18516679682255255,0.7486609050636556,0.18711427639746603
2061,2023-07-25,Equal-Weight,0.198053282305793,0.18497679421048013,0.800388410544769,0.19839057623848344
2062,2023-07-26,Equal-Weight,0.19985816400196565,0.18497838214873033,0.8101387970918323,0.2005534231206183
2063,2023-07-27,Equal-Weight,0.20514854007565975,0.1848561368420144,0.8392934242061763,0.20694376767710265
2064,2023-07-28,Equal-Weight,0.19552274875012532,0.1842558498402033,0.7897863154756312,0.19552098348750913
2065,2023-07-31,Equal-Weight,0.18890788073977027,0.18401311969452533,0.754880309460364,0.18769726711491797
2066,2023-08-01,Equal-Weight,0.17833969249243675,0.1838284476462965,0.6981492480389901,0.17526005404710454
2067,2023-08-02,Equal-Weight,0.1616806134314408,0.1844178858360726,0.6055845013358016,0.15573042706535212
2068,2023-08-03,Equal-Weight,0.17026826815443796,0.1841454333957317,0.6531156702429833,0.1657502133642652
2069,2023-08-04,Equal-Weight,0.15650978322457287,0.18386342269239248,0.5792875040881081,0.14989022429759347
2070,2023-08-07,Equal-Weight,0.16725452920475603,0.1840930198208634,0.6369308804801707,0.16225557150669423
2071,2023-08-08,Equal-Weight,0.16135997386385248,0.1841785860130977,0.6046304094002177,0.15541100478033854
2072,2023-08-09,Equal-Weight,0.1565554378568058,0.18427884894668395,0.5782293435511675,0.14985536733923221
2073,2023-08-10,Equal-Weight,0.16078688101809868,0.18414395657302893,0.6016319138562777,0.15475686830178215
2074,2023-08-11,Equal-Weight,0.1395605280302743,0.18302325818121076,0.48933960044357144,0.1307465286309728
2075,2023-08-14,Equal-Weight,0.1419374506461164,0.18307186845113418,0.5021932174721672,0.13342592297880618
2076,2023-08-15,Equal-Weight,0.11092566886808197,0.18316774382981021,0.3326222597614724,0.09881094957148995
2077,2023-08-16,Equal-Weight,0.10050703286870943,0.18336123298560172,0.2754509884468079,0.08738841156305766
2078,2023-08-17,Equal-Weight,0.09403638324204333,0.18339949887261986,0.2401117969936701,0.0803701366968761
2079,2023-08-18,Equal-Weight,0.10556047415588743,0.1831544457402912,0.30335312872869546,0.09293663323966639
2080,2023-08-21,Equal-Weight,0.10082228430752649,0.1830539476370343,0.27763555478354757,0.08779228571366327
2081,2023-08-22,Equal-Weight,0.11043300645503595,0.18269176399938972,0.33079217766619096,0.09836571131926397
2082,2023-08-23,Equal-Weight,0.13973303929473424,0.18171846668925448,0.4938025338293282,0.13121074720823533
2083,2023-08-24,Equal-Weight,0.1249462633198849,0.18227115030637467,0.4111800643925807,0.11450288673340103
2084,2023-08-25,Equal-Weight,0.1314585355445851,0.18242928242609888,0.44652116404384534,0.12174878378157494
2085,2023-08-28,Equal-Weight,0.1271562304872883,0.1821244134799669,0.42364573212901646,0.11699647914129474
2086,2023-08-29,Equal-Weight,0.1731823440886059,0.17877811143368016,0.6890236343854758,0.17029890607739095
2087,2023-08-30,Equal-Weight,0.18122285562304274,0.17869338641112822,0.7343464593654977,0.17975782795594086
2088,2023-08-31,Equal-Weight,0.1934502660363695,0.1782788622122396,0.8046397887910743,0.19434951538481426
2089,2023-09-01,Equal-Weight,0.21238104791533996,0.17816529116898722,0.911406743984292,0.2171815298838724
2090,2023-09-05,Equal-Weight,0.20422944781967134,0.17840751098853666,0.8644784458070331,0.20725583820896243
2091,2023-09-06,Equal-Weight,0.21046134791789206,0.1781510965192108,0.9007036782430853,0.2148522572652043
2092,2023-09-07,Equal-Weight,0.20901706748874382,0.17820934481997514,0.8923048768816298,0.21308778338161183
2093,2023-09-08,Equal-Weight,0.1940984604344752,0.17761848515984255,0.8112807645262712,0.19526252967419122
2094,2023-09-11,Equal-Weight,0.19030064315335016,0.17755075619804675,0.7902002005378879,0.1907493895000889
2095,2023-09-12,Equal-Weight,0.17189237246383549,0.17703469436273148,0.6885225119438266,0.16915099219003893
2096,2023-09-13,Equal-Weight,0.1623611592488602,0.17683916204065697,0.6353861777688548,0.1581074454598015
2097,2023-09-14,Equal-Weight,0.212026530079242,0.17186824991583696,0.9427368356784083,0.2181138257963624
2098,2023-09-15,Equal-Weight,0.1976710263849435,0.17232774904341686,0.8569196035151527,0.20067086357643893
2099,2023-09-18,Equal-Weight,0.20984102853191255,0.17187848905582914,0.9299652877446077,0.2154545880339409
2100,2023-09-19,Equal-Weight,0.21804331958403467,0.17151610270451434,0.9797524368515852,0.22553302651709095
2101,2023-09-20,Equal-Weight,0.20679431318671238,0.1715426019628242,0.9140255038261109,0.21183010542819924
2102,2023-09-21,Equal-Weight,0.20579696974955963,0.17162865979480463,0.9077561401215101,0.21060504256824775
2103,2023-09-22,Equal-Weight,0.21848726328998447,0.17100209037653602,0.9852935886279867,0.22618497726167064
2104,2023-09-25,Equal-Weight,0.2292086649975098,0.1707414829483745,1.0495906554337207,0.23944556401525507
2105,2023-09-26,Equal-Weight,0.23533508894186195,0.17012727693401375,1.0893907918936878,0.24718726894055143
2106,2023-09-27,Equal-Weight,0.24903963594763004,0.16949076877549527,1.174339094604466,0.2645176409470047
2107,2023-09-28,Equal-Weight,0.263801081774222,0.16980256847085626,1.2591157112615605,0.28323604935128843
2108,2023-09-29,Equal-Weight,0.24433111034391197,0.16892499955334417,1.150398761922417,0.25870160418079013
2109,2023-10-02,Equal-Weight,0.25427901709280776,0.16820431787140122,1.214469519438776,0.2714285646780721
2110,2023-10-03,Equal-Weight,0.2559852184926211,0.16806667481511456,1.2256160759961467,0.27362723164146785
2111,2023-10-04,Equal-Weight,0.2295507874072552,0.1654443330917131,1.0852640525784722,0.24096107879765327
2112,2023-10-05,Equal-Weight,0.19207395541303962,0.162241312488848,0.8756953037026584,0.19596226213311585
2113,2023-10-06,Equal-Weight,0.20059986967070886,0.16240254100825544,0.927324589478273,0.20616328405454487
2114,2023-10-09,Equal-Weight,0.21417944491760688,0.1621234178872472,1.0126818633430834,0.22269603912925207
2115,2023-10-10,Equal-Weight,0.2427873201021693,0.16080378374514262,1.1988979090673468,0.258418361800441
2116,2023-10-11,Equal-Weight,0.25412516311780997,0.16058502133421484,1.271134514426336,0.2727978584509694
2117,2023-10-12,Equal-Weight,0.2527732973873532,0.16064155259320495,1.2622717728633956,0.2710685461374436
2118,2023-10-13,Equal-Weight,0.25169683957885935,0.16069327832873345,1.2551666234989873,0.26969182688076354
2119,2023-10-16,Equal-Weight,0.23300155963778468,0.15875884004955754,1.1527015414112352,0.24657348246265864
2120,2023-10-17,Equal-Weight,0.25535768169300177,0.15748730365360183,1.3039634112010217,0.2749866226819524
2121,2023-10-18,Equal-Weight,0.22471278893386815,0.15711229388217726,1.1120249384487377,0.2366128986799203
2122,2023-10-19,Equal-Weight,0.19997850869685052,0.15697744434450056,0.955414386589896,0.20645033224606646
2123,2023-10-20,Equal-Weight,0.19504992775952767,0.15724749387392256,0.9224307757542094,0.20047240356600682
2124,2023-10-23,Equal-Weight,0.19114585371643678,0.15740374348160838,0.8967121784681619,0.19576895798376315
2125,2023-10-24,Equal-Weight,0.17408999392140712,0.15560264165369544,0.7974799952148504,0.1758853725647993
2126,2023-10-25,Equal-Weight,0.14977493922835017,0.1559695484207304,0.6397078162924832,0.1475895919393031
2127,2023-10-26,Equal-Weight,0.1292822461324692,0.15566882443218696,0.5093007313548925,0.12437596810715013
2128,2023-10-27,Equal-Weight,0.11796229804667224,0.15577576909118726,0.4362828599285477,0.11170744505559771
2129,2023-10-30,Equal-Weight,0.1282601986427344,0.1561884368133683,0.5010626922161248,0.12313780413552888
2130,2023-10-31,Equal-Weight,0.10693750456902917,0.1535725479248821,0.3707531413549209,0.0998882119207638
2131,2023-11-01,Equal-Weight,0.11864548906831329,0.15352766008905988,0.4471213137000376,0.11284332311500189
2132,2023-11-02,Equal-Weight,0.13384728622385889,0.15474000778492084,0.5418591314820242,0.12967397282743565
2133,2023-11-03,Equal-Weight,0.16340604089385646,0.15385481189221392,0.7370977839374003,0.16370524418080046
2134,2023-11-06,Equal-Weight,0.1689683325306952,0.15372109659217237,0.773923262116211,0.1702159000010528
2135,2023-11-07,Equal-Weight,0.1463886048189842,0.15220998023964566,0.6332607406375456,0.14436437136070235
2136,2023-11-08,Equal-Weight,0.13323144736733983,0.15174656467241854,0.5484898293876697,0.12949315954419238
2137,2023-11-09,Equal-Weight,0.11717205054546331,0.15164671296083448,0.4429509168643287,0.11152427388133246
2138,2023-11-10,Equal-Weight,0.15193101193066372,0.1513369961666652,0.6735366401643692,0.1508755038344427
2139,2023-11-13,Equal-Weight,0.1043018865412273,0.14397027847309246,0.3771742828946193,0.09852445715394786
2140,2023-11-14,Equal-Weight,0.11652638571533935,0.14515478051984806,0.45831343257925095,0.11184311909973066
2141,2023-11-15,Equal-Weight,0.1255970572553018,0.14506067873640327,0.521140931600581,0.12198461222024726
2142,2023-11-16,Equal-Weight,0.11920465281897441,0.14498399702227477,0.47732614799095435,0.11485105863813594
2143,2023-11-17,Equal-Weight,0.13621897747090583,0.14453315015100873,0.5965342717627337,0.13404640412218805
2144,2023-11-20,Equal-Weight,0.14026099268434777,0.14463170091561942,0.6240747506454866,0.1386209107804992
2145,2023-11-21,Equal-Weight,0.12881677279110815,0.14463006686396085,0.5449542719581486,0.12567156012328495
2146,2023-11-22,Equal-Weight,0.13582421732427352,0.1446890858301613,0.5931630352894451,0.1335735890617782
2147,2023-11-24,Equal-Weight,0.12153500207668022,0.14381980057494365,0.497393278190535,0.11763701049010278
2148,2023-11-27,Equal-Weight,0.1166200600795867,0.1438261189412848,0.4631986218496481,0.11215893136079202
2149,2023-11-28,Equal-Weight,0.1155752784802454,0.1438283404320459,0.4559273803984934,0.1109977560236306
2150,2023-11-29,Equal-Weight,0.1354143967320317,0.14261573124904403,0.5989128687555234,0.13344620610726676
2151,2023-11-30,Equal-Weight,0.14007481913617925,0.14279647440881818,0.6307916179940141,0.138708919848332
2152,2023-12-01,Equal-Weight,0.12524838363465862,0.1412218332482242,0.5328381731342864,0.1222048890885139
2153,2023-12-04,Equal-Weight,0.12435694356829885,0.1412370269183057,0.5264691928930817,0.12120305142275445
2154,2023-12-05,Equal-Weight,0.1166158067335461,0.14142521434009234,0.47103203657412684,0.11253169967835008
2155,2023-12-06,Equal-Weight,0.12898268927135192,0.1405666439541391,0.5618878494183912,0.12650609616578712
2156,2023-12-07,Equal-Weight,0.14718025133951318,0.14011230654268694,0.6935882631402261,0.14725560102669144
2157,2023-12-08,Equal-Weight,0.1509350019550565,0.14016400236006854,0.7201207175560218,0.1515605221835601
2158,2023-12-11,Equal-Weight,0.15721978729396702,0.14053590840157792,0.7629351709001595,0.1587565180454542
2159,2023-12-12,Equal-Weight,0.1680757319671662,0.14029398173191426,0.8416307706826326,0.1714360743080987
2160,2023-12-13,Equal-Weight,0.16466973022305265,0.1399695154549851,0.8192478901588468,0.16750767818958523
2161,2023-12-14,Equal-Weight,0.17470296834029808,0.14077811548654307,0.885812172647093,0.1791410014619801
2162,2023-12-15,Equal-Weight,0.1783720326881817,0.14065718896769197,0.9126588810022921,0.1834923809514588
2163,2023-12-18,Equal-Weight,0.20698133531247076,0.1377136975743645,1.1399108300588754,0.21831958891355274
2164,2023-12-19,Equal-Weight,0.21989111002780193,0.1376996328527116,1.2337804139937212,0.23413889762190432
2165,2023-12-20,Equal-Weight,0.20599332917826918,0.13916526613822036,1.1209214303757018,0.21687059664324226
2166,2023-12-21,Equal-Weight,0.21939747643099117,0.13996683506529242,1.210268677947671,0.23314176528320263
2167,2023-12-22,Equal-Weight,0.2094641213086279,0.13935523937770222,1.1442994323049704,0.22106620558437706
2168,2023-12-26,Equal-Weight,0.23055923965538327,0.13883464328842696,1.300534473087341,0.24716648654349194
2169,2023-12-27,Equal-Weight,0.22590358108268815,0.1387459289110514,1.2678107564183607,0.2413939764845352
2170,2023-12-28,Equal-Weight,0.22432756486317196,0.13873730295551895,1.2565298672345082,0.23944227706188892
2171,2023-12-29,Equal-Weight,0.23455689081360043,0.13810033506939404,1.3363971254730298,0.25228518598775485
2172,2024-01-02,Equal-Weight,0.2129334183810475,0.13768509420887368,1.1833773243011414,0.22558917500038467
2173,2024-01-03,Equal-Weight,0.2053213158203231,0.1380224941578911,1.1253333506829906,0.21624631658325
2174,2024-01-04,Equal-Weight,0.20382627468868086,0.1380391875409831,1.114366705780637,0.21442802233045533
2175,2024-01-05,Equal-Weight,0.1894888571973129,0.13708490473403062,1.0175362303234363,0.19730846997997253
2176,2024-01-08,Equal-Weight,0.2019876811801682,0.1371722866332028,1.108005741615882,0.21234133300353175
2177,2024-01-09,Equal-Weight,0.16903450772865836,0.1344531110774511,0.8853235657752023,0.17349315726070902
2178,2024-01-10,Equal-Weight,0.1704511035197166,0.1344387320695649,0.8959553669205208,0.17515784326586625
2179,2024-01-11,Equal-Weight,0.160114600574628,0.13424107090853496,0.8202750457023282,0.16311180121523328
2180,2024-01-12,Equal-Weight,0.15116553851424297,0.134023855624531,0.7548323247591019,0.15278908086743082
2181,2024-01-16,Equal-Weight,0.14248622187878113,0.1341596748018518,0.6893742252683556,0.14281191752816502
2182,2024-01-17,Equal-Weight,0.13495557229217392,0.13434091633825784,0.6323879173063235,0.1342152371449612
2183,2024-01-18,Equal-Weight,0.14983070594050585,0.13434959611771372,0.7430666620913152,0.1512022575734917
2184,2024-01-19,Equal-Weight,0.17792121352672863,0.13417575166888004,0.9533854808759603,0.18400667646574087
2185,2024-01-22,Equal-Weight,0.19329660265157955,0.13351203612493676,1.0732860258193253,0.202445522279588
2186,2024-01-23,Equal-Weight,0.17650652569974612,0.13248516616074768,0.9548731330891225,0.18259834820388798
2187,2024-01-24,Equal-Weight,0.15356816851306476,0.1317267362669991,0.7862349850006207,0.15591114807560147
2188,2024-01-25,Equal-Weight,0.16764185348517857,0.1321298687641489,0.8903501879288827,0.1722220649782189
2189,2024-01-26,Equal-Weight,0.16299918888218234,0.132194907605023,0.8547922982011201,0.16678599156025187
2190,2024-01-29,Equal-Weight,0.16387400305961874,0.13221630983565374,0.8612704680773902,0.1678032206339648
2191,2024-01-30,Equal-Weight,0.16634256557801808,0.13220339632275258,0.8800270553865883,0.17068967580199224
2192,2024-01-31,Equal-Weight,0.16820059616675576,0.13206564111780889,0.8950139882432794,0.1728868752863475
2193,2024-02-01,Equal-Weight,0.1645004401201008,0.1317026346315694,0.8693861018073726,0.16861282034556768
2194,2024-02-02,Equal-Weight,0.15365574173412,0.13136588347592945,0.7890613528520374,0.1560665578452245
2195,2024-02-05,Equal-Weight,0.13885055724461348,0.13128320697616266,0.6767853961759651,0.13909862764895697
2196,2024-02-06,Equal-Weight,0.14726411835599362,0.1311037703259796,0.7418865080245499,0.14874448750340097
2197,2024-02-07,Equal-Weight,0.1589040773678846,0.13080600847902696,0.8325617350012323,0.16223112577721888
2198,2024-02-08,Equal-Weight,0.14809991093366015,0.1304181387441868,0.7521952995057047,0.14980689772522848
2199,2024-02-09,Equal-Weight,0.16329268251451434,0.12999043044939573,0.8715463293939802,0.16746333070149855
2200,2024-02-12,Equal-Weight,0.176625484276989,0.12976305168219382,0.9758207951760481,0.18315755063872818
2201,2024-02-13,Equal-Weight,0.1554044921648916,0.1307393361940253,0.8062186579291238,0.15818216262759366
2202,2024-02-14,Equal-Weight,0.15297444825585682,0.13057118014103458,0.788646071396693,0.15539788890133344
2203,2024-02-15,Equal-Weight,0.16057837996443813,0.13071257064670216,0.8459659190952342,0.16419014003280652
2204,2024-02-16,Equal-Weight,0.15412164863562072,0.1307392923292287,0.7964067020756145,0.15669810492309488
2205,2024-02-20,Equal-Weight,0.1631347462520406,0.13023021524713477,0.8687288586396598,0.16724181567866103
2206,2024-02-21,Equal-Weight,0.16862817412605557,0.13024315326704627,0.9108208082372228,0.1736654273208651
2207,2024-02-22,Equal-Weight,0.20104800547029744,0.12874038451949857,1.173276016178282,0.2125497248737922
2208,2024-02-23,Equal-Weight,0.20689784275699974,0.1287124176042481,1.2189798441935364,0.21966235009084434
2209,2024-02-26,Equal-Weight,0.20394802111660237,0.1286964609564007,1.1962102141158049,0.2160752658596754
2210,2024-02-27,Equal-Weight,0.214163923637664,0.1283437502081691,1.2790955802007955,0.22860757825049194
2211,2024-02-28,Equal-Weight,0.21362005875888745,0.12834117217951585,1.2748836244851,0.22794053350172794
2212,2024-02-29,Equal-Weight,0.22270909346862366,0.1283573662940426,1.345533166152534,0.23913997702297163
2213,2024-03-01,Equal-Weight,0.2405147171106906,0.12934328614883492,1.4729385867888491,0.26122301327283903
2214,2024-03-04,Equal-Weight,0.2355588541499526,0.12920771547567553,1.4361282796992543,0.2550156742002707
2215,2024-03-05,Equal-Weight,0.21838112137054255,0.1289579052207811,1.3057060835647674,0.23369948731035906
2216,2024-03-06,Equal-Weight,0.22707423423779638,0.12897891500494815,1.3728928812201833,0.24445809009470754
2217,2024-03-07,Equal-Weight,0.2530149204429887,0.1278828153495267,1.5875074370869335,0.2773126104851147
2218,2024-03-08,Equal-Weight,0.2436184868791471,0.1279642735310969,1.5130667453998043,0.265365135191177
2219,2024-03-11,Equal-Weight,0.2606285722234033,0.1267489472465046,1.6617776857252113,0.2872517153497698
2220,2024-03-12,Equal-Weight,0.27825287195711423,0.12595298204021488,1.812206970091717,0.31024738079593184
2221,2024-03-13,Equal-Weight,0.28594157546429444,0.12566813756254283,1.8774971925311654,0.3203962546736936
2222,2024-03-14,Equal-Weight,0.26324299131816165,0.12529672630388988,1.7019039332358155,0.2908530341875115
2223,2024-03-15,Equal-Weight,0.2702295431060774,0.12460590883013481,1.7674085055332214,0.30000657563514466
2224,2024-03-18,Equal-Weight,0.2558032256260182,0.12381500554870374,1.6621832282280493,0.2815301447347687
2225,2024-03-19,Equal-Weight,0.2700470971192822,0.12337419587541888,1.7835747220713962,0.2999663991161423
2226,2024-03-20,Equal-Weight,0.26939166791173486,0.12331716056051835,1.7790846538675176,0.29912454035931546
2227,2024-03-21,Equal-Weight,0.27263709419505766,0.12359014327141271,1.8014146460380003,0.30329985359939693
2228,2024-03-22,Equal-Weight,0.28456937585140774,0.12246067332746746,1.9154669779101625,0.31911144600710384
2229,2024-03-25,Equal-Weight,0.2791504199448007,0.12242506281098306,1.8717606892192917,0.31199617870998764
2230,2024-03-26,Equal-Weight,0.2792334181170748,0.12242614266207702,1.8724221243318044,0.3121047838753479
2231,2024-03-27,Equal-Weight,0.2866540623090803,0.12294476528399598,1.9248811591320851,0.3217838289185664
2232,2024-03-28,Equal-Weight,0.28945307617351324,0.12298152061151552,1.947065502059598,0.3254785255089965
2233,2024-04-01,Equal-Weight,0.27255778116953344,0.12173752066352057,1.8281773766748342,0.30349172918180045
2234,2024-04-02,Equal-Weight,0.26025598700674657,0.12183847334213696,1.7256945301368205,0.2875554479742233
2235,2024-04-03,Equal-Weight,0.25274721750646634,0.12141804326438248,1.6698277459882396,0.2779979319870838
2236,2024-04-04,Equal-Weight,0.2371955066249677,0.12189349640787574,1.5357300605979884,0.2582226127671625
2237,2024-04-05,Equal-Weight,0.2572837422264077,0.12178758821441178,1.7020104040608526,0.2837457312956553
2238,2024-04-08,Equal-Weight,0.2593119961075915,0.12174823560254122,1.7192199547836615,0.2863556067392674
2239,2024-04-09,Equal-Weight,0.26388701213404364,0.12170417158452941,1.7574336963913255,0.2922549639559793
2240,2024-04-10,Equal-Weight,0.24489473895134417,0.12226173017692016,1.594078037905399,0.26788122829971384
2241,2024-04-11,Equal-Weight,0.24454641659165322,0.12225951827157773,1.5912578369522365,0.26744044259632616
2242,2024-04-12,Equal-Weight,0.23095088680444453,0.12361003520331422,1.4638850843041658,0.250132380327706
2243,2024-04-15,Equal-Weight,0.21965337751834935,0.12350150261342636,1.3736948452310218,0.2361172659276738
2244,2024-04-16,Equal-Weight,0.22233708273013708,0.12346292674436768,1.3958609865693876,0.23944206385445121
2245,2024-04-17,Equal-Weight,0.21190586092689467,0.12358990738794469,1.3100249393235441,0.2265721063288706
2246,2024-04-18,Equal-Weight,0.20641042532562204,0.12367413071738347,1.2646979964067555,0.21984293356257356
2247,2024-04-19,Equal-Weight,0.20854746935210322,0.1235981607748045,1.2827656039394977,0.22246189883848588
2248,2024-04-22,Equal-Weight,0.22209536429440846,0.12367106393906933,1.3915572391226212,0.2391112069956267
2249,2024-04-23,Equal-Weight,0.23653901112577247,0.12441025058957172,1.4993861859595714,0.25700829408947556
2250,2024-04-24,Equal-Weight,0.24044611894905088,0.12444529584912185,1.5303601285174233,0.2619190479254867
2251,2024-04-25,Equal-Weight,0.25946201508422706,0.123236681360098,1.6996726362030017,0.28631458115353414
2252,2024-04-26,Equal-Weight,0.27150566613832217,0.12282446025606182,1.8034328477937691,0.30194976414421704
2253,2024-04-29,Equal-Weight,0.25657811081118154,0.12161869366890653,1.6985720252313157,0.282864943833681
2254,2024-04-30,Equal-Weight,0.23333395907632126,0.1221213597308111,1.5012440041647055,0.25334017134554476
2255,2024-05-01,Equal-Weight,0.23048783904317838,0.12222138557334443,1.4767287917454393,0.2497661050751625
2256,2024-05-02,Equal-Weight,0.24783100288765214,0.12177031598772224,1.624624205685718,0.2716794839451875
2257,2024-05-03,Equal-Weight,0.26118262378323953,0.12158291606904953,1.7369432368549578,0.28878447721719414
2258,2024-05-06,Equal-Weight,0.2807195110894868,0.12148724517659235,1.8991253835257833,0.3141993172482971
2259,2024-05-07,Equal-Weight,0.26629903382517506,0.12053922532436578,1.7944286039927984,0.29555041329328446
2260,2024-05-08,Equal-Weight,0.2692558261572182,0.12052741040331104,1.819136621483365,0.29938452030241613
2261,2024-05-09,Equal-Weight,0.2785341548732737,0.12047262541345137,1.8969799495027584,0.31149222749849237
2262,2024-05-10,Equal-Weight,0.28437196136127707,0.12042118643404413,1.946268495615968,0.3191704181620447
2263,2024-05-13,Equal-Weight,0.28783734483817613,0.12030006801538978,1.9770341676594065,0.3237638399874596
2264,2024-05-14,Equal-Weight,0.29119918373920695,0.12033394359279356,2.0044151844255826,0.32821111650902823
2265,2024-05-15,Equal-Weight,0.2899694082484019,0.12021387524880534,1.9961872766495536,0.32659941540630744
2266,2024-05-16,Equal-Weight,0.2952591593667405,0.11988678181345623,2.045756468368328,0.33367965165359736
2267,2024-05-17,Equal-Weight,0.2821143407717567,0.11912574411777221,1.948481770172866,0.3164011057946188
2268,2024-05-20,Equal-Weight,0.27492030938164824,0.1188326864082447,1.8927478304154801,0.3070202721471429
2269,2024-05-21,Equal-Weight,0.27517948837464634,0.11882757850692269,1.8950103267612055,0.3073594893214191
2270,2024-05-22,Equal-Weight,0.27700918838181343,0.11879011462131428,1.911010769755429,0.30975694066355497
2271,2024-05-23,Equal-Weight,0.2765300269094968,0.11883055316947237,1.9063281358829227,0.3091238800905727
2272,2024-05-24,Equal-Weight,0.2960858416923159,0.11812663264999573,2.0832375914875856,0.3350591578276392
2273,2024-05-28,Equal-Weight,0.28990755731360474,0.11814961198799813,2.0305403739961077,0.3268421238651671
2274,2024-05-29,Equal-Weight,0.26425698810799714,0.11725286129808334,1.8273071184447034,0.293410419615598
2275,2024-05-30,Equal-Weight,0.2653145476781885,0.1172323752672519,1.8366474891201428,0.2947806626003395
2276,2024-05-31,Equal-Weight,0.2800478429483564,0.11660294680327395,1.9729162019934232,0.31407428800050563
2277,2024-06-03,Equal-Weight,0.26025924891732743,0.11642278620810156,1.8059973976356876,0.28837953061678157
2278,2024-06-04,Equal-Weight,0.24050711464821783,0.11513422297253989,1.6546523677295741,0.2633908931929114
2279,2024-06-05,Equal-Weight,0.2600046350708396,0.11503823913998826,1.8255202499691272,0.28825562191047505
2280,2024-06-06,Equal-Weight,0.251419145688341,0.11494707137359404,1.7522773158239122,0.277267003562528
2281,2024-06-07,Equal-Weight,0.2424159354560873,0.11477987562587826,1.6763908691037581,0.2658543059259717
2282,2024-06-10,Equal-Weight,0.24671009344646475,0.11491805504980038,1.711742278976261,0.27127650491239397
2283,2024-06-11,Equal-Weight,0.24274348851575434,0.1150306022361592,1.6755844511710862,0.26623236594953004
2284,2024-06-12,Equal-Weight,0.23610213670308922,0.1146445124022195,1.6232973807779596,0.2579137132367233
2285,2024-06-13,Equal-Weight,0.22600666377318024,0.11445521648655468,1.5377775620550782,0.2453165663154322
2286,2024-06-14,Equal-Weight,0.2249743402439418,0.11447961930986547,1.528432233604249,0.24402934372012486
2287,2024-06-17,Equal-Weight,0.22621483329687375,0.11459574665028802,1.537708322060406,0.24555583121177738
2288,2024-06-18,Equal-Weight,0.23601983399995052,0.11478495949174976,1.6205941512164825,0.2577902954173352
2289,2024-06-20,Equal-Weight,0.24287814055545287,0.11424941216714023,1.6882199820274209,0.26651595566569264
2290,2024-06-21,Equal-Weight,0.2468408296412193,0.11408551199367185,1.7253797279021525,0.2715636018450165
2291,2024-06-24,Equal-Weight,0.24630951335214357,0.11409374347476191,1.7205984077082035,0.27088765032800244
2292,2024-06-25,Equal-Weight,0.248919858111421,0.11395061593193881,1.7456672479088062,0.27422697684408015
2293,2024-06-26,Equal-Weight,0.24259554405745387,0.11398633348885671,1.6896371535301817,0.2661964423065346
2294,2024-06-27,Equal-Weight,0.22632053373613625,0.11336038662814747,1.5553981331637037,0.24586202075441865
2295,2024-06-28,Equal-Weight,0.2298334629405715,0.11335018985559144,1.58652987850907,0.25024381249531147
2296,2024-07-01,Equal-Weight,0.22336412973244968,0.11318178079048072,1.5317317727433273,0.24221235667141938
2297,2024-07-02,Equal-Weight,0.220502845524856,0.11301882207031981,1.508623452284522,0.23868878488603373
2298,2024-07-03,Equal-Weight,0.21963781233232538,0.11300991496319626,1.5010878681536133,0.23761991261851279
2299,2024-07-05,Equal-Weight,0.22552676997226206,0.11269133254979533,1.5575889112385943,0.24496803234352882
2300,2024-07-08,Equal-Weight,0.24042667933219908,0.11220509634064275,1.6971303937397275,0.2637087321445548
2301,2024-07-09,Equal-Weight,0.2409035036279319,0.11219954702855697,1.7014641207004448,0.26431165129245304
2302,2024-07-10,Equal-Weight,0.2420108800243752,0.11229534857414998,1.7098738501852382,0.2656977528271407
2303,2024-07-11,Equal-Weight,0.23168647914261453,0.112062895250061,1.6212902472062058,0.2527418328451141
2304,2024-07-12,Equal-Weight,0.23271306096458555,0.11210198854549482,1.6298824252384636,0.25402191042633393
2305,2024-07-15,Equal-Weight,0.23076205369155578,0.11201555443039689,1.613722796005763,0.2515919253129011
2306,2024-07-16,Equal-Weight,0.24940473798049764,0.11226473432817023,1.7762010409929918,0.2750865001373066
2307,2024-07-17,Equal-Weight,0.23617097829869893,0.11284117560242334,1.6498496874460142,0.2582577016653056
2308,2024-07-18,Equal-Weight,0.22294612009088088,0.11315019937988802,1.5284650052646869,0.24169845457778605
2309,2024-07-19,Equal-Weight,0.20868853409327925,0.1138677730087435,1.3936211265069192,0.22403536989296846
2310,2024-07-22,Equal-Weight,0.22096161516109392,0.11430638174107986,1.4956436601094258,0.23907645131919852
2311,2024-07-23,Equal-Weight,0.21069848766774435,0.11453644492469811,1.403033661236783,0.226403162740068
2312,2024-07-24,Equal-Weight,0.19534649332412213,0.11526981157225102,1.2609241859740448,0.20763201370701823
2313,2024-07-25,Equal-Weight,0.19413552182924587,0.11526573662816449,1.250462852583959,0.20617218179139085
2314,2024-07-26,Equal-Weight,0.2095349633948803,0.11643385043962806,1.370176823943485,0.2247121858119272
2315,2024-07-29,Equal-Weight,0.2084167262295189,0.11645501883063175,1.3603254528678996,0.22334156079477996
2316,2024-07-30,Equal-Weight,0.19663074639444433,0.11637887769435722,1.25994294926556,0.20902984345679965
2317,2024-07-31,Equal-Weight,0.20846519321203583,0.11732438142236559,1.3506586720586584,0.22327840889192307
2318,2024-08-01,Equal-Weight,0.18938200909458391,0.11921732779020126,1.1691422017097086,0.19990270433567936
2319,2024-08-02,Equal-Weight,0.17565994264191487,0.12170243636344273,1.0325178886859236,0.18320133953724116
2320,2024-08-05,Equal-Weight,0.1547789169582401,0.12374668243047297,0.8467210182956628,0.1584733470069355
2321,2024-08-06,Equal-Weight,0.16548923134538396,0.12394164701104174,0.9318032649275285,0.17091173657866032
2322,2024-08-07,Equal-Weight,0.14736825472987924,0.12390505764758282,0.7858295422194878,0.14990230583722441
2323,2024-08-08,Equal-Weight,0.17809953799091705,0.12631258120966943,1.014147100503642,0.18541634367908189
2324,2024-08-09,Equal-Weight,0.18469134745112192,0.12615400419895845,1.06767397758298,0.1932743935885921
2325,2024-08-12,Equal-Weight,0.18521433825481715,0.1261391186965392,1.0719461151469654,0.19390040809937426
2326,2024-08-13,Equal-Weight,0.19834701146171385,0.12670671590907612,1.170790438355033,0.20958520490305488
2327,2024-08-14,Equal-Weight,0.1989502299103687,0.12673055940055217,1.1753300120737866,0.21031087551287464
2328,2024-08-15,Equal-Weight,0.23162033868627518,0.12670795900337403,1.4333775093120942,0.25047717487454
2329,2024-08-16,Equal-Weight,0.2422931077068018,0.12638757764525896,1.5214557576736267,0.2639332971776467
2330,2024-08-19,Equal-Weight,0.253030651735061,0.12642650884001466,1.6059183599855977,0.2775583762237199
2331,2024-08-20,Equal-Weight,0.24656902991307994,0.12652631608558082,1.553582179537442,0.26932202519668147
2332,2024-08-21,Equal-Weight,0.25049325512881404,0.12661610503878967,1.583473564183574,0.27429364154162195
2333,2024-08-22,Equal-Weight,0.24637222144184012,0.12676914176271034,1.549053805297622,0.26903360929871445
2334,2024-08-23,Equal-Weight,0.2491512300688975,0.12697858766747103,1.5683843530409296,0.27252839966810205
2335,2024-08-26,Equal-Weight,0.26214731350827725,0.1261373008720773,1.68187611469051,0.28929504290515684
2336,2024-08-27,Equal-Weight,0.2568986424115136,0.12594828845646114,1.642726907583473,0.2825828307163394
2337,2024-08-28,Equal-Weight,0.24271187087555057,0.12559240535562918,1.5344229639512437,0.26458913946080687
2338,2024-08-29,Equal-Weight,0.2377471803806056,0.12531007589454535,1.4982608464670006,0.25837633755687595
2339,2024-08-30,Equal-Weight,0.2462834352711819,0.12573034566543684,1.56114607203486,0.2690876579377506
2340,2024-09-03,Equal-Weight,0.22237121566133533,0.12801162824625778,1.3465277961291329,0.23876612861801472
2341,2024-09-04,Equal-Weight,0.2147476762074798,0.1277406937938208,1.289703940964889,0.22940848932115032
2342,2024-09-05,Equal-Weight,0.21625298584883912,0.12763857055306346,1.3025293618414695,0.23127504371924257
2343,2024-09-06,Equal-Weight,0.2048619263944078,0.1285224272316154,1.2049408786477784,0.21720212554363627
2344,2024-09-09,Equal-Weight,0.22543574616430095,0.1289052888673988,1.3609662389009245,0.242422359574874
2345,2024-09-10,Equal-Weight,0.22201978296209357,0.12896478720453866,1.3338507874189682,0.238179813356999
2346,2024-09-11,Equal-Weight,0.2239479885689788,0.1289962681325882,1.348473030166944,0.24056246992985675
2347,2024-09-12,Equal-Weight,0.23247985597696597,0.12898467133450292,1.4147406361468418,0.2511843322430325
2348,2024-09-13,Equal-Weight,0.24168465178008303,0.12921192693476072,1.4834903892182096,0.26270683950868867
2349,2024-09-16,Equal-Weight,0.23994927074145944,0.12912599545233602,1.471038190846513,0.2605333714807543
2350,2024-09-17,Equal-Weight,0.25466635523926173,0.12849803450379782,1.5927586443605308,0.2793072483054686
2351,2024-09-18,Equal-Weight,0.24990548674403698,0.1286027424960601,1.5544418638674156,0.27322007714691443
2352,2024-09-19,Equal-Weight,0.26514124387691174,0.12907650278885668,1.6667731091912192,0.2926692248041338
2353,2024-09-20,Equal-Weight,0.2664657199414606,0.12901903981185625,1.6777812038992437,0.294390256145753
2354,2024-09-23,Equal-Weight,0.2844001313660408,0.12810128434509865,1.8298031324539903,0.31794419397186235
2355,2024-09-24,Equal-Weight,0.2879992922384398,0.1280850891178456,1.8581342596363175,0.322693566698917
2356,2024-09-25,Equal-Weight,0.28170566660941276,0.12819185486924192,1.8074913327820779,0.31438657336009834
2357,2024-09-26,Equal-Weight,0.3105098957194514,0.12823535901452235,2.031498158709481,0.3527464559753195
2358,2024-09-27,Equal-Weight,0.30859579633677814,0.12826873714422016,2.0160469502870644,0.35015705566365485
2359,2024-09-30,Equal-Weight,0.2945978278553072,0.1278548324545544,1.9130902067565474,0.3314811026924631
2360,2024-10-01,Equal-Weight,0.29037301730415144,0.12800060249771011,1.877905358363072,0.3258495210142949
2361,2024-10-02,Equal-Weight,0.2971666136256357,0.12778893478013478,1.9341785268880618,0.33491300140816516
2362,2024-10-03,Equal-Weight,0.30468904572340205,0.12725132113353643,2.0014648449593193,0.3450731032178209
2363,2024-10-04,Equal-Weight,0.3090625802191628,0.12743034957619237,2.0329739428695963,0.350931088899495
2364,2024-10-07,Equal-Weight,0.3083924539842321,0.12745946122487117,2.0272520494054307,0.3500222004961251
2365,2024-10-08,Equal-Weight,0.3022862152186855,0.12727488643265233,1.9822152059211073,0.34184487456559665
2366,2024-10-09,Equal-Weight,0.30609248045590787,0.12742452641262902,2.009758149907682,0.3469304710809422
2367,2024-10-10,Equal-Weight,0.29533312257238886,0.1273211337041295,1.926884527611081,0.3325504152704666
2368,2024-10-11,Equal-Weight,0.3021533042771233,0.12763220464449607,1.97562445136371,0.3416063524873152
2369,2024-10-14,Equal-Weight,0.31863832795289593,0.1277165760419329,2.1033943774431796,0.3638643241089512
2370,2024-10-15,Equal-Weight,0.3147648984424103,0.1280334778309906,2.0679349098984154,0.35854303473197446
2371,2024-10-16,Equal-Weight,0.3140708153191578,0.12799819921146025,2.063082269484885,0.3576076468107101
2372,2024-10-17,Equal-Weight,0.31161925305805505,0.12798431461953313,2.0441509089280725,0.3542899680138276
2373,2024-10-18,Equal-Weight,0.3247568398850107,0.1272456722246511,2.1592627480479645,0.37230642255839785
2374,2024-10-21,Equal-Weight,0.32726430337818735,0.1270335738748227,2.182606494653139,0.37578454832498553
2375,2024-10-22,Equal-Weight,0.3314691496242055,0.12671882364893122,2.2212102473741635,0.38162944991005476
2376,2024-10-23,Equal-Weight,0.33594704639428097,0.1264864921105278,2.2606923602910234,0.3878627274175295
2377,2024-10-24,Equal-Weight,0.32104451850768456,0.1264979527630475,2.142679091537534,0.36735759634681475
2378,2024-10-25,Equal-Weight,0.3298440545530251,0.1257450702898192,2.2254872807978567,0.3795587728736882
2379,2024-10-28,Equal-Weight,0.33988077658657634,0.12544616069777229,2.310798313588597,0.3935084596398595
2380,2024-10-29,Equal-Weight,0.34377860976715424,0.12525752595701534,2.345396873541717,0.3989764015806103
2381,2024-10-30,Equal-Weight,0.3303724580547781,0.12484608413527029,2.2457449105972405,0.3804413989746045
2382,2024-10-31,Equal-Weight,0.31190490784480296,0.1251097603781202,2.093401082803178,0.35516867930064366
2383,2024-11-01,Equal-Weight,0.3118902864523031,0.12510923586874634,2.093292990191831,0.35514897744771057
2384,2024-11-04,Equal-Weight,0.2900111383445344,0.12365908146123739,1.9409099235446703,0.32609067263431735
2385,2024-11-05,Equal-Weight,0.2906272714900956,0.12370870879195704,1.9451118182371656,0.32689901779491515
2386,2024-11-06,Equal-Weight,0.32138993223301204,0.12713778531068023,2.134612708329236,0.36772783095073613
2387,2024-11-07,Equal-Weight,0.32116767697299986,0.12714103892586562,2.132809982236455,0.367423703982658
2388,2024-11-08,Equal-Weight,0.32639240041763895,0.12716725185938818,2.173455794446612,0.3745730627917909
2389,2024-11-11,Equal-Weight,0.33377180863565103,0.126921531120397,2.235805116205751,0.3847839229584604
2390,2024-11-12,Equal-Weight,0.30623856366353586,0.12658733429108784,2.024203804421023,0.34727776438440205
2391,2024-11-13,Equal-Weight,0.3042195907596832,0.1266318445670529,2.0075486669948273,0.3445561244744346
2392,2024-11-14,Equal-Weight,0.27808536425761743,0.12532389762880786,1.8199670499650027,0.310123145799994
2393,2024-11-15,Equal-Weight,0.266570560277417,0.125629943002098,1.7238769285583477,0.29509019530216407
2394,2024-11-18,Equal-Weight,0.27335486462588987,0.1257027432999069,1.7768495639987778,0.3038850804177662
2395,2024-11-19,Equal-Weight,0.26250790991438266,0.12581474137160725,1.6890541410145088,0.28981496905722803
2396,2024-11-20,Equal-Weight,0.2562371325412579,0.12571882354234534,1.6404634304567123,0.28177571117038247
2397,2024-11-21,Equal-Weight,0.27601698933833385,0.12629661405699216,1.78957283238284,0.3072607491042538
2398,2024-11-22,Equal-Weight,0.28026386754238997,0.12650784528872785,1.8201548450758969,0.31278357376985677
2399,2024-11-25,Equal-Weight,0.2865899461804381,0.12671578564162075,1.8670913413232104,0.32107088511548
2400,2024-11-26,Equal-Weight,0.2865646035663838,0.12671645206632323,1.866881527290286,0.321037332947963
2401,2024-11-27,Equal-Weight,0.28119447167987166,0.12689408699738863,1.8219483440913165,0.3139405887897879
2402,2024-11-29,Equal-Weight,0.2841844089625948,0.12694308026801496,1.844798538590376,0.31786252828336736
2403,2024-12-02,Equal-Weight,0.27392923490888355,0.12676822122286052,1.7664461388569337,0.304460056886968
2404,2024-12-03,Equal-Weight,0.26016429137115293,0.12674715050236704,1.6581381951243792,0.28664913762501376
2405,2024-12-04,Equal-Weight,0.2618612771311263,0.12671306618166275,1.6719765649691598,0.28883770170003764
2406,2024-12-05,Equal-Weight,0.26379935571979973,0.12660724221731354,1.6886818792942848,0.29135270917478073
2407,2024-12-06,Equal-Weight,0.26709591676253175,0.1265422866567809,1.7155997611403875,0.29562288029471095
2408,2024-12-09,Equal-Weight,0.2532720091434659,0.12673820190541946,1.603873229124405,0.27782190597983747
2409,2024-12-10,Equal-Weight,0.24387416667456185,0.12683454945488562,1.528559588123281,0.2658656328717397
2410,2024-12-11,Equal-Weight,0.23235716955834151,0.12634836905612193,1.443288670211021,0.25145990742044555
2411,2024-12-12,Equal-Weight,0.22298540780689058,0.12654427252244474,1.3669951579689925,0.23976609777192137
2412,2024-12-13,Equal-Weight,0.2083937252103406,0.1260685119831977,1.2564098895008071,0.22189481230400876
2413,2024-12-16,Equal-Weight,0.18871370187166503,0.12507246153463716,1.109066697573951,0.19824888411819486
2414,2024-12-17,Equal-Weight,0.18482971127513692,0.1252210127556927,1.0767339147638975,0.1935851759297833
2415,2024-12-18,Equal-Weight,0.1593734703809765,0.12776784041401526,0.85603286418997,0.16322544984935927
2416,2024-12-19,Equal-Weight,0.1467906997869015,0.1277427663441612,0.7577000448395689,0.1486927945990537
2417,2024-12-20,Equal-Weight,0.18067089537240644,0.12657797256751857,1.032335190095612,0.18843111973560855
2418,2024-12-23,Equal-Weight,0.16928362849884493,0.12571962817483845,0.9488067235846183,0.17510940703079725
2419,2024-12-24,Equal-Weight,0.1735510960262968,0.12592062338901652,0.9811823726809282,0.18010193634480176
2420,2024-12-26,Equal-Weight,0.16752027796799995,0.12571323438239054,0.9348282107715922,0.17304145136234061
2421,2024-12-27,Equal-Weight,0.16009095773959714,0.12590015119919507,0.8744307031483612,0.16433710070464747
2422,2024-12-30,Equal-Weight,0.14649012714887755,0.12660824677986837,0.7621156567837426,0.1485147825696138
2423,2024-12-31,Equal-Weight,0.15040438038307147,0.12657124942122153,0.7932637217551018,0.15302189768940333
2424,2025-01-02,Equal-Weight,0.15644779049500035,0.1263374104931707,0.842567455510373,0.16004122738012083
2425,2025-01-03,Equal-Weight,0.17239775103975075,0.12611671042157996,0.9705117635133554,0.1787130466774578
2426,2025-01-06,Equal-Weight,0.17657318388911725,0.12611420015374825,1.0036394294600406,0.18364193342398272
2427,2025-01-07,Equal-Weight,0.1736502439494012,0.1261008203923464,0.9805665305323109,0.18019164300456558
2428,2025-01-08,Equal-Weight,0.16493058691211215,0.12589589357264724,0.9129017925099546,0.16998225816416013
2429,2025-01-10,Equal-Weight,0.15369387778394294,0.1268625360117391,0.817371944813934,0.15677504343395077
2430,2025-01-13,Equal-Weight,0.15907317110890307,0.12695155125830962,0.8591716290805361,0.16299753497233582
2431,2025-01-14,Equal-Weight,0.17066229325122073,0.12724328133094526,0.9482802705896264,0.17650203823975152
2432,2025-01-15,Equal-Weight,0.18624993023021463,0.12803674728506917,1.0641470758926663,0.1948521939928778
2433,2025-01-16,Equal-Weight,0.19953017816933039,0.12803962652749645,1.167842973497106,0.21081345346891567
2434,2025-01-17,Equal-Weight,0.21488284480366682,0.12809030208806949,1.2872390970730974,0.22952302841125327
2435,2025-01-21,Equal-Weight,0.22096294171039776,0.12857813577649163,1.3296424052031985,0.2369387235681779
2436,2025-01-22,Equal-Weight,0.20675367384567556,0.12792021485626148,1.2254018961882844,0.2196031387221573
2437,2025-01-23,Equal-Weight,0.21244068595390375,0.12812899000041053,1.267790263182308,0.22652057064471443
2438,2025-01-24,Equal-Weight,0.20534329814982533,0.12834775825123815,1.2103312147123284,0.21781931163492096
2439,2025-01-27,Equal-Weight,0.20942868363913325,0.1281800659416112,1.2437868748776935,0.22282694065628705
2440,2025-01-28,Equal-Weight,0.18876032122315323,0.1281292332659317,1.0829716036398715,0.19783892759515886
2441,2025-01-29,Equal-Weight,0.19442275024861466,0.12806539333830722,1.1277265972009833,0.20464549251514752
2442,2025-01-30,Equal-Weight,0.20689472551109422,0.12901491586085237,1.2160975687517506,0.21960536128194952
2443,2025-01-31,Equal-Weight,0.19422770928310729,0.12959802044926083,1.112885125738276,0.2041751259635194
2444,2025-02-03,Equal-Weight,0.19688821122045852,0.12944106550751908,1.134788335096994,0.2074052093488199
2445,2025-02-04,Equal-Weight,0.18510385299236143,0.12897891207802623,1.0474879250852256,0.19334122432213108
2446,2025-02-05,Equal-Weight,0.19519034606269636,0.12925857649295716,1.1232550288112393,0.20538655957093344
2447,2025-02-06,Equal-Weight,0.20308757625427243,0.1290785171532143,1.1860035242933549,0.21496411906696977
2448,2025-02-07,Equal-Weight,0.19482522024823978,0.12926687568823098,1.1203583244135398,0.20494556583784962
2449,2025-02-10,Equal-Weight,0.19886797885604024,0.12940279485414238,1.150423211676674,0.2098018601010121
2450,2025-02-11,Equal-Weight,0.20623113461973086,0.1295600993340885,1.2058584041130398,0.2187109117115933
2451,2025-02-12,Equal-Weight,0.20152035728893836,0.1295090254156274,1.169959829461082,0.2129959149408578
2452,2025-02-13,Equal-Weight,0.20622741962972113,0.12975252247872351,1.2040414833194393,0.21867639476168943
2453,2025-02-14,Equal-Weight,0.2204094247064653,0.12868636961388058,1.3242228001129681,0.2362392743466446
2454,2025-02-18,Equal-Weight,0.22551687642007423,0.12908705156086725,1.359678405369065,0.24250069735247126
2455,2025-02-19,Equal-Weight,0.2230706223270712,0.12899701842700945,1.341663741049953,0.23948188466767206
2456,2025-02-20,Equal-Weight,0.22687630619321864,0.12893383185296606,1.371837815189774,0.2442138326022314
2457,2025-02-21,Equal-Weight,0.21298070245568368,0.13001406840118332,1.2535620526293778,0.226886527708426
2458,2025-02-24,Equal-Weight,0.2042268444819454,0.13011503693123624,1.185311460684224,0.21618624057712776
2459,2025-02-25,Equal-Weight,0.19211354323331142,0.12972920967580887,1.0954629538594338,0.20161399260905433
2460,2025-02-26,Equal-Weight,0.18951890389284887,0.12970778574954245,1.07564016366952,0.19850593903107705
2461,2025-02-27,Equal-Weight,0.1796668969623746,0.1301360156422481,0.9963951664144756,0.18669864818400583
2462,2025-02-28,Equal-Weight,0.1923896466876468,0.13083506666876263,1.088314091268338,0.20177383537543236
2463,2025-03-03,Equal-Weight,0.1785395199195965,0.13152177889575903,0.9773249799295507,0.18514877952765696
2464,2025-03-04,Equal-Weight,0.15066385257145032,0.13341329801180968,0.7545263783415324,0.1522971844984542
2465,2025-03-05,Equal-Weight,0.1451990399479659,0.13285246256793665,0.7165771571549459,0.14610492018701837
2466,2025-03-06,Equal-Weight,0.13028987586502594,0.13352813684024809,0.6012955603588183,0.12905137399701272
2467,2025-03-07,Equal-Weight,0.14310435010934985,0.13353260330061004,0.6972405825096687,0.14360424864949684
2468,2025-03-10,Equal-Weight,0.12138084321708897,0.13448399519979223,0.5307757485271322,0.11889804733582143
2469,2025-03-11,Equal-Weight,0.09940621863470334,0.13496015765485508,0.3660800305305955,0.09451834202027154
2470,2025-03-12,Equal-Weight,0.10430790177528226,0.13485908625875398,0.40270109550558386,0.09990929454405206
2471,2025-03-13,Equal-Weight,0.09730669535954495,0.13503921823976694,0.3503181962705843,0.09221200737669366
2472,2025-03-14,Equal-Weight,0.11083194386749406,0.13609568740686553,0.44697921753856623,0.10692269628388806
2473,2025-03-17,Equal-Weight,0.1225698835603819,0.1365907155181562,0.5312944096169963,0.11991151405836376
2474,2025-03-18,Equal-Weight,0.12579138001792844,0.136422572076426,0.5555633416401866,0.1235491868798726
2475,2025-03-19,Equal-Weight,0.14201419407438887,0.13640178111633042,0.6745820569301397,0.1419187573261056
2476,2025-03-20,Equal-Weight,0.13788002788360876,0.13646290709952033,0.6439847263367999,0.13720076849823304
2477,2025-03-21,Equal-Weight,0.12714462517693947,0.1365843279114944,0.5648131550416867,0.12504540354073979
2478,2025-03-24,Equal-Weight,0.13139241059120188,0.13699102215783737,0.5941441220682603,0.1297703324149695
2479,2025-03-25,Equal-Weight,0.11799084115455194,0.13641568840061222,0.49840925154358423,0.11482454522589669
2480,2025-03-26,Equal-Weight,0.11885995159825047,0.13638650067652525,0.5048883229401794,0.11579785731225489
2481,2025-03-27,Equal-Weight,0.11625179482113468,0.13643564474428196,0.485590073952513,0.11288538202569098
2482,2025-03-28,Equal-Weight,0.09635468506234823,0.13754891494566465,0.3370050943743142,0.09080259585951245
2483,2025-03-31,Equal-Weight,0.09119409360907649,0.13715581595994542,0.300345219200232,0.08524769758950979
2484,2025-04-01,Equal-Weight,0.0853458290729514,0.13711829035392717,0.25777617983507095,0.07892711782763695
2485,2025-04-02,Equal-Weight,0.08896783628335792,0.1372006426816323,0.2840207999155001,0.08282859718675328
2486,2025-04-03,Equal-Weight,0.04094516686650307,0.14748357708105234,-0.06139553510097387,0.03050969748066934
2487,2025-04-04,Equal-Weight,-0.031608207919895825,0.1626331248167029,-0.5017932725075109,-0.043955922645298684
2488,2025-04-07,Equal-Weight,-0.022189879464062034,0.16230181912794406,-0.4447878640667242,-0.0348559604033708
2489,2025-04-08,Equal-Weight,-0.04864560619442304,0.16274339193298534,-0.606142006890476,-0.06012709614206335
2490,2025-04-09,Equal-Weight,0.04045980573865304,0.18548188692035508,-0.051434640976255906,0.02364697730356169
2491,2025-04-10,Equal-Weight,0.0021326640621952553,0.1889941497273944,-0.253274167517083,-0.015502007614715985
2492,2025-04-11,Equal-Weight,0.029748645408858243,0.18924209507216436,-0.10701294859063593,0.012017578111372051
2493,2025-04-14,Equal-Weight,0.04048251087042454,0.18962881106607912,-0.05019010073452893,0.022863408009689667
2494,2025-04-15,Equal-Weight,0.05459104395826664,0.1887939499666095,0.024317749372152114,0.03755929529879576
2495,2025-04-16,Equal-Weight,0.04498290865640964,0.18923153449672978,-0.0265129771152232,0.02755454386432632
2496,2025-04-17,Equal-Weight,0.05232333102979847,0.18938445185459532,0.012267802383176962,0.035093828654920056
2497,2025-04-21,Equal-Weight,0.04163450059632412,0.19002834863498486,-0.04402237594425828,0.023964761674292845
2498,2025-04-22,Equal-Weight,0.0656253612139508,0.19103685001489287,0.08179239352372418,0.04862438734719743
2499,2025-04-23,Equal-Weight,0.0807167956983662,0.19141475571918565,0.16047245460757045,0.06448907094804124
2500,2025-04-24,Equal-Weight,0.09486458913351103,0.19252585364261143,0.23303150348209248,0.07942540450399549
2501,2025-04-25,Equal-Weight,0.0763664954262343,0.19205589696565945,0.13728552907151173,0.0597426009616695
2502,2025-04-28,Equal-Weight,0.0750969091310899,0.19203547911447041,0.13068891877073344,0.058402542050810746
2503,2025-04-29,Equal-Weight,0.07450474113335959,0.19202907957365684,0.12760953282578366,0.05777745265209644
2504,2025-04-30,Equal-Weight,0.07684024804306089,0.19207484609848607,0.13973848522205032,0.06024080218197114
2505,2025-05-01,Equal-Weight,0.06697101446967468,0.1921678210245085,0.08831350836574375,0.04981267331877848
2506,2025-05-02,Equal-Weight,0.09839207825485241,0.19251345454165428,0.2513698503310675,0.08324269004338802
2507,2025-05-05,Equal-Weight,0.09900142350093011,0.19249798941556118,0.25455550808453753,0.08390592871532654
2508,2025-05-06,Equal-Weight,0.08762962048095191,0.19247402131760652,0.1955049321635893,0.07165908217937855
2509,2025-05-07,Equal-Weight,0.08806238313854897,0.19248723217378952,0.19773978101666437,0.07212009716919332
2510,2025-05-08,Equal-Weight,0.08673235938104185,0.19242312847846088,0.19089368139627522,0.0707086208133989
2511,2025-05-09,Equal-Weight,0.08644850715099306,0.192421183047768,0.1894204503562626,0.07040524359093658
2512,2025-05-12,Equal-Weight,0.11797499942708423,0.19526546732644814,0.34811582589481865,0.10408194903879564
2513,2025-05-13,Equal-Weight,0.11582845088314508,0.19522705341595567,0.3371891842412298,0.10172381515959916
2514,2025-05-14,Equal-Weight,0.10696109455203551,0.19531354200724793,0.2916392481885446,0.0919834510532882
2515,2025-05-15,Equal-Weight,0.12134948544157464,0.1957139447895168,0.3645600497108594,0.10771613434223637
2516,2025-05-16,Equal-Weight,0.12322166343149887,0.19575704466035115,0.3740435679264689,0.10978163692016363
2517,2025-05-19,Equal-Weight,0.11342083699824546,0.19541168829759797,0.32454986470236147,0.09903632317439182
2518,2025-05-20,Equal-Weight,0.1157580801450967,0.1953771741334137,0.3365699214187306,0.10161428763605551
2519,2025-05-21,Equal-Weight,0.0976612853871659,0.19612037694556142,0.24302056792597124,0.0817077570527549
2520,2025-05-22,Equal-Weight,0.09088132240595626,0.19616994539706326,0.20839748068038286,0.07439090878161814
2521,2025-05-23,Equal-Weight,0.08866259914198182,0.19619920749534675,0.1970578762042083,0.07200448003227922
2522,2025-05-27,Equal-Weight,0.10661817268704388,0.19694916213438504,0.2874760779556472,0.09126087946031158
2523,2025-05-28,Equal-Weight,0.10939850140810525,0.19683337721686686,0.30177047332100204,0.0943228948088719
2524,2025-05-29,Equal-Weight,0.10722373197493618,0.19677625107170824,0.2908060889628545,0.09195875485108407
2525,2025-05-30,Equal-Weight,0.10698129335137518,0.1967798510179935,0.28956873916001097,0.09169339453183167
2526,2025-06-02,Equal-Weight,0.11578657185550834,0.19661506069282295,0.3345957915110505,0.10137994027118635
2527,2025-06-03,Equal-Weight,0.1263229927866163,0.1968358099419803,0.387749529971774,0.11299246943468111
2528,2025-06-04,Equal-Weight,0.12120930384398465,0.1968247071750769,0.3617904726800558,0.10732067392125533
2529,2025-06-05,Equal-Weight,0.12890401944613272,0.19665135760980545,0.40123811198239295,0.11590787727163288
2530,2025-06-06,Equal-Weight,0.1399994336810516,0.19685827576450002,0.4571788172559086,0.1283061923391462
2531,2025-06-09,Equal-Weight,0.13549908819102552,0.19668880077192188,0.43469220339682324,0.12327958313275267
2532,2025-06-10,Equal-Weight,0.14457698847630496,0.19677781671635983,0.48062830482884383,0.13349767057038497
2533,2025-06-11,Equal-Weight,0.14459480020737092,0.1967776384150809,0.48071925737737303,0.1335178883732635
2534,2025-06-12,Equal-Weight,0.13815116148867856,0.1966784671318266,0.44819935183648735,0.12626322989050465
2535,2025-06-13,Equal-Weight,0.12816593070754212,0.19717646545756795,0.39642626987024115,0.11496910210061717
2536,2025-06-16,Equal-Weight,0.13589316589515088,0.19747599635365087,0.4349549691159865,0.12354802211108407
2537,2025-06-17,Equal-Weight,0.13205007056411133,0.19756282018579593,0.4153112943363948,0.11922150368521
2538,2025-06-18,Equal-Weight,0.13412137646806388,0.1975437781444434,0.4258366285095276,0.12154513645568676
2539,2025-06-20,Equal-Weight,0.12333153979419731,0.19719857601841803,0.371866477308377,0.10958964753208233
2540,2025-06-23,Equal-Weight,0.12680570798119783,0.19736238329665587,0.3891608253724368,0.11341386271328568
2541,2025-06-24,Equal-Weight,0.14370694849192145,0.19765331817956583,0.474097522647152,0.13231752482892967
2542,2025-06-25,Equal-Weight,0.14163622035589996,0.197688570676899,0.4635382816625734,0.12996869187304805
2543,2025-06-26,Equal-Weight,0.15127172582208914,0.19784455644360857,0.5118752198317598,0.14086793071279735
2544,2025-06-27,Equal-Weight,0.15926564600649862,0.19782189722528723,0.5523435349629807,0.15002400696044083
2545,2025-06-30,Equal-Weight,0.16685350356173645,0.1978341752515164,0.5906638901654621,0.15877497329456114
2546,2025-07-01,Equal-Weight,0.17842824121832113,0.19796628333608135,0.6487379520091935,0.17222585850690453
2547,2025-07-02,Equal-Weight,0.18113109758005508,0.1980070154625791,0.6622548058396308,0.1753868395031748
2548,2025-07-03,Equal-Weight,0.18652267467655426,0.19807719751994163,0.6892397327199145,0.18172021960114537
2549,2025-07-07,Equal-Weight,0.17282505363885514,0.1981949073208309,0.6197185149668366,0.16562785981994366
2550,2025-07-08,Equal-Weight,0.17191267632416407,0.19819278286821077,0.6151216737555498,0.16456606611525526
2551,2025-07-09,Equal-Weight,0.17734198382446298,0.1981864194286256,0.6425363765670313,0.17090313115003508
2552,2025-07-10,Equal-Weight,0.17797848089506685,0.19820038929488065,0.6457024698607513,0.1716449067911272
2553,2025-07-11,Equal-Weight,0.17145478683070514,0.19833458804002832,0.612373202429991,0.16400063437264412
2554,2025-07-14,Equal-Weight,0.16005951021492393,0.19805585577420676,0.5556993494824868,0.1508832313553834
2555,2025-07-15,Equal-Weight,0.1517703653325666,0.19832753111307683,0.5131429043733824,0.14132708460046461
2556,2025-07-16,Equal-Weight,0.14764678296094225,0.1982642683606371,0.49250822535165795,0.13664733737948298
2557,2025-07-17,Equal-Weight,0.14272836335493655,0.19821809928635628,0.46780976958605724,0.1310840270268785
2558,2025-07-18,Equal-Weight,0.13097691963064428,0.1978995100856883,0.40918201159559303,0.11794674292125396
2559,2025-07-21,Equal-Weight,0.1422856073750377,0.19758805750695332,0.4670606540670611,0.13072388123268563
2560,2025-07-22,Equal-Weight,0.14802303895337487,0.19741193391771333,0.4965405941174435,0.1372658355274059
2561,2025-07-23,Equal-Weight,0.16898188111721169,0.1971866761345935,0.6033971637921334,0.16139019903191731
2562,2025-07-24,Equal-Weight,0.15199496420418934,0.19702057153909103,0.5176868760831527,0.14187737736416883
2563,2025-07-25,Equal-Weight,0.16443594687775187,0.19694212156424037,0.5810638474330851,0.1561811465180747
2564,2025-07-28,Equal-Weight,0.1765157487794028,0.19651217907312105,0.6438061466527579,0.1703220492216908
2565,2025-07-29,Equal-Weight,0.1758493910384884,0.19651380870303448,0.6404099125098536,0.16954262758013683
2566,2025-07-30,Equal-Weight,0.1518444575048662,0.195948747268558,0.5197504904957777,0.14194400698387177
2567,2025-07-31,Equal-Weight,0.14438695761091735,0.1961871064622911,0.4811068337411835,0.13341153114103332
2568,2025-08-01,Equal-Weight,0.13845373025269914,0.19642585947194124,0.45031611667879423,0.126657428554104
2569,2025-08-04,Equal-Weight,0.13576971813256922,0.19623186912007473,0.43708353040293635,0.12368114554131315
2570,2025-08-05,Equal-Weight,0.15575320895423928,0.19510148445197797,0.5420420518649064,0.14660471727380053
2571,2025-08-06,Equal-Weight,0.18394853682989953,0.19299466507408583,0.6940530546711229,0.179860307851071
2572,2025-08-07,Equal-Weight,0.20935856286273258,0.19169123415341088,0.83132942185138,0.21050721749877055
2573,2025-08-08,Equal-Weight,0.21014281245690247,0.19172325296580986,0.8352811147297864,0.21144880234927688
2574,2025-08-11,Equal-Weight,0.2168219142226766,0.1915238521617964,0.871024221472676,0.21960701208050448
2575,2025-08-12,Equal-Weight,0.20656505543340997,0.19045600279625177,0.8220536666460545,0.20741198593263155
2576,2025-08-13,Equal-Weight,0.21231153952892456,0.19054786257602613,0.8518150628121812,0.21434349040978629
2577,2025-08-14,Equal-Weight,0.21451289822815645,0.19052087105716892,0.8634901641762475,0.21702361269848103
2578,2025-08-15,Equal-Weight,0.19244912648661094,0.19041266755485492,0.748107404385654,0.19051005215481376
2579,2025-08-18,Equal-Weight,0.1868668116214912,0.19033803617850223,0.719072311396211,0.18390440489704574
2580,2025-08-19,Equal-Weight,0.17001192120548125,0.1896284493533235,0.6328793048445495,0.1642853518680809
2581,2025-08-20,Equal-Weight,0.16856774875324565,0.18962004523032208,0.6252912164915226,0.1626081043797274
2582,2025-08-21,Equal-Weight,0.1596957672087851,0.18953919660711216,0.578749774043671,0.15236321449283774
2583,2025-08-22,Equal-Weight,0.18095053282715412,0.19018727406275623,0.6885346744280287,0.17695936838962179
2584,2025-08-25,Equal-Weight,0.16990089086648097,0.19020990856721023,0.6303609090065582,0.16402980549564927
2585,2025-08-26,Equal-Weight,0.1816659472076111,0.19017414684459438,0.6923440929918053,0.17780403229359587
2586,2025-08-27,Equal-Weight,0.17224757101107413,0.18985140074347648,0.6439118728244343,0.16684145112415827
2587,2025-08-28,Equal-Weight,0.1750194384494118,0.1898521242699615,0.658509558058142,0.17007787670365748
2588,2025-08-29,Equal-Weight,0.16869031877733476,0.1898829151145092,0.6250710797533225,0.16269392288768958
2589,2025-09-02,Equal-Weight,0.1661036901375944,0.18995015307803606,0.61123241153639,0.15967753820906272
2590,2025-09-03,Equal-Weight,0.15814200824406477,0.18991006414615352,0.5694380059860303,0.15049575888371858
2591,2025-09-04,Equal-Weight,0.15862272238858943,0.18993800593753576,0.5718851361654907,0.15104259342255655
2592,2025-09-05,Equal-Weight,0.183413177983336,0.18844281178638578,0.7079770075526679,0.18025166763826617
2593,2025-09-08,Equal-Weight,0.18031968129490994,0.18845412318716803,0.6915193952295733,0.17660633034205375
2594,2025-09-09,Equal-Weight,0.1889564519585909,0.18829601262473714,0.7379681068208435,0.18684025698116957
2595,2025-09-10,Equal-Weight,0.20641723000485634,0.18766068177077735,0.833510933291375,0.20787383722089636
2596,2025-09-11,Equal-Weight,0.20741439182701638,0.18773110896363115,0.8385098915998628,0.20906220847942514
2597,2025-09-12,Equal-Weight,0.20513581463881414,0.1877922091158635,0.8261035714378273,0.20629881918282167
2598,2025-09-15,Equal-Weight,0.20263403970672578,0.18776697587881389,0.8128907599025127,0.2032927940410716
2599,2025-09-16,Equal-Weight,0.198355563162823,0.18771979646600528,0.7903032389537517,0.19817013154062435
2600,2025-09-17,Equal-Weight,0.19251157473636293,0.1875628185452959,0.7598071720272576,0.19122855470103706
2601,2025-09-18,Equal-Weight,0.20032385944650344,0.18796322714872135,0.7997514286534533,0.200475051379001
2602,2025-09-19,Equal-Weight,0.19642120850390088,0.18796058067176752,0.7789995539521867,0.19580340277362396
2603,2025-09-22,Equal-Weight,0.20483208039445,0.18792526299079682,0.8239024276477003,0.20590352553782743
2604,2025-09-23,Equal-Weight,0.19299190005132083,0.18755036565680921,0.7624186684497107,0.19180349656321138
2605,2025-09-24,Equal-Weight,0.19383238054711827,0.18753143727151986,0.7669774339694772,0.19280906521261665
2606,2025-09-25,Equal-Weight,0.18551132217216648,0.18759404790189543,0.7223647215237542,0.18291832318988477
2607,2025-09-26,Equal-Weight,0.19209875195046133,0.187766919404277,0.7567826771685565,0.1906923585488014
2608,2025-09-29,Equal-Weight,0.2001599188949167,0.18772686044315084,0.7998851018998929,0.20033103327017288
2609,2025-09-30,Equal-Weight,0.18839935048085976,0.1871524388200157,0.7395006517332018,0.18643362055186286
2610,2025-10-01,Equal-Weight,0.20108115876850519,0.18739800013647986,0.8062047548985287,0.20150923600786297
2611,2025-10-02,Equal-Weight,0.20440958352169192,0.18737711975991186,0.8240578343798776,0.20551650605359373
2612,2025-10-03,Equal-Weight,0.20924817007775032,0.18727988333847567,0.8503218137419334,0.2113808655799594
2613,2025-10-06,Equal-Weight,0.20873909014966385,0.18728122148948081,0.8475974733995415,0.21076454171731163
2614,2025-10-07,Equal-Weight,0.20508932955001358,0.18741359673713298,0.8275244285906452,0.20632725013899011
2615,2025-10-08,Equal-Weight,0.20210214083867517,0.18731283438239874,0.8120219916600002,0.20275443660326453
2616,2025-10-09,Equal-Weight,0.19653503377825443,0.18755732588877974,0.781281312707288,0.19602746534430904
2617,2025-10-10,Equal-Weight,0.168216455304239,0.18950118550602235,0.6238296345670201,0.1622250435809136
2618,2025-10-13,Equal-Weight,0.17724856159624192,0.19007109376907388,0.6694787675123397,0.17263806936078585
2619,2025-10-14,Equal-Weight,0.18200734586358192,0.19003839698306574,0.694635126160031,0.17823500838596007
2620,2025-10-15,Equal-Weight,0.1816986865236917,0.19002288742412032,0.6930674947052441,0.17787507370267464
2621,2025-10-16,Equal-Weight,0.17224396580521628,0.18978818551135665,0.6441073530254147,0.1668502215028942
2622,2025-10-17,Equal-Weight,0.1878920963326226,0.18945753165284543,0.7278258886286489,0.1853142045550462
2623,2025-10-20,Equal-Weight,0.18950493402667,0.1895211025455868,0.7360918238279769,0.18721191588837516
2624,2025-10-21,Equal-Weight,0.19134669043570807,0.1895299116190172,0.7457751086796028,0.18939685925827687
2625,2025-10-22,Equal-Weight,0.1839917834200726,0.18967546066821092,0.706426561179979,0.18065494366305423
2626,2025-10-23,Equal-Weight,0.20340748150382926,0.18975508747205938,0.8084499000661464,0.20376687483480915
2627,2025-10-24,Equal-Weight,0.21607145954714635,0.18971820463237266,0.8753585870631241,0.2191041439618735
2628,2025-10-27,Equal-Weight,0.2259111135336087,0.18977357263816283,0.9269526367036081,0.23113555340141057
2629,2025-10-28,Equal-Weight,0.2288034397732679,0.18968632322256146,0.942626947138806,0.23471877485505055
2630,2025-10-29,Equal-Weight,0.23234173479587983,0.1896076006310591,0.961679458993222,0.23910977874765993
2631,2025-10-30,Equal-Weight,0.22782741232045078,0.18962071393950652,0.937805836851674,0.23353066375014575
2632,2025-10-31,Equal-Weight,0.2357128088642928,0.18963265672880902,0.9793292572485448,0.24328423690399958
2633,2025-11-03,Equal-Weight,0.2353296408115707,0.18963807104833438,0.9772807737763503,0.24280711399928157
2634,2025-11-04,Equal-Weight,0.23249088095788017,0.18981959966791914,0.9613911380971184,0.23924439375698414
2635,2025-11-05,Equal-Weight,0.24187142758823732,0.19028786829754557,1.0083219140813309,0.2508032910590803
2636,2025-11-06,Equal-Weight,0.2407704552408253,0.19030553774090586,1.0024430056289397,0.24942407573780612
2637,2025-11-07,Equal-Weight,0.23175187572799694,0.1900228973433845,0.9564735527611641,0.23828286456104242
2638,2025-11-10,Equal-Weight,0.21435869549157316,0.18808880969981517,0.8738355873158289,0.2173830690915146
2639,2025-11-11,Equal-Weight,0.21674199180414566,0.18808430948135493,0.8865279207177834,0.22028645710038508
2640,2025-11-12,Equal-Weight,0.21862901488423192,0.1881307626162608,0.8963393999959087,0.22257877560960804
2641,2025-11-13,Equal-Weight,0.20276517838741215,0.18880530657642391,0.8091148557075987,0.2031992180622988
2642,2025-11-14,Equal-Weight,0.20948016811713188,0.18850423969801056,0.8460296085256432,0.21136825647472857
2643,2025-11-17,Equal-Weight,0.19966644765217068,0.1889374171313774,0.7921482675297731,0.1994494954705892
2644,2025-11-18,Equal-Weight,0.19710359719955906,0.18904225911936537,0.7781519216117423,0.19635807516941117
2645,2025-11-19,Equal-Weight,0.20900490653382897,0.18886180674853695,0.8419113915686436,0.21071110512758273
2646,2025-11-20,Equal-Weight,0.1794717563361855,0.19038338661579424,0.6800580588340291,0.17516141394106954
2647,2025-11-21,Equal-Weight,0.20099674520579125,0.1908769762323436,0.7910684053481211,0.2006005731689915
2648,2025-11-24,Equal-Weight,0.2143497935178773,0.1912742605962903,0.8592363290571509,0.21663529782371582
2649,2025-11-25,Equal-Weight,0.21298965614981658,0.19118082604329575,0.8525418553893326,0.21500433859483659
2650,2025-11-26,Equal-Weight,0.21519768393983307,0.1912937745626925,0.8635810774160506,0.21766188391579555
2651,2025-11-28,Equal-Weight,0.21937468998150988,0.1915054131932301,0.8844381323603099,0.22270553184005615
2652,2025-12-01,Equal-Weight,0.21576877111918535,0.19159728103463924,0.8651937554855786,0.21828685838352424
2653,2025-12-02,Equal-Weight,0.22669837009249794,0.19153143384714813,0.9225554601836912,0.23167906852259001
2654,2025-12-03,Equal-Weight,0.22668690999713637,0.19153120659972844,0.9224967206852384,0.23166501922882654
2655,2025-12-04,Equal-Weight,0.2273335619910719,0.1915229243684865,0.9259129818312792,0.23246296668782218
2656,2025-12-05,Equal-Weight,0.23908248025758005,0.19148101040839588,0.9874737962490371,0.2470250505681877
2657,2025-12-08,Equal-Weight,0.23868375446724865,0.19148477004989362,0.9853721234231051,0.2465275055963918
2658,2025-12-09,Equal-Weight,0.24401750563488878,0.19139617199482345,1.0136958519741777,0.2532087542564849
2659,2025-12-10,Equal-Weight,0.26209513254503625,0.19217710880660513,1.103644101329859,0.2758588679917451
2660,2025-12-11,Equal-Weight,0.2800535398133859,0.1921992850146929,1.1969531509745166,0.2989482906991785
2661,2025-12-12,Equal-Weight,0.27214378182657606,0.19261439962603671,1.1533082794322285,0.28862221950576394
2662,2025-12-15,Equal-Weight,0.27237923231374184,0.19261384302917942,1.1545340086488656,0.28892547183380923
2663,2025-12-16,Equal-Weight,0.27043794322044856,0.19269945727754997,1.1439468815054634,0.28640713947750585
2664,2025-12-17,Equal-Weight,0.2647770136379045,0.19288313118116476,1.1135085392002269,0.2791078129574678
2665,2025-12-18,Equal-Weight,0.27653028479194697,0.1930103810678191,1.173668916348856,0.2941825460440761
2666,2025-12-19,Equal-Weight,0.2952865273927011,0.1932322349058096,1.269387209190357,0.3186022931632424
2667,2025-12-22,Equal-Weight,0.32850643509561195,0.1916241233890447,1.4533996564209952,0.36351321087139365
2668,2025-12-23,Equal-Weight,0.33612612048866064,0.1915067476143378,1.494078532756821,0.37395947941036534
2669,2025-12-24,Equal-Weight,0.328052877006758,0.1911728985361671,1.4544576095034438,0.3630120637033143
2670,2025-12-26,Equal-Weight,0.3249726628190427,0.19114643240784798,1.4385445721128354,0.3588323851938233
2671,2025-12-29,Equal-Weight,0.31308261706546514,0.19105238865387894,1.3770182038502548,0.34281541784760217
2672,2025-12-30,Equal-Weight,0.30783875767529634,0.1911042747201154,1.3492045536548982,0.3357877325543914
2673,2025-12-31,Equal-Weight,0.30334768302981274,0.1913324249682511,1.3241230966045208,0.32975107850084107
2674,2026-01-02,Equal-Weight,0.33849867693578983,0.19198845922598842,1.50268759955097,0.3770962890819374
2675,2026-01-05,Equal-Weight,0.3459036667969402,0.19213164394876142,1.5401089623521527,0.38727988017820936
2676,2026-01-06,Equal-Weight,0.36593879566515064,0.192900880186853,1.637829725603726,0.41510880183168597
2677,2026-01-07,Equal-Weight,0.34710201320588574,0.19328729464910938,1.5371005825563442,0.38863505041936874
2678,2026-01-08,Equal-Weight,0.3492300846971137,0.19331367841860547,1.547899182018329,0.39158219423844876
2679,2026-01-09,Equal-Weight,0.3614313398447567,0.19359855837992368,1.6086449323325767,0.4085644977239884
2680,2026-01-12,Equal-Weight,0.362047517078284,0.19359259559898617,1.6118773350436868,0.4094330646363964
2681,2026-01-13,Equal-Weight,0.3765761369826002,0.1928364451503865,1.6935395004192009,0.4302392281428289
2682,2026-01-14,Equal-Weight,0.3757578475606642,0.1928215332046445,1.6894267053406962,0.4290751666667758
2683,2026-01-15,Equal-Weight,0.373572764992963,0.19274123616258854,1.6787936584572405,0.42598232053121543
2684,2026-01-16,Equal-Weight,0.3585828836742292,0.19227014726717875,1.6049443351464343,0.40492235665020737
2685,2026-01-20,Equal-Weight,0.3350100941093941,0.19297409084650177,1.4769345089756165,0.37204877382755486
2686,2026-01-21,Equal-Weight,0.34615770487255837,0.1937347893668398,1.5286759071019465,0.38720861949770624
2687,2026-01-22,Equal-Weight,0.3336708946263387,0.19330927347759086,1.4674458680805238,0.370128674322054
2688,2026-01-23,Equal-Weight,0.3245917621309786,0.19360079416011958,1.4183400606501366,0.3576848470977121
2689,2026-01-26,Equal-Weight,0.3168231357661824,0.19347185234327893,1.3791315508405615,0.34722490911071
2690,2026-01-27,Equal-Weight,0.33016672803815894,0.19338397734446608,1.4487587435390819,0.3653222001643428
2691,2026-01-28,Equal-Weight,0.3428872648111738,0.19355867889608333,1.5131704064193239,0.3827312351107244
2692,2026-01-29,Equal-Weight,0.3593525422194237,0.1933543780481463,1.599925201292278,0.40571039033754563
2693,2026-01-30,Equal-Weight,0.34452562532308284,0.1938662120252329,1.5192210248826055,0.38491281682751155
2694,2026-02-02,Equal-Weight,0.3435867703693829,0.19379353554766923,1.5149461489501883,0.38363404177592164
2695,2026-02-03,Equal-Weight,0.35774572367385304,0.1933692021320231,1.5914929589653022,0.4034520935375263
2696,2026-02-04,Equal-Weight,0.36633675245306285,0.19325116326067773,1.6369203016198883,0.41557592458712755
2697,2026-02-05,Equal-Weight,0.35843983603429874,0.1934755934964031,1.5942054005898836,0.4043962664136176
2698,2026-02-06,Equal-Weight,0.3699136852227457,0.19428693645100728,1.6466041982365465,0.420360613311489
2699,2026-02-09,Equal-Weight,0.36887572379947586,0.19428789859129103,1.6412536555880455,0.4188889907320965
2700,2026-02-10,Equal-Weight,0.37496470046392083,0.19413976411919245,1.6738698634886988,0.4275831262820524
2701,2026-02-11,Equal-Weight,0.3785330485864825,0.19427669067938214,1.6910574677672772,0.43264115812481174
2702,2026-02-12,Equal-Weight,0.35651870121769513,0.19487021451317504,1.5729376702511488,0.40132921451536485
2703,2026-02-13,Equal-Weight,0.36616672447784715,0.1950313279137767,1.6211073772600493,0.41485126623030677
2704,2026-02-17,Equal-Weight,0.3535742993841383,0.19489401641275791,1.5576378637567352,0.39720849364793875
2705,2026-02-18,Equal-Weight,0.36376504852208313,0.19499551261739473,1.6090885595799782,0.41147188763126574
2706,2026-02-19,Equal-Weight,0.34366666972897464,0.19478255795977883,1.5076640989056866,0.3834817268088131
2707,2026-02-20,Equal-Weight,0.34505776409629296,0.1948092755587351,1.5145981280923808,0.38539785445268127
2708,2026-02-23,Equal-Weight,0.33086706412282274,0.1953769665415969,1.4375648731501034,0.3657511120099657
2709,2026-02-24,Equal-Weight,0.35413707031521835,0.19467924152217236,1.5622470476934731,0.39805220817105536
2710,2026-02-25,Equal-Weight,0.3640322477427048,0.19460162273697873,1.6137185462587182,0.4119563063413154
2711,2026-02-26,Equal-Weight,0.36197484479938424,0.194640018563478,1.6028299170020877,0.4090480032015782
2712,2026-02-27,Equal-Weight,0.36651700992506897,0.19467170128306444,1.625901493842878,0.4154447625861579
2713,2026-03-02,Equal-Weight,0.3739720958814763,0.19438081579666253,1.6666876026509547,0.42610165756514773
2714,2026-03-03,Equal-Weight,0.3391559650908028,0.19520310437150118,1.4813082303265785,0.3771474556433172
2715,2026-03-04,Equal-Weight,0.35868079917160345,0.19477186863601303,1.5848325599240507,0.4043810075158427
2716,2026-03-05,Equal-Weight,0.3660859752210496,0.1940079737744108,1.6292421856257775,0.41501722041774425
2717,2026-03-06,Equal-Weight,0.3388278398814758,0.19451010620751402,1.4848988852709712,0.37688362963711053
2718,2026-03-09,Equal-Weight,0.35757180755059126,0.19403255846273895,1.5851556562846427,0.4030297024789702
2719,2026-03-10,Equal-Weight,0.35019508300754965,0.1939598938567442,1.547717298862151,0.3927518431841417
2720,2026-03-11,Equal-Weight,0.36344040681493484,0.1932059067920711,1.6223127544038316,0.41150273143928673
2721,2026-03-12,Equal-Weight,0.35954214073951296,0.19354674711107503,1.5993146118951256,0.40592526269653817
2722,2026-03-13,Equal-Weight,0.36014083805923924,0.19354350382649785,1.6024347597699022,0.40676691545293164
2723,2026-03-16,Equal-Weight,0.3759975238962815,0.193536009265876,1.6844282628998124,0.4292208487552809
2724,2026-03-17,Equal-Weight,0.36512490529207076,0.19292498957250462,1.6334063616659742,0.41395208194725464
2725,2026-03-18,Equal-Weight,0.33915854096907305,0.19323840665805941,1.496382349502327,0.37767437082242883
2726,2026-03-19,Equal-Weight,0.34254915250004714,0.19315646807535589,1.5145708316944133,0.38236896981539514
2727,2026-03-20,Equal-Weight,0.32158690773779863,0.19351897840261173,1.4034122646760174,0.3536347527681247
2728,2026-03-23,Equal-Weight,0.33777556340675274,0.19379301217730016,1.4849635710469709,0.3756257089999142
2729,2026-03-24,Equal-Weight,0.3534281695506789,0.1937990947834225,1.565684142589886,0.39729609035313707
2730,2026-03-25,Equal-Weight,0.3439277893080721,0.19332862463630876,1.520353180296044,0.38422619917326006
2731,2026-03-26,Equal-Weight,0.32652030971084667,0.1942660143883736,1.4234106288814448,0.36012161905494167
2732,2026-03-27,Equal-Weight,0.320475106031193,0.19451468230559013,1.390512545506802,0.3518692183707748
2733,2026-03-30,Equal-Weight,0.312717697283451,0.19485603159147377,1.348265666388264,0.34134646303955507
2734,2026-03-31,Equal-Weight,0.35377362000371493,0.19528801176060717,1.5555159646773111,0.39737825272244165
2735,2026-04-01,Equal-Weight,0.3543948924464111,0.19531074659331593,1.5585158408115385,0.39823933336931394
2736,2026-04-02,Equal-Weight,0.3545326453081403,0.19530859737459708,1.5592382998074286,0.3984322723337579
2737,2026-04-06,Equal-Weight,0.35728531662614493,0.195382546491592,1.572736777895197,0.4022615431486418
2738,2026-04-07,Equal-Weight,0.4116113804793665,0.1872650719620144,1.931013491681552,0.4827989208929542
2739,2026-04-08,Equal-Weight,0.5133356725075905,0.1763215287873688,2.6277884254641437,0.6447288829594846
2740,2026-04-09,Equal-Weight,0.5183650546470756,0.1763037066596337,2.656580871276213,0.6530098790504615
2741,2026-04-10,Equal-Weight,0.529802571963455,0.17549216152773545,2.7340399011931096,0.672225001171606
2742,2026-04-13,Equal-Weight,0.4502609599171862,0.15257347822804287,2.6233980149481746,0.5500606639356451
2743,2026-04-14,Equal-Weight,0.4898782677660318,0.14774567174974643,2.9772666945607953,0.6137743739262738
2744,2026-04-15,Equal-Weight,0.46792197446768435,0.14734468317985072,2.83635598820735,0.5788848379467044
2745,2026-04-16,Equal-Weight,0.46241275782526303,0.1470552136650769,2.8044755948914992,0.5702921447824836
2746,2026-04-17,Equal-Weight,0.4795397216198364,0.14738055497117172,2.914493853709916,0.5972920266352979
2747,2026-04-20,Equal-Weight,0.4923603347984673,0.14661887873793164,3.0170762360633487,0.6180438102205157
2748,2026-04-21,Equal-Weight,0.4758953562396878,0.1468849746714404,2.8995161499149362,0.591608718285431
2749,2026-04-22,Equal-Weight,0.49435412000142825,0.14571498173725278,3.0494744926274584,0.6214819686403563
2750,2026-04-23,Equal-Weight,0.48297206645712143,0.14472697721202535,2.991647271281127,0.6033913488387956
2751,2026-04-24,Equal-Weight,0.4798379815268531,0.1445283809268616,2.9740731804390172,0.5984287407083648
2752,2026-04-27,Equal-Weight,0.45457671036174474,0.14312576547012765,2.8267217229045007,0.5589365578788472
2753,2026-04-28,Equal-Weight,0.4506470205857226,0.1433407350246635,2.795067435065032,0.5527855497909389
2754,2026-04-29,Equal-Weight,0.45575560105112933,0.14346583948896757,2.8282384329011765,0.5606963881413047
2755,2026-04-30,Equal-Weight,0.46891960203096816,0.14409229869706075,2.907300430481046,0.5811990016981659
2756,2026-05-01,Equal-Weight,0.46221277574622455,0.14409156719790883,2.860769604789245,0.5706492082126975
2757,2026-05-04,Equal-Weight,0.46082980801479834,0.14417802435199367,2.849462044311314,0.5684629452519159
2758,2026-05-05,Equal-Weight,0.4635003637840338,0.14450582806879575,2.8614788019980497,0.5725769601237136
2759,2026-05-06,Equal-Weight,0.490965360691621,0.1459618159567395,3.0211008118884695,0.6159486441273505
2760,2026-05-07,Equal-Weight,0.4811126840835135,0.14675707837327387,2.9375938037345395,0.5999486404918568
2761,2026-05-08,Equal-Weight,0.497830837780037,0.14821767149115062,3.0214402457859078,0.626526266489349
2762,2026-05-11,Equal-Weight,0.49875709853570677,0.14826413493480142,3.0267407470663485,0.628019532756529
2763,2026-05-12,Equal-Weight,0.4847256786171422,0.14897048658405337,2.9182000313320966,0.6052106682376317
2764,2026-05-13,Equal-Weight,0.45527404376470126,0.1455577048220989,2.7842843788999594,0.5594708872286485
2765,2026-05-14,Equal-Weight,0.4524762219969577,0.14556405728938476,2.7649423181220176,0.5551202555039787
2766,2026-05-15,Equal-Weight,0.4417891657701303,0.14651964157518926,2.673970271549405,0.5384021505798389
2767,2026-05-18,Equal-Weight,0.4282387683727801,0.14609517005328473,2.588988864141275,0.5178250584857984
2768,2026-05-19,Equal-Weight,0.4171091751106166,0.1461970517718359,2.511057306980101,0.5010315250499693
2769,2026-05-20,Equal-Weight,0.4279028135390639,0.1466524892023675,2.5768591831918473,0.5171937830680833
2770,2026-05-21,Equal-Weight,0.43925733584817905,0.14686269218249026,2.650484817236575,0.534442364902358
2771,2026-05-22,Equal-Weight,0.4719773889931481,0.1463966794838486,2.8824245910557234,0.5854985723430521
2772,2026-05-26,Equal-Weight,0.4970014386512631,0.14744751632123845,3.031596935667588,0.6253512815511484
2773,2026-05-27,Equal-Weight,0.5003616988296005,0.14736445923747443,3.056107973116184,0.630831134169239
2774,2026-05-28,Equal-Weight,0.48462173133785935,0.14653440290271616,2.9660047246816412,0.6056044574236545
2775,2026-05-29,Equal-Weight,0.5051265772208291,0.14680677495670477,3.100174207593974,0.6387374609308019
2776,2026-06-01,Equal-Weight,0.50445682431395,0.14679691094241382,3.095820078204687,0.6376448193661475
2777,2026-06-02,Equal-Weight,0.5136081945759869,0.1467937291093494,3.1582288793183837,0.6526706791428194
2778,2026-06-03,Equal-Weight,0.5114679849212821,0.14682191765039032,3.1430456181625503,0.6491377793823088
2779,2026-06-04,Equal-Weight,0.5021389946370357,0.14661903052740402,3.0837674550884997,0.6339031090430682
2780,2026-06-05,Equal-Weight,0.46864264464268646,0.1512067365376015,2.7686772046599923,0.5790834116104431
2781,2026-06-08,Equal-Weight,0.48323837218881927,0.15172319691106026,2.8554524358116606,0.6021329191193339
2782,2026-06-09,Equal-Weight,0.472522213129108,0.15154712669702206,2.7880582254378745,0.5851297501249062
2783,2026-06-10,Equal-Weight,0.4478442047890613,0.1529285180220725,2.601504349448019,0.5462327305784305
2784,2026-06-11,Equal-Weight,0.4783197951442758,0.15696014341842543,2.7288443156072937,0.5930267729697871
2785,2026-06-12,Equal-Weight,0.4937490376742266,0.1573944368456739,2.81934385082063,0.6176399191454833
2786,2026-06-15,Equal-Weight,0.5149948973345195,0.1586062741603196,2.9317560089993764,0.6519958759983278
2787,2026-06-16,Equal-Weight,0.5209933988287193,0.15810034318624663,2.9790789149260473,0.6620485937302816
2788,2026-06-17,Equal-Weight,0.5090703149714316,0.15779712903921134,2.9092437724729217,0.6424669491356854
2789,2026-06-18,Equal-Weight,0.5292965376374151,0.15808233802358462,3.0319423638958827,0.6758828195014934
2790,2026-06-22,Equal-Weight,0.539644720400943,0.15826677620412088,3.0937934805055685,0.693229414242353
2791,2026-06-23,Equal-Weight,0.5128671025076661,0.16063931628526731,2.8814060792296647,0.6479523959406264
2792,2026-06-24,Equal-Weight,0.4986494665193423,0.1604274722664392,2.7965875182164672,0.6247887503842067
2793,2026-06-25,Equal-Weight,0.5075554340951701,0.16125192115993126,2.8375192729726435,0.6390822030678409
2794,2026-06-26,Equal-Weight,0.48862030068833207,0.16304165272628185,2.6902346324021758,0.6079269171867621
2795,2026-06-29,Equal-Weight,0.49703981047724977,0.1636027942722526,2.7324705086230225,0.6213496024424388
2796,2026-06-30,Equal-Weight,0.4992916770148319,0.16364705969325377,2.7454919010277434,0.6249859216779645
2797,2026-07-01,Equal-Weight,0.47557117081203026,0.1649566062533652,2.5798977105431837,0.5866230338227947
2798,2026-07-02,Equal-Weight,0.4534093020412262,0.16552241299622392,2.437188382762576,0.5517645457451279
2799,2026-07-06,Equal-Weight,0.45701328655975737,0.1656323824277926,2.4573291804046513,0.557329054580969
2800,2026-07-07,Equal-Weight,0.43527572172409623,0.16650580813624666,2.3138875816802544,0.5236781809825939
2801,2026-07-08,Equal-Weight,0.4392859193822566,0.16632285853436501,2.340543704050299,0.5298366632527238
2802,2026-07-09,Equal-Weight,0.45170290237317257,0.16670678590347618,2.4096373773636306,0.548819568826491
2803,2026-07-10,Equal-Weight,0.45006983454479077,0.16670117502794785,2.399922102994884,0.5462982497621072
2804,2026-07-13,Equal-Weight,0.4327700379061631,0.16722605554804745,2.2889377893398044,0.5196901162103629
2805,2026-07-14,Equal-Weight,0.4461358753810575,0.1670902383599984,2.370790054937721,0.5401376327078637
2806,2026-07-15,Equal-Weight,0.42979201474708384,0.16808123204610514,2.2595741959037157,0.5149605207674741
2807,2026-07-16,Equal-Weight,0.4307889196791559,0.16801449714452973,2.2664051385494015,0.5164860411570067
2808,2026-07-17,Equal-Weight,0.4217573599676595,0.16826499152947821,2.209356542846476,0.5028111727293973
2809,2026-07-20,Equal-Weight,0.4181364265531946,0.16834073210248388,2.1868529497013083,0.4973694326350304
2810,2026-07-21,Equal-Weight,0.4457302254829849,0.1703201242492578,2.3234496054256453,0.5386869016810918
2811,2026-07-22,Equal-Weight,0.4529580176446122,0.17043098477362936,2.3643471765408792,0.5497996308804689
2812,2026-07-23,Equal-Weight,0.454399619612051,0.17039978606299888,2.373240183896355,0.5520396354945296
2813,2026-07-24,Equal-Weight,0.4377931373324895,0.1705051464607263,2.2743779022635704,0.5264955196966616
2814,2026-07-27,Equal-Weight,0.4426503949522438,0.17035477712891953,2.3048980578636633,0.5339543841712255
2815,2026-07-28,Equal-Weight,0.42426889441988547,0.17092793435629375,2.1896297748484694,0.505915331901821
2816,2026-07-29,Equal-Weight,0.39981900188312514,0.17294352819128578,2.0227354301237837,0.4690863728434058
2817,2026-07-30,Equal-Weight,0.4276630050303655,0.17489924095303563,2.1593175760652756,0.5099962298926537
2818,2026-07-31,Equal-Weight,0.4308308857707661,0.17477425118298182,2.178987369095068,0.5148122328535809
2819,2026-08-03,Equal-Weight,0.44747994052599394,0.17450615209894818,2.27774170563692,0.5402713048935437
2820,2026-08-04,Equal-Weight,0.4897046171875499,0.176674057808159,2.4887899369187627,0.6059838570728824
2821,2026-08-05,Equal-Weight,0.47249804040301957,0.1763977830448641,2.395143709349021,0.5787140345437365
2822,2026-08-06,Equal-Weight,0.4629634021438843,0.17678143562846343,2.3360111353083357,0.563654730656961
2823,2026-08-07,Equal-Weight,0.4695529258372261,0.17684781350885792,2.3723953240519515,0.5739550766096024
2824,2026-08-10,Equal-Weight,0.4645950111576408,0.17686679173363884,2.3441088465155198,0.5661799839002983
2825,2026-08-11,Equal-Weight,0.45799598980407585,0.1767210052838146,2.308701159484877,0.5559371224615837
2826,2026-08-12,Equal-Weight,0.47215276223155667,0.1770200576159774,2.3847736121935044,0.5779975124652357
2827,2026-08-13,Equal-Weight,0.4653023787126829,0.17662208664488652,2.3513615233619283,0.5673527965126082
2828,2026-08-14,Equal-Weight,0.45890110250506133,0.17656010351833984,2.3159314837091016,0.5573868837786511
2829,2026-08-17,Equal-Weight,0.4600132806032957,0.17654969016161012,2.322367602163321,0.5591196327231029
2830,2026-08-18,Equal-Weight,0.4548491431410543,0.17695130478575483,2.287912731874052,0.5509925914489142
2831,2026-08-19,Equal-Weight,0.44697269947593554,0.17718492106564562,2.2404429061368054,0.5387823484266145
2832,2026-08-20,Equal-Weight,0.4398890029792334,0.1773876780444009,2.1979486246031277,0.527884774709422
2833,2026-08-21,Equal-Weight,0.4429611831104133,0.1774021653236187,2.2150867346718677,0.532573794081157
2834,2026-08-24,Equal-Weight,0.43789684370462345,0.1775838925464388,2.1843019552192047,0.5247962679693743
2835,2026-08-25,Equal-Weight,0.42705692255288275,0.1769740923159007,2.130576954053998,0.5085449961323316
2836,2026-08-26,Equal-Weight,0.4359680016025408,0.17684900195461556,2.182472037368868,0.5220582551519433
2837,2026-08-27,Equal-Weight,0.4285636552202604,0.17682433648048673,2.1409024501671827,0.5108556718087882
2838,2026-08-28,Equal-Weight,0.4169841041231591,0.1771520427845694,2.071577038315275,0.49340389530069984
2839,2026-08-31,Equal-Weight,0.41206908802749764,0.17720713561397367,2.043197000916631,0.4860793507574763
2840,2021-01-05,Markowitz,,,,
2841,2021-01-06,Markowitz,,,,
2842,2021-01-07,Markowitz,,,,
2843,2021-01-08,Markowitz,,,,
2844,2021-01-11,Markowitz,,,,
2845,2021-01-12,Markowitz,,,,
2846,2021-01-13,Markowitz,,,,
2847,2021-01-14,Markowitz,,,,
2848,2021-01-15,Markowitz,,,,
2849,2021-01-19,Markowitz,,,,
2850,2021-01-20,Markowitz,,,,
2851,2021-01-21,Markowitz,,,,
2852,2021-01-22,Markowitz,,,,
2853,2021-01-25,Markowitz,,,,
2854,2021-01-26,Markowitz,,,,
2855,2021-01-27,Markowitz,,,,
2856,2021-01-28,Markowitz,,,,
2857,2021-01-29,Markowitz,,,,
2858,2021-02-01,Markowitz,,,,
2859,2021-02-02,Markowitz,,,,
2860,2021-02-03,Markowitz,,,,
2861,2021-02-04,Markowitz,,,,
2862,2021-02-05,Markowitz,,,,
2863,2021-02-08,Markowitz,,,,
2864,2021-02-09,Markowitz,,,,
2865,2021-02-10,Markowitz,,,,
2866,2021-02-11,Markowitz,,,,
2867,2021-02-12,Markowitz,,,,
2868,2021-02-16,Markowitz,,,,
2869,2021-02-17,Markowitz,,,,
2870,2021-02-18,Markowitz,,,,
2871,2021-02-19,Markowitz,,,,
2872,2021-02-22,Markowitz,,,,
2873,2021-02-23,Markowitz,,,,
2874,2021-02-24,Markowitz,,,,
2875,2021-02-25,Markowitz,,,,
2876,2021-02-26,Markowitz,,,,
2877,2021-03-01,Markowitz,,,,
2878,2021-03-02,Markowitz,,,,
2879,2021-03-03,Markowitz,,,,
2880,2021-03-04,Markowitz,,,,
2881,2021-03-05,Markowitz,,,,
2882,2021-03-08,Markowitz,,,,
2883,2021-03-09,Markowitz,,,,
2884,2021-03-10,Markowitz,,,,
2885,2021-03-11,Markowitz,,,,
2886,2021-03-12,Markowitz,,,,
2887,2021-03-15,Markowitz,,,,
2888,2021-03-16,Markowitz,,,,
2889,2021-03-17,Markowitz,,,,
2890,2021-03-18,Markowitz,,,,
2891,2021-03-19,Markowitz,,,,
2892,2021-03-22,Markowitz,,,,
2893,2021-03-23,Markowitz,,,,
2894,2021-03-24,Markowitz,,,,
2895,2021-03-25,Markowitz,,,,
2896,2021-03-26,Markowitz,,,,
2897,2021-03-29,Markowitz,,,,
2898,2021-03-30,Markowitz,,,,
2899,2021-03-31,Markowitz,,,,
2900,2021-04-01,Markowitz,,,,
2901,2021-04-05,Markowitz,,,,
2902,2021-04-06,Markowitz,,,,
2903,2021-04-07,Markowitz,,,,
2904,2021-04-08,Markowitz,,,,
2905,2021-04-09,Markowitz,,,,
2906,2021-04-12,Markowitz,,,,
2907,2021-04-13,Markowitz,,,,
2908,2021-04-14,Markowitz,,,,
2909,2021-04-15,Markowitz,,,,
2910,2021-04-16,Markowitz,,,,
2911,2021-04-19,Markowitz,,,,
2912,2021-04-20,Markowitz,,,,
2913,2021-04-21,Markowitz,,,,
2914,2021-04-22,Markowitz,,,,
2915,2021-04-23,Markowitz,,,,
2916,2021-04-26,Markowitz,,,,
2917,2021-04-27,Markowitz,,,,
2918,2021-04-28,Markowitz,,,,
2919,2021-04-29,Markowitz,,,,
2920,2021-04-30,Markowitz,,,,
2921,2021-05-03,Markowitz,,,,
2922,2021-05-04,Markowitz,,,,
2923,2021-05-05,Markowitz,,,,
2924,2021-05-06,Markowitz,,,,
2925,2021-05-07,Markowitz,,,,
2926,2021-05-10,Markowitz,,,,
2927,2021-05-11,Markowitz,,,,
2928,2021-05-12,Markowitz,,,,
2929,2021-05-13,Markowitz,,,,
2930,2021-05-14,Markowitz,,,,
2931,2021-05-17,Markowitz,,,,
2932,2021-05-18,Markowitz,,,,
2933,2021-05-19,Markowitz,,,,
2934,2021-05-20,Markowitz,,,,
2935,2021-05-21,Markowitz,,,,
2936,2021-05-24,Markowitz,,,,
2937,2021-05-25,Markowitz,,,,
2938,2021-05-26,Markowitz,,,,
2939,2021-05-27,Markowitz,,,,
2940,2021-05-28,Markowitz,,,,
2941,2021-06-01,Markowitz,,,,
2942,2021-06-02,Markowitz,,,,
2943,2021-06-03,Markowitz,,,,
2944,2021-06-04,Markowitz,,,,
2945,2021-06-07,Markowitz,,,,
2946,2021-06-08,Markowitz,,,,
2947,2021-06-09,Markowitz,,,,
2948,2021-06-10,Markowitz,,,,
2949,2021-06-11,Markowitz,,,,
2950,2021-06-14,Markowitz,,,,
2951,2021-06-15,Markowitz,,,,
2952,2021-06-16,Markowitz,,,,
2953,2021-06-17,Markowitz,,,,
2954,2021-06-18,Markowitz,,,,
2955,2021-06-21,Markowitz,,,,
2956,2021-06-22,Markowitz,,,,
2957,2021-06-23,Markowitz,,,,
2958,2021-06-24,Markowitz,,,,
2959,2021-06-25,Markowitz,,,,
2960,2021-06-28,Markowitz,,,,
2961,2021-06-29,Markowitz,,,,
2962,2021-06-30,Markowitz,,,,
2963,2021-07-01,Markowitz,,,,
2964,2021-07-02,Markowitz,,,,
2965,2021-07-06,Markowitz,,,,
2966,2021-07-07,Markowitz,,,,
2967,2021-07-08,Markowitz,,,,
2968,2021-07-09,Markowitz,,,,
2969,2021-07-12,Markowitz,,,,
2970,2021-07-13,Markowitz,,,,
2971,2021-07-14,Markowitz,,,,
2972,2021-07-15,Markowitz,,,,
2973,2021-07-16,Markowitz,,,,
2974,2021-07-19,Markowitz,,,,
2975,2021-07-20,Markowitz,,,,
2976,2021-07-21,Markowitz,,,,
2977,2021-07-22,Markowitz,,,,
2978,2021-07-23,Markowitz,,,,
2979,2021-07-26,Markowitz,,,,
2980,2021-07-27,Markowitz,,,,
2981,2021-07-28,Markowitz,,,,
2982,2021-07-29,Markowitz,,,,
2983,2021-07-30,Markowitz,,,,
2984,2021-08-02,Markowitz,,,,
2985,2021-08-03,Markowitz,,,,
2986,2021-08-04,Markowitz,,,,
2987,2021-08-05,Markowitz,,,,
2988,2021-08-06,Markowitz,,,,
2989,2021-08-09,Markowitz,,,,
2990,2021-08-10,Markowitz,,,,
2991,2021-08-11,Markowitz,,,,
2992,2021-08-12,Markowitz,,,,
2993,2021-08-13,Markowitz,,,,
2994,2021-08-16,Markowitz,,,,
2995,2021-08-17,Markowitz,,,,
2996,2021-08-18,Markowitz,,,,
2997,2021-08-19,Markowitz,,,,
2998,2021-08-20,Markowitz,,,,
2999,2021-08-23,Markowitz,,,,
3000,2021-08-24,Markowitz,,,,
3001,2021-08-25,Markowitz,,,,
3002,2021-08-26,Markowitz,,,,
3003,2021-08-27,Markowitz,,,,
3004,2021-08-30,Markowitz,,,,
3005,2021-08-31,Markowitz,,,,
3006,2021-09-01,Markowitz,,,,
3007,2021-09-02,Markowitz,,,,
3008,2021-09-03,Markowitz,,,,
3009,2021-09-07,Markowitz,,,,
3010,2021-09-08,Markowitz,,,,
3011,2021-09-09,Markowitz,,,,
3012,2021-09-10,Markowitz,,,,
3013,2021-09-13,Markowitz,,,,
3014,2021-09-14,Markowitz,,,,
3015,2021-09-15,Markowitz,,,,
3016,2021-09-16,Markowitz,,,,
3017,2021-09-17,Markowitz,,,,
3018,2021-09-20,Markowitz,,,,
3019,2021-09-21,Markowitz,,,,
3020,2021-09-22,Markowitz,,,,
3021,2021-09-23,Markowitz,,,,
3022,2021-09-24,Markowitz,,,,
3023,2021-09-27,Markowitz,,,,
3024,2021-09-28,Markowitz,,,,
3025,2021-09-29,Markowitz,,,,
3026,2021-09-30,Markowitz,,,,
3027,2021-10-01,Markowitz,,,,
3028,2021-10-04,Markowitz,,,,
3029,2021-10-05,Markowitz,,,,
3030,2021-10-06,Markowitz,,,,
3031,2021-10-07,Markowitz,,,,
3032,2021-10-08,Markowitz,,,,
3033,2021-10-11,Markowitz,,,,
3034,2021-10-12,Markowitz,,,,
3035,2021-10-13,Markowitz,,,,
3036,2021-10-14,Markowitz,,,,
3037,2021-10-15,Markowitz,,,,
3038,2021-10-18,Markowitz,,,,
3039,2021-10-19,Markowitz,,,,
3040,2021-10-20,Markowitz,,,,
3041,2021-10-21,Markowitz,,,,
3042,2021-10-22,Markowitz,,,,
3043,2021-10-25,Markowitz,,,,
3044,2021-10-26,Markowitz,,,,
3045,2021-10-27,Markowitz,,,,
3046,2021-10-28,Markowitz,,,,
3047,2021-10-29,Markowitz,,,,
3048,2021-11-01,Markowitz,,,,
3049,2021-11-02,Markowitz,,,,
3050,2021-11-03,Markowitz,,,,
3051,2021-11-04,Markowitz,,,,
3052,2021-11-05,Markowitz,,,,
3053,2021-11-08,Markowitz,,,,
3054,2021-11-09,Markowitz,,,,
3055,2021-11-10,Markowitz,,,,
3056,2021-11-11,Markowitz,,,,
3057,2021-11-12,Markowitz,,,,
3058,2021-11-15,Markowitz,,,,
3059,2021-11-16,Markowitz,,,,
3060,2021-11-17,Markowitz,,,,
3061,2021-11-18,Markowitz,,,,
3062,2021-11-19,Markowitz,,,,
3063,2021-11-22,Markowitz,,,,
3064,2021-11-23,Markowitz,,,,
3065,2021-11-24,Markowitz,,,,
3066,2021-11-26,Markowitz,,,,
3067,2021-11-29,Markowitz,,,,
3068,2021-11-30,Markowitz,,,,
3069,2021-12-01,Markowitz,,,,
3070,2021-12-02,Markowitz,,,,
3071,2021-12-03,Markowitz,,,,
3072,2021-12-06,Markowitz,,,,
3073,2021-12-07,Markowitz,,,,
3074,2021-12-08,Markowitz,,,,
3075,2021-12-09,Markowitz,,,,
3076,2021-12-10,Markowitz,,,,
3077,2021-12-13,Markowitz,,,,
3078,2021-12-14,Markowitz,,,,
3079,2021-12-15,Markowitz,,,,
3080,2021-12-16,Markowitz,,,,
3081,2021-12-17,Markowitz,,,,
3082,2021-12-20,Markowitz,,,,
3083,2021-12-21,Markowitz,,,,
3084,2021-12-22,Markowitz,,,,
3085,2021-12-23,Markowitz,,,,
3086,2021-12-27,Markowitz,,,,
3087,2021-12-28,Markowitz,,,,
3088,2021-12-29,Markowitz,,,,
3089,2021-12-30,Markowitz,,,,
3090,2021-12-31,Markowitz,,,,
3091,2022-01-03,Markowitz,0.045707532499725256,0.17304035424572023,-0.024806164544597324,0.031279044750653684
3092,2022-01-04,Markowitz,0.04266326577741697,0.17297820066697017,-0.04241421285626754,0.028155845993251383
3093,2022-01-05,Markowitz,0.018649177559850072,0.17405028663690963,-0.18012508365212643,0.003574101473976077
3094,2022-01-06,Markowitz,0.018866886865276822,0.17405582695440738,-0.1788685485541272,0.0037916366672525736
3095,2022-01-07,Markowitz,0.0187685678298104,0.17405816778195202,-0.17943100612959553,0.003692548115316052
3096,2022-01-10,Markowitz,0.018737416749310065,0.17405971204645107,-0.17960838199219206,0.0036610138259194347
3097,2022-01-11,Markowitz,0.03750129042457151,0.17429402196211827,-0.071710489176416,0.022628325823760287
3098,2022-01-12,Markowitz,0.03432583409944634,0.17422335484439871,-0.08996592858949638,0.01939907490412529
3099,2022-01-13,Markowitz,0.021860611352407466,0.17430186331505274,-0.16144054981632783,0.0067584133046096895
3100,2022-01-14,Markowitz,0.023985572875011574,0.17420334193934073,-0.14933368576847914,0.008917205208999635
3101,2022-01-18,Markowitz,-0.011139761642715462,0.1748761302296863,-0.3496175353515263,-0.026023158965270188
3102,2022-01-19,Markowitz,-0.03726826312932385,0.17454509920957872,-0.49997544201765093,-0.051091357321677355
3103,2022-01-20,Markowitz,-0.05599640459363364,0.17625797044927433,-0.6013708448103264,-0.06898431579415787
3104,2022-01-21,Markowitz,-0.059604302304732903,0.1764100652656226,-0.6213041310296012,-0.07236302121198279
3105,2022-01-24,Markowitz,-0.05346871027164568,0.17666307259759953,-0.5856838599616409,-0.06669386125557752
3106,2022-01-25,Markowitz,-0.050000441303729715,0.1765813892942298,-0.5663135945606554,-0.06343709473133619
3107,2022-01-26,Markowitz,-0.01893281958784654,0.170741425804368,-0.40372639072856487,-0.032867301100876656
3108,2022-01-27,Markowitz,-0.03980802187800969,0.16990825836054094,-0.5285677267519239,-0.05271711774852739
3109,2022-01-28,Markowitz,-0.014289182792306288,0.17039365611189008,-0.37729798314844765,-0.028308179722157933
3110,2022-01-31,Markowitz,-0.013980712208885637,0.17042854582907788,-0.37541077345723317,-0.028014026646067558
3111,2022-02-01,Markowitz,-0.021847206495009375,0.16990555804862353,-0.4228655455429431,-0.0355461836410762
3112,2022-02-02,Markowitz,-0.007886807547536567,0.16936999092720295,-0.3417772371046353,-0.021897476185897435
3113,2022-02-03,Markowitz,0.001224338148069437,0.16853422392953482,-0.2894110211841837,-0.012803922326376282
3114,2022-02-04,Markowitz,-0.005170386527711068,0.1687920381877214,-0.3268541995230459,-0.019139472417202485
3115,2022-02-07,Markowitz,-0.024353252964401717,0.1686127754959604,-0.44097045876682733,-0.03774857001516663
3116,2022-02-08,Markowitz,-0.005852998257740993,0.16896536128692416,-0.3305588662216729,-0.019837307817289207
3117,2022-02-09,Markowitz,0.012010971870845322,0.16952734828072374,-0.22408790389529296,-0.002264156884024593
3118,2022-02-10,Markowitz,-0.0010436605329221527,0.17064992083688796,-0.29911329746066,-0.015394522202115901
3119,2022-02-11,Markowitz,-0.022777667672735813,0.17045828774572527,-0.4269529433576099,-0.03653356283683584
3120,2022-02-14,Markowitz,-0.02454875154467029,0.17057911030369446,-0.4370333003375718,-0.03825856393354665
3121,2022-02-15,Markowitz,0.0010296893439021293,0.1707936604981345,-0.2867220628287474,-0.013374797140338068
3122,2022-02-16,Markowitz,0.00047546076832993833,0.17079104775053297,-0.2899715171488871,-0.013921021975297987
3123,2022-02-17,Markowitz,-0.005856467506485052,0.17123770121088666,-0.32619257973859034,-0.020220618871772955
3124,2022-02-18,Markowitz,0.0007948690744701281,0.17091869416095715,-0.28788618569243535,-0.013627905565900322
3125,2022-02-22,Markowitz,-0.008059091259483009,0.17133726275645353,-0.3388585198889911,-0.02239315745331727
3126,2022-02-23,Markowitz,-0.030395786352033105,0.17103445434051168,-0.47005608701492113,-0.04394084833912082
3127,2022-02-24,Markowitz,-0.013270321251117823,0.17036730251526397,-0.37137596426667113,-0.02731394926933961
3128,2022-02-25,Markowitz,0.020702489428234938,0.1721612479464333,-0.17017482692086877,0.005996207883893101
3129,2022-02-28,Markowitz,-0.0018440812166794496,0.17062850409035346,-0.30384185510544176,-0.016177423475648545
3130,2022-03-01,Markowitz,-0.01393178566660036,0.17109398314512506,-0.3736647221099076,-0.028076016500290013
3131,2022-03-02,Markowitz,0.03373619611437062,0.17172071785132978,-0.09471078440115803,0.019274031280826387
3132,2022-03-03,Markowitz,0.04291355901754479,0.17115503333591373,-0.04140363765141025,0.02877036253693932
3133,2022-03-04,Markowitz,0.011336062661374213,0.16823530737893355,-0.22982058844246683,-0.0027228223652809858
3134,2022-03-07,Markowitz,0.004074780256742572,0.16894281023756916,-0.2718388529152374,-0.010057484291520424
3135,2022-03-08,Markowitz,-0.02053927201531136,0.16804104839933787,-0.4197740533472493,-0.033983203739606394
3136,2022-03-09,Markowitz,-0.01329796130588734,0.16848271676942828,-0.3756940920682789,-0.027033387858811597
3137,2022-03-10,Markowitz,-0.0274122682754403,0.16808186725660818,-0.46056287652525957,-0.04060683029123202
3138,2022-03-11,Markowitz,-0.03556078930461759,0.16811258015155964,-0.5089493554110074,-0.04839861066066575
3139,2022-03-14,Markowitz,-0.027394669863198717,0.1686161019486596,-0.45899928280137753,-0.04067508192965219
3140,2022-03-15,Markowitz,-0.029121468789658267,0.16857523977848715,-0.4693540338048827,-0.04232385272214256
3141,2022-03-16,Markowitz,-0.025309444204799747,0.16880955951866747,-0.446120731666691,-0.03870326968172
3142,2022-03-17,Markowitz,-0.0004721499380230254,0.1680784109283233,-0.300289309372081,-0.014404245514373915
3143,2022-03-18,Markowitz,-0.006895878634976538,0.1676865711965387,-0.3392989565532422,-0.02065174599489894
3144,2022-03-21,Markowitz,-0.011711061171419734,0.16773397315928276,-0.3679103285344464,-0.02536406433596139
3145,2022-03-22,Markowitz,0.010882883845052649,0.16709806354941167,-0.23409676524097026,-0.0029853156945015558
3146,2022-03-23,Markowitz,-0.0009522705987680125,0.16834756379657217,-0.3026611698422777,-0.014924828882705632
3147,2022-03-24,Markowitz,-0.003353082899675397,0.16827653862605818,-0.31705598020551096,-0.01727535043485906
3148,2022-03-25,Markowitz,-0.0289314755928185,0.16690695888557797,-0.47290703826752656,-0.041878878011271325
3149,2022-03-28,Markowitz,-0.029230712419501037,0.16690896420965753,-0.4746941711289864,-0.04216589307476104
3150,2022-03-29,Markowitz,-0.008399502242858792,0.16792336471040314,-0.34777472654608405,-0.02216564708182145
3151,2022-03-30,Markowitz,-0.024925776868450655,0.16817569210777147,-0.4455208474506305,-0.038234953166319974
3152,2022-03-31,Markowitz,-0.06050651110818461,0.16768775646287773,-0.6590016673796232,-0.071787080880658
3153,2022-04-01,Markowitz,-0.06754161301311745,0.16724795557509436,-0.702798504226506,-0.07822895615396397
3154,2022-04-04,Markowitz,-0.060652974208607824,0.16731937286581966,-0.6613279282211094,-0.07186666665325259
3155,2022-04-05,Markowitz,-0.053038933524030774,0.1672060048286625,-0.6162394324869834,-0.06475349253787588
3156,2022-04-06,Markowitz,-0.059240917774253665,0.1671108337489527,-0.6537033854930324,-0.07052253272713038
3157,2022-04-07,Markowitz,-0.050003810119682246,0.16730414944610753,-0.5977365800595146,-0.061925244250891964
3158,2022-04-08,Markowitz,-0.03670224688341761,0.16775754323563555,-0.5168306903590852,-0.04943320431596365
3159,2022-04-11,Markowitz,-0.059827837857422406,0.16847221989615987,-0.6519047349474962,-0.07128024937933597
3160,2022-04-12,Markowitz,-0.0479854982217619,0.1681786999146323,-0.5826272784335915,-0.06016767983742999
3161,2022-04-13,Markowitz,-0.060100695083609934,0.16694656155804868,-0.6594966320724552,-0.07129992940553453
3162,2022-04-14,Markowitz,-0.07090900886722196,0.16705587668727648,-0.7237638762841008,-0.08130298189545204
3163,2022-04-18,Markowitz,-0.05985332499908402,0.16658854179829805,-0.6594290568440905,-0.07101434990706634
3164,2022-04-19,Markowitz,-0.03841895352759417,0.16735906046549612,-0.5283188928144301,-0.05100339942320786
3165,2022-04-20,Markowitz,-0.03642584587723652,0.16749334330824447,-0.5159957056811726,-0.049130841686512494
3166,2022-04-21,Markowitz,-0.03931468959962525,0.16771936619102434,-0.5325246071935431,-0.0519104627928727
3167,2022-04-22,Markowitz,-0.078055807109644,0.17011848818094544,-0.7527447985161863,-0.0883230462034239
3168,2022-04-25,Markowitz,-0.07960496605895129,0.17011717897755652,-0.7618570143115881,-0.08973452483060729
3169,2022-04-26,Markowitz,-0.10021197643987123,0.1706955212896925,-0.8799995178839048,-0.10839565066820578
3170,2022-04-27,Markowitz,-0.09318883773607922,0.1706772647168888,-0.8389449993447806,-0.10210651216439959
3171,2022-04-28,Markowitz,-0.08870176294291432,0.1711246927991368,-0.8105303838629533,-0.09813466957770522
3172,2022-04-29,Markowitz,-0.08578059901593793,0.17090300156033134,-0.7944892586804879,-0.09546077661947727
3173,2022-05-02,Markowitz,-0.08726835873733818,0.17076723519755016,-0.8038331157528013,-0.09678541438648813
3174,2022-05-03,Markowitz,-0.06185613101068432,0.17066446522945553,-0.6554154718751536,-0.07351414409064672
3175,2022-05-04,Markowitz,-0.04817788810506196,0.1727014951401009,-0.5684831392190146,-0.06107051962586563
3176,2022-05-05,Markowitz,-0.10029443124883797,0.17330542475805205,-0.8672228896392641,-0.10886827560174384
3177,2022-05-06,Markowitz,-0.11570695157376887,0.17324254754167825,-0.95650262551065,-0.1224941031568374
3178,2022-05-09,Markowitz,-0.11678959240422215,0.17337757191283842,-0.962002123827595,-0.12346495060052132
3179,2022-05-10,Markowitz,-0.12577238718421857,0.173457968713998,-1.0133428200928414,-0.13131933047265987
3180,2022-05-11,Markowitz,-0.11565188096381451,0.17260714904166863,-0.9597046349674945,-0.12234816608788279
3181,2022-05-12,Markowitz,-0.12000047296251193,0.17221120018771544,-0.987162697764177,-0.1260996549915261
3182,2022-05-13,Markowitz,-0.12386704110648326,0.1717067333001682,-1.01258138085091,-0.12940011354450642
3183,2022-05-16,Markowitz,-0.1296795980443095,0.17150999528389774,-1.0476333915518379,-0.1344194238277111
3184,2022-05-17,Markowitz,-0.09454003650566156,0.17244672945847553,-0.8381720949974073,-0.10358867976363995
3185,2022-05-18,Markowitz,-0.12604063548292255,0.17518851176518924,-1.0048640387953944,-0.1318192919643918
3186,2022-05-19,Markowitz,-0.14347098013803816,0.17515626869523226,-1.1045621237494676,-0.14682438989051338
3187,2022-05-20,Markowitz,-0.13970689415921478,0.17514947540073725,-1.0831142584079714,-0.14360407947740572
3188,2022-05-23,Markowitz,-0.1358869637266611,0.1754119830988439,-1.0597164483450061,-0.14036362321424833
3189,2022-05-24,Markowitz,-0.13483315570406262,0.1753796457860426,-1.0539031190059136,-0.1394518735931175
3190,2022-05-25,Markowitz,-0.13201465796052292,0.17551971323053503,-1.0370040755562149,-0.13704267262912306
3191,2022-05-26,Markowitz,-0.11985898055802313,0.1765142019477644,-0.9622963970246952,-0.126633674785518
3192,2022-05-27,Markowitz,-0.10122217998306249,0.17780059192137046,-0.8505156161118863,-0.11039625698936328
3193,2022-05-31,Markowitz,-0.11228762787308144,0.17823308540467006,-0.9105359283020591,-0.12025808013514383
3194,2022-06-01,Markowitz,-0.1189459387316747,0.1785826716217004,-0.9460376933410446,-0.1261537587502497
3195,2022-06-02,Markowitz,-0.09394724973599944,0.17949821124266277,-0.8019425304545115,-0.10416824588662166
3196,2022-06-03,Markowitz,-0.10835202564558655,0.17951023508579633,-0.8821336876412796,-0.11698723272435607
3197,2022-06-06,Markowitz,-0.10902403991597609,0.17951920892708265,-0.8858330028658308,-0.1175821069527403
3198,2022-06-07,Markowitz,-0.0973153742634959,0.17986616045899168,-0.8190277364434142,-0.10724024054475678
3199,2022-06-08,Markowitz,-0.10338713389312004,0.1801355772776972,-0.8515093809406582,-0.11268984236390733
3200,2022-06-09,Markowitz,-0.11648655562815124,0.18028276016749362,-0.9234746321471622,-0.12426566976737241
3201,2022-06-10,Markowitz,-0.14490044736709795,0.18273972451055182,-1.0665466848498173,-0.14919717625579776
3202,2022-06-13,Markowitz,-0.18269612070106567,0.18653222281846654,-1.2474848430210683,-0.18136044832454745
3203,2022-06-14,Markowitz,-0.1911513312483749,0.1866681082309491,-1.291872154990815,-0.18827876685501344
3204,2022-06-15,Markowitz,-0.1996858793920432,0.1872178311855017,-1.333665056426415,-0.19526584274334102
3205,2022-06-16,Markowitz,-0.21128048465856542,0.1887085340493386,-1.3845716409955926,-0.20477798914287182
3206,2022-06-17,Markowitz,-0.2055384102857185,0.18841747911025158,-1.3562351618991326,-0.20015060022773856
3207,2022-06-21,Markowitz,-0.1994868340652467,0.1889634999645117,-1.320291136182922,-0.19537297214301141
3208,2022-06-22,Markowitz,-0.20953214928529096,0.1889790599154689,-1.3733381328141898,-0.2034241471957544
3209,2022-06-23,Markowitz,-0.2104094772251075,0.18898756907121048,-1.3779185504364324,-0.20412456051844086
3210,2022-06-24,Markowitz,-0.19157786763442397,0.19088337036090355,-1.2655783852604459,-0.18926815320373302
3211,2022-06-27,Markowitz,-0.1786057937314217,0.1907998783303496,-1.198144337050442,-0.17866171940367803
3212,2022-06-28,Markowitz,-0.19774510126923628,0.1912667755855478,-1.2952856057241757,-0.19431611086197997
3213,2022-06-29,Markowitz,-0.21091233225185912,0.19115640330080533,-1.3649154710307312,-0.20484713123262754
3214,2022-06-30,Markowitz,-0.22163932490198113,0.19121791487482515,-1.4205746625769942,-0.21334771526350438
3215,2022-07-01,Markowitz,-0.210279133900646,0.1913990195264059,-1.3598770492381609,-0.20437981339701583
3216,2022-07-05,Markowitz,-0.22390919934940678,0.19133510549874685,-1.4315679218166304,-0.21515041857010475
3217,2022-07-06,Markowitz,-0.21652804125963654,0.19139274838653192,-1.3925712625295672,-0.20933944551020933
3218,2022-07-07,Markowitz,-0.1963522273245739,0.1924430107278118,-1.2801308106378069,-0.19337195437429844
3219,2022-07-08,Markowitz,-0.18668805740643069,0.19229403465068748,-1.2308653143421082,-0.1855093723266359
3220,2022-07-11,Markowitz,-0.20325428149124447,0.1920653551009057,-1.318583881815603,-0.1988668055079713
3221,2022-07-12,Markowitz,-0.21292311216536008,0.19210313003819796,-1.3686560552817657,-0.20658764754223224
3222,2022-07-13,Markowitz,-0.21261831750389715,0.19210474263695188,-1.3670579596267696,-0.20634582346994468
3223,2022-07-14,Markowitz,-0.22231808700566436,0.19211487304612535,-1.4174752984391938,-0.21401504215543887
3224,2022-07-15,Markowitz,-0.20566650073655768,0.19255715179376476,-1.3277434691721302,-0.20087344068658042
3225,2022-07-18,Markowitz,-0.1974754158212061,0.19235236749967122,-1.2865732771478837,-0.19426369279426858
3226,2022-07-19,Markowitz,-0.15619967033096782,0.19400574677227356,-1.062853414198125,-0.1605466905509786
3227,2022-07-20,Markowitz,-0.15896673278359041,0.19398164142670082,-1.0772500492658834,-0.16286385298658024
3228,2022-07-21,Markowitz,-0.1598111080768907,0.1939610363334545,-1.0817178132425886,-0.1635675404147584
3229,2022-07-22,Markowitz,-0.1604310214726784,0.1939636486913139,-1.0848992730981861,-0.16408664766096226
3230,2022-07-25,Markowitz,-0.1584743919989594,0.19400269942294915,-1.0745953155242456,-0.16245473879135985
3231,2022-07-26,Markowitz,-0.1698758455308318,0.19422484577674645,-1.132068580883674,-0.17199174452016974
3232,2022-07-27,Markowitz,-0.13931916882300288,0.19468257711401035,-0.9724504967495547,-0.1463575628060496
3233,2022-07-28,Markowitz,-0.13476557686204949,0.19485426893298158,-0.9482244236876226,-0.14248781384143605
3234,2022-07-29,Markowitz,-0.13619086045289497,0.19473999075153903,-0.9560997704392851,-0.14369108238112238
3235,2022-08-01,Markowitz,-0.13356223750506535,0.19470565005814738,-0.9427679035007246,-0.14143025918264984
3236,2022-08-02,Markowitz,-0.13912517980353944,0.19493342275621997,-0.9702039656896385,-0.1462338362589748
3237,2022-08-03,Markowitz,-0.13139273472028845,0.19526438643400915,-0.9289596430406488,-0.1396578779418619
3238,2022-08-04,Markowitz,-0.11741763083395995,0.19494222015859028,-0.8588064232456242,-0.12748895409830885
3239,2022-08-05,Markowitz,-0.10811036275700125,0.19496834741052085,-0.8109540079553924,-0.11933109262982866
3240,2022-08-08,Markowitz,-0.09419805102201695,0.19512483581255563,-0.7390040863918476,-0.10701525046686344
3241,2022-08-09,Markowitz,-0.09594990711958762,0.19516490667689262,-0.7478286419659276,-0.10858583073245676
3242,2022-08-10,Markowitz,-0.0669075710131325,0.19657410296540073,-0.5947251914139959,-0.08255709816939905
3243,2022-08-11,Markowitz,-0.07403788266759281,0.19621460685874823,-0.6321541737047421,-0.08901385836400266
3244,2022-08-12,Markowitz,-0.0531584603575147,0.1970926461360257,-0.5234008593416455,-0.06994618178699508
3245,2022-08-15,Markowitz,-0.05550397290777498,0.19703762992924104,-0.5354508828880196,-0.07211557036859773
3246,2022-08-16,Markowitz,-0.0395146357393783,0.19720215563279683,-0.45392321119481244,-0.057187311418780085
3247,2022-08-17,Markowitz,-0.03238495345257986,0.1969978020536703,-0.41820239918278285,-0.050402019640606754
3248,2022-08-18,Markowitz,-0.005935802179301786,0.19648437093505808,-0.2846832138001941,-0.024848883007775435
3249,2022-08-19,Markowitz,-0.013524608554092321,0.1968669035840026,-0.3226779483885494,-0.032294675276031914
3250,2022-08-22,Markowitz,-0.031597809326774584,0.19741175531915475,-0.41333814794795654,-0.04973141802437253
3251,2022-08-23,Markowitz,-0.03995665426650574,0.19712130326123178,-0.4563517629918069,-0.057589192289725144
3252,2022-08-24,Markowitz,-0.03984313939848638,0.19712146018492116,-0.45577553714447855,-0.057482220676996154
3253,2022-08-25,Markowitz,-0.01900041354652937,0.19750865566536244,-0.34935387167758514,-0.0377013473805512
3254,2022-08-26,Markowitz,-0.04024260874939711,0.1998310523178689,-0.45159452298659397,-0.05837277089690163
3255,2022-08-29,Markowitz,-0.0533610758568156,0.1994342992132817,-0.5182713117279681,-0.07057433333971752
3256,2022-08-30,Markowitz,-0.06381960649648566,0.19990140230798623,-0.5693787296255424,-0.08033267613681905
3257,2022-08-31,Markowitz,-0.07143590201974404,0.19998952179720936,-0.6072113225155906,-0.0873284900757697
3258,2022-09-01,Markowitz,-0.07104467970895512,0.1999946517522651,-0.6052395834009305,-0.08697219285215851
3259,2022-09-02,Markowitz,-0.07875850057685485,0.20017179764659046,-0.6432399673213806,-0.09402229536236062
3260,2022-09-06,Markowitz,-0.08617409207609616,0.20023457479210496,-0.680072820677847,-0.10072930470513275
3261,2022-09-07,Markowitz,-0.05355475783899977,0.2009399280123902,-0.515351821130415,-0.07103139906722977
3262,2022-09-08,Markowitz,-0.036661013040447,0.20109387829195538,-0.43094804166355277,-0.055230171664029104
3263,2022-09-09,Markowitz,-0.01560250359737647,0.20124045069115565,-0.3259906414046788,-0.03514921267557125
3264,2022-09-12,Markowitz,-0.0031994923800009456,0.2014832825629085,-0.2640392379124091,-0.023154424387705097
3265,2022-09-13,Markowitz,-0.057285876160731886,0.20772934996277911,-0.5164695127576114,-0.07581005295620868
3266,2022-09-14,Markowitz,-0.051086078672504254,0.20748163127693534,-0.48720495424281673,-0.07001315127047969
3267,2022-09-15,Markowitz,-0.05849812010019095,0.20782312666634972,-0.5220695205610085,-0.07694814399458738
3268,2022-09-16,Markowitz,-0.06687774050132755,0.20810604718295425,-0.5616258733633805,-0.08470665163648172
3269,2022-09-19,Markowitz,-0.0400338907220994,0.20803741168785717,-0.43277740283169724,-0.05978364637244937
3270,2022-09-20,Markowitz,-0.04555897700879896,0.20853602483948008,-0.4582372617985558,-0.06506358613689911
3271,2022-09-21,Markowitz,-0.05947058321368803,0.20900914769621912,-0.523759770423045,-0.07807427670195122
3272,2022-09-22,Markowitz,-0.05126955994703142,0.20873103449303684,-0.485167719275639,-0.07042654693515815
3273,2022-09-23,Markowitz,-0.07307144756575834,0.20913139372649353,-0.5884886308686575,-0.09055546702225747
3274,2022-09-26,Markowitz,-0.08082957134649682,0.20951005516397322,-0.6244548560884247,-0.09765794338821498
3275,2022-09-27,Markowitz,-0.0744333108903934,0.2094711450923121,-0.5940355691260327,-0.09185863386209003
3276,2022-09-28,Markowitz,-0.04136644964632907,0.21036739754863928,-0.43431848618654956,-0.06149230250274096
3277,2022-09-29,Markowitz,-0.05502383246742071,0.21090731989953515,-0.4979620077551049,-0.07433113174107586
3278,2022-09-30,Markowitz,-0.06395180632696451,0.2111106652565435,-0.5397728541496911,-0.08260010145775365
3279,2022-10-03,Markowitz,-0.026435532271013806,0.21391148997981127,-0.35732317267402375,-0.04807443222013008
3280,2022-10-04,Markowitz,0.01355134784151435,0.2164080649010064,-0.16842557219463475,-0.00975550534189562
3281,2022-10-05,Markowitz,0.016893918627840954,0.21649321424433637,-0.15291971846653446,-0.00645833981637034
3282,2022-10-06,Markowitz,0.011969769256627627,0.21650632451153806,-0.1756541331029139,-0.011341189175692823
3283,2022-10-07,Markowitz,-0.00017129539725169174,0.21711972252019546,-0.2310766374187172,-0.023402654308233073
3284,2022-10-10,Markowitz,0.003745329667779851,0.21700661341534908,-0.21314866678136232,-0.019546084219313586
3285,2022-10-11,Markowitz,0.02172891141569122,0.21631399108907634,-0.1306946834181751,-0.001604471232729332
3286,2022-10-12,Markowitz,0.01591804848716938,0.21645108541787714,-0.1574579838536385,-0.007418246916331084
3287,2022-10-13,Markowitz,0.022245821920297115,0.2169508566292503,-0.12792840973719827,-0.0012238821404412237
3288,2022-10-14,Markowitz,-0.019948193835309547,0.21642407721384527,-0.32319968617075273,-0.04238674153119304
3289,2022-10-17,Markowitz,0.003534290312729116,0.21737518441491255,-0.21375811508723075,-0.019831404589910173
3290,2022-10-18,Markowitz,0.01879791930325092,0.21759323077250114,-0.14339637582463027,-0.004802952051534692
3291,2022-10-19,Markowitz,-0.012054282729949906,0.2181775110598049,-0.28442107726190047,-0.0351630071817447
3292,2022-10-20,Markowitz,-0.0357904114858858,0.21832843499332238,-0.39294199808884134,-0.057828982380641825
3293,2022-10-21,Markowitz,-0.003306353388178973,0.21935767061787534,-0.24301112077835435,-0.026932609896338944
3294,2022-10-24,Markowitz,0.0074323305307950616,0.2195915364233308,-0.19384931752170337,-0.0164768688192245
3295,2022-10-25,Markowitz,0.023428593122924113,0.22030208375084254,-0.1206135068024488,-0.0007723527968481747
3296,2022-10-26,Markowitz,0.023948149210484937,0.2203083215137664,-0.11825177828286057,-0.0002544764712333336
3297,2022-10-27,Markowitz,0.03835918111765024,0.22052543174006822,-0.05278674115042981,0.0142074728371413
3298,2022-10-28,Markowitz,0.0876655769011675,0.2242897939571069,0.16793263855942836,0.06459179292857398
3299,2022-10-31,Markowitz,0.08381670072152614,0.2244687573978254,0.1506521491611988,0.06046073780035366
3300,2022-11-01,Markowitz,0.08403903092503862,0.22447531754025843,0.15163819032769113,0.06069491342274347
3301,2022-11-02,Markowitz,0.056600050087232234,0.2258785715121266,0.029219460894624523,0.03166393038599824
3302,2022-11-03,Markowitz,0.030109789387161245,0.22425062112766406,-0.08869634569045595,0.005058383439009662
3303,2022-11-04,Markowitz,0.013440413351735514,0.22211141832712164,-0.1646002124682316,-0.011098344945279393
3304,2022-11-07,Markowitz,0.008796209324481663,0.22182069947016356,-0.18575268572291442,-0.015617765340421141
3305,2022-11-08,Markowitz,0.010448182814801199,0.22186387154346968,-0.17827065267564052,-0.013999661043214706
3306,2022-11-09,Markowitz,-0.012417815614316319,0.2228104083929365,-0.28013868860309077,-0.03649466003185686
3307,2022-11-10,Markowitz,0.051543472228628984,0.2296820601612809,0.006720038245673899,0.025610142662308766
3308,2022-11-11,Markowitz,0.04558867411177436,0.22949699521897482,-0.019221715229938274,0.019564967921495757
3309,2022-11-14,Markowitz,0.042096335943325625,0.22948996239934785,-0.0344401296424494,0.016012758176105812
3310,2022-11-15,Markowitz,0.03952524760741982,0.2294552175080818,-0.04565053044484047,0.01341229586135717
3311,2022-11-16,Markowitz,0.015159162780458812,0.2285035827053552,-0.15247392100834953,-0.010767995883749326
3312,2022-11-17,Markowitz,0.018391132310804914,0.22844889390090137,-0.13836297103240372,-0.007553469206079799
3313,2022-11-18,Markowitz,0.02571751749374873,0.22852819928157375,-0.10625595695668343,-0.00027432788146219966
3314,2022-11-21,Markowitz,0.03365482580578261,0.2283360065268345,-0.0715838664380621,0.007735778580767905
3315,2022-11-22,Markowitz,0.06152461151848809,0.22899146992797545,0.05032768915852158,0.036058774362783375
3316,2022-11-23,Markowitz,0.060083524398140575,0.2289956799889022,0.04403368831512127,0.03456616446063565
3317,2022-11-25,Markowitz,0.06665391795366837,0.22893408506327423,0.07274547147081858,0.041399008563077544
3318,2022-11-28,Markowitz,0.061689417498170036,0.22928608613774337,0.05098180048809254,0.03615853304645622
3319,2022-11-29,Markowitz,0.050005046162725386,0.2289103269016587,2.2044277310176786e-05,0.02421178427676307
3320,2022-11-30,Markowitz,0.09506333324792182,0.22803179837271037,0.19761863726683987,0.07162594055516958
3321,2022-12-01,Markowitz,0.11854513213729279,0.22724201764258764,0.3016393396273325,0.09727552472419188
3322,2022-12-02,Markowitz,0.10319649472157866,0.2267345967863463,0.2346201041903901,0.08069235005340336
3323,2022-12-05,Markowitz,0.06297752369429255,0.22761844802954045,0.057014375621295486,0.03789002140767894
3324,2022-12-06,Markowitz,0.0373897147179878,0.22759389664905297,-0.05540695716219979,0.011678952859139002
3325,2022-12-07,Markowitz,0.021894716945956016,0.22665489050302454,-0.12400033809845785,-0.003665953385154297
3326,2022-12-08,Markowitz,0.03145859470395529,0.22655001277141606,-0.08184243765526766,0.005931496413974946
3327,2022-12-09,Markowitz,0.022764281453534374,0.22681824854342383,-0.1200772809126573,-0.002836404496941447
3328,2022-12-12,Markowitz,0.034341801922281534,0.22739551054418364,-0.0688588707852965,0.008643949649980165
3329,2022-12-13,Markowitz,0.04621905730981435,0.22765701305580904,-0.016608065964823907,0.020633333445625235
3330,2022-12-14,Markowitz,0.04406392341243326,0.22768532969380922,-0.02607140563491538,0.01842993585864683
3331,2022-12-15,Markowitz,0.008676769727749445,0.22924663552427754,-0.18025664881731435,-0.017331954923663906
3332,2022-12-16,Markowitz,-0.0007175389372856555,0.22931416829059367,-0.22117054221008664,-0.026535176355091172
3333,2022-12-19,Markowitz,-0.013734455592138817,0.2292849057226114,-0.27797056849980645,-0.03911868765534443
3334,2022-12-20,Markowitz,-0.008694231667295327,0.22916218337959565,-0.2561252943295242,-0.034235964726804013
3335,2022-12-21,Markowitz,-0.007966157923577022,0.22920476829737135,-0.25290118680415696,-0.03354180980189325
3336,2022-12-22,Markowitz,-0.022081745278027864,0.22955524471526,-0.3140060919428696,-0.04716587623454993
3337,2022-12-23,Markowitz,-0.020024470593714594,0.22963725413705421,-0.3049351502518923,-0.04522119976013428
3338,2022-12-27,Markowitz,-0.02318056391560297,0.22955526537788937,-0.3187927917712302,-0.048212337364415214
3339,2022-12-28,Markowitz,-0.031073964173257692,0.2297837083020642,-0.3528272947300563,-0.05574613312196597
3340,2022-12-29,Markowitz,-0.023271257665647194,0.23003024589615023,-0.3185287977248276,-0.04840209089980474
3341,2022-12-30,Markowitz,-0.024448506655427082,0.23005077708106464,-0.3236177143152754,-0.04952629558285082
3342,2023-01-03,Markowitz,-0.03371469417523465,0.2302021788284187,-0.3636572625041548,-0.05832676446838336
3343,2023-01-04,Markowitz,-0.02696642203050703,0.23018707227710916,-0.3343646594446952,-0.05194652648925391
3344,2023-01-05,Markowitz,-0.017013797052091828,0.2305009262145154,-0.2907311400116697,-0.04253135039192746
3345,2023-01-06,Markowitz,0.010534866303023027,0.22980224880041672,-0.1717351936414358,-0.015627016227702795
3346,2023-01-09,Markowitz,-0.023222300940729634,0.23160307713541547,-0.3161542663697748,-0.048704665966390115
3347,2023-01-10,Markowitz,-0.008648114449324229,0.23180820486341494,-0.25300275494510915,-0.03478320347241237
3348,2023-01-11,Markowitz,0.004516241403492494,0.23169726870049825,-0.1963068397465736,-0.021967355018121304
3349,2023-01-12,Markowitz,-0.0024941889960610197,0.23144954040472215,-0.22680619241787014,-0.028744761012611364
3350,2023-01-13,Markowitz,-0.009439553035012538,0.2314806187977735,-0.2567798260766713,-0.03547421458811706
3351,2023-01-17,Markowitz,-0.009851946160616243,0.23149382260327409,-0.25854662335067313,-0.03587486883779034
3352,2023-01-18,Markowitz,-0.019885999426966783,0.23200899849447187,-0.3012210728052083,-0.045616103101338346
3353,2023-01-19,Markowitz,0.005058561632454994,0.23110424797750567,-0.1944639216321084,-0.021302053575870006
3354,2023-01-20,Markowitz,0.023537086485345915,0.23096186756946915,-0.11457698101048876,-0.003016833457272994
3355,2023-01-23,Markowitz,0.046401282719863546,0.22954276044364044,-0.015677764235217728,0.020375537366420948
3356,2023-01-24,Markowitz,0.06058771903882976,0.22938408107881275,0.04615716569796306,0.03498894202154901
3357,2023-01-25,Markowitz,0.051508254166780176,0.22917208840975134,0.006581317023578674,0.025685705206978326
3358,2023-01-26,Markowitz,0.06600014518083341,0.22945116328932694,0.0697322469472861,0.04058879317110975
3359,2023-01-27,Markowitz,0.07202676431916133,0.22907169806674685,0.0961566378782558,0.046969243353550905
3360,2023-01-30,Markowitz,0.07124385377465292,0.2290869975994797,0.09273269106173473,0.04614644733152273
3361,2023-01-31,Markowitz,0.0681337744900854,0.22889549525145525,0.07922294176285283,0.042943694899911566
3362,2023-02-01,Markowitz,0.04329920170153967,0.2281691208363779,-0.029367682506282418,0.01753296158781481
3363,2023-02-02,Markowitz,0.009844273550291494,0.22957341758021205,-0.1749145300573759,-0.01626303706260368
3364,2023-02-03,Markowitz,0.015620277835506567,0.22965617044560022,-0.14970084234090775,-0.01058346240049679
3365,2023-02-06,Markowitz,0.03712556987141491,0.2296330265909252,-0.05606523730369138,0.010928584715160339
3366,2023-02-07,Markowitz,0.060433594086627185,0.22978403075030115,0.045406088719738016,0.03472881492383073
3367,2023-02-08,Markowitz,0.06792890657382611,0.22963376943507868,0.07807608879971335,0.04254760463167706
3368,2023-02-09,Markowitz,0.056790339727849415,0.2293132257833924,0.02961163580797349,0.031077284842640163
3369,2023-02-10,Markowitz,0.068896184787956,0.2303735180331879,0.08202411869767859,0.043384007440552264
3370,2023-02-13,Markowitz,0.09277561505961651,0.22938748825981678,0.18647754236345496,0.06883578102238297
3371,2023-02-14,Markowitz,0.09390095998876968,0.22934205103300567,0.19142132806011963,0.07005002377560476
3372,2023-02-15,Markowitz,0.10106710395120688,0.22904792343606178,0.22295379580449307,0.0778157402253179
3373,2023-02-16,Markowitz,0.0753793103160525,0.2289381610054266,0.11085661824395854,0.05051583283207428
3374,2023-02-17,Markowitz,0.07407194644858017,0.2289405826538886,0.10514495145219419,0.04914315092913757
3375,2023-02-21,Markowitz,0.08925709384704583,0.22841232391608932,0.17186942094012192,0.06532030938880018
3376,2023-02-22,Markowitz,0.08886639258512519,0.22842160710615486,0.17015199690396504,0.06490205596150589
3377,2023-02-23,Markowitz,0.10675501969637613,0.2281113624936749,0.24880400115075302,0.08419281308167004
3378,2023-02-24,Markowitz,0.11210293173702024,0.22795375950980612,0.27243653217462593,0.09004324375633832
3379,2023-02-27,Markowitz,0.10813420251317507,0.2279637017957124,0.25501517151740016,0.08572515669574687
3380,2023-02-28,Markowitz,0.06992115254845543,0.22685883592599385,0.08781298937350684,0.045288013871117805
3381,2023-03-01,Markowitz,0.07241452439199014,0.22687355351508984,0.09879743162968223,0.047893342821132334
3382,2023-03-02,Markowitz,0.08979088116940326,0.22654556359743105,0.17564184677706252,0.06633480214205845
3383,2023-03-03,Markowitz,0.06940175032546492,0.22513086689382392,0.08617987658980213,0.04514655676224977
3384,2023-03-06,Markowitz,0.09083355419025818,0.22557136736236996,0.1810227719401149,0.06767625765104879
3385,2023-03-07,Markowitz,0.08300323106487273,0.225721634087149,0.14621208639722363,0.05931556462398224
3386,2023-03-08,Markowitz,0.09061395530186911,0.225162373523955,0.1803762976301553,0.06754193267995423
3387,2023-03-09,Markowitz,0.08850708578571753,0.22523376092326852,0.1709649815723493,0.06527874905496112
3388,2023-03-10,Markowitz,0.07154625615829813,0.22485712422786405,0.09582198577112344,0.0474562527131317
3389,2023-03-13,Markowitz,0.06589560935595062,0.22499523314437758,0.07064864945716667,0.0415233410727851
3390,2023-03-14,Markowitz,0.07991515100347224,0.22511344977045716,0.132889221119289,0.05619589338317632
3391,2023-03-15,Markowitz,0.04791632089846676,0.22539224626019871,-0.009244679602366584,0.022875287597660998
3392,2023-03-16,Markowitz,0.042693824652166645,0.2253874267299955,-0.0324160733091196,0.017549293661932586
3393,2023-03-17,Markowitz,0.009956565096869041,0.22602044209927863,-0.1771673151826773,-0.015363377722527272
3394,2023-03-20,Markowitz,0.02445696807166986,0.22695956709833487,-0.11254441597195637,-0.0011910305463170845
3395,2023-03-21,Markowitz,0.02975170076628808,0.22718227795370213,-0.08912798751775153,0.004060772462524342
3396,2023-03-22,Markowitz,0.018010992701735118,0.22770334137123627,-0.14048545403693302,-0.007776011890504697
3397,2023-03-23,Markowitz,0.008012477405377472,0.2276349465725047,-0.18445112767976932,-0.017631710490296104
3398,2023-03-24,Markowitz,0.039277323087622995,0.22652961007415956,-0.047334548931005964,0.013822148951383229
3399,2023-03-27,Markowitz,0.047123952991176554,0.2267903697358788,-0.012681521760262163,0.02174751124874419
3400,2023-03-28,Markowitz,0.05208453293406401,0.22675453205857451,0.009192905275761089,0.02683589381353313
3401,2023-03-29,Markowitz,0.05926785464407003,0.22681786664968162,0.0408603377721745,0.034222172860635114
3402,2023-03-30,Markowitz,0.04495684398304067,0.2261137067374207,-0.022303628071587013,0.01968969414467514
3403,2023-03-31,Markowitz,0.05956580005189449,0.22586787198449157,0.04235130905448691,0.03475022850585252
3404,2023-04-03,Markowitz,0.10941820629912002,0.2278369799670153,0.2607926347501718,0.08715601075809798
3405,2023-04-04,Markowitz,0.0990129938342974,0.2277892908432557,0.21516812161298565,0.07591871835221853
3406,2023-04-05,Markowitz,0.11062834014120715,0.22831645285867339,0.26554520877536475,0.08835473424812812
3407,2023-04-06,Markowitz,0.10477171435482857,0.22837451460664127,0.23983286597967782,0.08198765731629365
3408,2023-04-10,Markowitz,0.10743177939308601,0.22837615337351,0.25147888054299666,0.08486802945429917
3409,2023-04-11,Markowitz,0.09678700163204257,0.22827506603152817,0.20495887897621104,0.07341022106933259
3410,2023-04-12,Markowitz,0.08731275764960722,0.22798052209549113,0.1636664277572736,0.06336271374301417
3411,2023-04-13,Markowitz,0.11439235880236409,0.22752815460028522,0.28300831128124204,0.09265402908777665
3412,2023-04-14,Markowitz,0.11042676958957909,0.22754350211591098,0.265561393877104,0.08832772542344358
3413,2023-04-17,Markowitz,0.09677176616420802,0.22733475321521598,0.20573962186911898,0.07362396267831506
3414,2023-04-18,Markowitz,0.11605793971279288,0.22749434423895074,0.2903717889505346,0.09448330268252447
3415,2023-04-19,Markowitz,0.11222426879701553,0.22756412624740938,0.2734361949886813,0.09028003560177766
3416,2023-04-20,Markowitz,0.09157875413067351,0.2270376269330448,0.18313596161280973,0.06813603518343792
3417,2023-04-21,Markowitz,0.08174671815418544,0.22674075967653157,0.14001328300864527,0.05775946743803817
3418,2023-04-24,Markowitz,0.10343373462052796,0.2263389995199129,0.2360783370690253,0.08104032258880967
3419,2023-04-25,Markowitz,0.1259258316541213,0.22441207163491403,0.33833220780405093,0.10610777584553799
3420,2023-04-26,Markowitz,0.10582928294645566,0.22543938315755457,0.24764653879237158,0.08385781861182262
3421,2023-04-27,Markowitz,0.13133314671126806,0.2250821804775164,0.3613486706887153,0.11193341354434394
3422,2023-04-28,Markowitz,0.13175811948614802,0.2250866851009999,0.3632294795645592,0.11240468917296309
3423,2023-05-01,Markowitz,0.10657263575907594,0.2244352181603459,0.2520666596926784,0.08490675076739462
3424,2023-05-02,Markowitz,0.10204962666387951,0.2247281653096951,0.23161149645906895,0.07994104986414774
3425,2023-05-03,Markowitz,0.07752318572854688,0.2245285390543769,0.12258212628320378,0.05383098351202187
3426,2023-05-04,Markowitz,0.05620982975929478,0.22445223062171085,0.027666598554597365,0.031630554865270666
3427,2023-05-05,Markowitz,0.03671440999073594,0.22251183272289893,-0.05970734161274484,0.012143760767968415
3428,2023-05-08,Markowitz,0.06401270822202043,0.22066890204671952,0.06350105561794879,0.040579713108781945
3429,2023-05-09,Markowitz,0.0697755176781687,0.2205426256781775,0.08966755345982744,0.04662126899598107
3430,2023-05-10,Markowitz,0.08901661648855752,0.2193810600171583,0.17784860956322274,0.06722361747484018
3431,2023-05-11,Markowitz,0.08840768067303639,0.21940105441708674,0.17505695574289473,0.06656948273764751
3432,2023-05-12,Markowitz,0.09655384747177287,0.21916975534147434,0.2124099988122919,0.07534487958215075
3433,2023-05-15,Markowitz,0.08302450444810305,0.21880546177993174,0.1509308962374904,0.0609827919432786
3434,2023-05-16,Markowitz,0.052043047198309766,0.21821180178696292,0.009362679660673723,0.028754284715739375
3435,2023-05-17,Markowitz,0.05905096518983188,0.21839420822536573,0.041443247343317786,0.03594662107169033
3436,2023-05-18,Markowitz,0.03630962873119059,0.21733244894122128,-0.06299276217382543,0.012887980627287465
3437,2023-05-19,Markowitz,0.07342473729130616,0.2151063464146916,0.10889840156620442,0.05169439404682086
3438,2023-05-22,Markowitz,0.07533781870147283,0.21503252780535653,0.11783249241439485,0.05372449407996127
3439,2023-05-23,Markowitz,0.07453507004667492,0.21503137871312578,0.11409995226514012,0.052879467687303894
3440,2023-05-24,Markowitz,0.06627787204913149,0.21468594627599896,0.0758217868076225,0.04430025804409454
3441,2023-05-25,Markowitz,0.05479063660394168,0.21529507315992866,0.022251492027330434,0.032239354743098136
3442,2023-05-26,Markowitz,0.04209243591844558,0.21511599224019132,-0.03675953609588031,0.01925594941872988
3443,2023-05-30,Markowitz,0.012675372996103773,0.21441407231127727,-0.17407731965330112,-0.01014192122675539
3444,2023-05-31,Markowitz,-0.010460541712960847,0.21338384168554128,-0.2833417058919584,-0.03257085416382721
3445,2023-06-01,Markowitz,0.009831202335631284,0.21312213819372167,-0.18847782780715386,-0.012683753642256046
3446,2023-06-02,Markowitz,0.04017025135648289,0.21340100500814393,-0.046062335288167854,0.017668640876622232
3447,2023-06-05,Markowitz,0.021593092964710237,0.2125956814397856,-0.13361939830059802,-0.0008913855762263667
3448,2023-06-06,Markowitz,0.023454589568041362,0.2125349129747845,-0.12489905804373908,0.0009829837296033705
3449,2023-06-07,Markowitz,0.03184224569301164,0.21257172422296156,-0.08541942430660776,0.00940545745674326
3450,2023-06-08,Markowitz,0.02929033888108723,0.2124589865295227,-0.09747604211618047,0.00685694141318316
3451,2023-06-09,Markowitz,0.03818481355763392,0.21216136237258357,-0.055689623738449795,0.01591557762906759
3452,2023-06-12,Markowitz,0.03992049975514267,0.2120932621269496,-0.04752390596370852,0.01769490710324928
3453,2023-06-13,Markowitz,0.06747873762718026,0.2098911943394928,0.08327523068408921,0.04661887848760915
3454,2023-06-14,Markowitz,0.10032937316647139,0.206419835359545,0.2438204307197851,0.08235914235121
3455,2023-06-15,Markowitz,0.11606477658172998,0.20638018652293852,0.32011201120988947,0.09952709441823893
3456,2023-06-16,Markowitz,0.13213407005776,0.20563667099024152,0.39941353680860586,0.11750194174128925
3457,2023-06-20,Markowitz,0.15577198261149006,0.20338131959928027,0.5200673435490107,0.14475351463307318
3458,2023-06-21,Markowitz,0.17357889939933036,0.20344934741229634,0.6074185096740268,0.16529158701893887
3459,2023-06-22,Markowitz,0.15875483549703495,0.20263510022037814,0.5367028485132012,0.14834231287745503
3460,2023-06-23,Markowitz,0.16137145773248518,0.20256439789872038,0.5498076606145246,0.15136561088592937
3461,2023-06-26,Markowitz,0.16118219405472356,0.2025679926714343,0.5488635819927451,0.1511470221070048
3462,2023-06-27,Markowitz,0.13429896532530727,0.2007429677870251,0.4199348363462617,0.12103351454163525
3463,2023-06-28,Markowitz,0.12827872282940012,0.20071294661258152,0.3900033562881951,0.11431504290162975
3464,2023-06-29,Markowitz,0.15438966746628424,0.20039093717268164,0.5209300826630158,0.1438526879143449
3465,2023-06-30,Markowitz,0.1701087016587619,0.20050255368192574,0.5990382638682027,0.16193780497846788
3466,2023-07-03,Markowitz,0.17584541694750433,0.2003550861036727,0.6281119156734872,0.16865262152863103
3467,2023-07-05,Markowitz,0.1653849083304587,0.20025265844153814,0.5761966369307613,0.15652326785753257
3468,2023-07-06,Markowitz,0.15295350949106667,0.20110036889940283,0.5119508733599961,0.14204788335211482
3469,2023-07-07,Markowitz,0.1376783269593973,0.20139825310114362,0.43534800133228874,0.12467767595073176
3470,2023-07-10,Markowitz,0.1285737205838502,0.20075550589348046,0.39139011522573575,0.11463101951584131
3471,2023-07-11,Markowitz,0.13202172237359955,0.20079559970903274,0.4084836644451119,0.11846997564902195
3472,2023-07-12,Markowitz,0.1346867935751893,0.20072081488190568,0.4219133607295032,0.12147002154390107
3473,2023-07-13,Markowitz,0.13484753172168928,0.2007152977463404,0.42272578460321314,0.12165144706517883
3474,2023-07-14,Markowitz,0.12576119870840896,0.20093060824631087,0.3770515571004347,0.11146301300704353
3475,2023-07-17,Markowitz,0.13159452695825047,0.20082837288169328,0.40628983737431007,0.11798510474853696
3476,2023-07-18,Markowitz,0.1116915274821969,0.200616255066514,0.307510114081948,0.09600996401813422
3477,2023-07-19,Markowitz,0.11406508890790712,0.20060725173697105,0.3193557977251338,0.09861531063825346
3478,2023-07-20,Markowitz,0.10314530514284637,0.19941491087988664,0.2665061750315016,0.0869413783753985
3479,2023-07-21,Markowitz,0.11089456752563054,0.1995367700918299,0.30517967940247764,0.0953671156125635
3480,2023-07-24,Markowitz,0.10495172335766245,0.1995289870255205,0.27540721865457035,0.08888125758664378
3481,2023-07-25,Markowitz,0.1016794808927235,0.19959163686612566,0.2589260837987267,0.0853118938546309
3482,2023-07-26,Markowitz,0.09366602767583554,0.19959939890944153,0.2187683325421579,0.07665118789385317
3483,2023-07-27,Markowitz,0.09592563872699955,0.19949292157614396,0.23021187099849208,0.07910887091451113
3484,2023-07-28,Markowitz,0.07824536440607044,0.19874583721315547,0.1421180176758983,0.06035928831452364
3485,2023-07-31,Markowitz,0.07737826670855574,0.1987094552297369,0.13778039236684786,0.05944809723694844
3486,2023-08-01,Markowitz,0.059335503353316166,0.19825186134878514,0.04708910821720953,0.04060234191431844
3487,2023-08-02,Markowitz,0.056424667919851235,0.19830256105460412,0.03239831036817598,0.03756799536538269
3488,2023-08-03,Markowitz,0.07261562621437456,0.1980213389170107,0.1142080259534686,0.05455866089422523
3489,2023-08-04,Markowitz,0.06296315482172365,0.1977004458492038,0.06556967924903574,0.04449675416889676
3490,2023-08-07,Markowitz,0.06858198859857756,0.1978305888217617,0.09392879386978556,0.05035381147992779
3491,2023-08-08,Markowitz,0.06523449917725233,0.19778281151235852,0.07702640619152282,0.04685438987720314
3492,2023-08-09,Markowitz,0.06300942459141978,0.19769951684849074,0.06580402824853487,0.04454524264849247
3493,2023-08-10,Markowitz,0.06722069556771326,0.19761712261202996,0.08714171798524582,0.04896931903279356
3494,2023-08-11,Markowitz,0.05643201511077023,0.1966266851336358,0.032711811758402765,0.03791394233725054
3495,2023-08-14,Markowitz,0.052280251160218505,0.1965476787594296,0.011601516612208295,0.033630544889848624
3496,2023-08-15,Markowitz,0.02039145536143705,0.19616683248673736,-0.1509355290250953,0.001265614850367136
3497,2023-08-16,Markowitz,0.010537098980442083,0.1962562275517896,-0.20107846518727232,-0.008569586789252237
3498,2023-08-17,Markowitz,0.006455400178533521,0.1960942973117765,-0.22205949085930607,-0.012576929375676671
3499,2023-08-18,Markowitz,0.015432807787670645,0.1961972525373751,-0.17618591374384507,-0.00369284279029114
3500,2023-08-21,Markowitz,0.0042350670393671574,0.19598474084220033,-0.2335127355526167,-0.014745945678165562
3501,2023-08-22,Markowitz,0.010697967222670357,0.19563660711259873,-0.20089304020034116,-0.008289849495410784
3502,2023-08-23,Markowitz,0.036190883622862824,0.19532338393270424,-0.07069873611187744,0.017377923903188597
3503,2023-08-24,Markowitz,0.02397250530448869,0.19555703556951734,-0.13309413603919643,0.00497828896376129
3504,2023-08-25,Markowitz,0.031581571972738254,0.1957079293871158,-0.0941118128679885,0.012623937189282897
3505,2023-08-28,Markowitz,0.01783527739186408,0.19521477817988148,-0.16476581797766154,-0.0011043040789390224
3506,2023-08-29,Markowitz,0.05442880583102361,0.19252007227948753,0.023004384834191035,0.03667173421857406
3507,2023-08-30,Markowitz,0.060359080228045814,0.19258210419805885,0.05379046132652146,0.0428239808992712
3508,2023-08-31,Markowitz,0.0701550270024981,0.19208583978057311,0.104927187894339,0.05318809218170362
3509,2023-09-01,Markowitz,0.08624139143622112,0.19219949813158171,0.18856132190007016,0.07023885499805416
3510,2023-09-05,Markowitz,0.0740263117386416,0.19244822443516954,0.12484558799728182,0.05719872747486221
3511,2023-09-06,Markowitz,0.06969149995401192,0.19270096154945549,0.10218682769238914,0.05257560659157301
3512,2023-09-07,Markowitz,0.07851650116523201,0.19262716464131005,0.14803987391047582,0.06191805583121002
3513,2023-09-08,Markowitz,0.06744941582191566,0.19178723783476687,0.09098319585242212,0.05040013844308677
3514,2023-09-11,Markowitz,0.05150541114143603,0.19162989028357347,0.007855826349471493,0.03381988892491439
3515,2023-09-12,Markowitz,0.04906977128441692,0.191497096607269,-0.0048576648526992535,0.03133129165104287
3516,2023-09-13,Markowitz,0.03500801324357705,0.1912836808618292,-0.07837567056884576,0.016973840334933543
3517,2023-09-14,Markowitz,0.09895049895472685,0.18479963500272428,0.2648841755234269,0.08547452505852315
3518,2023-09-15,Markowitz,0.09370433334578654,0.18503839780840628,0.23619061699312363,0.07974915904615276
3519,2023-09-18,Markowitz,0.11397521750372586,0.18462777286632595,0.34650917633093664,0.10193508903214221
3520,2023-09-19,Markowitz,0.12094191327236148,0.18430870424321355,0.38490810058946867,0.1097007137449284
3521,2023-09-20,Markowitz,0.10634924161210202,0.18391619151693628,0.3063854310342925,0.09370997658641089
3522,2023-09-21,Markowitz,0.11543876362419736,0.18304330815901593,0.3575042665167988,0.10387131809066097
3523,2023-09-22,Markowitz,0.12670857387693013,0.18248106132783898,0.4203645754729486,0.11649140056161422
3524,2023-09-25,Markowitz,0.1319439231146261,0.18245024312757258,0.44913024893767556,0.12235523658631897
3525,2023-09-26,Markowitz,0.14469523050325417,0.18180761242348048,0.520854045883858,0.13688421955916774
3526,2023-09-27,Markowitz,0.16660516663697023,0.18132018787269075,0.6430898181003514,0.16215619804375603
3527,2023-09-28,Markowitz,0.16486855812439927,0.18131927676526263,0.6335154219322693,0.16014125340205676
3528,2023-09-29,Markowitz,0.1315486468485192,0.18044585249988884,0.45192862966229397,0.12231648990719135
3529,2023-10-02,Markowitz,0.13784111527706455,0.18000058405131159,0.4880046125407252,0.12948846331825492
3530,2023-10-03,Markowitz,0.14228717045491635,0.17980656049569702,0.5132580824664897,0.13455832897311737
3531,2023-10-04,Markowitz,0.09619981392534471,0.1769886999521184,0.2610325627446462,0.08400752801401046
3532,2023-10-05,Markowitz,0.05713595585245279,0.17396879753694255,0.0410185961706004,0.04302857930918491
3533,2023-10-06,Markowitz,0.046975367040577254,0.17385518832687147,-0.01739742706864765,0.032506801182073275
3534,2023-10-09,Markowitz,0.08541447366866417,0.1773665011507259,0.19966833330364325,0.07231402338986448
3535,2023-10-10,Markowitz,0.0989366215865406,0.17655618765576117,0.27717307581399714,0.08706413893038367
3536,2023-10-11,Markowitz,0.09257516734806137,0.17683953246559736,0.2407559370603064,0.08011911701067276
3537,2023-10-12,Markowitz,0.09044035225581937,0.17684801118004714,0.22867292646365955,0.07781494667721756
3538,2023-10-13,Markowitz,0.11543311422976432,0.1774390252607446,0.3687639409290663,0.10496744577063732
3539,2023-10-16,Markowitz,0.09777308982332344,0.17633303718733373,0.2709253500384615,0.08584169512750961
3540,2023-10-17,Markowitz,0.12302058196536725,0.17543774705191903,0.41621933245504766,0.11377030272903821
3541,2023-10-18,Markowitz,0.10287249538596666,0.17428826721428597,0.30336233316818945,0.09177986167500407
3542,2023-10-19,Markowitz,0.08800975693876678,0.17403461231539508,0.2184034338519019,0.07572593413967321
3543,2023-10-20,Markowitz,0.10405406967210062,0.17293138341069636,0.31257524577668533,0.09332887380191623
3544,2023-10-23,Markowitz,0.114409674149763,0.17241351142781858,0.37357672038788153,0.10480409462515405
3545,2023-10-24,Markowitz,0.08457967943573985,0.17106008277511214,0.2021493201380054,0.07259097786282132
3546,2023-10-25,Markowitz,0.0808431841267434,0.17088582906848399,0.18049000490486972,0.06862347030374627
3547,2023-10-26,Markowitz,0.06455202376535163,0.16998792982782734,0.08560621792435896,0.05151865782402498
3548,2023-10-27,Markowitz,0.04221617287980983,0.17109135816131218,-0.04549515068348016,0.02810206864755349
3549,2023-10-30,Markowitz,0.03550772105503874,0.17081051802431194,-0.08484418355840671,0.02127768415638065
3550,2023-10-31,Markowitz,-0.00021550940874570657,0.16571961475697927,-0.30301488138495014,-0.013741304434194745
3551,2023-11-01,Markowitz,0.012373638272864085,0.16528389272296468,-0.22764687536856446,-0.0011746512274943832
3552,2023-11-02,Markowitz,0.021066628721031044,0.16588062964281347,-0.17442284455557258,0.007447417681141655
3553,2023-11-03,Markowitz,0.04126093918978335,0.16404479455870347,-0.053272405465382665,0.028311867430485416
3554,2023-11-06,Markowitz,0.03567877843458733,0.16412131873975572,-0.08725997131500983,0.022575699519992165
3555,2023-11-07,Markowitz,0.007834672838899492,0.16304970711214967,-0.25860412697397944,-0.005331079702288077
3556,2023-11-08,Markowitz,-0.013725885331261733,0.16294439873376668,-0.3910897571593293,-0.026531585924859047
3557,2023-11-09,Markowitz,-0.0316371701080127,0.16318997870384802,-0.5002584763869922,-0.04385266629161577
3558,2023-11-10,Markowitz,-0.008564106147078032,0.16190913545552155,-0.36170970824043663,-0.021327304715047735
3559,2023-11-13,Markowitz,-0.0595995030687666,0.1518204428054415,-0.7219021433708951,-0.06861353014038274
3560,2023-11-14,Markowitz,-0.06418709023244551,0.15175143723941317,-0.7524613427699953,-0.07286795801529355
3561,2023-11-15,Markowitz,-0.06627728593515392,0.15177768339699432,-0.7661026531220372,-0.07480800251072017
3562,2023-11-16,Markowitz,-0.07089948960445258,0.15177994001947148,-0.7965445867809849,-0.07907604115134836
3563,2023-11-17,Markowitz,-0.05953687550868236,0.15198822019304106,-0.7206931916799801,-0.06857869169290565
3564,2023-11-20,Markowitz,-0.055813347876599084,0.15198631237428942,-0.6962031397670707,-0.06510298268972547
3565,2023-11-21,Markowitz,-0.06293235788514617,0.1518503310869661,-0.7437083414751908,-0.07171742048576069
3566,2023-11-22,Markowitz,-0.06158508847234101,0.15184585828077676,-0.7348576361299896,-0.0704649917870186
3567,2023-11-24,Markowitz,-0.07826545234038029,0.15058136662818272,-0.85180162202336,-0.08567370379210981
3568,2023-11-27,Markowitz,-0.08473931205684304,0.15075647081919916,-0.8937547511206643,-0.09159971277888534
3569,2023-11-28,Markowitz,-0.08873116691853089,0.15076319704754754,-0.9201925246701819,-0.09522084992671631
3570,2023-11-29,Markowitz,-0.07344034219324713,0.14969627892767223,-0.8246052812901848,-0.08112658509188908
3571,2023-11-30,Markowitz,-0.06456895048726252,0.15007820879573608,-0.7633949752371884,-0.07298887799802667
3572,2023-12-01,Markowitz,-0.07671564511619444,0.14905190272176838,-0.8501444315858986,-0.08404577309461725
3573,2023-12-04,Markowitz,-0.07663358556455269,0.14905460233121895,-0.8495785006568007,-0.08397094991093024
3574,2023-12-05,Markowitz,-0.08141936379099013,0.14911388019515787,-0.8813355511840384,-0.08835380979990082
3575,2023-12-06,Markowitz,-0.060111100516929805,0.14711815579492593,-0.7484535129057641,-0.06843517904320506
3576,2023-12-07,Markowitz,-0.05808050562288625,0.14696387679990094,-0.7354222546132445,-0.06651984167884561
3577,2023-12-08,Markowitz,-0.05884149167186792,0.14693304083104652,-0.7407557282981788,-0.06722591456761329
3578,2023-12-11,Markowitz,-0.05580139582604915,0.14701943528843922,-0.7196422406226504,-0.06439701731375258
3579,2023-12-12,Markowitz,-0.048381924600472304,0.14664965871872743,-0.670863645098335,-0.057376671794922895
3580,2023-12-13,Markowitz,-0.05152187927802576,0.14630942353174445,-0.6938847603073138,-0.06028647356143235
3581,2023-12-14,Markowitz,-0.05952765242635116,0.1459075355803432,-0.7506648096735233,-0.06772710474096832
3582,2023-12-15,Markowitz,-0.06402931696001524,0.1460896725274475,-0.7805433127970854,-0.07194022291583169
3583,2023-12-18,Markowitz,-0.02967667791824924,0.1436454005796222,-0.5546761511106282,-0.039153043053061776
3584,2023-12-19,Markowitz,-0.017281320604494388,0.14364261108111984,-0.46839388464261733,-0.027167214739649004
3585,2023-12-20,Markowitz,-0.02403270561601245,0.144081615720068,-0.5138247877498019,-0.03377498668438628
3586,2023-12-21,Markowitz,-0.012908435649223282,0.14427929397774816,-0.436018460548646,-0.022993193003008616
3587,2023-12-22,Markowitz,-0.021109018614879016,0.1437275707171882,-0.49474862936909836,-0.03089707204228853
3588,2023-12-26,Markowitz,-0.0060983816768177546,0.1431780493452108,-0.3918085344322663,-0.01616175369149353
3589,2023-12-27,Markowitz,-0.016757256029911183,0.14282055458964069,-0.46742050695518966,-0.026543905033621695
3590,2023-12-28,Markowitz,-0.0210870087136793,0.1427539674590632,-0.49796870783338854,-0.03074077916221063
3591,2023-12-29,Markowitz,-0.009457638298471904,0.14236087612768072,-0.41765434377592264,-0.019347280918513787
3592,2024-01-02,Markowitz,0.0013064982241735024,0.1436024957251124,-0.33908534479119956,-0.00890655131353113
3593,2024-01-03,Markowitz,0.0020256584140228018,0.1435807415965718,-0.33412796906129544,-0.008190445497229915
3594,2024-01-04,Markowitz,0.006168929079819363,0.14339409256207997,-0.3056685958049823,-0.00404590781141001
3595,2024-01-05,Markowitz,0.009213585868695806,0.143484285338436,-0.2842570113870059,-0.0010218567525307476
3596,2024-01-08,Markowitz,0.02120643846134651,0.14499190069851653,-0.1985873790186688,0.010815227169874042
3597,2024-01-09,Markowitz,0.008034918450592343,0.14487293373419988,-0.2896681972797038,-0.0023937655915001743
3598,2024-01-10,Markowitz,0.043263891313929825,0.14200036471189953,-0.04743726327560408,0.03380655509082886
3599,2024-01-11,Markowitz,0.03781118238690273,0.14170764833935415,-0.08601383027617622,0.028227928853346906
3600,2024-01-12,Markowitz,0.029440720987666924,0.14168925820834674,-0.14510118319697687,0.019660841544833163
3601,2024-01-16,Markowitz,0.018412440168294575,0.14176422806092276,-0.22281756310294842,0.008467777116987207
3602,2024-01-17,Markowitz,0.00855285801676331,0.1424268165438763,-0.2910065884290014,-0.0015205206500658042
3603,2024-01-18,Markowitz,0.026263214998980433,0.1425714841900085,-0.16649041100943424,0.016298810219158355
3604,2024-01-19,Markowitz,0.06805992634522595,0.14368081121449736,0.12569476879041805,0.059508187911079036
3605,2024-01-22,Markowitz,0.06179942831867812,0.14365064006920333,0.08213975456700906,0.052902075583263874
3606,2024-01-23,Markowitz,0.05246404202305488,0.14347903902099574,0.01717353308098409,0.0431462204163644
3607,2024-01-24,Markowitz,0.0607406783984914,0.14355142977219718,0.0748211175293472,0.05180301928100839
3608,2024-01-25,Markowitz,0.05909832056585507,0.1435090370808833,0.06339893814998666,0.050083747294567216
3609,2024-01-26,Markowitz,0.04585308605996796,0.14404696706598608,-0.02878862376972083,0.03618924134447221
3610,2024-01-29,Markowitz,0.037022797648183836,0.1435971092223548,-0.09037230917874155,0.027146793166172634
3611,2024-01-30,Markowitz,0.05844541270820758,0.1435118484631476,0.058848191272348305,0.049397747924756485
3612,2024-01-31,Markowitz,0.05002117824226582,0.14404089416312232,0.0001470293723797038,0.04051682440442095
3613,2024-02-01,Markowitz,0.06232988369354898,0.14563614327244898,0.08466225084306737,0.053162805610487585
3614,2024-02-02,Markowitz,0.07067115181476946,0.14554228325888352,0.14202849750543367,0.06199644390230974
3615,2024-02-05,Markowitz,0.09638279247703385,0.14309778375708743,0.32413354881701006,0.09003651077969232
3616,2024-02-06,Markowitz,0.07673016838054159,0.14364202893088843,0.18608876927937623,0.0687467523630303
3617,2024-02-07,Markowitz,0.07528143885732164,0.14354493793612008,0.17612212050676632,0.06721468437667966
3618,2024-02-08,Markowitz,0.06964172336373753,0.1431411407797353,0.13721927362561745,0.06127507147676092
3619,2024-02-09,Markowitz,0.08356516556056759,0.1437330246852345,0.23352438059432065,0.07606031470512287
3620,2024-02-12,Markowitz,0.0848231311588572,0.14374664907338122,0.24225351605295745,0.07741226389759426
3621,2024-02-13,Markowitz,0.048937803228804144,0.14169044544637416,-0.007496601255289794,0.039741714122982774
3622,2024-02-14,Markowitz,0.06823273424203125,0.14335154225616475,0.1271889646603865,0.05974732440456698
3623,2024-02-15,Markowitz,0.06889210239142718,0.14331351518043234,0.13182359226652096,0.06045192997857862
3624,2024-02-16,Markowitz,0.06704376005903678,0.14339886923522566,0.11885560987987215,0.0584812101971981
3625,2024-02-20,Markowitz,0.07410940080515638,0.14298935147484587,0.16860976398929683,0.06604721256356272
3626,2024-02-21,Markowitz,0.07062971802330331,0.14305790547550287,0.1442053688311264,0.062334812482111035
3627,2024-02-22,Markowitz,0.0950527105488953,0.14507915357971513,0.31053882957857665,0.08828038815521144
3628,2024-02-23,Markowitz,0.11306055595390219,0.14549520045260445,0.4334201798941428,0.10798135705484513
3629,2024-02-26,Markowitz,0.11852067751938256,0.14578351891689892,0.47001662484523676,0.11399864096095724
3630,2024-02-27,Markowitz,0.11846171584143173,0.14578517763025986,0.4696068348941771,0.1139327213933834
3631,2024-02-28,Markowitz,0.12529636268047484,0.14582365023718455,0.5163522004695676,0.12156220359727588
3632,2024-02-29,Markowitz,0.15000006468212923,0.1457558578405506,0.686079216051297,0.1496112560389673
3633,2024-03-01,Markowitz,0.23181387801136977,0.16825813843622178,1.0805651346266754,0.2433968376490554
3634,2024-03-04,Markowitz,0.23003660990578478,0.16822692867925934,1.0702008966058087,0.24119743024879559
3635,2024-03-05,Markowitz,0.2034743239850645,0.16955526054698525,0.9051581383553442,0.20841618840733167
3636,2024-03-06,Markowitz,0.1983086246303689,0.16917962132153677,0.8766340973686118,0.20227004377890312
3637,2024-03-07,Markowitz,0.23002763198914244,0.1705157632753771,1.0557829289858909,0.24070787314463105
3638,2024-03-08,Markowitz,0.2269995740229125,0.17077892016895505,1.0364251855428248,0.23690395704058487
3639,2024-03-11,Markowitz,0.23220615758992258,0.17057659872107747,1.068177926843655,0.24339788866308454
3640,2024-03-12,Markowitz,0.23689145027059755,0.17052768799031212,1.095959562186846,0.2492421873048578
3641,2024-03-13,Markowitz,0.23612450397306117,0.17056990308865666,1.0911919430259613,0.24827633146898243
3642,2024-03-14,Markowitz,0.2086301297749964,0.17144807615644542,0.925237152444028,0.21426826412939004
3643,2024-03-15,Markowitz,0.19435451342671295,0.1735780914307392,0.8316401697751874,0.19662147833162846
3644,2024-03-18,Markowitz,0.20236148840517754,0.1736240303547449,0.8775368714450171,0.20622415573206032
3645,2024-03-19,Markowitz,0.23346917538182654,0.17255548650873773,1.0632474173606539,0.24453666251062423
3646,2024-03-20,Markowitz,0.22230466288176198,0.17154943247806267,1.0044024068910626,0.23094017474105644
3647,2024-03-21,Markowitz,0.2237851003201472,0.171654439361738,1.0124125013389205,0.23274041882992869
3648,2024-03-22,Markowitz,0.23260808567787894,0.17101729881762917,1.0677755229464245,0.24379180915519916
3649,2024-03-25,Markowitz,0.23449913619947804,0.17097979635897081,1.079069808997336,0.24615189819146632
3650,2024-03-26,Markowitz,0.2333858577743818,0.17093896810032227,1.0728148169629443,0.24477522564022247
3651,2024-03-27,Markowitz,0.23406132874374663,0.17098263229404229,1.076491373856104,0.24560639589290734
3652,2024-03-28,Markowitz,0.22925302879902987,0.17104693938304819,1.047975657708816,0.23962340085705458
3653,2024-04-01,Markowitz,0.237590607835377,0.1714891019136799,1.0938922983560897,0.2498992159130642
3654,2024-04-02,Markowitz,0.21887408035114542,0.17215772864463424,0.9809265124526191,0.22660212833421722
3655,2024-04-03,Markowitz,0.25711379524692013,0.1769740574358804,1.1703059660140283,0.27333301558379275
3656,2024-04-04,Markowitz,0.21818426509270494,0.17390446127406736,0.9671072487763981,0.22540136626650553
3657,2024-04-05,Markowitz,0.2569832811449263,0.17716825868646643,1.1682864790764995,0.2731246521260393
3658,2024-04-08,Markowitz,0.22550876759147298,0.1771971251284686,0.9904718683456543,0.23370538102772254
3659,2024-04-09,Markowitz,0.2182792570068529,0.17757565925327773,0.9476482177483274,0.22474367543887563
3660,2024-04-10,Markowitz,0.2168696205094277,0.17757308499049237,0.9397236102439863,0.22302049095154386
3661,2024-04-11,Markowitz,0.22575489286477068,0.17761361594221275,0.989535019218083,0.233917409580372
3662,2024-04-12,Markowitz,0.1931015470561842,0.180263842699501,0.7938449825167316,0.193734061580358
3663,2024-04-15,Markowitz,0.18009138403511427,0.18005322906438845,0.722516250950393,0.17835944606421616
3664,2024-04-16,Markowitz,0.19765736044444127,0.18060282739274322,0.8175805582674631,0.19910856521296671
3665,2024-04-17,Markowitz,0.19111596825894916,0.18085702678086824,0.7802625685643362,0.19124149239825727
3666,2024-04-18,Markowitz,0.16846463720330318,0.18086952369340553,0.6549729041367646,0.16457665794854903
3667,2024-04-19,Markowitz,0.14140307463296187,0.18381006541433348,0.497269148057407,0.13288426386595598
3668,2024-04-22,Markowitz,0.1547485296121599,0.1839514495206029,0.5694357390775976,0.14806604510575916
3669,2024-04-23,Markowitz,0.19838197747171582,0.18943458776095043,0.7832887289778394,0.19804759853786824
3670,2024-04-24,Markowitz,0.18318895349579134,0.18954106765635192,0.7026917973115464,0.17997271439039597
3671,2024-04-25,Markowitz,0.20541098610015607,0.18987148240037813,0.8185062029085763,0.20639306430927618
3672,2024-04-26,Markowitz,0.22283604756819875,0.1886533809717123,0.9161566396422798,0.22786635168284852
3673,2024-04-29,Markowitz,0.2235471243453493,0.1886895166517685,0.9197496894627968,0.2287307457962815
3674,2024-04-30,Markowitz,0.20149385293210953,0.18971453917362804,0.798535808546868,0.20171724874112495
3675,2024-05-01,Markowitz,0.18816498685309035,0.19068313101425585,0.7245789709775684,0.18559769828740946
3676,2024-05-02,Markowitz,0.22439572161103938,0.19086640192183496,0.9137057117179755,0.22926612403639446
3677,2024-05-03,Markowitz,0.2459643947498904,0.19083976134720945,1.0268530696459912,0.2560499012116777
3678,2024-05-06,Markowitz,0.2763430920946951,0.19156750507238146,1.1815317634855353,0.29457656169213964
3679,2024-05-07,Markowitz,0.25943933432289235,0.19129473150859888,1.0948515553523117,0.2729654750809596
3680,2024-05-08,Markowitz,0.2678954398941429,0.19138925562929618,1.138493585638824,0.28374113484275476
3681,2024-05-09,Markowitz,0.2671194428783875,0.19140194551672077,1.1343638242142116,0.28274329121170805
3682,2024-05-10,Markowitz,0.26244809255894397,0.19156548284998395,1.1090102945388827,0.27673136528517084
3683,2024-05-13,Markowitz,0.25764876934555725,0.1918308931959775,1.0824573971691827,0.2705599315914047
3684,2024-05-14,Markowitz,0.2670111693532331,0.19192292641160555,1.1307204064188887,0.28247641309608595
3685,2024-05-15,Markowitz,0.3091464361904075,0.196150089510451,1.3211639965965962,0.3365428387704219
3686,2024-05-16,Markowitz,0.31031880172794635,0.1960798973418025,1.3276159629671975,0.33812726717127806
3687,2024-05-17,Markowitz,0.30458886927532425,0.195924370783471,1.2994242026005396,0.33053116980331954
3688,2024-05-20,Markowitz,0.30153838851317616,0.19598341823673904,1.2834677075043628,0.32646814344652086
3689,2024-05-21,Markowitz,0.29962250333386087,0.19594702645876763,1.2739285093789774,0.3239415840399096
3690,2024-05-22,Markowitz,0.30787875123324215,0.195773874979941,1.3172275987266657,0.334949585005039
3691,2024-05-23,Markowitz,0.3275998782976164,0.19666208260251994,1.4115577066204594,0.3612709632652735
3692,2024-05-24,Markowitz,0.3422493347873927,0.19749041736395742,1.4798152674354978,0.38111158556412605
3693,2024-05-28,Markowitz,0.3749144754191799,0.19716654833722502,1.6479188693989835,0.42699938176199126
3694,2024-05-29,Markowitz,0.391496875843209,0.1974733823561903,1.7293311724779092,0.45073684782375967
3695,2024-05-30,Markowitz,0.3816202621347514,0.1982735793061319,1.6725388389883955,0.43627111820677533
3696,2024-05-31,Markowitz,0.32687576282912423,0.206649714071504,1.3398313376486015,0.3574795606059822
3697,2024-06-03,Markowitz,0.2903513633210246,0.20878259184009276,1.1512040405414188,0.30826289428494746
3698,2024-06-04,Markowitz,0.28168166039356257,0.20829209644098678,1.1122921337497917,0.2971126638446231
3699,2024-06-05,Markowitz,0.2940683404825186,0.2085952849954447,1.1700568423099718,0.3131790878441758
3700,2024-06-06,Markowitz,0.28531857413230133,0.20907549625296992,1.1255196249663744,0.3016209828590657
3701,2024-06-07,Markowitz,0.2757758409290363,0.20910537002476035,1.0797228253980373,0.28926461803621484
3702,2024-06-10,Markowitz,0.27811513179267333,0.209198204286684,1.0904258598705068,0.2922560634406641
3703,2024-06-11,Markowitz,0.2730127621760011,0.20934849351008175,1.065270441820788,0.28564600360211734
3704,2024-06-12,Markowitz,0.28194841253572445,0.20918128493688343,1.1088392186027092,0.2972181823417237
3705,2024-06-13,Markowitz,0.2794911566325199,0.20924193196799087,1.0967742195556993,0.2940216336151975
3706,2024-06-14,Markowitz,0.29448444126374596,0.20932877230576763,1.167944752987068,0.31352371261344514
3707,2024-06-17,Markowitz,0.32469198789561715,0.21244291804311652,1.293015509417296,0.3528957643193995
3708,2024-06-18,Markowitz,0.3461238163856598,0.21329382712177744,1.3883374890947577,0.38191885799599934
3709,2024-06-20,Markowitz,0.33910520296983326,0.21368706559704193,1.3529373065331445,0.3721508876608668
3710,2024-06-21,Markowitz,0.32366843510486265,0.213592936627025,1.2812616345209076,0.35118590129990035
3711,2024-06-24,Markowitz,0.2929983300912252,0.215344965202734,1.128414262494864,0.309924608974941
3712,2024-06-25,Markowitz,0.30259476342246416,0.21534976818668944,1.1729511740337077,0.32253948039501434
3713,2024-06-26,Markowitz,0.3007465208861093,0.21539636262484155,1.1641167837306408,0.3200870459843326
3714,2024-06-27,Markowitz,0.30178414448372837,0.2153968629892117,1.1689313437045699,0.32145573168462227
3715,2024-06-28,Markowitz,0.2988190354190785,0.21545443708242806,1.154856863420668,0.3175316160067607
3716,2024-07-01,Markowitz,0.2998920343163436,0.21550693796321757,1.159554475035021,0.31892973297622706
3717,2024-07-02,Markowitz,0.2991266475746399,0.21547716287488755,1.1561626496785196,0.3179301584559895
3718,2024-07-03,Markowitz,0.3039033151921028,0.21546859089772288,1.1783773873224235,0.3242354160852339
3719,2024-07-05,Markowitz,0.29483930400247216,0.2158196772331122,1.1344623768388604,0.31220124684036876
3720,2024-07-08,Markowitz,0.3409781638860424,0.21637567700219718,1.34478222283315,0.373930795253246
3721,2024-07-09,Markowitz,0.35032636742848566,0.21604283771790908,1.3901241559353477,0.38691703864946314
3722,2024-07-10,Markowitz,0.3501965800582013,0.2160376144396405,1.3895570030101136,0.38673883681599697
3723,2024-07-11,Markowitz,0.32348476441496776,0.2172910062654535,1.258610602966536,0.34986490707451856
3724,2024-07-12,Markowitz,0.3212422973813387,0.21735471717377244,1.2479245949122135,0.3468264872033193
3725,2024-07-15,Markowitz,0.32600415342390243,0.2172414066167844,1.2704951497150634,0.35328019671229005
3726,2024-07-16,Markowitz,0.3388131367189503,0.21702342254515367,1.3307924708396863,0.37076763360479537
3727,2024-07-17,Markowitz,0.30267905405795115,0.2202456535840689,1.1472601159028197,0.32123227108762253
3728,2024-07-18,Markowitz,0.3122332228564981,0.22008091833765284,1.1915309370627687,0.3339488623895097
3729,2024-07-19,Markowitz,0.3065418910452795,0.22016389718208307,1.165231422266797,0.32636356739183503
3730,2024-07-22,Markowitz,0.30672125489730373,0.22017665380166834,1.1659785470650044,0.32659755589265793
3731,2024-07-23,Markowitz,0.3117000821547451,0.22037376498327715,1.187528298455145,0.33315378464254874
3732,2024-07-24,Markowitz,0.2649523530276482,0.22600960353592825,0.9510761917401341,0.27068927404533927
3733,2024-07-25,Markowitz,0.26239683691334126,0.226093092492576,0.9394220520926155,0.2674255851363796
3734,2024-07-26,Markowitz,0.2860219761365119,0.22681714310901008,1.0405826160286216,0.2974832619660417
3735,2024-07-29,Markowitz,0.28690407241030413,0.22678373587275735,1.044625495292242,0.29863683386421935
3736,2024-07-30,Markowitz,0.2729536712509756,0.22728960562493558,0.98092330548052,0.2805182615719044
3737,2024-07-31,Markowitz,0.29299336915900087,0.22879628935861754,1.0620511802887271,0.30597124453979707
3738,2024-08-01,Markowitz,0.27837616839428003,0.22957611784814358,0.9947731956393772,0.28681000841181636
3739,2024-08-02,Markowitz,0.21842227253036606,0.23873481691708107,0.705478466464586,0.20929910499656268
3740,2024-08-05,Markowitz,0.18938878200680553,0.2400015997782769,0.5807827203467747,0.17436094118273848
3741,2024-08-06,Markowitz,0.19373021447061778,0.24006343166250455,0.5987176533937175,0.17944920144232435
3742,2024-08-07,Markowitz,0.1654570114917533,0.2409152105070682,0.4792433456100353,0.14635499854634726
3743,2024-08-08,Markowitz,0.19427463159435865,0.24272171381597907,0.5944034809499629,0.1793439124552847
3744,2024-08-09,Markowitz,0.19413621571018602,0.2427184646268233,0.5938411646258298,0.17918172913171437
3745,2024-08-12,Markowitz,0.20009903134080387,0.24273600923105015,0.6183632655751993,0.1862234493595556
3746,2024-08-13,Markowitz,0.20692745262807033,0.24317288392685063,0.645332859872962,0.1942205153828247
3747,2024-08-14,Markowitz,0.21153472671963114,0.24323639574339548,0.6641059049816037,0.19971236912207058
3748,2024-08-15,Markowitz,0.2541921178578036,0.24445532369892364,0.83529421559782,0.2515874370817557
3749,2024-08-16,Markowitz,0.2626060197775414,0.2443358288927938,0.870138533267774,0.26218854869403474
3750,2024-08-19,Markowitz,0.2664082824693289,0.24443886370258097,0.8853268223855023,0.2669603087960901
3751,2024-08-20,Markowitz,0.2522203885227008,0.24451753925970662,0.8270179273639703,0.24910573321176632
3752,2024-08-21,Markowitz,0.26205478327704435,0.24460004666875218,0.8669449829018961,0.2614127392096943
3753,2024-08-22,Markowitz,0.25432651806000806,0.24498463262588738,0.8340381021859125,0.2515930664459969
3754,2024-08-23,Markowitz,0.2580982352162602,0.24515948805743015,0.8488279889355613,0.25626491365586745
3755,2024-08-26,Markowitz,0.26738786665976366,0.24492692648935405,0.887562138535277,0.26804960917510545
3756,2024-08-27,Markowitz,0.26141852922637854,0.24483527230843255,0.863513362404919,0.26053862049338394
3757,2024-08-28,Markowitz,0.258950393066517,0.24485609281201598,0.8533599906249222,0.25742809055508387
3758,2024-08-29,Markowitz,0.25924745151318074,0.24486016218869586,0.8545589843721864,0.2578000502898794
3759,2024-08-30,Markowitz,0.2735695563591779,0.24552301629467393,0.9105849208485296,0.27572122189671555
3760,2024-09-03,Markowitz,0.23378765804276125,0.24962806947282354,0.7362459615655115,0.2247387376451344
3761,2024-09-04,Markowitz,0.22391537679626117,0.24947470307677078,0.6971263003878283,0.2127639955212286
3762,2024-09-05,Markowitz,0.21995708533257086,0.24967454093793817,0.6807145201673456,0.20791654966569673
3763,2024-09-06,Markowitz,0.20879153832078257,0.2505484905709198,0.6337756733594662,0.1942509517286677
3764,2024-09-09,Markowitz,0.22997990113615585,0.2516350775190284,0.7152417020339541,0.21947692695980914
3765,2024-09-10,Markowitz,0.22669576962043014,0.2515467805649432,0.7024370147914164,0.2155088502605309
3766,2024-09-11,Markowitz,0.24128616914836887,0.2515767750976848,0.7603490786225968,0.2333479969014578
3767,2024-09-12,Markowitz,0.25058400937075354,0.25206081537194336,0.7957762458031006,0.2447088531726742
3768,2024-09-13,Markowitz,0.2749729178826996,0.25275742446081606,0.8900744196243234,0.2751869674388827
3769,2024-09-16,Markowitz,0.27321177423716914,0.2526785295459136,0.8833824331584528,0.272970535459206
3770,2024-09-17,Markowitz,0.28408391067388494,0.2524065267821517,0.9274083109424476,0.28695905101889263
3771,2024-09-18,Markowitz,0.2784817050522407,0.2523418756688096,0.9054450611761141,0.27979806695380005
3772,2024-09-19,Markowitz,0.3007750073416676,0.2528320592904771,0.9918639592044531,0.30845696863513106
3773,2024-09-20,Markowitz,0.30852973672108974,0.2528553277017492,1.0224413267100851,0.31862314387147395
3774,2024-09-23,Markowitz,0.3270099852042522,0.2525185927290449,1.096988472058716,0.34330171739767934
3775,2024-09-24,Markowitz,0.33098392844005753,0.2524824877246323,1.1128848221208518,0.3486558045459751
3776,2024-09-25,Markowitz,0.3362269015310908,0.2525525015435437,1.1333362361557966,0.3557122270608153
3777,2024-09-26,Markowitz,0.35375443808894835,0.25291296251721185,1.2010236053767964,0.379527340571592
3778,2024-09-27,Markowitz,0.3319786003078814,0.25331883738744176,1.1131371169077553,0.34971206597722904
3779,2024-09-30,Markowitz,0.3334998105136763,0.25331476379749757,1.1191602347358993,0.35176549967173854
3780,2024-10-01,Markowitz,0.32376177390970695,0.2539901441145476,1.0778440827461497,0.3384508482325821
3781,2024-10-02,Markowitz,0.33433221731898566,0.25377937863630595,1.1203913369433587,0.35272766740936423
3782,2024-10-03,Markowitz,0.3385204836962905,0.2537084222007864,1.1372128729252577,0.3584219555941426
3783,2024-10-04,Markowitz,0.37074079910055513,0.25409021905410545,1.2623106874974093,0.4027091760474686
3784,2024-10-07,Markowitz,0.3682544910625588,0.2541729761253637,1.2521177345997188,0.3992015600444936
3785,2024-10-08,Markowitz,0.38621373990825614,0.25449524641693355,1.3211002745310423,0.42440418583505357
3786,2024-10-09,Markowitz,0.35663007248447265,0.25224516238980144,1.215603381961509,0.3837081736444439
3787,2024-10-10,Markowitz,0.3623235360956325,0.2521994910843877,1.2383987562890317,0.39161342396462206
3788,2024-10-11,Markowitz,0.38715001244803526,0.2522277945979021,1.3366885794070194,0.42653382753722324
3789,2024-10-14,Markowitz,0.3974604526927231,0.2523178456552069,1.3770744268620974,0.441262696504092
3790,2024-10-15,Markowitz,0.3682057331910066,0.2522094853546078,1.2616723464766115,0.39980691027377313
3791,2024-10-16,Markowitz,0.37033209206144424,0.25222831532975903,1.2700084510442353,0.4027756038456636
3792,2024-10-17,Markowitz,0.37160389050855336,0.2522587553086625,1.2748968419948024,0.4045475148258515
3793,2024-10-18,Markowitz,0.3669601208983828,0.25232300036811584,1.2561681671348526,0.3980271461414775
3794,2024-10-21,Markowitz,0.37166642258577653,0.2522629854547564,1.2751233479850643,0.40463371843693996
3795,2024-10-22,Markowitz,0.3235503305843985,0.25774082064001574,1.0613387895061597,0.33681232626680746
3796,2024-10-23,Markowitz,0.333910077619218,0.2577765628193011,1.101380492136658,0.3507028913648369
3797,2024-10-24,Markowitz,0.34657660415125324,0.25768892851197434,1.1509093769136143,0.36792803283681486
3798,2024-10-25,Markowitz,0.34025475897961566,0.25764266624936544,1.1265787736363737,0.3593352127652505
3799,2024-10-28,Markowitz,0.32705849424898215,0.25797273583476,1.0739836260311137,0.34142392125559495
3800,2024-10-29,Markowitz,0.34536861808445707,0.2571500332724799,1.1486236821578792,0.3664701435262696
3801,2024-10-30,Markowitz,0.3562962984466942,0.25749111845780687,1.1895412171153572,0.38134406451280833
3802,2024-10-31,Markowitz,0.32790843552519255,0.2585359708006553,1.0749314096005402,0.34236812492763335
3803,2024-11-01,Markowitz,0.35135939492719237,0.259534969281576,1.161151407694275,0.3738286518666598
3804,2024-11-04,Markowitz,0.33207852053229603,0.2591813549412665,1.0883441850831372,0.3477503568529734
3805,2024-11-05,Markowitz,0.3573617239064577,0.25982279330038804,1.1829667443806928,0.3819872709004817
3806,2024-11-06,Markowitz,0.40103965723187285,0.26241832536281556,1.3377101494208943,0.44264556220547746
3807,2024-11-07,Markowitz,0.40461247879527473,0.26231746763162744,1.3518447017537438,0.44783916662142365
3808,2024-11-08,Markowitz,0.41940962437071017,0.2620774905328914,1.409543504173428,0.4694794345711797
3809,2024-11-11,Markowitz,0.4390377019337707,0.2618396383838807,1.485786125947081,0.49865133331799893
3810,2024-11-12,Markowitz,0.42796471871241315,0.26204283366504044,1.442377619819023,0.48209766399456266
3811,2024-11-13,Markowitz,0.42296316825645897,0.262022827714077,1.4233995240423924,0.4747234675310037
3812,2024-11-14,Markowitz,0.408288846854139,0.2625425141911722,1.3646888693739272,0.4530771580106512
3813,2024-11-15,Markowitz,0.3958772482325804,0.263064251563343,1.3148014075538383,0.43498421268353216
3814,2024-11-18,Markowitz,0.40999163233290437,0.2632150999112769,1.3676708990261135,0.4552920907853528
3815,2024-11-19,Markowitz,0.3981020707708196,0.2631857385158162,1.3226479243665412,0.43812995878941874
3816,2024-11-20,Markowitz,0.39459188315843907,0.2632094729274169,1.309192558025692,0.4330896921002645
3817,2024-11-21,Markowitz,0.41149191394498197,0.26359248237630095,1.371404490318207,0.45733088573594594
3818,2024-11-22,Markowitz,0.429979900429004,0.2641200090310011,1.438663817342229,0.4842760350108324
3819,2024-11-25,Markowitz,0.4298086109655751,0.26411935247782,1.4380188630724073,0.4840225040338786
3820,2024-11-26,Markowitz,0.44226897208672733,0.2639715519712985,1.4860274493873435,0.5026559369563353
3821,2024-11-27,Markowitz,0.4010288097216398,0.2678465953408418,1.3105591626988815,0.4405250483318486
3822,2024-11-29,Markowitz,0.4178218125048966,0.26807654898015104,1.3720775424191651,0.46479142895572734
3823,2024-12-02,Markowitz,0.3982654160473563,0.2681357386617114,1.2988399748037283,0.4364455468309354
3824,2024-12-03,Markowitz,0.3894329532834465,0.26812733183945514,1.265939398847584,0.42383678947562764
3825,2024-12-04,Markowitz,0.3921285441845256,0.26817192064770545,1.2757806386224013,0.42765721720630134
3826,2024-12-05,Markowitz,0.37113853343455416,0.26946972857811513,1.1917425201304608,0.3975538343046989
3827,2024-12-06,Markowitz,0.37927722080007,0.26944353728196574,1.2220639029671356,0.408967397801304
3828,2024-12-09,Markowitz,0.3721961271408756,0.26984898851923345,1.193986788347406,0.39888605963912016
3829,2024-12-10,Markowitz,0.3510625023432553,0.27037398755575187,1.113503947125,0.36947892538316207
3830,2024-12-11,Markowitz,0.3452801856024077,0.27034864913820056,1.092219940967644,0.36160310992533273
3831,2024-12-12,Markowitz,0.3306148728361583,0.27102638005260915,1.0353784483329185,0.34155888751262053
3832,2024-12-13,Markowitz,0.31610173418886245,0.2707304663924492,0.9829028026831789,0.322358250807784
3833,2024-12-16,Markowitz,0.3134237967690122,0.2707255579254015,0.9730289182434662,0.31882793958435873
3834,2024-12-17,Markowitz,0.3127471108099277,0.2707505522035875,0.970439796600519,0.3179279657835026
3835,2024-12-18,Markowitz,0.28391451865991624,0.2716979333318606,0.8609359511550113,0.28018247294204324
3836,2024-12-19,Markowitz,0.2824174739119515,0.27167469768180535,0.8554991535655144,0.2782775497786689
3837,2024-12-20,Markowitz,0.3204046081457582,0.27237884455909533,0.9927518731620555,0.3274640120641079
3838,2024-12-23,Markowitz,0.32329095996597934,0.27246614267875047,1.0030272285544166,0.33126497758583007
3839,2024-12-24,Markowitz,0.32693674268139106,0.2725469343528576,1.0161066142202506,0.3360920180703242
3840,2024-12-26,Markowitz,0.3275937462718975,0.2725499604970272,1.0185059126982532,0.3369678904134805
3841,2024-12-27,Markowitz,0.31715888376767354,0.27282252200452267,0.9792405766384814,0.3230084711282668
3842,2024-12-30,Markowitz,0.3029437856225349,0.27326109724427555,0.9256487226808635,0.3042007836208367
3843,2024-12-31,Markowitz,0.300315781462448,0.27327612477930935,0.9159811588538752,0.30077660702698905
3844,2025-01-02,Markowitz,0.2823424624709483,0.2725057451282907,0.8526149140876489,0.27789597345202144
3845,2025-01-03,Markowitz,0.2901246030611043,0.2724711965938821,0.8812843561553029,0.28788027867715527
3846,2025-01-06,Markowitz,0.28724583437696005,0.272544753275228,0.8704839536477098,0.28415656971538894
3847,2025-01-07,Markowitz,0.27802144017182695,0.27254300769241196,0.8366438827488416,0.27237913726675433
3848,2025-01-08,Markowitz,0.2582359470932668,0.2715821331827564,0.766751275766503,0.24779732640485097
3849,2025-01-10,Markowitz,0.24687077594993823,0.27208201264819715,0.7235714483062603,0.23354142502401665
3850,2025-01-13,Markowitz,0.24764479846359166,0.27209764301510747,0.7263745333237525,0.23449045621610742
3851,2025-01-14,Markowitz,0.2552112016750898,0.27231545592166423,0.7535789732556423,0.24378445843276886
3852,2025-01-15,Markowitz,0.2678173551777131,0.27238625925406795,0.7996635211122902,0.25952268418606583
3853,2025-01-16,Markowitz,0.27932387467349673,0.2723136763234988,0.8421313162438022,0.27410844651327526
3854,2025-01-17,Markowitz,0.30185487856698623,0.2719583088575151,0.9260789994798009,0.3032344411115744
3855,2025-01-21,Markowitz,0.31224575857181736,0.2724971387886973,0.962379861078728,0.31664100671864803
3856,2025-01-22,Markowitz,0.28625092039650113,0.2714719284164178,0.8702591158306053,0.2832456507092933
3857,2025-01-23,Markowitz,0.30262789371597865,0.27176473901297643,0.929583045370415,0.30430730751068724
3858,2025-01-24,Markowitz,0.3014320206847242,0.2717806825983386,0.9251283729252846,0.3027446893719916
3859,2025-01-27,Markowitz,0.30739005160981014,0.27194315745995734,0.9464847507615995,0.31046315728498053
3860,2025-01-28,Markowitz,0.3034893975581735,0.2719439592745606,0.9321383649571897,0.30536732513777576
3861,2025-01-29,Markowitz,0.3234663595915305,0.2716867395026514,1.006550264809158,0.3317674852214023
3862,2025-01-30,Markowitz,0.33332947826299286,0.27192994246284746,1.0419208554118782,0.3448629612935874
3863,2025-01-31,Markowitz,0.31601870529470644,0.271905150824455,0.9783511069507143,0.3218204116246104
3864,2025-02-03,Markowitz,0.3363221331317422,0.27159513613867925,1.0542240822219409,0.3490111122162536
3865,2025-02-04,Markowitz,0.3088463434892539,0.2705718100366784,0.9566641234878274,0.3128526168720289
3866,2025-02-05,Markowitz,0.31612165952311067,0.270712163308655,0.9830428609877037,0.3223773388160751
3867,2025-02-06,Markowitz,0.3196804622619973,0.2707126725322839,0.9961870633515928,0.3270856756506235
3868,2025-02-07,Markowitz,0.32829555220106754,0.2703796844534858,1.029276858442904,0.33867436057205946
3869,2025-02-10,Markowitz,0.3266202378133427,0.27033597754678906,1.023246111463155,0.3364520221305214
3870,2025-02-11,Markowitz,0.32739193956310686,0.2703554034789715,1.0260269851964792,0.33747549383501596
3871,2025-02-12,Markowitz,0.31037456426440124,0.27013002465474,0.9638860567135865,0.31501477493950736
3872,2025-02-13,Markowitz,0.3161750640540585,0.27021992558818503,0.9850312240101387,0.3226233922187405
3873,2025-02-14,Markowitz,0.3276815591862722,0.2700036744433469,1.0284362231690158,0.337988613837211
3874,2025-02-18,Markowitz,0.30677571312286955,0.26919485124960973,0.9538656179006018,0.3106216630475105
3875,2025-02-19,Markowitz,0.3179057954525084,0.26905757743823144,0.9957191988544257,0.325321172495451
3876,2025-02-20,Markowitz,0.322135005777345,0.2689565032206305,1.0118179055670837,0.33096715765830576
3877,2025-02-21,Markowitz,0.3168508283342587,0.26912142446866344,0.9915629306032113,0.3239026286304587
3878,2025-02-24,Markowitz,0.3265704747353001,0.2690969105947644,1.0277727608392733,0.3368255355440677
3879,2025-02-25,Markowitz,0.3056271923837742,0.2681035017378486,0.9534645788913504,0.3094953165132277
3880,2025-02-26,Markowitz,0.29196957748502017,0.2678606765126954,0.9033411721169602,0.29183606910594495
3881,2025-02-27,Markowitz,0.2862388220561183,0.2677137830312818,0.8824305546812817,0.28451233092053374
3882,2025-02-28,Markowitz,0.3103533874778909,0.2683667715181137,0.9701401779553697,0.3156010817075894
3883,2025-03-03,Markowitz,0.3031068143544384,0.2683700793300383,0.943126055580774,0.306112254866749
3884,2025-03-04,Markowitz,0.2551560389454256,0.2706179624366841,0.758102075332215,0.2442563326776337
3885,2025-03-05,Markowitz,0.17757827433627316,0.2573319102171846,0.4957732378724382,0.15526518594184435
3886,2025-03-06,Markowitz,0.1671127064320711,0.2574521823297331,0.45489110005709116,0.14321048743615483
3887,2025-03-07,Markowitz,0.19224061954179317,0.2565704702485602,0.5543920132507587,0.17254818596397925
3888,2025-03-10,Markowitz,0.17961871114100936,0.25640086810104185,0.5055314831848757,0.15790190550174255
3889,2025-03-11,Markowitz,0.13426327236591684,0.2563057994905787,0.3287606934115207,0.10660739732561453
3890,2025-03-12,Markowitz,0.15025341604823628,0.25580747977613016,0.39190963507389626,0.12457858177429038
3891,2025-03-13,Markowitz,0.1539487939466343,0.25578068343943017,0.40639813980030187,0.12874721232879516
3892,2025-03-14,Markowitz,0.16493361990123623,0.25605475194126537,0.4488634521713546,0.1411277328264362
3893,2025-03-17,Markowitz,0.18740904974936068,0.25620834325042846,0.5363176234079602,0.1670026449616968
3894,2025-03-18,Markowitz,0.20139792617779617,0.255545178193488,0.5924507253397052,0.18363210479396974
3895,2025-03-19,Markowitz,0.24661839307055264,0.25371673957022395,0.7749523874680425,0.23892454167743749
3896,2025-03-20,Markowitz,0.23454534975100527,0.25377446965992156,0.7272021886138155,0.22405294970823042
3897,2025-03-21,Markowitz,0.22155315352388605,0.2536153105874395,0.6764305874378167,0.20831500809779957
3898,2025-03-24,Markowitz,0.22565959873642438,0.2538091784192352,0.6920931694844957,0.21322404422880936
3899,2025-03-25,Markowitz,0.21774332304865285,0.25352999169877855,0.6616310832682484,0.20375008268440453
3900,2025-03-26,Markowitz,0.22297830267694663,0.25342084996705744,0.682573287475882,0.2100961546539195
3901,2025-03-27,Markowitz,0.22391713364955323,0.2534136987211404,0.686297285929021,0.21123394321191213
3902,2025-03-28,Markowitz,0.20331832944328376,0.2537831612326481,0.6041312146109402,0.18644797051366124
3903,2025-03-31,Markowitz,0.1978291279873966,0.25359346529602195,0.5829374499647865,0.1800142774017277
3904,2025-04-01,Markowitz,0.20845838452320764,0.2536248359737222,0.6247747146483137,0.1926043280131695
3905,2025-04-02,Markowitz,0.18989021311408472,0.2533256990306741,0.5522148508791682,0.17076864216538112
3906,2025-04-03,Markowitz,0.18124343404240784,0.2539973790603287,0.516711765010911,0.16049562327833056
3907,2025-04-04,Markowitz,0.06253307188766433,0.2622508233954767,0.047790400523411644,0.028280992019602547
3908,2025-04-07,Markowitz,0.06721470231353677,0.26220314731086336,0.06565406437752375,0.033117966383346076
3909,2025-04-08,Markowitz,0.029193372667127626,0.25988567963978704,-0.08006069192312279,-0.00483239477774855
3910,2025-04-09,Markowitz,0.10194706765493744,0.2657704658668785,0.19545839108005758,0.06866795218120059
3911,2025-04-10,Markowitz,0.09945582795026864,0.26589871125397346,0.18599498928383615,0.06597334866833249
3912,2025-04-11,Markowitz,0.11111635091415972,0.2661580868721309,0.22962424937898493,0.07839717243957489
3913,2025-04-14,Markowitz,0.12021610258054216,0.26650861567071454,0.2634665389853582,0.08815055260775728
3914,2025-04-15,Markowitz,0.15444418377641944,0.26477617751782534,0.39446216330918976,0.12654623453643077
3915,2025-04-16,Markowitz,0.14174348384821678,0.2652476051068593,0.3458786510485417,0.11219727491491005
3916,2025-04-17,Markowitz,0.12981145004006667,0.26485677162434185,0.3013381517511918,0.09912457879008207
3917,2025-04-21,Markowitz,0.11315256196274426,0.2660102626449673,0.23740648700847802,0.08063887029919758
3918,2025-04-22,Markowitz,0.13251657275465378,0.2658993683246499,0.31033008191995837,0.10179094560789181
3919,2025-04-23,Markowitz,0.18414919081730052,0.2644404981784424,0.507294426312787,0.1605994289705488
3920,2025-04-24,Markowitz,0.1869766014068146,0.26454651386137085,0.5177788941818899,0.1638510034398577
3921,2025-04-25,Markowitz,0.11769329280544705,0.26173426042915665,0.25863367178012037,0.08675317430381568
3922,2025-04-28,Markowitz,0.13435525537233406,0.26171308553739875,0.32231959360809154,0.10500962741839337
3923,2025-04-29,Markowitz,0.12580640366463525,0.26138818145959514,0.2900146565209309,0.09569983926592385
3924,2025-04-30,Markowitz,0.1359054141701893,0.2614236543295229,0.3286061255264455,0.10680547798522655
3925,2025-05-01,Markowitz,0.12680225552650903,0.26122366483224596,0.29400956293845093,0.09683761657390066
3926,2025-05-02,Markowitz,0.15963208834548992,0.2608327506439075,0.42031565466700604,0.13354187889272517
3927,2025-05-05,Markowitz,0.17649345399895744,0.2600596490098646,0.48640169469027966,0.15303820095370835
3928,2025-05-06,Markowitz,0.16288374397140493,0.2594064251354226,0.4351617116363798,0.13765179988362286
3929,2025-05-07,Markowitz,0.15031404161092476,0.25918368791712404,0.38703840668785044,0.12351419457556179
3930,2025-05-08,Markowitz,0.13211632185885347,0.25839802083642643,0.3177900573427206,0.10348516006164465
3931,2025-05-09,Markowitz,0.13710384564719624,0.2583524308659678,0.3371512524779972,0.10901265298526974
3932,2025-05-12,Markowitz,0.1391877767404277,0.25841638787077365,0.34513204628890587,0.11130677161730884
3933,2025-05-13,Markowitz,0.1399300934970813,0.2584088126836342,0.3480148086403744,0.11213373429879692
3934,2025-05-14,Markowitz,0.14563382988790619,0.25828298495792573,0.37026763456169953,0.1185279622631592
3935,2025-05-15,Markowitz,0.17988012809185816,0.2588880291090933,0.5016845643223146,0.15729578337630246
3936,2025-05-16,Markowitz,0.18121341381338707,0.25892706942648946,0.5067581929692335,0.1588271495980791
3937,2025-05-19,Markowitz,0.14769083122808302,0.2557639618707858,0.38195698296790254,0.12153175913316971
3938,2025-05-20,Markowitz,0.1528667078784065,0.2556036390931727,0.40244617894860846,0.12739459381947116
3939,2025-05-21,Markowitz,0.13560526508327808,0.2559795949141754,0.334422222646222,0.10800498672004566
3940,2025-05-22,Markowitz,0.13509158412985556,0.2559894558310579,0.3324026915624695,0.1074334821564018
3941,2025-05-23,Markowitz,0.13247142999761008,0.2559678603348293,0.3221944735160497,0.10454323020799161
3942,2025-05-27,Markowitz,0.1445362526017665,0.25628590059520956,0.3688702826890257,0.11785281565198136
3943,2025-05-28,Markowitz,0.12135299304014902,0.2555761194681891,0.2791848987637131,0.09244358959891441
3944,2025-05-29,Markowitz,0.1037200314821628,0.25484846756808105,0.21079205221358396,0.07355370562793273
3945,2025-05-30,Markowitz,0.09707996862516877,0.2545320548261371,0.18496675657346034,0.06653616639239224
3946,2025-06-02,Markowitz,0.08419905635977598,0.2541940413507552,0.13453917400284637,0.05298051080873534
3947,2025-06-03,Markowitz,0.10859850421769124,0.2534649092844321,0.23118980999430352,0.07918020243165724
3948,2025-06-04,Markowitz,0.15966001662448603,0.2469447262176715,0.4440670521865095,0.13760450576877847
3949,2025-06-05,Markowitz,0.193425183562417,0.24516232419729125,0.585021307951859,0.17716796799048895
3950,2025-06-06,Markowitz,0.19313873795129877,0.24515336046838138,0.5838742641660019,0.17683363245751438
3951,2025-06-09,Markowitz,0.17300165742370932,0.2450195181016645,0.5020075885247353,0.15342630002619906
3952,2025-06-10,Markowitz,0.1833752413527061,0.24458720346762822,0.5453075200246881,0.16556925298989245
3953,2025-06-11,Markowitz,0.19048015478828495,0.24454347146655794,0.5744588229888445,0.17388636881680264
3954,2025-06-12,Markowitz,0.1723024324358805,0.24448919679139552,0.5002365504936076,0.15277026428701102
3955,2025-06-13,Markowitz,0.17600864963078255,0.24439123559746984,0.515602162748291,0.15707538866471227
3956,2025-06-16,Markowitz,0.181232438343497,0.24446787145147963,0.5368085285167755,0.16310963725140026
3957,2025-06-17,Markowitz,0.17666575619399993,0.24462256855034287,0.5178007775187446,0.15777001119101208
3958,2025-06-18,Markowitz,0.1643441002556557,0.24447053558553394,0.4677213962892868,0.14364341333717
3959,2025-06-20,Markowitz,0.13251157376656397,0.2416459889124303,0.3414564178694694,0.10857064898335667
3960,2025-06-23,Markowitz,0.12598197490277385,0.24119285702457605,0.3150258089734049,0.10147729206704725
3961,2025-06-24,Markowitz,0.1431548589418976,0.24076276859406437,0.3869155496336745,0.1206626508128541
3962,2025-06-25,Markowitz,0.1436468290724192,0.2407516308746055,0.38897692502525466,0.12121681280992513
3963,2025-06-26,Markowitz,0.17753853184463453,0.2393332731068288,0.5328909356774076,0.16024373050650786
3964,2025-06-27,Markowitz,0.1820212665358456,0.23947643303445565,0.5512912684683696,0.16541332643609796
3965,2025-06-30,Markowitz,0.19898834225400264,0.23966077530479413,0.6216634410221,0.18528904545867175
3966,2025-07-01,Markowitz,0.1971639232094572,0.2396598616792211,0.6140532760818853,0.18313050527146602
3967,2025-07-02,Markowitz,0.19456040044762002,0.23973113976691465,0.6030105249913421,0.18003640692007616
3968,2025-07-03,Markowitz,0.18943798537498036,0.23954007774921945,0.5821071224705935,0.17406477891919825
3969,2025-07-07,Markowitz,0.17631520733467743,0.23943728237719913,0.5275502882449439,0.15879756857971472
3970,2025-07-08,Markowitz,0.16714131799225473,0.23951684691999253,0.48907339712677605,0.1482007941921748
3971,2025-07-09,Markowitz,0.17995847390006903,0.23919730018687294,0.5433107890370793,0.163091138702947
3972,2025-07-10,Markowitz,0.15408281551350234,0.2377457884914758,0.437790364968901,0.1337844643125612
3973,2025-07-11,Markowitz,0.14975678293222183,0.23782593068732838,0.4194529277943744,0.12887170844904028
3974,2025-07-14,Markowitz,0.14832180281411167,0.23777336679294162,0.4135105800126576,0.1272678149413371
3975,2025-07-15,Markowitz,0.16329834650203523,0.23680541716842138,0.4784449099889251,0.14453272870235456
3976,2025-07-16,Markowitz,0.1746363257177611,0.23675765976507865,0.5264299615118292,0.1575876405707326
3977,2025-07-17,Markowitz,0.17606190479414985,0.2367487846803602,0.5324711802189348,0.15924032759917384
3978,2025-07-18,Markowitz,0.17053954225086387,0.23673486927462398,0.5091752753627187,0.15286436067812526
3979,2025-07-21,Markowitz,0.21108178330602334,0.23384595795562055,0.6888371503799675,0.20136026971433574
3980,2025-07-22,Markowitz,0.1997458974565579,0.23405353510679325,0.6397933591912308,0.18777190008285838
3981,2025-07-23,Markowitz,0.22541799070903157,0.23484264856584905,0.7469596846240856,0.21841200961101692
3982,2025-07-24,Markowitz,0.21710050450877605,0.23442031846387232,0.7128243217301522,0.20844633598819828
3983,2025-07-25,Markowitz,0.20975414677874304,0.23417218146271057,0.6822080478597847,0.19967741350024548
3984,2025-07-28,Markowitz,0.2512904026338929,0.22891729247478246,0.8793149720485492,0.2520766895847859
3985,2025-07-29,Markowitz,0.2570342838063524,0.22877305393874822,0.9049767017656889,0.2593234522615788
3986,2025-07-30,Markowitz,0.23812126437805836,0.22799363629673494,0.8251162946198092,0.23596858355276407
3987,2025-07-31,Markowitz,0.23937531273206447,0.2279533310871977,0.8307635243971224,0.23752943897614687
3988,2025-08-01,Markowitz,0.24733129598719128,0.22756572273683703,0.8671398030158979,0.24751565369281514
3989,2025-08-04,Markowitz,0.22935750523886822,0.22611092582682338,0.7932279458987168,0.2257084697394267
3990,2025-08-05,Markowitz,0.24310636603323832,0.22535164723307077,0.856911269139814,0.2428756427002421
3991,2025-08-06,Markowitz,0.3056264679256162,0.21554303863917793,1.1859648520291046,0.32594847396396487
3992,2025-08-07,Markowitz,0.3377181219990617,0.214142208515456,1.3435843591680117,0.36955163519615564
3993,2025-08-08,Markowitz,0.3356444172954034,0.21410367508981032,1.3341406548747181,0.3667294705284945
3994,2025-08-11,Markowitz,0.36010540556593085,0.21297773345881865,1.4560461346345053,0.40086560523075865
3995,2025-08-12,Markowitz,0.341309046503118,0.21124895520203393,1.378984555092906,0.3753068533987407
3996,2025-08-13,Markowitz,0.33193966534430497,0.21123310341319704,1.3347323917918184,0.36250272449910526
3997,2025-08-14,Markowitz,0.3281561920755276,0.21121020079561126,1.3169638162727764,0.35737069753677386
3998,2025-08-15,Markowitz,0.3087962946254603,0.21040247004164986,1.2300059717655918,0.3315999291103615
3999,2025-08-18,Markowitz,0.3059817177872557,0.2103508085672752,1.216927662559408,0.3278761436737332
4000,2025-08-19,Markowitz,0.2772754546548635,0.2084676997333068,1.0902190360694606,0.2908390054547112
4001,2025-08-20,Markowitz,0.281873014218436,0.20853333032306176,1.111923038198336,0.2967631980719794
4002,2025-08-21,Markowitz,0.2724627701797846,0.20836372914661236,1.0676655245657063,0.2846757384348193
4003,2025-08-22,Markowitz,0.27781880996558206,0.20821324081599066,1.0941610104753996,0.2916079165468637
4004,2025-08-25,Markowitz,0.2666211064238947,0.20814292182036165,1.0407325146076798,0.27725939262088883
4005,2025-08-26,Markowitz,0.2903584023532426,0.2076603924175467,1.1574590587787652,0.3080389378103825
4006,2025-08-27,Markowitz,0.28077866739152735,0.20727580892655592,1.1133892979923152,0.29568394635561934
4007,2025-08-28,Markowitz,0.2837640083858448,0.20727508294908337,1.1277959948676919,0.2995536406755015
4008,2025-08-29,Markowitz,0.2819517507060031,0.20727700539716123,1.1190423668151845,0.2972027686872716
4009,2025-09-02,Markowitz,0.2840020904134194,0.2072536002441755,1.1290616430196156,0.2998684964937606
4010,2025-09-03,Markowitz,0.2742308663267199,0.20732343172309306,1.081551006864525,0.2872243124848106
4011,2025-09-04,Markowitz,0.2667227512362902,0.20678849471768904,1.0480406636363573,0.2777447362224468
4012,2025-09-05,Markowitz,0.3072627448783235,0.20176773779497756,1.275044006984586,0.33194729799199796
4013,2025-09-08,Markowitz,0.29022865990360236,0.20260252416645574,1.1857140521419836,0.30925501422443014
4014,2025-09-09,Markowitz,0.3035113055151595,0.20206304690262306,1.2546148808561224,0.32688602037485914
4015,2025-09-10,Markowitz,0.3310673587077745,0.20045303759492114,1.402160636127451,0.36435774409903154
4016,2025-09-11,Markowitz,0.31774265718420247,0.1993595236457534,1.3430141298890774,0.34660920031805964
4017,2025-09-12,Markowitz,0.3076994430789003,0.19937272971712178,1.2925511098961973,0.33316559694905346
4018,2025-09-15,Markowitz,0.3043795048418513,0.1992746626130032,1.2765270883226294,0.328777912763377
4019,2025-09-16,Markowitz,0.2856172161446878,0.19850460510100645,1.186960957529409,0.3043042245527976
4020,2025-09-17,Markowitz,0.2695158965412786,0.1975850187075208,1.1109946390531837,0.28372342540059403
4021,2025-09-18,Markowitz,0.2616032446582045,0.19732458389055482,1.072361286597565,0.2736810881576266
4022,2025-09-19,Markowitz,0.26153926989661713,0.19732485121794022,1.0720356234450037,0.27359962497291423
4023,2025-09-22,Markowitz,0.25982634510947356,0.19733073313030097,1.0633231923935615,0.27142069421770665
4024,2025-09-23,Markowitz,0.24636212953982414,0.19663822485855348,0.9985959224411838,0.2546018547502644
4025,2025-09-24,Markowitz,0.2348764479044646,0.19668840029010679,0.93994586173755,0.24027559074107852
4026,2025-09-25,Markowitz,0.2267310460084403,0.19664987469179004,0.8987091717471543,0.23023245365877143
4027,2025-09-26,Markowitz,0.2291922428872747,0.196666630438358,0.9111471655759091,0.2332572503265664
4028,2025-09-29,Markowitz,0.22143551452784171,0.19656636032262814,0.8721508311313356,0.22376057270743965
4029,2025-09-30,Markowitz,0.21471033161477648,0.19618533746977462,0.8395649427172541,0.21565465818156904
4030,2025-10-01,Markowitz,0.2212749366752984,0.19578821297208315,0.8747969761577016,0.22375012006524808
4031,2025-10-02,Markowitz,0.2117454908583707,0.19599424861957304,0.8252563123539428,0.21210482524051844
4032,2025-10-03,Markowitz,0.23177843623021377,0.1947640185339954,0.9333265846457414,0.23690992388950294
4033,2025-10-06,Markowitz,0.22017472293749196,0.19507181289170697,0.8723696182183098,0.22257937106670211
4034,2025-10-07,Markowitz,0.2265678490880324,0.19511976516634472,0.9049203648718196,0.2304021452307652
4035,2025-10-08,Markowitz,0.20478695159376759,0.19413464738300423,0.7973174993765622,0.2041415933130144
4036,2025-10-09,Markowitz,0.19933968648097045,0.19446474496573235,0.7679524970312042,0.1975280698511046
4037,2025-10-10,Markowitz,0.17040149370040725,0.19449168468974604,0.619057282024536,0.1633866570075846
4038,2025-10-13,Markowitz,0.1678201712952827,0.1944395133259491,0.605947676374681,0.16040112544862795
4039,2025-10-14,Markowitz,0.17924171639475195,0.19486838696678646,0.6632256694195351,0.17362484006414758
4040,2025-10-15,Markowitz,0.16084130187298828,0.19445920285726193,0.5699977180012852,0.1523317350851654
4041,2025-10-16,Markowitz,0.14854464381288246,0.1943230136915316,0.5071177208547838,0.13828699644357711
4042,2025-10-17,Markowitz,0.17479743789346325,0.1943646970110603,0.6420787304103979,0.16853859937060878
4043,2025-10-20,Markowitz,0.17497958501291178,0.1943686018512607,0.6430029532678924,0.16875043839844572
4044,2025-10-21,Markowitz,0.1976039436506024,0.1965411331088283,0.7510079000555651,0.19497964999643536
4045,2025-10-22,Markowitz,0.19960198073752833,0.19649905657844663,0.7613368905809684,0.19737765418955044
4046,2025-10-23,Markowitz,0.196327668514785,0.1965293103406682,0.7445590088376001,0.19345947244076522
4047,2025-10-24,Markowitz,0.25308633504227385,0.1894104711576657,1.0722022589407125,0.26488373610808047
4048,2025-10-27,Markowitz,0.25705036487205457,0.1895856263707491,1.0921205833777285,0.26986108926338837
4049,2025-10-28,Markowitz,0.2496430241122376,0.18953861287152535,1.0533105686890372,0.2605100355731045
4050,2025-10-29,Markowitz,0.23806545328030193,0.18994761935906426,0.9900911309912003,0.2459175574837531
4051,2025-10-30,Markowitz,0.24374627502190294,0.18965275735146178,1.021584277115756,0.25307916149580234
4052,2025-10-31,Markowitz,0.24633406090077828,0.18964294900734383,1.0352826821585406,0.2563252297561964
4053,2025-11-03,Markowitz,0.22047593570338264,0.18950591936296696,0.8995810594014452,0.224314561824692
4054,2025-11-04,Markowitz,0.23663072597922197,0.1882069899957529,0.9916248380755334,0.2445441295256332
4055,2025-11-05,Markowitz,0.2155802289937847,0.18678201574762227,0.8864891426030803,0.2189614834688718
4056,2025-11-06,Markowitz,0.21887125334363067,0.18673313050246731,0.9043454307718543,0.22298739374553644
4057,2025-11-07,Markowitz,0.20868497542611386,0.18593040381685932,0.8534643725209026,0.21078075833758225
4058,2025-11-10,Markowitz,0.17430980279985675,0.1820188197195156,0.6829502739959178,0.17071449458388566
4059,2025-11-11,Markowitz,0.18596883075072834,0.18209099688891323,0.7467081463323404,0.18441859582815368
4060,2025-11-12,Markowitz,0.18451537543763297,0.1820642581456196,0.7388346115141621,0.18270531688949276
4061,2025-11-13,Markowitz,0.16682657690948255,0.18217990897385603,0.6412703660217983,0.1619580347817131
4062,2025-11-14,Markowitz,0.17296355424886534,0.18196977435657485,0.6757361473005666,0.16915083129138297
4063,2025-11-17,Markowitz,0.1581421529392214,0.18260944357860884,0.592204602456219,0.15182638880486077
4064,2025-11-18,Markowitz,0.16860531448763139,0.18201270437792644,0.6516320654263913,0.1640609139057907
4065,2025-11-19,Markowitz,0.18362822904569398,0.18128192149072975,0.737129372564199,0.18182587781363035
4066,2025-11-20,Markowitz,0.16555142578754256,0.18110903448923157,0.6380213229749897,0.1607042408597419
4067,2025-11-21,Markowitz,0.1756158453721396,0.18114592445184446,0.6934511265006854,0.1724293682479332
4068,2025-11-24,Markowitz,0.18402328779821753,0.18121745110382528,0.7395716415933435,0.18230580769454008
4069,2025-11-25,Markowitz,0.17283488736681485,0.1806156218693689,0.6800900503260774,0.16928595232284738
4070,2025-11-26,Markowitz,0.15869421624299496,0.17977383671325295,0.6046164349063036,0.15305040038027862
4071,2025-11-28,Markowitz,0.1638553330494641,0.17990548855719263,0.6328619207927558,0.15898582608727674
4072,2025-12-01,Markowitz,0.1396416811236908,0.1809655590955062,0.4953521629846792,0.13105774392147085
4073,2025-12-02,Markowitz,0.18654715066429262,0.17540821041477,0.7784535874427624,0.18654262373490682
4074,2025-12-03,Markowitz,0.17358967030773909,0.17492676513212616,0.7065223564523645,0.17137544662110993
4075,2025-12-04,Markowitz,0.18898143351702812,0.17475081607889462,0.7953120714142032,0.18956811765430714
4076,2025-12-05,Markowitz,0.18734302234542566,0.17479001725014237,0.7857601052174151,0.18761403703110835
4077,2025-12-08,Markowitz,0.17062761961695994,0.17495810040670895,0.6894657597250315,0.16790677783648356
4078,2025-12-09,Markowitz,0.19390384979689412,0.17299417649434864,0.8318421620487044,0.19580361180820316
4079,2025-12-10,Markowitz,0.19519626678990654,0.17302844158495026,0.8391468215277245,0.19734186728329517
4080,2025-12-11,Markowitz,0.2217088148448958,0.1722577463346467,0.9968133131807932,0.22964950015158614
4081,2025-12-12,Markowitz,0.24503667139120167,0.17156601819365458,1.1368024591621324,0.2587955384808971
4082,2025-12-15,Markowitz,0.24949509432611852,0.17158998054055963,1.1626267087253548,0.2644096311663473
4083,2025-12-16,Markowitz,0.26225132443970034,0.1706102872498235,1.2440710807133346,0.2808419284390853
4084,2025-12-17,Markowitz,0.25568259022033446,0.17079512297261173,1.2042650085114972,0.27242444282721623
4085,2025-12-18,Markowitz,0.2599836749829988,0.1708338456520276,1.229169045405181,0.27789503619873623
4086,2025-12-19,Markowitz,0.2749434639515723,0.1706017785427367,1.318529419054226,0.29718678855967084
4087,2025-12-22,Markowitz,0.30665242039351537,0.1692136722524007,1.5167357163119197,0.3392491838961742
4088,2025-12-23,Markowitz,0.30528603536378884,0.1691919608348006,1.5088544048085755,0.3374275881441666
4089,2025-12-24,Markowitz,0.2845802622716239,0.16750160361320865,1.400465769947564,0.31041613008978186
4090,2025-12-26,Markowitz,0.2730563798066703,0.1672210198299483,1.3339015635325184,0.29547827620361145
4091,2025-12-29,Markowitz,0.26139284614692293,0.1670643862406895,1.2653375797422766,0.2805050952924826
4092,2025-12-30,Markowitz,0.2570926303831832,0.16707217250646586,1.2395399381974788,0.27501444667930697
4093,2025-12-31,Markowitz,0.26177903992286844,0.16679824636415633,1.2696718613006843,0.2810563439956586
4094,2026-01-02,Markowitz,0.28170465004617007,0.16615133332852455,1.3945398174327588,0.3069516436451425
4095,2026-01-05,Markowitz,0.2857016632529443,0.1661319917551786,1.418761436390214,0.31218430332812774
4096,2026-01-06,Markowitz,0.3492035839276699,0.1788150615453008,1.6732571705201134,0.39519345233169867
4097,2026-01-07,Markowitz,0.31541699919252053,0.18152431253071763,1.4621567518544192,0.3482341098555921
4098,2026-01-08,Markowitz,0.29873971238077246,0.18306613144621886,1.3587423867852213,0.3255854927099695
4099,2026-01-09,Markowitz,0.3263958955916286,0.18444849824883103,1.4984990293537417,0.3623726487264327
4100,2026-01-12,Markowitz,0.3588803954595061,0.18781516667556555,1.6445977230000295,0.40643777763530187
4101,2026-01-13,Markowitz,0.3863536476164282,0.1871780209274351,1.7969719198325391,0.44572900173380137
4102,2026-01-14,Markowitz,0.3875347520020227,0.18721536918547416,1.8029222358749148,0.4474249567636204
4103,2026-01-15,Markowitz,0.3870481177315377,0.18718716780840478,1.8005941415627535,0.4467293450099217
4104,2026-01-16,Markowitz,0.37743357627008955,0.18705612199585533,1.750456348482113,0.43294192349705174
4105,2026-01-20,Markowitz,0.3838211580586699,0.18728948676571983,1.7823806548001617,0.4420482626943476
4106,2026-01-21,Markowitz,0.40469375641092453,0.18918373478913103,1.8748639083918877,0.47190442514257547
4107,2026-01-22,Markowitz,0.39366364684352373,0.1883991640572037,1.824125115221727,0.45599489811737626
4108,2026-01-23,Markowitz,0.39359457578379553,0.18840016606459029,1.823748794711779,0.4558942176713474
4109,2026-01-26,Markowitz,0.3899431634326558,0.1881896323246539,1.8063862457959716,0.4506525478093568
4110,2026-01-27,Markowitz,0.41763220750028396,0.18954874710076874,1.9395127275879154,0.49094093158316143
4111,2026-01-28,Markowitz,0.4591497682828377,0.19616044765844065,2.0857913670510135,0.552133094245808
4112,2026-01-29,Markowitz,0.4494424793418138,0.1965302595139978,2.0324731689135316,0.5370541179736164
4113,2026-01-30,Markowitz,0.37618568000247865,0.20763805755379916,1.5709339792776849,0.42531999939149223
4114,2026-02-02,Markowitz,0.3973247722981922,0.20986914907611665,1.6549586912949377,0.4550659405065258
4115,2026-02-03,Markowitz,0.443571924625647,0.21304774841901747,1.8473413943412285,0.5228315406627031
4116,2026-02-04,Markowitz,0.4090486637012669,0.21493315452223458,1.6705131625661958,0.47064011283001306
4117,2026-02-05,Markowitz,0.3855198583477143,0.21665643592329917,1.548626316674457,0.4359544117081926
4118,2026-02-06,Markowitz,0.42412307076872324,0.22156901695395997,1.6885170856106773,0.49083378501116903
4119,2026-02-09,Markowitz,0.4338091032842363,0.2218418552462883,1.73010229678314,0.5052297173174287
4120,2026-02-10,Markowitz,0.40994348143752524,0.2238235160405732,1.608157568985187,0.4691323995330756
4121,2026-02-11,Markowitz,0.4308559770703094,0.22534503281011317,1.6901014960078462,0.49962730615108075
4122,2026-02-12,Markowitz,0.42730180687410335,0.22526612792840275,1.6749158444008179,0.49434209816464003
4123,2026-02-13,Markowitz,0.44244101195667906,0.2254121978837646,1.7409927929412412,0.5170487733186544
4124,2026-02-17,Markowitz,0.4300486133966599,0.225390844298021,1.686175916241496,0.4984039170141099
4125,2026-02-18,Markowitz,0.4501720061718406,0.22631130991969992,1.7682368871172642,0.5284974693736901
4126,2026-02-19,Markowitz,0.4375775963763956,0.2266944721147551,1.7096914307650157,0.5092699230994227
4127,2026-02-20,Markowitz,0.42420485716267664,0.22698436485383636,1.6485930976067054,0.4891572117102816
4128,2026-02-23,Markowitz,0.4287955083222389,0.2269353000758446,1.6691784318950853,0.4960141138430658
4129,2026-02-24,Markowitz,0.426993179264199,0.22703364933468673,1.6605167576214488,0.4932912899548776
4130,2026-02-25,Markowitz,0.4468231679347878,0.22822677604153768,1.7387231017212692,0.5227424235471221
4131,2026-02-26,Markowitz,0.4346311880488053,0.22846114869150144,1.6835737290640405,0.5042414279497249
4132,2026-02-27,Markowitz,0.4448763132358866,0.22857278146952872,1.7275736450209318,0.5196664124687547
4133,2026-03-02,Markowitz,0.426989257686609,0.2290087863328442,1.6461781389413077,0.49262248398713315
4134,2026-03-03,Markowitz,0.35846765398906466,0.23357411449292767,1.3206414360543564,0.39239724328686765
4135,2026-03-04,Markowitz,0.37710580286951956,0.23400084777942484,1.3978829819362784,0.4184147256860995
4136,2026-03-05,Markowitz,0.3946591136779658,0.23186685996458797,1.4864526725837583,0.4442277009881477
4137,2026-03-06,Markowitz,0.3698887319398876,0.23259539798750106,1.3753012084834,0.4087057978199713
4138,2026-03-09,Markowitz,0.4026498645634127,0.23363282949660755,1.5094191399523897,0.45520511366158933
4139,2026-03-10,Markowitz,0.41016180312935546,0.23384055275498528,1.5402024964708656,0.46608978099863485
4140,2026-03-11,Markowitz,0.4085843661070411,0.2338713906849561,1.533254516753114,0.4637721560912711
4141,2026-03-12,Markowitz,0.4143820083541384,0.23336675720834701,1.5614135137029075,0.472445225521704
4142,2026-03-13,Markowitz,0.4187378768105906,0.23338805162339013,1.5799346806562728,0.4788550838630292
4143,2026-03-16,Markowitz,0.4405992135823199,0.2343106127803377,1.667014604876221,0.5111653245251304
4144,2026-03-17,Markowitz,0.45986240434297676,0.23598266512421676,1.7368326784818413,0.5399162393555272
4145,2026-03-18,Markowitz,0.4241904402088099,0.23687788079998132,1.5796765782651305,0.48572573931387475
4146,2026-03-19,Markowitz,0.4279803276297143,0.23681181859873074,1.5961210460960507,0.49138088150135606
4147,2026-03-20,Markowitz,0.3741851430191132,0.24026355540238842,1.3492897101109433,0.41220046049699643
4148,2026-03-23,Markowitz,0.38768759801849295,0.24020426021747832,1.4058351742502582,0.4313893386354195
4149,2026-03-24,Markowitz,0.3999457447193002,0.2403103295637042,1.4562243135975252,0.44897941728557966
4150,2026-03-25,Markowitz,0.38905437001347254,0.23995242248412021,1.4130066556669616,0.43342928446178597
4151,2026-03-26,Markowitz,0.34687423279899643,0.24288496348841596,1.2222832922020528,0.3733176359629897
4152,2026-03-27,Markowitz,0.35813668256589626,0.2429994927794043,1.2680548384750074,0.3888120080257118
4153,2026-03-30,Markowitz,0.3296259364014251,0.24489877710855099,1.1418020935134412,0.34919349542449996
4154,2026-03-31,Markowitz,0.38592218543995394,0.24782302120268565,1.3554922533416098,0.42622510234310984
4155,2026-04-01,Markowitz,0.4269838360941789,0.252062183554915,1.4955985494430508,0.48439367256994825
4156,2026-04-02,Markowitz,0.41581811681712433,0.25207947496211525,1.4512015183786888,0.4679323772886126
4157,2026-04-06,Markowitz,0.42782928276769305,0.2520749446702807,1.4988767854810072,0.48564234771629033
4158,2026-04-07,Markowitz,0.4608684101942311,0.2509596235265106,1.6371892993010817,0.5358931565144915
4159,2026-04-08,Markowitz,0.5827054821956673,0.24207833639662596,2.200549996026377,0.7385771903665526
4160,2026-04-09,Markowitz,0.5831569299999044,0.24207431262274504,2.2024514878238657,0.7393621155569954
4161,2026-04-10,Markowitz,0.5925800737136282,0.24205115024072005,2.241592626905643,0.7558012218533161
4162,2026-04-13,Markowitz,0.5324876296578431,0.23560094115056493,2.0479019621127104,0.6560572258506019
4163,2026-04-14,Markowitz,0.5757381094294052,0.23651147982777931,2.2228862202047535,0.7287346083055599
4164,2026-04-15,Markowitz,0.5474050502184842,0.23702243628589703,2.098556820243435,0.6803418575628304
4165,2026-04-16,Markowitz,0.5257849943825664,0.2368127996776898,2.009118573954304,0.6445576765409522
4166,2026-04-17,Markowitz,0.5402454272026088,0.23738727989892752,2.065171425408054,0.6682376500895297
4167,2026-04-20,Markowitz,0.5497486749069804,0.23686535431756317,2.109842852901873,0.684341914755553
4168,2026-04-21,Markowitz,0.5403355427242729,0.23701091304500846,2.0688310779645747,0.6685378724127442
4169,2026-04-22,Markowitz,0.5781495965192754,0.23548980123260949,2.2427705733106706,0.7333265045989557
4170,2026-04-23,Markowitz,0.5893855890992991,0.23606173744972378,2.2849344198111603,0.7526350825876891
4171,2026-04-24,Markowitz,0.5850293854702907,0.23579342756860472,2.269059790967339,0.7451424721452669
4172,2026-04-27,Markowitz,0.5583799041793901,0.23619764225479742,2.152349614188684,0.6991880734499505
4173,2026-04-28,Markowitz,0.5624427510506579,0.2357898848694205,2.173302520311448,0.7062570170783011
4174,2026-04-29,Markowitz,0.5734656439795943,0.2363410768511257,2.214873736524997,0.7249063898207719
4175,2026-04-30,Markowitz,0.6020488973409243,0.23852893613121626,2.314389634627971,0.7739088186822212
4176,2026-05-01,Markowitz,0.58577042441808,0.23880371663215696,2.243559823833721,0.745218301865074
4177,2026-05-04,Markowitz,0.5936208416536045,0.23891172100075228,2.275404653135008,0.7588959063600844
4178,2026-05-05,Markowitz,0.6093356413151007,0.24018669633262563,2.3287536314688198,0.7861580025639505
4179,2026-05-06,Markowitz,0.6422323936937124,0.2417175874042667,2.450100549378802,0.8450815855580023
4180,2026-05-07,Markowitz,0.6101983880912976,0.24333762790107566,2.302144526201413,0.7863454133947869
4181,2026-05-08,Markowitz,0.6354797243773939,0.24428313450268457,2.396725936767279,0.8315557520187862
4182,2026-05-11,Markowitz,0.6782949885047856,0.2480187124620354,2.5332563912932966,0.9097717004564072
4183,2026-05-12,Markowitz,0.6516892825277034,0.2496574701589621,2.4100591988879616,0.858995177886172
4184,2026-05-13,Markowitz,0.6523199792694983,0.24967577325927331,2.412408586571293,0.8601566195668391
4185,2026-05-14,Markowitz,0.6438555157512704,0.2499651106844806,2.375753616675196,0.8443845536855208
4186,2026-05-15,Markowitz,0.6193895697985629,0.2516298761091789,2.2628059060503296,0.799157810723319
4187,2026-05-18,Markowitz,0.5758124169269176,0.2519496946875074,2.0869738206235238,0.7224673231892869
4188,2026-05-19,Markowitz,0.5577410793466218,0.2521189103126372,2.013895263615899,0.6916156683348378
4189,2026-05-20,Markowitz,0.558707137885561,0.25214331955229746,2.0175316910589385,0.6932367737457072
4190,2026-05-21,Markowitz,0.5977651454888714,0.25408457646440863,2.155837843882667,0.7596838016733625
4191,2026-05-22,Markowitz,0.6105661783973337,0.253598305158458,2.2104492301203287,0.7825203178491529
4192,2026-05-26,Markowitz,0.6656264463386095,0.2580033161069496,2.3861183477324572,0.8811213359346544
4193,2026-05-27,Markowitz,0.6654445847169266,0.2580043137492385,2.385404242950349,0.8807796838984405
4194,2026-05-28,Markowitz,0.6541926303806413,0.25778254767282394,2.3438073517198648,0.85989514702969
4195,2026-05-29,Markowitz,0.6564510713572025,0.25774093234548145,2.3529482330897387,0.8641093468561651
4196,2026-06-01,Markowitz,0.6655431485775412,0.25788408431531085,2.386898556426329,0.8810221172877788
4197,2026-06-02,Markowitz,0.6749135879154009,0.2582920644636649,2.419406841681387,0.898488015604779
4198,2026-06-03,Markowitz,0.6997719799496556,0.2592824285784856,2.506039393074288,0.9456546038985134
4199,2026-06-04,Markowitz,0.6804381406701645,0.2598342085555237,2.426309238398249,0.9082257902905992
4200,2026-06-05,Markowitz,0.6131125450883947,0.27053686757422873,2.0814632406205793,0.779009124697428
4201,2026-06-08,Markowitz,0.6243861058287181,0.27086414516022755,2.120568986673908,0.7989721444944275
4202,2026-06-09,Markowitz,0.6106516379022362,0.27091772917584095,2.069453481718583,0.7744667572447783
4203,2026-06-10,Markowitz,0.5805274015956124,0.2737104434180356,1.9382797198766089,0.7205964466091694
4204,2026-06-11,Markowitz,0.6383440354046812,0.27838331905901614,2.1134313557054565,0.8205019079351348
4205,2026-06-12,Markowitz,0.6756294993491274,0.2809040317526553,2.2272001417908216,0.888190984428229
4206,2026-06-15,Markowitz,0.7766654798662458,0.2949933137816681,2.4633286448114853,1.080435320019339
4207,2026-06-16,Markowitz,0.8061609051798462,0.29576687932405116,2.5566111625073926,1.1420383482636818
4208,2026-06-17,Markowitz,0.8209606687131299,0.2963221837720229,2.6017649401040885,1.1735230046960496
4209,2026-06-18,Markowitz,0.8532072198495868,0.2966472776674905,2.707617026406341,1.244307033303548
4210,2026-06-22,Markowitz,0.8460948832830594,0.2968736203008905,2.6815952272087795,1.2283051005203696
4211,2026-06-23,Markowitz,0.7866213933408938,0.30222024435638223,2.4373661496754657,1.0965905996000775
4212,2026-06-24,Markowitz,0.7447569498719588,0.3036127060960537,2.288299981925523,1.0100243267496047
4213,2026-06-25,Markowitz,0.7797696196698425,0.305642562172749,2.387657054312276,1.0801825093826305
4214,2026-06-26,Markowitz,0.7154055619184547,0.31393680653233474,2.1195525598554483,0.9456729163434547
4215,2026-06-29,Markowitz,0.7677703170649175,0.3190558108496194,2.249670097383759,1.0467913989445687
4216,2026-06-30,Markowitz,0.7397551883645622,0.319622033645709,2.158033914298706,0.99005003279992
4217,2026-07-01,Markowitz,0.6883825910227424,0.32230370028267596,1.9806865092235981,0.8890114841805865
4218,2026-07-02,Markowitz,0.6467652028362463,0.32533139193445365,1.8343302172219516,0.810395236904929
4219,2026-07-06,Markowitz,0.689922517476977,0.32690790952599325,1.9575008705199135,0.8890826270613474
4220,2026-07-07,Markowitz,0.6421293087962896,0.32974840746802875,1.795700283567557,0.7994341199086101
4221,2026-07-08,Markowitz,0.656931859968457,0.3297870133755248,1.8403752584318729,0.8261764258328095
4222,2026-07-09,Markowitz,0.6894539520610248,0.3305401449659274,1.9345727343555825,0.8859244509986179
4223,2026-07-10,Markowitz,0.6914316183928455,0.33053655563986245,1.9405769420908472,0.8896498830197417
4224,2026-07-13,Markowitz,0.6619081588811665,0.33200378679630277,1.8430758419529591,0.8339193470856416
4225,2026-07-14,Markowitz,0.6751291696272425,0.33192421030401015,1.8833491207365838,0.8583106892230319
4226,2026-07-15,Markowitz,0.6127041324218365,0.3366521259295192,1.6714706044649872,0.7432890181291034
4227,2026-07-16,Markowitz,0.567414136626646,0.3409675766738444,1.5174877965642553,0.6637653738085074
4228,2026-07-17,Markowitz,0.5732245050955825,0.34107001003707427,1.534067756466504,0.6733810573613506
4229,2026-07-20,Markowitz,0.579839350468069,0.34108870494856286,1.5533770036388928,0.6844508725439806
4230,2026-07-21,Markowitz,0.6561382055059141,0.3486887787937203,1.738335852397755,0.8131629490652095
4231,2026-07-22,Markowitz,0.6705447135935353,0.3490577521608203,1.7777708982312863,0.8391717092903956
4232,2026-07-23,Markowitz,0.6852134903490624,0.34886887834585517,1.8207800402285703,0.866398410060949
4233,2026-07-24,Markowitz,0.6291025061914046,0.35044870697558395,1.6524601023331815,0.7638126447846378
4234,2026-07-27,Markowitz,0.6027855739206329,0.3509773494915751,1.5749893111945732,0.7177896456893726
4235,2026-07-28,Markowitz,0.5592804164626128,0.35333421488329037,1.441356073118571,0.6434328952592854
4236,2026-07-29,Markowitz,0.5593266772246741,0.3533329410613525,1.4414921962688867,0.6435094957883627
4237,2026-07-30,Markowitz,0.6368955800800534,0.3608715552353097,1.626328181220497,0.7712301596691997
4238,2026-07-31,Markowitz,0.6430734120527631,0.3608964711618671,1.6433339182935967,0.7821626781533291
4239,2026-08-03,Markowitz,0.6335647928742711,0.36124047383617286,1.615446870272142,0.7651192224979693
4240,2026-08-04,Markowitz,0.6670748155815794,0.36199089386800337,1.7046694434434861,0.8246319428026219
4241,2026-08-05,Markowitz,0.641499762429713,0.3623551320251337,1.632375838376936,0.7784401799222433
4242,2026-08-06,Markowitz,0.582381124869551,0.36830022121858663,1.445508566647268,0.6728148521967348
4243,2026-08-07,Markowitz,0.5819385982016801,0.3683058073710899,1.4442851227315034,0.6720730296814619
4244,2026-08-10,Markowitz,0.5878776398302868,0.3684454950020566,1.4598567417068962,0.6819249088139259
4245,2026-08-11,Markowitz,0.5824270071326123,0.3684571560958337,1.4450174147089463,0.6727962621379693
4246,2026-08-12,Markowitz,0.5978794335635427,0.36884453116600946,1.4853939458762184,0.6985466399709821
4247,2026-08-13,Markowitz,0.6163449466210731,0.3697606161706682,1.5316529718234475,0.7295568820631759
4248,2026-08-14,Markowitz,0.6460565166211399,0.3705148004343936,1.6087252544900228,0.7810989930854617
4249,2026-08-17,Markowitz,0.6775756015302467,0.37169366237306745,1.6884215822338975,0.8371988105549057
4250,2026-08-18,Markowitz,0.6401482572870087,0.37380902821640694,1.578742653977201,0.7684609960435294
4251,2026-08-19,Markowitz,0.6203354607355752,0.37427428948211455,1.5238435467334708,0.7335505629299928
4252,2026-08-20,Markowitz,0.6254448788555927,0.37428209658926487,1.5374630101184956,0.7424036887818939
4253,2026-08-21,Markowitz,0.618635083040678,0.37427297324623066,1.5193057572623025,0.7306134119748191
4254,2026-08-24,Markowitz,0.5967803752346869,0.3750461530011902,1.4579015698714595,0.6927965317752582
4255,2026-08-25,Markowitz,0.6216834756152376,0.3755774116030321,1.5221455230099954,0.7350394001359806
4256,2026-08-26,Markowitz,0.6344567069300421,0.3756005538371899,1.5560592255766061,0.7572729738293198
4257,2026-08-27,Markowitz,0.6158740641789712,0.3757499265470796,1.505985827805797,0.7249019087145652
4258,2026-08-28,Markowitz,0.6043548215103052,0.3758589140487336,1.4749013547099958,0.7051240983767968
4259,2026-08-31,Markowitz,0.588346973583642,0.37619262556242544,1.4310407408406483,0.6778984991479613
4260,2021-01-05,Black-Litterman,,,,
4261,2021-01-06,Black-Litterman,,,,
4262,2021-01-07,Black-Litterman,,,,
4263,2021-01-08,Black-Litterman,,,,
4264,2021-01-11,Black-Litterman,,,,
4265,2021-01-12,Black-Litterman,,,,
4266,2021-01-13,Black-Litterman,,,,
4267,2021-01-14,Black-Litterman,,,,
4268,2021-01-15,Black-Litterman,,,,
4269,2021-01-19,Black-Litterman,,,,
4270,2021-01-20,Black-Litterman,,,,
4271,2021-01-21,Black-Litterman,,,,
4272,2021-01-22,Black-Litterman,,,,
4273,2021-01-25,Black-Litterman,,,,
4274,2021-01-26,Black-Litterman,,,,
4275,2021-01-27,Black-Litterman,,,,
4276,2021-01-28,Black-Litterman,,,,
4277,2021-01-29,Black-Litterman,,,,
4278,2021-02-01,Black-Litterman,,,,
4279,2021-02-02,Black-Litterman,,,,
4280,2021-02-03,Black-Litterman,,,,
4281,2021-02-04,Black-Litterman,,,,
4282,2021-02-05,Black-Litterman,,,,
4283,2021-02-08,Black-Litterman,,,,
4284,2021-02-09,Black-Litterman,,,,
4285,2021-02-10,Black-Litterman,,,,
4286,2021-02-11,Black-Litterman,,,,
4287,2021-02-12,Black-Litterman,,,,
4288,2021-02-16,Black-Litterman,,,,
4289,2021-02-17,Black-Litterman,,,,
4290,2021-02-18,Black-Litterman,,,,
4291,2021-02-19,Black-Litterman,,,,
4292,2021-02-22,Black-Litterman,,,,
4293,2021-02-23,Black-Litterman,,,,
4294,2021-02-24,Black-Litterman,,,,
4295,2021-02-25,Black-Litterman,,,,
4296,2021-02-26,Black-Litterman,,,,
4297,2021-03-01,Black-Litterman,,,,
4298,2021-03-02,Black-Litterman,,,,
4299,2021-03-03,Black-Litterman,,,,
4300,2021-03-04,Black-Litterman,,,,
4301,2021-03-05,Black-Litterman,,,,
4302,2021-03-08,Black-Litterman,,,,
4303,2021-03-09,Black-Litterman,,,,
4304,2021-03-10,Black-Litterman,,,,
4305,2021-03-11,Black-Litterman,,,,
4306,2021-03-12,Black-Litterman,,,,
4307,2021-03-15,Black-Litterman,,,,
4308,2021-03-16,Black-Litterman,,,,
4309,2021-03-17,Black-Litterman,,,,
4310,2021-03-18,Black-Litterman,,,,
4311,2021-03-19,Black-Litterman,,,,
4312,2021-03-22,Black-Litterman,,,,
4313,2021-03-23,Black-Litterman,,,,
4314,2021-03-24,Black-Litterman,,,,
4315,2021-03-25,Black-Litterman,,,,
4316,2021-03-26,Black-Litterman,,,,
4317,2021-03-29,Black-Litterman,,,,
4318,2021-03-30,Black-Litterman,,,,
4319,2021-03-31,Black-Litterman,,,,
4320,2021-04-01,Black-Litterman,,,,
4321,2021-04-05,Black-Litterman,,,,
4322,2021-04-06,Black-Litterman,,,,
4323,2021-04-07,Black-Litterman,,,,
4324,2021-04-08,Black-Litterman,,,,
4325,2021-04-09,Black-Litterman,,,,
4326,2021-04-12,Black-Litterman,,,,
4327,2021-04-13,Black-Litterman,,,,
4328,2021-04-14,Black-Litterman,,,,
4329,2021-04-15,Black-Litterman,,,,
4330,2021-04-16,Black-Litterman,,,,
4331,2021-04-19,Black-Litterman,,,,
4332,2021-04-20,Black-Litterman,,,,
4333,2021-04-21,Black-Litterman,,,,
4334,2021-04-22,Black-Litterman,,,,
4335,2021-04-23,Black-Litterman,,,,
4336,2021-04-26,Black-Litterman,,,,
4337,2021-04-27,Black-Litterman,,,,
4338,2021-04-28,Black-Litterman,,,,
4339,2021-04-29,Black-Litterman,,,,
4340,2021-04-30,Black-Litterman,,,,
4341,2021-05-03,Black-Litterman,,,,
4342,2021-05-04,Black-Litterman,,,,
4343,2021-05-05,Black-Litterman,,,,
4344,2021-05-06,Black-Litterman,,,,
4345,2021-05-07,Black-Litterman,,,,
4346,2021-05-10,Black-Litterman,,,,
4347,2021-05-11,Black-Litterman,,,,
4348,2021-05-12,Black-Litterman,,,,
4349,2021-05-13,Black-Litterman,,,,
4350,2021-05-14,Black-Litterman,,,,
4351,2021-05-17,Black-Litterman,,,,
4352,2021-05-18,Black-Litterman,,,,
4353,2021-05-19,Black-Litterman,,,,
4354,2021-05-20,Black-Litterman,,,,
4355,2021-05-21,Black-Litterman,,,,
4356,2021-05-24,Black-Litterman,,,,
4357,2021-05-25,Black-Litterman,,,,
4358,2021-05-26,Black-Litterman,,,,
4359,2021-05-27,Black-Litterman,,,,
4360,2021-05-28,Black-Litterman,,,,
4361,2021-06-01,Black-Litterman,,,,
4362,2021-06-02,Black-Litterman,,,,
4363,2021-06-03,Black-Litterman,,,,
4364,2021-06-04,Black-Litterman,,,,
4365,2021-06-07,Black-Litterman,,,,
4366,2021-06-08,Black-Litterman,,,,
4367,2021-06-09,Black-Litterman,,,,
4368,2021-06-10,Black-Litterman,,,,
4369,2021-06-11,Black-Litterman,,,,
4370,2021-06-14,Black-Litterman,,,,
4371,2021-06-15,Black-Litterman,,,,
4372,2021-06-16,Black-Litterman,,,,
4373,2021-06-17,Black-Litterman,,,,
4374,2021-06-18,Black-Litterman,,,,
4375,2021-06-21,Black-Litterman,,,,
4376,2021-06-22,Black-Litterman,,,,
4377,2021-06-23,Black-Litterman,,,,
4378,2021-06-24,Black-Litterman,,,,
4379,2021-06-25,Black-Litterman,,,,
4380,2021-06-28,Black-Litterman,,,,
4381,2021-06-29,Black-Litterman,,,,
4382,2021-06-30,Black-Litterman,,,,
4383,2021-07-01,Black-Litterman,,,,
4384,2021-07-02,Black-Litterman,,,,
4385,2021-07-06,Black-Litterman,,,,
4386,2021-07-07,Black-Litterman,,,,
4387,2021-07-08,Black-Litterman,,,,
4388,2021-07-09,Black-Litterman,,,,
4389,2021-07-12,Black-Litterman,,,,
4390,2021-07-13,Black-Litterman,,,,
4391,2021-07-14,Black-Litterman,,,,
4392,2021-07-15,Black-Litterman,,,,
4393,2021-07-16,Black-Litterman,,,,
4394,2021-07-19,Black-Litterman,,,,
4395,2021-07-20,Black-Litterman,,,,
4396,2021-07-21,Black-Litterman,,,,
4397,2021-07-22,Black-Litterman,,,,
4398,2021-07-23,Black-Litterman,,,,
4399,2021-07-26,Black-Litterman,,,,
4400,2021-07-27,Black-Litterman,,,,
4401,2021-07-28,Black-Litterman,,,,
4402,2021-07-29,Black-Litterman,,,,
4403,2021-07-30,Black-Litterman,,,,
4404,2021-08-02,Black-Litterman,,,,
4405,2021-08-03,Black-Litterman,,,,
4406,2021-08-04,Black-Litterman,,,,
4407,2021-08-05,Black-Litterman,,,,
4408,2021-08-06,Black-Litterman,,,,
4409,2021-08-09,Black-Litterman,,,,
4410,2021-08-10,Black-Litterman,,,,
4411,2021-08-11,Black-Litterman,,,,
4412,2021-08-12,Black-Litterman,,,,
4413,2021-08-13,Black-Litterman,,,,
4414,2021-08-16,Black-Litterman,,,,
4415,2021-08-17,Black-Litterman,,,,
4416,2021-08-18,Black-Litterman,,,,
4417,2021-08-19,Black-Litterman,,,,
4418,2021-08-20,Black-Litterman,,,,
4419,2021-08-23,Black-Litterman,,,,
4420,2021-08-24,Black-Litterman,,,,
4421,2021-08-25,Black-Litterman,,,,
4422,2021-08-26,Black-Litterman,,,,
4423,2021-08-27,Black-Litterman,,,,
4424,2021-08-30,Black-Litterman,,,,
4425,2021-08-31,Black-Litterman,,,,
4426,2021-09-01,Black-Litterman,,,,
4427,2021-09-02,Black-Litterman,,,,
4428,2021-09-03,Black-Litterman,,,,
4429,2021-09-07,Black-Litterman,,,,
4430,2021-09-08,Black-Litterman,,,,
4431,2021-09-09,Black-Litterman,,,,
4432,2021-09-10,Black-Litterman,,,,
4433,2021-09-13,Black-Litterman,,,,
4434,2021-09-14,Black-Litterman,,,,
4435,2021-09-15,Black-Litterman,,,,
4436,2021-09-16,Black-Litterman,,,,
4437,2021-09-17,Black-Litterman,,,,
4438,2021-09-20,Black-Litterman,,,,
4439,2021-09-21,Black-Litterman,,,,
4440,2021-09-22,Black-Litterman,,,,
4441,2021-09-23,Black-Litterman,,,,
4442,2021-09-24,Black-Litterman,,,,
4443,2021-09-27,Black-Litterman,,,,
4444,2021-09-28,Black-Litterman,,,,
4445,2021-09-29,Black-Litterman,,,,
4446,2021-09-30,Black-Litterman,,,,
4447,2021-10-01,Black-Litterman,,,,
4448,2021-10-04,Black-Litterman,,,,
4449,2021-10-05,Black-Litterman,,,,
4450,2021-10-06,Black-Litterman,,,,
4451,2021-10-07,Black-Litterman,,,,
4452,2021-10-08,Black-Litterman,,,,
4453,2021-10-11,Black-Litterman,,,,
4454,2021-10-12,Black-Litterman,,,,
4455,2021-10-13,Black-Litterman,,,,
4456,2021-10-14,Black-Litterman,,,,
4457,2021-10-15,Black-Litterman,,,,
4458,2021-10-18,Black-Litterman,,,,
4459,2021-10-19,Black-Litterman,,,,
4460,2021-10-20,Black-Litterman,,,,
4461,2021-10-21,Black-Litterman,,,,
4462,2021-10-22,Black-Litterman,,,,
4463,2021-10-25,Black-Litterman,,,,
4464,2021-10-26,Black-Litterman,,,,
4465,2021-10-27,Black-Litterman,,,,
4466,2021-10-28,Black-Litterman,,,,
4467,2021-10-29,Black-Litterman,,,,
4468,2021-11-01,Black-Litterman,,,,
4469,2021-11-02,Black-Litterman,,,,
4470,2021-11-03,Black-Litterman,,,,
4471,2021-11-04,Black-Litterman,,,,
4472,2021-11-05,Black-Litterman,,,,
4473,2021-11-08,Black-Litterman,,,,
4474,2021-11-09,Black-Litterman,,,,
4475,2021-11-10,Black-Litterman,,,,
4476,2021-11-11,Black-Litterman,,,,
4477,2021-11-12,Black-Litterman,,,,
4478,2021-11-15,Black-Litterman,,,,
4479,2021-11-16,Black-Litterman,,,,
4480,2021-11-17,Black-Litterman,,,,
4481,2021-11-18,Black-Litterman,,,,
4482,2021-11-19,Black-Litterman,,,,
4483,2021-11-22,Black-Litterman,,,,
4484,2021-11-23,Black-Litterman,,,,
4485,2021-11-24,Black-Litterman,,,,
4486,2021-11-26,Black-Litterman,,,,
4487,2021-11-29,Black-Litterman,,,,
4488,2021-11-30,Black-Litterman,,,,
4489,2021-12-01,Black-Litterman,,,,
4490,2021-12-02,Black-Litterman,,,,
4491,2021-12-03,Black-Litterman,,,,
4492,2021-12-06,Black-Litterman,,,,
4493,2021-12-07,Black-Litterman,,,,
4494,2021-12-08,Black-Litterman,,,,
4495,2021-12-09,Black-Litterman,,,,
4496,2021-12-10,Black-Litterman,,,,
4497,2021-12-13,Black-Litterman,,,,
4498,2021-12-14,Black-Litterman,,,,
4499,2021-12-15,Black-Litterman,,,,
4500,2021-12-16,Black-Litterman,,,,
4501,2021-12-17,Black-Litterman,,,,
4502,2021-12-20,Black-Litterman,,,,
4503,2021-12-21,Black-Litterman,,,,
4504,2021-12-22,Black-Litterman,,,,
4505,2021-12-23,Black-Litterman,,,,
4506,2021-12-27,Black-Litterman,,,,
4507,2021-12-28,Black-Litterman,,,,
4508,2021-12-29,Black-Litterman,,,,
4509,2021-12-30,Black-Litterman,,,,
4510,2021-12-31,Black-Litterman,,,,
4511,2022-01-03,Black-Litterman,0.2800825202282551,0.23994399408072278,0.9589009348191893,0.28568727488389256
4512,2022-01-04,Black-Litterman,0.2789614636855626,0.23990517330391253,0.9543831862079674,0.2842601396967892
4513,2022-01-05,Black-Litterman,0.2751211347923084,0.24004498945043753,0.9378289266012341,0.27929997148180674
4514,2022-01-06,Black-Litterman,0.2539724249649997,0.2391996910788731,0.8527286303966939,0.25280515505620915
4515,2022-01-07,Black-Litterman,0.2504364538081363,0.2392262947703313,0.8378529375316576,0.24837959224179973
4516,2022-01-10,Black-Litterman,0.24837013152835655,0.23924838774099377,0.8291388435315545,0.24579868295372886
4517,2022-01-11,Black-Litterman,0.25590759649488426,0.2393072051580337,0.8604320808431447,0.2551973848914857
4518,2022-01-12,Black-Litterman,0.2591877747042467,0.23930659300408877,0.8741412933018212,0.2593173857381965
4519,2022-01-13,Black-Litterman,0.25231363406035145,0.239357063809655,0.8452377834198295,0.2506839859655061
4520,2022-01-14,Black-Litterman,0.2546046781373352,0.23929045389311626,0.855047390351501,0.25356976119751673
4521,2022-01-18,Black-Litterman,0.21573460306932124,0.2382021263223151,0.695772979142357,0.20612565426309581
4522,2022-01-19,Black-Litterman,0.20597356842947878,0.23840756521806564,0.6542307845257073,0.19436110903110038
4523,2022-01-20,Black-Litterman,0.19046596021439244,0.23875972367001774,0.5883151398203409,0.175897473687737
4524,2022-01-21,Black-Litterman,0.19237198624285845,0.23864781154377532,0.5965777994018733,0.17817094187633264
4525,2022-01-24,Black-Litterman,0.19132748032931124,0.23865506309261392,0.5921830381384654,0.17693988391101878
4526,2022-01-25,Black-Litterman,0.1916689426357734,0.238643783880626,0.5936418721328975,0.17734470457847862
4527,2022-01-26,Black-Litterman,0.2357017352685561,0.23407981276950413,0.793326571272571,0.231661703969251
4528,2022-01-27,Black-Litterman,0.21292915579467564,0.23279457286388858,0.6998838237089738,0.20430833510718993
4529,2022-01-28,Black-Litterman,0.2576816371708207,0.23349829252259668,0.8894353570089701,0.2591803426376704
4530,2022-01-31,Black-Litterman,0.24140586864421587,0.23221168331038006,0.8242732058764585,0.2392339899239424
4531,2022-02-01,Black-Litterman,0.22824451996874606,0.23135680804961709,0.7704312722473226,0.22328302314937565
4532,2022-02-02,Black-Litterman,0.25428778047382394,0.230405046453682,0.886646293638762,0.2558070150181848
4533,2022-02-03,Black-Litterman,0.21895570035861434,0.2293792453479454,0.7365779763654093,0.21252962569794653
4534,2022-02-04,Black-Litterman,0.2188880715253093,0.22938097708557165,0.7362775835692114,0.2124472159904398
4535,2022-02-07,Black-Litterman,0.1972144939205578,0.22863439354477488,0.6438860384832166,0.18667226512278656
4536,2022-02-08,Black-Litterman,0.20722291879864596,0.22865387565198997,0.6876022475032895,0.1985937918222156
4537,2022-02-09,Black-Litterman,0.22019641097185705,0.22873068067123717,0.7440908691059529,0.21421073838407945
4538,2022-02-10,Black-Litterman,0.1644715307514656,0.2262958922616357,0.505848911385088,0.14905908590937478
4539,2022-02-11,Black-Litterman,0.14567725723413816,0.22622524070531708,0.42292918745865393,0.1276953587501195
4540,2022-02-14,Black-Litterman,0.13889574983412423,0.2263000132710499,0.3928225568756362,0.12005911359608556
4541,2022-02-15,Black-Litterman,0.16502073448184706,0.2261001896524792,0.5087157806397083,0.149741620827734
4542,2022-02-16,Black-Litterman,0.16051422723161668,0.22606774635219712,0.4888544651541912,0.14458361772213335
4543,2022-02-17,Black-Litterman,0.1389810954265932,0.22654694793272004,0.3927711065567691,0.12009253175631684
4544,2022-02-18,Black-Litterman,0.15228625567916665,0.22556260097092592,0.4534716980513579,0.13534220350554294
4545,2022-02-22,Black-Litterman,0.1359818634784018,0.2254026869459282,0.38145891090920303,0.1170312216088687
4546,2022-02-23,Black-Litterman,0.08730638445612615,0.2228766368991587,0.16738580128973118,0.06456712766729766
4547,2022-02-24,Black-Litterman,0.13017851946227887,0.2186993671155769,0.3666152331383137,0.11222980561939755
4548,2022-02-25,Black-Litterman,0.13424313961971923,0.2189780313805851,0.3847104619974602,0.11669066101955594
4549,2022-02-28,Black-Litterman,0.09524074155696738,0.21707383219959772,0.20841176985058643,0.07442853073485067
4550,2022-03-01,Black-Litterman,0.10865552774051845,0.21604456169979208,0.2714973581331064,0.08917884491261652
4551,2022-03-02,Black-Litterman,0.1425985665755748,0.21585310056257515,0.42898881847995857,0.12681451904638497
4552,2022-03-03,Black-Litterman,0.17412401269914402,0.21299417490597342,0.5827577808357376,0.16360728925181878
4553,2022-03-04,Black-Litterman,0.13739821807989916,0.2109189734574292,0.4143686869286758,0.12215420736541871
4554,2022-03-07,Black-Litterman,0.13882262417448776,0.21075493924088898,0.4214497866309323,0.1237924993368591
4555,2022-03-08,Black-Litterman,0.089169210489774,0.20838741540647646,0.1879634161850479,0.06989140762528168
4556,2022-03-09,Black-Litterman,0.12418282020107763,0.20864526743503478,0.3555451849593267,0.10794403828078458
4557,2022-03-10,Black-Litterman,0.08573778805090293,0.20728631598720057,0.17240784988966493,0.06646734756405825
4558,2022-03-11,Black-Litterman,0.08279217608757494,0.2074627963552099,0.15806292339485015,0.06329239591364111
4559,2022-03-14,Black-Litterman,0.0758697848089327,0.20727527446882937,0.1248088315175434,0.05600020622732904
4560,2022-03-15,Black-Litterman,0.078561219926649,0.2074575924554387,0.13767257003516928,0.05880602144208891
4561,2022-03-16,Black-Litterman,0.07972800095772836,0.2075259161737038,0.14324958302000876,0.06002696917900119
4562,2022-03-17,Black-Litterman,0.12335943807722805,0.20480460902494438,0.35819232011664914,0.10791625677377126
4563,2022-03-18,Black-Litterman,0.13671206610901487,0.2046822505540232,0.42364233280759417,0.12282959027938833
4564,2022-03-21,Black-Litterman,0.12205714456251027,0.204162747328508,0.3529397282579017,0.10661872561729235
4565,2022-03-22,Black-Litterman,0.15360018006317477,0.203015093350107,0.5103077724596192,0.14233205025756956
4566,2022-03-23,Black-Litterman,0.14091661300320013,0.203751835484006,0.4462124858273331,0.12777272659638372
4567,2022-03-24,Black-Litterman,0.14892627835149075,0.20399653248031732,0.4849409798719774,0.1367808208425465
4568,2022-03-25,Black-Litterman,0.11276387441728863,0.19969744578618365,0.3142948282097208,0.0973480394508015
4569,2022-03-28,Black-Litterman,0.12264305859165303,0.1995370116319478,0.36405806620801456,0.10827308048810447
4570,2022-03-29,Black-Litterman,0.14012838066252153,0.19984752837376707,0.45098571594019377,0.12774288782052445
4571,2022-03-30,Black-Litterman,0.11657611204324247,0.19919657740977578,0.3342231724508294,0.10164593829428448
4572,2022-03-31,Black-Litterman,0.0692006690719954,0.1962651384058065,0.09783025772154831,0.05128035954114618
4573,2022-04-01,Black-Litterman,0.061029205125129216,0.19584054927205594,0.05631727017783107,0.04281256345596263
4574,2022-04-04,Black-Litterman,0.07334018987393331,0.19578461711579087,0.11921360430543665,0.05573818391877672
4575,2022-04-05,Black-Litterman,0.0639623294481998,0.1959467920189393,0.07125571847509633,0.04585331197456566
4576,2022-04-06,Black-Litterman,0.04551753785348389,0.19575226606222493,-0.022898647544091492,0.02678202676517949
4577,2022-04-07,Black-Litterman,0.04687120060780947,0.19577676837267438,-0.015981464083801043,0.02816773647184112
4578,2022-04-08,Black-Litterman,0.05275054355525155,0.19570011852932165,0.014054889572483497,0.03424479688934379
4579,2022-04-11,Black-Litterman,0.05176418661787063,0.19574024392273268,0.009012896798918025,0.033217233247625044
4580,2022-04-12,Black-Litterman,0.05472537432850755,0.19563148145108505,0.024154467846674563,0.03630278909130458
4581,2022-04-13,Black-Litterman,0.048146667666361886,0.19541572166062704,-0.0094840492765303,0.029551958907203524
4582,2022-04-14,Black-Litterman,0.040929942148964504,0.19556896970608978,-0.04637779635832007,0.022119365625788756
4583,2022-04-18,Black-Litterman,0.05754935239937964,0.1948932373922101,0.03873583558051863,0.03938296254411622
4584,2022-04-19,Black-Litterman,0.08100161155981134,0.19512249974978596,0.15888281258986556,0.06399393630390349
4585,2022-04-20,Black-Litterman,0.067386502267335,0.1941498832382478,0.0895519584011258,0.04980481793455449
4586,2022-04-21,Black-Litterman,0.07851282763910816,0.19329358627948948,0.1475104693741909,0.061725168302214195
4587,2022-04-22,Black-Litterman,0.04451202468834459,0.1936582592881203,-0.02833845213640247,0.026165373187633456
4588,2022-04-25,Black-Litterman,0.04314804177197962,0.1936085353059062,-0.03539078593407117,0.02477665371862603
4589,2022-04-26,Black-Litterman,0.016325986523482494,0.19523995974871797,-0.17247500726724888,-0.002661936534382958
4590,2022-04-27,Black-Litterman,0.03698412896414316,0.19519663482296143,-0.06668081674492965,0.018162602807579198
4591,2022-04-28,Black-Litterman,0.04955007825488311,0.19619147014704064,-0.0022932788300107317,0.030838639638523402
4592,2022-04-29,Black-Litterman,0.038524341001480056,0.19755006128568298,-0.058089878200162426,0.01925895441583192
4593,2022-05-02,Black-Litterman,0.04279511779479195,0.19748445058658923,-0.03648328860225375,0.023633840581712473
4594,2022-05-03,Black-Litterman,0.0557468697754786,0.19717464845107924,0.0291460886103948,0.03703890245278196
4595,2022-05-04,Black-Litterman,0.08228094472320946,0.19890718976617702,0.16229149263612308,0.0645588915389057
4596,2022-05-05,Black-Litterman,0.0491720694760015,0.20104450222757642,-0.004118145558943507,0.0294514721624628
4597,2022-05-06,Black-Litterman,0.03762766307322374,0.2008875238730325,-0.061588378851222175,0.01766917460874362
4598,2022-05-09,Black-Litterman,0.053591308323320375,0.19853241812995276,0.01808927910689941,0.034541645848915614
4599,2022-05-10,Black-Litterman,0.05464112812416111,0.19852326765998235,0.023378257767296712,0.03562994143162879
4600,2022-05-11,Black-Litterman,0.08711137124564683,0.1951283105757577,0.19018957903209285,0.07052922914379622
4601,2022-05-12,Black-Litterman,0.07219467573321547,0.19442422364065126,0.11415591801069633,0.05482634607976267
4602,2022-05-13,Black-Litterman,0.06543545583076793,0.19370556681400178,0.07968514320287565,0.04786503621638327
4603,2022-05-16,Black-Litterman,0.06801878436148179,0.1936738887498449,0.09303672517649189,0.05058123073856624
4604,2022-05-17,Black-Litterman,0.09707749222315798,0.19426360865239836,0.24233819473309143,0.08142688752022798
4605,2022-05-18,Black-Litterman,0.05507147943775792,0.19709617883752034,0.025730988128078724,0.03636822769946635
4606,2022-05-19,Black-Litterman,0.025168752546447015,0.19651145732741113,-0.12636030382788938,0.005954144600473166
4607,2022-05-20,Black-Litterman,0.03336012510688324,0.19651156161164657,-0.0846763150048194,0.01422719223155755
4608,2022-05-23,Black-Litterman,0.03603311400413867,0.19679617253518966,-0.07097132945186664,0.016885946731468815
4609,2022-05-24,Black-Litterman,0.03952410108298221,0.19678053824720945,-0.05323645829170991,0.02044468458700499
4610,2022-05-25,Black-Litterman,0.04341447205939619,0.19684032455046707,-0.033456193265498174,0.02440970842114698
4611,2022-05-26,Black-Litterman,0.048887105456301705,0.19701929704870458,-0.005648657569939367,0.02999436208952666
4612,2022-05-27,Black-Litterman,0.06552742703872061,0.1978994062240468,0.07846121084942329,0.04709431460673574
4613,2022-05-31,Black-Litterman,0.06487827517236067,0.1979169223365175,0.07517434586549997,0.04641135712237077
4614,2022-06-01,Black-Litterman,0.048686304249638934,0.19811679061724266,-0.006630915765736889,0.029567053187032455
4615,2022-06-02,Black-Litterman,0.07677144945176728,0.19806194821708825,0.13516705097954554,0.058898481535309744
4616,2022-06-03,Black-Litterman,0.046962897827664385,0.19771381948523964,-0.015361102123477783,0.02787565278826598
4617,2022-06-06,Black-Litterman,0.044119024681287033,0.19770802690322173,-0.029745758990310053,0.024958350415192676
4618,2022-06-07,Black-Litterman,0.06612679911720587,0.19745697278218058,0.08167247218458938,0.04781320425960289
4619,2022-06-08,Black-Litterman,0.058174663473709476,0.1978082971187895,0.04132619102827803,0.03944340472493302
4620,2022-06-09,Black-Litterman,0.022251769867904003,0.19856446482676113,-0.13974418915441453,0.00261788788100481
4621,2022-06-10,Black-Litterman,-0.005088982375929141,0.19989370877666543,-0.27559137660244337,-0.02468368210555172
4622,2022-06-13,Black-Litterman,-0.04669065127649896,0.2018461027896145,-0.4790315489879943,-0.06480475755792903
4623,2022-06-14,Black-Litterman,-0.0562166584359155,0.20209923219712103,-0.5255668578310838,-0.07372044891128093
4624,2022-06-15,Black-Litterman,-0.03523352324119533,0.20176211699054403,-0.4224456231552624,-0.05401014059665976
4625,2022-06-16,Black-Litterman,-0.06543810171631248,0.20315377627600498,-0.5682301546759245,-0.08242392380770791
4626,2022-06-17,Black-Litterman,-0.045206238694404655,0.20217192892164276,-0.47091720003969706,-0.06347824319256334
4627,2022-06-21,Black-Litterman,-0.033878861060859244,0.20311058068885215,-0.4129714009796191,-0.05298434131476881
4628,2022-06-22,Black-Litterman,-0.04016068647516946,0.2029918164443619,-0.4441592181125274,-0.058893044799061545
4629,2022-06-23,Black-Litterman,-0.03302573592299918,0.20323893589869846,-0.4085129434272485,-0.05220034105615745
4630,2022-06-24,Black-Litterman,-0.017571143343407924,0.20482059913517592,-0.3299040410423409,-0.037740039230794276
4631,2022-06-27,Black-Litterman,-0.025663967527176035,0.2047535061389423,-0.3695368589968454,-0.04548367548392063
4632,2022-06-28,Black-Litterman,-0.0476564197438587,0.2052397318673175,-0.4758163483033159,-0.06634365061200775
4633,2022-06-29,Black-Litterman,-0.053206245521062345,0.2052306852736594,-0.5028792131325037,-0.07151025615488693
4634,2022-06-30,Black-Litterman,-0.06602566507260144,0.20543884305906027,-0.5647698524044257,-0.0833791033252883
4635,2022-07-01,Black-Litterman,-0.04236898385703114,0.20462192443538008,-0.45141293686836287,-0.0612727639117453
4636,2022-07-05,Black-Litterman,-0.04848109086955321,0.20449778960327136,-0.48157533174616673,-0.06697040284459732
4637,2022-07-06,Black-Litterman,-0.04816678740420732,0.20450207145790195,-0.48002832785200217,-0.0666778581218076
4638,2022-07-07,Black-Litterman,-0.03195890138248836,0.20455462756721476,-0.4006699939142537,-0.051434796202558086
4639,2022-07-08,Black-Litterman,-0.023093221065974223,0.20429744985104137,-0.35777843100473555,-0.04293632340117204
4640,2022-07-11,Black-Litterman,-0.03667128534834008,0.2040290128062356,-0.42479882716803113,-0.055793938331092474
4641,2022-07-12,Black-Litterman,-0.04368207383180023,0.2040187708711806,-0.45918360076265724,-0.062389540622997175
4642,2022-07-13,Black-Litterman,-0.04717730260755926,0.20402995536688628,-0.4762893881578086,-0.06566370106503716
4643,2022-07-14,Black-Litterman,-0.05582755875614143,0.20403742767902916,-0.5186673835283717,-0.07371418857035816
4644,2022-07-15,Black-Litterman,-0.03376912318977354,0.20446996097370315,-0.40968914353413055,-0.05313322402576037
4645,2022-07-18,Black-Litterman,-0.0335699649544664,0.204456149782751,-0.408742730621042,-0.0529419010790918
4646,2022-07-19,Black-Litterman,0.0014367359159770388,0.20506110693574184,-0.2368233782100903,-0.019316328435407204
4647,2022-07-20,Black-Litterman,-0.013198501858263878,0.20440209396607337,-0.30918715474976277,-0.03343621938043595
4648,2022-07-21,Black-Litterman,-0.024570803560792553,0.20369562164160537,-0.3660893786514323,-0.04423140390036984
4649,2022-07-22,Black-Litterman,-0.027073570747338627,0.2037400595362427,-0.37829364987315245,-0.046629354379084664
4650,2022-07-25,Black-Litterman,-0.03918953239631362,0.20343185870968397,-0.4384246054773324,-0.058053720980587586
4651,2022-07-26,Black-Litterman,-0.04133104950354516,0.20345397913861488,-0.44890274395331714,-0.060073302385844074
4652,2022-07-27,Black-Litterman,-0.019973685920882667,0.20328692698028275,-0.3442114402549337,-0.039747213229689105
4653,2022-07-28,Black-Litterman,-0.016172624335964003,0.20341421036449642,-0.32530974221215797,-0.036114706267029506
4654,2022-07-29,Black-Litterman,-0.024898638512657167,0.20312686892668275,-0.36872836620984556,-0.044434493736881686
4655,2022-08-01,Black-Litterman,-0.036870439525832244,0.20266139819333218,-0.42864818016779277,-0.055719495894778204
4656,2022-08-02,Black-Litterman,-0.03721102271903276,0.202672852782543,-0.4303044118720995,-0.056043292710138415
4657,2022-08-03,Black-Litterman,-0.03440954795831108,0.20280404574441646,-0.4162123474828905,-0.05341958509907352
4658,2022-08-04,Black-Litterman,-0.04027708946177988,0.20267083841404104,-0.44543699610770193,-0.058933051018125404
4659,2022-08-05,Black-Litterman,-0.04057301549594228,0.20266510496945064,-0.4469097702320046,-0.059210455745766
4660,2022-08-08,Black-Litterman,-0.044230473935950254,0.20265188460750821,-0.4649869115130797,-0.0626431499323209
4661,2022-08-09,Black-Litterman,-0.03700975861868194,0.20243587562202717,-0.4298139267623686,-0.05580773046472609
4662,2022-08-10,Black-Litterman,6.946656083528513e-05,0.20183172018409304,-0.2473869488582989,-0.02001417243549053
4663,2022-08-11,Black-Litterman,0.004881296081700404,0.20176482101367993,-0.2236202708263027,-0.015274043718338737
4664,2022-08-12,Black-Litterman,0.04088829839961794,0.2009358961221062,-0.04534631081967056,0.0210002318587299
4665,2022-08-15,Black-Litterman,0.04479609172550747,0.20107184237241285,-0.025880840465241153,0.024969524899891793
4666,2022-08-16,Black-Litterman,0.042965164419078716,0.20104218174492244,-0.034991838627412626,0.023100978020620166
4667,2022-08-17,Black-Litterman,0.04245479850418965,0.2010608377469978,-0.03752695741427655,0.022575196660048258
4668,2022-08-18,Black-Litterman,0.05548890940930351,0.20066938306459212,0.027352998875452363,0.036069964352861694
4669,2022-08-19,Black-Litterman,0.03969142129898584,0.20092324784170512,-0.051306052493913734,0.019782042433072355
4670,2022-08-22,Black-Litterman,0.020172983690950885,0.20180575911356052,-0.1478006199628069,-0.00010640836328534853
4671,2022-08-23,Black-Litterman,-0.004173036903163951,0.20110105766577693,-0.2693821580650147,-0.024019105277877206
4672,2022-08-24,Black-Litterman,-0.005021678135148311,0.20110068375049023,-0.2736026407717979,-0.02484695367522405
4673,2022-08-25,Black-Litterman,-0.0015416022411921526,0.20127129939656435,-0.25608023794609613,-0.021480518329848763
4674,2022-08-26,Black-Litterman,-0.02719955035710442,0.20398155931509018,-0.3784633798090264,-0.04680374877649107
4675,2022-08-29,Black-Litterman,-0.047534588933202726,0.2034762899928921,-0.47934129788099555,-0.06589942656844416
4676,2022-08-30,Black-Litterman,-0.054130536958209574,0.20362826781885404,-0.5113756457961093,-0.07207042594261781
4677,2022-08-31,Black-Litterman,-0.05934016373470752,0.20376847401397885,-0.5365901877795218,-0.07691953127676787
4678,2022-09-01,Black-Litterman,-0.05232260096204033,0.20387238818367354,-0.501895336948991,-0.07043706158160956
4679,2022-09-02,Black-Litterman,-0.06131354195168137,0.2041889803801875,-0.5451496047652635,-0.07881889615285798
4680,2022-09-06,Black-Litterman,-0.06635190478256647,0.2041553545068939,-0.5699184577529046,-0.08344338576071386
4681,2022-09-07,Black-Litterman,-0.0474325754775331,0.2048786358614769,-0.47556239852850973,-0.066069777387045
4682,2022-09-08,Black-Litterman,-0.04592293195304409,0.2048601528920699,-0.468236163055003,-0.06465501118693529
4683,2022-09-09,Black-Litterman,-0.03949718436856786,0.2051490785304267,-0.436254381495036,-0.05867937214389418
4684,2022-09-12,Black-Litterman,-0.029821512801322947,0.20538444890020663,-0.3886443848536317,-0.04957144588929974
4685,2022-09-13,Black-Litterman,-0.0696188811280849,0.20873123821998787,-0.5730760864936523,-0.08730702831154658
4686,2022-09-14,Black-Litterman,-0.06363960342371533,0.20872471285771702,-0.5444472859386847,-0.08183072094512045
4687,2022-09-15,Black-Litterman,-0.09318540078009485,0.20904536994223186,-0.6849489219477239,-0.10863169260587979
4688,2022-09-16,Black-Litterman,-0.10312548664596122,0.2089259504858543,-0.7329175063694581,-0.1174296689024199
4689,2022-09-19,Black-Litterman,-0.09125137498459668,0.20866325407248984,-0.676934593071791,-0.10683418890058438
4690,2022-09-20,Black-Litterman,-0.08252436165697186,0.20796325256925882,-0.6372489371065051,-0.09886946424142917
4691,2022-09-21,Black-Litterman,-0.09752431197806355,0.2084464294775179,-0.7077324967755078,-0.11238012645314877
4692,2022-09-22,Black-Litterman,-0.11034049928862522,0.20828922418984744,-0.7697973810804593,-0.12365968587072385
4693,2022-09-23,Black-Litterman,-0.13684358753404458,0.2081513113555039,-0.8976334874726413,-0.14656834766928684
4694,2022-09-26,Black-Litterman,-0.15158314056131905,0.20855952245916473,-0.9665496841592949,-0.15913435435738532
4695,2022-09-27,Black-Litterman,-0.1516230848527561,0.20856065318847683,-0.9667359675487244,-0.1591681605973062
4696,2022-09-28,Black-Litterman,-0.10563037568499212,0.20612221772207762,-0.755039303404131,-0.11911599049304
4697,2022-09-29,Black-Litterman,-0.10750718285794225,0.20623088174527077,-0.7637419843478614,-0.12078826099181106
4698,2022-09-30,Black-Litterman,-0.11444674711758629,0.20658067486091772,-0.7960412910273506,-0.12693468108172334
4699,2022-10-03,Black-Litterman,-0.09874752378123142,0.20798754914877593,-0.7151751361560137,-0.11336702109278107
4700,2022-10-04,Black-Litterman,-0.04604104517639429,0.20916323127528724,-0.45916791680269664,-0.0655841883054985
4701,2022-10-05,Black-Litterman,-0.053072999394476406,0.2090691396760875,-0.49300915263806144,-0.07211507785327764
4702,2022-10-06,Black-Litterman,-0.06451931769005093,0.2093161295703145,-0.5471117678562896,-0.08272539976890436
4703,2022-10-07,Black-Litterman,-0.08961041636050016,0.20940580128315892,-0.6666979401001345,-0.10547928317376454
4704,2022-10-10,Black-Litterman,-0.08371285733316258,0.2093372719196318,-0.6387436699972724,-0.10017346688645057
4705,2022-10-11,Black-Litterman,-0.07833315753651404,0.20917645382318892,-0.6135162691159805,-0.09528751445184314
4706,2022-10-12,Black-Litterman,-0.07540591864682633,0.209073312595945,-0.5998179159727849,-0.09261486255397111
4707,2022-10-13,Black-Litterman,-0.051743103266111534,0.21069222353657074,-0.4828991861128256,-0.07119110701906384
4708,2022-10-14,Black-Litterman,-0.08730118991089575,0.20993918992479538,-0.6540045713241054,-0.10350874259490572
4709,2022-10-17,Black-Litterman,-0.0757902109828077,0.21064438483420878,-0.5971685933228792,-0.09325846927137527
4710,2022-10-18,Black-Litterman,-0.06296684507288641,0.21123792353996734,-0.5347848680756061,-0.08166620609274544
4711,2022-10-19,Black-Litterman,-0.07984983409241508,0.2109180043673593,-0.6156412985316014,-0.09698443133030399
4712,2022-10-20,Black-Litterman,-0.080088522213699,0.2109227911205781,-0.6167589643706705,-0.09720092539601799
4713,2022-10-21,Black-Litterman,-0.05885433454067435,0.2124282286524356,-0.5124287634991127,-0.07810813795957039
4714,2022-10-24,Black-Litterman,-0.05362695942769735,0.21264356385219313,-0.48732704414100037,-0.0733172507778701
4715,2022-10-25,Black-Litterman,-0.047281633425679925,0.2129405726584195,-0.4568487452211869,-0.06747539826631899
4716,2022-10-26,Black-Litterman,-0.03399573036640258,0.21323529299244537,-0.3939110134520669,-0.05505994329582875
4717,2022-10-27,Black-Litterman,-0.010161070982571019,0.21227933732063467,-0.2834052138183449,-0.03206614703676103
4718,2022-10-28,Black-Litterman,0.012614729473021002,0.21442906245733054,-0.17434796430366492,-0.0102102737502201
4719,2022-10-31,Black-Litterman,-0.0046234776791699295,0.21420872003624983,-0.25500118608582406,-0.027080765281754404
4720,2022-11-01,Black-Litterman,-0.007787905486471902,0.2141546542630327,-0.26984193122179195,-0.030143563862967904
4721,2022-11-02,Black-Litterman,-0.028800977935975802,0.2150403714439152,-0.3664473671006839,-0.05049424025344207
4722,2022-11-03,Black-Litterman,-0.0443937021556946,0.21506727427451885,-0.4389031407689085,-0.06519259468852534
4723,2022-11-04,Black-Litterman,-0.04801382948561672,0.21472429243855343,-0.4564636277176922,-0.06850417373609718
4724,2022-11-07,Black-Litterman,-0.04649492639889963,0.21482010165581805,-0.4491894643709951,-0.06710685353895374
4725,2022-11-08,Black-Litterman,-0.0451336724450917,0.21486545535890642,-0.4427592713132158,-0.06584485824342079
4726,2022-11-09,Black-Litterman,-0.06398209613090833,0.2155105139138641,-0.5288934356885485,-0.08341930277224008
4727,2022-11-10,Black-Litterman,-0.004829272385839634,0.21896805838096942,-0.25039849552141286,-0.028259640950267895
4728,2022-11-11,Black-Litterman,-0.007622498069639327,0.21894820338082285,-0.26317867504678666,-0.030966022642002655
4729,2022-11-14,Black-Litterman,-0.026639419952566135,0.21827352768450256,-0.3511164215174204,-0.0490830777152631
4730,2022-11-15,Black-Litterman,-0.01816950629673264,0.21841823218507567,-0.312105384311368,-0.041023990909835883
4731,2022-11-16,Black-Litterman,-0.03671917982754613,0.21809237805722115,-0.3976259078838304,-0.058584662515522856
4732,2022-11-17,Black-Litterman,-0.01890373085689223,0.2175077202218392,-0.31678751810104183,-0.04153783466310468
4733,2022-11-18,Black-Litterman,-0.01693358111232235,0.21754574186786238,-0.3076758962856552,-0.039655403606307815
4734,2022-11-21,Black-Litterman,-0.029793710285303088,0.21726571512565837,-0.36726323911323694,-0.0518705508556595
4735,2022-11-22,Black-Litterman,0.0017213274183204286,0.21716397429898524,-0.22231437206620128,-0.021488557902246352
4736,2022-11-23,Black-Litterman,-0.0024178639474062846,0.21704395984178215,-0.24150805203525208,-0.025505311956394605
4737,2022-11-25,Black-Litterman,-0.010925489562995883,0.21681843550354116,-0.2809977362925895,-0.03371422786000611
4738,2022-11-28,Black-Litterman,0.00162567318775797,0.21560160194912392,-0.22436905094822557,-0.02124746622091478
4739,2022-11-29,Black-Litterman,-0.024601295878021956,0.21399796704644986,-0.34860749804146124,-0.046263031496868834
4740,2022-11-30,Black-Litterman,0.019600582248586962,0.21421476085265434,-0.1419109384918764,-0.00319892445367731
4741,2022-12-01,Black-Litterman,0.021532345108601914,0.2142025514350685,-0.1329006340058817,-0.001269032152124705
4742,2022-12-02,Black-Litterman,0.022460208959311223,0.21421212796078126,-0.12856317381680119,-0.00034403430518703537
4743,2022-12-05,Black-Litterman,0.026510554911229556,0.2138355966299244,-0.10984815184640453,0.0037949210304948355
4744,2022-12-06,Black-Litterman,0.006090720698706642,0.21367603060350293,-0.20549464147792684,-0.016460588116335995
4745,2022-12-07,Black-Litterman,-0.03203794971130858,0.210129161798486,-0.39041677513558554,-0.052566276541536006
4746,2022-12-08,Black-Litterman,-0.029358305856039157,0.21020932497062628,-0.3775203876760859,-0.050039621427763525
4747,2022-12-09,Black-Litterman,-0.022688118706439497,0.2098433590518008,-0.34639227581415194,-0.043607263377881234
4748,2022-12-12,Black-Litterman,-0.020060093020892844,0.21000557641560996,-0.33361063175884886,-0.04112243297398821
4749,2022-12-13,Black-Litterman,-0.004423089955116755,0.2097271302071802,-0.25949475349877044,-0.025952654185373625
4750,2022-12-14,Black-Litterman,0.01187464515585912,0.20896258756094072,-0.18245062567969117,-0.00978829297561068
4751,2022-12-15,Black-Litterman,-0.035260298158071635,0.20922955351465208,-0.40749643979955713,-0.05544189661807519
4752,2022-12-16,Black-Litterman,-0.009257540533727182,0.20709127277508987,-0.2861421427356982,-0.030117519568104045
4753,2022-12-19,Black-Litterman,-0.005123090383692297,0.20695423830541657,-0.2663540057698329,-0.026071456632858148
4754,2022-12-20,Black-Litterman,0.011879580580405946,0.20647582969090555,-0.18462412514171925,-0.009272155144375294
4755,2022-12-21,Black-Litterman,-0.027069729538922838,0.20061491545798094,-0.3841674950388482,-0.04602448530141556
4756,2022-12-22,Black-Litterman,-0.042732458728642286,0.20068284641462367,-0.4620846294807433,-0.06086504252880942
4757,2022-12-23,Black-Litterman,-0.05638021961662931,0.1999540984020821,-0.5320232016585742,-0.07346440027532863
4758,2022-12-27,Black-Litterman,-0.06894293688435715,0.19932579994382532,-0.5967262487740075,-0.08492115293665026
4759,2022-12-28,Black-Litterman,-0.06803883396116461,0.1992803614782997,-0.5923254709371765,-0.0840848787738937
4760,2022-12-29,Black-Litterman,-0.06549246800263164,0.1994358316220154,-0.5790958779238877,-0.08177705322127093
4761,2022-12-30,Black-Litterman,-0.05680304409058079,0.1991547258114847,-0.5362817460414075,-0.07370940770033196
4762,2023-01-03,Black-Litterman,-0.054279961825580036,0.1991413673355342,-0.5236479151510407,-0.07136636740400981
4763,2023-01-04,Black-Litterman,-0.05005034255091978,0.1994303216612963,-0.5016806958815465,-0.06748225325569024
4764,2023-01-05,Black-Litterman,-0.060112210371577546,0.19922701190913006,-0.5526971936004397,-0.07678305327755763
4765,2023-01-06,Black-Litterman,-0.026362720632981396,0.2005024775985364,-0.3808567432562181,-0.04532538170237077
4766,2023-01-09,Black-Litterman,-0.03713228990978479,0.20078506279253816,-0.43395802804222805,-0.05560666236929923
4767,2023-01-10,Black-Litterman,-0.027866908658039424,0.2008870478070984,-0.38761537644184535,-0.04683404183552131
4768,2023-01-11,Black-Litterman,-0.020152623621478183,0.2009395206265843,-0.3491230764496857,-0.03946194519542412
4769,2023-01-12,Black-Litterman,-0.024239016402814118,0.20084406835418736,-0.3696350955801893,-0.043361232435267794
4770,2023-01-13,Black-Litterman,-0.031948360098502326,0.2008874404147246,-0.40793172499646074,-0.050717034784476756
4771,2023-01-17,Black-Litterman,-0.03294293785367919,0.20091001061978547,-0.4128362623535247,-0.05166512633926035
4772,2023-01-18,Black-Litterman,-0.04893191027786359,0.2019151307303987,-0.4899677895360875,-0.06690084079074321
4773,2023-01-19,Black-Litterman,-0.048602190522930466,0.20189630009231907,-0.4883803738743288,-0.06658949205382458
4774,2023-01-20,Black-Litterman,-0.024602231727255952,0.2022666228009686,-0.3688311531293274,-0.04398333095336182
4775,2023-01-23,Black-Litterman,0.0029262778102194797,0.2024637846108432,-0.23250440704870354,-0.017336160535608602
4776,2023-01-24,Black-Litterman,0.024186558766754795,0.20228755199829618,-0.12760766037379614,0.003814587029605576
4777,2023-01-25,Black-Litterman,0.02727170707431037,0.2022879999052854,-0.11235611077439787,0.006915880518981954
4778,2023-01-26,Black-Litterman,0.035339971926126035,0.20216738128227393,-0.07251430958293449,0.015096564358866305
4779,2023-01-27,Black-Litterman,0.04261863676402966,0.20223776355839584,-0.036498441765249176,0.022496487039504798
4780,2023-01-30,Black-Litterman,0.030584391154424795,0.2024489062745281,-0.09590374777943692,0.010223745196983769
4781,2023-01-31,Black-Litterman,0.011774562008307843,0.20081241495253507,-0.19035395794989715,-0.00827951333218524
4782,2023-02-01,Black-Litterman,0.004401305969632174,0.20053693271371667,-0.2273830232332505,-0.01551082821419103
4783,2023-02-02,Black-Litterman,-0.004978251855766058,0.20031808097373222,-0.2744547650842131,-0.024659393171067245
4784,2023-02-03,Black-Litterman,-0.00810063079325729,0.20025485382294278,-0.2901334458770598,-0.02768789261626703
4785,2023-02-06,Black-Litterman,0.002413138098758205,0.20000110559382553,-0.2379329942199625,-0.01736114389899679
4786,2023-02-07,Black-Litterman,0.012079953917537245,0.19999087895758072,-0.18960887756539052,-0.007814273781368675
4787,2023-02-08,Black-Litterman,0.009433407386045145,0.20003763893519516,-0.2027947981684434,-0.010445807613170155
4788,2023-02-09,Black-Litterman,0.0013891278923364725,0.19994853939965915,-0.24311691525037665,-0.018356615769944074
4789,2023-02-10,Black-Litterman,0.0006683775941763725,0.19991843083338554,-0.2467587515577151,-0.019058044798884288
4790,2023-02-13,Black-Litterman,0.024803881656092486,0.19928950028197323,-0.12642973316836922,0.005031778465253156
4791,2023-02-14,Black-Litterman,0.03496222909465607,0.19913724566690494,-0.07551460730001998,0.015322896125373298
4792,2023-02-15,Black-Litterman,0.045084579306231776,0.19911639056885377,-0.024686168123705974,0.025655224905364094
4793,2023-02-16,Black-Litterman,0.01990085799006791,0.1992152314270276,-0.15108855780918232,0.00013023454490190822
4794,2023-02-17,Black-Litterman,0.021571980218418885,0.19922169171645282,-0.14269540398262454,0.0018015513191518284
4795,2023-02-21,Black-Litterman,0.021524599387762855,0.19922534445402723,-0.14293061302151777,0.0017533530644284756
4796,2023-02-22,Black-Litterman,0.02940039401348693,0.19900334206582676,-0.10351386952938253,0.009718041493719465
4797,2023-02-23,Black-Litterman,0.03862971565388873,0.19896153434549416,-0.05714815370476044,0.01908743771353505
4798,2023-02-24,Black-Litterman,0.04718674718810645,0.1986071127623028,-0.014164914704039402,0.027916477455063538
4799,2023-02-27,Black-Litterman,0.047057835736762366,0.1986069896599555,-0.014814001603241946,0.027784025575756877
4800,2023-02-28,Black-Litterman,0.026883169883635816,0.197864510406049,-0.1168316140621925,0.00740546481226767
4801,2023-03-01,Black-Litterman,0.03276316189981143,0.1976967071252319,-0.0871882913521155,0.013379442286093335
4802,2023-03-02,Black-Litterman,0.04677492212376266,0.19751233113862698,-0.016328488746222992,0.02771396064105347
4803,2023-03-03,Black-Litterman,0.037867179590653666,0.19698480281126288,-0.06159267230869155,0.018705793073527044
4804,2023-03-06,Black-Litterman,0.04484837019234056,0.19699723807311073,-0.026150771747102067,0.025838807214327852
4805,2023-03-07,Black-Litterman,0.036925223354045134,0.19739818448610147,-0.06623554659326386,0.017663390285793668
4806,2023-03-08,Black-Litterman,0.06217413698459696,0.19604574070766886,0.062098451823803025,0.04396111644738965
4807,2023-03-09,Black-Litterman,0.06203153239013093,0.19605650447297795,0.0613676777644947,0.04381006440869428
4808,2023-03-10,Black-Litterman,0.030303673509469164,0.1955012759888959,-0.10074781553676176,0.011324365136986536
4809,2023-03-13,Black-Litterman,0.03969856041802555,0.1951668578781779,-0.05278273009039554,0.020936023678994164
4810,2023-03-14,Black-Litterman,0.06446922479459472,0.19499668336819065,0.07420241485479051,0.04657171632945367
4811,2023-03-15,Black-Litterman,0.04019985596345432,0.19622905479455036,-0.04994236988404353,0.021234127390996838
4812,2023-03-16,Black-Litterman,0.03722707761638333,0.19601594911142528,-0.06516266886199094,0.018244985043949002
4813,2023-03-17,Black-Litterman,0.010658924647191315,0.19606760667821246,-0.20065056140240206,-0.008460744252666963
4814,2023-03-20,Black-Litterman,0.018513925686205468,0.19660106239969474,-0.16015210665435053,-0.0007448177281824675
4815,2023-03-21,Black-Litterman,0.02435926121208798,0.19684452640021516,-0.1302588355227133,0.005065233801398339
4816,2023-03-22,Black-Litterman,0.010877419109785236,0.19728459931415376,-0.1983052961367573,-0.008479427651801097
4817,2023-03-23,Black-Litterman,0.005352757625130988,0.19711172861462523,-0.22650728441512077,-0.013908702615332835
4818,2023-03-24,Black-Litterman,0.02644403796143091,0.1963537855723067,-0.11996693605835615,0.007260196531148733
4819,2023-03-27,Black-Litterman,0.02144847761604385,0.19614445653756107,-0.14556374871847894,0.0022820497890421176
4820,2023-03-28,Black-Litterman,0.01953918149731282,0.19609262433849903,-0.15533893029094817,0.0003804506665021634
4821,2023-03-29,Black-Litterman,0.032138807154317495,0.19663215524203342,-0.09083556462928083,0.01295747927737878
4822,2023-03-30,Black-Litterman,0.019569838246089488,0.19622041080958874,-0.1550815311636453,0.00038650932917461134
4823,2023-03-31,Black-Litterman,0.02990308329167435,0.19618309512497573,-0.10243959447944886,0.010783783997919016
4824,2023-04-03,Black-Litterman,0.05306787825350301,0.19621688423818934,0.015635138970909776,0.034461985966706576
4825,2023-04-04,Black-Litterman,0.029425345684405912,0.19690109433120973,-0.10449233096178336,0.010158263373139409
4826,2023-04-05,Black-Litterman,0.01710229872374358,0.1969461942374679,-0.16703903014541127,-0.0022214303755514475
4827,2023-04-06,Black-Litterman,0.023754666402010516,0.1967919988625284,-0.133365857096271,0.004468273956306668
4828,2023-04-10,Black-Litterman,0.04453277254447863,0.19714210705201213,-0.027732418696726994,0.025485245447177896
4829,2023-04-11,Black-Litterman,0.041255782449723055,0.1970990312269187,-0.04436458919074946,0.022139427143825108
4830,2023-04-12,Black-Litterman,0.044706049423994365,0.19713681671214647,-0.026854195295928474,0.025663981863665253
4831,2023-04-13,Black-Litterman,0.05724145600115105,0.19699946279569558,0.03675876014271685,0.038627608479062214
4832,2023-04-14,Black-Litterman,0.06281215193535039,0.196916549345885,0.06506386577415478,0.04444529240241191
4833,2023-04-17,Black-Litterman,0.06673208001561348,0.19701654855003853,0.08492728219408352,0.04852596909940288
4834,2023-04-18,Black-Litterman,0.08047320905033983,0.19694735532088867,0.15472768852716742,0.06304374783917477
4835,2023-04-19,Black-Litterman,0.07238937693414615,0.19710168749152368,0.1135930250983214,0.0544554220960447
4836,2023-04-20,Black-Litterman,0.055215166251749714,0.19665857821672292,0.026518885161482562,0.0365942493712299
4837,2023-04-21,Black-Litterman,0.044393528248671044,0.19656312316090518,-0.028522500361064882,0.02545829313219672
4838,2023-04-24,Black-Litterman,0.05166529766058037,0.19635680325526453,0.008480977653804393,0.03298289026326695
4839,2023-04-25,Black-Litterman,0.05783238944099678,0.19585299287419572,0.03999116544533907,0.039475604083669236
4840,2023-04-26,Black-Litterman,0.037224900379489556,0.19627187866254117,-0.06508879268677728,0.018193441849781777
4841,2023-04-27,Black-Litterman,0.08128969371620187,0.19553240073222453,0.16002306318047063,0.06421373495707439
4842,2023-04-28,Black-Litterman,0.07951563627999614,0.1954520331104326,0.15101217321857924,0.062344501566881316
4843,2023-05-01,Black-Litterman,0.06099249572925636,0.19427380293297708,0.05658249111975575,0.043087995226903875
4844,2023-05-02,Black-Litterman,0.08501411319535213,0.19205400128484323,0.18231389588921526,0.06890630298691391
4845,2023-05-03,Black-Litterman,0.07618253440441602,0.1923059712456911,0.13615039738399531,0.05945931780946334
4846,2023-05-04,Black-Litterman,0.06798304308532577,0.19240935497622633,0.09346241552313145,0.05078937065377076
4847,2023-05-05,Black-Litterman,0.056819846358735604,0.19120616024122622,0.03566750333844717,0.03936114351671738
4848,2023-05-08,Black-Litterman,0.08360479058817072,0.1889371061088686,0.17786231238667907,0.06803630180249698
4849,2023-05-09,Black-Litterman,0.08869281721193512,0.18891882873688284,0.20481186269593396,0.07348618442780808
4850,2023-05-10,Black-Litterman,0.1036281321541146,0.1877965697110221,0.2855650251580025,0.08986601838121966
4851,2023-05-11,Black-Litterman,0.10246652135811218,0.18780882568564874,0.2793613195043867,0.08859877141562666
4852,2023-05-12,Black-Litterman,0.10804440155321349,0.18776081219329102,0.30914012820449177,0.09469511611747783
4853,2023-05-15,Black-Litterman,0.11931950424551785,0.1881944791802942,0.36833973317096264,0.10701309598460162
4854,2023-05-16,Black-Litterman,0.09035560692792288,0.18780050033083726,0.21488551338697578,0.07549943941276327
4855,2023-05-17,Black-Litterman,0.10598639449390757,0.18835258665122362,0.2972425040149766,0.09232395776149382
4856,2023-05-18,Black-Litterman,0.09530928262707794,0.18760899051431826,0.2415091222593618,0.0808760581638217
4857,2023-05-19,Black-Litterman,0.12835581066061386,0.1844406357092643,0.4248294328378207,0.11784648417957921
4858,2023-05-22,Black-Litterman,0.1355328002132724,0.18413197313138135,0.4645190010115368,0.12595815332999738
4859,2023-05-23,Black-Litterman,0.11711827145061271,0.18468280299263282,0.3634245872545595,0.10531117722305616
4860,2023-05-24,Black-Litterman,0.08698365467039171,0.18355591233519303,0.20148440984486263,0.07273057764392954
4861,2023-05-25,Black-Litterman,0.09089508794018109,0.18361196443751057,0.22272561630426366,0.07692222631508083
4862,2023-05-26,Black-Litterman,0.10031732723214981,0.18409839532791167,0.27331757641084153,0.08701753423344116
4863,2023-05-30,Black-Litterman,0.08257687475519071,0.18408862187086242,0.176962999799321,0.06791168775615097
4864,2023-05-31,Black-Litterman,0.05004792842649508,0.1836584815061181,0.0002609649502818164,0.03381966861972763
4865,2023-06-01,Black-Litterman,0.07280468638364168,0.18437237998652808,0.12368819226235511,0.057473423657216305
4866,2023-06-02,Black-Litterman,0.10121719616050795,0.18492170136248173,0.2769669313182042,0.08783174664341575
4867,2023-06-05,Black-Litterman,0.07974384689461489,0.18459375204470704,0.16113138481204486,0.06479274105753619
4868,2023-06-06,Black-Litterman,0.1032960579884431,0.18447279916804735,0.28891011698636676,0.0901847293306246
4869,2023-06-07,Black-Litterman,0.11191263762231018,0.18461536125171432,0.33536016289508663,0.0995862911780907
4870,2023-06-08,Black-Litterman,0.10005799097515478,0.18444574748845174,0.2713968289146321,0.08666706845688354
4871,2023-06-09,Black-Litterman,0.11395936294943265,0.18399875145272526,0.3476075921410027,0.10196330529032416
4872,2023-06-12,Black-Litterman,0.14188413173059156,0.18269865215187234,0.5029272556111186,0.1334262095677725
4873,2023-06-13,Black-Litterman,0.1695275167430338,0.18116092116535626,0.6597864262013438,0.16550486420494304
4874,2023-06-14,Black-Litterman,0.19536912006689888,0.17855048935374834,0.8141625407639754,0.19656426477729294
4875,2023-06-15,Black-Litterman,0.2173200843882941,0.17853121564733668,0.9372035236617187,0.22310370007942248
4876,2023-06-16,Black-Litterman,0.2074716439318719,0.1784585537039204,0.8823989697525637,0.2111427052840249
4877,2023-06-20,Black-Litterman,0.22834737255024196,0.17668573670714843,1.0094044707516354,0.23706367005500528
4878,2023-06-21,Black-Litterman,0.23338574528275513,0.1767344947648051,1.0376341388635049,0.2432958331504449
4879,2023-06-22,Black-Litterman,0.20547858532126506,0.17555617917445548,0.885634365320524,0.20935358692810935
4880,2023-06-23,Black-Litterman,0.20154330772212448,0.1756065701091954,0.862970603137981,0.2045969936087555
4881,2023-06-26,Black-Litterman,0.19172552472816395,0.17534030513359264,0.8082883431746203,0.19289259001530845
4882,2023-06-27,Black-Litterman,0.1704941675547682,0.17325015861079487,0.6954923938941805,0.16826587529806547
4883,2023-06-28,Black-Litterman,0.1707121119841465,0.1732463580072211,0.6967656542547063,0.16852111541969816
4884,2023-06-29,Black-Litterman,0.1942344625395287,0.17261558973844812,0.8355819005576305,0.19644464782008142
4885,2023-06-30,Black-Litterman,0.20336100349296615,0.1726756993137724,0.8881446787384417,0.20739297237165033
4886,2023-07-03,Black-Litterman,0.2157072600301071,0.17234333511007158,0.9614950292349503,0.22244983066135515
4887,2023-07-05,Black-Litterman,0.20344468396346493,0.17251481878342112,0.8894579900182532,0.20752751039586959
4888,2023-07-06,Black-Litterman,0.1948615258127131,0.17272349562062364,0.8386903315741848,0.1971724484161168
4889,2023-07-07,Black-Litterman,0.19055959051136695,0.17272788133690853,0.8137631830104093,0.19203636441615046
4890,2023-07-10,Black-Litterman,0.19059264288482314,0.17272939249084196,0.8139474171558689,0.19207542788497478
4891,2023-07-11,Black-Litterman,0.2013896481082842,0.1729199353483642,0.875489849121762,0.20496667802020285
4892,2023-07-12,Black-Litterman,0.2025638633849678,0.17289878780532672,0.8823882765259478,0.2063856654029872
4893,2023-07-13,Black-Litterman,0.21155909531625394,0.17291487438273428,0.934327343977678,0.21727405585378512
4894,2023-07-14,Black-Litterman,0.21010952064781308,0.1729497120642678,0.9257576594768582,0.21550496521142004
4895,2023-07-17,Black-Litterman,0.2207260856342862,0.1729342051199095,0.9872314474508255,0.2284704559860553
4896,2023-07-18,Black-Litterman,0.20328989739215542,0.17239876769417414,0.8891588927368855,0.20736384995849888
4897,2023-07-19,Black-Litterman,0.21372134301851553,0.17180431811915392,0.9529524333897563,0.2201392596487175
4898,2023-07-20,Black-Litterman,0.19758464363867156,0.17066142240706744,0.8647803443630492,0.20085452484789323
4899,2023-07-21,Black-Litterman,0.19303008258038679,0.1706938655320367,0.837933350062555,0.1953952121546647
4900,2023-07-24,Black-Litterman,0.1910267012481912,0.1706337491715803,0.8264877372317606,0.19301670711919416
4901,2023-07-25,Black-Litterman,0.18064550219365472,0.1712973096436699,0.7626827442031725,0.18057007005594872
4902,2023-07-26,Black-Litterman,0.17898246355343606,0.1713224198036614,0.7528638907928823,0.1786047095941683
4903,2023-07-27,Black-Litterman,0.18193285308056528,0.17127807385677937,0.7702845443654739,0.18209364846122922
4904,2023-07-28,Black-Litterman,0.17898624648812111,0.17116087256780946,0.7535965700164338,0.17864145878937943
4905,2023-07-31,Black-Litterman,0.1765262593131336,0.1710645151552424,0.7396405923128477,0.1757667705553565
4906,2023-08-01,Black-Litterman,0.17620825629788328,0.17106197010856491,0.7377926035680806,0.17539370231930929
4907,2023-08-02,Black-Litterman,0.15944803127394502,0.17177828174371587,0.6371470838044341,0.15572823196510832
4908,2023-08-03,Black-Litterman,0.17133969899817347,0.17165195741105913,0.7068937682289188,0.16957013400332466
4909,2023-08-04,Black-Litterman,0.15779530817185528,0.1713911277258562,0.6289433391457473,0.15389696007432851
4910,2023-08-07,Black-Litterman,0.16940250957898084,0.17184314961525143,0.6948342709401994,0.16727038218974322
4911,2023-08-08,Black-Litterman,0.16226251075291465,0.1718692369938563,0.6531856003813388,0.15896599081778406
4912,2023-08-09,Black-Litterman,0.1633918383029006,0.17186033844148432,0.6597906144675066,0.16027650393439918
4913,2023-08-10,Black-Litterman,0.15754482212330512,0.17207014932318318,0.6250056883562866,0.15347475964005808
4914,2023-08-11,Black-Litterman,0.14475286546271393,0.17145776804991544,0.5526309279561432,0.13894027956546662
4915,2023-08-14,Black-Litterman,0.14904383904287544,0.17148751012185945,0.5775571583755262,0.1438292938946053
4916,2023-08-15,Black-Litterman,0.12137078280763636,0.17163256219012935,0.41583474544051824,0.11259697135031943
4917,2023-08-16,Black-Litterman,0.10763453346576135,0.17149057988668792,0.3360798797452505,0.09745171383423745
4918,2023-08-17,Black-Litterman,0.09783724200354027,0.17165130757710606,0.27868848002833707,0.08672650281291583
4919,2023-08-18,Black-Litterman,0.10862338403273852,0.1714984167554648,0.34183046783649385,0.09853554469309889
4920,2023-08-21,Black-Litterman,0.10916325111401537,0.17150012512583004,0.3449749734620144,0.099128191402867
4921,2023-08-22,Black-Litterman,0.11874092833591987,0.17113038750233198,0.40168744627533287,0.10977155320361165
4922,2023-08-23,Black-Litterman,0.1484350933078995,0.1703635636711829,0.5777942840987298,0.14335357389269743
4923,2023-08-24,Black-Litterman,0.14346018482624068,0.1706389278764164,0.5477072904134062,0.13762924066001125
4924,2023-08-25,Black-Litterman,0.14982139524268367,0.17072290857204153,0.5846983048590758,0.14486850457737277
4925,2023-08-28,Black-Litterman,0.14882954048619212,0.17066186931259134,0.579095616872518,0.14374592852165757
4926,2023-08-29,Black-Litterman,0.18980987682604955,0.16715760168761784,0.8363955657088489,0.19227700655215507
4927,2023-08-30,Black-Litterman,0.2015489517308232,0.16714485640799992,0.9066922846904295,0.20634744015330697
4928,2023-08-31,Black-Litterman,0.20905673535795954,0.16690874565332262,0.9529562680216167,0.21547905143617907
4929,2023-09-01,Black-Litterman,0.2252067734719685,0.16680409435782032,1.0503745375465614,0.23527318402465291
4930,2023-09-05,Black-Litterman,0.20656123432411944,0.1672396468117954,0.9361490370779544,0.21238489397755833
4931,2023-09-06,Black-Litterman,0.2110191452037279,0.16695904153877267,0.9644230328570415,0.2178545600821511
4932,2023-09-07,Black-Litterman,0.21121847051648845,0.16695646046546808,0.9656318184215075,0.21809765336212394
4933,2023-09-08,Black-Litterman,0.1913297849989103,0.16620386290239217,0.8503399531809326,0.19427675979268022
4934,2023-09-11,Black-Litterman,0.18123420727614603,0.1666737357229269,0.7873718478015372,0.1821965465354185
4935,2023-09-12,Black-Litterman,0.16319684534409729,0.16639943754309353,0.6802718026903305,0.16113036487976085
4936,2023-09-13,Black-Litterman,0.14926635421147316,0.16622379731738432,0.5971849747959734,0.1451102243097555
4937,2023-09-14,Black-Litterman,0.19161198210299946,0.16183232424835067,0.875053749371351,0.1954867098245756
4938,2023-09-15,Black-Litterman,0.18288676373491874,0.1619733965146459,0.8204233941769747,0.18508182227632064
4939,2023-09-18,Black-Litterman,0.20534425789873434,0.16101233382762495,0.9647972562464769,0.2121654769728356
4940,2023-09-19,Black-Litterman,0.20447490889901976,0.1610345931659941,0.9592653718806081,0.21110866093009095
4941,2023-09-20,Black-Litterman,0.19960505713502252,0.16110399108325874,0.9286241521956241,0.20521634169020042
4942,2023-09-21,Black-Litterman,0.19379450857238145,0.16169350283347098,0.8893029469494282,0.1981238380385193
4943,2023-09-22,Black-Litterman,0.20736714132418288,0.16097160085142942,0.977608102869193,0.21462542092255243
4944,2023-09-25,Black-Litterman,0.21319692874133467,0.16089179318818936,1.0143272413556177,0.22173682872834122
4945,2023-09-26,Black-Litterman,0.21336458543935344,0.16087774704783656,1.015457938945263,0.2219442881038758
4946,2023-09-27,Black-Litterman,0.2299661945288699,0.16022699646944402,1.1231952073893505,0.24251209340247426
4947,2023-09-28,Black-Litterman,0.23530791326139588,0.16006778509841496,1.1576839971107395,0.24919268064747535
4948,2023-09-29,Black-Litterman,0.22217222363058264,0.15973283069659383,1.0778762442244385,0.23297082087932597
4949,2023-10-02,Black-Litterman,0.22995958332673216,0.1592301107814142,1.130185631621991,0.24270134939179755
4950,2023-10-03,Black-Litterman,0.23290721644692391,0.1589749599460002,1.1505410443824167,0.24641741607606615
4951,2023-10-04,Black-Litterman,0.21141030644348668,0.15702179110873132,1.0279484478158607,0.22030046655913527
4952,2023-10-05,Black-Litterman,0.17732587588539495,0.15418782193846353,0.8257842564000341,0.1799461001373659
4953,2023-10-06,Black-Litterman,0.18956145235686683,0.15454308043481635,0.9030585644093687,0.1943967970275018
4954,2023-10-09,Black-Litterman,0.21519291494148773,0.15480264110946912,1.0671194868353127,0.22533430961231993
4955,2023-10-10,Black-Litterman,0.2323434230212763,0.15414393940225699,1.182942538826839,0.2466390885070735
4956,2023-10-11,Black-Litterman,0.24002520159688456,0.15429823103067092,1.2315449135584189,0.25621375470233887
4957,2023-10-12,Black-Litterman,0.2381388975209433,0.15436884003069795,1.2187621380294742,0.2538349660561843
4958,2023-10-13,Black-Litterman,0.23729413703768043,0.15441029549170743,1.2129640477745154,0.2527691885830563
4959,2023-10-16,Black-Litterman,0.21762219713841824,0.1524610986613614,1.0994424060312715,0.22874652960662245
4960,2023-10-17,Black-Litterman,0.23400903557333663,0.15177743238509447,1.2123609727858824,0.249159801160719
4961,2023-10-18,Black-Litterman,0.19842911864532797,0.15186781328848215,0.977357317731163,0.20551197600677384
4962,2023-10-19,Black-Litterman,0.17359325369382428,0.1514230150946895,0.8162118130888992,0.17603951172713783
4963,2023-10-20,Black-Litterman,0.1688763640826807,0.15166610202051076,0.7838031207962627,0.17046583853239738
4964,2023-10-23,Black-Litterman,0.170922992965565,0.1516078249847761,0.7976039032134895,0.17287253835896088
4965,2023-10-24,Black-Litterman,0.16644553102024917,0.15094275415832292,0.77145492454782,0.1677505754872497
4966,2023-10-25,Black-Litterman,0.15126448979211293,0.1506506501063043,0.6721809014475358,0.15021771208099155
4967,2023-10-26,Black-Litterman,0.13309471405462792,0.15025731197107442,0.5530161092634496,0.12958454151031185
4968,2023-10-27,Black-Litterman,0.1165323523356766,0.1499899963537884,0.4435785982602709,0.11108298331459876
4969,2023-10-30,Black-Litterman,0.12153226820517171,0.15016920842596182,0.47634444474307386,0.11661986499095067
4970,2023-10-31,Black-Litterman,0.10062032187850722,0.14726752857346853,0.3437303685941457,0.09398117050359867
4971,2023-11-01,Black-Litterman,0.11479222683590762,0.14734324595896792,0.43973665989380284,0.1095765852694568
4972,2023-11-02,Black-Litterman,0.1369563382909016,0.14923709113453257,0.5826724283476764,0.13411934533968162
4973,2023-11-03,Black-Litterman,0.15950434366720678,0.1478804397723656,0.7404924128963123,0.1602024074257964
4974,2023-11-06,Black-Litterman,0.17103152682531253,0.1476295297100308,0.8198327737210759,0.17368835695181173
4975,2023-11-07,Black-Litterman,0.1557706728615239,0.14658729721329158,0.7215541515007434,0.15609851247739215
4976,2023-11-08,Black-Litterman,0.14426956192581908,0.1459779382315888,0.6457795134512981,0.14298652263310796
4977,2023-11-09,Black-Litterman,0.13465963321026808,0.14582782396727392,0.5805451312862423,0.13208566045358583
4978,2023-11-10,Black-Litterman,0.16516504942839805,0.14534014761204522,0.7923829122274375,0.16721678963975206
4979,2023-11-13,Black-Litterman,0.12227501492652437,0.13926636136608425,0.5189696508012998,0.11917670158314908
4980,2023-11-14,Black-Litterman,0.13306065598128858,0.1396557660587582,0.5947527862640628,0.13124618378539687
4981,2023-11-15,Black-Litterman,0.1346548924221891,0.13963759374854523,0.606247144122469,0.1330530028528747
4982,2023-11-16,Black-Litterman,0.1283359504168895,0.13944754170225832,0.5617592785116905,0.12594915414376517
4983,2023-11-17,Black-Litterman,0.13897576673123258,0.1393881280056611,0.6383310257787443,0.13799608702507782
4984,2023-11-20,Black-Litterman,0.1378945955115758,0.13938354774974338,0.6305951952764641,0.136767779606074
4985,2023-11-21,Black-Litterman,0.13139892070984627,0.1393220924847947,0.5842499151290736,0.12942113932975863
4986,2023-11-22,Black-Litterman,0.13883693343818793,0.13939578500457744,0.637299997523388,0.1378370006233991
4987,2023-11-24,Black-Litterman,0.12626727489709932,0.13865211745088124,0.550062100018903,0.12374618761815048
4988,2023-11-27,Black-Litterman,0.11714785450982423,0.13870782427138595,0.48409565114688463,0.11354112375702363
4989,2023-11-28,Black-Litterman,0.11245278660807967,0.13875388729349183,0.4500975635801807,0.10832052892123922
4990,2023-11-29,Black-Litterman,0.13045860380866103,0.137956822705484,0.5832158368885272,0.1285728595961877
4991,2023-11-30,Black-Litterman,0.1405165233580774,0.13827953180885402,0.6545909012998382,0.13992483285860202
4992,2023-12-01,Black-Litterman,0.12458802769452836,0.1365751431856171,0.546131792028634,0.12217814944405192
4993,2023-12-04,Black-Litterman,0.12233807998384705,0.13660682813980812,0.52953487734752,0.11965254706222805
4994,2023-12-05,Black-Litterman,0.11385885503913584,0.1367286027210326,0.4670482530230129,0.11018482862466095
4995,2023-12-06,Black-Litterman,0.13144107814420136,0.1355108173795762,0.6009931879908793,0.13005596489056215
4996,2023-12-07,Black-Litterman,0.13853010884380268,0.13522307800830516,0.6546967436901955,0.1381354929604537
4997,2023-12-08,Black-Litterman,0.14276735985886435,0.13528844929170522,0.6857005187400879,0.1429555623371357
4998,2023-12-11,Black-Litterman,0.14349694046172212,0.1353278442348036,0.6908921145562488,0.14378324912154117
4999,2023-12-12,Black-Litterman,0.1574504098006183,0.1351345268721215,0.7951366115507933,0.1598756875719245
5000,2023-12-13,Black-Litterman,0.15259141144666388,0.1347335504670299,0.7614392338882854,0.15431840876828984
5001,2023-12-14,Black-Litterman,0.15300148972727812,0.13474469247158274,0.7644196430891022,0.1547898613831593
5002,2023-12-15,Black-Litterman,0.14812600704634327,0.13491362336400187,0.7273246733696843,0.14915057934563336
5003,2023-12-18,Black-Litterman,0.17728647787876595,0.13253626697574378,0.9603897920413088,0.18351229731757535
5004,2023-12-19,Black-Litterman,0.1907450542654805,0.13272600669295676,1.0604180580153724,0.1995068517880494
5005,2023-12-20,Black-Litterman,0.17808350700361475,0.13385693425680925,0.9568686726223837,0.18424605204995537
5006,2023-12-21,Black-Litterman,0.1942039979179203,0.1350657812801892,1.0676575262151278,0.20328486702729975
5007,2023-12-22,Black-Litterman,0.18827280343936936,0.13474453488773977,1.0261848731346999,0.1962256180299724
5008,2023-12-26,Black-Litterman,0.20290132858375154,0.13449376877726787,1.1368655215318415,0.21388064575043764
5009,2023-12-27,Black-Litterman,0.19978575784128116,0.13446407415248635,1.113946299674213,0.21011240626685534
5010,2023-12-28,Black-Litterman,0.19769624270041763,0.13443939763335588,1.0986083343159267,0.20759246353584038
5011,2023-12-29,Black-Litterman,0.2061839627634744,0.134036035547014,1.1652386026345272,0.21794357578517287
5012,2024-01-02,Black-Litterman,0.18709248858458705,0.1336341902979605,1.0258788434225978,0.19499262669712758
5013,2024-01-03,Black-Litterman,0.187415749590783,0.13362714447997456,1.0283520621917968,0.19537981935715387
5014,2024-01-04,Black-Litterman,0.1901339114174867,0.13363941588220218,1.0485971559544167,0.19862908461563777
5015,2024-01-05,Black-Litterman,0.17671713869305883,0.1328273508746439,0.9539988402889132,0.18279231943772944
5016,2024-01-08,Black-Litterman,0.18379661974466888,0.13291222227857044,1.0066539965319732,0.19117625342903177
5017,2024-01-09,Black-Litterman,0.1575239553131872,0.13082938018931559,0.8218639816040979,0.16062112366270265
5018,2024-01-10,Black-Litterman,0.17135311752716165,0.13035173507591938,0.9309666454112271,0.17684603408021626
5019,2024-01-11,Black-Litterman,0.16300019209370742,0.13023164876555826,0.8676861052195481,0.16708140436762053
5020,2024-01-12,Black-Litterman,0.16065632606809177,0.1301718443364417,0.8500788064590206,0.16435986453026286
5021,2024-01-16,Black-Litterman,0.15680753558704252,0.13017218974866912,0.8205096326124799,0.15988985303222503
5022,2024-01-17,Black-Litterman,0.15937254865715467,0.13008439049900736,0.840781497592436,0.16288021174251188
5023,2024-01-18,Black-Litterman,0.17160068377562776,0.1301117924346719,0.9345861854657216,0.17717392364617113
5024,2024-01-19,Black-Litterman,0.20403697276006894,0.1287796119185566,1.1961285677540767,0.21616688929219108
5025,2024-01-22,Black-Litterman,0.2174885508266966,0.12818840933343054,1.3065810840279841,0.2327168080397537
5026,2024-01-23,Black-Litterman,0.2014088361237223,0.12741920258923975,1.1882732982705735,0.21318724555549773
5027,2024-01-24,Black-Litterman,0.18653981855002044,0.1266010811815657,1.0785043640678,0.19541781392427793
5028,2024-01-25,Black-Litterman,0.18695544880062265,0.12662902810445825,1.0815486058034496,0.1959102275846869
5029,2024-01-26,Black-Litterman,0.18006470442387768,0.1267655199777183,1.026025881854461,0.1876832871968288
5030,2024-01-29,Black-Litterman,0.1857448504363033,0.1269121535231735,1.0695969351076924,0.1944217719448047
5031,2024-01-30,Black-Litterman,0.18442259347998502,0.12686668647642613,1.059557849372561,0.19285145539726734
5032,2024-01-31,Black-Litterman,0.18736348119713908,0.12666462603230577,1.0844660068084406,0.19639281447103474
5033,2024-02-01,Black-Litterman,0.193112945850895,0.12713186216150246,1.1257047872789823,0.2032158131253512
5034,2024-02-02,Black-Litterman,0.18942055901293664,0.12709662666311944,1.0969650625148601,0.19878995244192454
5035,2024-02-05,Black-Litterman,0.18660114707177167,0.1271453635786901,1.074369864751139,0.1954099584047333
5036,2024-02-06,Black-Litterman,0.18350145117059646,0.1271412435903828,1.0500247394205506,0.19171361634105688
5037,2024-02-07,Black-Litterman,0.18807884045546952,0.12721301401913254,1.085414424932207,0.19716618320479973
5038,2024-02-08,Black-Litterman,0.1797756817464793,0.12722808653665219,1.0200238428414405,0.18727194469856623
5039,2024-02-09,Black-Litterman,0.18757535267847092,0.12712775234132453,1.0821819008417273,0.1965769436022078
5040,2024-02-12,Black-Litterman,0.18986418917892134,0.12710246562030025,1.1004050039182154,0.199320635609469
5041,2024-02-13,Black-Litterman,0.17570814436284632,0.12708466218894393,0.9891684975795816,0.18247711664188837
5042,2024-02-14,Black-Litterman,0.1750494287526838,0.12705389133696926,0.9842235246540443,0.18170356707592106
5043,2024-02-15,Black-Litterman,0.1816464224782839,0.12730462413856686,1.034105582331331,0.18948196073321588
5044,2024-02-16,Black-Litterman,0.1718574806915809,0.12736517350224838,0.9567566811301816,0.17789394523296553
5045,2024-02-20,Black-Litterman,0.1773891822878717,0.12687723351960578,1.0040349931509724,0.18449713926819622
5046,2024-02-21,Black-Litterman,0.1818559848667467,0.12699048631526938,1.0383138823438958,0.18977915427228287
5047,2024-02-22,Black-Litterman,0.21387811591299888,0.12698792324473374,1.2905015825573398,0.22846787979583993
5048,2024-02-23,Black-Litterman,0.21875865901927005,0.12698909835779126,1.328922413038899,0.23447278631539392
5049,2024-02-26,Black-Litterman,0.21834587869347333,0.12698003149844683,1.3257665532673337,0.2339651754780212
5050,2024-02-27,Black-Litterman,0.22368923002778318,0.12689731196653162,1.3687384495078403,0.24058351656508958
5051,2024-02-28,Black-Litterman,0.22433174616877471,0.126896009426384,1.3738158272810743,0.24138036332705282
5052,2024-02-29,Black-Litterman,0.2262721370712928,0.12685612063035706,1.3895438091231551,0.24379558477627672
5053,2024-03-01,Black-Litterman,0.2403311545347253,0.12724942010292498,1.4957329815788318,0.26132707103636066
5054,2024-03-04,Black-Litterman,0.23269354885723215,0.12726047987079886,1.4355874584373067,0.2517374134269912
5055,2024-03-05,Black-Litterman,0.22319333702341104,0.12713342315159068,1.3622958678372068,0.23993239832845914
5056,2024-03-06,Black-Litterman,0.22691112569167282,0.12727925849484054,1.3899446601414966,0.2445238199241131
5057,2024-03-07,Black-Litterman,0.24086785968001334,0.12642998038012945,1.5096724614378836,0.2621352680648934
5058,2024-03-08,Black-Litterman,0.23773544348101072,0.12643471197092296,1.4848409946485701,0.258190908095814
5059,2024-03-11,Black-Litterman,0.24966541619893287,0.12552521656633858,1.590639886236819,0.2734229310779863
5060,2024-03-12,Black-Litterman,0.26781289781635853,0.12491100663762575,1.7437446361171893,0.296819383734628
5061,2024-03-13,Black-Litterman,0.269531770050365,0.1248792839346623,1.7579518646601588,0.29905311713797045
5062,2024-03-14,Black-Litterman,0.2546982476683466,0.12454489278958797,1.6435699857574528,0.2799980884036799
5063,2024-03-15,Black-Litterman,0.27113372128435254,0.12258906407129513,1.8038617307311033,0.30150475137230237
5064,2024-03-18,Black-Litterman,0.26316660797943503,0.12209039662678976,1.7459735889879222,0.29126525633506595
5065,2024-03-19,Black-Litterman,0.2837609883241007,0.12135033013172851,1.9263317048280617,0.3182238579799961
5066,2024-03-20,Black-Litterman,0.2745856863902537,0.12046878780184062,1.8642645160477187,0.30633404675401343
5067,2024-03-21,Black-Litterman,0.27552874989000464,0.12055166845903313,1.870805711549697,0.30755239507980603
5068,2024-03-22,Black-Litterman,0.2812875110325658,0.12000832590443172,1.9272622069301335,0.31518205805974775
5069,2024-03-25,Black-Litterman,0.28008682803253004,0.11999123153966723,1.9175303485110655,0.3136083170010613
5070,2024-03-26,Black-Litterman,0.27781924254090484,0.11996606694155248,1.8990306871683846,0.31064018496578516
5071,2024-03-27,Black-Litterman,0.28241350009649235,0.12023389501551487,1.9330114862077947,0.3166269518819227
5072,2024-03-28,Black-Litterman,0.2790633146608724,0.120187993393453,1.9058751893044767,0.3122354601470947
5073,2024-04-01,Black-Litterman,0.2662251683874274,0.11940509604847387,1.8108537704257472,0.2956341149436117
5074,2024-04-02,Black-Litterman,0.26417799635266703,0.11943691369313432,1.7932311689076976,0.2929823316826574
5075,2024-04-03,Black-Litterman,0.2651491333306787,0.1194695168060584,1.8008705407249819,0.29423229596744216
5076,2024-04-04,Black-Litterman,0.24391843195017593,0.11939693887901383,1.6241491094396945,0.2670815167068423
5077,2024-04-05,Black-Litterman,0.27239048343141714,0.1184084201685564,1.8781644338708388,0.3037939101216529
5078,2024-04-08,Black-Litterman,0.27784529150425097,0.11816992199890405,1.9281157814961076,0.3109544546290046
5079,2024-04-09,Black-Litterman,0.2748194553014286,0.11826621899244594,1.900960876374923,0.306983202388309
5080,2024-04-10,Black-Litterman,0.2570251477288459,0.11767897756880526,1.7592364584218212,0.2840436015077168
5081,2024-04-11,Black-Litterman,0.2600366653716537,0.1177198843118521,1.7842072016928334,0.2879062240093402
5082,2024-04-12,Black-Litterman,0.2403828713130104,0.11884990147747505,1.6018765598143352,0.2626959773622397
5083,2024-04-15,Black-Litterman,0.22998938501174548,0.11900878182559121,1.5124042297611455,0.2496286048591938
5084,2024-04-16,Black-Litterman,0.23147866094380898,0.11900793645299891,1.5249290623191532,0.2514894537178445
5085,2024-04-17,Black-Litterman,0.21922280099560043,0.11898729858820034,1.4221921415432641,0.23626134806185473
5086,2024-04-18,Black-Litterman,0.20653556274391716,0.11909576766456836,1.3143671333879596,0.22067285965098327
5087,2024-04-19,Black-Litterman,0.21215677628997787,0.11883460041879508,1.3645586026166407,0.22758627056820524
5088,2024-04-22,Black-Litterman,0.22210008592071362,0.11890477838050598,1.447377374271519,0.23983264051664643
5089,2024-04-23,Black-Litterman,0.23777305501043344,0.11935891356521768,1.573179994704244,0.25933247183266106
5090,2024-04-24,Black-Litterman,0.23973711352443416,0.11933097526631721,1.5900072307377686,0.26181014974703665
5091,2024-04-25,Black-Litterman,0.25355166703845045,0.11854646613459889,1.7170622935932631,0.2794649341144131
5092,2024-04-26,Black-Litterman,0.2683408210380849,0.11757484652172509,1.8570368365119712,0.29865745823839607
5093,2024-04-29,Black-Litterman,0.24906344084070464,0.11619591581954239,1.7131707206461486,0.2740893673608287
5094,2024-04-30,Black-Litterman,0.22995366000472894,0.11656721990629146,1.5437758586796009,0.24994109434608403
5095,2024-05-01,Black-Litterman,0.21836197880910813,0.1168984495962683,1.4402413324606034,0.23550073826335227
5096,2024-05-02,Black-Litterman,0.22678590779073238,0.11674280174175401,1.514319556779178,0.24596584337549343
5097,2024-05-03,Black-Litterman,0.24001057885870203,0.11630170739950849,1.6337729093348208,0.2626023300636935
5098,2024-05-06,Black-Litterman,0.2572034036612043,0.11650641098026521,1.7784721194123996,0.28444610499644796
5099,2024-05-07,Black-Litterman,0.24650568314574728,0.11568218744492718,1.6986684595612245,0.2709119563501954
5100,2024-05-08,Black-Litterman,0.25278198302381727,0.11567024679295974,1.7531040924186874,0.27890750397218356
5101,2024-05-09,Black-Litterman,0.25454750049676333,0.1157022093213143,1.7678789514616662,0.28116045872620155
5102,2024-05-10,Black-Litterman,0.26460881780388523,0.11550582905164831,1.857991233567296,0.2941316651334476
5103,2024-05-13,Black-Litterman,0.26461422612506125,0.11550567895768012,1.8580404709251856,0.2941386792619607
5104,2024-05-14,Black-Litterman,0.2629167845059972,0.11551008739447892,1.8432743780970777,0.291945456136504
5105,2024-05-15,Black-Litterman,0.26127527179634047,0.11534690447129832,1.8316509902431923,0.2898525263748535
5106,2024-05-16,Black-Litterman,0.2710500654150175,0.11469097190612637,1.9273536682202435,0.30260749121037755
5107,2024-05-17,Black-Litterman,0.25726702278957625,0.11385762856338946,1.8204052324362416,0.2849158146492239
5108,2024-05-20,Black-Litterman,0.24754581535564,0.11366559016663898,1.737956184154138,0.2725252526117865
5109,2024-05-21,Black-Litterman,0.24883867843552968,0.11365261820315008,1.7495301171162858,0.2741717664869556
5110,2024-05-22,Black-Litterman,0.2519211970173948,0.11356450956510167,1.7780308107758087,0.27811433587555423
5111,2024-05-23,Black-Litterman,0.2614679945605123,0.1126794657693624,1.8767216645609137,0.2904920002579434
5112,2024-05-24,Black-Litterman,0.27543461903672495,0.11244446319945114,2.0048529969577493,0.30865759044253904
5113,2024-05-28,Black-Litterman,0.2671027722088528,0.11246777234870346,1.9303554047085703,0.2978075360710728
5114,2024-05-29,Black-Litterman,0.24775891456805524,0.11180079744047287,1.768850662029936,0.27306283168575796
5115,2024-05-30,Black-Litterman,0.25414909934621754,0.1114440374066121,1.831853045680353,0.28126690450666736
5116,2024-05-31,Black-Litterman,0.2746135240979568,0.11063052790917365,2.0303032837587276,0.30784825774431557
5117,2024-06-03,Black-Litterman,0.25248107216710536,0.10956896152727585,1.8479783813292798,0.2793966291490868
5118,2024-06-04,Black-Litterman,0.23804377047670267,0.10824931390746513,1.737135910509773,0.261254106074166
5119,2024-06-05,Black-Litterman,0.2562326459259837,0.10834148449276525,1.903542737036757,0.2843698195393385
5120,2024-06-06,Black-Litterman,0.24436556610104188,0.10787104604534827,1.801832588323394,0.2692968478021296
5121,2024-06-07,Black-Litterman,0.24003876442938876,0.10768354580801143,1.7647892535801908,0.26384723087978235
5122,2024-06-10,Black-Litterman,0.24517581793707588,0.10762264424816446,1.8135200013021857,0.2703584144042359
5123,2024-06-11,Black-Litterman,0.23786701204366356,0.1078363614163517,1.7421490263225488,0.26108728808373516
5124,2024-06-12,Black-Litterman,0.22610716240329332,0.1079275069235993,1.6317171351688653,0.24634506804912926
5125,2024-06-13,Black-Litterman,0.22307167947832518,0.1078724168494557,1.6044108821614713,0.2425782301903865
5126,2024-06-14,Black-Litterman,0.22748352464264465,0.10774342435702255,1.647279411266239,0.2480848055676781
5127,2024-06-17,Black-Litterman,0.22610708536452406,0.10761444573991422,1.6364632476028813,0.24638665596747633
5128,2024-06-18,Black-Litterman,0.239073446926106,0.1079514865233701,1.751466821025888,0.26259264118434067
5129,2024-06-20,Black-Litterman,0.2409145095864521,0.10788727089383034,1.7695740007579503,0.26492582679998256
5130,2024-06-21,Black-Litterman,0.23134718349802819,0.10793908130037075,1.6800882619463735,0.25288573839730155
5131,2024-06-24,Black-Litterman,0.23825297923023459,0.10773630804414512,1.747349455794398,0.2615872926966094
5132,2024-06-25,Black-Litterman,0.23988968628642915,0.1076824572426228,1.7634226702180709,0.2636591847937957
5133,2024-06-26,Black-Litterman,0.2363010290542582,0.10775362368266664,1.728953725054416,0.2591271163834017
5134,2024-06-27,Black-Litterman,0.21721670497527068,0.10832969775598046,1.5435906167848539,0.2352691516928611
5135,2024-06-28,Black-Litterman,0.2141719887655893,0.1084594652366186,1.5136713831976443,0.2314997274391295
5136,2024-07-01,Black-Litterman,0.21217504264666198,0.10834808954140303,1.4967965132849905,0.2290596832323315
5137,2024-07-02,Black-Litterman,0.21520791922081828,0.10854893272619955,1.5219672370020774,0.23276325292834765
5138,2024-07-03,Black-Litterman,0.21576579854507072,0.10855823499655794,1.5269758075039326,0.2334493537949327
5139,2024-07-05,Black-Litterman,0.2189183028050018,0.10835431724758784,1.5589439082434182,0.2373679869831118
5140,2024-07-08,Black-Litterman,0.22444639808726685,0.10805697261248225,1.614392795482738,0.2442612249309959
5141,2024-07-09,Black-Litterman,0.22632063582528394,0.10803051934166422,1.6321372599130164,0.24659691376580928
5142,2024-07-10,Black-Litterman,0.22072190231554545,0.1077725367238598,1.5840946822378106,0.23967732535929365
5143,2024-07-11,Black-Litterman,0.20583699710630854,0.10764415286858466,1.4477051744423055,0.22139331672632
5144,2024-07-12,Black-Litterman,0.2117583581021657,0.10766729038534296,1.502390907426294,0.22863803859763232
5145,2024-07-15,Black-Litterman,0.21240547827034584,0.10769811675768906,1.5079695277842542,0.22942866597137357
5146,2024-07-16,Black-Litterman,0.2199096395420378,0.10761879831447078,1.5788100425127232,0.2386918064653747
5147,2024-07-17,Black-Litterman,0.21146897366966144,0.10755300608150124,1.5012967052478654,0.22829786670855556
5148,2024-07-18,Black-Litterman,0.20373242532622915,0.1080780284798405,1.4224207037131924,0.21877035200742267
5149,2024-07-19,Black-Litterman,0.19875413731022473,0.10840186830574625,1.3722469883144945,0.2126802742726579
5150,2024-07-22,Black-Litterman,0.198127510756393,0.10838023868971253,1.36673910804418,0.2119240272609373
5151,2024-07-23,Black-Litterman,0.1996549152856184,0.10834148074684084,1.381326102006246,0.2137801615740571
5152,2024-07-24,Black-Litterman,0.1793026462831563,0.10947971689960354,1.1810648579017704,0.18919648712489856
5153,2024-07-25,Black-Litterman,0.19937891540105923,0.10835993844770928,1.378543745418832,0.21344300433540542
5154,2024-07-26,Black-Litterman,0.21435771405903836,0.10891008955835112,1.5091137536066381,0.23166802662001462
5155,2024-07-29,Black-Litterman,0.21652513811199414,0.10890720364877587,1.529055310694004,0.2343385702301206
5156,2024-07-30,Black-Litterman,0.20561591643928334,0.10893396737923955,1.4285343697941948,0.2209535557333595
5157,2024-07-31,Black-Litterman,0.21865791795815992,0.1103468349832436,1.5284345761595337,0.2367798820819187
5158,2024-08-01,Black-Litterman,0.20693833456254662,0.11085744918177504,1.4156769411608228,0.22231288938088745
5159,2024-08-02,Black-Litterman,0.20649407894922112,0.11092202137223103,1.4108477019550503,0.22176159433960319
5160,2024-08-05,Black-Litterman,0.17860395375623483,0.11339954127979698,1.1340782537993093,0.18784879276505273
5161,2024-08-06,Black-Litterman,0.1882487643515257,0.11350753641296743,1.2179699138966757,0.19933787428538818
5162,2024-08-07,Black-Litterman,0.173700759743197,0.1128471098875228,1.0961801313874342,0.18211567759244374
5163,2024-08-08,Black-Litterman,0.1966752827061301,0.11431235736452625,1.2831095962652839,0.20937063174739645
5164,2024-08-09,Black-Litterman,0.20162049673296878,0.11437941127555618,1.325592561127051,0.21535205399766988
5165,2024-08-12,Black-Litterman,0.21174366826187785,0.11400635340315574,1.4187250397345026,0.22775990599879758
5166,2024-08-13,Black-Litterman,0.21658729266125398,0.1141753922623535,1.4590472549327254,0.23369251155580018
5167,2024-08-14,Black-Litterman,0.21921566073318655,0.11427615670075134,1.480760865770996,0.23692247320912663
5168,2024-08-15,Black-Litterman,0.2471957250137166,0.11399777748547027,1.7298207856626888,0.27203001892823875
5169,2024-08-16,Black-Litterman,0.25493969975893127,0.11387687496893169,1.799660377182318,0.28192658124923686
5170,2024-08-19,Black-Litterman,0.2653976853119988,0.11359088459516196,1.8962585429251335,0.29543146186696667
5171,2024-08-20,Black-Litterman,0.2589027756752146,0.11364296262022608,1.8382376775351177,0.28704609693217686
5172,2024-08-21,Black-Litterman,0.25812258888460604,0.11364415740423867,1.831353178538711,0.2860432067531329
5173,2024-08-22,Black-Litterman,0.2574238804210428,0.11366093643716559,1.824935522466961,0.28514342619713373
5174,2024-08-23,Black-Litterman,0.2494366818774215,0.11323782132951875,1.7612197014729432,0.2749902661204098
5175,2024-08-26,Black-Litterman,0.26195577246468205,0.11256280430869074,1.8830001061755477,0.29113454743517275
5176,2024-08-27,Black-Litterman,0.26200863336959046,0.11256515874033798,1.8834303237527146,0.29120239044945984
5177,2024-08-28,Black-Litterman,0.24713864428644838,0.11228440220713136,1.7557081875253355,0.272202849666042
5178,2024-08-29,Black-Litterman,0.2483690246084046,0.11235487461803474,1.7655577942905134,0.2737576083534188
5179,2024-08-30,Black-Litterman,0.24869603651121375,0.11237136163380072,1.7682088534152551,0.27417146654160507
5180,2024-09-03,Black-Litterman,0.23507877596243487,0.11339257272056728,1.6321948741609693,0.2568092242509712
5181,2024-09-04,Black-Litterman,0.22831182504833447,0.11317926522815025,1.575481380700679,0.2483707817493308
5182,2024-09-05,Black-Litterman,0.23348159769791998,0.11268825598984532,1.6282228887671675,0.2549052902314264
5183,2024-09-06,Black-Litterman,0.22922433387322716,0.11308451642705285,1.5848706749242631,0.24952289578588172
5184,2024-09-09,Black-Litterman,0.24631847452216685,0.1140498096987099,1.7213397816339149,0.2709084191951181
5185,2024-09-10,Black-Litterman,0.2441728271448439,0.11414257340556255,1.7011428895590435,0.2681736568361075
5186,2024-09-11,Black-Litterman,0.2604043414470182,0.11343944925334865,1.8547722404497413,0.28900856087278726
5187,2024-09-12,Black-Litterman,0.27189327140530795,0.11332505490966485,1.9580248302741738,0.30390447657896535
5188,2024-09-13,Black-Litterman,0.28105639388046955,0.11326234703020394,2.04001064730588,0.3159033886218643
5189,2024-09-16,Black-Litterman,0.28343169278595504,0.11336702072152367,2.0590793627660013,0.3190137926847063
5190,2024-09-17,Black-Litterman,0.28966545880453853,0.11313231097702056,2.118452780949727,0.32728773680427214
5191,2024-09-18,Black-Litterman,0.2754405322913478,0.11352527393858344,1.9858179986714668,0.30850325690102576
5192,2024-09-19,Black-Litterman,0.2848347159140805,0.1135134188814642,2.068783745816919,0.32084157553238235
5193,2024-09-20,Black-Litterman,0.2898979181204978,0.11340014710381933,2.1154991792106594,0.3275555783246711
5194,2024-09-23,Black-Litterman,0.3191971984469377,0.11209737457099768,2.4014585486695745,0.36718250476606995
5195,2024-09-24,Black-Litterman,0.3085380557590969,0.1128148733616276,2.291701865678245,0.3525954400766722
5196,2024-09-25,Black-Litterman,0.30712552497955814,0.1128195599573802,2.279086402009477,0.35068782371432894
5197,2024-09-26,Black-Litterman,0.33007726141208027,0.11235218137210412,2.4928511221734104,0.3820807127496735
5198,2024-09-27,Black-Litterman,0.3298631977128764,0.11234932037770973,2.491009262646165,0.3817857184818867
5199,2024-09-30,Black-Litterman,0.33093608887820103,0.11233076735562758,2.5009718663167897,0.3832699462804452
5200,2024-10-01,Black-Litterman,0.33344479454240605,0.11229347755023954,2.5241429932169863,0.3867457209765912
5201,2024-10-02,Black-Litterman,0.3389515253678682,0.11209416835585272,2.5777569842042665,0.39442410992054344
5202,2024-10-03,Black-Litterman,0.3498230491375208,0.1113853847737475,2.6917629251498205,0.40975727690266495
5203,2024-10-04,Black-Litterman,0.35444714211773454,0.11160799404676741,2.7278255891792234,0.4162473641805964
5204,2024-10-07,Black-Litterman,0.35266359750692045,0.11169907415520926,2.7096338962161868,0.41371284599123803
5205,2024-10-08,Black-Litterman,0.344683016596285,0.11127245794407771,2.6483014938376224,0.40255677073668705
5206,2024-10-09,Black-Litterman,0.335729196461361,0.11051434631692557,2.585448912143643,0.39018630002663257
5207,2024-10-10,Black-Litterman,0.33221460167795247,0.11049929695048817,2.553994545362632,0.3853176611213327
5208,2024-10-11,Black-Litterman,0.33443598468728963,0.11065361921351705,2.5705077403608683,0.3883709727358584
5209,2024-10-14,Black-Litterman,0.34899351645071597,0.11067662346466338,2.701505585289002,0.4086990848985568
5210,2024-10-15,Black-Litterman,0.34923620767139385,0.11065837239995147,2.704144306314821,0.40904338264617235
5211,2024-10-16,Black-Litterman,0.3552886510353307,0.11108793735060643,2.7481710284331258,0.41751890906352784
5212,2024-10-17,Black-Litterman,0.3563254250870317,0.1111055017762074,2.757068013643853,0.41898449882138844
5213,2024-10-18,Black-Litterman,0.37468886885318653,0.10950347407004746,2.965101076569395,0.445501104511524
5214,2024-10-21,Black-Litterman,0.37814547661165476,0.10922613231956839,3.004276262859725,0.4505428831691942
5215,2024-10-22,Black-Litterman,0.3746023090224795,0.1096397126334887,2.9606271416232435,0.4453542936671093
5216,2024-10-23,Black-Litterman,0.376994689975504,0.10957620181074423,2.9841761675612424,0.4488211565323914
5217,2024-10-24,Black-Litterman,0.3591999867759911,0.10785837375033434,2.866722128517468,0.4235654245249756
5218,2024-10-25,Black-Litterman,0.3547451180982799,0.10817778583676188,2.817076682990482,0.41719771012840634
5219,2024-10-28,Black-Litterman,0.3604153204260889,0.107974440391302,2.87489631158204,0.4252761344135585
5220,2024-10-29,Black-Litterman,0.3595731513146536,0.10803098067097544,2.8655960483919434,0.424069327286714
5221,2024-10-30,Black-Litterman,0.3527778676761548,0.10780850563526666,2.808478476647293,0.4144723179442451
5222,2024-10-31,Black-Litterman,0.3325783173500064,0.1079816117072702,2.6169114618890332,0.3861985798964085
5223,2024-11-01,Black-Litterman,0.3270990778681423,0.10776494377942267,2.5713285614969474,0.378665767577435
5224,2024-11-04,Black-Litterman,0.30348809704126356,0.10528472938288452,2.4076435255811326,0.3468833200602268
5225,2024-11-05,Black-Litterman,0.30971289931581547,0.10557252715969352,2.4600424589908947,0.3552426644692561
5226,2024-11-06,Black-Litterman,0.34293906780365957,0.11127490242112084,2.6325708801345797,0.40012783380643335
5227,2024-11-07,Black-Litterman,0.33396620711190284,0.11150173270752381,2.546742550241478,0.3876025684611262
5228,2024-11-08,Black-Litterman,0.3407705319977846,0.11178490949040477,2.6011608661967327,0.3970201163845952
5229,2024-11-11,Black-Litterman,0.3466493414723584,0.1117634712537615,2.6542602707713803,0.4052492372002088
5230,2024-11-12,Black-Litterman,0.32788622815033797,0.11128891453244097,2.4969803085763185,0.37923435354230084
5231,2024-11-13,Black-Litterman,0.3256407495280482,0.11135416674314447,2.475351911741714,0.3761348243630436
5232,2024-11-14,Black-Litterman,0.30504908159367106,0.11147155966096536,2.2880193151453954,0.3481038586674401
5233,2024-11-15,Black-Litterman,0.2987718962341763,0.11173097624935752,2.226525754854011,0.33963938395445714
5234,2024-11-18,Black-Litterman,0.3023983754051336,0.11180144146707852,2.257559223683675,0.3444900753956215
5235,2024-11-19,Black-Litterman,0.29301220685172946,0.11186881802432168,2.172296187118877,0.33193418427051435
5236,2024-11-20,Black-Litterman,0.2915032489781687,0.11188665628398815,2.1584633681892385,0.32992555066754714
5237,2024-11-21,Black-Litterman,0.306687173633854,0.11256647927565058,2.280316265424661,0.3501473575603973
5238,2024-11-22,Black-Litterman,0.30687508495552407,0.11257403267315146,2.2818324870828577,0.35039964505128696
5239,2024-11-25,Black-Litterman,0.30826007184696136,0.11259756913922665,2.2936558384100048,0.3522653901875452
5240,2024-11-26,Black-Litterman,0.3161878545885458,0.1124422570851573,2.3673293429795743,0.36303886753570547
5241,2024-11-27,Black-Litterman,0.317640047172151,0.1123932441392047,2.381282337937192,0.36502471180917206
5242,2024-11-29,Black-Litterman,0.31700414430659496,0.11238297678844533,2.3758415370080055,0.3641596166798269
5243,2024-12-02,Black-Litterman,0.30235648832098627,0.1121959797965036,2.249247154654739,0.34437533403564347
5244,2024-12-03,Black-Litterman,0.29213682531877694,0.11211189752649486,2.1597781382796946,0.33073459994780685
5245,2024-12-04,Black-Litterman,0.29338986689468005,0.11207726128365475,2.1716257526911558,0.33240633023596367
5246,2024-12-05,Black-Litterman,0.29694583632651794,0.11191407257293515,2.2065664366345143,0.3371716121139152
5247,2024-12-06,Black-Litterman,0.29972887572975904,0.11191644205011786,2.231386837851106,0.34089343297832064
5248,2024-12-09,Black-Litterman,0.28418524642051135,0.1133467155182331,2.0660964488454017,0.3200220193868204
5249,2024-12-10,Black-Litterman,0.28146421275942657,0.1132919347238478,2.0430775882116143,0.31644719393454657
5250,2024-12-11,Black-Litterman,0.2760726905182115,0.11308112818290589,1.999207950530389,0.3094073366631067
5251,2024-12-12,Black-Litterman,0.26232796563208594,0.1133532830604299,1.8731523243035806,0.29151203471906495
5252,2024-12-13,Black-Litterman,0.25379663608715564,0.11305162383028589,1.8026865000461822,0.28059499256420195
5253,2024-12-16,Black-Litterman,0.25016746038704885,0.11299864973555518,1.7714146218161924,0.27596811388310094
5254,2024-12-17,Black-Litterman,0.250676240219581,0.1129659494547527,1.7764312271810696,0.2766215437281667
5255,2024-12-18,Black-Litterman,0.2236601775605097,0.1153613326843877,1.5053586285763483,0.24228221618552936
5256,2024-12-19,Black-Litterman,0.2087362974574528,0.11523110974086119,1.3775472423586719,0.22391377466713536
5257,2024-12-20,Black-Litterman,0.237792525242972,0.11426117971153148,1.6435374264214744,0.2601079446270227
5258,2024-12-23,Black-Litterman,0.22126605929145726,0.11284854072767371,1.5176630392125037,0.2396679424284014
5259,2024-12-24,Black-Litterman,0.22404064984812933,0.11298606973003333,1.5403726341130248,0.24309015917292398
5260,2024-12-26,Black-Litterman,0.22046175733397533,0.1128867892974705,1.5100239664429447,0.23866689214623804
5261,2024-12-27,Black-Litterman,0.21384296569374817,0.11310163760200355,1.4486347781302662,0.2304726573331195
5262,2024-12-30,Black-Litterman,0.19997553883967145,0.11389033327287391,1.3168416891040235,0.2134317542711539
5263,2024-12-31,Black-Litterman,0.20282023259092952,0.11387313647775209,1.342021808811657,0.216888119888357
5264,2025-01-02,Black-Litterman,0.2072442128219253,0.11369508760489395,1.3830343608896325,0.22230388460301032
5265,2025-01-03,Black-Litterman,0.21145371425617288,0.11366823282253065,1.4203943375124812,0.22745946696868358
5266,2025-01-06,Black-Litterman,0.20127326192267603,0.11395561570572857,1.3274752717173157,0.21499713599490633
5267,2025-01-07,Black-Litterman,0.2003906498891237,0.1139492909926329,1.319803296528162,0.21392696046357518
5268,2025-01-08,Black-Litterman,0.1963066885799265,0.11384083938272929,1.2851863125152132,0.20899812210646473
5269,2025-01-10,Black-Litterman,0.18269781107339567,0.11498755921399034,1.1540188519563823,0.19251128016580932
5270,2025-01-13,Black-Litterman,0.1872819185324197,0.11517282618069018,1.1919644857637117,0.19796112420544287
5271,2025-01-14,Black-Litterman,0.1963366448310444,0.11533995077922242,1.2687420433458847,0.20882623294327196
5272,2025-01-15,Black-Litterman,0.20674903994717586,0.11598939365045041,1.3514083918703819,0.2213781251476976
5273,2025-01-16,Black-Litterman,0.21646139800219089,0.1162170238904479,1.432332307520677,0.233256101150636
5274,2025-01-17,Black-Litterman,0.22478933237750132,0.11627181501329027,1.503282049545045,0.24355259327491874
5275,2025-01-21,Black-Litterman,0.2319063257708286,0.11686722189946952,1.556521348024397,0.25234089345265964
5276,2025-01-22,Black-Litterman,0.21624587465817902,0.11646983816548453,1.427372762568545,0.23295486878829919
5277,2025-01-23,Black-Litterman,0.2217959568887049,0.1166535773862003,1.4727020014135268,0.2397846361300664
5278,2025-01-24,Black-Litterman,0.22043814430048014,0.11668484005108075,1.460670848294157,0.23809935475957178
5279,2025-01-27,Black-Litterman,0.22691328486207762,0.11683215450611652,1.5142516682153258,0.2461138511278398
5280,2025-01-28,Black-Litterman,0.2126315654285552,0.11665827857198735,1.3940850783958614,0.22848343415307704
5281,2025-01-29,Black-Litterman,0.22249531551741797,0.11656076015468439,1.4798746618373497,0.2406644338008257
5282,2025-01-30,Black-Litterman,0.2333525606986241,0.11761752832213283,1.558888061279906,0.25404329094949674
5283,2025-01-31,Black-Litterman,0.22165763246332182,0.1178500010097953,1.456577267649359,0.23944187166220665
5284,2025-02-03,Black-Litterman,0.23353873229414168,0.11770520542268598,1.5593085423456323,0.25426365748131285
5285,2025-02-04,Black-Litterman,0.21364512135933167,0.11718359639493618,1.3964848869103597,0.22965392997031264
5286,2025-02-05,Black-Litterman,0.22193850922692226,0.11742517783979392,1.46423886588873,0.23985069307860907
5287,2025-02-06,Black-Litterman,0.22608674519764416,0.11736603276647672,1.5003211836256243,0.24500859847324175
5288,2025-02-07,Black-Litterman,0.2225661033357489,0.11746530634768808,1.4690814564852603,0.24062253044455462
5289,2025-02-10,Black-Litterman,0.22730944852819346,0.11772817485310358,1.5060918828431085,0.24647788375963464
5290,2025-02-11,Black-Litterman,0.2414676410243356,0.11802930978102258,1.6222041913111387,0.2641904391054757
5291,2025-02-12,Black-Litterman,0.23142666493208308,0.1182818194768628,1.5338508126988366,0.2515346901825575
5292,2025-02-13,Black-Litterman,0.24070266805188067,0.11861171460756291,1.607789489283052,0.26313819158836327
5293,2025-02-14,Black-Litterman,0.2406484061132117,0.11861501033137939,1.607287354109651,0.2630692241129595
5294,2025-02-18,Black-Litterman,0.24106470822755455,0.11863449903758883,1.610532431776161,0.26359176155476405
5295,2025-02-19,Black-Litterman,0.23527548218606253,0.11839021055743228,1.5649560999486825,0.2563405048467342
5296,2025-02-20,Black-Litterman,0.2377770702642935,0.11829119682585948,1.5874137324075484,0.2594990732935185
5297,2025-02-21,Black-Litterman,0.23881754384655884,0.11821933387182647,1.5971798999584539,0.26081973081427456
5298,2025-02-24,Black-Litterman,0.23587869429791553,0.11812594134057341,1.5735637082628748,0.2571370263629791
5299,2025-02-25,Black-Litterman,0.22393835962818753,0.11711656825407736,1.4851729539311527,0.24237420023555134
5300,2025-02-26,Black-Litterman,0.2141939291153363,0.11731791280409756,1.3995640153393651,0.23030814067764238
5301,2025-02-27,Black-Litterman,0.21414057427763455,0.11731674274891031,1.399123180814353,0.23024272276333257
5302,2025-02-28,Black-Litterman,0.2295466173292815,0.11842088930195072,1.5161735263739815,0.24916578074960571
5303,2025-03-03,Black-Litterman,0.22581650885323346,0.11847826054954766,1.4839558585493153,0.2445106976380116
5304,2025-03-04,Black-Litterman,0.2028161906448105,0.12100156507249324,1.262927389023909,0.21586554142701186
5305,2025-03-05,Black-Litterman,0.19679165515660246,0.12061653282040619,1.2170110657646753,0.20862376411638683
5306,2025-03-06,Black-Litterman,0.18830525880113935,0.12118532333182494,1.1412707001031575,0.19833538222116798
5307,2025-03-07,Black-Litterman,0.19253988410775136,0.12115762218604424,1.176483010609712,0.2034208232307133
5308,2025-03-10,Black-Litterman,0.1776411316015134,0.12121463021701034,1.0530175389967178,0.185628744662528
5309,2025-03-11,Black-Litterman,0.16082593018838165,0.12244256077430957,0.9051258768808331,0.16569650234209576
5310,2025-03-12,Black-Litterman,0.15987750146319923,0.12245747065433564,0.897270708565864,0.164590029570455
5311,2025-03-13,Black-Litterman,0.1579344085302229,0.12252493760824656,0.8809178820015032,0.16232114652617313
5312,2025-03-14,Black-Litterman,0.16302800679513163,0.12284960982988458,0.9200518174347206,0.16820693953421761
5313,2025-03-17,Black-Litterman,0.17484813694776669,0.12331909599046552,1.0123990607052404,0.18202041222853405
5314,2025-03-18,Black-Litterman,0.1761046494382934,0.12328180837621948,1.0228974663760566,0.18351096646155152
5315,2025-03-19,Black-Litterman,0.18998764609130814,0.12337561343888065,1.134645998422184,0.20003060549045792
5316,2025-03-20,Black-Litterman,0.18293612431826634,0.12335048756952048,1.0777105704048668,0.19160817851651601
5317,2025-03-21,Black-Litterman,0.1656655601979562,0.12367355752707553,0.9352489126273725,0.17117201055251718
5318,2025-03-24,Black-Litterman,0.17076464525906077,0.12408569040183996,0.9732358732741518,0.17709598655308123
5319,2025-03-25,Black-Litterman,0.16005037406135814,0.12355588480531222,0.890693100007055,0.16463518591059034
5320,2025-03-26,Black-Litterman,0.1675505392338189,0.12329847980112646,0.9533819023837223,0.1734345471697638
5321,2025-03-27,Black-Litterman,0.17040569306728248,0.12336756037936535,0.9759915223825868,0.17677747812900946
5322,2025-03-28,Black-Litterman,0.15439488619566566,0.12432162983822626,0.8397161968638095,0.15796077062468417
5323,2025-03-31,Black-Litterman,0.15344124456230746,0.12425002779225157,0.8325249209220557,0.15686783817572625
5324,2025-04-01,Black-Litterman,0.15033046213640122,0.12427713836318925,0.8073122978032699,0.15327295452959722
5325,2025-04-02,Black-Litterman,0.14817479823734492,0.12427245020870657,0.7899964800924699,0.1507916975711694
5326,2025-04-03,Black-Litterman,0.11880963721034321,0.12824950157449325,0.5365294708016888,0.11693690159595871
5327,2025-04-04,Black-Litterman,0.036556644227572654,0.14959271925157325,-0.08986637745263104,0.025570771692664085
5328,2025-04-07,Black-Litterman,0.039591018688127644,0.14943312425846755,-0.06965645243332011,0.02871162903224933
5329,2025-04-08,Black-Litterman,0.024296688878303274,0.1490859444685462,-0.17240599852201058,0.013151647015165358
5330,2025-04-09,Black-Litterman,0.09279319952288179,0.16346833092386676,0.2617828131053235,0.0826415768663804
5331,2025-04-10,Black-Litterman,0.07146239668581267,0.16544185816969487,0.12972772986990108,0.0594514056539166
5332,2025-04-11,Black-Litterman,0.09335450057917538,0.16632363579057471,0.26066349724199694,0.08273733285571461
5333,2025-04-14,Black-Litterman,0.09908730641796093,0.16655217234559377,0.2947263054372257,0.08891896214555439
5334,2025-04-15,Black-Litterman,0.11395389570024594,0.1657799183639628,0.3857758909003554,0.10536414855608389
5335,2025-04-16,Black-Litterman,0.11023643750381362,0.16596842433283976,0.36293914186359355,0.10122989095519541
5336,2025-04-17,Black-Litterman,0.11374019398241408,0.16602988811228647,0.3839079499909463,0.10508219573978539
5337,2025-04-21,Black-Litterman,0.09927174823065921,0.16713654227120153,0.29479937517619076,0.08901247746774721
5338,2025-04-22,Black-Litterman,0.11586293349734622,0.16727164778871248,0.3937483391120791,0.10719892562885547
5339,2025-04-23,Black-Litterman,0.13066052648368454,0.1677191923980753,0.48092603673072637,0.12361340066407878
5340,2025-04-24,Black-Litterman,0.13737187489890246,0.1681001300141781,0.5197609001940287,0.1311044048791412
5341,2025-04-25,Black-Litterman,0.11721065386112595,0.16790718570660698,0.40028455946231295,0.10857453412352824
5342,2025-04-28,Black-Litterman,0.12017980378572868,0.16792941392213503,0.41791251542311353,0.11186527310787353
5343,2025-04-29,Black-Litterman,0.12766666766719426,0.16812670027783874,0.46195320278602836,0.12018002472074274
5344,2025-04-30,Black-Litterman,0.1364859372964884,0.16836826033333666,0.5136712651497553,0.13005223947573752
5345,2025-05-01,Black-Litterman,0.1342537950282332,0.1683940483665984,0.5003371309466378,0.12752908466804946
5346,2025-05-02,Black-Litterman,0.15993457512802145,0.16860825261750925,0.6520118287294628,0.15680272885183677
5347,2025-05-05,Black-Litterman,0.1639836967396625,0.16844309005879612,0.6766896564286239,0.16152562711080587
5348,2025-05-06,Black-Litterman,0.1586239601711773,0.16845505926383522,0.644824564164914,0.1553184376436516
5349,2025-05-07,Black-Litterman,0.1585148220467757,0.16845311850891162,0.6441841089515654,0.1551928090952177
5350,2025-05-08,Black-Litterman,0.15159628775872147,0.16816882051314339,0.6041327247745139,0.14728723990874149
5351,2025-05-09,Black-Litterman,0.14599337595826256,0.16812975204678138,0.570948180138592,0.14088826837028567
5352,2025-05-12,Black-Litterman,0.16057824127399578,0.16904987918202996,0.6541160621293735,0.15746316888145695
5353,2025-05-13,Black-Litterman,0.15327325658537772,0.1690628853588286,0.610857056924024,0.14904139815661055
5354,2025-05-14,Black-Litterman,0.1427243177405353,0.16919116403472617,0.5480446822950151,0.13696627660276972
5355,2025-05-15,Black-Litterman,0.16345529422389138,0.17012572176502627,0.6668908913173824,0.1605872488257465
5356,2025-05-16,Black-Litterman,0.16934284589673831,0.1702015403552278,0.7011854631142452,0.16742095525408707
5357,2025-05-19,Black-Litterman,0.1629851001835001,0.1699083787856912,0.6649766244077371,0.1600842514901779
5358,2025-05-20,Black-Litterman,0.16189747154458078,0.16992722413691316,0.6585023212903375,0.15882030623647192
5359,2025-05-21,Black-Litterman,0.14479502015914647,0.17074587662646476,0.5551818997452365,0.1390221987045006
5360,2025-05-22,Black-Litterman,0.14415091034810368,0.17075540519015703,0.5513787996535461,0.1382873524426056
5361,2025-05-23,Black-Litterman,0.13918070060068932,0.17082996127206665,0.5220436739352685,0.1326326271606948
5362,2025-05-27,Black-Litterman,0.15415885148926423,0.17137552045397614,0.6077813868243608,0.14960924629520367
5363,2025-05-28,Black-Litterman,0.15354931993102527,0.17139540449220922,0.6041545876787618,0.14890524717327835
5364,2025-05-29,Black-Litterman,0.1533052367981157,0.17138763887423786,0.6027578037522286,0.14862653623754185
5365,2025-05-30,Black-Litterman,0.1614388704757962,0.17138952117981843,0.6502081907264142,0.15800094312363933
5366,2025-06-02,Black-Litterman,0.16720701389943537,0.1713027506603373,0.6842097598995122,0.16471267049687377
5367,2025-06-03,Black-Litterman,0.17398085714152023,0.17133029365414787,0.723636518080051,0.17261819017523194
5368,2025-06-04,Black-Litterman,0.1688295176257244,0.17122071131225142,0.6940136897867317,0.1666189397822886
5369,2025-06-05,Black-Litterman,0.17511455832489098,0.17113591194945588,0.7310830140773897,0.17398625948219704
5370,2025-06-06,Black-Litterman,0.18002258676014238,0.17129188293401057,0.7590703338244755,0.17972714839470205
5371,2025-06-09,Black-Litterman,0.16737005485592815,0.17102423884039886,0.6862773116356845,0.16495749252927672
5372,2025-06-10,Black-Litterman,0.17038835508264316,0.1710272028105049,0.7039134892244675,0.1684760474549143
5373,2025-06-11,Black-Litterman,0.1672929294921076,0.1710048153041855,0.6859042494415464,0.16487155112445429
5374,2025-06-12,Black-Litterman,0.16265334775120033,0.17102427381007307,0.6586980037483148,0.1594792213002154
5375,2025-06-13,Black-Litterman,0.1564183859380005,0.17137471290589304,0.6209690107340282,0.1522074922147929
5376,2025-06-16,Black-Litterman,0.16952451960539539,0.1713834799704966,0.6974098065109388,0.16739645466235342
5377,2025-06-17,Black-Litterman,0.16394381164342087,0.1714530365716464,0.6645773905311166,0.16089017003240436
5378,2025-06-18,Black-Litterman,0.1476434981720517,0.17229171773897733,0.5667335577905259,0.141966545595263
5379,2025-06-20,Black-Litterman,0.13747752981135208,0.17201822738280578,0.508536398393883,0.13047527016323102
5380,2025-06-23,Black-Litterman,0.13691197627030227,0.17198729728829457,0.505339508444136,0.12984237926599418
5381,2025-06-24,Black-Litterman,0.14641421325938586,0.17211552876601163,0.5601714961493072,0.1405985918949335
5382,2025-06-25,Black-Litterman,0.14600712679928607,0.17212790588586233,0.5577661931409785,0.14013220415836636
5383,2025-06-26,Black-Litterman,0.14774815881838077,0.1721433252882128,0.5678300837672612,0.14211477069589074
5384,2025-06-27,Black-Litterman,0.15584936954868533,0.1722229437745743,0.6146066675485089,0.15138362164199703
5385,2025-06-30,Black-Litterman,0.16779286314078223,0.17238665400582834,0.6833061632300125,0.16517622760310924
5386,2025-07-01,Black-Litterman,0.18443594925859996,0.17197245810064576,0.781729532411069,0.18480171668325274
5387,2025-07-02,Black-Litterman,0.18843315005480787,0.17187887562537763,0.8054110753931908,0.18956268752007532
5388,2025-07-03,Black-Litterman,0.1905498948867651,0.17195521978517514,0.8173633522864562,0.19206599511129485
5389,2025-07-07,Black-Litterman,0.17607280421767324,0.17182401602260122,0.7337321472051381,0.17497105046324046
5390,2025-07-08,Black-Litterman,0.17120595872176336,0.17182929236421968,0.7053858923241558,0.16926939322671974
5391,2025-07-09,Black-Litterman,0.1790834622225722,0.17176920972788007,0.7514936025325413,0.1785224076901213
5392,2025-07-10,Black-Litterman,0.18173139477094113,0.1717452920570677,0.7670160456402455,0.18164978978379676
5393,2025-07-11,Black-Litterman,0.17426496297847072,0.17192532714458797,0.7227845079158394,0.17282983937526653
5394,2025-07-14,Black-Litterman,0.1752147889594795,0.171940975538945,0.7282428668733364,0.1739404475352948
5395,2025-07-15,Black-Litterman,0.17374072778350846,0.17200207766253242,0.7194141458354207,0.1722001184467541
5396,2025-07-16,Black-Litterman,0.17460736514223962,0.17202205993495046,0.7243685210452628,0.17321173374690657
5397,2025-07-17,Black-Litterman,0.16619056335595273,0.17195377390616287,0.6757081319969124,0.16339861455267046
5398,2025-07-18,Black-Litterman,0.16032606071372602,0.17195732395891272,0.6415897745657358,0.156599496907468
5399,2025-07-21,Black-Litterman,0.16582753591797927,0.17194365455967706,0.6736365829526941,0.16297863418019887
5400,2025-07-22,Black-Litterman,0.17216752055607298,0.1716534480155997,0.7117102625574437,0.1704288772921747
5401,2025-07-23,Black-Litterman,0.1957302949232278,0.17197670279099506,0.8473839337432538,0.1982495711215322
5402,2025-07-24,Black-Litterman,0.1962850472850164,0.17198868602723266,0.8505504092394406,0.19891152224464848
5403,2025-07-25,Black-Litterman,0.20112370159825876,0.17200125549190928,0.8786197587108161,0.20471952776330404
5404,2025-07-28,Black-Litterman,0.21215376660475682,0.17130476046010387,0.9465806213979776,0.21821674899132604
5405,2025-07-29,Black-Litterman,0.20697443839879714,0.17126477242678864,0.9165599917280114,0.21193696113339722
5406,2025-07-30,Black-Litterman,0.193829450989905,0.17088547641428825,0.8416715920386959,0.19619939303308098
5407,2025-07-31,Black-Litterman,0.189338194838372,0.17091744594993272,0.8152368183595997,0.19083657712932722
5408,2025-08-01,Black-Litterman,0.18492145046910413,0.17112057676120854,0.7884583667420737,0.18555114664646943
5409,2025-08-04,Black-Litterman,0.17684863038993992,0.1704353111888182,0.7442626149777707,0.1761606399550697
5410,2025-08-05,Black-Litterman,0.18238936666001038,0.17018192712257083,0.7779284727728994,0.1827420328463194
5411,2025-08-06,Black-Litterman,0.19722596984443208,0.16941076331258728,0.8690473200500192,0.2005653775176619
5412,2025-08-07,Black-Litterman,0.21787087347296696,0.16773782958572453,1.000793165665557,0.2259371447941232
5413,2025-08-08,Black-Litterman,0.2196441575909288,0.16781035094197502,1.0109278518199862,0.2280963632681987
5414,2025-08-11,Black-Litterman,0.2208143037967777,0.1677982583590077,1.017974235652179,0.22953548559831383
5415,2025-08-12,Black-Litterman,0.20908315580426062,0.16690314099869857,0.9531465666395162,0.2153866364500303
5416,2025-08-13,Black-Litterman,0.2107526457016563,0.16695142804310958,0.9628707438198574,0.21740600469394367
5417,2025-08-14,Black-Litterman,0.20986021016020373,0.1669492305325959,0.9575378673517871,0.21632138156951441
5418,2025-08-15,Black-Litterman,0.19781905810193923,0.166919676781235,0.8855699996092788,0.20178070985760033
5419,2025-08-18,Black-Litterman,0.19268880399858945,0.1668208839391978,0.855341373509303,0.19565533307045224
5420,2025-08-19,Black-Litterman,0.17979972639010078,0.16630806773784823,0.7804776289909422,0.18045398001448265
5421,2025-08-20,Black-Litterman,0.18246143240745116,0.16636764822880992,0.7961970600514433,0.18358630222657868
5422,2025-08-21,Black-Litterman,0.17804247270376827,0.16636128130873956,0.7696651029402822,0.17837257575428778
5423,2025-08-22,Black-Litterman,0.18900761324966098,0.1664697532945949,0.8350322535990351,0.19133396586723705
5424,2025-08-25,Black-Litterman,0.18429076278710643,0.166544743554855,0.8063344415482856,0.18571721892002202
5425,2025-08-26,Black-Litterman,0.19175956626715196,0.16658721241697536,0.8509630733979829,0.19459125438497082
5426,2025-08-27,Black-Litterman,0.18949578054366645,0.1665720708902168,0.8374499986591654,0.19189503931501184
5427,2025-08-28,Black-Litterman,0.18908764951261137,0.16657144194956844,0.8350029746078675,0.1914091782908549
5428,2025-08-29,Black-Litterman,0.18337609512871744,0.16648656246689233,0.801122283699267,0.1846453670591075
5429,2025-09-02,Black-Litterman,0.1849256657709022,0.16644668899078313,0.8106239096073194,0.18648900582156447
5430,2025-09-03,Black-Litterman,0.17572977574512094,0.16629726753676669,0.7560543694280686,0.17566484312160413
5431,2025-09-04,Black-Litterman,0.17575213500735065,0.16629809179142624,0.7561850749620809,0.1756909527756092
5432,2025-09-05,Black-Litterman,0.18594687471784532,0.16568758755288707,0.8205012621989648,0.18785046136833317
5433,2025-09-08,Black-Litterman,0.1792596184174139,0.1658081140827947,0.7795735397657882,0.17991567180935464
5434,2025-09-09,Black-Litterman,0.18575417355956325,0.16562478293870686,0.819648914557685,0.1876341362799161
5435,2025-09-10,Black-Litterman,0.19640373408602352,0.16516517812870135,0.8864079931663418,0.20043134039625166
5436,2025-09-11,Black-Litterman,0.19614486836805478,0.16514162041737537,0.8849669029448264,0.20012544691676237
5437,2025-09-12,Black-Litterman,0.19509250952764712,0.16518201961112788,0.8783795589206649,0.19885612138956477
5438,2025-09-15,Black-Litterman,0.1930478734148705,0.16515200753666637,0.8661588529773797,0.19641516648410273
5439,2025-09-16,Black-Litterman,0.19027450681099134,0.16509250040580573,0.8496721926567804,0.19311579634690856
5440,2025-09-17,Black-Litterman,0.19198111124966244,0.1651443978971568,0.8597391922315208,0.19514203147146914
5441,2025-09-18,Black-Litterman,0.1793228108243421,0.1651278139456841,0.7831679456913333,0.1801229240347033
5442,2025-09-19,Black-Litterman,0.1789516650655939,0.16512982124710637,0.7809108257473728,0.17968492943779268
5443,2025-09-22,Black-Litterman,0.19175683872318938,0.16486159155282148,0.8598536347246815,0.1949298736494285
5444,2025-09-23,Black-Litterman,0.182980544557242,0.16483302799583768,0.8067590953956145,0.18450190308768688
5445,2025-09-24,Black-Litterman,0.17835796531735515,0.16488607674082342,0.7784645487024047,0.17903270490239853
5446,2025-09-25,Black-Litterman,0.1597193570776505,0.16478678117959658,0.6658262045793005,0.15729336887030532
5447,2025-09-26,Black-Litterman,0.17904695105690616,0.16447653910450014,0.784591843672709,0.17992412019245996
5448,2025-09-29,Black-Litterman,0.18637395097372678,0.16461427517349034,0.8284454724840814,0.18856819267401081
5449,2025-09-30,Black-Litterman,0.18436165141187222,0.1645072824508623,0.8167519966905146,0.18620118826375687
5450,2025-10-01,Black-Litterman,0.19108945093204066,0.16472544993803226,0.8565127670625081,0.19416023852908793
5451,2025-10-02,Black-Litterman,0.19078630552519493,0.1647272913662341,0.8546629059309198,0.19379820270253467
5452,2025-10-03,Black-Litterman,0.19391059108970377,0.1647598237168314,0.8734568163719288,0.19752457905590637
5453,2025-10-06,Black-Litterman,0.19396997880123268,0.16475957147262252,0.8738186043725881,0.1975956942503967
5454,2025-10-07,Black-Litterman,0.19141669538585826,0.16479838657865237,0.8581194168327925,0.19453650495624686
5455,2025-10-08,Black-Litterman,0.1836198848469468,0.1645886291174768,0.8118415322092164,0.1853065140793244
5456,2025-10-09,Black-Litterman,0.1775048954043955,0.16492183764542045,0.773123178984515,0.1780207246688239
5457,2025-10-10,Black-Litterman,0.15777135765641082,0.16578483761493587,0.6500676371064074,0.15485134731537942
5458,2025-10-13,Black-Litterman,0.15786916700736842,0.1657881828909635,0.650644485791321,0.15496360376885066
5459,2025-10-14,Black-Litterman,0.16206644163754214,0.16582638525745097,0.6758058523892639,0.15981111271221327
5460,2025-10-15,Black-Litterman,0.14981955564841942,0.16557835684851113,0.6028538847003119,0.14574885349268007
5461,2025-10-16,Black-Litterman,0.13542835195884417,0.16548693533394498,0.5162241465554589,0.1294041283817442
5462,2025-10-17,Black-Litterman,0.15224816601948699,0.16559469465990262,0.6174603976865541,0.14853022353926693
5463,2025-10-20,Black-Litterman,0.14914568480120782,0.16540436491473273,0.5994139565320311,0.14501009375413654
5464,2025-10-21,Black-Litterman,0.15628841944347127,0.16569763627298897,0.6414600825588106,0.15315759587517142
5465,2025-10-22,Black-Litterman,0.15496096732706066,0.16569951772722347,0.6334415981816475,0.1516284359720581
5466,2025-10-23,Black-Litterman,0.16558580863412364,0.16564532616558073,0.6977909447235651,0.16393219833718042
5467,2025-10-24,Black-Litterman,0.18210342316896333,0.16510060271571764,0.8001389516210836,0.18341082395294706
5468,2025-10-27,Black-Litterman,0.18673626427234202,0.1651393021777902,0.8280055835837962,0.18889453408623091
5469,2025-10-28,Black-Litterman,0.17844873350391932,0.16523256425603908,0.7773814688542828,0.17907116945900747
5470,2025-10-29,Black-Litterman,0.18096210762900822,0.16511062914125438,0.7931779335476238,0.18206009700826842
5471,2025-10-30,Black-Litterman,0.18160707929929232,0.16511061625862122,0.7970842958586588,0.18282219231305952
5472,2025-10-31,Black-Litterman,0.19047798918297965,0.1649747638779739,0.8515119881419339,0.19338051806439682
5473,2025-11-03,Black-Litterman,0.18571481006220858,0.1650209345937996,0.822409656061346,0.18770494481232758
5474,2025-11-04,Black-Litterman,0.1953007405358943,0.16469261701757662,0.8822541238772548,0.19920126678166095
5475,2025-11-05,Black-Litterman,0.1994572908464446,0.16479680351787318,0.9069186274006528,0.2041718001360764
5476,2025-11-06,Black-Litterman,0.19661838268954523,0.16482471847335092,0.8895412292983876,0.20075528671977017
5477,2025-11-07,Black-Litterman,0.19246337000577463,0.16466431672566717,0.865174512843122,0.19581153725526046
5478,2025-11-10,Black-Litterman,0.16542045461755361,0.16096046064105665,0.7170733368795602,0.16461034681568565
5479,2025-11-11,Black-Litterman,0.1766995700821571,0.16089098656634257,0.7874870605626697,0.1778247210401569
5480,2025-11-12,Black-Litterman,0.16755741969060767,0.1606560812780029,0.7317333944376725,0.16715681543691718
5481,2025-11-13,Black-Litterman,0.1539246797968169,0.16095882413262824,0.6456600335945804,0.15130704217463542
5482,2025-11-14,Black-Litterman,0.15808091771385013,0.16086093916936015,0.671890381045573,0.15611732355854646
5483,2025-11-17,Black-Litterman,0.15529334952279006,0.16094901405434955,0.6542031347096939,0.15288471418324767
5484,2025-11-18,Black-Litterman,0.15567582709935657,0.16092490823736413,0.6566778770100946,0.15332997557761918
5485,2025-11-19,Black-Litterman,0.16157217479691643,0.1607697549584598,0.6939873412492593,0.16017513893382063
5486,2025-11-20,Black-Litterman,0.13971302797550622,0.1616353704313777,0.5550333923576083,0.13494511727758884
5487,2025-11-21,Black-Litterman,0.15132853638921762,0.16170165995149227,0.6266388138477641,0.14818516381365843
5488,2025-11-24,Black-Litterman,0.1612251918133425,0.1619114350288543,0.6869508122976058,0.15955872999135656
5489,2025-11-25,Black-Litterman,0.15697612816207385,0.16162061958388624,0.6618965354637181,0.15469868001950848
5490,2025-11-26,Black-Litterman,0.15689212856875878,0.16161793040754613,0.6613878070286678,0.15460224687955382
5491,2025-11-28,Black-Litterman,0.16296683984618388,0.16185253489099205,0.6979615112130757,0.1615894402419369
5492,2025-12-01,Black-Litterman,0.1473622029279622,0.16237543728332707,0.5996116442050037,0.14351760550897685
5493,2025-12-02,Black-Litterman,0.14987048043878415,0.16235789461060524,0.6151254959194364,0.14639102411980276
5494,2025-12-03,Black-Litterman,0.14871141785536535,0.16234659315321867,0.6080288839951447,0.14506592746023883
5495,2025-12-04,Black-Litterman,0.151647190207434,0.162277675774704,0.6263781491950531,0.1484433430895904
5496,2025-12-05,Black-Litterman,0.16225624916046255,0.1623872849707918,0.6912871853276801,0.16066404515615496
5497,2025-12-08,Black-Litterman,0.16108498920066094,0.16240556938383052,0.6839974122939211,0.15930283910633314
5498,2025-12-09,Black-Litterman,0.16060339621991726,0.16241464667080996,0.6809939773725807,0.15874331284343968
5499,2025-12-10,Black-Litterman,0.1694013944912781,0.1627631322574542,0.7335899281073819,0.16891078426177608
5500,2025-12-11,Black-Litterman,0.20562330930898576,0.16285934570385266,0.9555687985629939,0.21198040309785227
5501,2025-12-12,Black-Litterman,0.20094237235062973,0.16289146041040461,0.9266438643887827,0.20631871586900186
5502,2025-12-15,Black-Litterman,0.1997013507859381,0.1628807283228045,0.9190857158328338,0.20482585588445157
5503,2025-12-16,Black-Litterman,0.2004597637632739,0.1628412132909737,0.9239661184200592,0.20574701479273116
5504,2025-12-17,Black-Litterman,0.19561787067372016,0.16291468057912656,0.8938290285202048,0.1999132641576582
5505,2025-12-18,Black-Litterman,0.20396587131836363,0.1631311112137963,0.9438167261459962,0.20992184783393286
5506,2025-12-19,Black-Litterman,0.22322476178668205,0.16346232096999627,1.0597228814490998,0.23336389264300328
5507,2025-12-22,Black-Litterman,0.2567699451230526,0.16204923960814577,1.2759698572054199,0.27569609495984637
5508,2025-12-23,Black-Litterman,0.2648188135720547,0.1619189135305391,1.3267061202923542,0.28602184936776376
5509,2025-12-24,Black-Litterman,0.2595725449171732,0.16166057361273856,1.2963738791327613,0.27935239179743054
5510,2025-12-26,Black-Litterman,0.25745079664041504,0.1616575595058008,1.283273094525289,0.2766441987556505
5511,2025-12-29,Black-Litterman,0.2510965908337722,0.1615130789584814,1.2450792971723743,0.2685952876144202
5512,2025-12-30,Black-Litterman,0.24561587083164638,0.1615646138087682,1.210759374965499,0.2616578245761796
5513,2025-12-31,Black-Litterman,0.24287889126956264,0.16170807485817787,1.1927598015047942,0.2581834961673255
5514,2026-01-02,Black-Litterman,0.26831747110713877,0.1615758284334399,1.3511765542150584,0.2905964203052398
5515,2026-01-05,Black-Litterman,0.27962659379771737,0.1620041423996382,1.4174118661192345,0.30516955161548975
5516,2026-01-06,Black-Litterman,0.29571050307054436,0.16253800712360428,1.5117110601933885,0.3261940656862987
5517,2026-01-07,Black-Litterman,0.28221122058940873,0.16301120378224446,1.4245108017213581,0.30833093097101183
5518,2026-01-08,Black-Litterman,0.29035069826508597,0.1627835678807753,1.4765046705520166,0.3190602237715918
5519,2026-01-09,Black-Litterman,0.2977709122187794,0.16295336680508965,1.5205019514272506,0.32883650459098734
5520,2026-01-12,Black-Litterman,0.2939653298839714,0.162984295341344,1.4968640344950157,0.3237883807224864
5521,2026-01-13,Black-Litterman,0.28883870912393317,0.16359500429077675,1.459938890917579,0.31689388621016024
5522,2026-01-14,Black-Litterman,0.28726247598862076,0.16353959092163053,1.450795337395205,0.3148339309217336
5523,2026-01-15,Black-Litterman,0.28183788196285475,0.163420795562757,1.4186559376638463,0.3077539348272682
5524,2026-01-16,Black-Litterman,0.2720152038042182,0.1629868535713175,1.362166327771165,0.2950755370453453
5525,2026-01-20,Black-Litterman,0.24733834031089671,0.1637394789918438,1.2051970699181627,0.26338354452021484
5526,2026-01-21,Black-Litterman,0.25025855268001795,0.1638517805847707,1.2221933259761664,0.26705161348149353
5527,2026-01-22,Black-Litterman,0.23847030239654676,0.16332260464909035,1.1539756104275214,0.2523241005737651
5528,2026-01-23,Black-Litterman,0.23953063956763287,0.16329385337610156,1.160672221575311,0.25365730896261374
5529,2026-01-26,Black-Litterman,0.23209158509280714,0.163164253119227,1.1160017075538575,0.24440059556065075
5530,2026-01-27,Black-Litterman,0.23929339789023363,0.16317261037725156,1.160080711172,0.25338478975273193
5531,2026-01-28,Black-Litterman,0.23853147611534364,0.1631470963775677,1.155591979884395,0.25243623125720904
5532,2026-01-29,Black-Litterman,0.25866078840216644,0.16366963714358176,1.274890028741956,0.277769856545774
5533,2026-01-30,Black-Litterman,0.25212992868311357,0.1636548926617087,1.2350985992269519,0.26946351983743466
5534,2026-02-02,Black-Litterman,0.24896906650377826,0.16336163325311365,1.2179669273720728,0.26552064830053035
5535,2026-02-03,Black-Litterman,0.24470943591020322,0.16363327453745294,1.1899134602090815,0.2600904896247269
5536,2026-02-04,Black-Litterman,0.22870189365805405,0.16397951333124394,1.0897818271790478,0.24002815637305863
5537,2026-02-05,Black-Litterman,0.23240824904691004,0.1638647826209055,1.1131632198780874,0.24465184829508457
5538,2026-02-06,Black-Litterman,0.2335702996868,0.16392223524780447,1.1198621066220404,0.24608612817511522
5539,2026-02-09,Black-Litterman,0.22643345040337404,0.16406140790781618,1.075411046713128,0.2372045088503416
5540,2026-02-10,Black-Litterman,0.2260600982241513,0.1640734077109364,1.0730568754586545,0.23674066261568028
5541,2026-02-11,Black-Litterman,0.22594885947199905,0.16406741556515222,1.0724180597708546,0.23660441825168776
5542,2026-02-12,Black-Litterman,0.21642307939268746,0.1637835325627042,1.0161160697213116,0.224947271853136
5543,2026-02-13,Black-Litterman,0.22504446043496684,0.16359279563513215,1.0700010336969594,0.23558290283123595
5544,2026-02-17,Black-Litterman,0.2204079719024168,0.16340578626280172,1.0428515158475087,0.22990956837603438
5545,2026-02-18,Black-Litterman,0.23235679320907987,0.1633197456086727,1.1165630495532455,0.24469793183372612
5546,2026-02-19,Black-Litterman,0.22641620431560738,0.16321692651354772,1.0808695402125714,0.2373528696092433
5547,2026-02-20,Black-Litterman,0.22705197920192732,0.1632265064543677,1.0847011496348158,0.23813716985333233
5548,2026-02-23,Black-Litterman,0.21085286351324595,0.16436285503280584,0.9786448615846974,0.21803065910250408
5549,2026-02-24,Black-Litterman,0.2224994278701541,0.1642414524543844,1.0502794836039533,0.23231177702926065
5550,2026-02-25,Black-Litterman,0.2225252106822765,0.16424182169431611,1.050434103217494,0.23234344773772553
5551,2026-02-26,Black-Litterman,0.21603246886887895,0.1642128751336913,1.0110807007897906,0.22438074551761922
5552,2026-02-27,Black-Litterman,0.23403302314535868,0.16439897998774028,1.1194292273533728,0.2465625806723195
5553,2026-03-02,Black-Litterman,0.23966338753412186,0.16457977889343398,1.1524100275826086,0.25355749942447003
5554,2026-03-03,Black-Litterman,0.21300772694782932,0.16412849969313767,0.9931713703140905,0.22070156345970005
5555,2026-03-04,Black-Litterman,0.22073215205176422,0.16413915285694256,1.0401671330701205,0.23015703105894714
5556,2026-03-05,Black-Litterman,0.23583949930339554,0.162552613411427,1.1432575299975556,0.24919324447659874
5557,2026-03-06,Black-Litterman,0.22854151945160028,0.1625120149162607,1.0986358119035033,0.24012626241129142
5558,2026-03-09,Black-Litterman,0.23822864698872848,0.16205457918647362,1.1615139043503164,0.25227990063714634
5559,2026-03-10,Black-Litterman,0.23323320745533427,0.1620963452599667,1.1303969078480378,0.2460372184320221
5560,2026-03-11,Black-Litterman,0.2331362357392457,0.16210124057135908,1.1297645538907937,0.24591551462660055
5561,2026-03-12,Black-Litterman,0.2363208964528719,0.16178659930717962,1.1516460402206101,0.24995029923607648
5562,2026-03-13,Black-Litterman,0.2391824306853374,0.16176408221908936,1.1694958985339732,0.253533363974775
5563,2026-03-16,Black-Litterman,0.25240954238277424,0.16185116148245607,1.250590607622637,0.2701902309262869
5564,2026-03-17,Black-Litterman,0.239861167388438,0.1615611904209949,1.1751656873392629,0.2544244034096128
5565,2026-03-18,Black-Litterman,0.21425175672573238,0.1619197976771303,1.0144019389973056,0.22266299758097086
5566,2026-03-19,Black-Litterman,0.21100577916732433,0.16201610832174923,0.9937640203502576,0.21868503249023252
5567,2026-03-20,Black-Litterman,0.19748691229036042,0.16193835234489684,0.9107596202797118,0.2023486166139763
5568,2026-03-23,Black-Litterman,0.19824464617642135,0.1619254125738181,0.9155119250280743,0.20326182111862412
5569,2026-03-24,Black-Litterman,0.20525305802734695,0.1615973797168704,0.9607399470174632,0.2117820646361539
5570,2026-03-25,Black-Litterman,0.19598183423176707,0.16114988212488712,0.9058761465219988,0.20069361726490897
5571,2026-03-26,Black-Litterman,0.18505381533947474,0.16147786622521385,0.8363611589412175,0.1875907287699412
5572,2026-03-27,Black-Litterman,0.16828551407622927,0.1624035474002448,0.7283431671890375,0.1676804511031733
5573,2026-03-30,Black-Litterman,0.15934984748133074,0.1624061752748442,0.6733108965608922,0.15729908487225552
5574,2026-03-31,Black-Litterman,0.18904257234410826,0.16230401996749275,0.856679781387772,0.19217553163698997
5575,2026-04-01,Black-Litterman,0.18278253795173405,0.16208853989081712,0.819197569681215,0.18478218117703693
5576,2026-04-02,Black-Litterman,0.18483599045525811,0.16206648321581257,0.8319794924883173,0.18722002719092345
5577,2026-04-06,Black-Litterman,0.19404075723571745,0.16227358700065814,0.8876414202585741,0.1981504755519805
5578,2026-04-07,Black-Litterman,0.22133142938971473,0.15914269843440543,1.0765899477338146,0.23190132994944235
5579,2026-04-08,Black-Litterman,0.3199528603966755,0.1403044653833603,1.9240503832794698,0.3634889731073021
5580,2026-04-09,Black-Litterman,0.32605167944259983,0.1401124591467439,1.9702150766869548,0.3718562234893714
5581,2026-04-10,Black-Litterman,0.31999810926348704,0.1404787045259782,1.921986041760211,0.36351702397971897
5582,2026-04-13,Black-Litterman,0.262121604668727,0.12420180557977462,1.7078785906415965,0.28956814704695577
5583,2026-04-14,Black-Litterman,0.2927727070338375,0.12137736029158973,2.0001481862071713,0.3301289092816446
5584,2026-04-15,Black-Litterman,0.2743192514130097,0.1202153823046954,1.8659779398650902,0.30601573635499246
5585,2026-04-16,Black-Litterman,0.26411663554276843,0.11990078762362776,1.7857817265962181,0.29282101847527486
5586,2026-04-17,Black-Litterman,0.2663052959344737,0.11988796850181865,1.804228553019417,0.29565266386671496
5587,2026-04-20,Black-Litterman,0.271203984071539,0.11954251092304966,1.8504210959223497,0.3020624248223416
5588,2026-04-21,Black-Litterman,0.2501044058499411,0.1206866433963625,1.658049310334637,0.2747287688264686
5589,2026-04-22,Black-Litterman,0.26650258564026663,0.11899296741628165,1.8194569842338673,0.29604777512868186
5590,2026-04-23,Black-Litterman,0.24818832325826365,0.11900837568114427,1.6653308821663437,0.2725484568672454
5591,2026-04-24,Black-Litterman,0.23056365165001824,0.11853589633723488,1.5232824589803098,0.2504065830067197
5592,2026-04-27,Black-Litterman,0.21519853929240296,0.1179078334993339,1.401081967071647,0.23144762109450423
5593,2026-04-28,Black-Litterman,0.22293094591632434,0.11757967374605727,1.4707554495329866,0.24104621459527253
5594,2026-04-29,Black-Litterman,0.24160271278228407,0.1194182199091155,1.6044680026892493,0.26414464731315057
5595,2026-04-30,Black-Litterman,0.23200841308189146,0.11918338543582452,1.5271290743783723,0.2521200215361299
5596,2026-05-01,Black-Litterman,0.2198947425873351,0.11892081337253815,1.4286375762930001,0.23709534365679374
5597,2026-05-04,Black-Litterman,0.2260091233654159,0.1189030534044655,1.480274209331665,0.2446784985358632
5598,2026-05-05,Black-Litterman,0.21899725036938567,0.11828361585703752,1.4287460621227774,0.2360784579303299
5599,2026-05-06,Black-Litterman,0.23137202242834298,0.11840059097681582,1.5318506515213062,0.25143884709770203
5600,2026-05-07,Black-Litterman,0.23084859977275252,0.11841653824639009,1.5272241736746233,0.25078223028033264
5601,2026-05-08,Black-Litterman,0.23625236260801885,0.1186606392680877,1.5696221068489482,0.2575171955693798
5602,2026-05-11,Black-Litterman,0.24228414443521507,0.11897211762362109,1.616211834133466,0.2650717079914082
5603,2026-05-12,Black-Litterman,0.24379141314345654,0.11895616662012949,1.629099345158821,0.26698050218185143
5604,2026-05-13,Black-Litterman,0.22177072531935382,0.11773058234708901,1.4590153373483334,0.23958734190395603
5605,2026-05-14,Black-Litterman,0.2201104186740348,0.11780187110688106,1.4440383423086247,0.23752237133141807
5606,2026-05-15,Black-Litterman,0.2155916273301316,0.11818097234685308,1.4011699518271985,0.23189234403960368
5607,2026-05-18,Black-Litterman,0.2072577311133611,0.11721522515595592,1.3416152287736365,0.2218132601667422
5608,2026-05-19,Black-Litterman,0.19921076375425495,0.11714926254077677,1.2736807771394922,0.21203793584238917
5609,2026-05-20,Black-Litterman,0.20156236351132673,0.11726350542236587,1.2924938834586381,0.2148731633821046
5610,2026-05-21,Black-Litterman,0.2099374495872749,0.11730217598750425,1.3634653256927853,0.22507672401857914
5611,2026-05-22,Black-Litterman,0.2284582511844201,0.1160794289402295,1.5373805058630163,0.248136558933177
5612,2026-05-26,Black-Litterman,0.2515322676747762,0.11772812914375193,1.7118446469891258,0.27700145296153256
5613,2026-05-27,Black-Litterman,0.2578681732167979,0.1176028407001291,1.7675438108406996,0.2851287814170529
5614,2026-05-28,Black-Litterman,0.2435613203149427,0.11685170383816057,1.656469815647916,0.26700146489865495
5615,2026-05-29,Black-Litterman,0.25864905204643096,0.11701809393818632,1.783049484267346,0.28621878300243075
5616,2026-06-01,Black-Litterman,0.25827256106955787,0.11700289756046527,1.7800632754579935,0.28573738219473777
5617,2026-06-02,Black-Litterman,0.25237516628007883,0.11696397977989001,1.7302349549059535,0.2781905837627363
5618,2026-06-03,Black-Litterman,0.24323449910903538,0.11732316156088995,1.6470277184675761,0.2665183771518398
5619,2026-06-04,Black-Litterman,0.24118333750627552,0.11727451345847026,1.6302206836609745,0.2639328444872271
5620,2026-06-05,Black-Litterman,0.22321101441868985,0.11852550589944125,1.4613817768948785,0.24125634532667983
5621,2026-06-08,Black-Litterman,0.22917418516161248,0.11870763898403762,1.5093736738012764,0.24864690170332415
5622,2026-06-09,Black-Litterman,0.23018438579826195,0.11877743657308616,1.5169917031118183,0.24989755744454722
5623,2026-06-10,Black-Litterman,0.22071028066470388,0.11938948032364788,1.4298603210427974,0.2380317997534669
5624,2026-06-11,Black-Litterman,0.24262992928567972,0.12165135684078283,1.5834589460255144,0.2651054910285937
5625,2026-06-12,Black-Litterman,0.24390118058080468,0.12165161422218114,1.5939055294956377,0.2667131885020584
5626,2026-06-15,Black-Litterman,0.26194776155540866,0.12248875497857145,1.7303446474942736,0.28962755601045664
5627,2026-06-16,Black-Litterman,0.2745010204391378,0.12178124195548842,1.8434778364404754,0.3060143497499246
5628,2026-06-17,Black-Litterman,0.2675361602022739,0.12162288741430512,1.7886120353420223,0.29698418861334175
5629,2026-06-18,Black-Litterman,0.2738071823397499,0.1215091893941375,1.8418951147290592,0.3051523750847549
5630,2026-06-22,Black-Litterman,0.29683985679980407,0.12037038710724673,2.0506692944326623,0.33571288315382475
5631,2026-06-23,Black-Litterman,0.28135218373382553,0.121501244655985,1.9041136935581955,0.3150277795014824
5632,2026-06-24,Black-Litterman,0.2713927469094769,0.12120835209900527,1.8265469588155043,0.302055778573445
5633,2026-06-25,Black-Litterman,0.2959472446940382,0.1249691162502592,1.9680642071718908,0.33378514025314776
5634,2026-06-26,Black-Litterman,0.29614151041218406,0.12495988678972318,1.96976419181925,0.3340455080655442
5635,2026-06-29,Black-Litterman,0.30170232422706533,0.12516372234451156,2.0109846488446377,0.3414419059305134
5636,2026-06-30,Black-Litterman,0.2983343640712979,0.12507010654043885,1.9855613058984969,0.33695243942302033
5637,2026-07-01,Black-Litterman,0.2827275089241984,0.12506885538254112,1.8607950653451475,0.31627224152680555
5638,2026-07-02,Black-Litterman,0.29079150548586175,0.12556286002269942,1.917696884590962,0.3268364511421038
5639,2026-07-06,Black-Litterman,0.2917079384835731,0.12554843636315086,1.9252166373815207,0.3280539549688368
5640,2026-07-07,Black-Litterman,0.2738364196015084,0.12584415880139077,1.778679453487949,0.30450765932769586
5641,2026-07-08,Black-Litterman,0.2654442171431771,0.12652694015858823,1.7027537129495145,0.29350540134736813
5642,2026-07-09,Black-Litterman,0.27522076279085494,0.1266731338153434,1.7779678769072569,0.30617586896971205
5643,2026-07-10,Black-Litterman,0.2768145285427335,0.12671140520338245,1.7900087855444198,0.3082507009724387
5644,2026-07-13,Black-Litterman,0.27559489297716366,0.1267231098042998,1.7802190407539153,0.30665590069862736
5645,2026-07-14,Black-Litterman,0.28378140004690655,0.12645232979055418,1.8487709987955454,0.317429923977395
5646,2026-07-15,Black-Litterman,0.2696802036988515,0.12691711549680915,1.73089502419691,0.2989264091481991
5647,2026-07-16,Black-Litterman,0.281356944746326,0.12669525205310875,1.8260900941208487,0.3142027839900474
5648,2026-07-17,Black-Litterman,0.2674122314985171,0.12702482141200258,1.7115728176727343,0.2959691364425223
5649,2026-07-20,Black-Litterman,0.27254675377113335,0.12699858258723684,1.7523562014423535,0.3026376053868276
5650,2026-07-21,Black-Litterman,0.28375599263876095,0.12718566598110767,1.837911456731951,0.3172741346722885
5651,2026-07-22,Black-Litterman,0.27818605922545503,0.1272264447689391,1.7935426839905229,0.3099587491321494
5652,2026-07-23,Black-Litterman,0.29194883039155717,0.12741724037141186,1.898870432967267,0.32805967207148035
5653,2026-07-24,Black-Litterman,0.28363271583753713,0.12678932130774828,1.8426844897328076,0.31717708120167587
5654,2026-07-27,Black-Litterman,0.2863075557888617,0.1268943775757253,1.862238188195873,0.3206836437985725
5655,2026-07-28,Black-Litterman,0.2774819245885519,0.12702548802244648,1.7908368480218233,0.3090701992921576
5656,2026-07-29,Black-Litterman,0.2629776882168231,0.12848283653759934,1.657635322788792,0.28999805458738215
5657,2026-07-30,Black-Litterman,0.28104297515157894,0.12953897792444083,1.7835788027163892,0.31331251824086803
5658,2026-07-31,Black-Litterman,0.27740588770770924,0.12964568792947578,1.7540567013028057,0.3085317719499452
5659,2026-08-03,Black-Litterman,0.28596058070513697,0.12967632419787442,1.8196118849350043,0.3197561322362379
5660,2026-08-04,Black-Litterman,0.3128710517569565,0.13029305425727228,2.0175369535654615,0.3556047813413845
5661,2026-08-05,Black-Litterman,0.3003127013562128,0.12994182775267657,1.9263443164170577,0.3387678554677851
5662,2026-08-06,Black-Litterman,0.3071235670064434,0.1298326325634247,1.9804232720986816,0.3479251650632147
5663,2026-08-07,Black-Litterman,0.3031993345798325,0.12994765476080522,1.9484717523059325,0.3426323171733927
5664,2026-08-10,Black-Litterman,0.3072217176998526,0.12989605938969323,1.9802118625337006,0.34804621661922397
5665,2026-08-11,Black-Litterman,0.298659428328349,0.12969037038843984,1.9173314686632563,0.3366021467486995
5666,2026-08-12,Black-Litterman,0.30464766004296273,0.12976122323031705,1.962432641305955,0.3446081777432908
5667,2026-08-13,Black-Litterman,0.30727738044092046,0.12991996672591266,1.9802759108127623,0.34811708160293664
5668,2026-08-14,Black-Litterman,0.3027223822168147,0.12981471728873542,1.9467929946240734,0.3420159258633819
5669,2026-08-17,Black-Litterman,0.29906785045927575,0.12987754722370737,1.9177129210045,0.3371153956590043
5670,2026-08-18,Black-Litterman,0.3078866460673577,0.1297685317005044,1.9872818370368859,0.3489640591744718
5671,2026-08-19,Black-Litterman,0.2987348309170915,0.13007752394219968,1.9122045329492707,0.3366359763045559
5672,2026-08-20,Black-Litterman,0.2917029182476135,0.13028317950727308,1.855212001746706,0.32724527642486523
5673,2026-08-21,Black-Litterman,0.28858827723366953,0.13020996455292894,1.8323350140893864,0.3231350513922162
5674,2026-08-24,Black-Litterman,0.2918223679949643,0.13019026307146273,1.8574535628845426,0.3274195692121047
5675,2026-08-25,Black-Litterman,0.2861323100198574,0.13002082919685806,1.8161113990616167,0.3199253090962202
5676,2026-08-26,Black-Litterman,0.2921442151722904,0.12990956017066382,1.863944538447998,0.3278944792500169
5677,2026-08-27,Black-Litterman,0.28222238130418886,0.12996143375760344,1.7868561048450469,0.3147904059743314
5678,2026-08-28,Black-Litterman,0.28379770601742016,0.12996628859974202,1.7989103831182593,0.31686010795522246
5679,2026-08-31,Black-Litterman,0.27891036795934765,0.1300703507011666,1.7598965999965936,0.3104293298355547
5680,2021-01-05,Risk-Parity,,,,
5681,2021-01-06,Risk-Parity,,,,
5682,2021-01-07,Risk-Parity,,,,
5683,2021-01-08,Risk-Parity,,,,
5684,2021-01-11,Risk-Parity,,,,
5685,2021-01-12,Risk-Parity,,,,
5686,2021-01-13,Risk-Parity,,,,
5687,2021-01-14,Risk-Parity,,,,
5688,2021-01-15,Risk-Parity,,,,
5689,2021-01-19,Risk-Parity,,,,
5690,2021-01-20,Risk-Parity,,,,
5691,2021-01-21,Risk-Parity,,,,
5692,2021-01-22,Risk-Parity,,,,
5693,2021-01-25,Risk-Parity,,,,
5694,2021-01-26,Risk-Parity,,,,
5695,2021-01-27,Risk-Parity,,,,
5696,2021-01-28,Risk-Parity,,,,
5697,2021-01-29,Risk-Parity,,,,
5698,2021-02-01,Risk-Parity,,,,
5699,2021-02-02,Risk-Parity,,,,
5700,2021-02-03,Risk-Parity,,,,
5701,2021-02-04,Risk-Parity,,,,
5702,2021-02-05,Risk-Parity,,,,
5703,2021-02-08,Risk-Parity,,,,
5704,2021-02-09,Risk-Parity,,,,
5705,2021-02-10,Risk-Parity,,,,
5706,2021-02-11,Risk-Parity,,,,
5707,2021-02-12,Risk-Parity,,,,
5708,2021-02-16,Risk-Parity,,,,
5709,2021-02-17,Risk-Parity,,,,
5710,2021-02-18,Risk-Parity,,,,
5711,2021-02-19,Risk-Parity,,,,
5712,2021-02-22,Risk-Parity,,,,
5713,2021-02-23,Risk-Parity,,,,
5714,2021-02-24,Risk-Parity,,,,
5715,2021-02-25,Risk-Parity,,,,
5716,2021-02-26,Risk-Parity,,,,
5717,2021-03-01,Risk-Parity,,,,
5718,2021-03-02,Risk-Parity,,,,
5719,2021-03-03,Risk-Parity,,,,
5720,2021-03-04,Risk-Parity,,,,
5721,2021-03-05,Risk-Parity,,,,
5722,2021-03-08,Risk-Parity,,,,
5723,2021-03-09,Risk-Parity,,,,
5724,2021-03-10,Risk-Parity,,,,
5725,2021-03-11,Risk-Parity,,,,
5726,2021-03-12,Risk-Parity,,,,
5727,2021-03-15,Risk-Parity,,,,
5728,2021-03-16,Risk-Parity,,,,
5729,2021-03-17,Risk-Parity,,,,
5730,2021-03-18,Risk-Parity,,,,
5731,2021-03-19,Risk-Parity,,,,
5732,2021-03-22,Risk-Parity,,,,
5733,2021-03-23,Risk-Parity,,,,
5734,2021-03-24,Risk-Parity,,,,
5735,2021-03-25,Risk-Parity,,,,
5736,2021-03-26,Risk-Parity,,,,
5737,2021-03-29,Risk-Parity,,,,
5738,2021-03-30,Risk-Parity,,,,
5739,2021-03-31,Risk-Parity,,,,
5740,2021-04-01,Risk-Parity,,,,
5741,2021-04-05,Risk-Parity,,,,
5742,2021-04-06,Risk-Parity,,,,
5743,2021-04-07,Risk-Parity,,,,
5744,2021-04-08,Risk-Parity,,,,
5745,2021-04-09,Risk-Parity,,,,
5746,2021-04-12,Risk-Parity,,,,
5747,2021-04-13,Risk-Parity,,,,
5748,2021-04-14,Risk-Parity,,,,
5749,2021-04-15,Risk-Parity,,,,
5750,2021-04-16,Risk-Parity,,,,
5751,2021-04-19,Risk-Parity,,,,
5752,2021-04-20,Risk-Parity,,,,
5753,2021-04-21,Risk-Parity,,,,
5754,2021-04-22,Risk-Parity,,,,
5755,2021-04-23,Risk-Parity,,,,
5756,2021-04-26,Risk-Parity,,,,
5757,2021-04-27,Risk-Parity,,,,
5758,2021-04-28,Risk-Parity,,,,
5759,2021-04-29,Risk-Parity,,,,
5760,2021-04-30,Risk-Parity,,,,
5761,2021-05-03,Risk-Parity,,,,
5762,2021-05-04,Risk-Parity,,,,
5763,2021-05-05,Risk-Parity,,,,
5764,2021-05-06,Risk-Parity,,,,
5765,2021-05-07,Risk-Parity,,,,
5766,2021-05-10,Risk-Parity,,,,
5767,2021-05-11,Risk-Parity,,,,
5768,2021-05-12,Risk-Parity,,,,
5769,2021-05-13,Risk-Parity,,,,
5770,2021-05-14,Risk-Parity,,,,
5771,2021-05-17,Risk-Parity,,,,
5772,2021-05-18,Risk-Parity,,,,
5773,2021-05-19,Risk-Parity,,,,
5774,2021-05-20,Risk-Parity,,,,
5775,2021-05-21,Risk-Parity,,,,
5776,2021-05-24,Risk-Parity,,,,
5777,2021-05-25,Risk-Parity,,,,
5778,2021-05-26,Risk-Parity,,,,
5779,2021-05-27,Risk-Parity,,,,
5780,2021-05-28,Risk-Parity,,,,
5781,2021-06-01,Risk-Parity,,,,
5782,2021-06-02,Risk-Parity,,,,
5783,2021-06-03,Risk-Parity,,,,
5784,2021-06-04,Risk-Parity,,,,
5785,2021-06-07,Risk-Parity,,,,
5786,2021-06-08,Risk-Parity,,,,
5787,2021-06-09,Risk-Parity,,,,
5788,2021-06-10,Risk-Parity,,,,
5789,2021-06-11,Risk-Parity,,,,
5790,2021-06-14,Risk-Parity,,,,
5791,2021-06-15,Risk-Parity,,,,
5792,2021-06-16,Risk-Parity,,,,
5793,2021-06-17,Risk-Parity,,,,
5794,2021-06-18,Risk-Parity,,,,
5795,2021-06-21,Risk-Parity,,,,
5796,2021-06-22,Risk-Parity,,,,
5797,2021-06-23,Risk-Parity,,,,
5798,2021-06-24,Risk-Parity,,,,
5799,2021-06-25,Risk-Parity,,,,
5800,2021-06-28,Risk-Parity,,,,
5801,2021-06-29,Risk-Parity,,,,
5802,2021-06-30,Risk-Parity,,,,
5803,2021-07-01,Risk-Parity,,,,
5804,2021-07-02,Risk-Parity,,,,
5805,2021-07-06,Risk-Parity,,,,
5806,2021-07-07,Risk-Parity,,,,
5807,2021-07-08,Risk-Parity,,,,
5808,2021-07-09,Risk-Parity,,,,
5809,2021-07-12,Risk-Parity,,,,
5810,2021-07-13,Risk-Parity,,,,
5811,2021-07-14,Risk-Parity,,,,
5812,2021-07-15,Risk-Parity,,,,
5813,2021-07-16,Risk-Parity,,,,
5814,2021-07-19,Risk-Parity,,,,
5815,2021-07-20,Risk-Parity,,,,
5816,2021-07-21,Risk-Parity,,,,
5817,2021-07-22,Risk-Parity,,,,
5818,2021-07-23,Risk-Parity,,,,
5819,2021-07-26,Risk-Parity,,,,
5820,2021-07-27,Risk-Parity,,,,
5821,2021-07-28,Risk-Parity,,,,
5822,2021-07-29,Risk-Parity,,,,
5823,2021-07-30,Risk-Parity,,,,
5824,2021-08-02,Risk-Parity,,,,
5825,2021-08-03,Risk-Parity,,,,
5826,2021-08-04,Risk-Parity,,,,
5827,2021-08-05,Risk-Parity,,,,
5828,2021-08-06,Risk-Parity,,,,
5829,2021-08-09,Risk-Parity,,,,
5830,2021-08-10,Risk-Parity,,,,
5831,2021-08-11,Risk-Parity,,,,
5832,2021-08-12,Risk-Parity,,,,
5833,2021-08-13,Risk-Parity,,,,
5834,2021-08-16,Risk-Parity,,,,
5835,2021-08-17,Risk-Parity,,,,
5836,2021-08-18,Risk-Parity,,,,
5837,2021-08-19,Risk-Parity,,,,
5838,2021-08-20,Risk-Parity,,,,
5839,2021-08-23,Risk-Parity,,,,
5840,2021-08-24,Risk-Parity,,,,
5841,2021-08-25,Risk-Parity,,,,
5842,2021-08-26,Risk-Parity,,,,
5843,2021-08-27,Risk-Parity,,,,
5844,2021-08-30,Risk-Parity,,,,
5845,2021-08-31,Risk-Parity,,,,
5846,2021-09-01,Risk-Parity,,,,
5847,2021-09-02,Risk-Parity,,,,
5848,2021-09-03,Risk-Parity,,,,
5849,2021-09-07,Risk-Parity,,,,
5850,2021-09-08,Risk-Parity,,,,
5851,2021-09-09,Risk-Parity,,,,
5852,2021-09-10,Risk-Parity,,,,
5853,2021-09-13,Risk-Parity,,,,
5854,2021-09-14,Risk-Parity,,,,
5855,2021-09-15,Risk-Parity,,,,
5856,2021-09-16,Risk-Parity,,,,
5857,2021-09-17,Risk-Parity,,,,
5858,2021-09-20,Risk-Parity,,,,
5859,2021-09-21,Risk-Parity,,,,
5860,2021-09-22,Risk-Parity,,,,
5861,2021-09-23,Risk-Parity,,,,
5862,2021-09-24,Risk-Parity,,,,
5863,2021-09-27,Risk-Parity,,,,
5864,2021-09-28,Risk-Parity,,,,
5865,2021-09-29,Risk-Parity,,,,
5866,2021-09-30,Risk-Parity,,,,
5867,2021-10-01,Risk-Parity,,,,
5868,2021-10-04,Risk-Parity,,,,
5869,2021-10-05,Risk-Parity,,,,
5870,2021-10-06,Risk-Parity,,,,
5871,2021-10-07,Risk-Parity,,,,
5872,2021-10-08,Risk-Parity,,,,
5873,2021-10-11,Risk-Parity,,,,
5874,2021-10-12,Risk-Parity,,,,
5875,2021-10-13,Risk-Parity,,,,
5876,2021-10-14,Risk-Parity,,,,
5877,2021-10-15,Risk-Parity,,,,
5878,2021-10-18,Risk-Parity,,,,
5879,2021-10-19,Risk-Parity,,,,
5880,2021-10-20,Risk-Parity,,,,
5881,2021-10-21,Risk-Parity,,,,
5882,2021-10-22,Risk-Parity,,,,
5883,2021-10-25,Risk-Parity,,,,
5884,2021-10-26,Risk-Parity,,,,
5885,2021-10-27,Risk-Parity,,,,
5886,2021-10-28,Risk-Parity,,,,
5887,2021-10-29,Risk-Parity,,,,
5888,2021-11-01,Risk-Parity,,,,
5889,2021-11-02,Risk-Parity,,,,
5890,2021-11-03,Risk-Parity,,,,
5891,2021-11-04,Risk-Parity,,,,
5892,2021-11-05,Risk-Parity,,,,
5893,2021-11-08,Risk-Parity,,,,
5894,2021-11-09,Risk-Parity,,,,
5895,2021-11-10,Risk-Parity,,,,
5896,2021-11-11,Risk-Parity,,,,
5897,2021-11-12,Risk-Parity,,,,
5898,2021-11-15,Risk-Parity,,,,
5899,2021-11-16,Risk-Parity,,,,
5900,2021-11-17,Risk-Parity,,,,
5901,2021-11-18,Risk-Parity,,,,
5902,2021-11-19,Risk-Parity,,,,
5903,2021-11-22,Risk-Parity,,,,
5904,2021-11-23,Risk-Parity,,,,
5905,2021-11-24,Risk-Parity,,,,
5906,2021-11-26,Risk-Parity,,,,
5907,2021-11-29,Risk-Parity,,,,
5908,2021-11-30,Risk-Parity,,,,
5909,2021-12-01,Risk-Parity,,,,
5910,2021-12-02,Risk-Parity,,,,
5911,2021-12-03,Risk-Parity,,,,
5912,2021-12-06,Risk-Parity,,,,
5913,2021-12-07,Risk-Parity,,,,
5914,2021-12-08,Risk-Parity,,,,
5915,2021-12-09,Risk-Parity,,,,
5916,2021-12-10,Risk-Parity,,,,
5917,2021-12-13,Risk-Parity,,,,
5918,2021-12-14,Risk-Parity,,,,
5919,2021-12-15,Risk-Parity,,,,
5920,2021-12-16,Risk-Parity,,,,
5921,2021-12-17,Risk-Parity,,,,
5922,2021-12-20,Risk-Parity,,,,
5923,2021-12-21,Risk-Parity,,,,
5924,2021-12-22,Risk-Parity,,,,
5925,2021-12-23,Risk-Parity,,,,
5926,2021-12-27,Risk-Parity,,,,
5927,2021-12-28,Risk-Parity,,,,
5928,2021-12-29,Risk-Parity,,,,
5929,2021-12-30,Risk-Parity,,,,
5930,2021-12-31,Risk-Parity,,,,
5931,2022-01-03,Risk-Parity,0.22856070876780543,0.1308269880784921,1.3648614203414557,0.2460011900121335
5932,2022-01-04,Risk-Parity,0.22775756188084295,0.13077420041561086,1.3592708754166742,0.24501024848596487
5933,2022-01-05,Risk-Parity,0.20783184671443367,0.13018578812939963,1.2123584992054197,0.22056107468763497
5934,2022-01-06,Risk-Parity,0.1982809323292679,0.12996834096125012,1.1409004010713477,0.20900220869528652
5935,2022-01-07,Risk-Parity,0.198408233430865,0.12996692212259306,1.1418923446604123,0.2091562268057079
5936,2022-01-10,Risk-Parity,0.19539631141421043,0.1300172606499273,1.1182846853364445,0.20551479179159649
5937,2022-01-11,Risk-Parity,0.19688658560483485,0.13006685690309439,1.1293160233300013,0.20730356924201132
5938,2022-01-12,Risk-Parity,0.19938507588430077,0.1300393749750476,1.148768024400035,0.2103257107430898
5939,2022-01-13,Risk-Parity,0.19036951584166728,0.12996093457699537,1.0800900770570048,0.19948342063947777
5940,2022-01-14,Risk-Parity,0.19859209712673698,0.12964818651283766,1.146117821802494,0.2094283871537035
5941,2022-01-18,Risk-Parity,0.1731039297934428,0.13007321356697732,0.9464202999032857,0.1789474608228403
5942,2022-01-19,Risk-Parity,0.1629509074878549,0.13027526461915603,0.8670172946341979,0.1670153225889972
5943,2022-01-20,Risk-Parity,0.1566905280026747,0.13073974723524243,0.8160527326911874,0.15966615029461972
5944,2022-01-21,Risk-Parity,0.15764482571464722,0.13066425171286047,0.8238276675031263,0.16078416762130132
5945,2022-01-24,Risk-Parity,0.15748520023507195,0.13066417739273015,0.822606489244635,0.16059901865401005
5946,2022-01-25,Risk-Parity,0.1576610658715143,0.13065863119772517,0.8239874004847888,0.16080385878345438
5947,2022-01-26,Risk-Parity,0.16901528187933967,0.12905799746149177,0.92218447690428,0.17429778250904637
5948,2022-01-27,Risk-Parity,0.15582780597507184,0.12847803313562958,0.8237035031767125,0.15900866443226347
5949,2022-01-28,Risk-Parity,0.18432989460350735,0.128145327467437,1.0482621353294517,0.19254820491145175
5950,2022-01-31,Risk-Parity,0.1861174090657024,0.12829090278300628,1.0610059334911224,0.19465829075775254
5951,2022-02-01,Risk-Parity,0.17895202213649852,0.12774051755841873,1.0094841057577972,0.1862171316190635
5952,2022-02-02,Risk-Parity,0.18917223271368266,0.12780905670225443,1.0889074397747889,0.19838342141758858
5953,2022-02-03,Risk-Parity,0.16962733960421583,0.1277875711689133,0.9361422125011593,0.17520737436813105
5954,2022-02-04,Risk-Parity,0.15684866742192471,0.1279873932826722,0.8348374373555635,0.16026517165695164
5955,2022-02-07,Risk-Parity,0.14609113777542382,0.12759665156724861,0.7530851052527807,0.14791454036956342
5956,2022-02-08,Risk-Parity,0.1559996046681731,0.1276171600147034,0.8306062026138205,0.159335344958363
5957,2022-02-09,Risk-Parity,0.16830072224130033,0.12796268338567804,0.9244939158140606,0.17362406954191378
5958,2022-02-10,Risk-Parity,0.14709212096382707,0.1291207912988772,0.7519480014576966,0.14883820785101132
5959,2022-02-11,Risk-Parity,0.132119956474128,0.12928827747151728,0.6351693910704267,0.131750400669572
5960,2022-02-14,Risk-Parity,0.12786854552595506,0.1294369527916344,0.6015943967045225,0.12692987719922266
5961,2022-02-15,Risk-Parity,0.1425700896539508,0.12986112316619144,0.7128391268839022,0.1435488121827233
5962,2022-02-16,Risk-Parity,0.14515554767705352,0.1298381773500434,0.7328780303231952,0.1465109478833777
5963,2022-02-17,Risk-Parity,0.1321915348546534,0.13041628991956972,0.6302244520630247,0.13166615802542636
5964,2022-02-18,Risk-Parity,0.12815053017413425,0.1305572437433922,0.5985920653145653,0.12708394194637718
5965,2022-02-22,Risk-Parity,0.11830546777091866,0.13093649978612135,0.5216686552832285,0.1159921095554266
5966,2022-02-23,Risk-Parity,0.08852122470274126,0.1299953539171485,0.29632770358310234,0.08338597195507225
5967,2022-02-24,Risk-Parity,0.10690867053316577,0.12827542853423446,0.44364436107089555,0.1037305958292305
5968,2022-02-25,Risk-Parity,0.14029018655695202,0.13019057796379024,0.693523202439921,0.14090248173122988
5969,2022-02-28,Risk-Parity,0.11252559774863591,0.12852452110114876,0.4864876928771303,0.10991117879561552
5970,2022-03-01,Risk-Parity,0.10288017709097041,0.12912905438771533,0.4095141665964307,0.09917564322121497
5971,2022-03-02,Risk-Parity,0.12566543591840762,0.13005346893265737,0.5818025196820219,0.12436428087874818
5972,2022-03-03,Risk-Parity,0.13923097391846695,0.1291307487656816,0.6910125959261951,0.13984974187081867
5973,2022-03-04,Risk-Parity,0.11102809583285089,0.12676042868664136,0.4814443787005142,0.1084962107238927
5974,2022-03-07,Risk-Parity,0.08879881081839247,0.12832659451807546,0.30234427216041687,0.08391806967811921
5975,2022-03-08,Risk-Parity,0.07252095938493064,0.12864816235664764,0.17505853929336684,0.06637823791912822
5976,2022-03-09,Risk-Parity,0.08061236050638543,0.12942491368650344,0.23652602605195103,0.07493319258858344
5977,2022-03-10,Risk-Parity,0.06868180389426015,0.129610262202373,0.1441383080075129,0.06216300837751376
5978,2022-03-11,Risk-Parity,0.055284155751848085,0.12992821338961894,0.040669809997327944,0.04798748548644505
5979,2022-03-14,Risk-Parity,0.04649364591293226,0.1297123694677178,-0.0270317634428873,0.03884618897558023
5980,2022-03-15,Risk-Parity,0.05890947620166698,0.13036240342087996,0.06834390873342824,0.0517342440865296
5981,2022-03-16,Risk-Parity,0.06118185517242114,0.1305320328891467,0.085663686720617,0.05410333223109376
5982,2022-03-17,Risk-Parity,0.08007466239807126,0.13039226051712471,0.23064760346049437,0.07422205534917414
5983,2022-03-18,Risk-Parity,0.08413469011956476,0.13038821552958735,0.26179275466669,0.07859143834458626
5984,2022-03-21,Risk-Parity,0.08249787216693694,0.1303607192723136,0.24929190593871575,0.07683184076182914
5985,2022-03-22,Risk-Parity,0.10292840758247845,0.12979309675098336,0.40779062143825034,0.0991319604205052
5986,2022-03-23,Risk-Parity,0.0881987748584182,0.13050522826898714,0.29269919194107596,0.08296602261458008
5987,2022-03-24,Risk-Parity,0.08964762596782949,0.1305960441435856,0.30358979269110453,0.08452296757640032
5988,2022-03-25,Risk-Parity,0.07210026111136447,0.12856963385604797,0.1718933191962642,0.0659384707174755
5989,2022-03-28,Risk-Parity,0.0736007899583857,0.1285606159175647,0.18357713822341157,0.06753991314088403
5990,2022-03-29,Risk-Parity,0.08987045153371309,0.12903976103394002,0.3089780329275902,0.0849787455740505
5991,2022-03-30,Risk-Parity,0.08634710326505124,0.12911950338946743,0.2814997139155366,0.0811529326921887
5992,2022-03-31,Risk-Parity,0.060734194399989394,0.12930902815161371,0.08301194861199979,0.05379376412310388
5993,2022-04-01,Risk-Parity,0.05524114060811047,0.12897295994464633,0.04063751510673172,0.04806732838436667
5994,2022-04-04,Risk-Parity,0.06045818097708999,0.1289500590338973,0.08110256835431794,0.05355127613910993
5995,2022-04-05,Risk-Parity,0.05415146142009264,0.12924063393595467,0.03212195184797606,0.04688988005457828
5996,2022-04-06,Risk-Parity,0.04922889572587541,0.12922652958560635,-0.005967074072153066,0.0417520901624957
5997,2022-04-07,Risk-Parity,0.05243841514175551,0.12934077051437753,0.018852641221001967,0.04508501344480065
5998,2022-04-08,Risk-Parity,0.05504727337157178,0.12932138390275463,0.03902891555326348,0.04781708851626032
5999,2022-04-11,Risk-Parity,0.05219648087177753,0.1294350469623915,0.016969753736140205,0.04481948857713913
6000,2022-04-12,Risk-Parity,0.050392248657054384,0.12944350360511087,0.003030269160907459,0.042935336266053836
6001,2022-04-13,Risk-Parity,0.04804254334152891,0.12927454488827125,-0.015141856891957146,0.04051053329987431
6002,2022-04-14,Risk-Parity,0.03816995431197323,0.12927456877528112,-0.09151100483337153,0.03029019608967598
6003,2022-04-18,Risk-Parity,0.042265933779117915,0.12916656822056405,-0.059876687345872995,0.03453265262186722
6004,2022-04-19,Risk-Parity,0.0638517740989053,0.12962967287110913,0.10685650740381121,0.0570398540482937
6005,2022-04-20,Risk-Parity,0.05948574407979246,0.12925709581867328,0.07338664094000234,0.052485945333269335
6006,2022-04-21,Risk-Parity,0.06128483442771537,0.12911867397379817,0.08739893371275934,0.05439967193943063
6007,2022-04-22,Risk-Parity,0.0392609197578625,0.13013300281788606,-0.08252387948940401,0.03129928988315345
6008,2022-04-25,Risk-Parity,0.04493599403432824,0.13025979752937974,-0.03887620019161774,0.03715066242159493
6009,2022-04-26,Risk-Parity,0.024336910596644,0.1319832538938132,-0.19444201174190762,0.015775836205077498
6010,2022-04-27,Risk-Parity,0.029944787592829925,0.13196753586154455,-0.1519708030936583,0.021489693270431598
6011,2022-04-28,Risk-Parity,0.04303089536500038,0.1333222150282367,-0.052272643636498375,0.03476042381330302
6012,2022-04-29,Risk-Parity,0.024152095148802344,0.13597373712514838,-0.19009483300004912,0.01504273317324234
6013,2022-05-02,Risk-Parity,0.017391441785703288,0.1357135223226877,-0.2402749383864855,0.008239370155757708
6014,2022-05-03,Risk-Parity,0.025030884906522166,0.1358218494803435,-0.18383724849138822,0.015955785971873082
6015,2022-05-04,Risk-Parity,0.04430828378989271,0.13831450589095462,-0.04115053712872725,0.03538240331372866
6016,2022-05-05,Risk-Parity,0.009863023140978311,0.14013502232167105,-0.2864164588841311,7.152860603554245e-05
6017,2022-05-06,Risk-Parity,0.0013047152171671295,0.1399786257193886,-0.34787657424534946,-0.008429156786652792
6018,2022-05-09,Risk-Parity,-0.012046495519363098,0.14128875054223558,-0.4391467493430447,-0.021762374168556642
6019,2022-05-10,Risk-Parity,-0.006017263779092619,0.1410591672908005,-0.39711891722436043,-0.015814360979975572
6020,2022-05-11,Risk-Parity,0.009825947495965548,0.1394672593749874,-0.2880536455944686,0.00012826638580798466
6021,2022-05-12,Risk-Parity,-0.003718670813290248,0.13854658963186745,-0.3877300116590837,-0.013202193593569667
6022,2022-05-13,Risk-Parity,-0.00328046705800189,0.1385943035348533,-0.38443475452512427,-0.012776079618974423
6023,2022-05-16,Risk-Parity,-0.0042270144356403305,0.13858377015954135,-0.3912941203231283,-0.013708673767907964
6024,2022-05-17,Risk-Parity,0.026276003744442167,0.13945115912841477,-0.17012405206120512,0.016719119577457864
6025,2022-05-18,Risk-Parity,-0.004568334910128535,0.1434386479879068,-0.3804297912423795,-0.014727320509076325
6026,2022-05-19,Risk-Parity,-0.024724825978583165,0.14349803474445263,-0.520737626209699,-0.0343981382672216
6027,2022-05-20,Risk-Parity,-0.025391393972877263,0.14349244653098456,-0.5254032236226307,-0.035040857142269344
6028,2022-05-23,Risk-Parity,-0.015979208704611225,0.14429259486648077,-0.4572598390490116,-0.0260251617909798
6029,2022-05-24,Risk-Parity,-0.00924150403381796,0.14424174258105052,-0.4107098470508959,-0.01943312025914601
6030,2022-05-25,Risk-Parity,-0.004849343480771817,0.14435457501111817,-0.3799626265849027,-0.015132627073724203
6031,2022-05-26,Risk-Parity,0.0018818487920658766,0.14477721387917142,-0.3323599751552942,-0.00854066863664249
6032,2022-05-27,Risk-Parity,0.020183289960905904,0.14582407945915501,-0.2044704149663135,0.009619512450756984
6033,2022-05-31,Risk-Parity,0.014055518898877017,0.14592951404426194,-0.24631399163174525,0.0034367016419192264
6034,2022-06-01,Risk-Parity,0.003297500213545246,0.14617231111981321,-0.31950305381827115,-0.007335341397001205
6035,2022-06-02,Risk-Parity,0.014809570960679808,0.14665205980552798,-0.23995864146733048,0.004088203977800076
6036,2022-06-03,Risk-Parity,-0.0025565752890214233,0.14677764398613072,-0.35806934804041135,-0.013216546569482901
6037,2022-06-06,Risk-Parity,0.0019718018386679637,0.1467193948731613,-0.32734730267155443,-0.008729417538738016
6038,2022-06-07,Risk-Parity,0.013961157216593967,0.14702918520741384,-0.2451135312527652,0.003181279656232272
6039,2022-06-08,Risk-Parity,0.003602631472531259,0.14759250924136266,-0.3143612691860511,-0.007239014189684312
6040,2022-06-09,Risk-Parity,-0.0192283944894176,0.1488422474562591,-0.46511253137159225,-0.02983013639039367
6041,2022-06-10,Risk-Parity,-0.04153690715487768,0.15028238601833138,-0.6090993733870584,-0.05144255990315705
6042,2022-06-13,Risk-Parity,-0.06975524015648316,0.1533282888881641,-0.7810381308294079,-0.07827454060832195
6043,2022-06-14,Risk-Parity,-0.07738753014058963,0.15347660777947786,-0.8300126773952796,-0.08530551481090654
6044,2022-06-15,Risk-Parity,-0.06396126350213538,0.15338565936058218,-0.7429720873333594,-0.07292518364695044
6045,2022-06-16,Risk-Parity,-0.07708402106260503,0.15487809150072174,-0.8205422718681474,-0.08522848936775917
6046,2022-06-17,Risk-Parity,-0.059256340607601654,0.15389816526566186,-0.7099262061961644,-0.06862744479615435
6047,2022-06-21,Risk-Parity,-0.051106049423733646,0.15496571994929925,-0.6524413880490015,-0.06115495365676915
6048,2022-06-22,Risk-Parity,-0.05114943263020777,0.15496539236655676,-0.6527227214121967,-0.0611956437143808
6049,2022-06-23,Risk-Parity,-0.04284116123451087,0.1550806497254983,-0.5986637365709074,-0.05337861592696147
6050,2022-06-24,Risk-Parity,-0.022235095459126497,0.15745361687964518,-0.45877063284193564,-0.0340175257844334
6051,2022-06-27,Risk-Parity,-0.028078866404939062,0.15739661121304913,-0.49606446926136777,-0.03963804763822987
6052,2022-06-28,Risk-Parity,-0.040197056941767006,0.15794115149244067,-0.5710801528889954,-0.051289100097252405
6053,2022-06-29,Risk-Parity,-0.04518322503453032,0.15796502696137069,-0.6025588503068262,-0.056012115343131774
6054,2022-06-30,Risk-Parity,-0.056845108677798906,0.1580359156568451,-0.6760811821396313,-0.06696960011905495
6055,2022-07-01,Risk-Parity,-0.05206930727458958,0.1581307341378074,-0.6454741883740226,-0.06251595756929451
6056,2022-07-05,Risk-Parity,-0.06084127569468434,0.1581681750794131,-0.7007811504370783,-0.07071094066634775
6057,2022-07-06,Risk-Parity,-0.050578976588994684,0.1579677490067081,-0.6367057657112251,-0.061093249230257385
6058,2022-07-07,Risk-Parity,-0.04419566370282835,0.1582109252408763,-0.5953802719971162,-0.05511556867896261
6059,2022-07-08,Risk-Parity,-0.03768400743031375,0.1579491945463689,-0.5551405797423835,-0.048902244949128315
6060,2022-07-11,Risk-Parity,-0.05584170392447152,0.15742001800595823,-0.6723522539583593,-0.06594244913424097
6061,2022-07-12,Risk-Parity,-0.06097300169029807,0.15744388562286077,-0.704841609131278,-0.07072769860783579
6062,2022-07-13,Risk-Parity,-0.05900073257717153,0.1573952198939302,-0.6925288623798609,-0.06888554127659785
6063,2022-07-14,Risk-Parity,-0.06324200060034113,0.15746227527647982,-0.7191690860652521,-0.07283702216500354
6064,2022-07-15,Risk-Parity,-0.04785457188484776,0.15799660652317296,-0.6193460355776419,-0.05853520411966262
6065,2022-07-18,Risk-Parity,-0.04814801633281396,0.15801444190254363,-0.621133202453402,-0.0588141521857618
6066,2022-07-19,Risk-Parity,-0.012701825087149121,0.15853021259225442,-0.39551971868239744,-0.024925734470102046
6067,2022-07-20,Risk-Parity,-0.0261365282836028,0.1580089241217285,-0.4818495455671097,-0.03786055776226127
6068,2022-07-21,Risk-Parity,-0.03387407186286562,0.15770294753150457,-0.5318484731942626,-0.045231683757327334
6069,2022-07-22,Risk-Parity,-0.03321500098626751,0.15768414489782448,-0.5277322018658808,-0.04459929747895264
6070,2022-07-25,Risk-Parity,-0.039650956767527834,0.15757050152115545,-0.5689577421030882,-0.050712478490043456
6071,2022-07-26,Risk-Parity,-0.04783986958886355,0.15752457625222793,-0.6211086036010192,-0.058448968978699445
6072,2022-07-27,Risk-Parity,-0.03178679126805539,0.15799932762567057,-0.5176401222530727,-0.043280519445293764
6073,2022-07-28,Risk-Parity,-0.022542205827096318,0.15831637380551675,-0.4582103801607442,-0.03444198806233445
6074,2022-07-29,Risk-Parity,-0.026500044627712827,0.15814835894862306,-0.48372329081558824,-0.038231030949528844
6075,2022-08-01,Risk-Parity,-0.019509252390626175,0.15819070217913586,-0.4394016300143455,-0.031489757820572284
6076,2022-08-02,Risk-Parity,-0.024381711902070946,0.1583808270675224,-0.4696383601429221,-0.036226798334315635
6077,2022-08-03,Risk-Parity,-0.02251795755161823,0.1584980533706423,-0.45753216528178714,-0.03444640914532926
6078,2022-08-04,Risk-Parity,-0.0144487726216187,0.158199002138911,-0.40739051289987077,-0.02657685145975963
6079,2022-08-05,Risk-Parity,-0.017459470927853493,0.15815170849682414,-0.42654911267814827,-0.029496100531938185
6080,2022-08-08,Risk-Parity,-0.02039520695410757,0.15811951024434592,-0.44520253601420945,-0.03233638137872752
6081,2022-08-09,Risk-Parity,-0.020405691868888187,0.15811976662971203,-0.44526812409080785,-0.03234656724752327
6082,2022-08-10,Risk-Parity,-0.00677536403784873,0.15894318805398208,-0.3572053935307126,-0.019192254992957736
6083,2022-08-11,Risk-Parity,-0.012938961502107826,0.15881525911833144,-0.3963029865739332,-0.02519954961874027
6084,2022-08-12,Risk-Parity,0.0037661991096072933,0.15941340211276803,-0.2900245542572839,-0.008871328041344162
6085,2022-08-15,Risk-Parity,0.006528578597116419,0.15946407768764997,-0.2726094932053172,-0.006137698535848113
6086,2022-08-16,Risk-Parity,0.009140399594597892,0.1595020409387366,-0.25616976538310215,-0.0035445896229744367
6087,2022-08-17,Risk-Parity,0.01016389399386397,0.15945164777831175,-0.2498318867266949,-0.0025161932128511255
6088,2022-08-18,Risk-Parity,0.02699543088313172,0.1590471155607158,-0.1446399643009329,0.014479563463115408
6089,2022-08-19,Risk-Parity,0.02317837855442495,0.15918521042737585,-0.1684931745453308,0.010592761024650565
6090,2022-08-22,Risk-Parity,0.0011200046624790794,0.16009883064089653,-0.3053113826119024,-0.011599594179635409
6091,2022-08-23,Risk-Parity,-0.009197737423098262,0.1598987697226001,-0.3702200931614251,-0.021714380539077704
6092,2022-08-24,Risk-Parity,-0.009188958537069691,0.15989880524775585,-0.3701651081467377,-0.021705797462015397
6093,2022-08-25,Risk-Parity,-0.0013810226500707845,0.16025212913433093,-0.3206261466080165,-0.0140923874204133
6094,2022-08-26,Risk-Parity,-0.029022865858186697,0.16347826630064577,-0.4833845357330814,-0.04148318060243028
6095,2022-08-29,Risk-Parity,-0.04213953573476037,0.1633336240248685,-0.5641186025525986,-0.05395332539021214
6096,2022-08-30,Risk-Parity,-0.049499899923135526,0.16360630006401994,-0.6081666774702487,-0.06093426040190564
6097,2022-08-31,Risk-Parity,-0.05736129326380379,0.16384923389416134,-0.6552444018942071,-0.06832638899847199
6098,2022-09-01,Risk-Parity,-0.051369470146100604,0.1638820902698294,-0.6185512399750168,-0.06273100296839562
6099,2022-09-02,Risk-Parity,-0.06591521863868022,0.16422218375540112,-0.7058438512261463,-0.07632052798451083
6100,2022-09-06,Risk-Parity,-0.06889618310309331,0.16428840571735137,-0.7237040409756442,-0.07908063951932653
6101,2022-09-07,Risk-Parity,-0.04513427537069459,0.16480416719641847,-0.5772564916839193,-0.05700913086275772
6102,2022-09-08,Risk-Parity,-0.04104766280361194,0.16481928096310297,-0.5524090523365054,-0.05314928903561422
6103,2022-09-09,Risk-Parity,-0.025162082341375736,0.16529619684186544,-0.45471150442306507,-0.03806066067324809
6104,2022-09-12,Risk-Parity,-0.013747103129138072,0.16552804028559526,-0.3851136219528211,-0.027053302478706076
6105,2022-09-13,Risk-Parity,-0.057563337836850303,0.16950126011428948,-0.6345872459256271,-0.06940309551123791
6106,2022-09-14,Risk-Parity,-0.04700067346844217,0.16936714343689496,-0.572724269300698,-0.05949792031294143
6107,2022-09-15,Risk-Parity,-0.06708582106293814,0.169461105787352,-0.6909303495863123,-0.07821905142472374
6108,2022-09-16,Risk-Parity,-0.07080871416383017,0.16955674470690477,-0.7124972490634903,-0.08166020466346602
6109,2022-09-19,Risk-Parity,-0.05896809974308903,0.1694643376801747,-0.6430149330223182,-0.07070437836231502
6110,2022-09-20,Risk-Parity,-0.05577357749358447,0.16920073390077076,-0.6251366353742668,-0.06768824170880561
6111,2022-09-21,Risk-Parity,-0.0657320201745526,0.16964466693587213,-0.682202525224685,-0.0769985395366527
6112,2022-09-22,Risk-Parity,-0.07947441796547827,0.16942451175606552,-0.7642012163617345,-0.08956606207929341
6113,2022-09-23,Risk-Parity,-0.10984942522989416,0.16949947010249772,-0.9430674038876458,-0.11682805422772402
6114,2022-09-26,Risk-Parity,-0.12311803291695489,0.16988634637018254,-1.0190226384628374,-0.12853195757311997
6115,2022-09-27,Risk-Parity,-0.1308542845931372,0.16994627801187534,-1.0641850278150817,-0.13526004012644433
6116,2022-09-28,Risk-Parity,-0.10153647246060526,0.17013799396554846,-0.8906680332159679,-0.10954745976937008
6117,2022-09-29,Risk-Parity,-0.11599686484724003,0.17079722925529017,-0.9718943660328643,-0.12243589421857304
6118,2022-09-30,Risk-Parity,-0.11673757041948574,0.17085430212403907,-0.9759050158329369,-0.12309460694452701
6119,2022-10-03,Risk-Parity,-0.10076094955810855,0.17267700587507673,-0.8730806327923976,-0.10923840343567381
6120,2022-10-04,Risk-Parity,-0.06502389343886639,0.17506061482146354,-0.6570518077762614,-0.07719220506025859
6121,2022-10-05,Risk-Parity,-0.0742320654476133,0.17493100450971885,-0.7101775113897044,-0.08563234389514307
6122,2022-10-06,Risk-Parity,-0.08487202418961926,0.17523409046237817,-0.7696677275166133,-0.09536082050377181
6123,2022-10-07,Risk-Parity,-0.11108716229424753,0.1758312181438014,-0.9161465409544304,-0.11887067125761108
6124,2022-10-10,Risk-Parity,-0.11398233955330417,0.17585766015729126,-0.932471974246868,-0.12142322484651535
6125,2022-10-11,Risk-Parity,-0.1091758225907632,0.1757526460689023,-0.9056809450729958,-0.11717196700790977
6126,2022-10-12,Risk-Parity,-0.1099366966302805,0.17577487199650474,-0.9098951107952495,-0.11784717754888008
6127,2022-10-13,Risk-Parity,-0.08684518641023231,0.17748419813142866,-0.7710274370955391,-0.09749904989040625
6128,2022-10-14,Risk-Parity,-0.11934835793473397,0.17746937696964776,-0.954239885361728,-0.12637342415044261
6129,2022-10-17,Risk-Parity,-0.10835832009586077,0.17822591014433983,-0.8885258039507897,-0.11683184405671232
6130,2022-10-18,Risk-Parity,-0.09223008094314333,0.17879239237515046,-0.7955040986571151,-0.10255624633533955
6131,2022-10-19,Risk-Parity,-0.10685261720425343,0.17870338775523584,-0.8777260418761019,-0.11557500078114658
6132,2022-10-20,Risk-Parity,-0.11631698548075964,0.17865460653803394,-0.9309414892996462,-0.1239021677970572
6133,2022-10-21,Risk-Parity,-0.09104074353046765,0.18022027156186707,-0.7826019920408918,-0.10171379826294602
6134,2022-10-24,Risk-Parity,-0.08374109464423518,0.1805692611343455,-0.740663686632302,-0.09518660815884206
6135,2022-10-25,Risk-Parity,-0.07329172785474092,0.18100268425354663,-0.6811596654668126,-0.08575011906736629
6136,2022-10-26,Risk-Parity,-0.06630206653551185,0.1811142843245483,-0.6421473986397672,-0.07935411416000537
6137,2022-10-27,Risk-Parity,-0.04864620893984117,0.18045344455977996,-0.546657389558236,-0.06283844503039615
6138,2022-10-28,Risk-Parity,-0.026417462738972164,0.18273246442411573,-0.41819313814763576,-0.04215709487444641
6139,2022-10-31,Risk-Parity,-0.029706915962267932,0.18279367199018207,-0.43604855186972247,-0.045313726221619
6140,2022-11-01,Risk-Parity,-0.03302565224480658,0.18271375669484813,-0.4544028525639066,-0.04846343772553785
6141,2022-11-02,Risk-Parity,-0.05561331030246208,0.18348154861639582,-0.5756072536932171,-0.069851216667276
6142,2022-11-03,Risk-Parity,-0.06862267129052124,0.18343507078744667,-0.6466738927365419,-0.08186880428167842
6143,2022-11-04,Risk-Parity,-0.05575704354997313,0.18428493530554282,-0.5738778559117101,-0.07012011792976758
6144,2022-11-07,Risk-Parity,-0.05007146635640625,0.18457386393873787,-0.5421757134023107,-0.06486622085983174
6145,2022-11-08,Risk-Parity,-0.04144954894162256,0.18480044249747613,-0.4948556816516904,-0.05680632834091581
6146,2022-11-09,Risk-Parity,-0.057889716343739406,0.18538142789670456,-0.5819877296654339,-0.07228924291137162
6147,2022-11-10,Risk-Parity,-0.014652955156015834,0.18976113261222557,-0.340707047149288,-0.032063894274895866
6148,2022-11-11,Risk-Parity,-0.013922379811812324,0.18977233664472068,-0.3368371857668782,-0.03135849110098199
6149,2022-11-14,Risk-Parity,-0.025226711604938612,0.18968398196723865,-0.3965896899925447,-0.042231663710163625
6150,2022-11-15,Risk-Parity,-0.021042615229332706,0.18975599205212348,-0.3743893115629162,-0.03822854542733456
6151,2022-11-16,Risk-Parity,-0.031242227174929305,0.18985709957399943,-0.42791250554875365,-0.04800771045962582
6152,2022-11-17,Risk-Parity,-0.023415885895149424,0.1897999519924319,-0.38680666209060377,-0.040516625281643015
6153,2022-11-18,Risk-Parity,-0.011689294708579046,0.18991077948273302,-0.32483303410477515,-0.029218315980156118
6154,2022-11-21,Risk-Parity,-0.00420803302733308,0.18980731101576956,-0.2855950739580804,-0.02190895511037405
6155,2022-11-22,Risk-Parity,0.008902202896810207,0.1903442583142549,-0.21591298559338776,-0.009101423695370037
6156,2022-11-23,Risk-Parity,0.00562930013074614,0.19027714365176643,-0.23318985674106188,-0.012326630943205852
6157,2022-11-25,Risk-Parity,0.0071114006454836565,0.19028148783464727,-0.22539554342662127,-0.010862565107970457
6158,2022-11-28,Risk-Parity,0.013045729092275637,0.18972004320988103,-0.19478316725261902,-0.004867817674636288
6159,2022-11-29,Risk-Parity,0.007800925685144121,0.1895696453798766,-0.2226045959536064,-0.010045254770284062
6160,2022-11-30,Risk-Parity,0.05332122299085662,0.18919675195939942,0.017554334080583656,0.03613459812755804
6161,2022-12-01,Risk-Parity,0.059677589896665384,0.18909270320824573,0.05117907636027371,0.042760656908253036
6162,2022-12-02,Risk-Parity,0.04662397853549016,0.18848272095302163,-0.017911570076236838,0.029356951392832453
6163,2022-12-05,Risk-Parity,0.03183847578847265,0.1890583803407757,-0.09606304771463395,0.014140860558230939
6164,2022-12-06,Risk-Parity,0.007550310840791941,0.1888260187053371,-0.22480847422542324,-0.010150135882077693
6165,2022-12-07,Risk-Parity,-0.006797509794993495,0.18814238659206325,-0.3018857729180602,-0.024127010089868728
6166,2022-12-08,Risk-Parity,-0.002143646818489664,0.18822444660454374,-0.27702908819300476,-0.019589788170501277
6167,2022-12-09,Risk-Parity,-0.005687537558443423,0.18833839176697342,-0.29567809853311416,-0.023079165998899587
6168,2022-12-12,Risk-Parity,0.0005187415748361124,0.18869132873878425,-0.26223387558875855,-0.017061642019901457
6169,2022-12-13,Risk-Parity,0.016396798868494433,0.18856700640282043,-0.17820297289824802,-0.0013067642501327636
6170,2022-12-14,Risk-Parity,0.01835077877101665,0.18852349928596526,-0.16787944924030748,0.00065464488533995
6171,2022-12-15,Risk-Parity,-0.016598061945454434,0.18989773636987856,-0.3507048752584192,-0.03396850986985733
6172,2022-12-16,Risk-Parity,-0.024744889908487,0.18994953247344196,-0.39349867796561994,-0.041816716131605314
6173,2022-12-19,Risk-Parity,-0.018663375302472418,0.189662265905309,-0.36202971094288927,-0.0359183945341246
6174,2022-12-20,Risk-Parity,-0.006090314227097604,0.18935792970612614,-0.2962131784718333,-0.023663300569030876
6175,2022-12-21,Risk-Parity,-0.009205767073271476,0.18911212047133327,-0.3130723029582138,-0.02665595564896972
6176,2022-12-22,Risk-Parity,-0.025529733965746204,0.1891793867731147,-0.3992492800303344,-0.04242938151193376
6177,2022-12-23,Risk-Parity,-0.02914574167993178,0.1890531542280867,-0.418642799180409,-0.0458635456807609
6178,2022-12-27,Risk-Parity,-0.03809636634454894,0.18867195354550886,-0.4669287866534945,-0.05429945003977543
6179,2022-12-28,Risk-Parity,-0.05036732763913654,0.189060504340323,-0.5308741134979089,-0.0659040656470623
6180,2022-12-29,Risk-Parity,-0.04235813002495448,0.1894260053915052,-0.4875683770772071,-0.0584555791146375
6181,2022-12-30,Risk-Parity,-0.04134048510020072,0.18941128159239637,-0.48223360473723464,-0.05749414790534413
6182,2023-01-03,Risk-Parity,-0.04062866051502534,0.1894159579110911,-0.4784637023959989,-0.056823732345223976
6183,2023-01-04,Risk-Parity,-0.030755247170611066,0.1898964583591594,-0.4252593643314568,-0.0475495252514504
6184,2023-01-05,Risk-Parity,-0.043581898243710504,0.1897064228039495,-0.4932985233737812,-0.05965650468767236
6185,2023-01-06,Risk-Parity,-0.013901584608121187,0.19122297998659563,-0.3341731449462851,-0.03159921185622683
6186,2023-01-09,Risk-Parity,-0.019210100441891198,0.19132352788482077,-0.3617438022758841,-0.036745231429590075
6187,2023-01-10,Risk-Parity,-0.011300243198804405,0.19146557155585575,-0.32016326852225463,-0.029121509883074048
6188,2023-01-11,Risk-Parity,-0.0025736426336140372,0.19153430264201635,-0.27448682511913197,-0.020624497046253798
6189,2023-01-12,Risk-Parity,-0.006411425431548379,0.19145516595780226,-0.2946456166347674,-0.024361326483152035
6190,2023-01-13,Risk-Parity,-0.005656001628548957,0.191459176144835,-0.29069383222690937,-0.023624755605606174
6191,2023-01-17,Risk-Parity,-0.010149089574798875,0.19157277895926125,-0.3139751372901984,-0.028023165938330097
6192,2023-01-18,Risk-Parity,-0.02665247468689924,0.1922818261018533,-0.39864648802688085,-0.044064627689471614
6193,2023-01-19,Risk-Parity,-0.02248344946158498,0.19202083333753012,-0.37747700706086995,-0.04002205204514242
6194,2023-01-20,Risk-Parity,-0.001279367952318089,0.19242608508571318,-0.26648865162681296,-0.01952331524275641
6195,2023-01-23,Risk-Parity,0.02211489184201043,0.192366920847348,-0.14495791706370187,0.0036961048041990185
6196,2023-01-24,Risk-Parity,0.029674324283338716,0.19214896846019983,-0.10578082140925665,0.01135391511644146
6197,2023-01-25,Risk-Parity,0.03037523919084817,0.19215203506863915,-0.1021314231834267,0.012062358807192197
6198,2023-01-26,Risk-Parity,0.03434537108345059,0.19212020361378795,-0.08148351199970266,0.016094051465846748
6199,2023-01-27,Risk-Parity,0.04268502616496406,0.19177596947928444,-0.03814332867093709,0.024670053117260782
6200,2023-01-30,Risk-Parity,0.034915141610324385,0.19195273372922617,-0.07858631704070825,0.01670602686817846
6201,2023-01-31,Risk-Parity,0.035475228672231296,0.19199249560525478,-0.07565280758489797,0.017267922191406715
6202,2023-02-01,Risk-Parity,0.03098190298017567,0.19176559521381595,-0.09917366563391844,0.012751338025057457
6203,2023-02-02,Risk-Parity,0.027612972660295165,0.1916750028603592,-0.11679680190752069,0.0093629502747401
6204,2023-02-03,Risk-Parity,0.015594631795282421,0.19163728503374627,-0.17953379061208774,-0.0026872536760490506
6205,2023-02-06,Risk-Parity,0.018055103008444817,0.19153726656467485,-0.16678162722327777,-0.00021130741593922142
6206,2023-02-07,Risk-Parity,0.03398753024597556,0.19154808349458172,-0.083595040273412,0.015841899489754008
6207,2023-02-08,Risk-Parity,0.025800906189415662,0.19173534837494485,-0.12621091528340517,0.007524299755877983
6208,2023-02-09,Risk-Parity,0.011838956998681427,0.19182590649214412,-0.19893581476640326,-0.006461353100907896
6209,2023-02-10,Risk-Parity,0.009084390835095046,0.19169682530105014,-0.21343915894615922,-0.009170034101509628
6210,2023-02-13,Risk-Parity,0.03581320755142414,0.19117894786068942,-0.0742068758476151,0.017770859036048137
6211,2023-02-14,Risk-Parity,0.041292249442351436,0.19101241631587645,-0.04558735356370025,0.023394346365487095
6212,2023-02-15,Risk-Parity,0.0486055123364898,0.19091100333635394,-0.007304386018302706,0.030924752873611183
6213,2023-02-16,Risk-Parity,0.026840174153252128,0.19084451263604763,-0.12135442369734312,0.008743916573822785
6214,2023-02-17,Risk-Parity,0.027702586027886,0.19084922537066987,-0.11683261448301754,0.00961324705931288
6215,2023-02-21,Risk-Parity,0.02196171339995623,0.19129207057072614,-0.14657317742649045,0.003748500824214185
6216,2023-02-22,Risk-Parity,0.025345736040815248,0.19121320982865958,-0.1289359871176092,0.007165840264407031
6217,2023-02-23,Risk-Parity,0.03652099279796317,0.19097921854839073,-0.07057839750570293,0.018528557482746066
6218,2023-02-24,Risk-Parity,0.0391522896526495,0.19085177521204388,-0.05683840422913683,0.021236707001908384
6219,2023-02-27,Risk-Parity,0.043402256948629314,0.19084085408264811,-0.03457196355091442,0.025587587769732467
6220,2023-02-28,Risk-Parity,0.013413529824228276,0.1893426620708572,-0.19322887813883205,-0.004431037737874677
6221,2023-03-01,Risk-Parity,0.017625142446079267,0.1892621391824701,-0.1710582882227053,-0.00021426562664461635
6222,2023-03-02,Risk-Parity,0.03678177968215901,0.18896036801857544,-0.06995234215749198,0.019179478307856046
6223,2023-03-03,Risk-Parity,0.02969505433844999,0.18845485376592017,-0.10774434967204821,0.012078144231884691
6224,2023-03-06,Risk-Parity,0.030471500972348964,0.18844987916831438,-0.10362701803703,0.012865126901942192
6225,2023-03-07,Risk-Parity,0.01678446929982602,0.1891654313381094,-0.17558985521411363,-0.0010382311613124084
6226,2023-03-08,Risk-Parity,0.038425272768251806,0.18813375780780622,-0.06152392514039247,0.021013837209176378
6227,2023-03-09,Risk-Parity,0.03412854077246341,0.1884233515443844,-0.08423297376598231,0.016580947123600698
6228,2023-03-10,Risk-Parity,0.007107105663011204,0.18797720914299562,-0.22818135524269786,-0.010437655521441602
6229,2023-03-13,Risk-Parity,0.010309951865032363,0.18787272274758024,-0.21126030194545015,-0.007243731877135895
6230,2023-03-14,Risk-Parity,0.03209684720375894,0.18802273913497325,-0.09521801925983633,0.014593239664855151
6231,2023-03-15,Risk-Parity,0.02200794064258682,0.18835484140029887,-0.14861343169790572,0.004346668871667347
6232,2023-03-16,Risk-Parity,0.019864704340645023,0.18821720587169075,-0.1601091436874186,0.002222156314076962
6233,2023-03-17,Risk-Parity,-0.0013862568432158051,0.1881705701307065,-0.2730833881595939,-0.01884276538991847
6234,2023-03-20,Risk-Parity,0.0027937548149660207,0.18841245281657001,-0.25054737348487194,-0.014777153112450425
6235,2023-03-21,Risk-Parity,0.007989667404288192,0.1885453874073822,-0.22281283659802203,-0.009669393410719929
6236,2023-03-22,Risk-Parity,-0.00889996723809594,0.1891514224663454,-0.3113905593206716,-0.0263674352369484
6237,2023-03-23,Risk-Parity,-0.013262709188022304,0.18903916742374885,-0.33465397700473926,-0.030585684368953037
6238,2023-03-24,Risk-Parity,0.005607304104212951,0.18865767878976886,-0.23530818454125135,-0.012047133228986429
6239,2023-03-27,Risk-Parity,0.0031293442127219295,0.1885525279549602,-0.24858142341360775,-0.014472856459739503
6240,2023-03-28,Risk-Parity,-0.0006357627609688832,0.18846098871025327,-0.2686803412605361,-0.01815968274364277
6241,2023-03-29,Risk-Parity,0.013321696083505086,0.1889973176331191,-0.19406785437926005,-0.004459382772209808
6242,2023-03-30,Risk-Parity,0.006222245204003829,0.188670859203475,-0.23203241338283925,-0.01144172927394127
6243,2023-03-31,Risk-Parity,0.02164988004868318,0.18894458757565966,-0.15004462586134942,0.0038755858031962465
6244,2023-04-03,Risk-Parity,0.042898306897951266,0.1886088640515512,-0.03765301878976207,0.02549754488890832
6245,2023-04-04,Risk-Parity,0.03078739979085465,0.18866355716507047,-0.1018352484064284,0.01314396993285638
6246,2023-04-05,Risk-Parity,0.03063198154014113,0.188661841272621,-0.10265996732148717,0.012986866160162869
6247,2023-04-06,Risk-Parity,0.03796732635544531,0.18845410652019232,-0.06384935763267875,0.020483824276650298
6248,2023-04-10,Risk-Parity,0.04366242360295214,0.18847832388514335,-0.03362496156804702,0.0263065684328041
6249,2023-04-11,Risk-Parity,0.03858077050612585,0.18837852190561402,-0.06061853218911916,0.021124348832896045
6250,2023-04-12,Risk-Parity,0.03556038819840068,0.18839617768907646,-0.07664492973647286,0.01804189044766158
6251,2023-04-13,Risk-Parity,0.050321863710836134,0.18846380192419157,0.0017078277502095569,0.033165735462464374
6252,2023-04-14,Risk-Parity,0.04909933172712433,0.18847755218679446,-0.0047786500961294765,0.031901009550391324
6253,2023-04-17,Risk-Parity,0.044377098614375776,0.18833314330721537,-0.029856143676484814,0.02706817381780935
6254,2023-04-18,Risk-Parity,0.05067301716426409,0.18827251289448915,0.0035746968790991585,0.033565474593905575
6255,2023-04-19,Risk-Parity,0.04825901291354984,0.1883058432512456,-0.009245528744040445,0.031067480243557988
6256,2023-04-20,Risk-Parity,0.02889868332746104,0.18789918940624706,-0.11230126505185131,0.011376786776207348
6257,2023-04-21,Risk-Parity,0.021307671168763975,0.18768942184875945,-0.15287131554146066,0.0037683757419271213
6258,2023-04-24,Risk-Parity,0.030871700397356094,0.1874804405801088,-0.10202824115121785,0.01345329629950931
6259,2023-04-25,Risk-Parity,0.03577721820177371,0.1871007665129447,-0.07601669444385885,0.018509546127357224
6260,2023-04-26,Risk-Parity,0.018235898832553832,0.18738066723701002,-0.16951642683217197,0.0007483704643944655
6261,2023-04-27,Risk-Parity,0.05671116455727088,0.18696788493804975,0.03589474502262548,0.04008193794291692
6262,2023-04-28,Risk-Parity,0.06145126503037024,0.18708693887809089,0.06120825483083071,0.04499952441785848
6263,2023-05-01,Risk-Parity,0.04028256396687868,0.18599562840546469,-0.052245507684393594,0.023319746394168783
6264,2023-05-02,Risk-Parity,0.05894001180640662,0.1840711107748663,0.04856825043741367,0.0429651484874376
6265,2023-05-03,Risk-Parity,0.05008502060579434,0.18420310522415825,0.00046155902578772596,0.033747306604867466
6266,2023-05-04,Risk-Parity,0.03683804493476961,0.1842734535020972,-0.07142621367912116,0.02013253869010967
6267,2023-05-05,Risk-Parity,0.022940825710016988,0.18272518407963992,-0.1480867261197526,0.006334019531561541
6268,2023-05-08,Risk-Parity,0.0457839087441515,0.18106603022652837,-0.02328482736697671,0.029897791424612352
6269,2023-05-09,Risk-Parity,0.04372250194950389,0.18109935777443567,-0.034663281679413314,0.027771121363145967
6270,2023-05-10,Risk-Parity,0.062094098388849835,0.17992772789561903,0.06721642367354268,0.047046958727074095
6271,2023-05-11,Risk-Parity,0.05979101604107795,0.1799761561971889,0.05440173991909532,0.044629781195360874
6272,2023-05-12,Risk-Parity,0.06725773536134971,0.17986669660923219,0.09594736372371841,0.05247767664690284
6273,2023-05-15,Risk-Parity,0.07344642350720565,0.18005542340339326,0.13021781329339166,0.058973910954992714
6274,2023-05-16,Risk-Parity,0.04921964279051305,0.17966637750477119,-0.004343368082134499,0.03370334421871202
6275,2023-05-17,Risk-Parity,0.05934558609623919,0.1799996620468046,0.05192002023764406,0.04415960795200258
6276,2023-05-18,Risk-Parity,0.04484967164375575,0.17904483278197375,-0.028765579415050216,0.029309173464912686
6277,2023-05-19,Risk-Parity,0.07860309718325753,0.1758054136609794,0.16269747664548787,0.06525953670200058
6278,2023-05-22,Risk-Parity,0.08532367943913188,0.17551647080554425,0.20125563872730323,0.07249508958181128
6279,2023-05-23,Risk-Parity,0.07637622981422887,0.17572256043434192,0.15010155639112854,0.06290633404810664
6280,2023-05-24,Risk-Parity,0.04903386140265609,0.1752708117374395,-0.005512261783731668,0.03432436469099609
6281,2023-05-25,Risk-Parity,0.04523080635447396,0.1752676371117575,-0.027210919962850962,0.03039954137678036
6282,2023-05-26,Risk-Parity,0.051752160957518445,0.17560085949430976,0.00997808873239154,0.03707999231881254
6283,2023-05-30,Risk-Parity,0.03590303192489919,0.1752105747641769,-0.08045729028669933,0.020844509192091687
6284,2023-05-31,Risk-Parity,0.010503516446950911,0.17452794771744984,-0.22630463527246367,-0.004639172898614707
6285,2023-06-01,Risk-Parity,0.027033738482225678,0.17478400047520312,-0.1313979623726062,0.011905290138610747
6286,2023-06-02,Risk-Parity,0.05241535258606511,0.1753524744380159,0.013774271471252575,0.03781260055573865
6287,2023-06-05,Risk-Parity,0.03416019393575809,0.17508366102399078,-0.09046992718567537,0.019089397506645733
6288,2023-06-06,Risk-Parity,0.04745969797196525,0.17483733059328113,-0.014529517348581454,0.03277575120652143
6289,2023-06-07,Risk-Parity,0.05374828096303075,0.17495740901880458,0.021423962460645932,0.03926796153468204
6290,2023-06-08,Risk-Parity,0.04732215120170302,0.1747215133503962,-0.015326382807403198,0.03265434574949122
6291,2023-06-09,Risk-Parity,0.059913301315085765,0.17421134570982094,0.056903878875937716,0.045829560213660026
6292,2023-06-12,Risk-Parity,0.0866989925264986,0.17321661050184592,0.21186762874630607,0.07440075274396785
6293,2023-06-13,Risk-Parity,0.11351846395693344,0.17198745099145185,0.3693203404711803,0.10383044606309344
6294,2023-06-14,Risk-Parity,0.14294963694694707,0.16913865061920003,0.5495469935858395,0.1373447138409165
6295,2023-06-15,Risk-Parity,0.16163606587926416,0.16932284747765514,0.659308932859733,0.15874911135796466
6296,2023-06-16,Risk-Parity,0.15601270140846446,0.16925763105317077,0.6263392719655961,0.15226802427290043
6297,2023-06-20,Risk-Parity,0.17045870075082437,0.16773185913853886,0.7181623179370532,0.16932826601435624
6298,2023-06-21,Risk-Parity,0.16732356429687156,0.16777026756688573,0.6993108254422831,0.16566296173571082
6299,2023-06-22,Risk-Parity,0.1431516851251351,0.16612737548629436,0.5607244733293231,0.13814718502327117
6300,2023-06-23,Risk-Parity,0.13620437110172534,0.1662569362788969,0.5185009000593939,0.1302475519545494
6301,2023-06-26,Risk-Parity,0.13215776333099605,0.16617006846263588,0.49441974773856223,0.12570165741340267
6302,2023-06-27,Risk-Parity,0.11395164307272365,0.1641217185186085,0.38965984301140905,0.10576711869113087
6303,2023-06-28,Risk-Parity,0.1136093309126367,0.16412614691809413,0.38756366433424183,0.10538803551679021
6304,2023-06-29,Risk-Parity,0.13387828996169127,0.16367818738724846,0.5124585706905617,0.12809398647372516
6305,2023-06-30,Risk-Parity,0.14616977602310655,0.1638420337295743,0.5869664446538632,0.14200746393524644
6306,2023-07-03,Risk-Parity,0.15463137950774763,0.16366792912416994,0.6392906665811537,0.15173869960740127
6307,2023-07-05,Risk-Parity,0.14274306824019445,0.16375806010295663,0.5663420058950734,0.13811862953091936
6308,2023-07-06,Risk-Parity,0.13807422179974238,0.16399186634451737,0.5370645737680325,0.13277671050234474
6309,2023-07-07,Risk-Parity,0.13343057558779514,0.16402101255034854,0.5086578499336173,0.12752613212965724
6310,2023-07-10,Risk-Parity,0.13248080109846372,0.16397449841332493,0.5030099307915379,0.12646479100311625
6311,2023-07-11,Risk-Parity,0.14323295368105426,0.1640793840585356,0.568218574295679,0.13861602540129936
6312,2023-07-12,Risk-Parity,0.15139661105018432,0.16401993259236375,0.618196882827551,0.1479550703825021
6313,2023-07-13,Risk-Parity,0.1600005488986177,0.16402821791784852,0.6706196671216053,0.15786696166056324
6314,2023-07-14,Risk-Parity,0.1574330032975786,0.16410731698608455,0.6546509032664787,0.15488477857659833
6315,2023-07-17,Risk-Parity,0.16271194101062625,0.16401563522969959,0.6872024173352506,0.16101100834145043
6316,2023-07-18,Risk-Parity,0.15344561170163884,0.16358009948483174,0.6323850641210242,0.150390014008571
6317,2023-07-19,Risk-Parity,0.16681195867991383,0.1632635546403212,0.7154809224707691,0.16592031610022162
6318,2023-07-20,Risk-Parity,0.15043387712090295,0.16214400735753,0.6194115882398583,0.14719729528307646
6319,2023-07-21,Risk-Parity,0.1555066185506736,0.16218331801448335,0.650539277666348,0.15302067682160558
6320,2023-07-24,Risk-Parity,0.15580123664475176,0.162186526693354,0.6523429461239411,0.15335962182738916
6321,2023-07-25,Risk-Parity,0.16038036950682655,0.1621121761268182,0.6808888273788729,0.15866373458724303
6322,2023-07-26,Risk-Parity,0.16309741218892715,0.1621143033638672,0.6976399357870283,0.16181373279465205
6323,2023-07-27,Risk-Parity,0.1618847591554582,0.16214913962475255,0.6900114266062911,0.16040006635467208
6324,2023-07-28,Risk-Parity,0.1549441594640284,0.1617870316891604,0.6486561893641539,0.1524457475937968
6325,2023-07-31,Risk-Parity,0.1473570524584451,0.16152675319390386,0.6027302012414835,0.1437878789043301
6326,2023-08-01,Risk-Parity,0.14087746254410405,0.16149442654377189,0.5627281664700198,0.13641064303641848
6327,2023-08-02,Risk-Parity,0.12589211371449915,0.16183537658012187,0.4689463782161763,0.1194550314401861
6328,2023-08-03,Risk-Parity,0.13351475647273858,0.1615808313126786,0.5168605446219505,0.128062912017336
6329,2023-08-04,Risk-Parity,0.11993327842495505,0.16128763726699982,0.4335935451096332,0.11290531865770825
6330,2023-08-07,Risk-Parity,0.13160667635048984,0.1615383973799365,0.5051843875766072,0.12592122733092692
6331,2023-08-08,Risk-Parity,0.12633594900041334,0.16161179116530758,0.4723414575755287,0.11999217632975423
6332,2023-08-09,Risk-Parity,0.12295883185476641,0.16165371722535582,0.45132789463206124,0.11621052935232279
6333,2023-08-10,Risk-Parity,0.12411839013658978,0.16162600443124453,0.45857961036288336,0.11750995677619636
6334,2023-08-11,Risk-Parity,0.11021937639472046,0.16085699637523296,0.3743659135238733,0.10222679027957149
6335,2023-08-14,Risk-Parity,0.1130135872689716,0.16087648978688632,0.39168922290911445,0.10530614049661557
6336,2023-08-15,Risk-Parity,0.08500755770241519,0.1609440992633433,0.21751376945565676,0.07477856488702206
6337,2023-08-16,Risk-Parity,0.07396124210193333,0.16104905834306027,0.14878225522369742,0.06295722950203997
6338,2023-08-17,Risk-Parity,0.06767495880759311,0.16104036806903857,0.10975483364528694,0.05629945290573679
6339,2023-08-18,Risk-Parity,0.07696941468464302,0.16087162380352346,0.16764556760850155,0.06618908765764897
6340,2023-08-21,Risk-Parity,0.07153250802110867,0.1608151470459123,0.13389601922859412,0.06041930386333405
6341,2023-08-22,Risk-Parity,0.07753042560036372,0.16063382697024012,0.1713862274193601,0.0668279499452391
6342,2023-08-23,Risk-Parity,0.10331508380167909,0.15982060853884061,0.3335932974421263,0.09482760946316016
6343,2023-08-24,Risk-Parity,0.09419771790504261,0.16022305325461172,0.27585117751318633,0.08482481137910902
6344,2023-08-25,Risk-Parity,0.1012237319500473,0.16038752375709517,0.3193747914434104,0.09244214091773717
6345,2023-08-28,Risk-Parity,0.09868059055514977,0.1602373372595741,0.3038030423351979,0.08969440042618171
6346,2023-08-29,Risk-Parity,0.14012401753283565,0.15697117815009656,0.5741437287720339,0.13638164584433699
6347,2023-08-30,Risk-Parity,0.14761507860195977,0.15688826139329912,0.6221949158914513,0.14493630858279705
6348,2023-08-31,Risk-Parity,0.15628616647620686,0.1565459953784882,0.6789452915689991,0.1549633592778472
6349,2023-09-01,Risk-Parity,0.17207893181344458,0.15634965193233608,0.7808071863586691,0.1733724603131972
6350,2023-09-05,Risk-Parity,0.15973037717480698,0.15659982236914158,0.7007056298962293,0.15893606264012083
6351,2023-09-06,Risk-Parity,0.166170966480911,0.15623800459498569,0.743551268348952,0.166485802633497
6352,2023-09-07,Risk-Parity,0.16832728383321938,0.15616901270830044,0.7576873400245953,0.16901475334416838
6353,2023-09-08,Risk-Parity,0.15393976141732935,0.155485004634882,0.6684873673921554,0.15244754887528478
6354,2023-09-11,Risk-Parity,0.15343558614959674,0.15547973886103444,0.6652673004683007,0.15186795039461276
6355,2023-09-12,Risk-Parity,0.13732582486915634,0.15505104713091558,0.5632069340068615,0.13354519487554772
6356,2023-09-13,Risk-Parity,0.12764743204659657,0.15482454398471915,0.5015188809744545,0.12267190386850357
6357,2023-09-14,Risk-Parity,0.1732070620763555,0.15032871321041277,0.8195843591363978,0.17579552578571356
6358,2023-09-15,Risk-Parity,0.1600544950119367,0.15070652079239755,0.7302570216158054,0.1603759917716019
6359,2023-09-18,Risk-Parity,0.1722189877607997,0.15024914753628313,0.8134421377085381,0.17464921532701383
6360,2023-09-19,Risk-Parity,0.17592875818054454,0.15011750317544897,0.8388679235716173,0.1790352824037167
6361,2023-09-20,Risk-Parity,0.1684465267867702,0.15012146828910858,0.7890045849982109,0.17025163397266363
6362,2023-09-21,Risk-Parity,0.16756755532055267,0.15020171056987103,0.7827311345156914,0.1692099452351814
6363,2023-09-22,Risk-Parity,0.17758899901885794,0.1496368251332096,0.8526577525637539,0.1810783554688582
6364,2023-09-25,Risk-Parity,0.1831472248511754,0.14954764090098194,0.8903331677383963,0.1876724264524119
6365,2023-09-26,Risk-Parity,0.1876590515593196,0.14910901925070538,0.923210763849675,0.19311801742154766
6366,2023-09-27,Risk-Parity,0.19775454106728318,0.14858184724714904,0.9944319834812007,0.20530972937278946
6367,2023-09-28,Risk-Parity,0.2123414597418547,0.14866034803024844,1.0920293265344874,0.22299197492948486
6368,2023-09-29,Risk-Parity,0.19448996077712766,0.14798701084542784,0.9763692093764037,0.20148884774956066
6369,2023-10-02,Risk-Parity,0.20271242254572364,0.14731164555898787,1.036662254136406,0.21152258778633737
6370,2023-10-03,Risk-Parity,0.2061596893224471,0.14700519485290262,1.0622732718983485,0.21575808217227732
6371,2023-10-04,Risk-Parity,0.1818574243452764,0.14463691795286301,0.911644317450463,0.18699126876548378
6372,2023-10-05,Risk-Parity,0.14858224417328914,0.14188589157369347,0.6947994834432636,0.14861043292483167
6373,2023-10-06,Risk-Parity,0.15778240725187254,0.14198775131997085,0.7590965153676092,0.15920354565750938
6374,2023-10-09,Risk-Parity,0.17499720264317953,0.1416640716138851,0.8823493580211907,0.179372856918266
6375,2023-10-10,Risk-Parity,0.1991349829086756,0.14060769479181406,1.0606459563218584,0.208346727958298
6376,2023-10-11,Risk-Parity,0.20344309443468944,0.14054189631526584,1.0917961010749666,0.21357067179318623
6377,2023-10-12,Risk-Parity,0.1988273904292034,0.14070572035305726,1.0577209658268856,0.20795872074180455
6378,2023-10-13,Risk-Parity,0.2017466315700165,0.14059602490244794,1.0793095443153913,0.211506075995195
6379,2023-10-16,Risk-Parity,0.18570974097290094,0.1388222833606762,0.9775789425701311,0.19253595016921699
6380,2023-10-17,Risk-Parity,0.20548717425437135,0.13775003148801346,1.1287632574363609,0.21651888973305167
6381,2023-10-18,Risk-Parity,0.1777107861356796,0.13722493199806637,0.9306675126461652,0.18330097699875725
6382,2023-10-19,Risk-Parity,0.15567395013201024,0.1368647188736457,0.7721051195784725,0.15758254006790473
6383,2023-10-20,Risk-Parity,0.1544080677324131,0.13693778733387518,0.7624489176084782,0.1561074075117328
6384,2023-10-23,Risk-Parity,0.15132356928306867,0.13708259202118553,0.739142496425874,0.15252614811800047
6385,2023-10-24,Risk-Parity,0.13550140925374665,0.13535468281606516,0.6316841610122597,0.13470586015365527
6386,2023-10-25,Risk-Parity,0.11350053295519946,0.13528958195321408,0.46936750072270345,0.11003475821175734
6387,2023-10-26,Risk-Parity,0.09598889118153642,0.13487170741517587,0.3409824941265755,0.09083397260677883
6388,2023-10-27,Risk-Parity,0.07969675177823188,0.13516214843807234,0.21971204306387693,0.07316965717521673
6389,2023-10-30,Risk-Parity,0.08925583457900843,0.1356090582274146,0.2894779677119866,0.08340912770790188
6390,2023-10-31,Risk-Parity,0.0681287451711623,0.1326624589273271,0.13665316712615194,0.06117593695260504
6391,2023-11-01,Risk-Parity,0.07724902790883004,0.13260228521228115,0.20549440656476956,0.07090419690576377
6392,2023-11-02,Risk-Parity,0.0928439933587657,0.13378478398505203,0.3202456369294786,0.08756161131253903
6393,2023-11-03,Risk-Parity,0.11855900255148966,0.13277153140219125,0.5163682442120131,0.11603129311585803
6394,2023-11-06,Risk-Parity,0.12425849679276846,0.13261066148155332,0.5599738057493825,0.12243113552272034
6395,2023-11-07,Risk-Parity,0.10439067863688156,0.13141767467010992,0.4138764346075616,0.10053127451995425
6396,2023-11-08,Risk-Parity,0.0902027318658154,0.13093032939861746,0.30705438572157073,0.0851016558131863
6397,2023-11-09,Risk-Parity,0.07368574221011348,0.13088220469589693,0.18096992074015705,0.06733826640288454
6398,2023-11-10,Risk-Parity,0.10151842458610993,0.13059076750102183,0.39450280882763644,0.09749546758810257
6399,2023-11-13,Risk-Parity,0.06129497410320639,0.124263710345111,0.0908951943559182,0.055064588368818335
6400,2023-11-14,Risk-Parity,0.07503369088254852,0.12534748132424378,0.1997143510031317,0.06951348020102421
6401,2023-11-15,Risk-Parity,0.08228893955652572,0.12529299934171276,0.25770745154295327,0.07730620746108774
6402,2023-11-16,Risk-Parity,0.07660219780284994,0.125197551112011,0.21248177433638168,0.07121185554194853
6403,2023-11-17,Risk-Parity,0.08781321928189778,0.12503577156960388,0.30241921017657114,0.08330683821798357
6404,2023-11-20,Risk-Parity,0.09012377664372562,0.12509561472665948,0.32074486968546567,0.08580382784716911
6405,2023-11-21,Risk-Parity,0.07971398929486262,0.12492515098412904,0.23785433966485733,0.07458588231053986
6406,2023-11-22,Risk-Parity,0.0835679240533258,0.1250086471786246,0.2685248165701743,0.07872274174574478
6407,2023-11-24,Risk-Parity,0.07159066849901041,0.124234602292969,0.17378949262537563,0.06598498740045544
6408,2023-11-27,Risk-Parity,0.06613974643829323,0.12426628400652004,0.12988033373112218,0.06018760108768717
6409,2023-11-28,Risk-Parity,0.06563702881758593,0.12426299803170164,0.12583817439843717,0.05965532967895948
6410,2023-11-29,Risk-Parity,0.08192660044781175,0.1233322536158433,0.2588665941940628,0.07717769901006188
6411,2023-11-30,Risk-Parity,0.0883820003142296,0.1236327547782561,0.3104517114665153,0.08411165016120514
6412,2023-12-01,Risk-Parity,0.07599943674854226,0.12213356475352409,0.2128770809319398,0.07096800405490766
6413,2023-12-04,Risk-Parity,0.07535608655121118,0.12213516962163352,0.20760675757656546,0.07027921597274323
6414,2023-12-05,Risk-Parity,0.06631239148881807,0.12230840927114832,0.13337097249506982,0.060623795313182294
6415,2023-12-06,Risk-Parity,0.0784830718304469,0.12143014591458297,0.23456343246497127,0.0737230002616629
6416,2023-12-07,Risk-Parity,0.09197700511102969,0.12099908993323018,0.3469200068710721,0.08836202395383763
6417,2023-12-08,Risk-Parity,0.09296905050768489,0.12101474298169089,0.3550728568186602,0.08943981791432787
6418,2023-12-11,Risk-Parity,0.0969905492086115,0.1212563246883369,0.3875307067849081,0.09379653922590836
6419,2023-12-12,Risk-Parity,0.10699495747583632,0.12098932529763444,0.4710742649041838,0.10482554218242979
6420,2023-12-13,Risk-Parity,0.10603020428004195,0.12088628320609011,0.4634951360405397,0.10377413685377745
6421,2023-12-14,Risk-Parity,0.11123956431510329,0.12126102874018234,0.5050226354776941,0.10948695175213508
6422,2023-12-15,Risk-Parity,0.11101561889369549,0.12126786760987254,0.5031474544434732,0.1092377057091054
6423,2023-12-18,Risk-Parity,0.1381150694054265,0.11858492532598043,0.7430545591120057,0.14006445197577433
6424,2023-12-19,Risk-Parity,0.1498526875670556,0.11857889224748745,0.8420780939549667,0.15351818032952647
6425,2023-12-20,Risk-Parity,0.1370052909781777,0.11998124763013385,0.7251574116514348,0.13860938778032028
6426,2023-12-21,Risk-Parity,0.14846423601188385,0.1206345199386781,0.8162194043789123,0.15163491775036952
6427,2023-12-22,Risk-Parity,0.14001842612123838,0.1200364096172958,0.7499260133507676,0.1420359345318183
6428,2023-12-26,Risk-Parity,0.15584395594549272,0.11981363325660555,0.8834049437329565,0.16027352837817443
6429,2023-12-27,Risk-Parity,0.1526225234738965,0.11974784418237758,0.8569884842152231,0.1565531198507426
6430,2023-12-28,Risk-Parity,0.15052099577750244,0.11971699487294513,0.83965518750437,0.15413083416689433
6431,2023-12-29,Risk-Parity,0.16135247804947073,0.11903645653062656,0.9354485280803125,0.1667870428909013
6432,2024-01-02,Risk-Parity,0.14727165573104228,0.11846864237607842,0.8210751282373411,0.15055931079964835
6433,2024-01-03,Risk-Parity,0.14323994672253237,0.11863864838731915,0.785915449897341,0.14590949145847487
6434,2024-01-04,Risk-Parity,0.14166504549633996,0.11863758285937923,0.7726476154271472,0.14410737905745585
6435,2024-01-05,Risk-Parity,0.12937480769157816,0.11787531988233549,0.6733793619462582,0.13024000785804724
6436,2024-01-08,Risk-Parity,0.1397425244817685,0.11795388141456688,0.7608272267561482,0.1420022414733748
6437,2024-01-09,Risk-Parity,0.11195861343809299,0.1155580108147799,0.5361689163843626,0.11102929792990257
6438,2024-01-10,Risk-Parity,0.11830979382247353,0.11535865294605756,0.5921514518240398,0.11813058563328704
6439,2024-01-11,Risk-Parity,0.10883784084955583,0.11518283884171057,0.5108212424805177,0.10761664401152982
6440,2024-01-12,Risk-Parity,0.10463016823583948,0.11506135308267211,0.4747916374370068,0.10298320603189537
6441,2024-01-16,Risk-Parity,0.09632492569516016,0.11524636360133528,0.40196431581484987,0.09384091386455196
6442,2024-01-17,Risk-Parity,0.09006219007655047,0.11536279257709205,0.3472713271029619,0.08699982296382625
6443,2024-01-18,Risk-Parity,0.10321234158628467,0.11525867446955627,0.46167754254661203,0.10139626387703848
6444,2024-01-19,Risk-Parity,0.13052090353061674,0.11445964092370199,0.7034872980624797,0.1319795961981507
6445,2024-01-22,Risk-Parity,0.14167716617186765,0.11397358857343473,0.8043720244256309,0.14473574874366046
6446,2024-01-23,Risk-Parity,0.12966406881298154,0.11315910962175352,0.7040004916905696,0.13117665679739843
6447,2024-01-24,Risk-Parity,0.10974560231873354,0.11301417873506087,0.5286558110446933,0.10889609410316115
6448,2024-01-25,Risk-Parity,0.12408107250955346,0.11365740040882769,0.6517927758604589,0.1248187331484032
6449,2024-01-26,Risk-Parity,0.1207844389992404,0.11368148656838127,0.6226558178992707,0.12111545803278911
6450,2024-01-29,Risk-Parity,0.12398825329992645,0.1137294456266767,0.6505637382846045,0.12470522494685587
6451,2024-01-30,Risk-Parity,0.12983740277535183,0.11367015590416653,0.7023602821717025,0.13130735622639556
6452,2024-01-31,Risk-Parity,0.13042594681173525,0.11362699851357914,0.7078066644708901,0.13197860312671406
6453,2024-02-01,Risk-Parity,0.12920275079634091,0.11348784295677315,0.6978963449548404,0.13061308080944323
6454,2024-02-02,Risk-Parity,0.11912045209546562,0.11330911311619614,0.6100167073462488,0.11929916484209668
6455,2024-02-05,Risk-Parity,0.10941032325496125,0.11345886538456754,0.5236287446872541,0.10846925385158301
6456,2024-02-06,Risk-Parity,0.11771199576658509,0.11333949197802254,0.5974263214424412,0.11772066024513195
6457,2024-02-07,Risk-Parity,0.12593649751726832,0.11313303010972728,0.6712142107713177,0.12697312802156535
6458,2024-02-08,Risk-Parity,0.11641751914230603,0.11288282176321154,0.5883757874304969,0.11633273576246084
6459,2024-02-09,Risk-Parity,0.12679086390667393,0.11254677972038667,0.6823017424172828,0.12801024213313683
6460,2024-02-12,Risk-Parity,0.13948987221520237,0.11228319205113421,0.7970014975567165,0.14245248939906952
6461,2024-02-13,Risk-Parity,0.1188360834118618,0.11287716256973095,0.6098318016218529,0.11903483455256292
6462,2024-02-14,Risk-Parity,0.11506949826821256,0.11262858461104698,0.5777352036601047,0.11486063084608733
6463,2024-02-15,Risk-Parity,0.12517757420359255,0.11278028136381796,0.6665843824336382,0.12616241898631841
6464,2024-02-16,Risk-Parity,0.12147881500146784,0.1128178555979269,0.633577146300424,0.12200199724453609
6465,2024-02-20,Risk-Parity,0.13085481709872349,0.11231905543869128,0.7198673171077158,0.1326297855303804
6466,2024-02-21,Risk-Parity,0.13377592351308365,0.11238467058010924,0.745439062824561,0.13593310440143447
6467,2024-02-22,Risk-Parity,0.1602091857751058,0.11124086995396647,0.990725673223451,0.1664928634309899
6468,2024-02-23,Risk-Parity,0.1665477659322422,0.11123329552627016,1.0477776944468655,0.17390644284769752
6469,2024-02-26,Risk-Parity,0.16333381590792118,0.11124885715521368,1.0187413947974187,0.17014006329105036
6470,2024-02-27,Risk-Parity,0.1722470812009652,0.11093038859183427,1.102016163044109,0.18065123322214593
6471,2024-02-28,Risk-Parity,0.17193229835868207,0.11092765348141762,1.099205604120238,0.18028025235221978
6472,2024-02-29,Risk-Parity,0.18082746673094008,0.11079272349324516,1.1808308578939881,0.19083628526649976
6473,2024-03-01,Risk-Parity,0.19541458473493978,0.11146607840133747,1.3045635660686792,0.20823216242521303
6474,2024-03-04,Risk-Parity,0.19010647103535927,0.11130818800167458,1.2587256476877644,0.20186153333152457
6475,2024-03-05,Risk-Parity,0.1761528621243338,0.11101926656058637,1.136315038214458,0.18525720630782394
6476,2024-03-06,Risk-Parity,0.18199746392761285,0.11109940162449022,1.1881023839692397,0.19218938056303814
6477,2024-03-07,Risk-Parity,0.20531361237361168,0.10989358206334056,1.413309216584567,0.2204553332940704
6478,2024-03-08,Risk-Parity,0.20057443444555467,0.1099456433190152,1.3695352530582054,0.21468276306569645
6479,2024-03-11,Risk-Parity,0.21666127111787936,0.10884897782284882,1.5311238970853707,0.23451356388453237
6480,2024-03-12,Risk-Parity,0.23007808284339448,0.10828918255446592,1.662936948968297,0.2512497502862103
6481,2024-03-13,Risk-Parity,0.23527037701063347,0.10815442730764163,1.7130170407507972,0.25777578079852415
6482,2024-03-14,Risk-Parity,0.2150882913554304,0.10791398418196467,1.5298136993724405,0.23269885068160745
6483,2024-03-15,Risk-Parity,0.21953698208146744,0.10750988504627085,1.5769431993021008,0.23824434171287212
6484,2024-03-18,Risk-Parity,0.2087080190794075,0.10702431515217137,1.4829155304918347,0.22498205329908028
6485,2024-03-19,Risk-Parity,0.223446002616302,0.10651627618963792,1.6283521056209727,0.24322144935563927
6486,2024-03-20,Risk-Parity,0.2191603222062365,0.10611462376801935,1.5941282756280928,0.23796149145606038
6487,2024-03-21,Risk-Parity,0.2212720727307972,0.10626644958307564,1.6117229229240626,0.24055649625904474
6488,2024-03-22,Risk-Parity,0.23282908398775337,0.10513375384609322,1.7390141348457837,0.2551148504785268
6489,2024-03-25,Risk-Parity,0.2294127608485611,0.1051338995097902,1.7065167532557277,0.25083818105258104
6490,2024-03-26,Risk-Parity,0.2274024576065644,0.10506273792988599,1.688538306749198,0.24833766262259593
6491,2024-03-27,Risk-Parity,0.23436649235428353,0.1056808702301612,1.7445588019170715,0.2569728424768063
6492,2024-03-28,Risk-Parity,0.2355420732993706,0.10570703087980363,1.7552481774873148,0.25844655551649165
6493,2024-04-01,Risk-Parity,0.22088451759641337,0.10486942251133294,1.6294980319734895,0.240259555532516
6494,2024-04-02,Risk-Parity,0.2113219309924118,0.10491527636473158,1.5376400518794415,0.2284600902302758
6495,2024-04-03,Risk-Parity,0.20146670055711502,0.10440863496300369,1.4507104763009875,0.21648631123977702
6496,2024-04-04,Risk-Parity,0.18494517745185923,0.10460639721880038,1.2900279623396322,0.19654329042582797
6497,2024-04-05,Risk-Parity,0.2009690094380151,0.10468149123088907,1.4421748072448901,0.215846948494407
6498,2024-04-08,Risk-Parity,0.19758060071379513,0.10469338994925662,1.4096458313683924,0.2117358727013705
6499,2024-04-09,Risk-Parity,0.20115807312745326,0.10467563985628124,1.4440616110395124,0.21607740148250376
6500,2024-04-10,Risk-Parity,0.18709407943582723,0.10521310254372958,1.3030133711611347,0.19903937314004172
6501,2024-04-11,Risk-Parity,0.1856370484899449,0.10521532320277523,1.2891377829875568,0.19729461840193663
6502,2024-04-12,Risk-Parity,0.1724470644612246,0.10643731497166456,1.150414819218449,0.18146337756323194
6503,2024-04-15,Risk-Parity,0.16151135987126908,0.10620181855957685,1.049994824794019,0.16865100710773318
6504,2024-04-16,Risk-Parity,0.16376391144676594,0.10615827281350797,1.0716443328596639,0.1712901185558675
6505,2024-04-17,Risk-Parity,0.15662229277204798,0.10620172353737851,1.0039600980159369,0.1629549098877905
6506,2024-04-18,Risk-Parity,0.15257106729754055,0.1062441774547455,0.9654276568824725,0.15825071648307576
6507,2024-04-19,Risk-Parity,0.15698481799917574,0.10616041621368062,1.0077656231474805,0.16338141751622226
6508,2024-04-22,Risk-Parity,0.16990898236680751,0.10618751388250466,1.12921922721993,0.17850169909316516
6509,2024-04-23,Risk-Parity,0.181360900715123,0.10688920060128083,1.2289445517057123,0.19197795429471887
6510,2024-04-24,Risk-Parity,0.18390545246771162,0.10692147265097984,1.2523719431438687,0.19500857049067988
6511,2024-04-25,Risk-Parity,0.19808172512359334,0.10618373201988972,1.3945801518433685,0.21215255010232936
6512,2024-04-26,Risk-Parity,0.21110172940919603,0.10544979206379368,1.527757677433207,0.2281206399999005
6513,2024-04-29,Risk-Parity,0.19682133343400843,0.10415885503811154,1.4095905084621636,0.2108823002603566
6514,2024-04-30,Risk-Parity,0.1785494747040567,0.10461531583168665,1.2287825514084114,0.18891720831933756
6515,2024-05-01,Risk-Parity,0.17605870143134938,0.10468109895418813,1.2042164506365833,0.18595350261137877
6516,2024-05-02,Risk-Parity,0.19004538156279926,0.10424853668736467,1.3433798306712665,0.2026998923624761
6517,2024-05-03,Risk-Parity,0.20097941939102082,0.10401092566836169,1.451572692203682,0.21594222745708902
6518,2024-05-06,Risk-Parity,0.21654636928263393,0.10394020472307398,1.60232866316129,0.23501234508996327
6519,2024-05-07,Risk-Parity,0.20608213128331543,0.10318325437414434,1.5126692042233794,0.22226143082790206
6520,2024-05-08,Risk-Parity,0.2090893039680608,0.10315629055264511,1.5422162149856549,0.2259428768750995
6521,2024-05-09,Risk-Parity,0.2181598092056778,0.10314908749602873,1.6302597850141136,0.23710486912190154
6522,2024-05-10,Risk-Parity,0.2230966006984716,0.10312612856721831,1.6784941227154286,0.24322487019171657
6523,2024-05-13,Risk-Parity,0.22634425187620888,0.103001272318355,1.712058966914179,0.24728141002733905
6524,2024-05-14,Risk-Parity,0.22670308140359596,0.10300350668108181,1.715505491970306,0.24772836431940637
6525,2024-05-15,Risk-Parity,0.2280024325605743,0.10311220545132911,1.7262983735188826,0.2493353958821003
6526,2024-05-16,Risk-Parity,0.23460733064867378,0.10268632281129511,1.7977791549505917,0.25766201151543
6527,2024-05-17,Risk-Parity,0.22493895852285473,0.10217193591391509,1.7122016624041407,0.2456368353116538
6528,2024-05-20,Risk-Parity,0.22091050613288243,0.10209915500494365,1.6739659218982463,0.24064250367411888
6529,2024-05-21,Risk-Parity,0.22014430723602296,0.10210741991836514,1.6663265742298974,0.23969207796547232
6530,2024-05-22,Risk-Parity,0.22428565572183035,0.10199953805565042,1.708690637664859,0.24484584889360894
6531,2024-05-23,Risk-Parity,0.22311039943488176,0.10211119290090266,1.6953126735370014,0.24337076694660476
6532,2024-05-24,Risk-Parity,0.23802123774517092,0.10152397822685859,1.8519884763088326,0.2621078497792022
6533,2024-05-28,Risk-Parity,0.23448666587691558,0.10167324619826167,1.8145055142349709,0.25763982959211984
6534,2024-05-29,Risk-Parity,0.2149119532037318,0.1013435932678567,1.6272558322247408,0.2333229756367461
6535,2024-05-30,Risk-Parity,0.21937412951521407,0.10125164762024796,1.672803687604815,0.23884532358275967
6536,2024-05-31,Risk-Parity,0.23386145157500637,0.10102410057836504,1.8199761296799062,0.25693627478706893
6537,2024-06-03,Risk-Parity,0.21654160109195808,0.10076891353107631,1.6527081145972464,0.2354039202743492
6538,2024-06-04,Risk-Parity,0.2007351733966909,0.0994974432759785,1.5149652939180864,0.21619836550356952
6539,2024-06-05,Risk-Parity,0.2138027812613259,0.099408452791691,1.6477751806938623,0.23219331087985395
6540,2024-06-06,Risk-Parity,0.2103372215757917,0.09937310806805295,1.6134870358084117,0.2279383212004482
6541,2024-06-07,Risk-Parity,0.2023268873659072,0.09922347665728046,1.53518998222615,0.21816731172187076
6542,2024-06-10,Risk-Parity,0.20382107056371956,0.09927367935811846,1.549464788232817,0.2199813451390369
6543,2024-06-11,Risk-Parity,0.20021255917492475,0.09938815094796039,1.511372912587699,0.21557668251756223
6544,2024-06-12,Risk-Parity,0.19301703243666124,0.09917857939051003,1.4420153355246177,0.20689299558018015
6545,2024-06-13,Risk-Parity,0.18620597319999832,0.09905647073523527,1.375033576191693,0.19872121724483938
6546,2024-06-14,Risk-Parity,0.18596590622241704,0.09906152729422746,1.3725399752678769,0.19843309242734963
6547,2024-06-17,Risk-Parity,0.1843847498781246,0.09889980482700411,1.358796916871483,0.19655992805852662
6548,2024-06-18,Risk-Parity,0.19191429943196625,0.09911300533646157,1.4318433685892784,0.20557152096494757
6549,2024-06-20,Risk-Parity,0.20105966432007183,0.09854983330495466,1.532825163210877,0.21670664759280323
6550,2024-06-21,Risk-Parity,0.2033961471502479,0.09848843617742915,1.5575041406272434,0.219557856660497
6551,2024-06-24,Risk-Parity,0.2049028328169673,0.09848498501344014,1.572857352781522,0.22139565560787733
6552,2024-06-25,Risk-Parity,0.20644119956426255,0.09839000676332663,1.5900110662719624,0.22328596402903567
6553,2024-06-26,Risk-Parity,0.2015427845925548,0.09844975064418471,1.5392906899303178,0.21730613859215264
6554,2024-06-27,Risk-Parity,0.18928986235707357,0.09807542821535287,1.4202320080746682,0.2025366791217631
6555,2024-06-28,Risk-Parity,0.19082378739541628,0.09804681900499336,1.4362912415164062,0.2043846702861083
6556,2024-07-01,Risk-Parity,0.18449472911740472,0.09784516531779812,1.3745669362463637,0.19681516877810434
6557,2024-07-02,Risk-Parity,0.18060952590851154,0.09759733826022234,1.338248852240922,0.19220620625081986
6558,2024-07-03,Risk-Parity,0.17934302924775414,0.09759572058530311,1.3252940648632483,0.19069849981794573
6559,2024-07-05,Risk-Parity,0.18527761107533613,0.09733000161571025,1.389886045717487,0.19781167609011274
6560,2024-07-08,Risk-Parity,0.19837401122808274,0.09676581109023626,1.5333309312079315,0.2136563708679584
6561,2024-07-09,Risk-Parity,0.20084638120459153,0.09670514200741903,1.5598589493102537,0.21666542919284693
6562,2024-07-10,Risk-Parity,0.20300195050802539,0.09689135561417236,1.5791083687309428,0.2192670861352306
6563,2024-07-11,Risk-Parity,0.19560594532782294,0.09665902417575391,1.5063874953162104,0.21031665934320798
6564,2024-07-12,Risk-Parity,0.19682330939694537,0.09670082474431944,1.518325306791867,0.21178495088837046
6565,2024-07-15,Risk-Parity,0.19568916392308022,0.09665687852450588,1.507281904268644,0.21041755294693032
6566,2024-07-16,Risk-Parity,0.2118069615755086,0.09691803254208091,1.6695237958452525,0.23003842887804482
6567,2024-07-17,Risk-Parity,0.20804629132653896,0.09700668677409563,1.6292308971915446,0.22541467892454747
6568,2024-07-18,Risk-Parity,0.19635511798328664,0.09736726840597518,1.5031244111014335,0.21114042159110347
6569,2024-07-19,Risk-Parity,0.183836250837199,0.09782445149307556,1.3681267698871027,0.1960306523310924
6570,2024-07-22,Risk-Parity,0.18738457601187786,0.09799021708780736,1.4020233865669456,0.20025967972995073
6571,2024-07-23,Risk-Parity,0.17646544721830304,0.0981898679517089,1.2879684009810508,0.18721123862235145
6572,2024-07-24,Risk-Parity,0.16811908252903607,0.09838872909512567,1.2005346914770532,0.1773272909704111
6573,2024-07-25,Risk-Parity,0.17054952105296872,0.09840950567682354,1.2249784228045297,0.18018786993788183
6574,2024-07-26,Risk-Parity,0.1829567019366708,0.09937048128292317,1.3379899163225593,0.19479959866259033
6575,2024-07-29,Risk-Parity,0.18729264481176,0.09923163148431582,1.3835572665502327,0.20000412565817616
6576,2024-07-30,Risk-Parity,0.1760339799566083,0.09931989040046156,1.2689701876274182,0.186568585384719
6577,2024-07-31,Risk-Parity,0.18529180332023742,0.09990232532974061,1.3542407834221,0.1975280927309795
6578,2024-08-01,Risk-Parity,0.17563111145666943,0.10061933762149818,1.2485782000400218,0.18593752267379315
6579,2024-08-02,Risk-Parity,0.16813590352254648,0.10173915860413976,1.1611645421818884,0.1769531978361416
6580,2024-08-05,Risk-Parity,0.14780396070043822,0.10408868215465011,0.9396214715748409,0.15299823957521297
6581,2024-08-06,Risk-Parity,0.15775680545096782,0.10423770772436032,1.0337603138387614,0.1645062665680852
6582,2024-08-07,Risk-Parity,0.14306127459507278,0.10397626678576335,0.895024196116021,0.14755913096772644
6583,2024-08-08,Risk-Parity,0.16832685777443768,0.10582621868124933,1.1181242158036517,0.1766799808827948
6584,2024-08-09,Risk-Parity,0.17204257934583245,0.10575533715475964,1.1540087018704168,0.1810661994822742
6585,2024-08-12,Risk-Parity,0.171632876755611,0.10576958927965287,1.149979664135935,0.18058096573787652
6586,2024-08-13,Risk-Parity,0.1788043963457948,0.1061292020585262,1.213656504029533,0.18902724357900458
6587,2024-08-14,Risk-Parity,0.18218889121224313,0.10625507831240752,1.244071279337689,0.19303963218414766
6588,2024-08-15,Risk-Parity,0.20843254265060873,0.10584507384812387,1.4968343531787047,0.22479381260970044
6589,2024-08-16,Risk-Parity,0.2181120289890458,0.1055933886666557,1.5920696467063213,0.23672953191037793
6590,2024-08-19,Risk-Parity,0.22685528000668664,0.10566389215790621,1.673753222552039,0.24757119464672517
6591,2024-08-20,Risk-Parity,0.22234600464680265,0.10571196728671094,1.6303357989674676,0.24195691366652827
6592,2024-08-21,Risk-Parity,0.2277829900118945,0.10576698403864736,1.680893065334381,0.24871454866616172
6593,2024-08-22,Risk-Parity,0.2261364122571523,0.10581806156834314,1.6645212513498342,0.24665526191734743
6594,2024-08-23,Risk-Parity,0.22721620185506097,0.105898537214823,1.6734527833520954,0.24799041525064847
6595,2024-08-26,Risk-Parity,0.2395119518924843,0.10519908707381376,1.8014600427046652,0.26350923840683826
6596,2024-08-27,Risk-Parity,0.23465217256270587,0.10500096342245903,1.7585759839153055,0.25741540949132524
6597,2024-08-28,Risk-Parity,0.22426451440060424,0.10475729393714871,1.6635072160718263,0.24446459999119607
6598,2024-08-29,Risk-Parity,0.22045364570566062,0.10453947397592725,1.63051945091011,0.239763224786242
6599,2024-08-30,Risk-Parity,0.22769423471865735,0.10490858421053018,1.6938007128383432,0.24871668428612415
6600,2024-09-03,Risk-Parity,0.21358049671370616,0.1061379837331565,1.5412059939349043,0.2310710456006566
6601,2024-09-04,Risk-Parity,0.2086989732797081,0.10598401700307712,1.4973859056040542,0.22510100886379925
6602,2024-09-05,Risk-Parity,0.21133277473441614,0.10577948271962814,1.5251802200813722,0.2283559127050534
6603,2024-09-06,Risk-Parity,0.20427204722603132,0.10639693298760237,1.4499670516255152,0.21964024621926326
6604,2024-09-09,Risk-Parity,0.2195625732138068,0.1069105343158592,1.5860230640401332,0.2383497326879771
6605,2024-09-10,Risk-Parity,0.2170477695226436,0.1069412107655826,1.562052349386766,0.2352380919098933
6606,2024-09-11,Risk-Parity,0.21563016906335575,0.10693578119405375,1.5488751025514158,0.2334904698131497
6607,2024-09-12,Risk-Parity,0.22461875672985365,0.10695756305194402,1.6325984974531433,0.24461521567273792
6608,2024-09-13,Risk-Parity,0.23257188341989032,0.10713416804607961,1.7041424481997574,0.2545207502637221
6609,2024-09-16,Risk-Parity,0.23200330159925964,0.1070959349515677,1.699441735875106,0.253813380480455
6610,2024-09-17,Risk-Parity,0.2423868027229329,0.10651312235041813,1.8062262984836597,0.26696680097992864
6611,2024-09-18,Risk-Parity,0.23639687984769853,0.10667328097979657,1.7473623960530589,0.2593861528801973
6612,2024-09-19,Risk-Parity,0.24690918379277907,0.10682500848959613,1.8432873217319368,0.2726618781597314
6613,2024-09-20,Risk-Parity,0.2482985920334834,0.10678027578023151,1.8570713606472524,0.2744356896309703
6614,2024-09-23,Risk-Parity,0.26564757393246796,0.1058345446510505,2.0375915505044646,0.29684676055112313
6615,2024-09-24,Risk-Parity,0.26940329852436495,0.10576664214441328,2.074409228429439,0.3017306513768676
6616,2024-09-25,Risk-Parity,0.2645485328109618,0.10587638866105165,2.026405844817854,0.2954180238754942
6617,2024-09-26,Risk-Parity,0.2867434791718868,0.10556777206226572,2.242573415608803,0.324503303112744
6618,2024-09-27,Risk-Parity,0.28829971408345234,0.10553384373600004,2.2580406971584868,0.32656852561635197
6619,2024-09-30,Risk-Parity,0.2789132409010565,0.10525799027791832,2.174782553767601,0.31422661544661645
6620,2024-10-01,Risk-Parity,0.2791866333667794,0.10524881911005786,2.177569642155517,0.31458683226878326
6621,2024-10-02,Risk-Parity,0.2859025949654317,0.10493165795587113,2.2481546519034343,0.3234793952206607
6622,2024-10-03,Risk-Parity,0.29165144943348853,0.10444833787834595,2.3135978450413166,0.3311685844719159
6623,2024-10-04,Risk-Parity,0.2953435356476095,0.1045708499513496,2.3461943339061775,0.336069783893139
6624,2024-10-07,Risk-Parity,0.295075793429981,0.10458496194157318,2.3433177091644746,0.33571055831331953
6625,2024-10-08,Risk-Parity,0.29138391709193656,0.10445149073654796,2.310966702244255,0.3308124557783212
6626,2024-10-09,Risk-Parity,0.2922093467845226,0.10449802422902287,2.3178366152998744,0.33190373282120267
6627,2024-10-10,Risk-Parity,0.28181525848475675,0.10446576248724461,2.2190548651101043,0.3181513845868802
6628,2024-10-11,Risk-Parity,0.29081012626594427,0.10482610655859659,2.297234288019027,0.32999833479390905
6629,2024-10-14,Risk-Parity,0.30618198512735584,0.1048291106698609,2.443805766264217,0.35057624726604986
6630,2024-10-15,Risk-Parity,0.3027974261842431,0.10502052145833772,2.407124080835281,0.34599134264701603
6631,2024-10-16,Risk-Parity,0.301811235908214,0.10495970684124613,2.3991228966472256,0.3446746586795424
6632,2024-10-17,Risk-Parity,0.2991007578111601,0.10494285781085178,2.3736799531430472,0.34104156370963135
6633,2024-10-18,Risk-Parity,0.31052402164095394,0.10428101179499935,2.4982882037345844,0.35652380353467983
6634,2024-10-21,Risk-Parity,0.31069006342980365,0.10426618335738531,2.5002359829001897,0.3567508883973838
6635,2024-10-22,Risk-Parity,0.31078572026653306,0.10425782535521759,2.5013539211853706,0.35688170282107934
6636,2024-10-23,Risk-Parity,0.31670804826985843,0.10393647108531608,2.566067959445454,0.3649770387994524
6637,2024-10-24,Risk-Parity,0.3029557042750395,0.10402019298461365,2.431794222035869,0.3463446850902634
6638,2024-10-25,Risk-Parity,0.3051696513053832,0.10380185051794687,2.4582379796905984,0.34935585649057366
6639,2024-10-28,Risk-Parity,0.3121989042327785,0.103608593144095,2.5306675467364177,0.35888972477356473
6640,2024-10-29,Risk-Parity,0.3178952838244158,0.10313296314646966,2.5975718688888083,0.36671020541814014
6641,2024-10-30,Risk-Parity,0.3052769417264327,0.10265603369600783,2.4867212626037793,0.3496592970038699
6642,2024-10-31,Risk-Parity,0.2891479351876799,0.10279183764354774,2.3265265090111096,0.3280715907912386
6643,2024-11-01,Risk-Parity,0.2897233504054014,0.1028093493620787,2.3317271424521198,0.3288327562540163
6644,2024-11-04,Risk-Parity,0.26999126602877166,0.10140898991511318,2.169346782892923,0.3030806596457103
6645,2024-11-05,Risk-Parity,0.27162650554378864,0.10153501429514483,2.18275938682156,0.3051945002175569
6646,2024-11-06,Risk-Parity,0.2948233194892912,0.10382035969583783,2.3581436262265827,0.33548293491707804
6647,2024-11-07,Risk-Parity,0.2961162343640502,0.10379396513512304,2.3711998481187853,0.33721234134237266
6648,2024-11-08,Risk-Parity,0.30482640862805566,0.1038733605069749,2.4532412101074224,0.3488856088345502
6649,2024-11-11,Risk-Parity,0.3127630285253086,0.10350368516885428,2.5386828314049024,0.35967268045750855
6650,2024-11-12,Risk-Parity,0.29017309940762115,0.10341398441407144,2.3224431470115663,0.32934896072081554
6651,2024-11-13,Risk-Parity,0.28823616658287177,0.10345046460126012,2.302900885956677,0.3267745536433022
6652,2024-11-14,Risk-Parity,0.2645281459841755,0.10252709650599386,2.092404381817581,0.2958435127074057
6653,2024-11-15,Risk-Parity,0.2561667819055763,0.10270799864608356,2.0073098942955387,0.28504092739121023
6654,2024-11-18,Risk-Parity,0.26281496186194264,0.10282880773622033,2.0696044867880046,0.2935878225829005
6655,2024-11-19,Risk-Parity,0.2536387538572721,0.10296126675977481,1.97781904075048,0.2817664542452001
6656,2024-11-20,Risk-Parity,0.2501877475619646,0.1028936226811678,1.9455797390114067,0.27736391467372323
6657,2024-11-21,Risk-Parity,0.2667219476430327,0.10360306171726057,2.0918488705911114,0.29854402269443203
6658,2024-11-22,Risk-Parity,0.2699962196774939,0.10377805817384267,2.119872192144602,0.30277487639103606
6659,2024-11-25,Risk-Parity,0.27356869071242906,0.10388337612553418,2.15211229217527,0.3074181316103004
6660,2024-11-26,Risk-Parity,0.2774128239578709,0.10379630660115109,2.19095294817888,0.3124600113667577
6661,2024-11-27,Risk-Parity,0.27291687893049965,0.10390587115140444,2.1453732735244637,0.30656409280553754
6662,2024-11-29,Risk-Parity,0.2748668821683773,0.1039299912992371,2.1636380351551896,0.3091083549949627
6663,2024-12-02,Risk-Parity,0.2627006956884178,0.10367802810805084,2.051550358063775,0.2933281122022111
6664,2024-12-03,Risk-Parity,0.24821352912359695,0.1035802955760048,1.9136219685543618,0.27475772470684623
6665,2024-12-04,Risk-Parity,0.2472049578898846,0.10359800881638147,1.9035593458114952,0.2734716229744367
6666,2024-12-05,Risk-Parity,0.25139173363574474,0.1033758830987283,1.9481500674911498,0.2788386390291986
6667,2024-12-06,Risk-Parity,0.25273908894969166,0.10334037073459003,1.961857573265227,0.28056581152723603
6668,2024-12-09,Risk-Parity,0.24011211632154794,0.10383759696743099,1.8308601303743313,0.2644481764918152
6669,2024-12-10,Risk-Parity,0.23542511533039578,0.10386126409090954,1.785315410450749,0.25853804647511236
6670,2024-12-11,Risk-Parity,0.224108716064797,0.10352535829972219,1.681797763604207,0.24443185049197846
6671,2024-12-12,Risk-Parity,0.21718026157909986,0.10366989337530509,1.6126211394264192,0.23582867806711483
6672,2024-12-13,Risk-Parity,0.20246386620369983,0.10301003886035227,1.4800874544896607,0.21787169180207866
6673,2024-12-16,Risk-Parity,0.1868454129742495,0.1025325885383836,1.3346528642746667,0.19907059710082087
6674,2024-12-17,Risk-Parity,0.1851168645882325,0.10261653567553232,1.3167162942965098,0.19699095904897534
6675,2024-12-18,Risk-Parity,0.1607509194869282,0.10512504460844298,1.0535160284539218,0.16788968986413
6676,2024-12-19,Risk-Parity,0.1512699618118255,0.10503265564660055,0.9641759621175794,0.15688716735285646
6677,2024-12-20,Risk-Parity,0.18106271079696956,0.10371845607941943,1.263639237905856,0.1920152270477531
6678,2024-12-23,Risk-Parity,0.17139434833384493,0.10300530133084378,1.1785252483650057,0.18063972249034177
6679,2024-12-24,Risk-Parity,0.17445425274799575,0.10317460351519134,1.2062489072678744,0.18423497511985532
6680,2024-12-26,Risk-Parity,0.1697859353215061,0.10300178470190455,1.1629500951675373,0.1787440292930278
6681,2024-12-27,Risk-Parity,0.16248428780862756,0.1032060050893068,1.08990060909045,0.1701496130379383
6682,2024-12-30,Risk-Parity,0.1487207168978999,0.10403254287459378,0.9489407272962939,0.1540651073541417
6683,2024-12-31,Risk-Parity,0.15235072848850617,0.10402488963026293,0.9839061483486571,0.15826040192354363
6684,2025-01-02,Risk-Parity,0.1522435247120213,0.10402728617740852,0.9828529462707968,0.1581360257781148
6685,2025-01-03,Risk-Parity,0.162235690683036,0.1038297357858073,1.0809590319537126,0.16978307187441533
6686,2025-01-06,Risk-Parity,0.15851856336819325,0.1039244808800465,1.044205970039431,0.1654342207950299
6687,2025-01-07,Risk-Parity,0.15767880648784793,0.10391920119616183,1.0361781581114093,0.16445719840717166
6688,2025-01-08,Risk-Parity,0.15067799297257412,0.10375027427566691,0.9703877283742915,0.1563585646674701
6689,2025-01-10,Risk-Parity,0.13980222106376572,0.10473266564159665,0.8574423319948327,0.1437398185748271
6690,2025-01-13,Risk-Parity,0.14708041208614908,0.10494821448605872,0.9250315744918671,0.15206398633156404
6691,2025-01-14,Risk-Parity,0.15706068154857533,0.105161149157517,1.018063062321743,0.1635867173183938
6692,2025-01-15,Risk-Parity,0.1660021417675932,0.10562622309832978,1.0982324120365854,0.17397394656512288
6693,2025-01-16,Risk-Parity,0.18045822566208525,0.10565805404898292,1.2347210710657706,0.1910527614658215
6694,2025-01-17,Risk-Parity,0.19103676101006817,0.10562342243316619,1.335279218956477,0.20371435452783526
6695,2025-01-21,Risk-Parity,0.19712497937707896,0.10610399288594362,1.386611147944553,0.21099876557181774
6696,2025-01-22,Risk-Parity,0.1841980022920643,0.10566879935868047,1.269987007579643,0.19551102542575038
6697,2025-01-23,Risk-Parity,0.19183052938276546,0.10597525132519849,1.3383363342780903,0.20462520684123175
6698,2025-01-24,Risk-Parity,0.1858009162895634,0.10606450229687521,1.2803616040120172,0.19737773450168405
6699,2025-01-27,Risk-Parity,0.20222876642465482,0.10587452379978973,1.4378224426541142,0.21722000253817275
6700,2025-01-28,Risk-Parity,0.17911745930331402,0.10579022454998752,1.2205046340770742,0.18944115931126881
6701,2025-01-29,Risk-Parity,0.18353996653147697,0.10576932159456114,1.2625585993958373,0.19471195863310564
6702,2025-01-30,Risk-Parity,0.19421466384066166,0.1066141255176117,1.3526787669129146,0.20741708479836274
6703,2025-01-31,Risk-Parity,0.18057270437970319,0.10729083807412113,1.2169977113003625,0.1909830237419341
6704,2025-02-03,Risk-Parity,0.1865048307981162,0.10699888495736003,1.275759376861867,0.198101402307854
6705,2025-02-04,Risk-Parity,0.17130542741921617,0.10636071099137369,1.1405097454552984,0.18012060868678614
6706,2025-02-05,Risk-Parity,0.18183159145887096,0.10656085590568569,1.237148391296254,0.19257446175588355
6707,2025-02-06,Risk-Parity,0.18796661134881698,0.10634042735959982,1.2974050864237205,0.19993615511254248
6708,2025-02-07,Risk-Parity,0.18057251477597625,0.10644166881841076,1.2267048818891844,0.19109004907488103
6709,2025-02-10,Risk-Parity,0.18493165875967743,0.10657392945031044,1.266085049651741,0.19627303743681712
6710,2025-02-11,Risk-Parity,0.19411318010351053,0.10679156272825714,1.3494809554404814,0.207271161149009
6711,2025-02-12,Risk-Parity,0.19085336198881342,0.10680263732414011,1.3188191370343343,0.20334365880411465
6712,2025-02-13,Risk-Parity,0.1951831629039219,0.10704464848062906,1.356286044791809,0.2085302787068155
6713,2025-02-14,Risk-Parity,0.20340850096459973,0.10629234941317178,1.4432694527080356,0.2186021775456619
6714,2025-02-18,Risk-Parity,0.20637644102460773,0.10647898434821806,1.4686131914370077,0.22219737167914877
6715,2025-02-19,Risk-Parity,0.2056905985954064,0.10643982150235444,1.462710068448983,0.22136514175019206
6716,2025-02-20,Risk-Parity,0.21087581499790453,0.10640385606996623,1.5119359479991032,0.22771406498020097
6717,2025-02-21,Risk-Parity,0.20310272298577425,0.10680532392254898,1.4334746374328526,0.21816351767654285
6718,2025-02-24,Risk-Parity,0.1977967596850595,0.10675289667455841,1.3844754033759419,0.21172893783122326
6719,2025-02-25,Risk-Parity,0.19184626155456963,0.10645966765447,1.3323943675547802,0.2045827261410249
6720,2025-02-26,Risk-Parity,0.1836887095827494,0.10654723035296994,1.2547366002838847,0.19479235959896668
6721,2025-02-27,Risk-Parity,0.18201406612388937,0.10659537769220402,1.2384595747207938,0.19278852482154218
6722,2025-02-28,Risk-Parity,0.19470208332692374,0.10740084700284595,1.3473085861519265,0.20790497476739866
6723,2025-03-03,Risk-Parity,0.18778872503849742,0.10757713561857787,1.2808365294930033,0.19956668166927982
6724,2025-03-04,Risk-Parity,0.16290224893583272,0.10979930510696596,1.028260140861947,0.16981700135027045
6725,2025-03-05,Risk-Parity,0.15869006654812723,0.10939780368165136,0.9935306093019595,0.16495347200662858
6726,2025-03-06,Risk-Parity,0.1497990559758714,0.10969495223191111,0.9097871319081451,0.15461045175341082
6727,2025-03-07,Risk-Parity,0.16240477239017126,0.1098938972221218,1.022848176573212,0.16922297262621422
6728,2025-03-10,Risk-Parity,0.14851382874873065,0.11019966886765699,0.8939575750181217,0.15306457156659947
6729,2025-03-11,Risk-Parity,0.12493643437097524,0.11139532793766051,0.6727071570982892,0.1260601820599141
6730,2025-03-12,Risk-Parity,0.12229941718374993,0.11150403274756146,0.6484018147346431,0.12308250287794098
6731,2025-03-13,Risk-Parity,0.11555047026062426,0.11164998169402207,0.5871068607988311,0.11551380084996765
6732,2025-03-14,Risk-Parity,0.12403608681301592,0.11217147680502038,0.6600259613387058,0.12495053076743345
6733,2025-03-17,Risk-Parity,0.1341282115389495,0.1126452238597817,0.7468422420081515,0.13629548157269622
6734,2025-03-18,Risk-Parity,0.13735041429124184,0.1124485278944218,0.7768035378218144,0.13998606882733577
6735,2025-03-19,Risk-Parity,0.15165397667626623,0.11243828692063668,0.9040868503094286,0.15640123181229826
6736,2025-03-20,Risk-Parity,0.14778731392110922,0.11251772051378442,0.8690836738834342,0.1519308284298555
6737,2025-03-21,Risk-Parity,0.13673441658413454,0.11266855853235756,0.7698191732809386,0.13925645701429135
6738,2025-03-24,Risk-Parity,0.1394594138755122,0.11289837843452852,0.7923888289271671,0.14233427493713013
6739,2025-03-25,Risk-Parity,0.1286425100048575,0.11255216015134599,0.6987205745239268,0.13009445057550328
6740,2025-03-26,Risk-Parity,0.13388607297662514,0.11248019476948073,0.7457852748969986,0.13604181441248864
6741,2025-03-27,Risk-Parity,0.13531050294776337,0.11247234488664688,0.7585020391789816,0.1376613147013528
6742,2025-03-28,Risk-Parity,0.1194074802105014,0.11315876556489465,0.6133637095103991,0.11963408121462882
6743,2025-03-31,Risk-Parity,0.11474097234502345,0.11270589935715415,0.5744239894654097,0.11447998317394115
6744,2025-04-01,Risk-Parity,0.10772740701073769,0.1127112300862084,0.5121708543734662,0.10669358279514363
6745,2025-04-02,Risk-Parity,0.1108050902608736,0.11272973109649373,0.5393882312096178,0.1101011014649953
6746,2025-04-03,Risk-Parity,0.07886088794286872,0.11849237336966778,0.24356747292781172,0.07448220372850378
6747,2025-04-04,Risk-Parity,0.013335042668740638,0.1349470737922149,-0.2716987949491541,0.0041637864917492
6748,2025-04-07,Risk-Parity,0.016102399140070278,0.1347943266403378,-0.2514764657000461,0.006967167361042748
6749,2025-04-08,Risk-Parity,-0.005981941006678482,0.1350894564245128,-0.4144064421338527,-0.015066869032619445
6750,2025-04-09,Risk-Parity,0.06373456148875489,0.15144354272273147,0.09069096801242059,0.05368651282043868
6751,2025-04-10,Risk-Parity,0.0349051044618679,0.15382303963785462,-0.09813156451510774,0.02337182802067317
6752,2025-04-11,Risk-Parity,0.061966306086723384,0.1543664653186533,0.07751881901306579,0.051352475724145474
6753,2025-04-14,Risk-Parity,0.07388404156228934,0.15479533380837607,0.15429432512388144,0.06388407974683541
6754,2025-04-15,Risk-Parity,0.08508792005811094,0.15404041501877788,0.22778385824157668,0.07599321478527465
6755,2025-04-16,Risk-Parity,0.07695447070355421,0.1544064462724378,0.17456829914986324,0.06721952693373723
6756,2025-04-17,Risk-Parity,0.08645100036827746,0.1546625648564494,0.2356808216785334,0.0773571747514823
6757,2025-04-21,Risk-Parity,0.07342126987541875,0.15554062385576,0.15057976041769236,0.06326908584322899
6758,2025-04-22,Risk-Parity,0.09239587087107637,0.1563514464826458,0.27115752252271036,0.08349517957674135
6759,2025-04-23,Risk-Parity,0.09886366471892805,0.1565037130938738,0.31222048188478907,0.09049730586279914
6760,2025-04-24,Risk-Parity,0.10549143342412148,0.15693852523929364,0.35358707073046813,0.09767226008036411
6761,2025-04-25,Risk-Parity,0.0882049572257716,0.15650693863092982,0.24411030948516238,0.07893949347487905
6762,2025-04-28,Risk-Parity,0.08768680916422478,0.15649783281223614,0.2408136169491936,0.0783823082396331
6763,2025-04-29,Risk-Parity,0.0892029668677673,0.15652438531549476,0.2504591651246465,0.08001351658906297
6764,2025-04-30,Risk-Parity,0.09354843480204356,0.15661329582047484,0.2780634592605914,0.08470021008248141
6765,2025-05-01,Risk-Parity,0.08335628453108568,0.1567661942927507,0.21277728072415264,0.07367901227568252
6766,2025-05-02,Risk-Parity,0.1083709090347239,0.15694845351573422,0.3719113360290114,0.10083509578188776
6767,2025-05-05,Risk-Parity,0.10740149243680464,0.15697454313095754,0.36567389394417205,0.09976440038454482
6768,2025-05-06,Risk-Parity,0.09912596661898099,0.15697696393469007,0.3129501640726071,0.09070405955967287
6769,2025-05-07,Risk-Parity,0.10001005442019917,0.15699978284661936,0.3185358190530518,0.09166450652370117
6770,2025-05-08,Risk-Parity,0.09702867953087058,0.15688039279919552,0.29977410619481654,0.08843612892412867
6771,2025-05-09,Risk-Parity,0.09355112332013915,0.15685922391961007,0.27764464359749086,0.08466260839595363
6772,2025-05-12,Risk-Parity,0.117468650362623,0.1588287018031476,0.42478877933689646,0.11056863339706946
6773,2025-05-13,Risk-Parity,0.10804477152713221,0.15882024311436718,0.3654746422049858,0.1001579600793101
6774,2025-05-14,Risk-Parity,0.09810859224125323,0.1589778828389514,0.30261185632965343,0.0892578348316122
6775,2025-05-15,Risk-Parity,0.11652735834747929,0.15983083260474243,0.4162360745000919,0.10934937104405074
6776,2025-05-16,Risk-Parity,0.1220043497354959,0.15996778311368784,0.450117819563224,0.11541485265861806
6777,2025-05-19,Risk-Parity,0.11588961411650023,0.15971392046324573,0.4125477223612648,0.10866284490871725
6778,2025-05-20,Risk-Parity,0.11761616182543377,0.15969233931895063,0.4234151876902826,0.11058158667967488
6779,2025-05-21,Risk-Parity,0.10177641844008256,0.1603730058279012,0.3228499595227681,0.0930167037818801
6780,2025-05-22,Risk-Parity,0.09707567571160414,0.16043292763599015,0.2934290136399878,0.08788235026228874
6781,2025-05-23,Risk-Parity,0.09639260900833546,0.16043861446442362,0.28916111724850857,0.08713880420755205
6782,2025-05-27,Risk-Parity,0.11026065926706996,0.16103012356256097,0.3742197915140915,0.10221070974392732
6783,2025-05-28,Risk-Parity,0.11314475804867574,0.16087975516697603,0.39249660706617945,0.10541962072942757
6784,2025-05-29,Risk-Parity,0.11415113042835734,0.16090756671659026,0.39868311812425833,0.10652723699729427
6785,2025-05-30,Risk-Parity,0.1201766304664863,0.16081146006966898,0.43639073008903345,0.113228817347375
6786,2025-06-02,Risk-Parity,0.12730269699676544,0.16062801351964937,0.4812528979405521,0.12121923501897647
6787,2025-06-03,Risk-Parity,0.13223400633687454,0.16071935948513,0.5116621084125398,0.1267427144474198
6788,2025-06-04,Risk-Parity,0.12325443243624946,0.16063160504888643,0.4560399705522166,0.11669099137870576
6789,2025-06-05,Risk-Parity,0.12877548880833412,0.16049264699468832,0.4908355010864845,0.12289530298652807
6790,2025-06-06,Risk-Parity,0.13697930225871047,0.16072455349052436,0.5411699729116896,0.1320986066889871
6791,2025-06-09,Risk-Parity,0.13296249029371565,0.16062069877482515,0.5165118252288338,0.127581362387033
6792,2025-06-10,Risk-Parity,0.13816041532744539,0.1606914940016416,0.5486314996022424,0.1334417518087494
6793,2025-06-11,Risk-Parity,0.13726372346751903,0.16070456788369247,0.5430071130938533,0.132424041226048
6794,2025-06-12,Risk-Parity,0.1341054154967133,0.16065016469768803,0.5235314613899283,0.12886484606731563
6795,2025-06-13,Risk-Parity,0.12658932844440807,0.16104501472102187,0.4755771457879878,0.12034491740804776
6796,2025-06-16,Risk-Parity,0.1335694717978143,0.16117709604970307,0.5184947107623997,0.12816459576944617
6797,2025-06-17,Risk-Parity,0.12701586725037772,0.16136791225081504,0.4772687839616561,0.12076451557299306
6798,2025-06-18,Risk-Parity,0.12578903076047676,0.1613875647345579,0.46960886289554415,0.11938751060467179
6799,2025-06-20,Risk-Parity,0.11749307777768014,0.1611087789991321,0.41892861578973134,0.11019332307480112
6800,2025-06-23,Risk-Parity,0.12105047908650146,0.16129951784309884,0.44048785784725353,0.11411409030856978
6801,2025-06-24,Risk-Parity,0.12914518746576265,0.16144261794371256,0.49023726494175685,0.12313892209020061
6802,2025-06-25,Risk-Parity,0.12453297824594413,0.16154060428159553,0.4613885071026427,0.1179556197868894
6803,2025-06-26,Risk-Parity,0.1297759200677866,0.16165316819339576,0.49350050456385547,0.12380915954855487
6804,2025-06-27,Risk-Parity,0.13935988437985491,0.16164066443645708,0.5528304693091841,0.13462804563170394
6805,2025-06-30,Risk-Parity,0.14819806007641922,0.16169627520291927,0.6072994566707641,0.14468460137743944
6806,2025-07-01,Risk-Parity,0.1601090943931911,0.16191672028279777,0.6800353552176613,0.15835124622978092
6807,2025-07-02,Risk-Parity,0.16263660280965386,0.16192178015638842,0.6956235455222046,0.16127986887064205
6808,2025-07-03,Risk-Parity,0.1667234971706465,0.16197444012288736,0.7206291133470829,0.16602263172540477
6809,2025-07-07,Risk-Parity,0.1559009950126259,0.16204559328199616,0.6535259174147,0.15346601260388426
6810,2025-07-08,Risk-Parity,0.1545198599228571,0.16205501756508878,0.6449652808860245,0.1518732469063815
6811,2025-07-09,Risk-Parity,0.15809123996508523,0.16206629303787937,0.6669569466849058,0.15598972364326746
6812,2025-07-10,Risk-Parity,0.1584017384387798,0.16207143349785855,0.6688516051177651,0.1563475313120879
6813,2025-07-11,Risk-Parity,0.15101549420605254,0.16228374271940282,0.6224621919197024,0.14780359468965565
6814,2025-07-14,Risk-Parity,0.14090777779072694,0.16199740785513136,0.5611681013564278,0.13631915482413537
6815,2025-07-15,Risk-Parity,0.13051765969322326,0.16235842918560792,0.49592534306411395,0.1245140910282323
6816,2025-07-16,Risk-Parity,0.13002730095339776,0.16234650683161608,0.49294131740328206,0.12396525187431662
6817,2025-07-17,Risk-Parity,0.12480392716877509,0.1623198327354297,0.4608428058862062,0.11811741923683816
6818,2025-07-18,Risk-Parity,0.11307506756615338,0.16202263017101684,0.3892978869654003,0.10513853933877204
6819,2025-07-21,Risk-Parity,0.11743737746411975,0.16197936805416646,0.4163331310291843,0.10997557451928985
6820,2025-07-22,Risk-Parity,0.12528283169220966,0.16175612755757648,0.46540945823157776,0.11875431960407234
6821,2025-07-23,Risk-Parity,0.14416550750136436,0.1617387365876498,0.5822075124862496,0.14007243230186828
6822,2025-07-24,Risk-Parity,0.13390282194984726,0.16165058358362874,0.519038162992098,0.1284543262661213
6823,2025-07-25,Risk-Parity,0.14540245096791993,0.1615556775081168,0.5905236661405896,0.1415163496815861
6824,2025-07-28,Risk-Parity,0.1484171722765496,0.1614638943117271,0.6095305250506494,0.1449778563700168
6825,2025-07-29,Risk-Parity,0.1457518761871167,0.16145049146797372,0.5930726832510796,0.14193444468444794
6826,2025-07-30,Risk-Parity,0.1241509382558289,0.16102035047226823,0.4605066256429467,0.11762096039022185
6827,2025-07-31,Risk-Parity,0.11528579128881011,0.16130600087538896,0.4047325637887722,0.10771046297892695
6828,2025-08-01,Risk-Parity,0.11451732770925627,0.16133720109227587,0.3998912047095447,0.10685436209606047
6829,2025-08-04,Risk-Parity,0.11421163390904543,0.16131631041205313,0.3980479949301376,0.10651987948612551
6830,2025-08-05,Risk-Parity,0.12536261395796033,0.16086973470710836,0.468469809409279,0.11900253586730392
6831,2025-08-06,Risk-Parity,0.14482452303232207,0.15978172810004046,0.5934628706290608,0.1411824099829564
6832,2025-08-07,Risk-Parity,0.16926770000660785,0.15827156745546384,0.7535636496439493,0.1696860691069486
6833,2025-08-08,Risk-Parity,0.17027260768941854,0.15831595951647143,0.7596998310009624,0.1708531670300637
6834,2025-08-11,Risk-Parity,0.17305591208390914,0.15824188511694803,0.7776443764744407,0.17412807494461346
6835,2025-08-12,Risk-Parity,0.16306488451662415,0.15727295425903956,0.7189086327608393,0.16263749405861705
6836,2025-08-13,Risk-Parity,0.17022864742190225,0.1574303611211865,0.7636941601712571,0.17096199862671924
6837,2025-08-14,Risk-Parity,0.1711523926952091,0.15741031308954267,0.7696598165476725,0.1720471280484055
6838,2025-08-15,Risk-Parity,0.15696001474817411,0.15724497396838255,0.6802126137887288,0.15557071723256355
6839,2025-08-18,Risk-Parity,0.15059127973003128,0.15714133995955648,0.6401325059078692,0.14825757591871924
6840,2025-08-19,Risk-Parity,0.14041324755907114,0.15671285763887735,0.5769357340634786,0.13671196807704789
6841,2025-08-20,Risk-Parity,0.1408753078676659,0.15672061608474175,0.5798554787363005,0.1372356536991659
6842,2025-08-21,Risk-Parity,0.1335612569757667,0.15663150295792638,0.5334894666637563,0.12896830887608823
6843,2025-08-22,Risk-Parity,0.14790311992674032,0.1570104175579935,0.6235453764752822,0.14520016473746988
6844,2025-08-25,Risk-Parity,0.13658521747946017,0.15712226875800403,0.5510690379147761,0.13229924293098616
6845,2025-08-26,Risk-Parity,0.1444381119933844,0.15713117524483228,0.6010144826208845,0.14121953732047743
6846,2025-08-27,Risk-Parity,0.13732885371202097,0.15689552233750456,0.5566051370424976,0.13318105158167381
6847,2025-08-28,Risk-Parity,0.13618494133064263,0.1568956767321952,0.5493136785263463,0.13188620772294168
6848,2025-08-29,Risk-Parity,0.13344490844011614,0.15688035800879904,0.5319015681710512,0.12879339606705553
6849,2025-09-02,Risk-Parity,0.13134538423609876,0.156926141780701,0.518367324354257,0.1264191153562182
6850,2025-09-03,Risk-Parity,0.12340427447320292,0.15690283836030022,0.46783267428625286,0.11751802133674705
6851,2025-09-04,Risk-Parity,0.12272041406077161,0.15686346540729407,0.4635905108430057,0.11676123190041543
6852,2025-09-05,Risk-Parity,0.1391220314869639,0.156057766025474,0.5710836042111234,0.1353632139409242
6853,2025-09-08,Risk-Parity,0.13412389338721542,0.15609995308546373,0.538910433503834,0.12969830676412686
6854,2025-09-09,Risk-Parity,0.14098729486340122,0.15596067513044984,0.5833989548153528,0.1374989926553043
6855,2025-09-10,Risk-Parity,0.15259368009523555,0.15545736593415607,0.6599473719288996,0.15086086772634566
6856,2025-09-11,Risk-Parity,0.15403477207094352,0.15557055854369212,0.6687304657437819,0.1524996099749798
6857,2025-09-12,Risk-Parity,0.14942307705388413,0.15570734939294792,0.6385252683415538,0.14717563439237535
6858,2025-09-15,Risk-Parity,0.14733575944301358,0.15572181446464103,0.6250618115236201,0.14478244904546456
6859,2025-09-16,Risk-Parity,0.14198100206798236,0.15563981579707548,0.590986320543504,0.13868671102073904
6860,2025-09-17,Risk-Parity,0.13846516374624618,0.15552780806898395,0.5688060858351948,0.1347120937351034
6861,2025-09-18,Risk-Parity,0.1361880879217967,0.15543770259833914,0.554486372875133,0.13214829570153586
6862,2025-09-19,Risk-Parity,0.13544865226117986,0.15544126880802533,0.5497166416385312,0.1313112804653822
6863,2025-09-22,Risk-Parity,0.141326163657429,0.1553465550200586,0.5878866360804513,0.13799320843666063
6864,2025-09-23,Risk-Parity,0.13473744002926624,0.15518007151437166,0.5460587767638608,0.13055294567628817
6865,2025-09-24,Risk-Parity,0.13369314563348722,0.15519900448837118,0.5392634180186267,0.12937024861699875
6866,2025-09-25,Risk-Parity,0.124362648692105,0.15527474226677015,0.4789101408672511,0.11887383170951304
6867,2025-09-26,Risk-Parity,0.1312510222976886,0.15545151724928158,0.5226775764909048,0.12657308999063432
6868,2025-09-29,Risk-Parity,0.13813749945039755,0.1554140672909209,0.5671140392034926,0.1343604174224664
6869,2025-09-30,Risk-Parity,0.13252736971915235,0.1551461911115209,0.5319329409758485,0.12806405004471322
6870,2025-10-01,Risk-Parity,0.13856582472531243,0.15522855662558413,0.5705511063852498,0.13487835553839078
6871,2025-10-02,Risk-Parity,0.13805413805527111,0.15523281712154993,0.5672391939284541,0.13429737297860922
6872,2025-10-03,Risk-Parity,0.14186103457064347,0.15521004796319826,0.5918497917894116,0.13862536217953414
6873,2025-10-06,Risk-Parity,0.14081180740398658,0.15522056384968458,0.5850501064532185,0.1374301309285475
6874,2025-10-07,Risk-Parity,0.14182694891307202,0.1551890471136179,0.5917102438669086,0.13859028986831023
6875,2025-10-08,Risk-Parity,0.13782493946871333,0.15508780841768485,0.5662917050976816,0.13406290950823552
6876,2025-10-09,Risk-Parity,0.13318639638822694,0.15530714670027487,0.5356250382267804,0.12877898285521971
6877,2025-10-10,Risk-Parity,0.11060655900729621,0.15657080552100366,0.3870872274407885,0.10336963060009152
6878,2025-10-13,Risk-Parity,0.11309783040794086,0.15670236384705585,0.402660361074868,0.10609813189479045
6879,2025-10-14,Risk-Parity,0.12172576802123747,0.15670860758381694,0.45770152084897014,0.1156772565277393
6880,2025-10-15,Risk-Parity,0.11558616876906369,0.1564618435420653,0.4191831521621476,0.10889398367758663
6881,2025-10-16,Risk-Parity,0.10620057111466463,0.15623535279081852,0.35971737581001173,0.09857806808798153
6882,2025-10-17,Risk-Parity,0.1194889025537268,0.15621844403792484,0.4448188111312715,0.11327028506029624
6883,2025-10-20,Risk-Parity,0.12020075609387793,0.1562506278228318,0.4492830337518809,0.11405714036577486
6884,2025-10-21,Risk-Parity,0.12204988447853815,0.1562616863981696,0.46108477477292936,0.1161161725816846
6885,2025-10-22,Risk-Parity,0.11779692892261495,0.1563086285890335,0.4337375967955459,0.11137357353431887
6886,2025-10-23,Risk-Parity,0.13066845671684812,0.15614179389137878,0.5166359032160585,0.12579342649463054
6887,2025-10-24,Risk-Parity,0.142303071101323,0.1559533748502548,0.5918632488072265,0.13899447215334426
6888,2025-10-27,Risk-Parity,0.1493228717348839,0.1560216631636938,0.6365966733137369,0.14700135491706634
6889,2025-10-28,Risk-Parity,0.1511498038617658,0.15595158230207964,0.6485974837102819,0.14911008540310133
6890,2025-10-29,Risk-Parity,0.15238931376146003,0.15588872053820504,0.6568102772795967,0.15054575131481918
6891,2025-10-30,Risk-Parity,0.1507124628450267,0.15588375415135172,0.6460741428336546,0.14862011570756306
6892,2025-10-31,Risk-Parity,0.15921793166937936,0.15583659662489419,0.7008490562218316,0.1584338153341618
6893,2025-11-03,Risk-Parity,0.1534146350289256,0.15601300726878334,0.6628590579679048,0.15170300937786507
6894,2025-11-04,Risk-Parity,0.15470986301193634,0.15594872751474753,0.6714377518856913,0.15320637326873188
6895,2025-11-05,Risk-Parity,0.15846718193645737,0.15608919609023456,0.6949051225412994,0.15751970141898863
6896,2025-11-06,Risk-Parity,0.15848984466293903,0.15608888191987733,0.6950517123867184,0.15754597437138207
6897,2025-11-07,Risk-Parity,0.15205744795865384,0.15584669368586163,0.6548579603772015,0.1501715743731753
6898,2025-11-10,Risk-Parity,0.13759073004541644,0.15444337047225842,0.5671381670678428,0.1339032512069167
6899,2025-11-11,Risk-Parity,0.14518687205565606,0.15458873445188656,0.6157426179414228,0.14251905570800494
6900,2025-11-12,Risk-Parity,0.14350289553472673,0.1545332169397959,0.605066647717262,0.1406074868068079
6901,2025-11-13,Risk-Parity,0.1344416506101902,0.15480959315130313,0.5454548965041279,0.13027612200487426
6902,2025-11-14,Risk-Parity,0.14112949299965005,0.15451036634936133,0.5897953331726518,0.13790919100091226
6903,2025-11-17,Risk-Parity,0.1336841584934092,0.15480176976205867,0.5405891587805339,0.12942212952536258
6904,2025-11-18,Risk-Parity,0.1365612175561487,0.15469239233193013,0.5595699714205115,0.13269366588529374
6905,2025-11-19,Risk-Parity,0.14316902041711477,0.15458041753113683,0.6027220129506243,0.14021860794669405
6906,2025-11-20,Risk-Parity,0.12147973017849012,0.15530502307534183,0.46025382027607536,0.11564079935244842
6907,2025-11-21,Risk-Parity,0.14068775301333236,0.15580599975142093,0.5820555893740883,0.13717866434524084
6908,2025-11-24,Risk-Parity,0.1452590365068478,0.1558944012904448,0.611048477163538,0.14237036605180275
6909,2025-11-25,Risk-Parity,0.1437513936161663,0.15577417136504415,0.6018417096661518,0.14067136472792208
6910,2025-11-26,Risk-Parity,0.14371187724856838,0.15577222763148832,0.6015955390344893,0.1406266571203636
6911,2025-11-28,Risk-Parity,0.14667209200814102,0.155902246011377,0.6200814579739047,0.143983307221057
6912,2025-12-01,Risk-Parity,0.13815843663202354,0.15612957298344093,0.5646491881545952,0.13425037441782628
6913,2025-12-02,Risk-Parity,0.14347541373217632,0.156075640759963,0.5989109721224025,0.1403034136138097
6914,2025-12-03,Risk-Parity,0.14410836854099918,0.15608821349132865,0.6029178400855186,0.1410227699361548
6915,2025-12-04,Risk-Parity,0.14548987775558686,0.15606369420346047,0.6118647789478606,0.1426036487944342
6916,2025-12-05,Risk-Parity,0.1541061016730504,0.15596278710368833,0.667506035294418,0.152503358132682
6917,2025-12-08,Risk-Parity,0.1521000816574779,0.15600079905745456,0.6544843505569147,0.1501883264677677
6918,2025-12-09,Risk-Parity,0.15366036038215614,0.15597858064314413,0.664580738936942,0.15198723295258842
6919,2025-12-10,Risk-Parity,0.16940835286129907,0.15660512652503264,0.7624804852235292,0.17014759641792288
6920,2025-12-11,Risk-Parity,0.1900873708458083,0.15663530571175946,0.8943537359552725,0.19457467895080782
6921,2025-12-12,Risk-Parity,0.18631626841062165,0.15674536066862044,0.8696670053208881,0.19006113916691048
6922,2025-12-15,Risk-Parity,0.19067607542466425,0.1567384127135223,0.8975213732818905,0.19525831096279855
6923,2025-12-16,Risk-Parity,0.18650862287961611,0.15694044928176673,0.8698115973564734,0.19025339920151096
6924,2025-12-17,Risk-Parity,0.1859490799994553,0.15695093396480972,0.8661884103852274,0.1895861266323995
6925,2025-12-18,Risk-Parity,0.19360429610886698,0.1569101352325669,0.9152008944229229,0.1987283895780141
6926,2025-12-19,Risk-Parity,0.2076757874720654,0.15701377962240218,1.0042162404551707,0.2156825490365144
6927,2025-12-22,Risk-Parity,0.2381328025298599,0.155486532255723,1.2099620449470492,0.2535472354808801
6928,2025-12-23,Risk-Parity,0.2434225986710561,0.15543829373202142,1.244369029195086,0.26019887482047577
6929,2025-12-24,Risk-Parity,0.2374804308391858,0.15516767991172115,1.2082440811504573,0.2527918161811342
6930,2025-12-26,Risk-Parity,0.2348340644865441,0.1551471531542635,1.191346800303598,0.2494878984244373
6931,2025-12-29,Risk-Parity,0.22497323947358383,0.1550159859658311,1.1287431962801033,0.23726345836563367
6932,2025-12-30,Risk-Parity,0.22000723454550275,0.15505508850936206,1.0964311857152493,0.23113238366980404
6933,2025-12-31,Risk-Parity,0.21711687306942518,0.1552080341190303,1.0767282378002538,0.22755297700412802
6934,2026-01-02,Risk-Parity,0.24350395460916197,0.1551768606715683,1.2469897494492619,0.26035328231668786
6935,2026-01-05,Risk-Parity,0.2480219730522681,0.15527848423831983,1.2752698741465431,0.2660351162373491
6936,2026-01-06,Risk-Parity,0.2625493703247225,0.15569920165230777,1.3651281963498243,0.2844598407304122
6937,2026-01-07,Risk-Parity,0.24818601358287837,0.15612665553620736,1.2693925512092776,0.26607637878521984
6938,2026-01-08,Risk-Parity,0.2600347990331311,0.15620714768937863,1.344591474461783,0.2811359662595003
6939,2026-01-09,Risk-Parity,0.2682315862098654,0.15641292445982286,1.3952273251301666,0.2916281599052335
6940,2026-01-12,Risk-Parity,0.27073013838684645,0.15640950629503828,1.4112322429461477,0.294856629167463
6941,2026-01-13,Risk-Parity,0.2836634603235705,0.15567110339885137,1.5010072853719787,0.3118453485457442
6942,2026-01-14,Risk-Parity,0.28365387907462647,0.15567072210380944,1.500949413717075,0.31183287052976305
6943,2026-01-15,Risk-Parity,0.2806209642670138,0.1555691690656347,1.4824336059140015,0.3078850889082132
6944,2026-01-16,Risk-Parity,0.2689404507888342,0.15529444855910315,1.4098408077060667,0.2927681334881951
6945,2026-01-20,Risk-Parity,0.24889840656500373,0.15566992672557398,1.2776931983506101,0.26706780195458224
6946,2026-01-21,Risk-Parity,0.25752037930695293,0.15616892616471978,1.3288199157370784,0.2779307041834882
6947,2026-01-22,Risk-Parity,0.24615181880298276,0.15576981801611797,1.2592414968520176,0.2635766921810261
6948,2026-01-23,Risk-Parity,0.24358462321876362,0.1558427971151917,1.2421788289366684,0.26032583378731267
6949,2026-01-26,Risk-Parity,0.23546262118723071,0.1556447370518026,1.1915765653258419,0.2501787020200028
6950,2026-01-27,Risk-Parity,0.24498335541842609,0.1556434150308441,1.2527568569462828,0.2621270670258782
6951,2026-01-28,Risk-Parity,0.24383892838181798,0.1555974829203121,1.2457716201044904,0.26069378158642453
6952,2026-01-29,Risk-Parity,0.2624158255398896,0.15534189235920903,1.3674085097965984,0.28436003293976153
6953,2026-01-30,Risk-Parity,0.2570397912074349,0.1553865637707712,1.3324175925073123,0.2774720266454469
6954,2026-02-02,Risk-Parity,0.2541682562883434,0.15516362112747767,1.3158255447042257,0.27385600020757805
6955,2026-02-03,Risk-Parity,0.26987867378766817,0.15470078408781796,1.4213158329103952,0.2940988025213145
6956,2026-02-04,Risk-Parity,0.2756597466567132,0.1547101723032976,1.4585966992159014,0.30159175512548786
6957,2026-02-05,Risk-Parity,0.27399207145811033,0.1547572725412068,1.4473767066324368,0.29941583885443435
6958,2026-02-06,Risk-Parity,0.28206168062603276,0.15532745393304087,1.4940158661589262,0.3098186030982617
6959,2026-02-09,Risk-Parity,0.282990582024932,0.15532346118186394,1.5000347033995707,0.31103530554222725
6960,2026-02-10,Risk-Parity,0.28738865487755083,0.1552282129447711,1.529288074468858,0.3168269145148459
6961,2026-02-11,Risk-Parity,0.2921435105688146,0.1554541190516193,1.5576525861525077,0.3230501285849574
6962,2026-02-12,Risk-Parity,0.2739127421691139,0.15573373544133412,1.4377921491099352,0.2991180511635343
6963,2026-02-13,Risk-Parity,0.2839878141180213,0.15590920961755567,1.5007953326938928,0.312222844728135
6964,2026-02-17,Risk-Parity,0.2721051303730567,0.15576843897404286,1.4258673440905971,0.29676741476624047
6965,2026-02-18,Risk-Parity,0.2825063346187462,0.15572059197438756,1.4930994781794056,0.3103205996399019
6966,2026-02-19,Risk-Parity,0.2693170007723312,0.1556124859276735,1.4093791990076343,0.2931918246223044
6967,2026-02-20,Risk-Parity,0.2659387379990733,0.1555301097144602,1.3884047172313971,0.2888514237903941
6968,2026-02-23,Risk-Parity,0.25619405861258315,0.1557328071265503,1.3240245418874872,0.2763255979571222
6969,2026-02-24,Risk-Parity,0.2704824034212786,0.1555069542796613,1.4178298613241853,0.29471943201834283
6970,2026-02-25,Risk-Parity,0.27109285089996993,0.1555007428755603,1.421812184375864,0.2955104283027603
6971,2026-02-26,Risk-Parity,0.2661355762911902,0.1555172000387039,1.3897856715360108,0.28910763011284635
6972,2026-02-27,Risk-Parity,0.27941780423787443,0.1556103221595017,1.4743096798085125,0.30630677178165433
6973,2026-03-02,Risk-Parity,0.28043997874257554,0.15558550119959594,1.4811147373362963,0.3076462828995776
6974,2026-03-03,Risk-Parity,0.2499517924382623,0.15606469185699115,1.2812109520677923,0.26832341766806334
6975,2026-03-04,Risk-Parity,0.25915487996976894,0.1559559294728919,1.3411152796606174,0.28005961116148215
6976,2026-03-05,Risk-Parity,0.2666134567414923,0.15505409707665535,1.3970185943193965,0.2898159556892117
6977,2026-03-06,Risk-Parity,0.2490081719361761,0.15515532971470325,1.282638323170133,0.26730952669098684
6978,2026-03-09,Risk-Parity,0.2576279067035142,0.1549222621218291,1.3402070422922046,0.2783157258237472
6979,2026-03-10,Risk-Parity,0.24715362593687762,0.15475861838096447,1.273942789095924,0.2650410900192881
6980,2026-03-11,Risk-Parity,0.2493058079936511,0.15463779496760557,1.2888557291922254,0.26778769778725553
6981,2026-03-12,Risk-Parity,0.2513087167349749,0.15441872704335252,1.3036548130490557,0.2703704613381064
6982,2026-03-13,Risk-Parity,0.25740747118505913,0.1542852807312904,1.3443114612228535,0.27816023462270967
6983,2026-03-16,Risk-Parity,0.2706675060769479,0.15430912643410163,1.4300353529069125,0.29519908998401556
6984,2026-03-17,Risk-Parity,0.2619692751828955,0.15395996989311495,1.3767817396304565,0.2840619889370919
6985,2026-03-18,Risk-Parity,0.23608546810819542,0.15448503360172688,1.2045533717391463,0.25118115132495267
6986,2026-03-19,Risk-Parity,0.2376246969188004,0.15443637406139085,1.2148996508051704,0.2531160866179749
6987,2026-03-20,Risk-Parity,0.22053931033686314,0.1546369201490177,1.1028369562231382,0.2318685515819503
6988,2026-03-23,Risk-Parity,0.23418606285966292,0.15483884080231675,1.1895339819471646,0.24874098413775703
6989,2026-03-24,Risk-Parity,0.24556844067577144,0.15470940248167134,1.2641018421549444,0.26304750912027286
6990,2026-03-25,Risk-Parity,0.2407097306532422,0.154457253727746,1.2347088016299748,0.2569798062074713
6991,2026-03-26,Risk-Parity,0.22976752746974416,0.15500305658910538,1.1597676292686696,0.24320801122368718
6992,2026-03-27,Risk-Parity,0.22098265428307085,0.15521243782515934,1.101604076830982,0.23230408260590796
6993,2026-03-30,Risk-Parity,0.21386635450792457,0.15538689078737206,1.0545700070165869,0.22354014941622724
6994,2026-03-31,Risk-Parity,0.2428681743840364,0.15563001189093637,1.239273659628042,0.2594668032914409
6995,2026-04-01,Risk-Parity,0.23757461396905533,0.15544387471789012,1.2067031544953328,0.2528595189095366
6996,2026-04-02,Risk-Parity,0.2395004181208109,0.1554048831100407,1.2193980930871233,0.255279906894998
6997,2026-04-06,Risk-Parity,0.24286794955522617,0.15547827042630116,1.2404817022109096,0.25949594012299326
6998,2026-04-07,Risk-Parity,0.27616430892967614,0.15095082194446202,1.498264838947924,0.3030153225014429
6999,2026-04-08,Risk-Parity,0.3651906048806608,0.13793459410394143,2.285072913928663,0.426986214702364
7000,2026-04-09,Risk-Parity,0.37292222498495564,0.13773346277642998,2.3445444445778985,0.4380854222826991
7001,2026-04-10,Risk-Parity,0.3788595405070193,0.13724174734500802,2.3962063065279176,0.44673465736591367
7002,2026-04-13,Risk-Parity,0.315504419527613,0.11972028672404161,2.217706178231995,0.3609484115774737
7003,2026-04-14,Risk-Parity,0.3446338421711891,0.11637275052711336,2.531811277439414,0.4016823757039023
7004,2026-04-15,Risk-Parity,0.3216386810020696,0.11557939523241963,2.350234489943722,0.36998316744307336
7005,2026-04-16,Risk-Parity,0.31485149730594786,0.11515929499479122,2.2998707774125173,0.3607929995282617
7006,2026-04-17,Risk-Parity,0.3305187965386571,0.11544674770868842,2.429854474952399,0.3822081634961769
7007,2026-04-20,Risk-Parity,0.3380774893354286,0.11490610243355838,2.507068669412073,0.39276840372926647
7008,2026-04-21,Risk-Parity,0.3172230236317557,0.11536141778367008,2.3163985738530193,0.363988420551538
7009,2026-04-22,Risk-Parity,0.33321148194981176,0.11397489046986012,2.4848585577250906,0.3861648047131625
7010,2026-04-23,Risk-Parity,0.3241913432264376,0.11312636724976545,2.423761585316938,0.3738638034143562
7011,2026-04-24,Risk-Parity,0.3202223580984911,0.11298473545493286,2.391671379416354,0.3684503758946591
7012,2026-04-27,Risk-Parity,0.3010142268148924,0.11245034101658095,2.232222904311869,0.34252689778220846
7013,2026-04-28,Risk-Parity,0.3027426796601941,0.11237785958373447,2.249043366695124,0.3448575576117028
7014,2026-04-29,Risk-Parity,0.30383249280129976,0.1123989926387008,2.258316438984713,0.34631906594455164
7015,2026-04-30,Risk-Parity,0.312888108325147,0.11297532100005468,2.326951638623977,0.3584641867620961
7016,2026-05-01,Risk-Parity,0.3044192842032212,0.11295523415697564,2.2523903925483504,0.3470250939078108
7017,2026-05-04,Risk-Parity,0.30282712627895914,0.11308376082018111,2.23575095526748,0.3448651108528966
7018,2026-05-05,Risk-Parity,0.30222073595012977,0.11301632428534139,2.2317195108321504,0.3440608778818832
7019,2026-05-06,Risk-Parity,0.3232787120801349,0.1139522536430597,2.398186111668701,0.37248528378543533
7020,2026-05-07,Risk-Parity,0.3160501588655895,0.11450223923668482,2.3235367328986785,0.3625266196312422
7021,2026-05-08,Risk-Parity,0.3231560451914681,0.11494734489681993,2.376358022333277,0.3721616270022099
7022,2026-05-11,Risk-Parity,0.32275443277467053,0.11493444366765909,2.373130491355219,0.3716133788350975
7023,2026-05-12,Risk-Parity,0.31832682758795894,0.1150850014667686,2.3315534098110926,0.36553792829716714
7024,2026-05-13,Risk-Parity,0.29373487637155904,0.11252212816235661,2.166106172644348,0.33278607655575887
7025,2026-05-14,Risk-Parity,0.30019518080618224,0.11240270007384269,2.2258823021316845,0.34143192285901525
7026,2026-05-15,Risk-Parity,0.2941640562302429,0.11300791110785025,2.1605925977803664,0.3332839736517119
7027,2026-05-18,Risk-Parity,0.28269764152832433,0.11197327123475379,2.0781534643251596,0.31825135731336607
7028,2026-05-19,Risk-Parity,0.27203623983884895,0.11190033119653599,1.984232195424658,0.30429733724756947
7029,2026-05-20,Risk-Parity,0.2756383219771086,0.11205337457532356,2.013668243658578,0.30897669203113587
7030,2026-05-21,Risk-Parity,0.28529629464710604,0.1123173648041031,2.094923568207775,0.32162712423916195
7031,2026-05-22,Risk-Parity,0.31272970102538644,0.11187409208300554,2.3484409672835858,0.35841112800841457
7032,2026-05-26,Risk-Parity,0.3262568422028631,0.11205644063764014,2.4653365806629726,0.37686020348743865
7033,2026-05-27,Risk-Parity,0.3287916604268315,0.1120264499934163,2.4886235388447626,0.3803547950846984
7034,2026-05-28,Risk-Parity,0.31583129170374624,0.11127903335852711,2.388871323560757,0.36271489114977595
7035,2026-05-29,Risk-Parity,0.32982936325668655,0.11118362331941305,2.51682176657241,0.3819145530486969
7036,2026-06-01,Risk-Parity,0.3252277879232971,0.11110953667951651,2.4770851913203638,0.37558961559555426
7037,2026-06-02,Risk-Parity,0.3283544873242755,0.11114311627616434,2.5044689824300996,0.3798867082144457
7038,2026-06-03,Risk-Parity,0.32269370619082904,0.11135712021715796,2.4488214643037463,0.3720749487202577
7039,2026-06-04,Risk-Parity,0.3207865141033366,0.11129322707777821,2.433090684971289,0.36947360340114455
7040,2026-06-05,Risk-Parity,0.30369761617258173,0.11315871217397853,2.241962737986346,0.3460140632516837
7041,2026-06-08,Risk-Parity,0.3104595738647533,0.11324254678704475,2.300015155562985,0.3551227171775937
7042,2026-06-09,Risk-Parity,0.3042360874557961,0.11297628999775991,2.2503490551941217,0.3467656076729917
7043,2026-06-10,Risk-Parity,0.2888604831593523,0.11382025008046506,2.0985763340924857,0.3261133089277952
7044,2026-06-11,Risk-Parity,0.3090730243620309,0.11633074914969076,2.227038218662753,0.35277568252794467
7045,2026-06-12,Risk-Parity,0.3216309480592858,0.1166329537618956,2.3289382571397126,0.3698017993997291
7046,2026-06-15,Risk-Parity,0.3317931393582638,0.11711314441009076,2.40616150115071,0.3836981408002955
7047,2026-06-16,Risk-Parity,0.34104504158347904,0.11644768776986734,2.4993629942971824,0.3966509748179319
7048,2026-06-17,Risk-Parity,0.3291127309107199,0.1164737187819292,2.3963580267690743,0.38010225044430657
7049,2026-06-18,Risk-Parity,0.3412214499477626,0.11619026162238881,2.5064187469877157,0.39693873003700464
7050,2026-06-22,Risk-Parity,0.34837374170467084,0.11616067053974258,2.5686296430476174,0.40695695882837635
7051,2026-06-23,Risk-Parity,0.3367234941056946,0.11670840936061568,2.4567509374560292,0.3905939022612872
7052,2026-06-24,Risk-Parity,0.32347192716099493,0.11637444985276814,2.3499309986597545,0.37236434637792715
7053,2026-06-25,Risk-Parity,0.33098315968975944,0.11701050076988669,2.4013499458680383,0.3825969243783418
7054,2026-06-26,Risk-Parity,0.32561048206224996,0.11743426733514108,2.346934062062958,0.37512969753294234
7055,2026-06-29,Risk-Parity,0.3292606930450822,0.11765585984980996,2.3735383295108634,0.3801163901107383
7056,2026-06-30,Risk-Parity,0.3249200728889824,0.11759481635304071,2.337858771458285,0.37415632036201973
7057,2026-07-01,Risk-Parity,0.3109269112837275,0.11786395156235296,2.2137974149432,0.35504226746983547
7058,2026-07-02,Risk-Parity,0.3015425966058193,0.11757240929976316,2.139469609442851,0.3424464149451809
7059,2026-07-06,Risk-Parity,0.3030992184106932,0.11759640781210495,2.1522699810277715,0.3445314529561303
7060,2026-07-07,Risk-Parity,0.29249947649486263,0.11775071408645581,2.0594310478390208,0.33034750022778603
7061,2026-07-08,Risk-Parity,0.29005660243869136,0.1179215809111567,2.035730869479713,0.3270785642669636
7062,2026-07-09,Risk-Parity,0.2976655698216474,0.11801627727687648,2.098571277931453,0.3371881509351988
7063,2026-07-10,Risk-Parity,0.297829882965171,0.11801881599341975,2.0999183975798315,0.3374072297832391
7064,2026-07-13,Risk-Parity,0.2886683006153614,0.11819706312774617,2.019240531868471,0.3251966593380795
7065,2026-07-14,Risk-Parity,0.2941791148267706,0.11791008263343024,2.070892576556809,0.33255640617964444
7066,2026-07-15,Risk-Parity,0.2837585905100809,0.11846392907854601,1.9732469818309861,0.31867186238891754
7067,2026-07-16,Risk-Parity,0.295610339021915,0.11791090506935402,2.083016315390417,0.334462589176421
7068,2026-07-17,Risk-Parity,0.28522505773667206,0.11810013286356451,1.9917425326558815,0.3206618309387148
7069,2026-07-20,Risk-Parity,0.2829134947686832,0.11817013640256933,1.971001319446891,0.31760512422465736
7070,2026-07-21,Risk-Parity,0.30031853477077586,0.11909016376360697,2.101924515509578,0.34056793265048957
7071,2026-07-22,Risk-Parity,0.30774107202517287,0.11931166807201356,2.160233581426477,0.3505080273522907
7072,2026-07-23,Risk-Parity,0.30810477157157334,0.11930792390250056,2.163349785404855,0.35099929656638595
7073,2026-07-24,Risk-Parity,0.300143291568019,0.11899665480318845,2.1021035589759833,0.34034801895594624
7074,2026-07-27,Risk-Parity,0.30582344415090523,0.11892194352175896,2.1511878848843202,0.3479858123536119
7075,2026-07-28,Risk-Parity,0.29690526204058776,0.11897308521391578,2.075303515888889,0.3360237475901513
7076,2026-07-29,Risk-Parity,0.2822955461657273,0.12035346766112735,1.930110953012082,0.31644987015492276
7077,2026-07-30,Risk-Parity,0.2936103953139062,0.12078447069319172,2.0169016258117183,0.3313444124833387
7078,2026-07-31,Risk-Parity,0.2999289604459888,0.12051708522648369,2.0738052200342034,0.3398164708702338
7079,2026-08-03,Risk-Parity,0.31439170760856094,0.12014090559267901,2.200680162216724,0.3593724408153278
7080,2026-08-04,Risk-Parity,0.3449818389168229,0.12205183304709016,2.4168570971237497,0.40122586323870246
7081,2026-08-05,Risk-Parity,0.33114849862621587,0.12170725569728327,2.310038929195013,0.3820584768897761
7082,2026-08-06,Risk-Parity,0.32625845179195234,0.12187351712296417,2.266763594860577,0.3752976106507915
7083,2026-08-07,Risk-Parity,0.3308479449728817,0.12196160240451907,2.302757092690309,0.38160108494685874
7084,2026-08-10,Risk-Parity,0.3303930213350236,0.12195591275584525,2.2991342936883115,0.3809744785633222
7085,2026-08-11,Risk-Parity,0.32385179040915524,0.12176339104459,2.249048651321399,0.37201415219435074
7086,2026-08-12,Risk-Parity,0.334007544137391,0.12190146084771059,2.3298124744558786,0.3859776321772008
7087,2026-08-13,Risk-Parity,0.3297038429703948,0.12163741589655477,2.299488532445197,0.3800771727039993
7088,2026-08-14,Risk-Parity,0.3225289496525571,0.12147116797765344,2.2435690229198517,0.3702508004739702
7089,2026-08-17,Risk-Parity,0.32255229754686954,0.1214704863939271,2.2437738222516557,0.37028286553109124
7090,2026-08-18,Risk-Parity,0.32256460039693047,0.12146988711085885,2.2438861752474986,0.3702998021561854
7091,2026-08-19,Risk-Parity,0.32146175098554797,0.12148680093379488,2.234495837399513,0.3687885279255694
7092,2026-08-20,Risk-Parity,0.310800970159559,0.12188404645619245,2.139746568500218,0.35422629673017214
7093,2026-08-21,Risk-Parity,0.3131490790301853,0.12194875073990291,2.1578661317444734,0.3573953605971081
7094,2026-08-24,Risk-Parity,0.3126159953008206,0.12196068463381989,2.1532840364852857,0.3566708777444605
7095,2026-08-25,Risk-Parity,0.30418123892564675,0.12151444115124663,2.0917780349190958,0.34536177230219134
7096,2026-08-26,Risk-Parity,0.31205792506878693,0.12125874127727958,2.161146671228799,0.3560296051891745
7097,2026-08-27,Risk-Parity,0.303694239842213,0.12131011562558168,2.0912867697301443,0.34474082345173596
7098,2026-08-28,Risk-Parity,0.2963084901782862,0.12147473816309205,2.0276519538374496,0.3348305914430152
7099,2026-08-31,Risk-Parity,0.29235617195971864,0.12157904437378396,1.9934041528951005,0.32955465046885823
