,Parameter,Parameter Value,Scenario,Model,Ticker,Weight
0,Lookback Window,126.0,Lookback Window=126,Simulated (Max Sharpe Ratio),PPG,0.0004916417905451048
1,Lookback Window,126.0,Lookback Window=126,Simulated (Max Sharpe Ratio),DELL,0.0007682858442878438
2,Lookback Window,126.0,Lookback Window=126,Simulated (Max Sharpe Ratio),QCOM,0.03520400715291738
3,Lookback Window,126.0,Lookback Window=126,Simulated (Max Sharpe Ratio),AMAT,0.12989337353499267
4,Lookback Window,126.0,Lookback Window=126,Simulated (Max Sharpe Ratio),MRK,0.051986955019382185
5,Lookback Window,126.0,Lookback Window=126,Simulated (Max Sharpe Ratio),AME,0.0016227590679623247
6,Lookback Window,126.0,Lookback Window=126,Simulated (Max Sharpe Ratio),PG,0.0217232142992451
7,Lookback Window,126.0,Lookback Window=126,Simulated (Max Sharpe Ratio),CL,0.014795201882810177
8,Lookback Window,126.0,Lookback Window=126,Simulated (Max Sharpe Ratio),V,0.023063211849336903
9,Lookback Window,126.0,Lookback Window=126,Simulated (Max Sharpe Ratio),MA,0.007395200470734787
10,Lookback Window,126.0,Lookback Window=126,Simulated (Max Sharpe Ratio),MU,0.0006591802721931777
11,Lookback Window,126.0,Lookback Window=126,Simulated (Max Sharpe Ratio),T,0.0017633743228703891
12,Lookback Window,126.0,Lookback Window=126,Simulated (Max Sharpe Ratio),JPM,0.019375059398604306
13,Lookback Window,126.0,Lookback Window=126,Simulated (Max Sharpe Ratio),JNJ,0.006446172737952285
14,Lookback Window,126.0,Lookback Window=126,Simulated (Max Sharpe Ratio),INTC,0.01360483481567381
15,Lookback Window,126.0,Lookback Window=126,Simulated (Max Sharpe Ratio),GE,0.026971997092707048
16,Lookback Window,126.0,Lookback Window=126,Simulated (Max Sharpe Ratio),MS,0.002155262180396826
17,Lookback Window,126.0,Lookback Window=126,Simulated (Max Sharpe Ratio),RTX,0.012814024053748528
18,Lookback Window,126.0,Lookback Window=126,Simulated (Max Sharpe Ratio),TXN,0.01212544800714086
19,Lookback Window,126.0,Lookback Window=126,Simulated (Max Sharpe Ratio),IBM,0.015308679509167665
20,Lookback Window,126.0,Lookback Window=126,Simulated (Max Sharpe Ratio),SPGI,0.0010974638226131613
21,Lookback Window,126.0,Lookback Window=126,Simulated (Max Sharpe Ratio),LMT,0.01370833163954031
22,Lookback Window,126.0,Lookback Window=126,Simulated (Max Sharpe Ratio),ADP,0.005781090715901341
23,Lookback Window,126.0,Lookback Window=126,Simulated (Max Sharpe Ratio),COF,0.001524162437586468
24,Lookback Window,126.0,Lookback Window=126,Simulated (Max Sharpe Ratio),WDC,0.0453601262515209
25,Lookback Window,126.0,Lookback Window=126,Simulated (Max Sharpe Ratio),ABT,0.006075180173480972
26,Lookback Window,126.0,Lookback Window=126,Simulated (Max Sharpe Ratio),GILD,0.04614756736267494
27,Lookback Window,126.0,Lookback Window=126,Simulated (Max Sharpe Ratio),UNP,0.02277796370832975
28,Lookback Window,126.0,Lookback Window=126,Simulated (Max Sharpe Ratio),ADI,0.0073784305158730345
29,Lookback Window,126.0,Lookback Window=126,Simulated (Max Sharpe Ratio),TMUS,0.018915570500273374
30,Lookback Window,126.0,Lookback Window=126,Simulated (Max Sharpe Ratio),MMM,0.06545463087785679
31,Lookback Window,126.0,Lookback Window=126,Simulated (Max Sharpe Ratio),ADBE,0.025967800995213813
32,Lookback Window,126.0,Lookback Window=126,Simulated (Max Sharpe Ratio),AXP,0.0023196336580829915
33,Lookback Window,126.0,Lookback Window=126,Simulated (Max Sharpe Ratio),BA,0.007620117797719825
34,Lookback Window,126.0,Lookback Window=126,Simulated (Max Sharpe Ratio),CVX,0.008383952193355719
35,Lookback Window,126.0,Lookback Window=126,Simulated (Max Sharpe Ratio),CSCO,0.001397598691600091
36,Lookback Window,126.0,Lookback Window=126,Simulated (Max Sharpe Ratio),DD,0.0035731835038384247
37,Lookback Window,126.0,Lookback Window=126,Simulated (Max Sharpe Ratio),XOM,0.012034595340817768
38,Lookback Window,126.0,Lookback Window=126,Simulated (Max Sharpe Ratio),FDX,0.013944739402832567
39,Lookback Window,126.0,Lookback Window=126,Simulated (Max Sharpe Ratio),GS,0.04850603900995952
40,Lookback Window,126.0,Lookback Window=126,Simulated (Max Sharpe Ratio),GM,0.030601078398541048
41,Lookback Window,126.0,Lookback Window=126,Simulated (Max Sharpe Ratio),HAS,0.006016177975827197
42,Lookback Window,126.0,Lookback Window=126,Simulated (Max Sharpe Ratio),JBL,0.03440477321511766
43,Lookback Window,126.0,Lookback Window=126,Simulated (Max Sharpe Ratio),KMB,0.03820424530887795
44,Lookback Window,126.0,Lookback Window=126,Simulated (Max Sharpe Ratio),KLAC,0.012469512847956603
45,Lookback Window,126.0,Lookback Window=126,Simulated (Max Sharpe Ratio),LOW,0.005109232230172634
46,Lookback Window,126.0,Lookback Window=126,Simulated (Max Sharpe Ratio),MKC,0.004923839489196358
47,Lookback Window,126.0,Lookback Window=126,Simulated (Max Sharpe Ratio),NEM,0.009136423168612927
48,Lookback Window,126.0,Lookback Window=126,Simulated (Max Sharpe Ratio),OLN,0.08811617091471148
49,Lookback Window,126.0,Lookback Window=126,Simulated (Max Sharpe Ratio),PH,0.01488248454924504
50,Lookback Window,126.0,Lookback Window=126,Equal-Weight,PPG,0.02
51,Lookback Window,126.0,Lookback Window=126,Equal-Weight,DELL,0.02
52,Lookback Window,126.0,Lookback Window=126,Equal-Weight,QCOM,0.02
53,Lookback Window,126.0,Lookback Window=126,Equal-Weight,AMAT,0.02
54,Lookback Window,126.0,Lookback Window=126,Equal-Weight,MRK,0.02
55,Lookback Window,126.0,Lookback Window=126,Equal-Weight,AME,0.02
56,Lookback Window,126.0,Lookback Window=126,Equal-Weight,PG,0.02
57,Lookback Window,126.0,Lookback Window=126,Equal-Weight,CL,0.02
58,Lookback Window,126.0,Lookback Window=126,Equal-Weight,V,0.02
59,Lookback Window,126.0,Lookback Window=126,Equal-Weight,MA,0.02
60,Lookback Window,126.0,Lookback Window=126,Equal-Weight,MU,0.02
61,Lookback Window,126.0,Lookback Window=126,Equal-Weight,T,0.02
62,Lookback Window,126.0,Lookback Window=126,Equal-Weight,JPM,0.02
63,Lookback Window,126.0,Lookback Window=126,Equal-Weight,JNJ,0.02
64,Lookback Window,126.0,Lookback Window=126,Equal-Weight,INTC,0.02
65,Lookback Window,126.0,Lookback Window=126,Equal-Weight,GE,0.02
66,Lookback Window,126.0,Lookback Window=126,Equal-Weight,MS,0.02
67,Lookback Window,126.0,Lookback Window=126,Equal-Weight,RTX,0.02
68,Lookback Window,126.0,Lookback Window=126,Equal-Weight,TXN,0.02
69,Lookback Window,126.0,Lookback Window=126,Equal-Weight,IBM,0.02
70,Lookback Window,126.0,Lookback Window=126,Equal-Weight,SPGI,0.02
71,Lookback Window,126.0,Lookback Window=126,Equal-Weight,LMT,0.02
72,Lookback Window,126.0,Lookback Window=126,Equal-Weight,ADP,0.02
73,Lookback Window,126.0,Lookback Window=126,Equal-Weight,COF,0.02
74,Lookback Window,126.0,Lookback Window=126,Equal-Weight,WDC,0.02
75,Lookback Window,126.0,Lookback Window=126,Equal-Weight,ABT,0.02
76,Lookback Window,126.0,Lookback Window=126,Equal-Weight,GILD,0.02
77,Lookback Window,126.0,Lookback Window=126,Equal-Weight,UNP,0.02
78,Lookback Window,126.0,Lookback Window=126,Equal-Weight,ADI,0.02
79,Lookback Window,126.0,Lookback Window=126,Equal-Weight,TMUS,0.02
80,Lookback Window,126.0,Lookback Window=126,Equal-Weight,MMM,0.02
81,Lookback Window,126.0,Lookback Window=126,Equal-Weight,ADBE,0.02
82,Lookback Window,126.0,Lookback Window=126,Equal-Weight,AXP,0.02
83,Lookback Window,126.0,Lookback Window=126,Equal-Weight,BA,0.02
84,Lookback Window,126.0,Lookback Window=126,Equal-Weight,CVX,0.02
85,Lookback Window,126.0,Lookback Window=126,Equal-Weight,CSCO,0.02
86,Lookback Window,126.0,Lookback Window=126,Equal-Weight,DD,0.02
87,Lookback Window,126.0,Lookback Window=126,Equal-Weight,XOM,0.02
88,Lookback Window,126.0,Lookback Window=126,Equal-Weight,FDX,0.02
89,Lookback Window,126.0,Lookback Window=126,Equal-Weight,GS,0.02
90,Lookback Window,126.0,Lookback Window=126,Equal-Weight,GM,0.02
91,Lookback Window,126.0,Lookback Window=126,Equal-Weight,HAS,0.02
92,Lookback Window,126.0,Lookback Window=126,Equal-Weight,JBL,0.02
93,Lookback Window,126.0,Lookback Window=126,Equal-Weight,KMB,0.02
94,Lookback Window,126.0,Lookback Window=126,Equal-Weight,KLAC,0.02
95,Lookback Window,126.0,Lookback Window=126,Equal-Weight,LOW,0.02
96,Lookback Window,126.0,Lookback Window=126,Equal-Weight,MKC,0.02
97,Lookback Window,126.0,Lookback Window=126,Equal-Weight,NEM,0.02
98,Lookback Window,126.0,Lookback Window=126,Equal-Weight,OLN,0.02
99,Lookback Window,126.0,Lookback Window=126,Equal-Weight,PH,0.02
100,Lookback Window,126.0,Lookback Window=126,Markowitz,PPG,0.0
101,Lookback Window,126.0,Lookback Window=126,Markowitz,DELL,0.0
102,Lookback Window,126.0,Lookback Window=126,Markowitz,QCOM,0.0
103,Lookback Window,126.0,Lookback Window=126,Markowitz,AMAT,0.25967
104,Lookback Window,126.0,Lookback Window=126,Markowitz,MRK,0.0
105,Lookback Window,126.0,Lookback Window=126,Markowitz,AME,0.0
106,Lookback Window,126.0,Lookback Window=126,Markowitz,PG,0.0
107,Lookback Window,126.0,Lookback Window=126,Markowitz,CL,0.01475
108,Lookback Window,126.0,Lookback Window=126,Markowitz,V,0.0
109,Lookback Window,126.0,Lookback Window=126,Markowitz,MA,0.0
110,Lookback Window,126.0,Lookback Window=126,Markowitz,MU,0.0
111,Lookback Window,126.0,Lookback Window=126,Markowitz,T,0.0
112,Lookback Window,126.0,Lookback Window=126,Markowitz,JPM,0.0
113,Lookback Window,126.0,Lookback Window=126,Markowitz,JNJ,0.0
114,Lookback Window,126.0,Lookback Window=126,Markowitz,INTC,0.0
115,Lookback Window,126.0,Lookback Window=126,Markowitz,GE,0.05462
116,Lookback Window,126.0,Lookback Window=126,Markowitz,MS,0.0
117,Lookback Window,126.0,Lookback Window=126,Markowitz,RTX,0.0
118,Lookback Window,126.0,Lookback Window=126,Markowitz,TXN,0.0
119,Lookback Window,126.0,Lookback Window=126,Markowitz,IBM,0.0
120,Lookback Window,126.0,Lookback Window=126,Markowitz,SPGI,0.0
121,Lookback Window,126.0,Lookback Window=126,Markowitz,LMT,0.0
122,Lookback Window,126.0,Lookback Window=126,Markowitz,ADP,0.0
123,Lookback Window,126.0,Lookback Window=126,Markowitz,COF,0.16602
124,Lookback Window,126.0,Lookback Window=126,Markowitz,WDC,0.0
125,Lookback Window,126.0,Lookback Window=126,Markowitz,ABT,0.0
126,Lookback Window,126.0,Lookback Window=126,Markowitz,GILD,0.0
127,Lookback Window,126.0,Lookback Window=126,Markowitz,UNP,0.0
128,Lookback Window,126.0,Lookback Window=126,Markowitz,ADI,0.0
129,Lookback Window,126.0,Lookback Window=126,Markowitz,TMUS,0.0
130,Lookback Window,126.0,Lookback Window=126,Markowitz,MMM,0.0
131,Lookback Window,126.0,Lookback Window=126,Markowitz,ADBE,0.0
132,Lookback Window,126.0,Lookback Window=126,Markowitz,AXP,0.0
133,Lookback Window,126.0,Lookback Window=126,Markowitz,BA,0.0
134,Lookback Window,126.0,Lookback Window=126,Markowitz,CVX,0.0
135,Lookback Window,126.0,Lookback Window=126,Markowitz,CSCO,0.0
136,Lookback Window,126.0,Lookback Window=126,Markowitz,DD,0.0
137,Lookback Window,126.0,Lookback Window=126,Markowitz,XOM,0.0
138,Lookback Window,126.0,Lookback Window=126,Markowitz,FDX,0.0
139,Lookback Window,126.0,Lookback Window=126,Markowitz,GS,0.10598
140,Lookback Window,126.0,Lookback Window=126,Markowitz,GM,0.0
141,Lookback Window,126.0,Lookback Window=126,Markowitz,HAS,0.0
142,Lookback Window,126.0,Lookback Window=126,Markowitz,JBL,0.0
143,Lookback Window,126.0,Lookback Window=126,Markowitz,KMB,0.13262
144,Lookback Window,126.0,Lookback Window=126,Markowitz,KLAC,0.0
145,Lookback Window,126.0,Lookback Window=126,Markowitz,LOW,0.0
146,Lookback Window,126.0,Lookback Window=126,Markowitz,MKC,0.0
147,Lookback Window,126.0,Lookback Window=126,Markowitz,NEM,0.0
148,Lookback Window,126.0,Lookback Window=126,Markowitz,OLN,0.26635
149,Lookback Window,126.0,Lookback Window=126,Markowitz,PH,0.0
150,Lookback Window,126.0,Lookback Window=126,Black-Litterman,PPG,0.0
151,Lookback Window,126.0,Lookback Window=126,Black-Litterman,DELL,0.0
152,Lookback Window,126.0,Lookback Window=126,Black-Litterman,QCOM,0.01072
153,Lookback Window,126.0,Lookback Window=126,Black-Litterman,AMAT,0.0
154,Lookback Window,126.0,Lookback Window=126,Black-Litterman,MRK,0.01411
155,Lookback Window,126.0,Lookback Window=126,Black-Litterman,AME,0.0
156,Lookback Window,126.0,Lookback Window=126,Black-Litterman,PG,0.0
157,Lookback Window,126.0,Lookback Window=126,Black-Litterman,CL,0.0
158,Lookback Window,126.0,Lookback Window=126,Black-Litterman,V,0.12997
159,Lookback Window,126.0,Lookback Window=126,Black-Litterman,MA,0.05369
160,Lookback Window,126.0,Lookback Window=126,Black-Litterman,MU,0.0
161,Lookback Window,126.0,Lookback Window=126,Black-Litterman,T,0.0
162,Lookback Window,126.0,Lookback Window=126,Black-Litterman,JPM,0.0457
163,Lookback Window,126.0,Lookback Window=126,Black-Litterman,JNJ,0.0069
164,Lookback Window,126.0,Lookback Window=126,Black-Litterman,INTC,0.05148
165,Lookback Window,126.0,Lookback Window=126,Black-Litterman,GE,0.17228
166,Lookback Window,126.0,Lookback Window=126,Black-Litterman,MS,0.0
167,Lookback Window,126.0,Lookback Window=126,Black-Litterman,RTX,0.0
168,Lookback Window,126.0,Lookback Window=126,Black-Litterman,TXN,0.0
169,Lookback Window,126.0,Lookback Window=126,Black-Litterman,IBM,0.0
170,Lookback Window,126.0,Lookback Window=126,Black-Litterman,SPGI,0.03585
171,Lookback Window,126.0,Lookback Window=126,Black-Litterman,LMT,0.02104
172,Lookback Window,126.0,Lookback Window=126,Black-Litterman,ADP,0.0
173,Lookback Window,126.0,Lookback Window=126,Black-Litterman,COF,0.0
174,Lookback Window,126.0,Lookback Window=126,Black-Litterman,WDC,0.00709
175,Lookback Window,126.0,Lookback Window=126,Black-Litterman,ABT,0.02658
176,Lookback Window,126.0,Lookback Window=126,Black-Litterman,GILD,0.01756
177,Lookback Window,126.0,Lookback Window=126,Black-Litterman,UNP,0.0
178,Lookback Window,126.0,Lookback Window=126,Black-Litterman,ADI,0.0
179,Lookback Window,126.0,Lookback Window=126,Black-Litterman,TMUS,0.04322
180,Lookback Window,126.0,Lookback Window=126,Black-Litterman,MMM,0.0
181,Lookback Window,126.0,Lookback Window=126,Black-Litterman,ADBE,0.10026
182,Lookback Window,126.0,Lookback Window=126,Black-Litterman,AXP,0.0
183,Lookback Window,126.0,Lookback Window=126,Black-Litterman,BA,0.00104
184,Lookback Window,126.0,Lookback Window=126,Black-Litterman,CVX,0.0
185,Lookback Window,126.0,Lookback Window=126,Black-Litterman,CSCO,0.0
186,Lookback Window,126.0,Lookback Window=126,Black-Litterman,DD,0.0
187,Lookback Window,126.0,Lookback Window=126,Black-Litterman,XOM,0.01009
188,Lookback Window,126.0,Lookback Window=126,Black-Litterman,FDX,0.0
189,Lookback Window,126.0,Lookback Window=126,Black-Litterman,GS,0.0
190,Lookback Window,126.0,Lookback Window=126,Black-Litterman,GM,0.0
191,Lookback Window,126.0,Lookback Window=126,Black-Litterman,HAS,0.0
192,Lookback Window,126.0,Lookback Window=126,Black-Litterman,JBL,0.0
193,Lookback Window,126.0,Lookback Window=126,Black-Litterman,KMB,0.07304
194,Lookback Window,126.0,Lookback Window=126,Black-Litterman,KLAC,0.0
195,Lookback Window,126.0,Lookback Window=126,Black-Litterman,LOW,0.07233
196,Lookback Window,126.0,Lookback Window=126,Black-Litterman,MKC,0.06178
197,Lookback Window,126.0,Lookback Window=126,Black-Litterman,NEM,0.04527
198,Lookback Window,126.0,Lookback Window=126,Black-Litterman,OLN,0.0
199,Lookback Window,126.0,Lookback Window=126,Black-Litterman,PH,0.0
200,Lookback Window,126.0,Lookback Window=126,Risk-Parity,PPG,0.016256380084386953
201,Lookback Window,126.0,Lookback Window=126,Risk-Parity,DELL,0.015877353381212087
202,Lookback Window,126.0,Lookback Window=126,Risk-Parity,QCOM,0.012943117644252869
203,Lookback Window,126.0,Lookback Window=126,Risk-Parity,AMAT,0.00937507647423405
204,Lookback Window,126.0,Lookback Window=126,Risk-Parity,MRK,0.03150828900270116
205,Lookback Window,126.0,Lookback Window=126,Risk-Parity,AME,0.014475863051654693
206,Lookback Window,126.0,Lookback Window=126,Risk-Parity,PG,0.03139369127940765
207,Lookback Window,126.0,Lookback Window=126,Risk-Parity,CL,0.04251593358934823
208,Lookback Window,126.0,Lookback Window=126,Risk-Parity,V,0.015681069083198
209,Lookback Window,126.0,Lookback Window=126,Risk-Parity,MA,0.012715991233846822
210,Lookback Window,126.0,Lookback Window=126,Risk-Parity,MU,0.009996506778497123
211,Lookback Window,126.0,Lookback Window=126,Risk-Parity,T,0.03240445979149932
212,Lookback Window,126.0,Lookback Window=126,Risk-Parity,JPM,0.01562544394163219
213,Lookback Window,126.0,Lookback Window=126,Risk-Parity,JNJ,0.028220319871488497
214,Lookback Window,126.0,Lookback Window=126,Risk-Parity,INTC,0.013431398553083472
215,Lookback Window,126.0,Lookback Window=126,Risk-Parity,GE,0.01657086173763515
216,Lookback Window,126.0,Lookback Window=126,Risk-Parity,MS,0.014555694392457243
217,Lookback Window,126.0,Lookback Window=126,Risk-Parity,RTX,0.011262133542679848
218,Lookback Window,126.0,Lookback Window=126,Risk-Parity,TXN,0.013969682039859025
219,Lookback Window,126.0,Lookback Window=126,Risk-Parity,IBM,0.017788808907424042
220,Lookback Window,126.0,Lookback Window=126,Risk-Parity,SPGI,0.028414973784597435
221,Lookback Window,126.0,Lookback Window=126,Risk-Parity,LMT,0.029163296218058982
222,Lookback Window,126.0,Lookback Window=126,Risk-Parity,ADP,0.02618710579795815
223,Lookback Window,126.0,Lookback Window=126,Risk-Parity,COF,0.013513275625817854
224,Lookback Window,126.0,Lookback Window=126,Risk-Parity,WDC,0.010402466047174479
225,Lookback Window,126.0,Lookback Window=126,Risk-Parity,ABT,0.03399308103597481
226,Lookback Window,126.0,Lookback Window=126,Risk-Parity,GILD,0.030123335012783727
227,Lookback Window,126.0,Lookback Window=126,Risk-Parity,UNP,0.015538015115543249
228,Lookback Window,126.0,Lookback Window=126,Risk-Parity,ADI,0.014134731304019658
229,Lookback Window,126.0,Lookback Window=126,Risk-Parity,TMUS,0.02379727191801296
230,Lookback Window,126.0,Lookback Window=126,Risk-Parity,MMM,0.032575978649925945
231,Lookback Window,126.0,Lookback Window=126,Risk-Parity,ADBE,0.024245714129346663
232,Lookback Window,126.0,Lookback Window=126,Risk-Parity,AXP,0.012502274586483508
233,Lookback Window,126.0,Lookback Window=126,Risk-Parity,BA,0.01016375813146287
234,Lookback Window,126.0,Lookback Window=126,Risk-Parity,CVX,0.012702814568046296
235,Lookback Window,126.0,Lookback Window=126,Risk-Parity,CSCO,0.017408069878153003
236,Lookback Window,126.0,Lookback Window=126,Risk-Parity,DD,0.013293429437432084
237,Lookback Window,126.0,Lookback Window=126,Risk-Parity,XOM,0.01246791815798261
238,Lookback Window,126.0,Lookback Window=126,Risk-Parity,FDX,0.017210372193372396
239,Lookback Window,126.0,Lookback Window=126,Risk-Parity,GS,0.017388073622966245
240,Lookback Window,126.0,Lookback Window=126,Risk-Parity,GM,0.01176457062125363
241,Lookback Window,126.0,Lookback Window=126,Risk-Parity,HAS,0.035627087828261086
242,Lookback Window,126.0,Lookback Window=126,Risk-Parity,JBL,0.011098627900088885
243,Lookback Window,126.0,Lookback Window=126,Risk-Parity,KMB,0.05826134914493875
244,Lookback Window,126.0,Lookback Window=126,Risk-Parity,KLAC,0.010612259308636617
245,Lookback Window,126.0,Lookback Window=126,Risk-Parity,LOW,0.02272767467916876
246,Lookback Window,126.0,Lookback Window=126,Risk-Parity,MKC,0.03741773290053881
247,Lookback Window,126.0,Lookback Window=126,Risk-Parity,NEM,0.021290557771196005
248,Lookback Window,126.0,Lookback Window=126,Risk-Parity,OLN,0.008015080410740899
249,Lookback Window,126.0,Lookback Window=126,Risk-Parity,PH,0.011391029839565322
250,Lookback Window,252.0,Lookback Window=252,Simulated (Max Sharpe Ratio),PPG,0.09793396790293253
251,Lookback Window,252.0,Lookback Window=252,Simulated (Max Sharpe Ratio),DELL,0.12043812079169251
252,Lookback Window,252.0,Lookback Window=252,Simulated (Max Sharpe Ratio),QCOM,0.013808388178345019
253,Lookback Window,252.0,Lookback Window=252,Simulated (Max Sharpe Ratio),AMAT,0.03130184936147195
254,Lookback Window,252.0,Lookback Window=252,Simulated (Max Sharpe Ratio),MRK,0.012006359208828997
255,Lookback Window,252.0,Lookback Window=252,Simulated (Max Sharpe Ratio),AME,5.3620465659333526e-05
256,Lookback Window,252.0,Lookback Window=252,Simulated (Max Sharpe Ratio),PG,0.019780749981824126
257,Lookback Window,252.0,Lookback Window=252,Simulated (Max Sharpe Ratio),CL,0.0013910721234982716
258,Lookback Window,252.0,Lookback Window=252,Simulated (Max Sharpe Ratio),V,0.02939737826009112
259,Lookback Window,252.0,Lookback Window=252,Simulated (Max Sharpe Ratio),MA,0.011278788008326048
260,Lookback Window,252.0,Lookback Window=252,Simulated (Max Sharpe Ratio),MU,0.024053886774058356
261,Lookback Window,252.0,Lookback Window=252,Simulated (Max Sharpe Ratio),T,0.028303700268505105
262,Lookback Window,252.0,Lookback Window=252,Simulated (Max Sharpe Ratio),JPM,0.01729764359393517
263,Lookback Window,252.0,Lookback Window=252,Simulated (Max Sharpe Ratio),JNJ,0.0007894275347382215
264,Lookback Window,252.0,Lookback Window=252,Simulated (Max Sharpe Ratio),INTC,0.004783197387935479
265,Lookback Window,252.0,Lookback Window=252,Simulated (Max Sharpe Ratio),GE,0.011209344678256603
266,Lookback Window,252.0,Lookback Window=252,Simulated (Max Sharpe Ratio),MS,0.006322975800402489
267,Lookback Window,252.0,Lookback Window=252,Simulated (Max Sharpe Ratio),RTX,0.007982241246527431
268,Lookback Window,252.0,Lookback Window=252,Simulated (Max Sharpe Ratio),TXN,0.03695324088895369
269,Lookback Window,252.0,Lookback Window=252,Simulated (Max Sharpe Ratio),IBM,0.006685160756396331
270,Lookback Window,252.0,Lookback Window=252,Simulated (Max Sharpe Ratio),SPGI,0.030117457718231756
271,Lookback Window,252.0,Lookback Window=252,Simulated (Max Sharpe Ratio),LMT,0.0011055812811643301
272,Lookback Window,252.0,Lookback Window=252,Simulated (Max Sharpe Ratio),ADP,0.02417232021403687
273,Lookback Window,252.0,Lookback Window=252,Simulated (Max Sharpe Ratio),COF,0.011585119076693478
274,Lookback Window,252.0,Lookback Window=252,Simulated (Max Sharpe Ratio),WDC,0.003710927007800679
275,Lookback Window,252.0,Lookback Window=252,Simulated (Max Sharpe Ratio),ABT,0.015126906222119766
276,Lookback Window,252.0,Lookback Window=252,Simulated (Max Sharpe Ratio),GILD,0.004044080473256699
277,Lookback Window,252.0,Lookback Window=252,Simulated (Max Sharpe Ratio),UNP,0.011019676434964484
278,Lookback Window,252.0,Lookback Window=252,Simulated (Max Sharpe Ratio),ADI,0.0019074112262313812
279,Lookback Window,252.0,Lookback Window=252,Simulated (Max Sharpe Ratio),TMUS,0.004569280534494871
280,Lookback Window,252.0,Lookback Window=252,Simulated (Max Sharpe Ratio),MMM,0.0003856427358022111
281,Lookback Window,252.0,Lookback Window=252,Simulated (Max Sharpe Ratio),ADBE,0.012814304137841502
282,Lookback Window,252.0,Lookback Window=252,Simulated (Max Sharpe Ratio),AXP,0.015489429092305166
283,Lookback Window,252.0,Lookback Window=252,Simulated (Max Sharpe Ratio),BA,0.004639536251099244
284,Lookback Window,252.0,Lookback Window=252,Simulated (Max Sharpe Ratio),CVX,0.0028063496362366828
285,Lookback Window,252.0,Lookback Window=252,Simulated (Max Sharpe Ratio),CSCO,0.010078926643612453
286,Lookback Window,252.0,Lookback Window=252,Simulated (Max Sharpe Ratio),DD,0.008112146492630975
287,Lookback Window,252.0,Lookback Window=252,Simulated (Max Sharpe Ratio),XOM,0.0029811619414676902
288,Lookback Window,252.0,Lookback Window=252,Simulated (Max Sharpe Ratio),FDX,0.035810252904393325
289,Lookback Window,252.0,Lookback Window=252,Simulated (Max Sharpe Ratio),GS,0.030009347816775712
290,Lookback Window,252.0,Lookback Window=252,Simulated (Max Sharpe Ratio),GM,0.08106293645418537
291,Lookback Window,252.0,Lookback Window=252,Simulated (Max Sharpe Ratio),HAS,0.029843719216715848
292,Lookback Window,252.0,Lookback Window=252,Simulated (Max Sharpe Ratio),JBL,0.006355295313899378
293,Lookback Window,252.0,Lookback Window=252,Simulated (Max Sharpe Ratio),KMB,0.019601426747478556
294,Lookback Window,252.0,Lookback Window=252,Simulated (Max Sharpe Ratio),KLAC,0.019728983018253456
295,Lookback Window,252.0,Lookback Window=252,Simulated (Max Sharpe Ratio),LOW,0.005575063584810186
296,Lookback Window,252.0,Lookback Window=252,Simulated (Max Sharpe Ratio),MKC,0.006982838507688871
297,Lookback Window,252.0,Lookback Window=252,Simulated (Max Sharpe Ratio),NEM,0.009791101485250125
298,Lookback Window,252.0,Lookback Window=252,Simulated (Max Sharpe Ratio),OLN,0.05890377452248923
299,Lookback Window,252.0,Lookback Window=252,Simulated (Max Sharpe Ratio),PH,0.049897890095690775
300,Lookback Window,252.0,Lookback Window=252,Equal-Weight,PPG,0.02
301,Lookback Window,252.0,Lookback Window=252,Equal-Weight,DELL,0.02
302,Lookback Window,252.0,Lookback Window=252,Equal-Weight,QCOM,0.02
303,Lookback Window,252.0,Lookback Window=252,Equal-Weight,AMAT,0.02
304,Lookback Window,252.0,Lookback Window=252,Equal-Weight,MRK,0.02
305,Lookback Window,252.0,Lookback Window=252,Equal-Weight,AME,0.02
306,Lookback Window,252.0,Lookback Window=252,Equal-Weight,PG,0.02
307,Lookback Window,252.0,Lookback Window=252,Equal-Weight,CL,0.02
308,Lookback Window,252.0,Lookback Window=252,Equal-Weight,V,0.02
309,Lookback Window,252.0,Lookback Window=252,Equal-Weight,MA,0.02
310,Lookback Window,252.0,Lookback Window=252,Equal-Weight,MU,0.02
311,Lookback Window,252.0,Lookback Window=252,Equal-Weight,T,0.02
312,Lookback Window,252.0,Lookback Window=252,Equal-Weight,JPM,0.02
313,Lookback Window,252.0,Lookback Window=252,Equal-Weight,JNJ,0.02
314,Lookback Window,252.0,Lookback Window=252,Equal-Weight,INTC,0.02
315,Lookback Window,252.0,Lookback Window=252,Equal-Weight,GE,0.02
316,Lookback Window,252.0,Lookback Window=252,Equal-Weight,MS,0.02
317,Lookback Window,252.0,Lookback Window=252,Equal-Weight,RTX,0.02
318,Lookback Window,252.0,Lookback Window=252,Equal-Weight,TXN,0.02
319,Lookback Window,252.0,Lookback Window=252,Equal-Weight,IBM,0.02
320,Lookback Window,252.0,Lookback Window=252,Equal-Weight,SPGI,0.02
321,Lookback Window,252.0,Lookback Window=252,Equal-Weight,LMT,0.02
322,Lookback Window,252.0,Lookback Window=252,Equal-Weight,ADP,0.02
323,Lookback Window,252.0,Lookback Window=252,Equal-Weight,COF,0.02
324,Lookback Window,252.0,Lookback Window=252,Equal-Weight,WDC,0.02
325,Lookback Window,252.0,Lookback Window=252,Equal-Weight,ABT,0.02
326,Lookback Window,252.0,Lookback Window=252,Equal-Weight,GILD,0.02
327,Lookback Window,252.0,Lookback Window=252,Equal-Weight,UNP,0.02
328,Lookback Window,252.0,Lookback Window=252,Equal-Weight,ADI,0.02
329,Lookback Window,252.0,Lookback Window=252,Equal-Weight,TMUS,0.02
330,Lookback Window,252.0,Lookback Window=252,Equal-Weight,MMM,0.02
331,Lookback Window,252.0,Lookback Window=252,Equal-Weight,ADBE,0.02
332,Lookback Window,252.0,Lookback Window=252,Equal-Weight,AXP,0.02
333,Lookback Window,252.0,Lookback Window=252,Equal-Weight,BA,0.02
334,Lookback Window,252.0,Lookback Window=252,Equal-Weight,CVX,0.02
335,Lookback Window,252.0,Lookback Window=252,Equal-Weight,CSCO,0.02
336,Lookback Window,252.0,Lookback Window=252,Equal-Weight,DD,0.02
337,Lookback Window,252.0,Lookback Window=252,Equal-Weight,XOM,0.02
338,Lookback Window,252.0,Lookback Window=252,Equal-Weight,FDX,0.02
339,Lookback Window,252.0,Lookback Window=252,Equal-Weight,GS,0.02
340,Lookback Window,252.0,Lookback Window=252,Equal-Weight,GM,0.02
341,Lookback Window,252.0,Lookback Window=252,Equal-Weight,HAS,0.02
342,Lookback Window,252.0,Lookback Window=252,Equal-Weight,JBL,0.02
343,Lookback Window,252.0,Lookback Window=252,Equal-Weight,KMB,0.02
344,Lookback Window,252.0,Lookback Window=252,Equal-Weight,KLAC,0.02
345,Lookback Window,252.0,Lookback Window=252,Equal-Weight,LOW,0.02
346,Lookback Window,252.0,Lookback Window=252,Equal-Weight,MKC,0.02
347,Lookback Window,252.0,Lookback Window=252,Equal-Weight,NEM,0.02
348,Lookback Window,252.0,Lookback Window=252,Equal-Weight,OLN,0.02
349,Lookback Window,252.0,Lookback Window=252,Equal-Weight,PH,0.02
350,Lookback Window,252.0,Lookback Window=252,Markowitz,PPG,0.0
351,Lookback Window,252.0,Lookback Window=252,Markowitz,DELL,0.3
352,Lookback Window,252.0,Lookback Window=252,Markowitz,QCOM,0.0
353,Lookback Window,252.0,Lookback Window=252,Markowitz,AMAT,0.16571
354,Lookback Window,252.0,Lookback Window=252,Markowitz,MRK,0.0
355,Lookback Window,252.0,Lookback Window=252,Markowitz,AME,0.0
356,Lookback Window,252.0,Lookback Window=252,Markowitz,PG,0.0
357,Lookback Window,252.0,Lookback Window=252,Markowitz,CL,0.0
358,Lookback Window,252.0,Lookback Window=252,Markowitz,V,0.0
359,Lookback Window,252.0,Lookback Window=252,Markowitz,MA,0.0
360,Lookback Window,252.0,Lookback Window=252,Markowitz,MU,0.0
361,Lookback Window,252.0,Lookback Window=252,Markowitz,T,0.0
362,Lookback Window,252.0,Lookback Window=252,Markowitz,JPM,0.0
363,Lookback Window,252.0,Lookback Window=252,Markowitz,JNJ,0.0
364,Lookback Window,252.0,Lookback Window=252,Markowitz,INTC,0.0
365,Lookback Window,252.0,Lookback Window=252,Markowitz,GE,0.0
366,Lookback Window,252.0,Lookback Window=252,Markowitz,MS,0.02795
367,Lookback Window,252.0,Lookback Window=252,Markowitz,RTX,0.0
368,Lookback Window,252.0,Lookback Window=252,Markowitz,TXN,0.0
369,Lookback Window,252.0,Lookback Window=252,Markowitz,IBM,0.0
370,Lookback Window,252.0,Lookback Window=252,Markowitz,SPGI,0.0
371,Lookback Window,252.0,Lookback Window=252,Markowitz,LMT,0.0
372,Lookback Window,252.0,Lookback Window=252,Markowitz,ADP,0.0
373,Lookback Window,252.0,Lookback Window=252,Markowitz,COF,0.0
374,Lookback Window,252.0,Lookback Window=252,Markowitz,WDC,0.0
375,Lookback Window,252.0,Lookback Window=252,Markowitz,ABT,0.0
376,Lookback Window,252.0,Lookback Window=252,Markowitz,GILD,0.0
377,Lookback Window,252.0,Lookback Window=252,Markowitz,UNP,0.0
378,Lookback Window,252.0,Lookback Window=252,Markowitz,ADI,0.0
379,Lookback Window,252.0,Lookback Window=252,Markowitz,TMUS,0.0
380,Lookback Window,252.0,Lookback Window=252,Markowitz,MMM,0.0
381,Lookback Window,252.0,Lookback Window=252,Markowitz,ADBE,0.0
382,Lookback Window,252.0,Lookback Window=252,Markowitz,AXP,0.0
383,Lookback Window,252.0,Lookback Window=252,Markowitz,BA,0.0
384,Lookback Window,252.0,Lookback Window=252,Markowitz,CVX,0.0
385,Lookback Window,252.0,Lookback Window=252,Markowitz,CSCO,0.0
386,Lookback Window,252.0,Lookback Window=252,Markowitz,DD,0.0
387,Lookback Window,252.0,Lookback Window=252,Markowitz,XOM,0.0
388,Lookback Window,252.0,Lookback Window=252,Markowitz,FDX,0.08911
389,Lookback Window,252.0,Lookback Window=252,Markowitz,GS,0.0
390,Lookback Window,252.0,Lookback Window=252,Markowitz,GM,0.16398
391,Lookback Window,252.0,Lookback Window=252,Markowitz,HAS,0.0
392,Lookback Window,252.0,Lookback Window=252,Markowitz,JBL,0.0
393,Lookback Window,252.0,Lookback Window=252,Markowitz,KMB,0.0
394,Lookback Window,252.0,Lookback Window=252,Markowitz,KLAC,0.0
395,Lookback Window,252.0,Lookback Window=252,Markowitz,LOW,0.21878
396,Lookback Window,252.0,Lookback Window=252,Markowitz,MKC,0.0
397,Lookback Window,252.0,Lookback Window=252,Markowitz,NEM,0.0
398,Lookback Window,252.0,Lookback Window=252,Markowitz,OLN,0.03447
399,Lookback Window,252.0,Lookback Window=252,Markowitz,PH,0.0
400,Lookback Window,252.0,Lookback Window=252,Black-Litterman,PPG,0.0
401,Lookback Window,252.0,Lookback Window=252,Black-Litterman,DELL,0.03340933181336373
402,Lookback Window,252.0,Lookback Window=252,Black-Litterman,QCOM,0.021599568008639825
403,Lookback Window,252.0,Lookback Window=252,Black-Litterman,AMAT,0.0
404,Lookback Window,252.0,Lookback Window=252,Black-Litterman,MRK,0.020189596208075835
405,Lookback Window,252.0,Lookback Window=252,Black-Litterman,AME,0.0
406,Lookback Window,252.0,Lookback Window=252,Black-Litterman,PG,0.0
407,Lookback Window,252.0,Lookback Window=252,Black-Litterman,CL,0.0
408,Lookback Window,252.0,Lookback Window=252,Black-Litterman,V,0.1594868102637947
409,Lookback Window,252.0,Lookback Window=252,Black-Litterman,MA,0.09093818123637526
410,Lookback Window,252.0,Lookback Window=252,Black-Litterman,MU,0.05113897722045558
411,Lookback Window,252.0,Lookback Window=252,Black-Litterman,T,0.0
412,Lookback Window,252.0,Lookback Window=252,Black-Litterman,JPM,0.0
413,Lookback Window,252.0,Lookback Window=252,Black-Litterman,JNJ,0.0
414,Lookback Window,252.0,Lookback Window=252,Black-Litterman,INTC,0.01703965920681586
415,Lookback Window,252.0,Lookback Window=252,Black-Litterman,GE,0.1569568608627827
416,Lookback Window,252.0,Lookback Window=252,Black-Litterman,MS,0.0
417,Lookback Window,252.0,Lookback Window=252,Black-Litterman,RTX,0.0
418,Lookback Window,252.0,Lookback Window=252,Black-Litterman,TXN,0.0
419,Lookback Window,252.0,Lookback Window=252,Black-Litterman,IBM,0.0
420,Lookback Window,252.0,Lookback Window=252,Black-Litterman,SPGI,0.0738785224295514
421,Lookback Window,252.0,Lookback Window=252,Black-Litterman,LMT,0.0
422,Lookback Window,252.0,Lookback Window=252,Black-Litterman,ADP,0.0
423,Lookback Window,252.0,Lookback Window=252,Black-Litterman,COF,0.0
424,Lookback Window,252.0,Lookback Window=252,Black-Litterman,WDC,0.0
425,Lookback Window,252.0,Lookback Window=252,Black-Litterman,ABT,0.005729885402291953
426,Lookback Window,252.0,Lookback Window=252,Black-Litterman,GILD,0.01613967720645587
427,Lookback Window,252.0,Lookback Window=252,Black-Litterman,UNP,0.0
428,Lookback Window,252.0,Lookback Window=252,Black-Litterman,ADI,0.0
429,Lookback Window,252.0,Lookback Window=252,Black-Litterman,TMUS,0.04048919021619567
430,Lookback Window,252.0,Lookback Window=252,Black-Litterman,MMM,0.0
431,Lookback Window,252.0,Lookback Window=252,Black-Litterman,ADBE,0.11805763884722303
432,Lookback Window,252.0,Lookback Window=252,Black-Litterman,AXP,0.0
433,Lookback Window,252.0,Lookback Window=252,Black-Litterman,BA,0.005129897402051958
434,Lookback Window,252.0,Lookback Window=252,Black-Litterman,CVX,0.0
435,Lookback Window,252.0,Lookback Window=252,Black-Litterman,CSCO,0.0
436,Lookback Window,252.0,Lookback Window=252,Black-Litterman,DD,0.0
437,Lookback Window,252.0,Lookback Window=252,Black-Litterman,XOM,0.0
438,Lookback Window,252.0,Lookback Window=252,Black-Litterman,FDX,0.0
439,Lookback Window,252.0,Lookback Window=252,Black-Litterman,GS,0.0
440,Lookback Window,252.0,Lookback Window=252,Black-Litterman,GM,0.0
441,Lookback Window,252.0,Lookback Window=252,Black-Litterman,HAS,0.0
442,Lookback Window,252.0,Lookback Window=252,Black-Litterman,JBL,0.0
443,Lookback Window,252.0,Lookback Window=252,Black-Litterman,KMB,0.08009839803203936
444,Lookback Window,252.0,Lookback Window=252,Black-Litterman,KLAC,0.0
445,Lookback Window,252.0,Lookback Window=252,Black-Litterman,LOW,0.020449591008179835
446,Lookback Window,252.0,Lookback Window=252,Black-Litterman,MKC,0.04234915301693965
447,Lookback Window,252.0,Lookback Window=252,Black-Litterman,NEM,0.04691906161876762
448,Lookback Window,252.0,Lookback Window=252,Black-Litterman,OLN,0.0
449,Lookback Window,252.0,Lookback Window=252,Black-Litterman,PH,0.0
450,Lookback Window,252.0,Lookback Window=252,Risk-Parity,PPG,0.015865521817698673
451,Lookback Window,252.0,Lookback Window=252,Risk-Parity,DELL,0.01840907479015111
452,Lookback Window,252.0,Lookback Window=252,Risk-Parity,QCOM,0.015482686772706986
453,Lookback Window,252.0,Lookback Window=252,Risk-Parity,AMAT,0.012009051503759888
454,Lookback Window,252.0,Lookback Window=252,Risk-Parity,MRK,0.03211406332843486
455,Lookback Window,252.0,Lookback Window=252,Risk-Parity,AME,0.016980319601065136
456,Lookback Window,252.0,Lookback Window=252,Risk-Parity,PG,0.037799592416640715
457,Lookback Window,252.0,Lookback Window=252,Risk-Parity,CL,0.04331300692031018
458,Lookback Window,252.0,Lookback Window=252,Risk-Parity,V,0.01866977846607881
459,Lookback Window,252.0,Lookback Window=252,Risk-Parity,MA,0.0155048458123099
460,Lookback Window,252.0,Lookback Window=252,Risk-Parity,MU,0.011900750244455534
461,Lookback Window,252.0,Lookback Window=252,Risk-Parity,T,0.025515401928349512
462,Lookback Window,252.0,Lookback Window=252,Risk-Parity,JPM,0.015151701254201606
463,Lookback Window,252.0,Lookback Window=252,Risk-Parity,JNJ,0.0349923384524694
464,Lookback Window,252.0,Lookback Window=252,Risk-Parity,INTC,0.01667566084970474
465,Lookback Window,252.0,Lookback Window=252,Risk-Parity,GE,0.01282955436701264
466,Lookback Window,252.0,Lookback Window=252,Risk-Parity,MS,0.013769813463829573
467,Lookback Window,252.0,Lookback Window=252,Risk-Parity,RTX,0.012602804537171353
468,Lookback Window,252.0,Lookback Window=252,Risk-Parity,TXN,0.016018447168711415
469,Lookback Window,252.0,Lookback Window=252,Risk-Parity,IBM,0.01728273155474373
470,Lookback Window,252.0,Lookback Window=252,Risk-Parity,SPGI,0.023684232907650097
471,Lookback Window,252.0,Lookback Window=252,Risk-Parity,LMT,0.025209213560091724
472,Lookback Window,252.0,Lookback Window=252,Risk-Parity,ADP,0.019609801570974927
473,Lookback Window,252.0,Lookback Window=252,Risk-Parity,COF,0.010756173398914295
474,Lookback Window,252.0,Lookback Window=252,Risk-Parity,WDC,0.011470445936297041
475,Lookback Window,252.0,Lookback Window=252,Risk-Parity,ABT,0.02836753115488068
476,Lookback Window,252.0,Lookback Window=252,Risk-Parity,GILD,0.031506110545582104
477,Lookback Window,252.0,Lookback Window=252,Risk-Parity,UNP,0.018053896754415922
478,Lookback Window,252.0,Lookback Window=252,Risk-Parity,ADI,0.015008707639458232
479,Lookback Window,252.0,Lookback Window=252,Risk-Parity,TMUS,0.022928281065205516
480,Lookback Window,252.0,Lookback Window=252,Risk-Parity,MMM,0.02163033921714158
481,Lookback Window,252.0,Lookback Window=252,Risk-Parity,ADBE,0.024943826415417675
482,Lookback Window,252.0,Lookback Window=252,Risk-Parity,AXP,0.012199320291734823
483,Lookback Window,252.0,Lookback Window=252,Risk-Parity,BA,0.008954878392627492
484,Lookback Window,252.0,Lookback Window=252,Risk-Parity,CVX,0.013598308874144649
485,Lookback Window,252.0,Lookback Window=252,Risk-Parity,CSCO,0.019523187035184752
486,Lookback Window,252.0,Lookback Window=252,Risk-Parity,DD,0.0142509503165909
487,Lookback Window,252.0,Lookback Window=252,Risk-Parity,XOM,0.012863434778466949
488,Lookback Window,252.0,Lookback Window=252,Risk-Parity,FDX,0.014737623365755955
489,Lookback Window,252.0,Lookback Window=252,Risk-Parity,GS,0.014973776858124222
490,Lookback Window,252.0,Lookback Window=252,Risk-Parity,GM,0.01242991459508039
491,Lookback Window,252.0,Lookback Window=252,Risk-Parity,HAS,0.019985986531873595
492,Lookback Window,252.0,Lookback Window=252,Risk-Parity,JBL,0.011400970721071229
493,Lookback Window,252.0,Lookback Window=252,Risk-Parity,KMB,0.056790263524080044
494,Lookback Window,252.0,Lookback Window=252,Risk-Parity,KLAC,0.012775877279302916
495,Lookback Window,252.0,Lookback Window=252,Risk-Parity,LOW,0.023169380326886896
496,Lookback Window,252.0,Lookback Window=252,Risk-Parity,MKC,0.037240117028611255
497,Lookback Window,252.0,Lookback Window=252,Risk-Parity,NEM,0.03666615987997123
498,Lookback Window,252.0,Lookback Window=252,Risk-Parity,OLN,0.009481299809441656
499,Lookback Window,252.0,Lookback Window=252,Risk-Parity,PH,0.012902844975215384
500,Lookback Window,504.0,Lookback Window=504,Simulated (Max Sharpe Ratio),PPG,0.035329578632829296
501,Lookback Window,504.0,Lookback Window=504,Simulated (Max Sharpe Ratio),DELL,0.018741693376055298
502,Lookback Window,504.0,Lookback Window=504,Simulated (Max Sharpe Ratio),QCOM,0.0014067474647732026
503,Lookback Window,504.0,Lookback Window=504,Simulated (Max Sharpe Ratio),AMAT,0.049986443755978716
504,Lookback Window,504.0,Lookback Window=504,Simulated (Max Sharpe Ratio),MRK,0.004339981732305108
505,Lookback Window,504.0,Lookback Window=504,Simulated (Max Sharpe Ratio),AME,0.020461719459271714
506,Lookback Window,504.0,Lookback Window=504,Simulated (Max Sharpe Ratio),PG,0.026625893447363096
507,Lookback Window,504.0,Lookback Window=504,Simulated (Max Sharpe Ratio),CL,0.015829756258529833
508,Lookback Window,504.0,Lookback Window=504,Simulated (Max Sharpe Ratio),V,0.027467939305429564
509,Lookback Window,504.0,Lookback Window=504,Simulated (Max Sharpe Ratio),MA,0.017160658226619496
510,Lookback Window,504.0,Lookback Window=504,Simulated (Max Sharpe Ratio),MU,0.021082179123773664
511,Lookback Window,504.0,Lookback Window=504,Simulated (Max Sharpe Ratio),T,0.04616034816586727
512,Lookback Window,504.0,Lookback Window=504,Simulated (Max Sharpe Ratio),JPM,0.021631122613691822
513,Lookback Window,504.0,Lookback Window=504,Simulated (Max Sharpe Ratio),JNJ,0.006420185104124223
514,Lookback Window,504.0,Lookback Window=504,Simulated (Max Sharpe Ratio),INTC,0.005091907496754994
515,Lookback Window,504.0,Lookback Window=504,Simulated (Max Sharpe Ratio),GE,0.020100833623319558
516,Lookback Window,504.0,Lookback Window=504,Simulated (Max Sharpe Ratio),MS,0.011013058420922773
517,Lookback Window,504.0,Lookback Window=504,Simulated (Max Sharpe Ratio),RTX,0.0022007551482917816
518,Lookback Window,504.0,Lookback Window=504,Simulated (Max Sharpe Ratio),TXN,0.0004546296799669667
519,Lookback Window,504.0,Lookback Window=504,Simulated (Max Sharpe Ratio),IBM,0.00807775805784651
520,Lookback Window,504.0,Lookback Window=504,Simulated (Max Sharpe Ratio),SPGI,0.011628865685441539
521,Lookback Window,504.0,Lookback Window=504,Simulated (Max Sharpe Ratio),LMT,0.018810727682589904
522,Lookback Window,504.0,Lookback Window=504,Simulated (Max Sharpe Ratio),ADP,0.004967390424538128
523,Lookback Window,504.0,Lookback Window=504,Simulated (Max Sharpe Ratio),COF,0.0224638916861073
524,Lookback Window,504.0,Lookback Window=504,Simulated (Max Sharpe Ratio),WDC,0.008545161448745318
525,Lookback Window,504.0,Lookback Window=504,Simulated (Max Sharpe Ratio),ABT,0.050365665965481386
526,Lookback Window,504.0,Lookback Window=504,Simulated (Max Sharpe Ratio),GILD,0.026529459131884973
527,Lookback Window,504.0,Lookback Window=504,Simulated (Max Sharpe Ratio),UNP,0.01508964370290926
528,Lookback Window,504.0,Lookback Window=504,Simulated (Max Sharpe Ratio),ADI,0.0009397697877603872
529,Lookback Window,504.0,Lookback Window=504,Simulated (Max Sharpe Ratio),TMUS,0.05844724262307519
530,Lookback Window,504.0,Lookback Window=504,Simulated (Max Sharpe Ratio),MMM,0.009948315996384495
531,Lookback Window,504.0,Lookback Window=504,Simulated (Max Sharpe Ratio),ADBE,0.02848511410519766
532,Lookback Window,504.0,Lookback Window=504,Simulated (Max Sharpe Ratio),AXP,0.012429162008524773
533,Lookback Window,504.0,Lookback Window=504,Simulated (Max Sharpe Ratio),BA,0.004964135910073731
534,Lookback Window,504.0,Lookback Window=504,Simulated (Max Sharpe Ratio),CVX,0.0017616698086501726
535,Lookback Window,504.0,Lookback Window=504,Simulated (Max Sharpe Ratio),CSCO,0.016195761327945445
536,Lookback Window,504.0,Lookback Window=504,Simulated (Max Sharpe Ratio),DD,0.00935279743855906
537,Lookback Window,504.0,Lookback Window=504,Simulated (Max Sharpe Ratio),XOM,0.0007176178977995212
538,Lookback Window,504.0,Lookback Window=504,Simulated (Max Sharpe Ratio),FDX,0.02224903646661652
539,Lookback Window,504.0,Lookback Window=504,Simulated (Max Sharpe Ratio),GS,0.004463691799812761
540,Lookback Window,504.0,Lookback Window=504,Simulated (Max Sharpe Ratio),GM,0.0028968659946651603
541,Lookback Window,504.0,Lookback Window=504,Simulated (Max Sharpe Ratio),HAS,0.005029868490230947
542,Lookback Window,504.0,Lookback Window=504,Simulated (Max Sharpe Ratio),JBL,0.00794154887685908
543,Lookback Window,504.0,Lookback Window=504,Simulated (Max Sharpe Ratio),KMB,0.04446131156173385
544,Lookback Window,504.0,Lookback Window=504,Simulated (Max Sharpe Ratio),KLAC,0.08231953378193868
545,Lookback Window,504.0,Lookback Window=504,Simulated (Max Sharpe Ratio),LOW,0.02508706557431999
546,Lookback Window,504.0,Lookback Window=504,Simulated (Max Sharpe Ratio),MKC,0.05562409361353129
547,Lookback Window,504.0,Lookback Window=504,Simulated (Max Sharpe Ratio),NEM,0.01499873382643451
548,Lookback Window,504.0,Lookback Window=504,Simulated (Max Sharpe Ratio),OLN,0.04752421302401085
549,Lookback Window,504.0,Lookback Window=504,Simulated (Max Sharpe Ratio),PH,0.026178455264463323
550,Lookback Window,504.0,Lookback Window=504,Equal-Weight,PPG,0.02
551,Lookback Window,504.0,Lookback Window=504,Equal-Weight,DELL,0.02
552,Lookback Window,504.0,Lookback Window=504,Equal-Weight,QCOM,0.02
553,Lookback Window,504.0,Lookback Window=504,Equal-Weight,AMAT,0.02
554,Lookback Window,504.0,Lookback Window=504,Equal-Weight,MRK,0.02
555,Lookback Window,504.0,Lookback Window=504,Equal-Weight,AME,0.02
556,Lookback Window,504.0,Lookback Window=504,Equal-Weight,PG,0.02
557,Lookback Window,504.0,Lookback Window=504,Equal-Weight,CL,0.02
558,Lookback Window,504.0,Lookback Window=504,Equal-Weight,V,0.02
559,Lookback Window,504.0,Lookback Window=504,Equal-Weight,MA,0.02
560,Lookback Window,504.0,Lookback Window=504,Equal-Weight,MU,0.02
561,Lookback Window,504.0,Lookback Window=504,Equal-Weight,T,0.02
562,Lookback Window,504.0,Lookback Window=504,Equal-Weight,JPM,0.02
563,Lookback Window,504.0,Lookback Window=504,Equal-Weight,JNJ,0.02
564,Lookback Window,504.0,Lookback Window=504,Equal-Weight,INTC,0.02
565,Lookback Window,504.0,Lookback Window=504,Equal-Weight,GE,0.02
566,Lookback Window,504.0,Lookback Window=504,Equal-Weight,MS,0.02
567,Lookback Window,504.0,Lookback Window=504,Equal-Weight,RTX,0.02
568,Lookback Window,504.0,Lookback Window=504,Equal-Weight,TXN,0.02
569,Lookback Window,504.0,Lookback Window=504,Equal-Weight,IBM,0.02
570,Lookback Window,504.0,Lookback Window=504,Equal-Weight,SPGI,0.02
571,Lookback Window,504.0,Lookback Window=504,Equal-Weight,LMT,0.02
572,Lookback Window,504.0,Lookback Window=504,Equal-Weight,ADP,0.02
573,Lookback Window,504.0,Lookback Window=504,Equal-Weight,COF,0.02
574,Lookback Window,504.0,Lookback Window=504,Equal-Weight,WDC,0.02
575,Lookback Window,504.0,Lookback Window=504,Equal-Weight,ABT,0.02
576,Lookback Window,504.0,Lookback Window=504,Equal-Weight,GILD,0.02
577,Lookback Window,504.0,Lookback Window=504,Equal-Weight,UNP,0.02
578,Lookback Window,504.0,Lookback Window=504,Equal-Weight,ADI,0.02
579,Lookback Window,504.0,Lookback Window=504,Equal-Weight,TMUS,0.02
580,Lookback Window,504.0,Lookback Window=504,Equal-Weight,MMM,0.02
581,Lookback Window,504.0,Lookback Window=504,Equal-Weight,ADBE,0.02
582,Lookback Window,504.0,Lookback Window=504,Equal-Weight,AXP,0.02
583,Lookback Window,504.0,Lookback Window=504,Equal-Weight,BA,0.02
584,Lookback Window,504.0,Lookback Window=504,Equal-Weight,CVX,0.02
585,Lookback Window,504.0,Lookback Window=504,Equal-Weight,CSCO,0.02
586,Lookback Window,504.0,Lookback Window=504,Equal-Weight,DD,0.02
587,Lookback Window,504.0,Lookback Window=504,Equal-Weight,XOM,0.02
588,Lookback Window,504.0,Lookback Window=504,Equal-Weight,FDX,0.02
589,Lookback Window,504.0,Lookback Window=504,Equal-Weight,GS,0.02
590,Lookback Window,504.0,Lookback Window=504,Equal-Weight,GM,0.02
591,Lookback Window,504.0,Lookback Window=504,Equal-Weight,HAS,0.02
592,Lookback Window,504.0,Lookback Window=504,Equal-Weight,JBL,0.02
593,Lookback Window,504.0,Lookback Window=504,Equal-Weight,KMB,0.02
594,Lookback Window,504.0,Lookback Window=504,Equal-Weight,KLAC,0.02
595,Lookback Window,504.0,Lookback Window=504,Equal-Weight,LOW,0.02
596,Lookback Window,504.0,Lookback Window=504,Equal-Weight,MKC,0.02
597,Lookback Window,504.0,Lookback Window=504,Equal-Weight,NEM,0.02
598,Lookback Window,504.0,Lookback Window=504,Equal-Weight,OLN,0.02
599,Lookback Window,504.0,Lookback Window=504,Equal-Weight,PH,0.02
600,Lookback Window,504.0,Lookback Window=504,Markowitz,PPG,0.0
601,Lookback Window,504.0,Lookback Window=504,Markowitz,DELL,0.0
602,Lookback Window,504.0,Lookback Window=504,Markowitz,QCOM,0.0
603,Lookback Window,504.0,Lookback Window=504,Markowitz,AMAT,0.3
604,Lookback Window,504.0,Lookback Window=504,Markowitz,MRK,0.0
605,Lookback Window,504.0,Lookback Window=504,Markowitz,AME,0.0
606,Lookback Window,504.0,Lookback Window=504,Markowitz,PG,0.0
607,Lookback Window,504.0,Lookback Window=504,Markowitz,CL,0.0
608,Lookback Window,504.0,Lookback Window=504,Markowitz,V,0.0
609,Lookback Window,504.0,Lookback Window=504,Markowitz,MA,0.0
610,Lookback Window,504.0,Lookback Window=504,Markowitz,MU,0.0
611,Lookback Window,504.0,Lookback Window=504,Markowitz,T,0.0
612,Lookback Window,504.0,Lookback Window=504,Markowitz,JPM,0.0
613,Lookback Window,504.0,Lookback Window=504,Markowitz,JNJ,0.0
614,Lookback Window,504.0,Lookback Window=504,Markowitz,INTC,0.0
615,Lookback Window,504.0,Lookback Window=504,Markowitz,GE,0.0
616,Lookback Window,504.0,Lookback Window=504,Markowitz,MS,0.0
617,Lookback Window,504.0,Lookback Window=504,Markowitz,RTX,0.0
618,Lookback Window,504.0,Lookback Window=504,Markowitz,TXN,0.0
619,Lookback Window,504.0,Lookback Window=504,Markowitz,IBM,0.0
620,Lookback Window,504.0,Lookback Window=504,Markowitz,SPGI,0.0
621,Lookback Window,504.0,Lookback Window=504,Markowitz,LMT,0.0
622,Lookback Window,504.0,Lookback Window=504,Markowitz,ADP,0.0
623,Lookback Window,504.0,Lookback Window=504,Markowitz,COF,0.0
624,Lookback Window,504.0,Lookback Window=504,Markowitz,WDC,0.0
625,Lookback Window,504.0,Lookback Window=504,Markowitz,ABT,0.07092
626,Lookback Window,504.0,Lookback Window=504,Markowitz,GILD,0.0
627,Lookback Window,504.0,Lookback Window=504,Markowitz,UNP,0.0
628,Lookback Window,504.0,Lookback Window=504,Markowitz,ADI,0.0
629,Lookback Window,504.0,Lookback Window=504,Markowitz,TMUS,0.2527
630,Lookback Window,504.0,Lookback Window=504,Markowitz,MMM,0.0
631,Lookback Window,504.0,Lookback Window=504,Markowitz,ADBE,0.0
632,Lookback Window,504.0,Lookback Window=504,Markowitz,AXP,0.0
633,Lookback Window,504.0,Lookback Window=504,Markowitz,BA,0.0
634,Lookback Window,504.0,Lookback Window=504,Markowitz,CVX,0.0
635,Lookback Window,504.0,Lookback Window=504,Markowitz,CSCO,0.0
636,Lookback Window,504.0,Lookback Window=504,Markowitz,DD,0.0
637,Lookback Window,504.0,Lookback Window=504,Markowitz,XOM,0.0
638,Lookback Window,504.0,Lookback Window=504,Markowitz,FDX,0.0
639,Lookback Window,504.0,Lookback Window=504,Markowitz,GS,0.0
640,Lookback Window,504.0,Lookback Window=504,Markowitz,GM,0.0
641,Lookback Window,504.0,Lookback Window=504,Markowitz,HAS,0.0
642,Lookback Window,504.0,Lookback Window=504,Markowitz,JBL,0.0
643,Lookback Window,504.0,Lookback Window=504,Markowitz,KMB,0.0
644,Lookback Window,504.0,Lookback Window=504,Markowitz,KLAC,0.07638
645,Lookback Window,504.0,Lookback Window=504,Markowitz,LOW,0.0
646,Lookback Window,504.0,Lookback Window=504,Markowitz,MKC,0.0
647,Lookback Window,504.0,Lookback Window=504,Markowitz,NEM,0.3
648,Lookback Window,504.0,Lookback Window=504,Markowitz,OLN,0.0
649,Lookback Window,504.0,Lookback Window=504,Markowitz,PH,0.0
650,Lookback Window,504.0,Lookback Window=504,Black-Litterman,PPG,0.0
651,Lookback Window,504.0,Lookback Window=504,Black-Litterman,DELL,0.0
652,Lookback Window,504.0,Lookback Window=504,Black-Litterman,QCOM,0.0
653,Lookback Window,504.0,Lookback Window=504,Black-Litterman,AMAT,0.00617
654,Lookback Window,504.0,Lookback Window=504,Black-Litterman,MRK,0.0
655,Lookback Window,504.0,Lookback Window=504,Black-Litterman,AME,0.0
656,Lookback Window,504.0,Lookback Window=504,Black-Litterman,PG,0.0
657,Lookback Window,504.0,Lookback Window=504,Black-Litterman,CL,0.0
658,Lookback Window,504.0,Lookback Window=504,Black-Litterman,V,0.19928
659,Lookback Window,504.0,Lookback Window=504,Black-Litterman,MA,0.12006
660,Lookback Window,504.0,Lookback Window=504,Black-Litterman,MU,0.15595
661,Lookback Window,504.0,Lookback Window=504,Black-Litterman,T,0.0
662,Lookback Window,504.0,Lookback Window=504,Black-Litterman,JPM,0.0
663,Lookback Window,504.0,Lookback Window=504,Black-Litterman,JNJ,0.0
664,Lookback Window,504.0,Lookback Window=504,Black-Litterman,INTC,0.0
665,Lookback Window,504.0,Lookback Window=504,Black-Litterman,GE,0.10184
666,Lookback Window,504.0,Lookback Window=504,Black-Litterman,MS,0.0
667,Lookback Window,504.0,Lookback Window=504,Black-Litterman,RTX,0.0
668,Lookback Window,504.0,Lookback Window=504,Black-Litterman,TXN,0.0
669,Lookback Window,504.0,Lookback Window=504,Black-Litterman,IBM,0.0
670,Lookback Window,504.0,Lookback Window=504,Black-Litterman,SPGI,0.07822
671,Lookback Window,504.0,Lookback Window=504,Black-Litterman,LMT,0.0
672,Lookback Window,504.0,Lookback Window=504,Black-Litterman,ADP,0.0
673,Lookback Window,504.0,Lookback Window=504,Black-Litterman,COF,0.0
674,Lookback Window,504.0,Lookback Window=504,Black-Litterman,WDC,0.0
675,Lookback Window,504.0,Lookback Window=504,Black-Litterman,ABT,0.0
676,Lookback Window,504.0,Lookback Window=504,Black-Litterman,GILD,0.04081
677,Lookback Window,504.0,Lookback Window=504,Black-Litterman,UNP,0.0
678,Lookback Window,504.0,Lookback Window=504,Black-Litterman,ADI,0.0
679,Lookback Window,504.0,Lookback Window=504,Black-Litterman,TMUS,0.02198
680,Lookback Window,504.0,Lookback Window=504,Black-Litterman,MMM,0.0
681,Lookback Window,504.0,Lookback Window=504,Black-Litterman,ADBE,0.16186
682,Lookback Window,504.0,Lookback Window=504,Black-Litterman,AXP,0.0
683,Lookback Window,504.0,Lookback Window=504,Black-Litterman,BA,0.0
684,Lookback Window,504.0,Lookback Window=504,Black-Litterman,CVX,0.0
685,Lookback Window,504.0,Lookback Window=504,Black-Litterman,CSCO,0.0
686,Lookback Window,504.0,Lookback Window=504,Black-Litterman,DD,0.0
687,Lookback Window,504.0,Lookback Window=504,Black-Litterman,XOM,0.0
688,Lookback Window,504.0,Lookback Window=504,Black-Litterman,FDX,0.0
689,Lookback Window,504.0,Lookback Window=504,Black-Litterman,GS,0.0
690,Lookback Window,504.0,Lookback Window=504,Black-Litterman,GM,0.0
691,Lookback Window,504.0,Lookback Window=504,Black-Litterman,HAS,0.0
692,Lookback Window,504.0,Lookback Window=504,Black-Litterman,JBL,0.0
693,Lookback Window,504.0,Lookback Window=504,Black-Litterman,KMB,0.0
694,Lookback Window,504.0,Lookback Window=504,Black-Litterman,KLAC,0.06549
695,Lookback Window,504.0,Lookback Window=504,Black-Litterman,LOW,0.0
696,Lookback Window,504.0,Lookback Window=504,Black-Litterman,MKC,0.0
697,Lookback Window,504.0,Lookback Window=504,Black-Litterman,NEM,0.04834
698,Lookback Window,504.0,Lookback Window=504,Black-Litterman,OLN,0.0
699,Lookback Window,504.0,Lookback Window=504,Black-Litterman,PH,0.0
700,Lookback Window,504.0,Lookback Window=504,Risk-Parity,PPG,0.020001137082749004
701,Lookback Window,504.0,Lookback Window=504,Risk-Parity,DELL,0.017963678350296716
702,Lookback Window,504.0,Lookback Window=504,Risk-Parity,QCOM,0.017387347099129785
703,Lookback Window,504.0,Lookback Window=504,Risk-Parity,AMAT,0.013374495401490107
704,Lookback Window,504.0,Lookback Window=504,Risk-Parity,MRK,0.030106048520434695
705,Lookback Window,504.0,Lookback Window=504,Risk-Parity,AME,0.017083463736756323
706,Lookback Window,504.0,Lookback Window=504,Risk-Parity,PG,0.030321221582102386
707,Lookback Window,504.0,Lookback Window=504,Risk-Parity,CL,0.03204287222378589
708,Lookback Window,504.0,Lookback Window=504,Risk-Parity,V,0.018515120549271003
709,Lookback Window,504.0,Lookback Window=504,Risk-Parity,MA,0.016679466110001675
710,Lookback Window,504.0,Lookback Window=504,Risk-Parity,MU,0.014069026457159245
711,Lookback Window,504.0,Lookback Window=504,Risk-Parity,T,0.024926468956388302
712,Lookback Window,504.0,Lookback Window=504,Risk-Parity,JPM,0.015669585161157892
713,Lookback Window,504.0,Lookback Window=504,Risk-Parity,JNJ,0.03132584042870902
714,Lookback Window,504.0,Lookback Window=504,Risk-Parity,INTC,0.01699149724722244
715,Lookback Window,504.0,Lookback Window=504,Risk-Parity,GE,0.015015430556028154
716,Lookback Window,504.0,Lookback Window=504,Risk-Parity,MS,0.014080076937687135
717,Lookback Window,504.0,Lookback Window=504,Risk-Parity,RTX,0.01563188182971757
718,Lookback Window,504.0,Lookback Window=504,Risk-Parity,TXN,0.0179128412478172
719,Lookback Window,504.0,Lookback Window=504,Risk-Parity,IBM,0.01968081740234412
720,Lookback Window,504.0,Lookback Window=504,Risk-Parity,SPGI,0.01898163932680712
721,Lookback Window,504.0,Lookback Window=504,Risk-Parity,LMT,0.024247741615348612
722,Lookback Window,504.0,Lookback Window=504,Risk-Parity,ADP,0.01855071226098403
723,Lookback Window,504.0,Lookback Window=504,Risk-Parity,COF,0.0123817520526906
724,Lookback Window,504.0,Lookback Window=504,Risk-Parity,WDC,0.012765406229179885
725,Lookback Window,504.0,Lookback Window=504,Risk-Parity,ABT,0.02461687812924259
726,Lookback Window,504.0,Lookback Window=504,Risk-Parity,GILD,0.03795260360713304
727,Lookback Window,504.0,Lookback Window=504,Risk-Parity,UNP,0.01904907036201576
728,Lookback Window,504.0,Lookback Window=504,Risk-Parity,ADI,0.01613848416191254
729,Lookback Window,504.0,Lookback Window=504,Risk-Parity,TMUS,0.02484519028928109
730,Lookback Window,504.0,Lookback Window=504,Risk-Parity,MMM,0.023592785401273096
731,Lookback Window,504.0,Lookback Window=504,Risk-Parity,ADBE,0.020375500261963102
732,Lookback Window,504.0,Lookback Window=504,Risk-Parity,AXP,0.0136314402387428
733,Lookback Window,504.0,Lookback Window=504,Risk-Parity,BA,0.01179235620543794
734,Lookback Window,504.0,Lookback Window=504,Risk-Parity,CVX,0.014773351641585029
735,Lookback Window,504.0,Lookback Window=504,Risk-Parity,CSCO,0.020096689325182198
736,Lookback Window,504.0,Lookback Window=504,Risk-Parity,DD,0.01630589516030664
737,Lookback Window,504.0,Lookback Window=504,Risk-Parity,XOM,0.01750003932728264
738,Lookback Window,504.0,Lookback Window=504,Risk-Parity,FDX,0.017869031290446025
739,Lookback Window,504.0,Lookback Window=504,Risk-Parity,GS,0.01578580000523959
740,Lookback Window,504.0,Lookback Window=504,Risk-Parity,GM,0.015056671820265826
741,Lookback Window,504.0,Lookback Window=504,Risk-Parity,HAS,0.018522119309277982
742,Lookback Window,504.0,Lookback Window=504,Risk-Parity,JBL,0.014161121841615035
743,Lookback Window,504.0,Lookback Window=504,Risk-Parity,KMB,0.036937779203492276
744,Lookback Window,504.0,Lookback Window=504,Risk-Parity,KLAC,0.013651409486442442
745,Lookback Window,504.0,Lookback Window=504,Risk-Parity,LOW,0.017553092570564897
746,Lookback Window,504.0,Lookback Window=504,Risk-Parity,MKC,0.030698533601229646
747,Lookback Window,504.0,Lookback Window=504,Risk-Parity,NEM,0.047032108035671656
748,Lookback Window,504.0,Lookback Window=504,Risk-Parity,OLN,0.012915313340459545
749,Lookback Window,504.0,Lookback Window=504,Risk-Parity,PH,0.013441167018677832
750,Maximum Weight,0.2,Maximum Weight=0.2,Simulated (Max Sharpe Ratio),PPG,0.012251340658814622
751,Maximum Weight,0.2,Maximum Weight=0.2,Simulated (Max Sharpe Ratio),DELL,0.0759978220577422
752,Maximum Weight,0.2,Maximum Weight=0.2,Simulated (Max Sharpe Ratio),QCOM,0.003606602968539402
753,Maximum Weight,0.2,Maximum Weight=0.2,Simulated (Max Sharpe Ratio),AMAT,0.18549765443470378
754,Maximum Weight,0.2,Maximum Weight=0.2,Simulated (Max Sharpe Ratio),MRK,0.014624145069685523
755,Maximum Weight,0.2,Maximum Weight=0.2,Simulated (Max Sharpe Ratio),AME,0.028158412378678048
756,Maximum Weight,0.2,Maximum Weight=0.2,Simulated (Max Sharpe Ratio),PG,0.0018242082350373894
757,Maximum Weight,0.2,Maximum Weight=0.2,Simulated (Max Sharpe Ratio),CL,0.011946500475837604
758,Maximum Weight,0.2,Maximum Weight=0.2,Simulated (Max Sharpe Ratio),V,0.00906882452468563
759,Maximum Weight,0.2,Maximum Weight=0.2,Simulated (Max Sharpe Ratio),MA,0.04290691712125789
760,Maximum Weight,0.2,Maximum Weight=0.2,Simulated (Max Sharpe Ratio),MU,0.00220819406850811
761,Maximum Weight,0.2,Maximum Weight=0.2,Simulated (Max Sharpe Ratio),T,0.010139231639782916
762,Maximum Weight,0.2,Maximum Weight=0.2,Simulated (Max Sharpe Ratio),JPM,0.01207129620188739
763,Maximum Weight,0.2,Maximum Weight=0.2,Simulated (Max Sharpe Ratio),JNJ,0.00870711515025071
764,Maximum Weight,0.2,Maximum Weight=0.2,Simulated (Max Sharpe Ratio),INTC,0.0033385712064063875
765,Maximum Weight,0.2,Maximum Weight=0.2,Simulated (Max Sharpe Ratio),GE,0.06743338651018621
766,Maximum Weight,0.2,Maximum Weight=0.2,Simulated (Max Sharpe Ratio),MS,0.00232542002880006
767,Maximum Weight,0.2,Maximum Weight=0.2,Simulated (Max Sharpe Ratio),RTX,0.00025646579224331657
768,Maximum Weight,0.2,Maximum Weight=0.2,Simulated (Max Sharpe Ratio),TXN,0.015253683973301964
769,Maximum Weight,0.2,Maximum Weight=0.2,Simulated (Max Sharpe Ratio),IBM,0.030462180499800626
770,Maximum Weight,0.2,Maximum Weight=0.2,Simulated (Max Sharpe Ratio),SPGI,0.03656748999978449
771,Maximum Weight,0.2,Maximum Weight=0.2,Simulated (Max Sharpe Ratio),LMT,0.00098512060193479
772,Maximum Weight,0.2,Maximum Weight=0.2,Simulated (Max Sharpe Ratio),ADP,0.025463029544105256
773,Maximum Weight,0.2,Maximum Weight=0.2,Simulated (Max Sharpe Ratio),COF,0.01565443451409303
774,Maximum Weight,0.2,Maximum Weight=0.2,Simulated (Max Sharpe Ratio),WDC,0.008592215832632397
775,Maximum Weight,0.2,Maximum Weight=0.2,Simulated (Max Sharpe Ratio),ABT,0.009176718467746056
776,Maximum Weight,0.2,Maximum Weight=0.2,Simulated (Max Sharpe Ratio),GILD,0.022430802869072147
777,Maximum Weight,0.2,Maximum Weight=0.2,Simulated (Max Sharpe Ratio),UNP,0.009452628774331555
778,Maximum Weight,0.2,Maximum Weight=0.2,Simulated (Max Sharpe Ratio),ADI,0.02260207449206237
779,Maximum Weight,0.2,Maximum Weight=0.2,Simulated (Max Sharpe Ratio),TMUS,0.0015251431965082175
780,Maximum Weight,0.2,Maximum Weight=0.2,Simulated (Max Sharpe Ratio),MMM,0.026165977844325724
781,Maximum Weight,0.2,Maximum Weight=0.2,Simulated (Max Sharpe Ratio),ADBE,0.015225107008797714
782,Maximum Weight,0.2,Maximum Weight=0.2,Simulated (Max Sharpe Ratio),AXP,0.031219311664476307
783,Maximum Weight,0.2,Maximum Weight=0.2,Simulated (Max Sharpe Ratio),BA,0.01572086044345872
784,Maximum Weight,0.2,Maximum Weight=0.2,Simulated (Max Sharpe Ratio),CVX,0.006540526094382404
785,Maximum Weight,0.2,Maximum Weight=0.2,Simulated (Max Sharpe Ratio),CSCO,0.020559652309100358
786,Maximum Weight,0.2,Maximum Weight=0.2,Simulated (Max Sharpe Ratio),DD,0.004903801042848701
787,Maximum Weight,0.2,Maximum Weight=0.2,Simulated (Max Sharpe Ratio),XOM,0.0012366899664092259
788,Maximum Weight,0.2,Maximum Weight=0.2,Simulated (Max Sharpe Ratio),FDX,0.013961666255546267
789,Maximum Weight,0.2,Maximum Weight=0.2,Simulated (Max Sharpe Ratio),GS,0.01189885818081043
790,Maximum Weight,0.2,Maximum Weight=0.2,Simulated (Max Sharpe Ratio),GM,0.04374271550858036
791,Maximum Weight,0.2,Maximum Weight=0.2,Simulated (Max Sharpe Ratio),HAS,0.01464091248936894
792,Maximum Weight,0.2,Maximum Weight=0.2,Simulated (Max Sharpe Ratio),JBL,0.008500236687065132
793,Maximum Weight,0.2,Maximum Weight=0.2,Simulated (Max Sharpe Ratio),KMB,0.005726754998990304
794,Maximum Weight,0.2,Maximum Weight=0.2,Simulated (Max Sharpe Ratio),KLAC,0.02076387822738644
795,Maximum Weight,0.2,Maximum Weight=0.2,Simulated (Max Sharpe Ratio),LOW,0.006748737072521607
796,Maximum Weight,0.2,Maximum Weight=0.2,Simulated (Max Sharpe Ratio),MKC,0.02217511612302898
797,Maximum Weight,0.2,Maximum Weight=0.2,Simulated (Max Sharpe Ratio),NEM,0.0027424878758304503
798,Maximum Weight,0.2,Maximum Weight=0.2,Simulated (Max Sharpe Ratio),OLN,0.03271178319359233
799,Maximum Weight,0.2,Maximum Weight=0.2,Simulated (Max Sharpe Ratio),PH,0.0042872957250597084
800,Maximum Weight,0.2,Maximum Weight=0.2,Equal-Weight,PPG,0.02
801,Maximum Weight,0.2,Maximum Weight=0.2,Equal-Weight,DELL,0.02
802,Maximum Weight,0.2,Maximum Weight=0.2,Equal-Weight,QCOM,0.02
803,Maximum Weight,0.2,Maximum Weight=0.2,Equal-Weight,AMAT,0.02
804,Maximum Weight,0.2,Maximum Weight=0.2,Equal-Weight,MRK,0.02
805,Maximum Weight,0.2,Maximum Weight=0.2,Equal-Weight,AME,0.02
806,Maximum Weight,0.2,Maximum Weight=0.2,Equal-Weight,PG,0.02
807,Maximum Weight,0.2,Maximum Weight=0.2,Equal-Weight,CL,0.02
808,Maximum Weight,0.2,Maximum Weight=0.2,Equal-Weight,V,0.02
809,Maximum Weight,0.2,Maximum Weight=0.2,Equal-Weight,MA,0.02
810,Maximum Weight,0.2,Maximum Weight=0.2,Equal-Weight,MU,0.02
811,Maximum Weight,0.2,Maximum Weight=0.2,Equal-Weight,T,0.02
812,Maximum Weight,0.2,Maximum Weight=0.2,Equal-Weight,JPM,0.02
813,Maximum Weight,0.2,Maximum Weight=0.2,Equal-Weight,JNJ,0.02
814,Maximum Weight,0.2,Maximum Weight=0.2,Equal-Weight,INTC,0.02
815,Maximum Weight,0.2,Maximum Weight=0.2,Equal-Weight,GE,0.02
816,Maximum Weight,0.2,Maximum Weight=0.2,Equal-Weight,MS,0.02
817,Maximum Weight,0.2,Maximum Weight=0.2,Equal-Weight,RTX,0.02
818,Maximum Weight,0.2,Maximum Weight=0.2,Equal-Weight,TXN,0.02
819,Maximum Weight,0.2,Maximum Weight=0.2,Equal-Weight,IBM,0.02
820,Maximum Weight,0.2,Maximum Weight=0.2,Equal-Weight,SPGI,0.02
821,Maximum Weight,0.2,Maximum Weight=0.2,Equal-Weight,LMT,0.02
822,Maximum Weight,0.2,Maximum Weight=0.2,Equal-Weight,ADP,0.02
823,Maximum Weight,0.2,Maximum Weight=0.2,Equal-Weight,COF,0.02
824,Maximum Weight,0.2,Maximum Weight=0.2,Equal-Weight,WDC,0.02
825,Maximum Weight,0.2,Maximum Weight=0.2,Equal-Weight,ABT,0.02
826,Maximum Weight,0.2,Maximum Weight=0.2,Equal-Weight,GILD,0.02
827,Maximum Weight,0.2,Maximum Weight=0.2,Equal-Weight,UNP,0.02
828,Maximum Weight,0.2,Maximum Weight=0.2,Equal-Weight,ADI,0.02
829,Maximum Weight,0.2,Maximum Weight=0.2,Equal-Weight,TMUS,0.02
830,Maximum Weight,0.2,Maximum Weight=0.2,Equal-Weight,MMM,0.02
831,Maximum Weight,0.2,Maximum Weight=0.2,Equal-Weight,ADBE,0.02
832,Maximum Weight,0.2,Maximum Weight=0.2,Equal-Weight,AXP,0.02
833,Maximum Weight,0.2,Maximum Weight=0.2,Equal-Weight,BA,0.02
834,Maximum Weight,0.2,Maximum Weight=0.2,Equal-Weight,CVX,0.02
835,Maximum Weight,0.2,Maximum Weight=0.2,Equal-Weight,CSCO,0.02
836,Maximum Weight,0.2,Maximum Weight=0.2,Equal-Weight,DD,0.02
837,Maximum Weight,0.2,Maximum Weight=0.2,Equal-Weight,XOM,0.02
838,Maximum Weight,0.2,Maximum Weight=0.2,Equal-Weight,FDX,0.02
839,Maximum Weight,0.2,Maximum Weight=0.2,Equal-Weight,GS,0.02
840,Maximum Weight,0.2,Maximum Weight=0.2,Equal-Weight,GM,0.02
841,Maximum Weight,0.2,Maximum Weight=0.2,Equal-Weight,HAS,0.02
842,Maximum Weight,0.2,Maximum Weight=0.2,Equal-Weight,JBL,0.02
843,Maximum Weight,0.2,Maximum Weight=0.2,Equal-Weight,KMB,0.02
844,Maximum Weight,0.2,Maximum Weight=0.2,Equal-Weight,KLAC,0.02
845,Maximum Weight,0.2,Maximum Weight=0.2,Equal-Weight,LOW,0.02
846,Maximum Weight,0.2,Maximum Weight=0.2,Equal-Weight,MKC,0.02
847,Maximum Weight,0.2,Maximum Weight=0.2,Equal-Weight,NEM,0.02
848,Maximum Weight,0.2,Maximum Weight=0.2,Equal-Weight,OLN,0.02
849,Maximum Weight,0.2,Maximum Weight=0.2,Equal-Weight,PH,0.02
850,Maximum Weight,0.2,Maximum Weight=0.2,Markowitz,PPG,0.00722
851,Maximum Weight,0.2,Maximum Weight=0.2,Markowitz,DELL,0.2
852,Maximum Weight,0.2,Maximum Weight=0.2,Markowitz,QCOM,0.0
853,Maximum Weight,0.2,Maximum Weight=0.2,Markowitz,AMAT,0.2
854,Maximum Weight,0.2,Maximum Weight=0.2,Markowitz,MRK,0.0
855,Maximum Weight,0.2,Maximum Weight=0.2,Markowitz,AME,0.0
856,Maximum Weight,0.2,Maximum Weight=0.2,Markowitz,PG,0.0
857,Maximum Weight,0.2,Maximum Weight=0.2,Markowitz,CL,0.0
858,Maximum Weight,0.2,Maximum Weight=0.2,Markowitz,V,0.0
859,Maximum Weight,0.2,Maximum Weight=0.2,Markowitz,MA,0.0
860,Maximum Weight,0.2,Maximum Weight=0.2,Markowitz,MU,0.0
861,Maximum Weight,0.2,Maximum Weight=0.2,Markowitz,T,0.0
862,Maximum Weight,0.2,Maximum Weight=0.2,Markowitz,JPM,0.0
863,Maximum Weight,0.2,Maximum Weight=0.2,Markowitz,JNJ,0.0
864,Maximum Weight,0.2,Maximum Weight=0.2,Markowitz,INTC,0.0
865,Maximum Weight,0.2,Maximum Weight=0.2,Markowitz,GE,0.0
866,Maximum Weight,0.2,Maximum Weight=0.2,Markowitz,MS,0.05182
867,Maximum Weight,0.2,Maximum Weight=0.2,Markowitz,RTX,0.0
868,Maximum Weight,0.2,Maximum Weight=0.2,Markowitz,TXN,0.0
869,Maximum Weight,0.2,Maximum Weight=0.2,Markowitz,IBM,0.0
870,Maximum Weight,0.2,Maximum Weight=0.2,Markowitz,SPGI,0.0
871,Maximum Weight,0.2,Maximum Weight=0.2,Markowitz,LMT,0.0
872,Maximum Weight,0.2,Maximum Weight=0.2,Markowitz,ADP,0.0
873,Maximum Weight,0.2,Maximum Weight=0.2,Markowitz,COF,0.0
874,Maximum Weight,0.2,Maximum Weight=0.2,Markowitz,WDC,0.0
875,Maximum Weight,0.2,Maximum Weight=0.2,Markowitz,ABT,0.0
876,Maximum Weight,0.2,Maximum Weight=0.2,Markowitz,GILD,0.0
877,Maximum Weight,0.2,Maximum Weight=0.2,Markowitz,UNP,0.0
878,Maximum Weight,0.2,Maximum Weight=0.2,Markowitz,ADI,0.0
879,Maximum Weight,0.2,Maximum Weight=0.2,Markowitz,TMUS,0.0
880,Maximum Weight,0.2,Maximum Weight=0.2,Markowitz,MMM,0.0
881,Maximum Weight,0.2,Maximum Weight=0.2,Markowitz,ADBE,0.0
882,Maximum Weight,0.2,Maximum Weight=0.2,Markowitz,AXP,0.0
883,Maximum Weight,0.2,Maximum Weight=0.2,Markowitz,BA,0.0
884,Maximum Weight,0.2,Maximum Weight=0.2,Markowitz,CVX,0.0
885,Maximum Weight,0.2,Maximum Weight=0.2,Markowitz,CSCO,0.0
886,Maximum Weight,0.2,Maximum Weight=0.2,Markowitz,DD,0.0
887,Maximum Weight,0.2,Maximum Weight=0.2,Markowitz,XOM,0.0
888,Maximum Weight,0.2,Maximum Weight=0.2,Markowitz,FDX,0.12335
889,Maximum Weight,0.2,Maximum Weight=0.2,Markowitz,GS,0.0
890,Maximum Weight,0.2,Maximum Weight=0.2,Markowitz,GM,0.17569
891,Maximum Weight,0.2,Maximum Weight=0.2,Markowitz,HAS,0.0
892,Maximum Weight,0.2,Maximum Weight=0.2,Markowitz,JBL,0.0
893,Maximum Weight,0.2,Maximum Weight=0.2,Markowitz,KMB,0.0
894,Maximum Weight,0.2,Maximum Weight=0.2,Markowitz,KLAC,0.0
895,Maximum Weight,0.2,Maximum Weight=0.2,Markowitz,LOW,0.2
896,Maximum Weight,0.2,Maximum Weight=0.2,Markowitz,MKC,0.0
897,Maximum Weight,0.2,Maximum Weight=0.2,Markowitz,NEM,0.0
898,Maximum Weight,0.2,Maximum Weight=0.2,Markowitz,OLN,0.03244
899,Maximum Weight,0.2,Maximum Weight=0.2,Markowitz,PH,0.00948
900,Maximum Weight,0.2,Maximum Weight=0.2,Black-Litterman,PPG,0.0
901,Maximum Weight,0.2,Maximum Weight=0.2,Black-Litterman,DELL,0.03340933181336373
902,Maximum Weight,0.2,Maximum Weight=0.2,Black-Litterman,QCOM,0.021599568008639825
903,Maximum Weight,0.2,Maximum Weight=0.2,Black-Litterman,AMAT,0.0
904,Maximum Weight,0.2,Maximum Weight=0.2,Black-Litterman,MRK,0.020189596208075835
905,Maximum Weight,0.2,Maximum Weight=0.2,Black-Litterman,AME,0.0
906,Maximum Weight,0.2,Maximum Weight=0.2,Black-Litterman,PG,0.0
907,Maximum Weight,0.2,Maximum Weight=0.2,Black-Litterman,CL,0.0
908,Maximum Weight,0.2,Maximum Weight=0.2,Black-Litterman,V,0.1594868102637947
909,Maximum Weight,0.2,Maximum Weight=0.2,Black-Litterman,MA,0.09093818123637526
910,Maximum Weight,0.2,Maximum Weight=0.2,Black-Litterman,MU,0.05113897722045558
911,Maximum Weight,0.2,Maximum Weight=0.2,Black-Litterman,T,0.0
912,Maximum Weight,0.2,Maximum Weight=0.2,Black-Litterman,JPM,0.0
913,Maximum Weight,0.2,Maximum Weight=0.2,Black-Litterman,JNJ,0.0
914,Maximum Weight,0.2,Maximum Weight=0.2,Black-Litterman,INTC,0.01703965920681586
915,Maximum Weight,0.2,Maximum Weight=0.2,Black-Litterman,GE,0.1569568608627827
916,Maximum Weight,0.2,Maximum Weight=0.2,Black-Litterman,MS,0.0
917,Maximum Weight,0.2,Maximum Weight=0.2,Black-Litterman,RTX,0.0
918,Maximum Weight,0.2,Maximum Weight=0.2,Black-Litterman,TXN,0.0
919,Maximum Weight,0.2,Maximum Weight=0.2,Black-Litterman,IBM,0.0
920,Maximum Weight,0.2,Maximum Weight=0.2,Black-Litterman,SPGI,0.0738785224295514
921,Maximum Weight,0.2,Maximum Weight=0.2,Black-Litterman,LMT,0.0
922,Maximum Weight,0.2,Maximum Weight=0.2,Black-Litterman,ADP,0.0
923,Maximum Weight,0.2,Maximum Weight=0.2,Black-Litterman,COF,0.0
924,Maximum Weight,0.2,Maximum Weight=0.2,Black-Litterman,WDC,0.0
925,Maximum Weight,0.2,Maximum Weight=0.2,Black-Litterman,ABT,0.005729885402291953
926,Maximum Weight,0.2,Maximum Weight=0.2,Black-Litterman,GILD,0.01613967720645587
927,Maximum Weight,0.2,Maximum Weight=0.2,Black-Litterman,UNP,0.0
928,Maximum Weight,0.2,Maximum Weight=0.2,Black-Litterman,ADI,0.0
929,Maximum Weight,0.2,Maximum Weight=0.2,Black-Litterman,TMUS,0.04048919021619567
930,Maximum Weight,0.2,Maximum Weight=0.2,Black-Litterman,MMM,0.0
931,Maximum Weight,0.2,Maximum Weight=0.2,Black-Litterman,ADBE,0.11805763884722303
932,Maximum Weight,0.2,Maximum Weight=0.2,Black-Litterman,AXP,0.0
933,Maximum Weight,0.2,Maximum Weight=0.2,Black-Litterman,BA,0.005129897402051958
934,Maximum Weight,0.2,Maximum Weight=0.2,Black-Litterman,CVX,0.0
935,Maximum Weight,0.2,Maximum Weight=0.2,Black-Litterman,CSCO,0.0
936,Maximum Weight,0.2,Maximum Weight=0.2,Black-Litterman,DD,0.0
937,Maximum Weight,0.2,Maximum Weight=0.2,Black-Litterman,XOM,0.0
938,Maximum Weight,0.2,Maximum Weight=0.2,Black-Litterman,FDX,0.0
939,Maximum Weight,0.2,Maximum Weight=0.2,Black-Litterman,GS,0.0
940,Maximum Weight,0.2,Maximum Weight=0.2,Black-Litterman,GM,0.0
941,Maximum Weight,0.2,Maximum Weight=0.2,Black-Litterman,HAS,0.0
942,Maximum Weight,0.2,Maximum Weight=0.2,Black-Litterman,JBL,0.0
943,Maximum Weight,0.2,Maximum Weight=0.2,Black-Litterman,KMB,0.08009839803203936
944,Maximum Weight,0.2,Maximum Weight=0.2,Black-Litterman,KLAC,0.0
945,Maximum Weight,0.2,Maximum Weight=0.2,Black-Litterman,LOW,0.020449591008179835
946,Maximum Weight,0.2,Maximum Weight=0.2,Black-Litterman,MKC,0.04234915301693965
947,Maximum Weight,0.2,Maximum Weight=0.2,Black-Litterman,NEM,0.04691906161876762
948,Maximum Weight,0.2,Maximum Weight=0.2,Black-Litterman,OLN,0.0
949,Maximum Weight,0.2,Maximum Weight=0.2,Black-Litterman,PH,0.0
950,Maximum Weight,0.2,Maximum Weight=0.2,Risk-Parity,PPG,0.015865521817698673
951,Maximum Weight,0.2,Maximum Weight=0.2,Risk-Parity,DELL,0.01840907479015111
952,Maximum Weight,0.2,Maximum Weight=0.2,Risk-Parity,QCOM,0.015482686772706986
953,Maximum Weight,0.2,Maximum Weight=0.2,Risk-Parity,AMAT,0.012009051503759888
954,Maximum Weight,0.2,Maximum Weight=0.2,Risk-Parity,MRK,0.03211406332843486
955,Maximum Weight,0.2,Maximum Weight=0.2,Risk-Parity,AME,0.016980319601065136
956,Maximum Weight,0.2,Maximum Weight=0.2,Risk-Parity,PG,0.037799592416640715
957,Maximum Weight,0.2,Maximum Weight=0.2,Risk-Parity,CL,0.04331300692031018
958,Maximum Weight,0.2,Maximum Weight=0.2,Risk-Parity,V,0.01866977846607881
959,Maximum Weight,0.2,Maximum Weight=0.2,Risk-Parity,MA,0.0155048458123099
960,Maximum Weight,0.2,Maximum Weight=0.2,Risk-Parity,MU,0.011900750244455534
961,Maximum Weight,0.2,Maximum Weight=0.2,Risk-Parity,T,0.025515401928349512
962,Maximum Weight,0.2,Maximum Weight=0.2,Risk-Parity,JPM,0.015151701254201606
963,Maximum Weight,0.2,Maximum Weight=0.2,Risk-Parity,JNJ,0.0349923384524694
964,Maximum Weight,0.2,Maximum Weight=0.2,Risk-Parity,INTC,0.01667566084970474
965,Maximum Weight,0.2,Maximum Weight=0.2,Risk-Parity,GE,0.01282955436701264
966,Maximum Weight,0.2,Maximum Weight=0.2,Risk-Parity,MS,0.013769813463829573
967,Maximum Weight,0.2,Maximum Weight=0.2,Risk-Parity,RTX,0.012602804537171353
968,Maximum Weight,0.2,Maximum Weight=0.2,Risk-Parity,TXN,0.016018447168711415
969,Maximum Weight,0.2,Maximum Weight=0.2,Risk-Parity,IBM,0.01728273155474373
970,Maximum Weight,0.2,Maximum Weight=0.2,Risk-Parity,SPGI,0.023684232907650097
971,Maximum Weight,0.2,Maximum Weight=0.2,Risk-Parity,LMT,0.025209213560091724
972,Maximum Weight,0.2,Maximum Weight=0.2,Risk-Parity,ADP,0.019609801570974927
973,Maximum Weight,0.2,Maximum Weight=0.2,Risk-Parity,COF,0.010756173398914295
974,Maximum Weight,0.2,Maximum Weight=0.2,Risk-Parity,WDC,0.011470445936297041
975,Maximum Weight,0.2,Maximum Weight=0.2,Risk-Parity,ABT,0.02836753115488068
976,Maximum Weight,0.2,Maximum Weight=0.2,Risk-Parity,GILD,0.031506110545582104
977,Maximum Weight,0.2,Maximum Weight=0.2,Risk-Parity,UNP,0.018053896754415922
978,Maximum Weight,0.2,Maximum Weight=0.2,Risk-Parity,ADI,0.015008707639458232
979,Maximum Weight,0.2,Maximum Weight=0.2,Risk-Parity,TMUS,0.022928281065205516
980,Maximum Weight,0.2,Maximum Weight=0.2,Risk-Parity,MMM,0.02163033921714158
981,Maximum Weight,0.2,Maximum Weight=0.2,Risk-Parity,ADBE,0.024943826415417675
982,Maximum Weight,0.2,Maximum Weight=0.2,Risk-Parity,AXP,0.012199320291734823
983,Maximum Weight,0.2,Maximum Weight=0.2,Risk-Parity,BA,0.008954878392627492
984,Maximum Weight,0.2,Maximum Weight=0.2,Risk-Parity,CVX,0.013598308874144649
985,Maximum Weight,0.2,Maximum Weight=0.2,Risk-Parity,CSCO,0.019523187035184752
986,Maximum Weight,0.2,Maximum Weight=0.2,Risk-Parity,DD,0.0142509503165909
987,Maximum Weight,0.2,Maximum Weight=0.2,Risk-Parity,XOM,0.012863434778466949
988,Maximum Weight,0.2,Maximum Weight=0.2,Risk-Parity,FDX,0.014737623365755955
989,Maximum Weight,0.2,Maximum Weight=0.2,Risk-Parity,GS,0.014973776858124222
990,Maximum Weight,0.2,Maximum Weight=0.2,Risk-Parity,GM,0.01242991459508039
991,Maximum Weight,0.2,Maximum Weight=0.2,Risk-Parity,HAS,0.019985986531873595
992,Maximum Weight,0.2,Maximum Weight=0.2,Risk-Parity,JBL,0.011400970721071229
993,Maximum Weight,0.2,Maximum Weight=0.2,Risk-Parity,KMB,0.056790263524080044
994,Maximum Weight,0.2,Maximum Weight=0.2,Risk-Parity,KLAC,0.012775877279302916
995,Maximum Weight,0.2,Maximum Weight=0.2,Risk-Parity,LOW,0.023169380326886896
996,Maximum Weight,0.2,Maximum Weight=0.2,Risk-Parity,MKC,0.037240117028611255
997,Maximum Weight,0.2,Maximum Weight=0.2,Risk-Parity,NEM,0.03666615987997123
998,Maximum Weight,0.2,Maximum Weight=0.2,Risk-Parity,OLN,0.009481299809441656
999,Maximum Weight,0.2,Maximum Weight=0.2,Risk-Parity,PH,0.012902844975215384
1000,Maximum Weight,0.3,Maximum Weight=0.3,Simulated (Max Sharpe Ratio),PPG,0.09793396790293253
1001,Maximum Weight,0.3,Maximum Weight=0.3,Simulated (Max Sharpe Ratio),DELL,0.12043812079169251
1002,Maximum Weight,0.3,Maximum Weight=0.3,Simulated (Max Sharpe Ratio),QCOM,0.013808388178345019
1003,Maximum Weight,0.3,Maximum Weight=0.3,Simulated (Max Sharpe Ratio),AMAT,0.03130184936147195
1004,Maximum Weight,0.3,Maximum Weight=0.3,Simulated (Max Sharpe Ratio),MRK,0.012006359208828997
1005,Maximum Weight,0.3,Maximum Weight=0.3,Simulated (Max Sharpe Ratio),AME,5.3620465659333526e-05
1006,Maximum Weight,0.3,Maximum Weight=0.3,Simulated (Max Sharpe Ratio),PG,0.019780749981824126
1007,Maximum Weight,0.3,Maximum Weight=0.3,Simulated (Max Sharpe Ratio),CL,0.0013910721234982716
1008,Maximum Weight,0.3,Maximum Weight=0.3,Simulated (Max Sharpe Ratio),V,0.02939737826009112
1009,Maximum Weight,0.3,Maximum Weight=0.3,Simulated (Max Sharpe Ratio),MA,0.011278788008326048
1010,Maximum Weight,0.3,Maximum Weight=0.3,Simulated (Max Sharpe Ratio),MU,0.024053886774058356
1011,Maximum Weight,0.3,Maximum Weight=0.3,Simulated (Max Sharpe Ratio),T,0.028303700268505105
1012,Maximum Weight,0.3,Maximum Weight=0.3,Simulated (Max Sharpe Ratio),JPM,0.01729764359393517
1013,Maximum Weight,0.3,Maximum Weight=0.3,Simulated (Max Sharpe Ratio),JNJ,0.0007894275347382215
1014,Maximum Weight,0.3,Maximum Weight=0.3,Simulated (Max Sharpe Ratio),INTC,0.004783197387935479
1015,Maximum Weight,0.3,Maximum Weight=0.3,Simulated (Max Sharpe Ratio),GE,0.011209344678256603
1016,Maximum Weight,0.3,Maximum Weight=0.3,Simulated (Max Sharpe Ratio),MS,0.006322975800402489
1017,Maximum Weight,0.3,Maximum Weight=0.3,Simulated (Max Sharpe Ratio),RTX,0.007982241246527431
1018,Maximum Weight,0.3,Maximum Weight=0.3,Simulated (Max Sharpe Ratio),TXN,0.03695324088895369
1019,Maximum Weight,0.3,Maximum Weight=0.3,Simulated (Max Sharpe Ratio),IBM,0.006685160756396331
1020,Maximum Weight,0.3,Maximum Weight=0.3,Simulated (Max Sharpe Ratio),SPGI,0.030117457718231756
1021,Maximum Weight,0.3,Maximum Weight=0.3,Simulated (Max Sharpe Ratio),LMT,0.0011055812811643301
1022,Maximum Weight,0.3,Maximum Weight=0.3,Simulated (Max Sharpe Ratio),ADP,0.02417232021403687
1023,Maximum Weight,0.3,Maximum Weight=0.3,Simulated (Max Sharpe Ratio),COF,0.011585119076693478
1024,Maximum Weight,0.3,Maximum Weight=0.3,Simulated (Max Sharpe Ratio),WDC,0.003710927007800679
1025,Maximum Weight,0.3,Maximum Weight=0.3,Simulated (Max Sharpe Ratio),ABT,0.015126906222119766
1026,Maximum Weight,0.3,Maximum Weight=0.3,Simulated (Max Sharpe Ratio),GILD,0.004044080473256699
1027,Maximum Weight,0.3,Maximum Weight=0.3,Simulated (Max Sharpe Ratio),UNP,0.011019676434964484
1028,Maximum Weight,0.3,Maximum Weight=0.3,Simulated (Max Sharpe Ratio),ADI,0.0019074112262313812
1029,Maximum Weight,0.3,Maximum Weight=0.3,Simulated (Max Sharpe Ratio),TMUS,0.004569280534494871
1030,Maximum Weight,0.3,Maximum Weight=0.3,Simulated (Max Sharpe Ratio),MMM,0.0003856427358022111
1031,Maximum Weight,0.3,Maximum Weight=0.3,Simulated (Max Sharpe Ratio),ADBE,0.012814304137841502
1032,Maximum Weight,0.3,Maximum Weight=0.3,Simulated (Max Sharpe Ratio),AXP,0.015489429092305166
1033,Maximum Weight,0.3,Maximum Weight=0.3,Simulated (Max Sharpe Ratio),BA,0.004639536251099244
1034,Maximum Weight,0.3,Maximum Weight=0.3,Simulated (Max Sharpe Ratio),CVX,0.0028063496362366828
1035,Maximum Weight,0.3,Maximum Weight=0.3,Simulated (Max Sharpe Ratio),CSCO,0.010078926643612453
1036,Maximum Weight,0.3,Maximum Weight=0.3,Simulated (Max Sharpe Ratio),DD,0.008112146492630975
1037,Maximum Weight,0.3,Maximum Weight=0.3,Simulated (Max Sharpe Ratio),XOM,0.0029811619414676902
1038,Maximum Weight,0.3,Maximum Weight=0.3,Simulated (Max Sharpe Ratio),FDX,0.035810252904393325
1039,Maximum Weight,0.3,Maximum Weight=0.3,Simulated (Max Sharpe Ratio),GS,0.030009347816775712
1040,Maximum Weight,0.3,Maximum Weight=0.3,Simulated (Max Sharpe Ratio),GM,0.08106293645418537
1041,Maximum Weight,0.3,Maximum Weight=0.3,Simulated (Max Sharpe Ratio),HAS,0.029843719216715848
1042,Maximum Weight,0.3,Maximum Weight=0.3,Simulated (Max Sharpe Ratio),JBL,0.006355295313899378
1043,Maximum Weight,0.3,Maximum Weight=0.3,Simulated (Max Sharpe Ratio),KMB,0.019601426747478556
1044,Maximum Weight,0.3,Maximum Weight=0.3,Simulated (Max Sharpe Ratio),KLAC,0.019728983018253456
1045,Maximum Weight,0.3,Maximum Weight=0.3,Simulated (Max Sharpe Ratio),LOW,0.005575063584810186
1046,Maximum Weight,0.3,Maximum Weight=0.3,Simulated (Max Sharpe Ratio),MKC,0.006982838507688871
1047,Maximum Weight,0.3,Maximum Weight=0.3,Simulated (Max Sharpe Ratio),NEM,0.009791101485250125
1048,Maximum Weight,0.3,Maximum Weight=0.3,Simulated (Max Sharpe Ratio),OLN,0.05890377452248923
1049,Maximum Weight,0.3,Maximum Weight=0.3,Simulated (Max Sharpe Ratio),PH,0.049897890095690775
1050,Maximum Weight,0.3,Maximum Weight=0.3,Equal-Weight,PPG,0.02
1051,Maximum Weight,0.3,Maximum Weight=0.3,Equal-Weight,DELL,0.02
1052,Maximum Weight,0.3,Maximum Weight=0.3,Equal-Weight,QCOM,0.02
1053,Maximum Weight,0.3,Maximum Weight=0.3,Equal-Weight,AMAT,0.02
1054,Maximum Weight,0.3,Maximum Weight=0.3,Equal-Weight,MRK,0.02
1055,Maximum Weight,0.3,Maximum Weight=0.3,Equal-Weight,AME,0.02
1056,Maximum Weight,0.3,Maximum Weight=0.3,Equal-Weight,PG,0.02
1057,Maximum Weight,0.3,Maximum Weight=0.3,Equal-Weight,CL,0.02
1058,Maximum Weight,0.3,Maximum Weight=0.3,Equal-Weight,V,0.02
1059,Maximum Weight,0.3,Maximum Weight=0.3,Equal-Weight,MA,0.02
1060,Maximum Weight,0.3,Maximum Weight=0.3,Equal-Weight,MU,0.02
1061,Maximum Weight,0.3,Maximum Weight=0.3,Equal-Weight,T,0.02
1062,Maximum Weight,0.3,Maximum Weight=0.3,Equal-Weight,JPM,0.02
1063,Maximum Weight,0.3,Maximum Weight=0.3,Equal-Weight,JNJ,0.02
1064,Maximum Weight,0.3,Maximum Weight=0.3,Equal-Weight,INTC,0.02
1065,Maximum Weight,0.3,Maximum Weight=0.3,Equal-Weight,GE,0.02
1066,Maximum Weight,0.3,Maximum Weight=0.3,Equal-Weight,MS,0.02
1067,Maximum Weight,0.3,Maximum Weight=0.3,Equal-Weight,RTX,0.02
1068,Maximum Weight,0.3,Maximum Weight=0.3,Equal-Weight,TXN,0.02
1069,Maximum Weight,0.3,Maximum Weight=0.3,Equal-Weight,IBM,0.02
1070,Maximum Weight,0.3,Maximum Weight=0.3,Equal-Weight,SPGI,0.02
1071,Maximum Weight,0.3,Maximum Weight=0.3,Equal-Weight,LMT,0.02
1072,Maximum Weight,0.3,Maximum Weight=0.3,Equal-Weight,ADP,0.02
1073,Maximum Weight,0.3,Maximum Weight=0.3,Equal-Weight,COF,0.02
1074,Maximum Weight,0.3,Maximum Weight=0.3,Equal-Weight,WDC,0.02
1075,Maximum Weight,0.3,Maximum Weight=0.3,Equal-Weight,ABT,0.02
1076,Maximum Weight,0.3,Maximum Weight=0.3,Equal-Weight,GILD,0.02
1077,Maximum Weight,0.3,Maximum Weight=0.3,Equal-Weight,UNP,0.02
1078,Maximum Weight,0.3,Maximum Weight=0.3,Equal-Weight,ADI,0.02
1079,Maximum Weight,0.3,Maximum Weight=0.3,Equal-Weight,TMUS,0.02
1080,Maximum Weight,0.3,Maximum Weight=0.3,Equal-Weight,MMM,0.02
1081,Maximum Weight,0.3,Maximum Weight=0.3,Equal-Weight,ADBE,0.02
1082,Maximum Weight,0.3,Maximum Weight=0.3,Equal-Weight,AXP,0.02
1083,Maximum Weight,0.3,Maximum Weight=0.3,Equal-Weight,BA,0.02
1084,Maximum Weight,0.3,Maximum Weight=0.3,Equal-Weight,CVX,0.02
1085,Maximum Weight,0.3,Maximum Weight=0.3,Equal-Weight,CSCO,0.02
1086,Maximum Weight,0.3,Maximum Weight=0.3,Equal-Weight,DD,0.02
1087,Maximum Weight,0.3,Maximum Weight=0.3,Equal-Weight,XOM,0.02
1088,Maximum Weight,0.3,Maximum Weight=0.3,Equal-Weight,FDX,0.02
1089,Maximum Weight,0.3,Maximum Weight=0.3,Equal-Weight,GS,0.02
1090,Maximum Weight,0.3,Maximum Weight=0.3,Equal-Weight,GM,0.02
1091,Maximum Weight,0.3,Maximum Weight=0.3,Equal-Weight,HAS,0.02
1092,Maximum Weight,0.3,Maximum Weight=0.3,Equal-Weight,JBL,0.02
1093,Maximum Weight,0.3,Maximum Weight=0.3,Equal-Weight,KMB,0.02
1094,Maximum Weight,0.3,Maximum Weight=0.3,Equal-Weight,KLAC,0.02
1095,Maximum Weight,0.3,Maximum Weight=0.3,Equal-Weight,LOW,0.02
1096,Maximum Weight,0.3,Maximum Weight=0.3,Equal-Weight,MKC,0.02
1097,Maximum Weight,0.3,Maximum Weight=0.3,Equal-Weight,NEM,0.02
1098,Maximum Weight,0.3,Maximum Weight=0.3,Equal-Weight,OLN,0.02
1099,Maximum Weight,0.3,Maximum Weight=0.3,Equal-Weight,PH,0.02
1100,Maximum Weight,0.3,Maximum Weight=0.3,Markowitz,PPG,0.0
1101,Maximum Weight,0.3,Maximum Weight=0.3,Markowitz,DELL,0.3
1102,Maximum Weight,0.3,Maximum Weight=0.3,Markowitz,QCOM,0.0
1103,Maximum Weight,0.3,Maximum Weight=0.3,Markowitz,AMAT,0.16571
1104,Maximum Weight,0.3,Maximum Weight=0.3,Markowitz,MRK,0.0
1105,Maximum Weight,0.3,Maximum Weight=0.3,Markowitz,AME,0.0
1106,Maximum Weight,0.3,Maximum Weight=0.3,Markowitz,PG,0.0
1107,Maximum Weight,0.3,Maximum Weight=0.3,Markowitz,CL,0.0
1108,Maximum Weight,0.3,Maximum Weight=0.3,Markowitz,V,0.0
1109,Maximum Weight,0.3,Maximum Weight=0.3,Markowitz,MA,0.0
1110,Maximum Weight,0.3,Maximum Weight=0.3,Markowitz,MU,0.0
1111,Maximum Weight,0.3,Maximum Weight=0.3,Markowitz,T,0.0
1112,Maximum Weight,0.3,Maximum Weight=0.3,Markowitz,JPM,0.0
1113,Maximum Weight,0.3,Maximum Weight=0.3,Markowitz,JNJ,0.0
1114,Maximum Weight,0.3,Maximum Weight=0.3,Markowitz,INTC,0.0
1115,Maximum Weight,0.3,Maximum Weight=0.3,Markowitz,GE,0.0
1116,Maximum Weight,0.3,Maximum Weight=0.3,Markowitz,MS,0.02795
1117,Maximum Weight,0.3,Maximum Weight=0.3,Markowitz,RTX,0.0
1118,Maximum Weight,0.3,Maximum Weight=0.3,Markowitz,TXN,0.0
1119,Maximum Weight,0.3,Maximum Weight=0.3,Markowitz,IBM,0.0
1120,Maximum Weight,0.3,Maximum Weight=0.3,Markowitz,SPGI,0.0
1121,Maximum Weight,0.3,Maximum Weight=0.3,Markowitz,LMT,0.0
1122,Maximum Weight,0.3,Maximum Weight=0.3,Markowitz,ADP,0.0
1123,Maximum Weight,0.3,Maximum Weight=0.3,Markowitz,COF,0.0
1124,Maximum Weight,0.3,Maximum Weight=0.3,Markowitz,WDC,0.0
1125,Maximum Weight,0.3,Maximum Weight=0.3,Markowitz,ABT,0.0
1126,Maximum Weight,0.3,Maximum Weight=0.3,Markowitz,GILD,0.0
1127,Maximum Weight,0.3,Maximum Weight=0.3,Markowitz,UNP,0.0
1128,Maximum Weight,0.3,Maximum Weight=0.3,Markowitz,ADI,0.0
1129,Maximum Weight,0.3,Maximum Weight=0.3,Markowitz,TMUS,0.0
1130,Maximum Weight,0.3,Maximum Weight=0.3,Markowitz,MMM,0.0
1131,Maximum Weight,0.3,Maximum Weight=0.3,Markowitz,ADBE,0.0
1132,Maximum Weight,0.3,Maximum Weight=0.3,Markowitz,AXP,0.0
1133,Maximum Weight,0.3,Maximum Weight=0.3,Markowitz,BA,0.0
1134,Maximum Weight,0.3,Maximum Weight=0.3,Markowitz,CVX,0.0
1135,Maximum Weight,0.3,Maximum Weight=0.3,Markowitz,CSCO,0.0
1136,Maximum Weight,0.3,Maximum Weight=0.3,Markowitz,DD,0.0
1137,Maximum Weight,0.3,Maximum Weight=0.3,Markowitz,XOM,0.0
1138,Maximum Weight,0.3,Maximum Weight=0.3,Markowitz,FDX,0.08911
1139,Maximum Weight,0.3,Maximum Weight=0.3,Markowitz,GS,0.0
1140,Maximum Weight,0.3,Maximum Weight=0.3,Markowitz,GM,0.16398
1141,Maximum Weight,0.3,Maximum Weight=0.3,Markowitz,HAS,0.0
1142,Maximum Weight,0.3,Maximum Weight=0.3,Markowitz,JBL,0.0
1143,Maximum Weight,0.3,Maximum Weight=0.3,Markowitz,KMB,0.0
1144,Maximum Weight,0.3,Maximum Weight=0.3,Markowitz,KLAC,0.0
1145,Maximum Weight,0.3,Maximum Weight=0.3,Markowitz,LOW,0.21878
1146,Maximum Weight,0.3,Maximum Weight=0.3,Markowitz,MKC,0.0
1147,Maximum Weight,0.3,Maximum Weight=0.3,Markowitz,NEM,0.0
1148,Maximum Weight,0.3,Maximum Weight=0.3,Markowitz,OLN,0.03447
1149,Maximum Weight,0.3,Maximum Weight=0.3,Markowitz,PH,0.0
1150,Maximum Weight,0.3,Maximum Weight=0.3,Black-Litterman,PPG,0.0
1151,Maximum Weight,0.3,Maximum Weight=0.3,Black-Litterman,DELL,0.03340933181336373
1152,Maximum Weight,0.3,Maximum Weight=0.3,Black-Litterman,QCOM,0.021599568008639825
1153,Maximum Weight,0.3,Maximum Weight=0.3,Black-Litterman,AMAT,0.0
1154,Maximum Weight,0.3,Maximum Weight=0.3,Black-Litterman,MRK,0.020189596208075835
1155,Maximum Weight,0.3,Maximum Weight=0.3,Black-Litterman,AME,0.0
1156,Maximum Weight,0.3,Maximum Weight=0.3,Black-Litterman,PG,0.0
1157,Maximum Weight,0.3,Maximum Weight=0.3,Black-Litterman,CL,0.0
1158,Maximum Weight,0.3,Maximum Weight=0.3,Black-Litterman,V,0.1594868102637947
1159,Maximum Weight,0.3,Maximum Weight=0.3,Black-Litterman,MA,0.09093818123637526
1160,Maximum Weight,0.3,Maximum Weight=0.3,Black-Litterman,MU,0.05113897722045558
1161,Maximum Weight,0.3,Maximum Weight=0.3,Black-Litterman,T,0.0
1162,Maximum Weight,0.3,Maximum Weight=0.3,Black-Litterman,JPM,0.0
1163,Maximum Weight,0.3,Maximum Weight=0.3,Black-Litterman,JNJ,0.0
1164,Maximum Weight,0.3,Maximum Weight=0.3,Black-Litterman,INTC,0.01703965920681586
1165,Maximum Weight,0.3,Maximum Weight=0.3,Black-Litterman,GE,0.1569568608627827
1166,Maximum Weight,0.3,Maximum Weight=0.3,Black-Litterman,MS,0.0
1167,Maximum Weight,0.3,Maximum Weight=0.3,Black-Litterman,RTX,0.0
1168,Maximum Weight,0.3,Maximum Weight=0.3,Black-Litterman,TXN,0.0
1169,Maximum Weight,0.3,Maximum Weight=0.3,Black-Litterman,IBM,0.0
1170,Maximum Weight,0.3,Maximum Weight=0.3,Black-Litterman,SPGI,0.0738785224295514
1171,Maximum Weight,0.3,Maximum Weight=0.3,Black-Litterman,LMT,0.0
1172,Maximum Weight,0.3,Maximum Weight=0.3,Black-Litterman,ADP,0.0
1173,Maximum Weight,0.3,Maximum Weight=0.3,Black-Litterman,COF,0.0
1174,Maximum Weight,0.3,Maximum Weight=0.3,Black-Litterman,WDC,0.0
1175,Maximum Weight,0.3,Maximum Weight=0.3,Black-Litterman,ABT,0.005729885402291953
1176,Maximum Weight,0.3,Maximum Weight=0.3,Black-Litterman,GILD,0.01613967720645587
1177,Maximum Weight,0.3,Maximum Weight=0.3,Black-Litterman,UNP,0.0
1178,Maximum Weight,0.3,Maximum Weight=0.3,Black-Litterman,ADI,0.0
1179,Maximum Weight,0.3,Maximum Weight=0.3,Black-Litterman,TMUS,0.04048919021619567
1180,Maximum Weight,0.3,Maximum Weight=0.3,Black-Litterman,MMM,0.0
1181,Maximum Weight,0.3,Maximum Weight=0.3,Black-Litterman,ADBE,0.11805763884722303
1182,Maximum Weight,0.3,Maximum Weight=0.3,Black-Litterman,AXP,0.0
1183,Maximum Weight,0.3,Maximum Weight=0.3,Black-Litterman,BA,0.005129897402051958
1184,Maximum Weight,0.3,Maximum Weight=0.3,Black-Litterman,CVX,0.0
1185,Maximum Weight,0.3,Maximum Weight=0.3,Black-Litterman,CSCO,0.0
1186,Maximum Weight,0.3,Maximum Weight=0.3,Black-Litterman,DD,0.0
1187,Maximum Weight,0.3,Maximum Weight=0.3,Black-Litterman,XOM,0.0
1188,Maximum Weight,0.3,Maximum Weight=0.3,Black-Litterman,FDX,0.0
1189,Maximum Weight,0.3,Maximum Weight=0.3,Black-Litterman,GS,0.0
1190,Maximum Weight,0.3,Maximum Weight=0.3,Black-Litterman,GM,0.0
1191,Maximum Weight,0.3,Maximum Weight=0.3,Black-Litterman,HAS,0.0
1192,Maximum Weight,0.3,Maximum Weight=0.3,Black-Litterman,JBL,0.0
1193,Maximum Weight,0.3,Maximum Weight=0.3,Black-Litterman,KMB,0.08009839803203936
1194,Maximum Weight,0.3,Maximum Weight=0.3,Black-Litterman,KLAC,0.0
1195,Maximum Weight,0.3,Maximum Weight=0.3,Black-Litterman,LOW,0.020449591008179835
1196,Maximum Weight,0.3,Maximum Weight=0.3,Black-Litterman,MKC,0.04234915301693965
1197,Maximum Weight,0.3,Maximum Weight=0.3,Black-Litterman,NEM,0.04691906161876762
1198,Maximum Weight,0.3,Maximum Weight=0.3,Black-Litterman,OLN,0.0
1199,Maximum Weight,0.3,Maximum Weight=0.3,Black-Litterman,PH,0.0
1200,Maximum Weight,0.3,Maximum Weight=0.3,Risk-Parity,PPG,0.015865521817698673
1201,Maximum Weight,0.3,Maximum Weight=0.3,Risk-Parity,DELL,0.01840907479015111
1202,Maximum Weight,0.3,Maximum Weight=0.3,Risk-Parity,QCOM,0.015482686772706986
1203,Maximum Weight,0.3,Maximum Weight=0.3,Risk-Parity,AMAT,0.012009051503759888
1204,Maximum Weight,0.3,Maximum Weight=0.3,Risk-Parity,MRK,0.03211406332843486
1205,Maximum Weight,0.3,Maximum Weight=0.3,Risk-Parity,AME,0.016980319601065136
1206,Maximum Weight,0.3,Maximum Weight=0.3,Risk-Parity,PG,0.037799592416640715
1207,Maximum Weight,0.3,Maximum Weight=0.3,Risk-Parity,CL,0.04331300692031018
1208,Maximum Weight,0.3,Maximum Weight=0.3,Risk-Parity,V,0.01866977846607881
1209,Maximum Weight,0.3,Maximum Weight=0.3,Risk-Parity,MA,0.0155048458123099
1210,Maximum Weight,0.3,Maximum Weight=0.3,Risk-Parity,MU,0.011900750244455534
1211,Maximum Weight,0.3,Maximum Weight=0.3,Risk-Parity,T,0.025515401928349512
1212,Maximum Weight,0.3,Maximum Weight=0.3,Risk-Parity,JPM,0.015151701254201606
1213,Maximum Weight,0.3,Maximum Weight=0.3,Risk-Parity,JNJ,0.0349923384524694
1214,Maximum Weight,0.3,Maximum Weight=0.3,Risk-Parity,INTC,0.01667566084970474
1215,Maximum Weight,0.3,Maximum Weight=0.3,Risk-Parity,GE,0.01282955436701264
1216,Maximum Weight,0.3,Maximum Weight=0.3,Risk-Parity,MS,0.013769813463829573
1217,Maximum Weight,0.3,Maximum Weight=0.3,Risk-Parity,RTX,0.012602804537171353
1218,Maximum Weight,0.3,Maximum Weight=0.3,Risk-Parity,TXN,0.016018447168711415
1219,Maximum Weight,0.3,Maximum Weight=0.3,Risk-Parity,IBM,0.01728273155474373
1220,Maximum Weight,0.3,Maximum Weight=0.3,Risk-Parity,SPGI,0.023684232907650097
1221,Maximum Weight,0.3,Maximum Weight=0.3,Risk-Parity,LMT,0.025209213560091724
1222,Maximum Weight,0.3,Maximum Weight=0.3,Risk-Parity,ADP,0.019609801570974927
1223,Maximum Weight,0.3,Maximum Weight=0.3,Risk-Parity,COF,0.010756173398914295
1224,Maximum Weight,0.3,Maximum Weight=0.3,Risk-Parity,WDC,0.011470445936297041
1225,Maximum Weight,0.3,Maximum Weight=0.3,Risk-Parity,ABT,0.02836753115488068
1226,Maximum Weight,0.3,Maximum Weight=0.3,Risk-Parity,GILD,0.031506110545582104
1227,Maximum Weight,0.3,Maximum Weight=0.3,Risk-Parity,UNP,0.018053896754415922
1228,Maximum Weight,0.3,Maximum Weight=0.3,Risk-Parity,ADI,0.015008707639458232
1229,Maximum Weight,0.3,Maximum Weight=0.3,Risk-Parity,TMUS,0.022928281065205516
1230,Maximum Weight,0.3,Maximum Weight=0.3,Risk-Parity,MMM,0.02163033921714158
1231,Maximum Weight,0.3,Maximum Weight=0.3,Risk-Parity,ADBE,0.024943826415417675
1232,Maximum Weight,0.3,Maximum Weight=0.3,Risk-Parity,AXP,0.012199320291734823
1233,Maximum Weight,0.3,Maximum Weight=0.3,Risk-Parity,BA,0.008954878392627492
1234,Maximum Weight,0.3,Maximum Weight=0.3,Risk-Parity,CVX,0.013598308874144649
1235,Maximum Weight,0.3,Maximum Weight=0.3,Risk-Parity,CSCO,0.019523187035184752
1236,Maximum Weight,0.3,Maximum Weight=0.3,Risk-Parity,DD,0.0142509503165909
1237,Maximum Weight,0.3,Maximum Weight=0.3,Risk-Parity,XOM,0.012863434778466949
1238,Maximum Weight,0.3,Maximum Weight=0.3,Risk-Parity,FDX,0.014737623365755955
1239,Maximum Weight,0.3,Maximum Weight=0.3,Risk-Parity,GS,0.014973776858124222
1240,Maximum Weight,0.3,Maximum Weight=0.3,Risk-Parity,GM,0.01242991459508039
1241,Maximum Weight,0.3,Maximum Weight=0.3,Risk-Parity,HAS,0.019985986531873595
1242,Maximum Weight,0.3,Maximum Weight=0.3,Risk-Parity,JBL,0.011400970721071229
1243,Maximum Weight,0.3,Maximum Weight=0.3,Risk-Parity,KMB,0.056790263524080044
1244,Maximum Weight,0.3,Maximum Weight=0.3,Risk-Parity,KLAC,0.012775877279302916
1245,Maximum Weight,0.3,Maximum Weight=0.3,Risk-Parity,LOW,0.023169380326886896
1246,Maximum Weight,0.3,Maximum Weight=0.3,Risk-Parity,MKC,0.037240117028611255
1247,Maximum Weight,0.3,Maximum Weight=0.3,Risk-Parity,NEM,0.03666615987997123
1248,Maximum Weight,0.3,Maximum Weight=0.3,Risk-Parity,OLN,0.009481299809441656
1249,Maximum Weight,0.3,Maximum Weight=0.3,Risk-Parity,PH,0.012902844975215384
1250,Maximum Weight,0.4,Maximum Weight=0.4,Simulated (Max Sharpe Ratio),PPG,0.019201159773408118
1251,Maximum Weight,0.4,Maximum Weight=0.4,Simulated (Max Sharpe Ratio),DELL,0.05057210164892509
1252,Maximum Weight,0.4,Maximum Weight=0.4,Simulated (Max Sharpe Ratio),QCOM,0.010413154656483705
1253,Maximum Weight,0.4,Maximum Weight=0.4,Simulated (Max Sharpe Ratio),AMAT,0.08012884740033811
1254,Maximum Weight,0.4,Maximum Weight=0.4,Simulated (Max Sharpe Ratio),MRK,0.043251124925923444
1255,Maximum Weight,0.4,Maximum Weight=0.4,Simulated (Max Sharpe Ratio),AME,0.031152836704235132
1256,Maximum Weight,0.4,Maximum Weight=0.4,Simulated (Max Sharpe Ratio),PG,0.0030765093431973007
1257,Maximum Weight,0.4,Maximum Weight=0.4,Simulated (Max Sharpe Ratio),CL,0.003636855821866247
1258,Maximum Weight,0.4,Maximum Weight=0.4,Simulated (Max Sharpe Ratio),V,0.0030392863139295893
1259,Maximum Weight,0.4,Maximum Weight=0.4,Simulated (Max Sharpe Ratio),MA,0.006515484134835199
1260,Maximum Weight,0.4,Maximum Weight=0.4,Simulated (Max Sharpe Ratio),MU,0.05291146497379148
1261,Maximum Weight,0.4,Maximum Weight=0.4,Simulated (Max Sharpe Ratio),T,0.027731697626018813
1262,Maximum Weight,0.4,Maximum Weight=0.4,Simulated (Max Sharpe Ratio),JPM,0.013856899289263628
1263,Maximum Weight,0.4,Maximum Weight=0.4,Simulated (Max Sharpe Ratio),JNJ,0.0016812686379755904
1264,Maximum Weight,0.4,Maximum Weight=0.4,Simulated (Max Sharpe Ratio),INTC,0.004690650901993651
1265,Maximum Weight,0.4,Maximum Weight=0.4,Simulated (Max Sharpe Ratio),GE,0.0034257437555110302
1266,Maximum Weight,0.4,Maximum Weight=0.4,Simulated (Max Sharpe Ratio),MS,0.01663798288113049
1267,Maximum Weight,0.4,Maximum Weight=0.4,Simulated (Max Sharpe Ratio),RTX,8.839535119813353e-05
1268,Maximum Weight,0.4,Maximum Weight=0.4,Simulated (Max Sharpe Ratio),TXN,0.02411004357651416
1269,Maximum Weight,0.4,Maximum Weight=0.4,Simulated (Max Sharpe Ratio),IBM,0.0024211703998619155
1270,Maximum Weight,0.4,Maximum Weight=0.4,Simulated (Max Sharpe Ratio),SPGI,0.011864327060872737
1271,Maximum Weight,0.4,Maximum Weight=0.4,Simulated (Max Sharpe Ratio),LMT,0.016060089344810964
1272,Maximum Weight,0.4,Maximum Weight=0.4,Simulated (Max Sharpe Ratio),ADP,0.0017606226443828408
1273,Maximum Weight,0.4,Maximum Weight=0.4,Simulated (Max Sharpe Ratio),COF,0.032816290510533114
1274,Maximum Weight,0.4,Maximum Weight=0.4,Simulated (Max Sharpe Ratio),WDC,0.002595140966712654
1275,Maximum Weight,0.4,Maximum Weight=0.4,Simulated (Max Sharpe Ratio),ABT,0.06044003784693372
1276,Maximum Weight,0.4,Maximum Weight=0.4,Simulated (Max Sharpe Ratio),GILD,0.00730710277247789
1277,Maximum Weight,0.4,Maximum Weight=0.4,Simulated (Max Sharpe Ratio),UNP,0.0006932969960951653
1278,Maximum Weight,0.4,Maximum Weight=0.4,Simulated (Max Sharpe Ratio),ADI,0.00321926814519922
1279,Maximum Weight,0.4,Maximum Weight=0.4,Simulated (Max Sharpe Ratio),TMUS,0.07476859588111039
1280,Maximum Weight,0.4,Maximum Weight=0.4,Simulated (Max Sharpe Ratio),MMM,0.00014597529505257123
1281,Maximum Weight,0.4,Maximum Weight=0.4,Simulated (Max Sharpe Ratio),ADBE,0.0041787793859843275
1282,Maximum Weight,0.4,Maximum Weight=0.4,Simulated (Max Sharpe Ratio),AXP,0.01386724891781322
1283,Maximum Weight,0.4,Maximum Weight=0.4,Simulated (Max Sharpe Ratio),BA,0.0008597400722378921
1284,Maximum Weight,0.4,Maximum Weight=0.4,Simulated (Max Sharpe Ratio),CVX,0.010452101811707288
1285,Maximum Weight,0.4,Maximum Weight=0.4,Simulated (Max Sharpe Ratio),CSCO,0.0007097161949375331
1286,Maximum Weight,0.4,Maximum Weight=0.4,Simulated (Max Sharpe Ratio),DD,0.0563774884253772
1287,Maximum Weight,0.4,Maximum Weight=0.4,Simulated (Max Sharpe Ratio),XOM,0.008976461622981057
1288,Maximum Weight,0.4,Maximum Weight=0.4,Simulated (Max Sharpe Ratio),FDX,0.0025298995667370483
1289,Maximum Weight,0.4,Maximum Weight=0.4,Simulated (Max Sharpe Ratio),GS,0.011132558499749343
1290,Maximum Weight,0.4,Maximum Weight=0.4,Simulated (Max Sharpe Ratio),GM,0.017049103851761987
1291,Maximum Weight,0.4,Maximum Weight=0.4,Simulated (Max Sharpe Ratio),HAS,0.002438581624184565
1292,Maximum Weight,0.4,Maximum Weight=0.4,Simulated (Max Sharpe Ratio),JBL,0.001180226637261883
1293,Maximum Weight,0.4,Maximum Weight=0.4,Simulated (Max Sharpe Ratio),KMB,0.02483811601403746
1294,Maximum Weight,0.4,Maximum Weight=0.4,Simulated (Max Sharpe Ratio),KLAC,0.000569213503701526
1295,Maximum Weight,0.4,Maximum Weight=0.4,Simulated (Max Sharpe Ratio),LOW,0.08043631424699928
1296,Maximum Weight,0.4,Maximum Weight=0.4,Simulated (Max Sharpe Ratio),MKC,0.024280882476484
1297,Maximum Weight,0.4,Maximum Weight=0.4,Simulated (Max Sharpe Ratio),NEM,0.01211232300034533
1298,Maximum Weight,0.4,Maximum Weight=0.4,Simulated (Max Sharpe Ratio),OLN,0.06971730955157689
1299,Maximum Weight,0.4,Maximum Weight=0.4,Simulated (Max Sharpe Ratio),PH,0.048080509015539924
1300,Maximum Weight,0.4,Maximum Weight=0.4,Equal-Weight,PPG,0.02
1301,Maximum Weight,0.4,Maximum Weight=0.4,Equal-Weight,DELL,0.02
1302,Maximum Weight,0.4,Maximum Weight=0.4,Equal-Weight,QCOM,0.02
1303,Maximum Weight,0.4,Maximum Weight=0.4,Equal-Weight,AMAT,0.02
1304,Maximum Weight,0.4,Maximum Weight=0.4,Equal-Weight,MRK,0.02
1305,Maximum Weight,0.4,Maximum Weight=0.4,Equal-Weight,AME,0.02
1306,Maximum Weight,0.4,Maximum Weight=0.4,Equal-Weight,PG,0.02
1307,Maximum Weight,0.4,Maximum Weight=0.4,Equal-Weight,CL,0.02
1308,Maximum Weight,0.4,Maximum Weight=0.4,Equal-Weight,V,0.02
1309,Maximum Weight,0.4,Maximum Weight=0.4,Equal-Weight,MA,0.02
1310,Maximum Weight,0.4,Maximum Weight=0.4,Equal-Weight,MU,0.02
1311,Maximum Weight,0.4,Maximum Weight=0.4,Equal-Weight,T,0.02
1312,Maximum Weight,0.4,Maximum Weight=0.4,Equal-Weight,JPM,0.02
1313,Maximum Weight,0.4,Maximum Weight=0.4,Equal-Weight,JNJ,0.02
1314,Maximum Weight,0.4,Maximum Weight=0.4,Equal-Weight,INTC,0.02
1315,Maximum Weight,0.4,Maximum Weight=0.4,Equal-Weight,GE,0.02
1316,Maximum Weight,0.4,Maximum Weight=0.4,Equal-Weight,MS,0.02
1317,Maximum Weight,0.4,Maximum Weight=0.4,Equal-Weight,RTX,0.02
1318,Maximum Weight,0.4,Maximum Weight=0.4,Equal-Weight,TXN,0.02
1319,Maximum Weight,0.4,Maximum Weight=0.4,Equal-Weight,IBM,0.02
1320,Maximum Weight,0.4,Maximum Weight=0.4,Equal-Weight,SPGI,0.02
1321,Maximum Weight,0.4,Maximum Weight=0.4,Equal-Weight,LMT,0.02
1322,Maximum Weight,0.4,Maximum Weight=0.4,Equal-Weight,ADP,0.02
1323,Maximum Weight,0.4,Maximum Weight=0.4,Equal-Weight,COF,0.02
1324,Maximum Weight,0.4,Maximum Weight=0.4,Equal-Weight,WDC,0.02
1325,Maximum Weight,0.4,Maximum Weight=0.4,Equal-Weight,ABT,0.02
1326,Maximum Weight,0.4,Maximum Weight=0.4,Equal-Weight,GILD,0.02
1327,Maximum Weight,0.4,Maximum Weight=0.4,Equal-Weight,UNP,0.02
1328,Maximum Weight,0.4,Maximum Weight=0.4,Equal-Weight,ADI,0.02
1329,Maximum Weight,0.4,Maximum Weight=0.4,Equal-Weight,TMUS,0.02
1330,Maximum Weight,0.4,Maximum Weight=0.4,Equal-Weight,MMM,0.02
1331,Maximum Weight,0.4,Maximum Weight=0.4,Equal-Weight,ADBE,0.02
1332,Maximum Weight,0.4,Maximum Weight=0.4,Equal-Weight,AXP,0.02
1333,Maximum Weight,0.4,Maximum Weight=0.4,Equal-Weight,BA,0.02
1334,Maximum Weight,0.4,Maximum Weight=0.4,Equal-Weight,CVX,0.02
1335,Maximum Weight,0.4,Maximum Weight=0.4,Equal-Weight,CSCO,0.02
1336,Maximum Weight,0.4,Maximum Weight=0.4,Equal-Weight,DD,0.02
1337,Maximum Weight,0.4,Maximum Weight=0.4,Equal-Weight,XOM,0.02
1338,Maximum Weight,0.4,Maximum Weight=0.4,Equal-Weight,FDX,0.02
1339,Maximum Weight,0.4,Maximum Weight=0.4,Equal-Weight,GS,0.02
1340,Maximum Weight,0.4,Maximum Weight=0.4,Equal-Weight,GM,0.02
1341,Maximum Weight,0.4,Maximum Weight=0.4,Equal-Weight,HAS,0.02
1342,Maximum Weight,0.4,Maximum Weight=0.4,Equal-Weight,JBL,0.02
1343,Maximum Weight,0.4,Maximum Weight=0.4,Equal-Weight,KMB,0.02
1344,Maximum Weight,0.4,Maximum Weight=0.4,Equal-Weight,KLAC,0.02
1345,Maximum Weight,0.4,Maximum Weight=0.4,Equal-Weight,LOW,0.02
1346,Maximum Weight,0.4,Maximum Weight=0.4,Equal-Weight,MKC,0.02
1347,Maximum Weight,0.4,Maximum Weight=0.4,Equal-Weight,NEM,0.02
1348,Maximum Weight,0.4,Maximum Weight=0.4,Equal-Weight,OLN,0.02
1349,Maximum Weight,0.4,Maximum Weight=0.4,Equal-Weight,PH,0.02
1350,Maximum Weight,0.4,Maximum Weight=0.4,Markowitz,PPG,0.0
1351,Maximum Weight,0.4,Maximum Weight=0.4,Markowitz,DELL,0.33772
1352,Maximum Weight,0.4,Maximum Weight=0.4,Markowitz,QCOM,0.0
1353,Maximum Weight,0.4,Maximum Weight=0.4,Markowitz,AMAT,0.15767
1354,Maximum Weight,0.4,Maximum Weight=0.4,Markowitz,MRK,0.0
1355,Maximum Weight,0.4,Maximum Weight=0.4,Markowitz,AME,0.0
1356,Maximum Weight,0.4,Maximum Weight=0.4,Markowitz,PG,0.0
1357,Maximum Weight,0.4,Maximum Weight=0.4,Markowitz,CL,0.0
1358,Maximum Weight,0.4,Maximum Weight=0.4,Markowitz,V,0.0
1359,Maximum Weight,0.4,Maximum Weight=0.4,Markowitz,MA,0.0
1360,Maximum Weight,0.4,Maximum Weight=0.4,Markowitz,MU,0.0
1361,Maximum Weight,0.4,Maximum Weight=0.4,Markowitz,T,0.0
1362,Maximum Weight,0.4,Maximum Weight=0.4,Markowitz,JPM,0.0
1363,Maximum Weight,0.4,Maximum Weight=0.4,Markowitz,JNJ,0.0
1364,Maximum Weight,0.4,Maximum Weight=0.4,Markowitz,INTC,0.0
1365,Maximum Weight,0.4,Maximum Weight=0.4,Markowitz,GE,0.0
1366,Maximum Weight,0.4,Maximum Weight=0.4,Markowitz,MS,0.01752
1367,Maximum Weight,0.4,Maximum Weight=0.4,Markowitz,RTX,0.0
1368,Maximum Weight,0.4,Maximum Weight=0.4,Markowitz,TXN,0.0
1369,Maximum Weight,0.4,Maximum Weight=0.4,Markowitz,IBM,0.0
1370,Maximum Weight,0.4,Maximum Weight=0.4,Markowitz,SPGI,0.0
1371,Maximum Weight,0.4,Maximum Weight=0.4,Markowitz,LMT,0.0
1372,Maximum Weight,0.4,Maximum Weight=0.4,Markowitz,ADP,0.0
1373,Maximum Weight,0.4,Maximum Weight=0.4,Markowitz,COF,0.0
1374,Maximum Weight,0.4,Maximum Weight=0.4,Markowitz,WDC,0.0
1375,Maximum Weight,0.4,Maximum Weight=0.4,Markowitz,ABT,0.0
1376,Maximum Weight,0.4,Maximum Weight=0.4,Markowitz,GILD,0.0
1377,Maximum Weight,0.4,Maximum Weight=0.4,Markowitz,UNP,0.0
1378,Maximum Weight,0.4,Maximum Weight=0.4,Markowitz,ADI,0.0
1379,Maximum Weight,0.4,Maximum Weight=0.4,Markowitz,TMUS,0.0
1380,Maximum Weight,0.4,Maximum Weight=0.4,Markowitz,MMM,0.0
1381,Maximum Weight,0.4,Maximum Weight=0.4,Markowitz,ADBE,0.0
1382,Maximum Weight,0.4,Maximum Weight=0.4,Markowitz,AXP,0.0
1383,Maximum Weight,0.4,Maximum Weight=0.4,Markowitz,BA,0.0
1384,Maximum Weight,0.4,Maximum Weight=0.4,Markowitz,CVX,0.0
1385,Maximum Weight,0.4,Maximum Weight=0.4,Markowitz,CSCO,0.0
1386,Maximum Weight,0.4,Maximum Weight=0.4,Markowitz,DD,0.0
1387,Maximum Weight,0.4,Maximum Weight=0.4,Markowitz,XOM,0.0
1388,Maximum Weight,0.4,Maximum Weight=0.4,Markowitz,FDX,0.08438
1389,Maximum Weight,0.4,Maximum Weight=0.4,Markowitz,GS,0.0
1390,Maximum Weight,0.4,Maximum Weight=0.4,Markowitz,GM,0.16398
1391,Maximum Weight,0.4,Maximum Weight=0.4,Markowitz,HAS,0.0
1392,Maximum Weight,0.4,Maximum Weight=0.4,Markowitz,JBL,0.0
1393,Maximum Weight,0.4,Maximum Weight=0.4,Markowitz,KMB,0.0
1394,Maximum Weight,0.4,Maximum Weight=0.4,Markowitz,KLAC,0.0
1395,Maximum Weight,0.4,Maximum Weight=0.4,Markowitz,LOW,0.20318
1396,Maximum Weight,0.4,Maximum Weight=0.4,Markowitz,MKC,0.0
1397,Maximum Weight,0.4,Maximum Weight=0.4,Markowitz,NEM,0.0
1398,Maximum Weight,0.4,Maximum Weight=0.4,Markowitz,OLN,0.03555
1399,Maximum Weight,0.4,Maximum Weight=0.4,Markowitz,PH,0.0
1400,Maximum Weight,0.4,Maximum Weight=0.4,Black-Litterman,PPG,0.0
1401,Maximum Weight,0.4,Maximum Weight=0.4,Black-Litterman,DELL,0.03340933181336373
1402,Maximum Weight,0.4,Maximum Weight=0.4,Black-Litterman,QCOM,0.021599568008639825
1403,Maximum Weight,0.4,Maximum Weight=0.4,Black-Litterman,AMAT,0.0
1404,Maximum Weight,0.4,Maximum Weight=0.4,Black-Litterman,MRK,0.020189596208075835
1405,Maximum Weight,0.4,Maximum Weight=0.4,Black-Litterman,AME,0.0
1406,Maximum Weight,0.4,Maximum Weight=0.4,Black-Litterman,PG,0.0
1407,Maximum Weight,0.4,Maximum Weight=0.4,Black-Litterman,CL,0.0
1408,Maximum Weight,0.4,Maximum Weight=0.4,Black-Litterman,V,0.1594868102637947
1409,Maximum Weight,0.4,Maximum Weight=0.4,Black-Litterman,MA,0.09093818123637526
1410,Maximum Weight,0.4,Maximum Weight=0.4,Black-Litterman,MU,0.05113897722045558
1411,Maximum Weight,0.4,Maximum Weight=0.4,Black-Litterman,T,0.0
1412,Maximum Weight,0.4,Maximum Weight=0.4,Black-Litterman,JPM,0.0
1413,Maximum Weight,0.4,Maximum Weight=0.4,Black-Litterman,JNJ,0.0
1414,Maximum Weight,0.4,Maximum Weight=0.4,Black-Litterman,INTC,0.01703965920681586
1415,Maximum Weight,0.4,Maximum Weight=0.4,Black-Litterman,GE,0.1569568608627827
1416,Maximum Weight,0.4,Maximum Weight=0.4,Black-Litterman,MS,0.0
1417,Maximum Weight,0.4,Maximum Weight=0.4,Black-Litterman,RTX,0.0
1418,Maximum Weight,0.4,Maximum Weight=0.4,Black-Litterman,TXN,0.0
1419,Maximum Weight,0.4,Maximum Weight=0.4,Black-Litterman,IBM,0.0
1420,Maximum Weight,0.4,Maximum Weight=0.4,Black-Litterman,SPGI,0.0738785224295514
1421,Maximum Weight,0.4,Maximum Weight=0.4,Black-Litterman,LMT,0.0
1422,Maximum Weight,0.4,Maximum Weight=0.4,Black-Litterman,ADP,0.0
1423,Maximum Weight,0.4,Maximum Weight=0.4,Black-Litterman,COF,0.0
1424,Maximum Weight,0.4,Maximum Weight=0.4,Black-Litterman,WDC,0.0
1425,Maximum Weight,0.4,Maximum Weight=0.4,Black-Litterman,ABT,0.005729885402291953
1426,Maximum Weight,0.4,Maximum Weight=0.4,Black-Litterman,GILD,0.01613967720645587
1427,Maximum Weight,0.4,Maximum Weight=0.4,Black-Litterman,UNP,0.0
1428,Maximum Weight,0.4,Maximum Weight=0.4,Black-Litterman,ADI,0.0
1429,Maximum Weight,0.4,Maximum Weight=0.4,Black-Litterman,TMUS,0.04048919021619567
1430,Maximum Weight,0.4,Maximum Weight=0.4,Black-Litterman,MMM,0.0
1431,Maximum Weight,0.4,Maximum Weight=0.4,Black-Litterman,ADBE,0.11805763884722303
1432,Maximum Weight,0.4,Maximum Weight=0.4,Black-Litterman,AXP,0.0
1433,Maximum Weight,0.4,Maximum Weight=0.4,Black-Litterman,BA,0.005129897402051958
1434,Maximum Weight,0.4,Maximum Weight=0.4,Black-Litterman,CVX,0.0
1435,Maximum Weight,0.4,Maximum Weight=0.4,Black-Litterman,CSCO,0.0
1436,Maximum Weight,0.4,Maximum Weight=0.4,Black-Litterman,DD,0.0
1437,Maximum Weight,0.4,Maximum Weight=0.4,Black-Litterman,XOM,0.0
1438,Maximum Weight,0.4,Maximum Weight=0.4,Black-Litterman,FDX,0.0
1439,Maximum Weight,0.4,Maximum Weight=0.4,Black-Litterman,GS,0.0
1440,Maximum Weight,0.4,Maximum Weight=0.4,Black-Litterman,GM,0.0
1441,Maximum Weight,0.4,Maximum Weight=0.4,Black-Litterman,HAS,0.0
1442,Maximum Weight,0.4,Maximum Weight=0.4,Black-Litterman,JBL,0.0
1443,Maximum Weight,0.4,Maximum Weight=0.4,Black-Litterman,KMB,0.08009839803203936
1444,Maximum Weight,0.4,Maximum Weight=0.4,Black-Litterman,KLAC,0.0
1445,Maximum Weight,0.4,Maximum Weight=0.4,Black-Litterman,LOW,0.020449591008179835
1446,Maximum Weight,0.4,Maximum Weight=0.4,Black-Litterman,MKC,0.04234915301693965
1447,Maximum Weight,0.4,Maximum Weight=0.4,Black-Litterman,NEM,0.04691906161876762
1448,Maximum Weight,0.4,Maximum Weight=0.4,Black-Litterman,OLN,0.0
1449,Maximum Weight,0.4,Maximum Weight=0.4,Black-Litterman,PH,0.0
1450,Maximum Weight,0.4,Maximum Weight=0.4,Risk-Parity,PPG,0.015865521817698673
1451,Maximum Weight,0.4,Maximum Weight=0.4,Risk-Parity,DELL,0.01840907479015111
1452,Maximum Weight,0.4,Maximum Weight=0.4,Risk-Parity,QCOM,0.015482686772706986
1453,Maximum Weight,0.4,Maximum Weight=0.4,Risk-Parity,AMAT,0.012009051503759888
1454,Maximum Weight,0.4,Maximum Weight=0.4,Risk-Parity,MRK,0.03211406332843486
1455,Maximum Weight,0.4,Maximum Weight=0.4,Risk-Parity,AME,0.016980319601065136
1456,Maximum Weight,0.4,Maximum Weight=0.4,Risk-Parity,PG,0.037799592416640715
1457,Maximum Weight,0.4,Maximum Weight=0.4,Risk-Parity,CL,0.04331300692031018
1458,Maximum Weight,0.4,Maximum Weight=0.4,Risk-Parity,V,0.01866977846607881
1459,Maximum Weight,0.4,Maximum Weight=0.4,Risk-Parity,MA,0.0155048458123099
1460,Maximum Weight,0.4,Maximum Weight=0.4,Risk-Parity,MU,0.011900750244455534
1461,Maximum Weight,0.4,Maximum Weight=0.4,Risk-Parity,T,0.025515401928349512
1462,Maximum Weight,0.4,Maximum Weight=0.4,Risk-Parity,JPM,0.015151701254201606
1463,Maximum Weight,0.4,Maximum Weight=0.4,Risk-Parity,JNJ,0.0349923384524694
1464,Maximum Weight,0.4,Maximum Weight=0.4,Risk-Parity,INTC,0.01667566084970474
1465,Maximum Weight,0.4,Maximum Weight=0.4,Risk-Parity,GE,0.01282955436701264
1466,Maximum Weight,0.4,Maximum Weight=0.4,Risk-Parity,MS,0.013769813463829573
1467,Maximum Weight,0.4,Maximum Weight=0.4,Risk-Parity,RTX,0.012602804537171353
1468,Maximum Weight,0.4,Maximum Weight=0.4,Risk-Parity,TXN,0.016018447168711415
1469,Maximum Weight,0.4,Maximum Weight=0.4,Risk-Parity,IBM,0.01728273155474373
1470,Maximum Weight,0.4,Maximum Weight=0.4,Risk-Parity,SPGI,0.023684232907650097
1471,Maximum Weight,0.4,Maximum Weight=0.4,Risk-Parity,LMT,0.025209213560091724
1472,Maximum Weight,0.4,Maximum Weight=0.4,Risk-Parity,ADP,0.019609801570974927
1473,Maximum Weight,0.4,Maximum Weight=0.4,Risk-Parity,COF,0.010756173398914295
1474,Maximum Weight,0.4,Maximum Weight=0.4,Risk-Parity,WDC,0.011470445936297041
1475,Maximum Weight,0.4,Maximum Weight=0.4,Risk-Parity,ABT,0.02836753115488068
1476,Maximum Weight,0.4,Maximum Weight=0.4,Risk-Parity,GILD,0.031506110545582104
1477,Maximum Weight,0.4,Maximum Weight=0.4,Risk-Parity,UNP,0.018053896754415922
1478,Maximum Weight,0.4,Maximum Weight=0.4,Risk-Parity,ADI,0.015008707639458232
1479,Maximum Weight,0.4,Maximum Weight=0.4,Risk-Parity,TMUS,0.022928281065205516
1480,Maximum Weight,0.4,Maximum Weight=0.4,Risk-Parity,MMM,0.02163033921714158
1481,Maximum Weight,0.4,Maximum Weight=0.4,Risk-Parity,ADBE,0.024943826415417675
1482,Maximum Weight,0.4,Maximum Weight=0.4,Risk-Parity,AXP,0.012199320291734823
1483,Maximum Weight,0.4,Maximum Weight=0.4,Risk-Parity,BA,0.008954878392627492
1484,Maximum Weight,0.4,Maximum Weight=0.4,Risk-Parity,CVX,0.013598308874144649
1485,Maximum Weight,0.4,Maximum Weight=0.4,Risk-Parity,CSCO,0.019523187035184752
1486,Maximum Weight,0.4,Maximum Weight=0.4,Risk-Parity,DD,0.0142509503165909
1487,Maximum Weight,0.4,Maximum Weight=0.4,Risk-Parity,XOM,0.012863434778466949
1488,Maximum Weight,0.4,Maximum Weight=0.4,Risk-Parity,FDX,0.014737623365755955
1489,Maximum Weight,0.4,Maximum Weight=0.4,Risk-Parity,GS,0.014973776858124222
1490,Maximum Weight,0.4,Maximum Weight=0.4,Risk-Parity,GM,0.01242991459508039
1491,Maximum Weight,0.4,Maximum Weight=0.4,Risk-Parity,HAS,0.019985986531873595
1492,Maximum Weight,0.4,Maximum Weight=0.4,Risk-Parity,JBL,0.011400970721071229
1493,Maximum Weight,0.4,Maximum Weight=0.4,Risk-Parity,KMB,0.056790263524080044
1494,Maximum Weight,0.4,Maximum Weight=0.4,Risk-Parity,KLAC,0.012775877279302916
1495,Maximum Weight,0.4,Maximum Weight=0.4,Risk-Parity,LOW,0.023169380326886896
1496,Maximum Weight,0.4,Maximum Weight=0.4,Risk-Parity,MKC,0.037240117028611255
1497,Maximum Weight,0.4,Maximum Weight=0.4,Risk-Parity,NEM,0.03666615987997123
1498,Maximum Weight,0.4,Maximum Weight=0.4,Risk-Parity,OLN,0.009481299809441656
1499,Maximum Weight,0.4,Maximum Weight=0.4,Risk-Parity,PH,0.012902844975215384
1500,Risk-Free Rate,0.02,Risk-Free Rate=0.02,Simulated (Max Sharpe Ratio),PPG,0.012251340658814622
1501,Risk-Free Rate,0.02,Risk-Free Rate=0.02,Simulated (Max Sharpe Ratio),DELL,0.0759978220577422
1502,Risk-Free Rate,0.02,Risk-Free Rate=0.02,Simulated (Max Sharpe Ratio),QCOM,0.003606602968539402
1503,Risk-Free Rate,0.02,Risk-Free Rate=0.02,Simulated (Max Sharpe Ratio),AMAT,0.18549765443470378
1504,Risk-Free Rate,0.02,Risk-Free Rate=0.02,Simulated (Max Sharpe Ratio),MRK,0.014624145069685523
1505,Risk-Free Rate,0.02,Risk-Free Rate=0.02,Simulated (Max Sharpe Ratio),AME,0.028158412378678048
1506,Risk-Free Rate,0.02,Risk-Free Rate=0.02,Simulated (Max Sharpe Ratio),PG,0.0018242082350373894
1507,Risk-Free Rate,0.02,Risk-Free Rate=0.02,Simulated (Max Sharpe Ratio),CL,0.011946500475837604
1508,Risk-Free Rate,0.02,Risk-Free Rate=0.02,Simulated (Max Sharpe Ratio),V,0.00906882452468563
1509,Risk-Free Rate,0.02,Risk-Free Rate=0.02,Simulated (Max Sharpe Ratio),MA,0.04290691712125789
1510,Risk-Free Rate,0.02,Risk-Free Rate=0.02,Simulated (Max Sharpe Ratio),MU,0.00220819406850811
1511,Risk-Free Rate,0.02,Risk-Free Rate=0.02,Simulated (Max Sharpe Ratio),T,0.010139231639782916
1512,Risk-Free Rate,0.02,Risk-Free Rate=0.02,Simulated (Max Sharpe Ratio),JPM,0.01207129620188739
1513,Risk-Free Rate,0.02,Risk-Free Rate=0.02,Simulated (Max Sharpe Ratio),JNJ,0.00870711515025071
1514,Risk-Free Rate,0.02,Risk-Free Rate=0.02,Simulated (Max Sharpe Ratio),INTC,0.0033385712064063875
1515,Risk-Free Rate,0.02,Risk-Free Rate=0.02,Simulated (Max Sharpe Ratio),GE,0.06743338651018621
1516,Risk-Free Rate,0.02,Risk-Free Rate=0.02,Simulated (Max Sharpe Ratio),MS,0.00232542002880006
1517,Risk-Free Rate,0.02,Risk-Free Rate=0.02,Simulated (Max Sharpe Ratio),RTX,0.00025646579224331657
1518,Risk-Free Rate,0.02,Risk-Free Rate=0.02,Simulated (Max Sharpe Ratio),TXN,0.015253683973301964
1519,Risk-Free Rate,0.02,Risk-Free Rate=0.02,Simulated (Max Sharpe Ratio),IBM,0.030462180499800626
1520,Risk-Free Rate,0.02,Risk-Free Rate=0.02,Simulated (Max Sharpe Ratio),SPGI,0.03656748999978449
1521,Risk-Free Rate,0.02,Risk-Free Rate=0.02,Simulated (Max Sharpe Ratio),LMT,0.00098512060193479
1522,Risk-Free Rate,0.02,Risk-Free Rate=0.02,Simulated (Max Sharpe Ratio),ADP,0.025463029544105256
1523,Risk-Free Rate,0.02,Risk-Free Rate=0.02,Simulated (Max Sharpe Ratio),COF,0.01565443451409303
1524,Risk-Free Rate,0.02,Risk-Free Rate=0.02,Simulated (Max Sharpe Ratio),WDC,0.008592215832632397
1525,Risk-Free Rate,0.02,Risk-Free Rate=0.02,Simulated (Max Sharpe Ratio),ABT,0.009176718467746056
1526,Risk-Free Rate,0.02,Risk-Free Rate=0.02,Simulated (Max Sharpe Ratio),GILD,0.022430802869072147
1527,Risk-Free Rate,0.02,Risk-Free Rate=0.02,Simulated (Max Sharpe Ratio),UNP,0.009452628774331555
1528,Risk-Free Rate,0.02,Risk-Free Rate=0.02,Simulated (Max Sharpe Ratio),ADI,0.02260207449206237
1529,Risk-Free Rate,0.02,Risk-Free Rate=0.02,Simulated (Max Sharpe Ratio),TMUS,0.0015251431965082175
1530,Risk-Free Rate,0.02,Risk-Free Rate=0.02,Simulated (Max Sharpe Ratio),MMM,0.026165977844325724
1531,Risk-Free Rate,0.02,Risk-Free Rate=0.02,Simulated (Max Sharpe Ratio),ADBE,0.015225107008797714
1532,Risk-Free Rate,0.02,Risk-Free Rate=0.02,Simulated (Max Sharpe Ratio),AXP,0.031219311664476307
1533,Risk-Free Rate,0.02,Risk-Free Rate=0.02,Simulated (Max Sharpe Ratio),BA,0.01572086044345872
1534,Risk-Free Rate,0.02,Risk-Free Rate=0.02,Simulated (Max Sharpe Ratio),CVX,0.006540526094382404
1535,Risk-Free Rate,0.02,Risk-Free Rate=0.02,Simulated (Max Sharpe Ratio),CSCO,0.020559652309100358
1536,Risk-Free Rate,0.02,Risk-Free Rate=0.02,Simulated (Max Sharpe Ratio),DD,0.004903801042848701
1537,Risk-Free Rate,0.02,Risk-Free Rate=0.02,Simulated (Max Sharpe Ratio),XOM,0.0012366899664092259
1538,Risk-Free Rate,0.02,Risk-Free Rate=0.02,Simulated (Max Sharpe Ratio),FDX,0.013961666255546267
1539,Risk-Free Rate,0.02,Risk-Free Rate=0.02,Simulated (Max Sharpe Ratio),GS,0.01189885818081043
1540,Risk-Free Rate,0.02,Risk-Free Rate=0.02,Simulated (Max Sharpe Ratio),GM,0.04374271550858036
1541,Risk-Free Rate,0.02,Risk-Free Rate=0.02,Simulated (Max Sharpe Ratio),HAS,0.01464091248936894
1542,Risk-Free Rate,0.02,Risk-Free Rate=0.02,Simulated (Max Sharpe Ratio),JBL,0.008500236687065132
1543,Risk-Free Rate,0.02,Risk-Free Rate=0.02,Simulated (Max Sharpe Ratio),KMB,0.005726754998990304
1544,Risk-Free Rate,0.02,Risk-Free Rate=0.02,Simulated (Max Sharpe Ratio),KLAC,0.02076387822738644
1545,Risk-Free Rate,0.02,Risk-Free Rate=0.02,Simulated (Max Sharpe Ratio),LOW,0.006748737072521607
1546,Risk-Free Rate,0.02,Risk-Free Rate=0.02,Simulated (Max Sharpe Ratio),MKC,0.02217511612302898
1547,Risk-Free Rate,0.02,Risk-Free Rate=0.02,Simulated (Max Sharpe Ratio),NEM,0.0027424878758304503
1548,Risk-Free Rate,0.02,Risk-Free Rate=0.02,Simulated (Max Sharpe Ratio),OLN,0.03271178319359233
1549,Risk-Free Rate,0.02,Risk-Free Rate=0.02,Simulated (Max Sharpe Ratio),PH,0.0042872957250597084
1550,Risk-Free Rate,0.02,Risk-Free Rate=0.02,Equal-Weight,PPG,0.02
1551,Risk-Free Rate,0.02,Risk-Free Rate=0.02,Equal-Weight,DELL,0.02
1552,Risk-Free Rate,0.02,Risk-Free Rate=0.02,Equal-Weight,QCOM,0.02
1553,Risk-Free Rate,0.02,Risk-Free Rate=0.02,Equal-Weight,AMAT,0.02
1554,Risk-Free Rate,0.02,Risk-Free Rate=0.02,Equal-Weight,MRK,0.02
1555,Risk-Free Rate,0.02,Risk-Free Rate=0.02,Equal-Weight,AME,0.02
1556,Risk-Free Rate,0.02,Risk-Free Rate=0.02,Equal-Weight,PG,0.02
1557,Risk-Free Rate,0.02,Risk-Free Rate=0.02,Equal-Weight,CL,0.02
1558,Risk-Free Rate,0.02,Risk-Free Rate=0.02,Equal-Weight,V,0.02
1559,Risk-Free Rate,0.02,Risk-Free Rate=0.02,Equal-Weight,MA,0.02
1560,Risk-Free Rate,0.02,Risk-Free Rate=0.02,Equal-Weight,MU,0.02
1561,Risk-Free Rate,0.02,Risk-Free Rate=0.02,Equal-Weight,T,0.02
1562,Risk-Free Rate,0.02,Risk-Free Rate=0.02,Equal-Weight,JPM,0.02
1563,Risk-Free Rate,0.02,Risk-Free Rate=0.02,Equal-Weight,JNJ,0.02
1564,Risk-Free Rate,0.02,Risk-Free Rate=0.02,Equal-Weight,INTC,0.02
1565,Risk-Free Rate,0.02,Risk-Free Rate=0.02,Equal-Weight,GE,0.02
1566,Risk-Free Rate,0.02,Risk-Free Rate=0.02,Equal-Weight,MS,0.02
1567,Risk-Free Rate,0.02,Risk-Free Rate=0.02,Equal-Weight,RTX,0.02
1568,Risk-Free Rate,0.02,Risk-Free Rate=0.02,Equal-Weight,TXN,0.02
1569,Risk-Free Rate,0.02,Risk-Free Rate=0.02,Equal-Weight,IBM,0.02
1570,Risk-Free Rate,0.02,Risk-Free Rate=0.02,Equal-Weight,SPGI,0.02
1571,Risk-Free Rate,0.02,Risk-Free Rate=0.02,Equal-Weight,LMT,0.02
1572,Risk-Free Rate,0.02,Risk-Free Rate=0.02,Equal-Weight,ADP,0.02
1573,Risk-Free Rate,0.02,Risk-Free Rate=0.02,Equal-Weight,COF,0.02
1574,Risk-Free Rate,0.02,Risk-Free Rate=0.02,Equal-Weight,WDC,0.02
1575,Risk-Free Rate,0.02,Risk-Free Rate=0.02,Equal-Weight,ABT,0.02
1576,Risk-Free Rate,0.02,Risk-Free Rate=0.02,Equal-Weight,GILD,0.02
1577,Risk-Free Rate,0.02,Risk-Free Rate=0.02,Equal-Weight,UNP,0.02
1578,Risk-Free Rate,0.02,Risk-Free Rate=0.02,Equal-Weight,ADI,0.02
1579,Risk-Free Rate,0.02,Risk-Free Rate=0.02,Equal-Weight,TMUS,0.02
1580,Risk-Free Rate,0.02,Risk-Free Rate=0.02,Equal-Weight,MMM,0.02
1581,Risk-Free Rate,0.02,Risk-Free Rate=0.02,Equal-Weight,ADBE,0.02
1582,Risk-Free Rate,0.02,Risk-Free Rate=0.02,Equal-Weight,AXP,0.02
1583,Risk-Free Rate,0.02,Risk-Free Rate=0.02,Equal-Weight,BA,0.02
1584,Risk-Free Rate,0.02,Risk-Free Rate=0.02,Equal-Weight,CVX,0.02
1585,Risk-Free Rate,0.02,Risk-Free Rate=0.02,Equal-Weight,CSCO,0.02
1586,Risk-Free Rate,0.02,Risk-Free Rate=0.02,Equal-Weight,DD,0.02
1587,Risk-Free Rate,0.02,Risk-Free Rate=0.02,Equal-Weight,XOM,0.02
1588,Risk-Free Rate,0.02,Risk-Free Rate=0.02,Equal-Weight,FDX,0.02
1589,Risk-Free Rate,0.02,Risk-Free Rate=0.02,Equal-Weight,GS,0.02
1590,Risk-Free Rate,0.02,Risk-Free Rate=0.02,Equal-Weight,GM,0.02
1591,Risk-Free Rate,0.02,Risk-Free Rate=0.02,Equal-Weight,HAS,0.02
1592,Risk-Free Rate,0.02,Risk-Free Rate=0.02,Equal-Weight,JBL,0.02
1593,Risk-Free Rate,0.02,Risk-Free Rate=0.02,Equal-Weight,KMB,0.02
1594,Risk-Free Rate,0.02,Risk-Free Rate=0.02,Equal-Weight,KLAC,0.02
1595,Risk-Free Rate,0.02,Risk-Free Rate=0.02,Equal-Weight,LOW,0.02
1596,Risk-Free Rate,0.02,Risk-Free Rate=0.02,Equal-Weight,MKC,0.02
1597,Risk-Free Rate,0.02,Risk-Free Rate=0.02,Equal-Weight,NEM,0.02
1598,Risk-Free Rate,0.02,Risk-Free Rate=0.02,Equal-Weight,OLN,0.02
1599,Risk-Free Rate,0.02,Risk-Free Rate=0.02,Equal-Weight,PH,0.02
1600,Risk-Free Rate,0.02,Risk-Free Rate=0.02,Markowitz,PPG,0.0
1601,Risk-Free Rate,0.02,Risk-Free Rate=0.02,Markowitz,DELL,0.3
1602,Risk-Free Rate,0.02,Risk-Free Rate=0.02,Markowitz,QCOM,0.0
1603,Risk-Free Rate,0.02,Risk-Free Rate=0.02,Markowitz,AMAT,0.16136
1604,Risk-Free Rate,0.02,Risk-Free Rate=0.02,Markowitz,MRK,0.0
1605,Risk-Free Rate,0.02,Risk-Free Rate=0.02,Markowitz,AME,0.0
1606,Risk-Free Rate,0.02,Risk-Free Rate=0.02,Markowitz,PG,0.0
1607,Risk-Free Rate,0.02,Risk-Free Rate=0.02,Markowitz,CL,0.0
1608,Risk-Free Rate,0.02,Risk-Free Rate=0.02,Markowitz,V,0.0
1609,Risk-Free Rate,0.02,Risk-Free Rate=0.02,Markowitz,MA,0.0
1610,Risk-Free Rate,0.02,Risk-Free Rate=0.02,Markowitz,MU,0.0
1611,Risk-Free Rate,0.02,Risk-Free Rate=0.02,Markowitz,T,0.0
1612,Risk-Free Rate,0.02,Risk-Free Rate=0.02,Markowitz,JPM,0.0
1613,Risk-Free Rate,0.02,Risk-Free Rate=0.02,Markowitz,JNJ,0.0
1614,Risk-Free Rate,0.02,Risk-Free Rate=0.02,Markowitz,INTC,0.0
1615,Risk-Free Rate,0.02,Risk-Free Rate=0.02,Markowitz,GE,0.0
1616,Risk-Free Rate,0.02,Risk-Free Rate=0.02,Markowitz,MS,0.03344
1617,Risk-Free Rate,0.02,Risk-Free Rate=0.02,Markowitz,RTX,0.0
1618,Risk-Free Rate,0.02,Risk-Free Rate=0.02,Markowitz,TXN,0.0
1619,Risk-Free Rate,0.02,Risk-Free Rate=0.02,Markowitz,IBM,0.0
1620,Risk-Free Rate,0.02,Risk-Free Rate=0.02,Markowitz,SPGI,0.0
1621,Risk-Free Rate,0.02,Risk-Free Rate=0.02,Markowitz,LMT,0.0
1622,Risk-Free Rate,0.02,Risk-Free Rate=0.02,Markowitz,ADP,0.0
1623,Risk-Free Rate,0.02,Risk-Free Rate=0.02,Markowitz,COF,0.0
1624,Risk-Free Rate,0.02,Risk-Free Rate=0.02,Markowitz,WDC,0.0
1625,Risk-Free Rate,0.02,Risk-Free Rate=0.02,Markowitz,ABT,0.0
1626,Risk-Free Rate,0.02,Risk-Free Rate=0.02,Markowitz,GILD,0.0
1627,Risk-Free Rate,0.02,Risk-Free Rate=0.02,Markowitz,UNP,0.0
1628,Risk-Free Rate,0.02,Risk-Free Rate=0.02,Markowitz,ADI,0.0
1629,Risk-Free Rate,0.02,Risk-Free Rate=0.02,Markowitz,TMUS,0.0
1630,Risk-Free Rate,0.02,Risk-Free Rate=0.02,Markowitz,MMM,0.0
1631,Risk-Free Rate,0.02,Risk-Free Rate=0.02,Markowitz,ADBE,0.0
1632,Risk-Free Rate,0.02,Risk-Free Rate=0.02,Markowitz,AXP,0.0
1633,Risk-Free Rate,0.02,Risk-Free Rate=0.02,Markowitz,BA,0.0
1634,Risk-Free Rate,0.02,Risk-Free Rate=0.02,Markowitz,CVX,0.0
1635,Risk-Free Rate,0.02,Risk-Free Rate=0.02,Markowitz,CSCO,0.0
1636,Risk-Free Rate,0.02,Risk-Free Rate=0.02,Markowitz,DD,0.0
1637,Risk-Free Rate,0.02,Risk-Free Rate=0.02,Markowitz,XOM,0.0
1638,Risk-Free Rate,0.02,Risk-Free Rate=0.02,Markowitz,FDX,0.08819
1639,Risk-Free Rate,0.02,Risk-Free Rate=0.02,Markowitz,GS,0.0
1640,Risk-Free Rate,0.02,Risk-Free Rate=0.02,Markowitz,GM,0.16002
1641,Risk-Free Rate,0.02,Risk-Free Rate=0.02,Markowitz,HAS,0.0
1642,Risk-Free Rate,0.02,Risk-Free Rate=0.02,Markowitz,JBL,0.0
1643,Risk-Free Rate,0.02,Risk-Free Rate=0.02,Markowitz,KMB,0.0
1644,Risk-Free Rate,0.02,Risk-Free Rate=0.02,Markowitz,KLAC,0.0
1645,Risk-Free Rate,0.02,Risk-Free Rate=0.02,Markowitz,LOW,0.22492
1646,Risk-Free Rate,0.02,Risk-Free Rate=0.02,Markowitz,MKC,0.0
1647,Risk-Free Rate,0.02,Risk-Free Rate=0.02,Markowitz,NEM,0.0
1648,Risk-Free Rate,0.02,Risk-Free Rate=0.02,Markowitz,OLN,0.03208
1649,Risk-Free Rate,0.02,Risk-Free Rate=0.02,Markowitz,PH,0.0
1650,Risk-Free Rate,0.02,Risk-Free Rate=0.02,Black-Litterman,PPG,0.0
1651,Risk-Free Rate,0.02,Risk-Free Rate=0.02,Black-Litterman,DELL,0.0268
1652,Risk-Free Rate,0.02,Risk-Free Rate=0.02,Black-Litterman,QCOM,0.00797
1653,Risk-Free Rate,0.02,Risk-Free Rate=0.02,Black-Litterman,AMAT,0.0
1654,Risk-Free Rate,0.02,Risk-Free Rate=0.02,Black-Litterman,MRK,0.06248
1655,Risk-Free Rate,0.02,Risk-Free Rate=0.02,Black-Litterman,AME,0.0
1656,Risk-Free Rate,0.02,Risk-Free Rate=0.02,Black-Litterman,PG,0.0
1657,Risk-Free Rate,0.02,Risk-Free Rate=0.02,Black-Litterman,CL,0.06059
1658,Risk-Free Rate,0.02,Risk-Free Rate=0.02,Black-Litterman,V,0.10784
1659,Risk-Free Rate,0.02,Risk-Free Rate=0.02,Black-Litterman,MA,0.01464
1660,Risk-Free Rate,0.02,Risk-Free Rate=0.02,Black-Litterman,MU,0.02247
1661,Risk-Free Rate,0.02,Risk-Free Rate=0.02,Black-Litterman,T,0.0
1662,Risk-Free Rate,0.02,Risk-Free Rate=0.02,Black-Litterman,JPM,0.03947
1663,Risk-Free Rate,0.02,Risk-Free Rate=0.02,Black-Litterman,JNJ,0.07133
1664,Risk-Free Rate,0.02,Risk-Free Rate=0.02,Black-Litterman,INTC,0.01554
1665,Risk-Free Rate,0.02,Risk-Free Rate=0.02,Black-Litterman,GE,0.08583
1666,Risk-Free Rate,0.02,Risk-Free Rate=0.02,Black-Litterman,MS,0.0
1667,Risk-Free Rate,0.02,Risk-Free Rate=0.02,Black-Litterman,RTX,0.0
1668,Risk-Free Rate,0.02,Risk-Free Rate=0.02,Black-Litterman,TXN,0.0
1669,Risk-Free Rate,0.02,Risk-Free Rate=0.02,Black-Litterman,IBM,0.0
1670,Risk-Free Rate,0.02,Risk-Free Rate=0.02,Black-Litterman,SPGI,0.05472
1671,Risk-Free Rate,0.02,Risk-Free Rate=0.02,Black-Litterman,LMT,0.0278
1672,Risk-Free Rate,0.02,Risk-Free Rate=0.02,Black-Litterman,ADP,0.0
1673,Risk-Free Rate,0.02,Risk-Free Rate=0.02,Black-Litterman,COF,0.0
1674,Risk-Free Rate,0.02,Risk-Free Rate=0.02,Black-Litterman,WDC,0.0
1675,Risk-Free Rate,0.02,Risk-Free Rate=0.02,Black-Litterman,ABT,0.01369
1676,Risk-Free Rate,0.02,Risk-Free Rate=0.02,Black-Litterman,GILD,0.04307
1677,Risk-Free Rate,0.02,Risk-Free Rate=0.02,Black-Litterman,UNP,0.0
1678,Risk-Free Rate,0.02,Risk-Free Rate=0.02,Black-Litterman,ADI,0.0
1679,Risk-Free Rate,0.02,Risk-Free Rate=0.02,Black-Litterman,TMUS,0.0196
1680,Risk-Free Rate,0.02,Risk-Free Rate=0.02,Black-Litterman,MMM,0.0
1681,Risk-Free Rate,0.02,Risk-Free Rate=0.02,Black-Litterman,ADBE,0.09329
1682,Risk-Free Rate,0.02,Risk-Free Rate=0.02,Black-Litterman,AXP,0.0
1683,Risk-Free Rate,0.02,Risk-Free Rate=0.02,Black-Litterman,BA,0.0
1684,Risk-Free Rate,0.02,Risk-Free Rate=0.02,Black-Litterman,CVX,0.0
1685,Risk-Free Rate,0.02,Risk-Free Rate=0.02,Black-Litterman,CSCO,0.0
1686,Risk-Free Rate,0.02,Risk-Free Rate=0.02,Black-Litterman,DD,0.0
1687,Risk-Free Rate,0.02,Risk-Free Rate=0.02,Black-Litterman,XOM,0.0
1688,Risk-Free Rate,0.02,Risk-Free Rate=0.02,Black-Litterman,FDX,0.0
1689,Risk-Free Rate,0.02,Risk-Free Rate=0.02,Black-Litterman,GS,0.0
1690,Risk-Free Rate,0.02,Risk-Free Rate=0.02,Black-Litterman,GM,0.0
1691,Risk-Free Rate,0.02,Risk-Free Rate=0.02,Black-Litterman,HAS,0.0
1692,Risk-Free Rate,0.02,Risk-Free Rate=0.02,Black-Litterman,JBL,0.0
1693,Risk-Free Rate,0.02,Risk-Free Rate=0.02,Black-Litterman,KMB,0.13209
1694,Risk-Free Rate,0.02,Risk-Free Rate=0.02,Black-Litterman,KLAC,0.0
1695,Risk-Free Rate,0.02,Risk-Free Rate=0.02,Black-Litterman,LOW,0.0027
1696,Risk-Free Rate,0.02,Risk-Free Rate=0.02,Black-Litterman,MKC,0.05684
1697,Risk-Free Rate,0.02,Risk-Free Rate=0.02,Black-Litterman,NEM,0.04125
1698,Risk-Free Rate,0.02,Risk-Free Rate=0.02,Black-Litterman,OLN,0.0
1699,Risk-Free Rate,0.02,Risk-Free Rate=0.02,Black-Litterman,PH,0.0
1700,Risk-Free Rate,0.02,Risk-Free Rate=0.02,Risk-Parity,PPG,0.015865521817698673
1701,Risk-Free Rate,0.02,Risk-Free Rate=0.02,Risk-Parity,DELL,0.01840907479015111
1702,Risk-Free Rate,0.02,Risk-Free Rate=0.02,Risk-Parity,QCOM,0.015482686772706986
1703,Risk-Free Rate,0.02,Risk-Free Rate=0.02,Risk-Parity,AMAT,0.012009051503759888
1704,Risk-Free Rate,0.02,Risk-Free Rate=0.02,Risk-Parity,MRK,0.03211406332843486
1705,Risk-Free Rate,0.02,Risk-Free Rate=0.02,Risk-Parity,AME,0.016980319601065136
1706,Risk-Free Rate,0.02,Risk-Free Rate=0.02,Risk-Parity,PG,0.037799592416640715
1707,Risk-Free Rate,0.02,Risk-Free Rate=0.02,Risk-Parity,CL,0.04331300692031018
1708,Risk-Free Rate,0.02,Risk-Free Rate=0.02,Risk-Parity,V,0.01866977846607881
1709,Risk-Free Rate,0.02,Risk-Free Rate=0.02,Risk-Parity,MA,0.0155048458123099
1710,Risk-Free Rate,0.02,Risk-Free Rate=0.02,Risk-Parity,MU,0.011900750244455534
1711,Risk-Free Rate,0.02,Risk-Free Rate=0.02,Risk-Parity,T,0.025515401928349512
1712,Risk-Free Rate,0.02,Risk-Free Rate=0.02,Risk-Parity,JPM,0.015151701254201606
1713,Risk-Free Rate,0.02,Risk-Free Rate=0.02,Risk-Parity,JNJ,0.0349923384524694
1714,Risk-Free Rate,0.02,Risk-Free Rate=0.02,Risk-Parity,INTC,0.01667566084970474
1715,Risk-Free Rate,0.02,Risk-Free Rate=0.02,Risk-Parity,GE,0.01282955436701264
1716,Risk-Free Rate,0.02,Risk-Free Rate=0.02,Risk-Parity,MS,0.013769813463829573
1717,Risk-Free Rate,0.02,Risk-Free Rate=0.02,Risk-Parity,RTX,0.012602804537171353
1718,Risk-Free Rate,0.02,Risk-Free Rate=0.02,Risk-Parity,TXN,0.016018447168711415
1719,Risk-Free Rate,0.02,Risk-Free Rate=0.02,Risk-Parity,IBM,0.01728273155474373
1720,Risk-Free Rate,0.02,Risk-Free Rate=0.02,Risk-Parity,SPGI,0.023684232907650097
1721,Risk-Free Rate,0.02,Risk-Free Rate=0.02,Risk-Parity,LMT,0.025209213560091724
1722,Risk-Free Rate,0.02,Risk-Free Rate=0.02,Risk-Parity,ADP,0.019609801570974927
1723,Risk-Free Rate,0.02,Risk-Free Rate=0.02,Risk-Parity,COF,0.010756173398914295
1724,Risk-Free Rate,0.02,Risk-Free Rate=0.02,Risk-Parity,WDC,0.011470445936297041
1725,Risk-Free Rate,0.02,Risk-Free Rate=0.02,Risk-Parity,ABT,0.02836753115488068
1726,Risk-Free Rate,0.02,Risk-Free Rate=0.02,Risk-Parity,GILD,0.031506110545582104
1727,Risk-Free Rate,0.02,Risk-Free Rate=0.02,Risk-Parity,UNP,0.018053896754415922
1728,Risk-Free Rate,0.02,Risk-Free Rate=0.02,Risk-Parity,ADI,0.015008707639458232
1729,Risk-Free Rate,0.02,Risk-Free Rate=0.02,Risk-Parity,TMUS,0.022928281065205516
1730,Risk-Free Rate,0.02,Risk-Free Rate=0.02,Risk-Parity,MMM,0.02163033921714158
1731,Risk-Free Rate,0.02,Risk-Free Rate=0.02,Risk-Parity,ADBE,0.024943826415417675
1732,Risk-Free Rate,0.02,Risk-Free Rate=0.02,Risk-Parity,AXP,0.012199320291734823
1733,Risk-Free Rate,0.02,Risk-Free Rate=0.02,Risk-Parity,BA,0.008954878392627492
1734,Risk-Free Rate,0.02,Risk-Free Rate=0.02,Risk-Parity,CVX,0.013598308874144649
1735,Risk-Free Rate,0.02,Risk-Free Rate=0.02,Risk-Parity,CSCO,0.019523187035184752
1736,Risk-Free Rate,0.02,Risk-Free Rate=0.02,Risk-Parity,DD,0.0142509503165909
1737,Risk-Free Rate,0.02,Risk-Free Rate=0.02,Risk-Parity,XOM,0.012863434778466949
1738,Risk-Free Rate,0.02,Risk-Free Rate=0.02,Risk-Parity,FDX,0.014737623365755955
1739,Risk-Free Rate,0.02,Risk-Free Rate=0.02,Risk-Parity,GS,0.014973776858124222
1740,Risk-Free Rate,0.02,Risk-Free Rate=0.02,Risk-Parity,GM,0.01242991459508039
1741,Risk-Free Rate,0.02,Risk-Free Rate=0.02,Risk-Parity,HAS,0.019985986531873595
1742,Risk-Free Rate,0.02,Risk-Free Rate=0.02,Risk-Parity,JBL,0.011400970721071229
1743,Risk-Free Rate,0.02,Risk-Free Rate=0.02,Risk-Parity,KMB,0.056790263524080044
1744,Risk-Free Rate,0.02,Risk-Free Rate=0.02,Risk-Parity,KLAC,0.012775877279302916
1745,Risk-Free Rate,0.02,Risk-Free Rate=0.02,Risk-Parity,LOW,0.023169380326886896
1746,Risk-Free Rate,0.02,Risk-Free Rate=0.02,Risk-Parity,MKC,0.037240117028611255
1747,Risk-Free Rate,0.02,Risk-Free Rate=0.02,Risk-Parity,NEM,0.03666615987997123
1748,Risk-Free Rate,0.02,Risk-Free Rate=0.02,Risk-Parity,OLN,0.009481299809441656
1749,Risk-Free Rate,0.02,Risk-Free Rate=0.02,Risk-Parity,PH,0.012902844975215384
1750,Risk-Free Rate,0.05,Risk-Free Rate=0.05,Simulated (Max Sharpe Ratio),PPG,0.09793396790293253
1751,Risk-Free Rate,0.05,Risk-Free Rate=0.05,Simulated (Max Sharpe Ratio),DELL,0.12043812079169251
1752,Risk-Free Rate,0.05,Risk-Free Rate=0.05,Simulated (Max Sharpe Ratio),QCOM,0.013808388178345019
1753,Risk-Free Rate,0.05,Risk-Free Rate=0.05,Simulated (Max Sharpe Ratio),AMAT,0.03130184936147195
1754,Risk-Free Rate,0.05,Risk-Free Rate=0.05,Simulated (Max Sharpe Ratio),MRK,0.012006359208828997
1755,Risk-Free Rate,0.05,Risk-Free Rate=0.05,Simulated (Max Sharpe Ratio),AME,5.3620465659333526e-05
1756,Risk-Free Rate,0.05,Risk-Free Rate=0.05,Simulated (Max Sharpe Ratio),PG,0.019780749981824126
1757,Risk-Free Rate,0.05,Risk-Free Rate=0.05,Simulated (Max Sharpe Ratio),CL,0.0013910721234982716
1758,Risk-Free Rate,0.05,Risk-Free Rate=0.05,Simulated (Max Sharpe Ratio),V,0.02939737826009112
1759,Risk-Free Rate,0.05,Risk-Free Rate=0.05,Simulated (Max Sharpe Ratio),MA,0.011278788008326048
1760,Risk-Free Rate,0.05,Risk-Free Rate=0.05,Simulated (Max Sharpe Ratio),MU,0.024053886774058356
1761,Risk-Free Rate,0.05,Risk-Free Rate=0.05,Simulated (Max Sharpe Ratio),T,0.028303700268505105
1762,Risk-Free Rate,0.05,Risk-Free Rate=0.05,Simulated (Max Sharpe Ratio),JPM,0.01729764359393517
1763,Risk-Free Rate,0.05,Risk-Free Rate=0.05,Simulated (Max Sharpe Ratio),JNJ,0.0007894275347382215
1764,Risk-Free Rate,0.05,Risk-Free Rate=0.05,Simulated (Max Sharpe Ratio),INTC,0.004783197387935479
1765,Risk-Free Rate,0.05,Risk-Free Rate=0.05,Simulated (Max Sharpe Ratio),GE,0.011209344678256603
1766,Risk-Free Rate,0.05,Risk-Free Rate=0.05,Simulated (Max Sharpe Ratio),MS,0.006322975800402489
1767,Risk-Free Rate,0.05,Risk-Free Rate=0.05,Simulated (Max Sharpe Ratio),RTX,0.007982241246527431
1768,Risk-Free Rate,0.05,Risk-Free Rate=0.05,Simulated (Max Sharpe Ratio),TXN,0.03695324088895369
1769,Risk-Free Rate,0.05,Risk-Free Rate=0.05,Simulated (Max Sharpe Ratio),IBM,0.006685160756396331
1770,Risk-Free Rate,0.05,Risk-Free Rate=0.05,Simulated (Max Sharpe Ratio),SPGI,0.030117457718231756
1771,Risk-Free Rate,0.05,Risk-Free Rate=0.05,Simulated (Max Sharpe Ratio),LMT,0.0011055812811643301
1772,Risk-Free Rate,0.05,Risk-Free Rate=0.05,Simulated (Max Sharpe Ratio),ADP,0.02417232021403687
1773,Risk-Free Rate,0.05,Risk-Free Rate=0.05,Simulated (Max Sharpe Ratio),COF,0.011585119076693478
1774,Risk-Free Rate,0.05,Risk-Free Rate=0.05,Simulated (Max Sharpe Ratio),WDC,0.003710927007800679
1775,Risk-Free Rate,0.05,Risk-Free Rate=0.05,Simulated (Max Sharpe Ratio),ABT,0.015126906222119766
1776,Risk-Free Rate,0.05,Risk-Free Rate=0.05,Simulated (Max Sharpe Ratio),GILD,0.004044080473256699
1777,Risk-Free Rate,0.05,Risk-Free Rate=0.05,Simulated (Max Sharpe Ratio),UNP,0.011019676434964484
1778,Risk-Free Rate,0.05,Risk-Free Rate=0.05,Simulated (Max Sharpe Ratio),ADI,0.0019074112262313812
1779,Risk-Free Rate,0.05,Risk-Free Rate=0.05,Simulated (Max Sharpe Ratio),TMUS,0.004569280534494871
1780,Risk-Free Rate,0.05,Risk-Free Rate=0.05,Simulated (Max Sharpe Ratio),MMM,0.0003856427358022111
1781,Risk-Free Rate,0.05,Risk-Free Rate=0.05,Simulated (Max Sharpe Ratio),ADBE,0.012814304137841502
1782,Risk-Free Rate,0.05,Risk-Free Rate=0.05,Simulated (Max Sharpe Ratio),AXP,0.015489429092305166
1783,Risk-Free Rate,0.05,Risk-Free Rate=0.05,Simulated (Max Sharpe Ratio),BA,0.004639536251099244
1784,Risk-Free Rate,0.05,Risk-Free Rate=0.05,Simulated (Max Sharpe Ratio),CVX,0.0028063496362366828
1785,Risk-Free Rate,0.05,Risk-Free Rate=0.05,Simulated (Max Sharpe Ratio),CSCO,0.010078926643612453
1786,Risk-Free Rate,0.05,Risk-Free Rate=0.05,Simulated (Max Sharpe Ratio),DD,0.008112146492630975
1787,Risk-Free Rate,0.05,Risk-Free Rate=0.05,Simulated (Max Sharpe Ratio),XOM,0.0029811619414676902
1788,Risk-Free Rate,0.05,Risk-Free Rate=0.05,Simulated (Max Sharpe Ratio),FDX,0.035810252904393325
1789,Risk-Free Rate,0.05,Risk-Free Rate=0.05,Simulated (Max Sharpe Ratio),GS,0.030009347816775712
1790,Risk-Free Rate,0.05,Risk-Free Rate=0.05,Simulated (Max Sharpe Ratio),GM,0.08106293645418537
1791,Risk-Free Rate,0.05,Risk-Free Rate=0.05,Simulated (Max Sharpe Ratio),HAS,0.029843719216715848
1792,Risk-Free Rate,0.05,Risk-Free Rate=0.05,Simulated (Max Sharpe Ratio),JBL,0.006355295313899378
1793,Risk-Free Rate,0.05,Risk-Free Rate=0.05,Simulated (Max Sharpe Ratio),KMB,0.019601426747478556
1794,Risk-Free Rate,0.05,Risk-Free Rate=0.05,Simulated (Max Sharpe Ratio),KLAC,0.019728983018253456
1795,Risk-Free Rate,0.05,Risk-Free Rate=0.05,Simulated (Max Sharpe Ratio),LOW,0.005575063584810186
1796,Risk-Free Rate,0.05,Risk-Free Rate=0.05,Simulated (Max Sharpe Ratio),MKC,0.006982838507688871
1797,Risk-Free Rate,0.05,Risk-Free Rate=0.05,Simulated (Max Sharpe Ratio),NEM,0.009791101485250125
1798,Risk-Free Rate,0.05,Risk-Free Rate=0.05,Simulated (Max Sharpe Ratio),OLN,0.05890377452248923
1799,Risk-Free Rate,0.05,Risk-Free Rate=0.05,Simulated (Max Sharpe Ratio),PH,0.049897890095690775
1800,Risk-Free Rate,0.05,Risk-Free Rate=0.05,Equal-Weight,PPG,0.02
1801,Risk-Free Rate,0.05,Risk-Free Rate=0.05,Equal-Weight,DELL,0.02
1802,Risk-Free Rate,0.05,Risk-Free Rate=0.05,Equal-Weight,QCOM,0.02
1803,Risk-Free Rate,0.05,Risk-Free Rate=0.05,Equal-Weight,AMAT,0.02
1804,Risk-Free Rate,0.05,Risk-Free Rate=0.05,Equal-Weight,MRK,0.02
1805,Risk-Free Rate,0.05,Risk-Free Rate=0.05,Equal-Weight,AME,0.02
1806,Risk-Free Rate,0.05,Risk-Free Rate=0.05,Equal-Weight,PG,0.02
1807,Risk-Free Rate,0.05,Risk-Free Rate=0.05,Equal-Weight,CL,0.02
1808,Risk-Free Rate,0.05,Risk-Free Rate=0.05,Equal-Weight,V,0.02
1809,Risk-Free Rate,0.05,Risk-Free Rate=0.05,Equal-Weight,MA,0.02
1810,Risk-Free Rate,0.05,Risk-Free Rate=0.05,Equal-Weight,MU,0.02
1811,Risk-Free Rate,0.05,Risk-Free Rate=0.05,Equal-Weight,T,0.02
1812,Risk-Free Rate,0.05,Risk-Free Rate=0.05,Equal-Weight,JPM,0.02
1813,Risk-Free Rate,0.05,Risk-Free Rate=0.05,Equal-Weight,JNJ,0.02
1814,Risk-Free Rate,0.05,Risk-Free Rate=0.05,Equal-Weight,INTC,0.02
1815,Risk-Free Rate,0.05,Risk-Free Rate=0.05,Equal-Weight,GE,0.02
1816,Risk-Free Rate,0.05,Risk-Free Rate=0.05,Equal-Weight,MS,0.02
1817,Risk-Free Rate,0.05,Risk-Free Rate=0.05,Equal-Weight,RTX,0.02
1818,Risk-Free Rate,0.05,Risk-Free Rate=0.05,Equal-Weight,TXN,0.02
1819,Risk-Free Rate,0.05,Risk-Free Rate=0.05,Equal-Weight,IBM,0.02
1820,Risk-Free Rate,0.05,Risk-Free Rate=0.05,Equal-Weight,SPGI,0.02
1821,Risk-Free Rate,0.05,Risk-Free Rate=0.05,Equal-Weight,LMT,0.02
1822,Risk-Free Rate,0.05,Risk-Free Rate=0.05,Equal-Weight,ADP,0.02
1823,Risk-Free Rate,0.05,Risk-Free Rate=0.05,Equal-Weight,COF,0.02
1824,Risk-Free Rate,0.05,Risk-Free Rate=0.05,Equal-Weight,WDC,0.02
1825,Risk-Free Rate,0.05,Risk-Free Rate=0.05,Equal-Weight,ABT,0.02
1826,Risk-Free Rate,0.05,Risk-Free Rate=0.05,Equal-Weight,GILD,0.02
1827,Risk-Free Rate,0.05,Risk-Free Rate=0.05,Equal-Weight,UNP,0.02
1828,Risk-Free Rate,0.05,Risk-Free Rate=0.05,Equal-Weight,ADI,0.02
1829,Risk-Free Rate,0.05,Risk-Free Rate=0.05,Equal-Weight,TMUS,0.02
1830,Risk-Free Rate,0.05,Risk-Free Rate=0.05,Equal-Weight,MMM,0.02
1831,Risk-Free Rate,0.05,Risk-Free Rate=0.05,Equal-Weight,ADBE,0.02
1832,Risk-Free Rate,0.05,Risk-Free Rate=0.05,Equal-Weight,AXP,0.02
1833,Risk-Free Rate,0.05,Risk-Free Rate=0.05,Equal-Weight,BA,0.02
1834,Risk-Free Rate,0.05,Risk-Free Rate=0.05,Equal-Weight,CVX,0.02
1835,Risk-Free Rate,0.05,Risk-Free Rate=0.05,Equal-Weight,CSCO,0.02
1836,Risk-Free Rate,0.05,Risk-Free Rate=0.05,Equal-Weight,DD,0.02
1837,Risk-Free Rate,0.05,Risk-Free Rate=0.05,Equal-Weight,XOM,0.02
1838,Risk-Free Rate,0.05,Risk-Free Rate=0.05,Equal-Weight,FDX,0.02
1839,Risk-Free Rate,0.05,Risk-Free Rate=0.05,Equal-Weight,GS,0.02
1840,Risk-Free Rate,0.05,Risk-Free Rate=0.05,Equal-Weight,GM,0.02
1841,Risk-Free Rate,0.05,Risk-Free Rate=0.05,Equal-Weight,HAS,0.02
1842,Risk-Free Rate,0.05,Risk-Free Rate=0.05,Equal-Weight,JBL,0.02
1843,Risk-Free Rate,0.05,Risk-Free Rate=0.05,Equal-Weight,KMB,0.02
1844,Risk-Free Rate,0.05,Risk-Free Rate=0.05,Equal-Weight,KLAC,0.02
1845,Risk-Free Rate,0.05,Risk-Free Rate=0.05,Equal-Weight,LOW,0.02
1846,Risk-Free Rate,0.05,Risk-Free Rate=0.05,Equal-Weight,MKC,0.02
1847,Risk-Free Rate,0.05,Risk-Free Rate=0.05,Equal-Weight,NEM,0.02
1848,Risk-Free Rate,0.05,Risk-Free Rate=0.05,Equal-Weight,OLN,0.02
1849,Risk-Free Rate,0.05,Risk-Free Rate=0.05,Equal-Weight,PH,0.02
1850,Risk-Free Rate,0.05,Risk-Free Rate=0.05,Markowitz,PPG,0.0
1851,Risk-Free Rate,0.05,Risk-Free Rate=0.05,Markowitz,DELL,0.3
1852,Risk-Free Rate,0.05,Risk-Free Rate=0.05,Markowitz,QCOM,0.0
1853,Risk-Free Rate,0.05,Risk-Free Rate=0.05,Markowitz,AMAT,0.16571
1854,Risk-Free Rate,0.05,Risk-Free Rate=0.05,Markowitz,MRK,0.0
1855,Risk-Free Rate,0.05,Risk-Free Rate=0.05,Markowitz,AME,0.0
1856,Risk-Free Rate,0.05,Risk-Free Rate=0.05,Markowitz,PG,0.0
1857,Risk-Free Rate,0.05,Risk-Free Rate=0.05,Markowitz,CL,0.0
1858,Risk-Free Rate,0.05,Risk-Free Rate=0.05,Markowitz,V,0.0
1859,Risk-Free Rate,0.05,Risk-Free Rate=0.05,Markowitz,MA,0.0
1860,Risk-Free Rate,0.05,Risk-Free Rate=0.05,Markowitz,MU,0.0
1861,Risk-Free Rate,0.05,Risk-Free Rate=0.05,Markowitz,T,0.0
1862,Risk-Free Rate,0.05,Risk-Free Rate=0.05,Markowitz,JPM,0.0
1863,Risk-Free Rate,0.05,Risk-Free Rate=0.05,Markowitz,JNJ,0.0
1864,Risk-Free Rate,0.05,Risk-Free Rate=0.05,Markowitz,INTC,0.0
1865,Risk-Free Rate,0.05,Risk-Free Rate=0.05,Markowitz,GE,0.0
1866,Risk-Free Rate,0.05,Risk-Free Rate=0.05,Markowitz,MS,0.02795
1867,Risk-Free Rate,0.05,Risk-Free Rate=0.05,Markowitz,RTX,0.0
1868,Risk-Free Rate,0.05,Risk-Free Rate=0.05,Markowitz,TXN,0.0
1869,Risk-Free Rate,0.05,Risk-Free Rate=0.05,Markowitz,IBM,0.0
1870,Risk-Free Rate,0.05,Risk-Free Rate=0.05,Markowitz,SPGI,0.0
1871,Risk-Free Rate,0.05,Risk-Free Rate=0.05,Markowitz,LMT,0.0
1872,Risk-Free Rate,0.05,Risk-Free Rate=0.05,Markowitz,ADP,0.0
1873,Risk-Free Rate,0.05,Risk-Free Rate=0.05,Markowitz,COF,0.0
1874,Risk-Free Rate,0.05,Risk-Free Rate=0.05,Markowitz,WDC,0.0
1875,Risk-Free Rate,0.05,Risk-Free Rate=0.05,Markowitz,ABT,0.0
1876,Risk-Free Rate,0.05,Risk-Free Rate=0.05,Markowitz,GILD,0.0
1877,Risk-Free Rate,0.05,Risk-Free Rate=0.05,Markowitz,UNP,0.0
1878,Risk-Free Rate,0.05,Risk-Free Rate=0.05,Markowitz,ADI,0.0
1879,Risk-Free Rate,0.05,Risk-Free Rate=0.05,Markowitz,TMUS,0.0
1880,Risk-Free Rate,0.05,Risk-Free Rate=0.05,Markowitz,MMM,0.0
1881,Risk-Free Rate,0.05,Risk-Free Rate=0.05,Markowitz,ADBE,0.0
1882,Risk-Free Rate,0.05,Risk-Free Rate=0.05,Markowitz,AXP,0.0
1883,Risk-Free Rate,0.05,Risk-Free Rate=0.05,Markowitz,BA,0.0
1884,Risk-Free Rate,0.05,Risk-Free Rate=0.05,Markowitz,CVX,0.0
1885,Risk-Free Rate,0.05,Risk-Free Rate=0.05,Markowitz,CSCO,0.0
1886,Risk-Free Rate,0.05,Risk-Free Rate=0.05,Markowitz,DD,0.0
1887,Risk-Free Rate,0.05,Risk-Free Rate=0.05,Markowitz,XOM,0.0
1888,Risk-Free Rate,0.05,Risk-Free Rate=0.05,Markowitz,FDX,0.08911
1889,Risk-Free Rate,0.05,Risk-Free Rate=0.05,Markowitz,GS,0.0
1890,Risk-Free Rate,0.05,Risk-Free Rate=0.05,Markowitz,GM,0.16398
1891,Risk-Free Rate,0.05,Risk-Free Rate=0.05,Markowitz,HAS,0.0
1892,Risk-Free Rate,0.05,Risk-Free Rate=0.05,Markowitz,JBL,0.0
1893,Risk-Free Rate,0.05,Risk-Free Rate=0.05,Markowitz,KMB,0.0
1894,Risk-Free Rate,0.05,Risk-Free Rate=0.05,Markowitz,KLAC,0.0
1895,Risk-Free Rate,0.05,Risk-Free Rate=0.05,Markowitz,LOW,0.21878
1896,Risk-Free Rate,0.05,Risk-Free Rate=0.05,Markowitz,MKC,0.0
1897,Risk-Free Rate,0.05,Risk-Free Rate=0.05,Markowitz,NEM,0.0
1898,Risk-Free Rate,0.05,Risk-Free Rate=0.05,Markowitz,OLN,0.03447
1899,Risk-Free Rate,0.05,Risk-Free Rate=0.05,Markowitz,PH,0.0
1900,Risk-Free Rate,0.05,Risk-Free Rate=0.05,Black-Litterman,PPG,0.0
1901,Risk-Free Rate,0.05,Risk-Free Rate=0.05,Black-Litterman,DELL,0.03340933181336373
1902,Risk-Free Rate,0.05,Risk-Free Rate=0.05,Black-Litterman,QCOM,0.021599568008639825
1903,Risk-Free Rate,0.05,Risk-Free Rate=0.05,Black-Litterman,AMAT,0.0
1904,Risk-Free Rate,0.05,Risk-Free Rate=0.05,Black-Litterman,MRK,0.020189596208075835
1905,Risk-Free Rate,0.05,Risk-Free Rate=0.05,Black-Litterman,AME,0.0
1906,Risk-Free Rate,0.05,Risk-Free Rate=0.05,Black-Litterman,PG,0.0
1907,Risk-Free Rate,0.05,Risk-Free Rate=0.05,Black-Litterman,CL,0.0
1908,Risk-Free Rate,0.05,Risk-Free Rate=0.05,Black-Litterman,V,0.1594868102637947
1909,Risk-Free Rate,0.05,Risk-Free Rate=0.05,Black-Litterman,MA,0.09093818123637526
1910,Risk-Free Rate,0.05,Risk-Free Rate=0.05,Black-Litterman,MU,0.05113897722045558
1911,Risk-Free Rate,0.05,Risk-Free Rate=0.05,Black-Litterman,T,0.0
1912,Risk-Free Rate,0.05,Risk-Free Rate=0.05,Black-Litterman,JPM,0.0
1913,Risk-Free Rate,0.05,Risk-Free Rate=0.05,Black-Litterman,JNJ,0.0
1914,Risk-Free Rate,0.05,Risk-Free Rate=0.05,Black-Litterman,INTC,0.01703965920681586
1915,Risk-Free Rate,0.05,Risk-Free Rate=0.05,Black-Litterman,GE,0.1569568608627827
1916,Risk-Free Rate,0.05,Risk-Free Rate=0.05,Black-Litterman,MS,0.0
1917,Risk-Free Rate,0.05,Risk-Free Rate=0.05,Black-Litterman,RTX,0.0
1918,Risk-Free Rate,0.05,Risk-Free Rate=0.05,Black-Litterman,TXN,0.0
1919,Risk-Free Rate,0.05,Risk-Free Rate=0.05,Black-Litterman,IBM,0.0
1920,Risk-Free Rate,0.05,Risk-Free Rate=0.05,Black-Litterman,SPGI,0.0738785224295514
1921,Risk-Free Rate,0.05,Risk-Free Rate=0.05,Black-Litterman,LMT,0.0
1922,Risk-Free Rate,0.05,Risk-Free Rate=0.05,Black-Litterman,ADP,0.0
1923,Risk-Free Rate,0.05,Risk-Free Rate=0.05,Black-Litterman,COF,0.0
1924,Risk-Free Rate,0.05,Risk-Free Rate=0.05,Black-Litterman,WDC,0.0
1925,Risk-Free Rate,0.05,Risk-Free Rate=0.05,Black-Litterman,ABT,0.005729885402291953
1926,Risk-Free Rate,0.05,Risk-Free Rate=0.05,Black-Litterman,GILD,0.01613967720645587
1927,Risk-Free Rate,0.05,Risk-Free Rate=0.05,Black-Litterman,UNP,0.0
1928,Risk-Free Rate,0.05,Risk-Free Rate=0.05,Black-Litterman,ADI,0.0
1929,Risk-Free Rate,0.05,Risk-Free Rate=0.05,Black-Litterman,TMUS,0.04048919021619567
1930,Risk-Free Rate,0.05,Risk-Free Rate=0.05,Black-Litterman,MMM,0.0
1931,Risk-Free Rate,0.05,Risk-Free Rate=0.05,Black-Litterman,ADBE,0.11805763884722303
1932,Risk-Free Rate,0.05,Risk-Free Rate=0.05,Black-Litterman,AXP,0.0
1933,Risk-Free Rate,0.05,Risk-Free Rate=0.05,Black-Litterman,BA,0.005129897402051958
1934,Risk-Free Rate,0.05,Risk-Free Rate=0.05,Black-Litterman,CVX,0.0
1935,Risk-Free Rate,0.05,Risk-Free Rate=0.05,Black-Litterman,CSCO,0.0
1936,Risk-Free Rate,0.05,Risk-Free Rate=0.05,Black-Litterman,DD,0.0
1937,Risk-Free Rate,0.05,Risk-Free Rate=0.05,Black-Litterman,XOM,0.0
1938,Risk-Free Rate,0.05,Risk-Free Rate=0.05,Black-Litterman,FDX,0.0
1939,Risk-Free Rate,0.05,Risk-Free Rate=0.05,Black-Litterman,GS,0.0
1940,Risk-Free Rate,0.05,Risk-Free Rate=0.05,Black-Litterman,GM,0.0
1941,Risk-Free Rate,0.05,Risk-Free Rate=0.05,Black-Litterman,HAS,0.0
1942,Risk-Free Rate,0.05,Risk-Free Rate=0.05,Black-Litterman,JBL,0.0
1943,Risk-Free Rate,0.05,Risk-Free Rate=0.05,Black-Litterman,KMB,0.08009839803203936
1944,Risk-Free Rate,0.05,Risk-Free Rate=0.05,Black-Litterman,KLAC,0.0
1945,Risk-Free Rate,0.05,Risk-Free Rate=0.05,Black-Litterman,LOW,0.020449591008179835
1946,Risk-Free Rate,0.05,Risk-Free Rate=0.05,Black-Litterman,MKC,0.04234915301693965
1947,Risk-Free Rate,0.05,Risk-Free Rate=0.05,Black-Litterman,NEM,0.04691906161876762
1948,Risk-Free Rate,0.05,Risk-Free Rate=0.05,Black-Litterman,OLN,0.0
1949,Risk-Free Rate,0.05,Risk-Free Rate=0.05,Black-Litterman,PH,0.0
1950,Risk-Free Rate,0.05,Risk-Free Rate=0.05,Risk-Parity,PPG,0.015865521817698673
1951,Risk-Free Rate,0.05,Risk-Free Rate=0.05,Risk-Parity,DELL,0.01840907479015111
1952,Risk-Free Rate,0.05,Risk-Free Rate=0.05,Risk-Parity,QCOM,0.015482686772706986
1953,Risk-Free Rate,0.05,Risk-Free Rate=0.05,Risk-Parity,AMAT,0.012009051503759888
1954,Risk-Free Rate,0.05,Risk-Free Rate=0.05,Risk-Parity,MRK,0.03211406332843486
1955,Risk-Free Rate,0.05,Risk-Free Rate=0.05,Risk-Parity,AME,0.016980319601065136
1956,Risk-Free Rate,0.05,Risk-Free Rate=0.05,Risk-Parity,PG,0.037799592416640715
1957,Risk-Free Rate,0.05,Risk-Free Rate=0.05,Risk-Parity,CL,0.04331300692031018
1958,Risk-Free Rate,0.05,Risk-Free Rate=0.05,Risk-Parity,V,0.01866977846607881
1959,Risk-Free Rate,0.05,Risk-Free Rate=0.05,Risk-Parity,MA,0.0155048458123099
1960,Risk-Free Rate,0.05,Risk-Free Rate=0.05,Risk-Parity,MU,0.011900750244455534
1961,Risk-Free Rate,0.05,Risk-Free Rate=0.05,Risk-Parity,T,0.025515401928349512
1962,Risk-Free Rate,0.05,Risk-Free Rate=0.05,Risk-Parity,JPM,0.015151701254201606
1963,Risk-Free Rate,0.05,Risk-Free Rate=0.05,Risk-Parity,JNJ,0.0349923384524694
1964,Risk-Free Rate,0.05,Risk-Free Rate=0.05,Risk-Parity,INTC,0.01667566084970474
1965,Risk-Free Rate,0.05,Risk-Free Rate=0.05,Risk-Parity,GE,0.01282955436701264
1966,Risk-Free Rate,0.05,Risk-Free Rate=0.05,Risk-Parity,MS,0.013769813463829573
1967,Risk-Free Rate,0.05,Risk-Free Rate=0.05,Risk-Parity,RTX,0.012602804537171353
1968,Risk-Free Rate,0.05,Risk-Free Rate=0.05,Risk-Parity,TXN,0.016018447168711415
1969,Risk-Free Rate,0.05,Risk-Free Rate=0.05,Risk-Parity,IBM,0.01728273155474373
1970,Risk-Free Rate,0.05,Risk-Free Rate=0.05,Risk-Parity,SPGI,0.023684232907650097
1971,Risk-Free Rate,0.05,Risk-Free Rate=0.05,Risk-Parity,LMT,0.025209213560091724
1972,Risk-Free Rate,0.05,Risk-Free Rate=0.05,Risk-Parity,ADP,0.019609801570974927
1973,Risk-Free Rate,0.05,Risk-Free Rate=0.05,Risk-Parity,COF,0.010756173398914295
1974,Risk-Free Rate,0.05,Risk-Free Rate=0.05,Risk-Parity,WDC,0.011470445936297041
1975,Risk-Free Rate,0.05,Risk-Free Rate=0.05,Risk-Parity,ABT,0.02836753115488068
1976,Risk-Free Rate,0.05,Risk-Free Rate=0.05,Risk-Parity,GILD,0.031506110545582104
1977,Risk-Free Rate,0.05,Risk-Free Rate=0.05,Risk-Parity,UNP,0.018053896754415922
1978,Risk-Free Rate,0.05,Risk-Free Rate=0.05,Risk-Parity,ADI,0.015008707639458232
1979,Risk-Free Rate,0.05,Risk-Free Rate=0.05,Risk-Parity,TMUS,0.022928281065205516
1980,Risk-Free Rate,0.05,Risk-Free Rate=0.05,Risk-Parity,MMM,0.02163033921714158
1981,Risk-Free Rate,0.05,Risk-Free Rate=0.05,Risk-Parity,ADBE,0.024943826415417675
1982,Risk-Free Rate,0.05,Risk-Free Rate=0.05,Risk-Parity,AXP,0.012199320291734823
1983,Risk-Free Rate,0.05,Risk-Free Rate=0.05,Risk-Parity,BA,0.008954878392627492
1984,Risk-Free Rate,0.05,Risk-Free Rate=0.05,Risk-Parity,CVX,0.013598308874144649
1985,Risk-Free Rate,0.05,Risk-Free Rate=0.05,Risk-Parity,CSCO,0.019523187035184752
1986,Risk-Free Rate,0.05,Risk-Free Rate=0.05,Risk-Parity,DD,0.0142509503165909
1987,Risk-Free Rate,0.05,Risk-Free Rate=0.05,Risk-Parity,XOM,0.012863434778466949
1988,Risk-Free Rate,0.05,Risk-Free Rate=0.05,Risk-Parity,FDX,0.014737623365755955
1989,Risk-Free Rate,0.05,Risk-Free Rate=0.05,Risk-Parity,GS,0.014973776858124222
1990,Risk-Free Rate,0.05,Risk-Free Rate=0.05,Risk-Parity,GM,0.01242991459508039
1991,Risk-Free Rate,0.05,Risk-Free Rate=0.05,Risk-Parity,HAS,0.019985986531873595
1992,Risk-Free Rate,0.05,Risk-Free Rate=0.05,Risk-Parity,JBL,0.011400970721071229
1993,Risk-Free Rate,0.05,Risk-Free Rate=0.05,Risk-Parity,KMB,0.056790263524080044
1994,Risk-Free Rate,0.05,Risk-Free Rate=0.05,Risk-Parity,KLAC,0.012775877279302916
1995,Risk-Free Rate,0.05,Risk-Free Rate=0.05,Risk-Parity,LOW,0.023169380326886896
1996,Risk-Free Rate,0.05,Risk-Free Rate=0.05,Risk-Parity,MKC,0.037240117028611255
1997,Risk-Free Rate,0.05,Risk-Free Rate=0.05,Risk-Parity,NEM,0.03666615987997123
1998,Risk-Free Rate,0.05,Risk-Free Rate=0.05,Risk-Parity,OLN,0.009481299809441656
1999,Risk-Free Rate,0.05,Risk-Free Rate=0.05,Risk-Parity,PH,0.012902844975215384
2000,Risk-Free Rate,0.08,Risk-Free Rate=0.08,Simulated (Max Sharpe Ratio),PPG,0.019201159773408118
2001,Risk-Free Rate,0.08,Risk-Free Rate=0.08,Simulated (Max Sharpe Ratio),DELL,0.05057210164892509
2002,Risk-Free Rate,0.08,Risk-Free Rate=0.08,Simulated (Max Sharpe Ratio),QCOM,0.010413154656483705
2003,Risk-Free Rate,0.08,Risk-Free Rate=0.08,Simulated (Max Sharpe Ratio),AMAT,0.08012884740033811
2004,Risk-Free Rate,0.08,Risk-Free Rate=0.08,Simulated (Max Sharpe Ratio),MRK,0.043251124925923444
2005,Risk-Free Rate,0.08,Risk-Free Rate=0.08,Simulated (Max Sharpe Ratio),AME,0.031152836704235132
2006,Risk-Free Rate,0.08,Risk-Free Rate=0.08,Simulated (Max Sharpe Ratio),PG,0.0030765093431973007
2007,Risk-Free Rate,0.08,Risk-Free Rate=0.08,Simulated (Max Sharpe Ratio),CL,0.003636855821866247
2008,Risk-Free Rate,0.08,Risk-Free Rate=0.08,Simulated (Max Sharpe Ratio),V,0.0030392863139295893
2009,Risk-Free Rate,0.08,Risk-Free Rate=0.08,Simulated (Max Sharpe Ratio),MA,0.006515484134835199
2010,Risk-Free Rate,0.08,Risk-Free Rate=0.08,Simulated (Max Sharpe Ratio),MU,0.05291146497379148
2011,Risk-Free Rate,0.08,Risk-Free Rate=0.08,Simulated (Max Sharpe Ratio),T,0.027731697626018813
2012,Risk-Free Rate,0.08,Risk-Free Rate=0.08,Simulated (Max Sharpe Ratio),JPM,0.013856899289263628
2013,Risk-Free Rate,0.08,Risk-Free Rate=0.08,Simulated (Max Sharpe Ratio),JNJ,0.0016812686379755904
2014,Risk-Free Rate,0.08,Risk-Free Rate=0.08,Simulated (Max Sharpe Ratio),INTC,0.004690650901993651
2015,Risk-Free Rate,0.08,Risk-Free Rate=0.08,Simulated (Max Sharpe Ratio),GE,0.0034257437555110302
2016,Risk-Free Rate,0.08,Risk-Free Rate=0.08,Simulated (Max Sharpe Ratio),MS,0.01663798288113049
2017,Risk-Free Rate,0.08,Risk-Free Rate=0.08,Simulated (Max Sharpe Ratio),RTX,8.839535119813353e-05
2018,Risk-Free Rate,0.08,Risk-Free Rate=0.08,Simulated (Max Sharpe Ratio),TXN,0.02411004357651416
2019,Risk-Free Rate,0.08,Risk-Free Rate=0.08,Simulated (Max Sharpe Ratio),IBM,0.0024211703998619155
2020,Risk-Free Rate,0.08,Risk-Free Rate=0.08,Simulated (Max Sharpe Ratio),SPGI,0.011864327060872737
2021,Risk-Free Rate,0.08,Risk-Free Rate=0.08,Simulated (Max Sharpe Ratio),LMT,0.016060089344810964
2022,Risk-Free Rate,0.08,Risk-Free Rate=0.08,Simulated (Max Sharpe Ratio),ADP,0.0017606226443828408
2023,Risk-Free Rate,0.08,Risk-Free Rate=0.08,Simulated (Max Sharpe Ratio),COF,0.032816290510533114
2024,Risk-Free Rate,0.08,Risk-Free Rate=0.08,Simulated (Max Sharpe Ratio),WDC,0.002595140966712654
2025,Risk-Free Rate,0.08,Risk-Free Rate=0.08,Simulated (Max Sharpe Ratio),ABT,0.06044003784693372
2026,Risk-Free Rate,0.08,Risk-Free Rate=0.08,Simulated (Max Sharpe Ratio),GILD,0.00730710277247789
2027,Risk-Free Rate,0.08,Risk-Free Rate=0.08,Simulated (Max Sharpe Ratio),UNP,0.0006932969960951653
2028,Risk-Free Rate,0.08,Risk-Free Rate=0.08,Simulated (Max Sharpe Ratio),ADI,0.00321926814519922
2029,Risk-Free Rate,0.08,Risk-Free Rate=0.08,Simulated (Max Sharpe Ratio),TMUS,0.07476859588111039
2030,Risk-Free Rate,0.08,Risk-Free Rate=0.08,Simulated (Max Sharpe Ratio),MMM,0.00014597529505257123
2031,Risk-Free Rate,0.08,Risk-Free Rate=0.08,Simulated (Max Sharpe Ratio),ADBE,0.0041787793859843275
2032,Risk-Free Rate,0.08,Risk-Free Rate=0.08,Simulated (Max Sharpe Ratio),AXP,0.01386724891781322
2033,Risk-Free Rate,0.08,Risk-Free Rate=0.08,Simulated (Max Sharpe Ratio),BA,0.0008597400722378921
2034,Risk-Free Rate,0.08,Risk-Free Rate=0.08,Simulated (Max Sharpe Ratio),CVX,0.010452101811707288
2035,Risk-Free Rate,0.08,Risk-Free Rate=0.08,Simulated (Max Sharpe Ratio),CSCO,0.0007097161949375331
2036,Risk-Free Rate,0.08,Risk-Free Rate=0.08,Simulated (Max Sharpe Ratio),DD,0.0563774884253772
2037,Risk-Free Rate,0.08,Risk-Free Rate=0.08,Simulated (Max Sharpe Ratio),XOM,0.008976461622981057
2038,Risk-Free Rate,0.08,Risk-Free Rate=0.08,Simulated (Max Sharpe Ratio),FDX,0.0025298995667370483
2039,Risk-Free Rate,0.08,Risk-Free Rate=0.08,Simulated (Max Sharpe Ratio),GS,0.011132558499749343
2040,Risk-Free Rate,0.08,Risk-Free Rate=0.08,Simulated (Max Sharpe Ratio),GM,0.017049103851761987
2041,Risk-Free Rate,0.08,Risk-Free Rate=0.08,Simulated (Max Sharpe Ratio),HAS,0.002438581624184565
2042,Risk-Free Rate,0.08,Risk-Free Rate=0.08,Simulated (Max Sharpe Ratio),JBL,0.001180226637261883
2043,Risk-Free Rate,0.08,Risk-Free Rate=0.08,Simulated (Max Sharpe Ratio),KMB,0.02483811601403746
2044,Risk-Free Rate,0.08,Risk-Free Rate=0.08,Simulated (Max Sharpe Ratio),KLAC,0.000569213503701526
2045,Risk-Free Rate,0.08,Risk-Free Rate=0.08,Simulated (Max Sharpe Ratio),LOW,0.08043631424699928
2046,Risk-Free Rate,0.08,Risk-Free Rate=0.08,Simulated (Max Sharpe Ratio),MKC,0.024280882476484
2047,Risk-Free Rate,0.08,Risk-Free Rate=0.08,Simulated (Max Sharpe Ratio),NEM,0.01211232300034533
2048,Risk-Free Rate,0.08,Risk-Free Rate=0.08,Simulated (Max Sharpe Ratio),OLN,0.06971730955157689
2049,Risk-Free Rate,0.08,Risk-Free Rate=0.08,Simulated (Max Sharpe Ratio),PH,0.048080509015539924
2050,Risk-Free Rate,0.08,Risk-Free Rate=0.08,Equal-Weight,PPG,0.02
2051,Risk-Free Rate,0.08,Risk-Free Rate=0.08,Equal-Weight,DELL,0.02
2052,Risk-Free Rate,0.08,Risk-Free Rate=0.08,Equal-Weight,QCOM,0.02
2053,Risk-Free Rate,0.08,Risk-Free Rate=0.08,Equal-Weight,AMAT,0.02
2054,Risk-Free Rate,0.08,Risk-Free Rate=0.08,Equal-Weight,MRK,0.02
2055,Risk-Free Rate,0.08,Risk-Free Rate=0.08,Equal-Weight,AME,0.02
2056,Risk-Free Rate,0.08,Risk-Free Rate=0.08,Equal-Weight,PG,0.02
2057,Risk-Free Rate,0.08,Risk-Free Rate=0.08,Equal-Weight,CL,0.02
2058,Risk-Free Rate,0.08,Risk-Free Rate=0.08,Equal-Weight,V,0.02
2059,Risk-Free Rate,0.08,Risk-Free Rate=0.08,Equal-Weight,MA,0.02
2060,Risk-Free Rate,0.08,Risk-Free Rate=0.08,Equal-Weight,MU,0.02
2061,Risk-Free Rate,0.08,Risk-Free Rate=0.08,Equal-Weight,T,0.02
2062,Risk-Free Rate,0.08,Risk-Free Rate=0.08,Equal-Weight,JPM,0.02
2063,Risk-Free Rate,0.08,Risk-Free Rate=0.08,Equal-Weight,JNJ,0.02
2064,Risk-Free Rate,0.08,Risk-Free Rate=0.08,Equal-Weight,INTC,0.02
2065,Risk-Free Rate,0.08,Risk-Free Rate=0.08,Equal-Weight,GE,0.02
2066,Risk-Free Rate,0.08,Risk-Free Rate=0.08,Equal-Weight,MS,0.02
2067,Risk-Free Rate,0.08,Risk-Free Rate=0.08,Equal-Weight,RTX,0.02
2068,Risk-Free Rate,0.08,Risk-Free Rate=0.08,Equal-Weight,TXN,0.02
2069,Risk-Free Rate,0.08,Risk-Free Rate=0.08,Equal-Weight,IBM,0.02
2070,Risk-Free Rate,0.08,Risk-Free Rate=0.08,Equal-Weight,SPGI,0.02
2071,Risk-Free Rate,0.08,Risk-Free Rate=0.08,Equal-Weight,LMT,0.02
2072,Risk-Free Rate,0.08,Risk-Free Rate=0.08,Equal-Weight,ADP,0.02
2073,Risk-Free Rate,0.08,Risk-Free Rate=0.08,Equal-Weight,COF,0.02
2074,Risk-Free Rate,0.08,Risk-Free Rate=0.08,Equal-Weight,WDC,0.02
2075,Risk-Free Rate,0.08,Risk-Free Rate=0.08,Equal-Weight,ABT,0.02
2076,Risk-Free Rate,0.08,Risk-Free Rate=0.08,Equal-Weight,GILD,0.02
2077,Risk-Free Rate,0.08,Risk-Free Rate=0.08,Equal-Weight,UNP,0.02
2078,Risk-Free Rate,0.08,Risk-Free Rate=0.08,Equal-Weight,ADI,0.02
2079,Risk-Free Rate,0.08,Risk-Free Rate=0.08,Equal-Weight,TMUS,0.02
2080,Risk-Free Rate,0.08,Risk-Free Rate=0.08,Equal-Weight,MMM,0.02
2081,Risk-Free Rate,0.08,Risk-Free Rate=0.08,Equal-Weight,ADBE,0.02
2082,Risk-Free Rate,0.08,Risk-Free Rate=0.08,Equal-Weight,AXP,0.02
2083,Risk-Free Rate,0.08,Risk-Free Rate=0.08,Equal-Weight,BA,0.02
2084,Risk-Free Rate,0.08,Risk-Free Rate=0.08,Equal-Weight,CVX,0.02
2085,Risk-Free Rate,0.08,Risk-Free Rate=0.08,Equal-Weight,CSCO,0.02
2086,Risk-Free Rate,0.08,Risk-Free Rate=0.08,Equal-Weight,DD,0.02
2087,Risk-Free Rate,0.08,Risk-Free Rate=0.08,Equal-Weight,XOM,0.02
2088,Risk-Free Rate,0.08,Risk-Free Rate=0.08,Equal-Weight,FDX,0.02
2089,Risk-Free Rate,0.08,Risk-Free Rate=0.08,Equal-Weight,GS,0.02
2090,Risk-Free Rate,0.08,Risk-Free Rate=0.08,Equal-Weight,GM,0.02
2091,Risk-Free Rate,0.08,Risk-Free Rate=0.08,Equal-Weight,HAS,0.02
2092,Risk-Free Rate,0.08,Risk-Free Rate=0.08,Equal-Weight,JBL,0.02
2093,Risk-Free Rate,0.08,Risk-Free Rate=0.08,Equal-Weight,KMB,0.02
2094,Risk-Free Rate,0.08,Risk-Free Rate=0.08,Equal-Weight,KLAC,0.02
2095,Risk-Free Rate,0.08,Risk-Free Rate=0.08,Equal-Weight,LOW,0.02
2096,Risk-Free Rate,0.08,Risk-Free Rate=0.08,Equal-Weight,MKC,0.02
2097,Risk-Free Rate,0.08,Risk-Free Rate=0.08,Equal-Weight,NEM,0.02
2098,Risk-Free Rate,0.08,Risk-Free Rate=0.08,Equal-Weight,OLN,0.02
2099,Risk-Free Rate,0.08,Risk-Free Rate=0.08,Equal-Weight,PH,0.02
2100,Risk-Free Rate,0.08,Risk-Free Rate=0.08,Markowitz,PPG,0.0
2101,Risk-Free Rate,0.08,Risk-Free Rate=0.08,Markowitz,DELL,0.3
2102,Risk-Free Rate,0.08,Risk-Free Rate=0.08,Markowitz,QCOM,0.0
2103,Risk-Free Rate,0.08,Risk-Free Rate=0.08,Markowitz,AMAT,0.17032
2104,Risk-Free Rate,0.08,Risk-Free Rate=0.08,Markowitz,MRK,0.0
2105,Risk-Free Rate,0.08,Risk-Free Rate=0.08,Markowitz,AME,0.0
2106,Risk-Free Rate,0.08,Risk-Free Rate=0.08,Markowitz,PG,0.0
2107,Risk-Free Rate,0.08,Risk-Free Rate=0.08,Markowitz,CL,0.0
2108,Risk-Free Rate,0.08,Risk-Free Rate=0.08,Markowitz,V,0.0
2109,Risk-Free Rate,0.08,Risk-Free Rate=0.08,Markowitz,MA,0.0
2110,Risk-Free Rate,0.08,Risk-Free Rate=0.08,Markowitz,MU,0.0
2111,Risk-Free Rate,0.08,Risk-Free Rate=0.08,Markowitz,T,0.0
2112,Risk-Free Rate,0.08,Risk-Free Rate=0.08,Markowitz,JPM,0.0
2113,Risk-Free Rate,0.08,Risk-Free Rate=0.08,Markowitz,JNJ,0.0
2114,Risk-Free Rate,0.08,Risk-Free Rate=0.08,Markowitz,INTC,0.0
2115,Risk-Free Rate,0.08,Risk-Free Rate=0.08,Markowitz,GE,0.0
2116,Risk-Free Rate,0.08,Risk-Free Rate=0.08,Markowitz,MS,0.02214
2117,Risk-Free Rate,0.08,Risk-Free Rate=0.08,Markowitz,RTX,0.0
2118,Risk-Free Rate,0.08,Risk-Free Rate=0.08,Markowitz,TXN,0.0
2119,Risk-Free Rate,0.08,Risk-Free Rate=0.08,Markowitz,IBM,0.0
2120,Risk-Free Rate,0.08,Risk-Free Rate=0.08,Markowitz,SPGI,0.0
2121,Risk-Free Rate,0.08,Risk-Free Rate=0.08,Markowitz,LMT,0.0
2122,Risk-Free Rate,0.08,Risk-Free Rate=0.08,Markowitz,ADP,0.0
2123,Risk-Free Rate,0.08,Risk-Free Rate=0.08,Markowitz,COF,0.0
2124,Risk-Free Rate,0.08,Risk-Free Rate=0.08,Markowitz,WDC,0.0
2125,Risk-Free Rate,0.08,Risk-Free Rate=0.08,Markowitz,ABT,0.0
2126,Risk-Free Rate,0.08,Risk-Free Rate=0.08,Markowitz,GILD,0.0
2127,Risk-Free Rate,0.08,Risk-Free Rate=0.08,Markowitz,UNP,0.0
2128,Risk-Free Rate,0.08,Risk-Free Rate=0.08,Markowitz,ADI,0.0
2129,Risk-Free Rate,0.08,Risk-Free Rate=0.08,Markowitz,TMUS,0.0
2130,Risk-Free Rate,0.08,Risk-Free Rate=0.08,Markowitz,MMM,0.0
2131,Risk-Free Rate,0.08,Risk-Free Rate=0.08,Markowitz,ADBE,0.0
2132,Risk-Free Rate,0.08,Risk-Free Rate=0.08,Markowitz,AXP,0.0
2133,Risk-Free Rate,0.08,Risk-Free Rate=0.08,Markowitz,BA,0.0
2134,Risk-Free Rate,0.08,Risk-Free Rate=0.08,Markowitz,CVX,0.0
2135,Risk-Free Rate,0.08,Risk-Free Rate=0.08,Markowitz,CSCO,0.0
2136,Risk-Free Rate,0.08,Risk-Free Rate=0.08,Markowitz,DD,0.0
2137,Risk-Free Rate,0.08,Risk-Free Rate=0.08,Markowitz,XOM,0.0
2138,Risk-Free Rate,0.08,Risk-Free Rate=0.08,Markowitz,FDX,0.09008
2139,Risk-Free Rate,0.08,Risk-Free Rate=0.08,Markowitz,GS,0.0
2140,Risk-Free Rate,0.08,Risk-Free Rate=0.08,Markowitz,GM,0.16818
2141,Risk-Free Rate,0.08,Risk-Free Rate=0.08,Markowitz,HAS,0.0
2142,Risk-Free Rate,0.08,Risk-Free Rate=0.08,Markowitz,JBL,0.0
2143,Risk-Free Rate,0.08,Risk-Free Rate=0.08,Markowitz,KMB,0.0
2144,Risk-Free Rate,0.08,Risk-Free Rate=0.08,Markowitz,KLAC,0.0
2145,Risk-Free Rate,0.08,Risk-Free Rate=0.08,Markowitz,LOW,0.2123
2146,Risk-Free Rate,0.08,Risk-Free Rate=0.08,Markowitz,MKC,0.0
2147,Risk-Free Rate,0.08,Risk-Free Rate=0.08,Markowitz,NEM,0.0
2148,Risk-Free Rate,0.08,Risk-Free Rate=0.08,Markowitz,OLN,0.03699
2149,Risk-Free Rate,0.08,Risk-Free Rate=0.08,Markowitz,PH,0.0
2150,Risk-Free Rate,0.08,Risk-Free Rate=0.08,Black-Litterman,PPG,0.0
2151,Risk-Free Rate,0.08,Risk-Free Rate=0.08,Black-Litterman,DELL,0.0
2152,Risk-Free Rate,0.08,Risk-Free Rate=0.08,Black-Litterman,QCOM,0.02346953060938781
2153,Risk-Free Rate,0.08,Risk-Free Rate=0.08,Black-Litterman,AMAT,0.0
2154,Risk-Free Rate,0.08,Risk-Free Rate=0.08,Black-Litterman,MRK,0.0
2155,Risk-Free Rate,0.08,Risk-Free Rate=0.08,Black-Litterman,AME,0.0
2156,Risk-Free Rate,0.08,Risk-Free Rate=0.08,Black-Litterman,PG,0.0
2157,Risk-Free Rate,0.08,Risk-Free Rate=0.08,Black-Litterman,CL,0.0
2158,Risk-Free Rate,0.08,Risk-Free Rate=0.08,Black-Litterman,V,0.09014819703605927
2159,Risk-Free Rate,0.08,Risk-Free Rate=0.08,Black-Litterman,MA,0.2737645247095058
2160,Risk-Free Rate,0.08,Risk-Free Rate=0.08,Black-Litterman,MU,0.11273774524509508
2161,Risk-Free Rate,0.08,Risk-Free Rate=0.08,Black-Litterman,T,0.0
2162,Risk-Free Rate,0.08,Risk-Free Rate=0.08,Black-Litterman,JPM,0.0
2163,Risk-Free Rate,0.08,Risk-Free Rate=0.08,Black-Litterman,JNJ,0.0
2164,Risk-Free Rate,0.08,Risk-Free Rate=0.08,Black-Litterman,INTC,0.0
2165,Risk-Free Rate,0.08,Risk-Free Rate=0.08,Black-Litterman,GE,0.19817603647927037
2166,Risk-Free Rate,0.08,Risk-Free Rate=0.08,Black-Litterman,MS,0.0
2167,Risk-Free Rate,0.08,Risk-Free Rate=0.08,Black-Litterman,RTX,0.0
2168,Risk-Free Rate,0.08,Risk-Free Rate=0.08,Black-Litterman,TXN,0.0
2169,Risk-Free Rate,0.08,Risk-Free Rate=0.08,Black-Litterman,IBM,0.0
2170,Risk-Free Rate,0.08,Risk-Free Rate=0.08,Black-Litterman,SPGI,0.03318933621327573
2171,Risk-Free Rate,0.08,Risk-Free Rate=0.08,Black-Litterman,LMT,0.0
2172,Risk-Free Rate,0.08,Risk-Free Rate=0.08,Black-Litterman,ADP,0.0
2173,Risk-Free Rate,0.08,Risk-Free Rate=0.08,Black-Litterman,COF,0.0
2174,Risk-Free Rate,0.08,Risk-Free Rate=0.08,Black-Litterman,WDC,0.0
2175,Risk-Free Rate,0.08,Risk-Free Rate=0.08,Black-Litterman,ABT,0.0
2176,Risk-Free Rate,0.08,Risk-Free Rate=0.08,Black-Litterman,GILD,0.0
2177,Risk-Free Rate,0.08,Risk-Free Rate=0.08,Black-Litterman,UNP,0.0
2178,Risk-Free Rate,0.08,Risk-Free Rate=0.08,Black-Litterman,ADI,0.0
2179,Risk-Free Rate,0.08,Risk-Free Rate=0.08,Black-Litterman,TMUS,0.002699946001079978
2180,Risk-Free Rate,0.08,Risk-Free Rate=0.08,Black-Litterman,MMM,0.0
2181,Risk-Free Rate,0.08,Risk-Free Rate=0.08,Black-Litterman,ADBE,0.17568648627027458
2182,Risk-Free Rate,0.08,Risk-Free Rate=0.08,Black-Litterman,AXP,0.0
2183,Risk-Free Rate,0.08,Risk-Free Rate=0.08,Black-Litterman,BA,0.0621887562248755
2184,Risk-Free Rate,0.08,Risk-Free Rate=0.08,Black-Litterman,CVX,0.0
2185,Risk-Free Rate,0.08,Risk-Free Rate=0.08,Black-Litterman,CSCO,0.0
2186,Risk-Free Rate,0.08,Risk-Free Rate=0.08,Black-Litterman,DD,0.0
2187,Risk-Free Rate,0.08,Risk-Free Rate=0.08,Black-Litterman,XOM,0.0
2188,Risk-Free Rate,0.08,Risk-Free Rate=0.08,Black-Litterman,FDX,0.0
2189,Risk-Free Rate,0.08,Risk-Free Rate=0.08,Black-Litterman,GS,0.0
2190,Risk-Free Rate,0.08,Risk-Free Rate=0.08,Black-Litterman,GM,0.0
2191,Risk-Free Rate,0.08,Risk-Free Rate=0.08,Black-Litterman,HAS,0.0
2192,Risk-Free Rate,0.08,Risk-Free Rate=0.08,Black-Litterman,JBL,0.0
2193,Risk-Free Rate,0.08,Risk-Free Rate=0.08,Black-Litterman,KMB,0.0
2194,Risk-Free Rate,0.08,Risk-Free Rate=0.08,Black-Litterman,KLAC,0.027939441211175774
2195,Risk-Free Rate,0.08,Risk-Free Rate=0.08,Black-Litterman,LOW,0.0
2196,Risk-Free Rate,0.08,Risk-Free Rate=0.08,Black-Litterman,MKC,0.0
2197,Risk-Free Rate,0.08,Risk-Free Rate=0.08,Black-Litterman,NEM,0.0
2198,Risk-Free Rate,0.08,Risk-Free Rate=0.08,Black-Litterman,OLN,0.0
2199,Risk-Free Rate,0.08,Risk-Free Rate=0.08,Black-Litterman,PH,0.0
2200,Risk-Free Rate,0.08,Risk-Free Rate=0.08,Risk-Parity,PPG,0.015865521817698673
2201,Risk-Free Rate,0.08,Risk-Free Rate=0.08,Risk-Parity,DELL,0.01840907479015111
2202,Risk-Free Rate,0.08,Risk-Free Rate=0.08,Risk-Parity,QCOM,0.015482686772706986
2203,Risk-Free Rate,0.08,Risk-Free Rate=0.08,Risk-Parity,AMAT,0.012009051503759888
2204,Risk-Free Rate,0.08,Risk-Free Rate=0.08,Risk-Parity,MRK,0.03211406332843486
2205,Risk-Free Rate,0.08,Risk-Free Rate=0.08,Risk-Parity,AME,0.016980319601065136
2206,Risk-Free Rate,0.08,Risk-Free Rate=0.08,Risk-Parity,PG,0.037799592416640715
2207,Risk-Free Rate,0.08,Risk-Free Rate=0.08,Risk-Parity,CL,0.04331300692031018
2208,Risk-Free Rate,0.08,Risk-Free Rate=0.08,Risk-Parity,V,0.01866977846607881
2209,Risk-Free Rate,0.08,Risk-Free Rate=0.08,Risk-Parity,MA,0.0155048458123099
2210,Risk-Free Rate,0.08,Risk-Free Rate=0.08,Risk-Parity,MU,0.011900750244455534
2211,Risk-Free Rate,0.08,Risk-Free Rate=0.08,Risk-Parity,T,0.025515401928349512
2212,Risk-Free Rate,0.08,Risk-Free Rate=0.08,Risk-Parity,JPM,0.015151701254201606
2213,Risk-Free Rate,0.08,Risk-Free Rate=0.08,Risk-Parity,JNJ,0.0349923384524694
2214,Risk-Free Rate,0.08,Risk-Free Rate=0.08,Risk-Parity,INTC,0.01667566084970474
2215,Risk-Free Rate,0.08,Risk-Free Rate=0.08,Risk-Parity,GE,0.01282955436701264
2216,Risk-Free Rate,0.08,Risk-Free Rate=0.08,Risk-Parity,MS,0.013769813463829573
2217,Risk-Free Rate,0.08,Risk-Free Rate=0.08,Risk-Parity,RTX,0.012602804537171353
2218,Risk-Free Rate,0.08,Risk-Free Rate=0.08,Risk-Parity,TXN,0.016018447168711415
2219,Risk-Free Rate,0.08,Risk-Free Rate=0.08,Risk-Parity,IBM,0.01728273155474373
2220,Risk-Free Rate,0.08,Risk-Free Rate=0.08,Risk-Parity,SPGI,0.023684232907650097
2221,Risk-Free Rate,0.08,Risk-Free Rate=0.08,Risk-Parity,LMT,0.025209213560091724
2222,Risk-Free Rate,0.08,Risk-Free Rate=0.08,Risk-Parity,ADP,0.019609801570974927
2223,Risk-Free Rate,0.08,Risk-Free Rate=0.08,Risk-Parity,COF,0.010756173398914295
2224,Risk-Free Rate,0.08,Risk-Free Rate=0.08,Risk-Parity,WDC,0.011470445936297041
2225,Risk-Free Rate,0.08,Risk-Free Rate=0.08,Risk-Parity,ABT,0.02836753115488068
2226,Risk-Free Rate,0.08,Risk-Free Rate=0.08,Risk-Parity,GILD,0.031506110545582104
2227,Risk-Free Rate,0.08,Risk-Free Rate=0.08,Risk-Parity,UNP,0.018053896754415922
2228,Risk-Free Rate,0.08,Risk-Free Rate=0.08,Risk-Parity,ADI,0.015008707639458232
2229,Risk-Free Rate,0.08,Risk-Free Rate=0.08,Risk-Parity,TMUS,0.022928281065205516
2230,Risk-Free Rate,0.08,Risk-Free Rate=0.08,Risk-Parity,MMM,0.02163033921714158
2231,Risk-Free Rate,0.08,Risk-Free Rate=0.08,Risk-Parity,ADBE,0.024943826415417675
2232,Risk-Free Rate,0.08,Risk-Free Rate=0.08,Risk-Parity,AXP,0.012199320291734823
2233,Risk-Free Rate,0.08,Risk-Free Rate=0.08,Risk-Parity,BA,0.008954878392627492
2234,Risk-Free Rate,0.08,Risk-Free Rate=0.08,Risk-Parity,CVX,0.013598308874144649
2235,Risk-Free Rate,0.08,Risk-Free Rate=0.08,Risk-Parity,CSCO,0.019523187035184752
2236,Risk-Free Rate,0.08,Risk-Free Rate=0.08,Risk-Parity,DD,0.0142509503165909
2237,Risk-Free Rate,0.08,Risk-Free Rate=0.08,Risk-Parity,XOM,0.012863434778466949
2238,Risk-Free Rate,0.08,Risk-Free Rate=0.08,Risk-Parity,FDX,0.014737623365755955
2239,Risk-Free Rate,0.08,Risk-Free Rate=0.08,Risk-Parity,GS,0.014973776858124222
2240,Risk-Free Rate,0.08,Risk-Free Rate=0.08,Risk-Parity,GM,0.01242991459508039
2241,Risk-Free Rate,0.08,Risk-Free Rate=0.08,Risk-Parity,HAS,0.019985986531873595
2242,Risk-Free Rate,0.08,Risk-Free Rate=0.08,Risk-Parity,JBL,0.011400970721071229
2243,Risk-Free Rate,0.08,Risk-Free Rate=0.08,Risk-Parity,KMB,0.056790263524080044
2244,Risk-Free Rate,0.08,Risk-Free Rate=0.08,Risk-Parity,KLAC,0.012775877279302916
2245,Risk-Free Rate,0.08,Risk-Free Rate=0.08,Risk-Parity,LOW,0.023169380326886896
2246,Risk-Free Rate,0.08,Risk-Free Rate=0.08,Risk-Parity,MKC,0.037240117028611255
2247,Risk-Free Rate,0.08,Risk-Free Rate=0.08,Risk-Parity,NEM,0.03666615987997123
2248,Risk-Free Rate,0.08,Risk-Free Rate=0.08,Risk-Parity,OLN,0.009481299809441656
2249,Risk-Free Rate,0.08,Risk-Free Rate=0.08,Risk-Parity,PH,0.012902844975215384
2250,Monte Carlo Simulations,5000.0,Monte Carlo Simulations=5000,Simulated (Max Sharpe Ratio),PPG,0.012251340658814622
2251,Monte Carlo Simulations,5000.0,Monte Carlo Simulations=5000,Simulated (Max Sharpe Ratio),DELL,0.0759978220577422
2252,Monte Carlo Simulations,5000.0,Monte Carlo Simulations=5000,Simulated (Max Sharpe Ratio),QCOM,0.003606602968539402
2253,Monte Carlo Simulations,5000.0,Monte Carlo Simulations=5000,Simulated (Max Sharpe Ratio),AMAT,0.18549765443470378
2254,Monte Carlo Simulations,5000.0,Monte Carlo Simulations=5000,Simulated (Max Sharpe Ratio),MRK,0.014624145069685523
2255,Monte Carlo Simulations,5000.0,Monte Carlo Simulations=5000,Simulated (Max Sharpe Ratio),AME,0.028158412378678048
2256,Monte Carlo Simulations,5000.0,Monte Carlo Simulations=5000,Simulated (Max Sharpe Ratio),PG,0.0018242082350373894
2257,Monte Carlo Simulations,5000.0,Monte Carlo Simulations=5000,Simulated (Max Sharpe Ratio),CL,0.011946500475837604
2258,Monte Carlo Simulations,5000.0,Monte Carlo Simulations=5000,Simulated (Max Sharpe Ratio),V,0.00906882452468563
2259,Monte Carlo Simulations,5000.0,Monte Carlo Simulations=5000,Simulated (Max Sharpe Ratio),MA,0.04290691712125789
2260,Monte Carlo Simulations,5000.0,Monte Carlo Simulations=5000,Simulated (Max Sharpe Ratio),MU,0.00220819406850811
2261,Monte Carlo Simulations,5000.0,Monte Carlo Simulations=5000,Simulated (Max Sharpe Ratio),T,0.010139231639782916
2262,Monte Carlo Simulations,5000.0,Monte Carlo Simulations=5000,Simulated (Max Sharpe Ratio),JPM,0.01207129620188739
2263,Monte Carlo Simulations,5000.0,Monte Carlo Simulations=5000,Simulated (Max Sharpe Ratio),JNJ,0.00870711515025071
2264,Monte Carlo Simulations,5000.0,Monte Carlo Simulations=5000,Simulated (Max Sharpe Ratio),INTC,0.0033385712064063875
2265,Monte Carlo Simulations,5000.0,Monte Carlo Simulations=5000,Simulated (Max Sharpe Ratio),GE,0.06743338651018621
2266,Monte Carlo Simulations,5000.0,Monte Carlo Simulations=5000,Simulated (Max Sharpe Ratio),MS,0.00232542002880006
2267,Monte Carlo Simulations,5000.0,Monte Carlo Simulations=5000,Simulated (Max Sharpe Ratio),RTX,0.00025646579224331657
2268,Monte Carlo Simulations,5000.0,Monte Carlo Simulations=5000,Simulated (Max Sharpe Ratio),TXN,0.015253683973301964
2269,Monte Carlo Simulations,5000.0,Monte Carlo Simulations=5000,Simulated (Max Sharpe Ratio),IBM,0.030462180499800626
2270,Monte Carlo Simulations,5000.0,Monte Carlo Simulations=5000,Simulated (Max Sharpe Ratio),SPGI,0.03656748999978449
2271,Monte Carlo Simulations,5000.0,Monte Carlo Simulations=5000,Simulated (Max Sharpe Ratio),LMT,0.00098512060193479
2272,Monte Carlo Simulations,5000.0,Monte Carlo Simulations=5000,Simulated (Max Sharpe Ratio),ADP,0.025463029544105256
2273,Monte Carlo Simulations,5000.0,Monte Carlo Simulations=5000,Simulated (Max Sharpe Ratio),COF,0.01565443451409303
2274,Monte Carlo Simulations,5000.0,Monte Carlo Simulations=5000,Simulated (Max Sharpe Ratio),WDC,0.008592215832632397
2275,Monte Carlo Simulations,5000.0,Monte Carlo Simulations=5000,Simulated (Max Sharpe Ratio),ABT,0.009176718467746056
2276,Monte Carlo Simulations,5000.0,Monte Carlo Simulations=5000,Simulated (Max Sharpe Ratio),GILD,0.022430802869072147
2277,Monte Carlo Simulations,5000.0,Monte Carlo Simulations=5000,Simulated (Max Sharpe Ratio),UNP,0.009452628774331555
2278,Monte Carlo Simulations,5000.0,Monte Carlo Simulations=5000,Simulated (Max Sharpe Ratio),ADI,0.02260207449206237
2279,Monte Carlo Simulations,5000.0,Monte Carlo Simulations=5000,Simulated (Max Sharpe Ratio),TMUS,0.0015251431965082175
2280,Monte Carlo Simulations,5000.0,Monte Carlo Simulations=5000,Simulated (Max Sharpe Ratio),MMM,0.026165977844325724
2281,Monte Carlo Simulations,5000.0,Monte Carlo Simulations=5000,Simulated (Max Sharpe Ratio),ADBE,0.015225107008797714
2282,Monte Carlo Simulations,5000.0,Monte Carlo Simulations=5000,Simulated (Max Sharpe Ratio),AXP,0.031219311664476307
2283,Monte Carlo Simulations,5000.0,Monte Carlo Simulations=5000,Simulated (Max Sharpe Ratio),BA,0.01572086044345872
2284,Monte Carlo Simulations,5000.0,Monte Carlo Simulations=5000,Simulated (Max Sharpe Ratio),CVX,0.006540526094382404
2285,Monte Carlo Simulations,5000.0,Monte Carlo Simulations=5000,Simulated (Max Sharpe Ratio),CSCO,0.020559652309100358
2286,Monte Carlo Simulations,5000.0,Monte Carlo Simulations=5000,Simulated (Max Sharpe Ratio),DD,0.004903801042848701
2287,Monte Carlo Simulations,5000.0,Monte Carlo Simulations=5000,Simulated (Max Sharpe Ratio),XOM,0.0012366899664092259
2288,Monte Carlo Simulations,5000.0,Monte Carlo Simulations=5000,Simulated (Max Sharpe Ratio),FDX,0.013961666255546267
2289,Monte Carlo Simulations,5000.0,Monte Carlo Simulations=5000,Simulated (Max Sharpe Ratio),GS,0.01189885818081043
2290,Monte Carlo Simulations,5000.0,Monte Carlo Simulations=5000,Simulated (Max Sharpe Ratio),GM,0.04374271550858036
2291,Monte Carlo Simulations,5000.0,Monte Carlo Simulations=5000,Simulated (Max Sharpe Ratio),HAS,0.01464091248936894
2292,Monte Carlo Simulations,5000.0,Monte Carlo Simulations=5000,Simulated (Max Sharpe Ratio),JBL,0.008500236687065132
2293,Monte Carlo Simulations,5000.0,Monte Carlo Simulations=5000,Simulated (Max Sharpe Ratio),KMB,0.005726754998990304
2294,Monte Carlo Simulations,5000.0,Monte Carlo Simulations=5000,Simulated (Max Sharpe Ratio),KLAC,0.02076387822738644
2295,Monte Carlo Simulations,5000.0,Monte Carlo Simulations=5000,Simulated (Max Sharpe Ratio),LOW,0.006748737072521607
2296,Monte Carlo Simulations,5000.0,Monte Carlo Simulations=5000,Simulated (Max Sharpe Ratio),MKC,0.02217511612302898
2297,Monte Carlo Simulations,5000.0,Monte Carlo Simulations=5000,Simulated (Max Sharpe Ratio),NEM,0.0027424878758304503
2298,Monte Carlo Simulations,5000.0,Monte Carlo Simulations=5000,Simulated (Max Sharpe Ratio),OLN,0.03271178319359233
2299,Monte Carlo Simulations,5000.0,Monte Carlo Simulations=5000,Simulated (Max Sharpe Ratio),PH,0.0042872957250597084
2300,Monte Carlo Simulations,5000.0,Monte Carlo Simulations=5000,Equal-Weight,PPG,0.02
2301,Monte Carlo Simulations,5000.0,Monte Carlo Simulations=5000,Equal-Weight,DELL,0.02
2302,Monte Carlo Simulations,5000.0,Monte Carlo Simulations=5000,Equal-Weight,QCOM,0.02
2303,Monte Carlo Simulations,5000.0,Monte Carlo Simulations=5000,Equal-Weight,AMAT,0.02
2304,Monte Carlo Simulations,5000.0,Monte Carlo Simulations=5000,Equal-Weight,MRK,0.02
2305,Monte Carlo Simulations,5000.0,Monte Carlo Simulations=5000,Equal-Weight,AME,0.02
2306,Monte Carlo Simulations,5000.0,Monte Carlo Simulations=5000,Equal-Weight,PG,0.02
2307,Monte Carlo Simulations,5000.0,Monte Carlo Simulations=5000,Equal-Weight,CL,0.02
2308,Monte Carlo Simulations,5000.0,Monte Carlo Simulations=5000,Equal-Weight,V,0.02
2309,Monte Carlo Simulations,5000.0,Monte Carlo Simulations=5000,Equal-Weight,MA,0.02
2310,Monte Carlo Simulations,5000.0,Monte Carlo Simulations=5000,Equal-Weight,MU,0.02
2311,Monte Carlo Simulations,5000.0,Monte Carlo Simulations=5000,Equal-Weight,T,0.02
2312,Monte Carlo Simulations,5000.0,Monte Carlo Simulations=5000,Equal-Weight,JPM,0.02
2313,Monte Carlo Simulations,5000.0,Monte Carlo Simulations=5000,Equal-Weight,JNJ,0.02
2314,Monte Carlo Simulations,5000.0,Monte Carlo Simulations=5000,Equal-Weight,INTC,0.02
2315,Monte Carlo Simulations,5000.0,Monte Carlo Simulations=5000,Equal-Weight,GE,0.02
2316,Monte Carlo Simulations,5000.0,Monte Carlo Simulations=5000,Equal-Weight,MS,0.02
2317,Monte Carlo Simulations,5000.0,Monte Carlo Simulations=5000,Equal-Weight,RTX,0.02
2318,Monte Carlo Simulations,5000.0,Monte Carlo Simulations=5000,Equal-Weight,TXN,0.02
2319,Monte Carlo Simulations,5000.0,Monte Carlo Simulations=5000,Equal-Weight,IBM,0.02
2320,Monte Carlo Simulations,5000.0,Monte Carlo Simulations=5000,Equal-Weight,SPGI,0.02
2321,Monte Carlo Simulations,5000.0,Monte Carlo Simulations=5000,Equal-Weight,LMT,0.02
2322,Monte Carlo Simulations,5000.0,Monte Carlo Simulations=5000,Equal-Weight,ADP,0.02
2323,Monte Carlo Simulations,5000.0,Monte Carlo Simulations=5000,Equal-Weight,COF,0.02
2324,Monte Carlo Simulations,5000.0,Monte Carlo Simulations=5000,Equal-Weight,WDC,0.02
2325,Monte Carlo Simulations,5000.0,Monte Carlo Simulations=5000,Equal-Weight,ABT,0.02
2326,Monte Carlo Simulations,5000.0,Monte Carlo Simulations=5000,Equal-Weight,GILD,0.02
2327,Monte Carlo Simulations,5000.0,Monte Carlo Simulations=5000,Equal-Weight,UNP,0.02
2328,Monte Carlo Simulations,5000.0,Monte Carlo Simulations=5000,Equal-Weight,ADI,0.02
2329,Monte Carlo Simulations,5000.0,Monte Carlo Simulations=5000,Equal-Weight,TMUS,0.02
2330,Monte Carlo Simulations,5000.0,Monte Carlo Simulations=5000,Equal-Weight,MMM,0.02
2331,Monte Carlo Simulations,5000.0,Monte Carlo Simulations=5000,Equal-Weight,ADBE,0.02
2332,Monte Carlo Simulations,5000.0,Monte Carlo Simulations=5000,Equal-Weight,AXP,0.02
2333,Monte Carlo Simulations,5000.0,Monte Carlo Simulations=5000,Equal-Weight,BA,0.02
2334,Monte Carlo Simulations,5000.0,Monte Carlo Simulations=5000,Equal-Weight,CVX,0.02
2335,Monte Carlo Simulations,5000.0,Monte Carlo Simulations=5000,Equal-Weight,CSCO,0.02
2336,Monte Carlo Simulations,5000.0,Monte Carlo Simulations=5000,Equal-Weight,DD,0.02
2337,Monte Carlo Simulations,5000.0,Monte Carlo Simulations=5000,Equal-Weight,XOM,0.02
2338,Monte Carlo Simulations,5000.0,Monte Carlo Simulations=5000,Equal-Weight,FDX,0.02
2339,Monte Carlo Simulations,5000.0,Monte Carlo Simulations=5000,Equal-Weight,GS,0.02
2340,Monte Carlo Simulations,5000.0,Monte Carlo Simulations=5000,Equal-Weight,GM,0.02
2341,Monte Carlo Simulations,5000.0,Monte Carlo Simulations=5000,Equal-Weight,HAS,0.02
2342,Monte Carlo Simulations,5000.0,Monte Carlo Simulations=5000,Equal-Weight,JBL,0.02
2343,Monte Carlo Simulations,5000.0,Monte Carlo Simulations=5000,Equal-Weight,KMB,0.02
2344,Monte Carlo Simulations,5000.0,Monte Carlo Simulations=5000,Equal-Weight,KLAC,0.02
2345,Monte Carlo Simulations,5000.0,Monte Carlo Simulations=5000,Equal-Weight,LOW,0.02
2346,Monte Carlo Simulations,5000.0,Monte Carlo Simulations=5000,Equal-Weight,MKC,0.02
2347,Monte Carlo Simulations,5000.0,Monte Carlo Simulations=5000,Equal-Weight,NEM,0.02
2348,Monte Carlo Simulations,5000.0,Monte Carlo Simulations=5000,Equal-Weight,OLN,0.02
2349,Monte Carlo Simulations,5000.0,Monte Carlo Simulations=5000,Equal-Weight,PH,0.02
2350,Monte Carlo Simulations,5000.0,Monte Carlo Simulations=5000,Markowitz,PPG,0.0
2351,Monte Carlo Simulations,5000.0,Monte Carlo Simulations=5000,Markowitz,DELL,0.3
2352,Monte Carlo Simulations,5000.0,Monte Carlo Simulations=5000,Markowitz,QCOM,0.0
2353,Monte Carlo Simulations,5000.0,Monte Carlo Simulations=5000,Markowitz,AMAT,0.16571
2354,Monte Carlo Simulations,5000.0,Monte Carlo Simulations=5000,Markowitz,MRK,0.0
2355,Monte Carlo Simulations,5000.0,Monte Carlo Simulations=5000,Markowitz,AME,0.0
2356,Monte Carlo Simulations,5000.0,Monte Carlo Simulations=5000,Markowitz,PG,0.0
2357,Monte Carlo Simulations,5000.0,Monte Carlo Simulations=5000,Markowitz,CL,0.0
2358,Monte Carlo Simulations,5000.0,Monte Carlo Simulations=5000,Markowitz,V,0.0
2359,Monte Carlo Simulations,5000.0,Monte Carlo Simulations=5000,Markowitz,MA,0.0
2360,Monte Carlo Simulations,5000.0,Monte Carlo Simulations=5000,Markowitz,MU,0.0
2361,Monte Carlo Simulations,5000.0,Monte Carlo Simulations=5000,Markowitz,T,0.0
2362,Monte Carlo Simulations,5000.0,Monte Carlo Simulations=5000,Markowitz,JPM,0.0
2363,Monte Carlo Simulations,5000.0,Monte Carlo Simulations=5000,Markowitz,JNJ,0.0
2364,Monte Carlo Simulations,5000.0,Monte Carlo Simulations=5000,Markowitz,INTC,0.0
2365,Monte Carlo Simulations,5000.0,Monte Carlo Simulations=5000,Markowitz,GE,0.0
2366,Monte Carlo Simulations,5000.0,Monte Carlo Simulations=5000,Markowitz,MS,0.02795
2367,Monte Carlo Simulations,5000.0,Monte Carlo Simulations=5000,Markowitz,RTX,0.0
2368,Monte Carlo Simulations,5000.0,Monte Carlo Simulations=5000,Markowitz,TXN,0.0
2369,Monte Carlo Simulations,5000.0,Monte Carlo Simulations=5000,Markowitz,IBM,0.0
2370,Monte Carlo Simulations,5000.0,Monte Carlo Simulations=5000,Markowitz,SPGI,0.0
2371,Monte Carlo Simulations,5000.0,Monte Carlo Simulations=5000,Markowitz,LMT,0.0
2372,Monte Carlo Simulations,5000.0,Monte Carlo Simulations=5000,Markowitz,ADP,0.0
2373,Monte Carlo Simulations,5000.0,Monte Carlo Simulations=5000,Markowitz,COF,0.0
2374,Monte Carlo Simulations,5000.0,Monte Carlo Simulations=5000,Markowitz,WDC,0.0
2375,Monte Carlo Simulations,5000.0,Monte Carlo Simulations=5000,Markowitz,ABT,0.0
2376,Monte Carlo Simulations,5000.0,Monte Carlo Simulations=5000,Markowitz,GILD,0.0
2377,Monte Carlo Simulations,5000.0,Monte Carlo Simulations=5000,Markowitz,UNP,0.0
2378,Monte Carlo Simulations,5000.0,Monte Carlo Simulations=5000,Markowitz,ADI,0.0
2379,Monte Carlo Simulations,5000.0,Monte Carlo Simulations=5000,Markowitz,TMUS,0.0
2380,Monte Carlo Simulations,5000.0,Monte Carlo Simulations=5000,Markowitz,MMM,0.0
2381,Monte Carlo Simulations,5000.0,Monte Carlo Simulations=5000,Markowitz,ADBE,0.0
2382,Monte Carlo Simulations,5000.0,Monte Carlo Simulations=5000,Markowitz,AXP,0.0
2383,Monte Carlo Simulations,5000.0,Monte Carlo Simulations=5000,Markowitz,BA,0.0
2384,Monte Carlo Simulations,5000.0,Monte Carlo Simulations=5000,Markowitz,CVX,0.0
2385,Monte Carlo Simulations,5000.0,Monte Carlo Simulations=5000,Markowitz,CSCO,0.0
2386,Monte Carlo Simulations,5000.0,Monte Carlo Simulations=5000,Markowitz,DD,0.0
2387,Monte Carlo Simulations,5000.0,Monte Carlo Simulations=5000,Markowitz,XOM,0.0
2388,Monte Carlo Simulations,5000.0,Monte Carlo Simulations=5000,Markowitz,FDX,0.08911
2389,Monte Carlo Simulations,5000.0,Monte Carlo Simulations=5000,Markowitz,GS,0.0
2390,Monte Carlo Simulations,5000.0,Monte Carlo Simulations=5000,Markowitz,GM,0.16398
2391,Monte Carlo Simulations,5000.0,Monte Carlo Simulations=5000,Markowitz,HAS,0.0
2392,Monte Carlo Simulations,5000.0,Monte Carlo Simulations=5000,Markowitz,JBL,0.0
2393,Monte Carlo Simulations,5000.0,Monte Carlo Simulations=5000,Markowitz,KMB,0.0
2394,Monte Carlo Simulations,5000.0,Monte Carlo Simulations=5000,Markowitz,KLAC,0.0
2395,Monte Carlo Simulations,5000.0,Monte Carlo Simulations=5000,Markowitz,LOW,0.21878
2396,Monte Carlo Simulations,5000.0,Monte Carlo Simulations=5000,Markowitz,MKC,0.0
2397,Monte Carlo Simulations,5000.0,Monte Carlo Simulations=5000,Markowitz,NEM,0.0
2398,Monte Carlo Simulations,5000.0,Monte Carlo Simulations=5000,Markowitz,OLN,0.03447
2399,Monte Carlo Simulations,5000.0,Monte Carlo Simulations=5000,Markowitz,PH,0.0
2400,Monte Carlo Simulations,5000.0,Monte Carlo Simulations=5000,Black-Litterman,PPG,0.0
2401,Monte Carlo Simulations,5000.0,Monte Carlo Simulations=5000,Black-Litterman,DELL,0.03340933181336373
2402,Monte Carlo Simulations,5000.0,Monte Carlo Simulations=5000,Black-Litterman,QCOM,0.021599568008639825
2403,Monte Carlo Simulations,5000.0,Monte Carlo Simulations=5000,Black-Litterman,AMAT,0.0
2404,Monte Carlo Simulations,5000.0,Monte Carlo Simulations=5000,Black-Litterman,MRK,0.020189596208075835
2405,Monte Carlo Simulations,5000.0,Monte Carlo Simulations=5000,Black-Litterman,AME,0.0
2406,Monte Carlo Simulations,5000.0,Monte Carlo Simulations=5000,Black-Litterman,PG,0.0
2407,Monte Carlo Simulations,5000.0,Monte Carlo Simulations=5000,Black-Litterman,CL,0.0
2408,Monte Carlo Simulations,5000.0,Monte Carlo Simulations=5000,Black-Litterman,V,0.1594868102637947
2409,Monte Carlo Simulations,5000.0,Monte Carlo Simulations=5000,Black-Litterman,MA,0.09093818123637526
2410,Monte Carlo Simulations,5000.0,Monte Carlo Simulations=5000,Black-Litterman,MU,0.05113897722045558
2411,Monte Carlo Simulations,5000.0,Monte Carlo Simulations=5000,Black-Litterman,T,0.0
2412,Monte Carlo Simulations,5000.0,Monte Carlo Simulations=5000,Black-Litterman,JPM,0.0
2413,Monte Carlo Simulations,5000.0,Monte Carlo Simulations=5000,Black-Litterman,JNJ,0.0
2414,Monte Carlo Simulations,5000.0,Monte Carlo Simulations=5000,Black-Litterman,INTC,0.01703965920681586
2415,Monte Carlo Simulations,5000.0,Monte Carlo Simulations=5000,Black-Litterman,GE,0.1569568608627827
2416,Monte Carlo Simulations,5000.0,Monte Carlo Simulations=5000,Black-Litterman,MS,0.0
2417,Monte Carlo Simulations,5000.0,Monte Carlo Simulations=5000,Black-Litterman,RTX,0.0
2418,Monte Carlo Simulations,5000.0,Monte Carlo Simulations=5000,Black-Litterman,TXN,0.0
2419,Monte Carlo Simulations,5000.0,Monte Carlo Simulations=5000,Black-Litterman,IBM,0.0
2420,Monte Carlo Simulations,5000.0,Monte Carlo Simulations=5000,Black-Litterman,SPGI,0.0738785224295514
2421,Monte Carlo Simulations,5000.0,Monte Carlo Simulations=5000,Black-Litterman,LMT,0.0
2422,Monte Carlo Simulations,5000.0,Monte Carlo Simulations=5000,Black-Litterman,ADP,0.0
2423,Monte Carlo Simulations,5000.0,Monte Carlo Simulations=5000,Black-Litterman,COF,0.0
2424,Monte Carlo Simulations,5000.0,Monte Carlo Simulations=5000,Black-Litterman,WDC,0.0
2425,Monte Carlo Simulations,5000.0,Monte Carlo Simulations=5000,Black-Litterman,ABT,0.005729885402291953
2426,Monte Carlo Simulations,5000.0,Monte Carlo Simulations=5000,Black-Litterman,GILD,0.01613967720645587
2427,Monte Carlo Simulations,5000.0,Monte Carlo Simulations=5000,Black-Litterman,UNP,0.0
2428,Monte Carlo Simulations,5000.0,Monte Carlo Simulations=5000,Black-Litterman,ADI,0.0
2429,Monte Carlo Simulations,5000.0,Monte Carlo Simulations=5000,Black-Litterman,TMUS,0.04048919021619567
2430,Monte Carlo Simulations,5000.0,Monte Carlo Simulations=5000,Black-Litterman,MMM,0.0
2431,Monte Carlo Simulations,5000.0,Monte Carlo Simulations=5000,Black-Litterman,ADBE,0.11805763884722303
2432,Monte Carlo Simulations,5000.0,Monte Carlo Simulations=5000,Black-Litterman,AXP,0.0
2433,Monte Carlo Simulations,5000.0,Monte Carlo Simulations=5000,Black-Litterman,BA,0.005129897402051958
2434,Monte Carlo Simulations,5000.0,Monte Carlo Simulations=5000,Black-Litterman,CVX,0.0
2435,Monte Carlo Simulations,5000.0,Monte Carlo Simulations=5000,Black-Litterman,CSCO,0.0
2436,Monte Carlo Simulations,5000.0,Monte Carlo Simulations=5000,Black-Litterman,DD,0.0
2437,Monte Carlo Simulations,5000.0,Monte Carlo Simulations=5000,Black-Litterman,XOM,0.0
2438,Monte Carlo Simulations,5000.0,Monte Carlo Simulations=5000,Black-Litterman,FDX,0.0
2439,Monte Carlo Simulations,5000.0,Monte Carlo Simulations=5000,Black-Litterman,GS,0.0
2440,Monte Carlo Simulations,5000.0,Monte Carlo Simulations=5000,Black-Litterman,GM,0.0
2441,Monte Carlo Simulations,5000.0,Monte Carlo Simulations=5000,Black-Litterman,HAS,0.0
2442,Monte Carlo Simulations,5000.0,Monte Carlo Simulations=5000,Black-Litterman,JBL,0.0
2443,Monte Carlo Simulations,5000.0,Monte Carlo Simulations=5000,Black-Litterman,KMB,0.08009839803203936
2444,Monte Carlo Simulations,5000.0,Monte Carlo Simulations=5000,Black-Litterman,KLAC,0.0
2445,Monte Carlo Simulations,5000.0,Monte Carlo Simulations=5000,Black-Litterman,LOW,0.020449591008179835
2446,Monte Carlo Simulations,5000.0,Monte Carlo Simulations=5000,Black-Litterman,MKC,0.04234915301693965
2447,Monte Carlo Simulations,5000.0,Monte Carlo Simulations=5000,Black-Litterman,NEM,0.04691906161876762
2448,Monte Carlo Simulations,5000.0,Monte Carlo Simulations=5000,Black-Litterman,OLN,0.0
2449,Monte Carlo Simulations,5000.0,Monte Carlo Simulations=5000,Black-Litterman,PH,0.0
2450,Monte Carlo Simulations,5000.0,Monte Carlo Simulations=5000,Risk-Parity,PPG,0.015865521817698673
2451,Monte Carlo Simulations,5000.0,Monte Carlo Simulations=5000,Risk-Parity,DELL,0.01840907479015111
2452,Monte Carlo Simulations,5000.0,Monte Carlo Simulations=5000,Risk-Parity,QCOM,0.015482686772706986
2453,Monte Carlo Simulations,5000.0,Monte Carlo Simulations=5000,Risk-Parity,AMAT,0.012009051503759888
2454,Monte Carlo Simulations,5000.0,Monte Carlo Simulations=5000,Risk-Parity,MRK,0.03211406332843486
2455,Monte Carlo Simulations,5000.0,Monte Carlo Simulations=5000,Risk-Parity,AME,0.016980319601065136
2456,Monte Carlo Simulations,5000.0,Monte Carlo Simulations=5000,Risk-Parity,PG,0.037799592416640715
2457,Monte Carlo Simulations,5000.0,Monte Carlo Simulations=5000,Risk-Parity,CL,0.04331300692031018
2458,Monte Carlo Simulations,5000.0,Monte Carlo Simulations=5000,Risk-Parity,V,0.01866977846607881
2459,Monte Carlo Simulations,5000.0,Monte Carlo Simulations=5000,Risk-Parity,MA,0.0155048458123099
2460,Monte Carlo Simulations,5000.0,Monte Carlo Simulations=5000,Risk-Parity,MU,0.011900750244455534
2461,Monte Carlo Simulations,5000.0,Monte Carlo Simulations=5000,Risk-Parity,T,0.025515401928349512
2462,Monte Carlo Simulations,5000.0,Monte Carlo Simulations=5000,Risk-Parity,JPM,0.015151701254201606
2463,Monte Carlo Simulations,5000.0,Monte Carlo Simulations=5000,Risk-Parity,JNJ,0.0349923384524694
2464,Monte Carlo Simulations,5000.0,Monte Carlo Simulations=5000,Risk-Parity,INTC,0.01667566084970474
2465,Monte Carlo Simulations,5000.0,Monte Carlo Simulations=5000,Risk-Parity,GE,0.01282955436701264
2466,Monte Carlo Simulations,5000.0,Monte Carlo Simulations=5000,Risk-Parity,MS,0.013769813463829573
2467,Monte Carlo Simulations,5000.0,Monte Carlo Simulations=5000,Risk-Parity,RTX,0.012602804537171353
2468,Monte Carlo Simulations,5000.0,Monte Carlo Simulations=5000,Risk-Parity,TXN,0.016018447168711415
2469,Monte Carlo Simulations,5000.0,Monte Carlo Simulations=5000,Risk-Parity,IBM,0.01728273155474373
2470,Monte Carlo Simulations,5000.0,Monte Carlo Simulations=5000,Risk-Parity,SPGI,0.023684232907650097
2471,Monte Carlo Simulations,5000.0,Monte Carlo Simulations=5000,Risk-Parity,LMT,0.025209213560091724
2472,Monte Carlo Simulations,5000.0,Monte Carlo Simulations=5000,Risk-Parity,ADP,0.019609801570974927
2473,Monte Carlo Simulations,5000.0,Monte Carlo Simulations=5000,Risk-Parity,COF,0.010756173398914295
2474,Monte Carlo Simulations,5000.0,Monte Carlo Simulations=5000,Risk-Parity,WDC,0.011470445936297041
2475,Monte Carlo Simulations,5000.0,Monte Carlo Simulations=5000,Risk-Parity,ABT,0.02836753115488068
2476,Monte Carlo Simulations,5000.0,Monte Carlo Simulations=5000,Risk-Parity,GILD,0.031506110545582104
2477,Monte Carlo Simulations,5000.0,Monte Carlo Simulations=5000,Risk-Parity,UNP,0.018053896754415922
2478,Monte Carlo Simulations,5000.0,Monte Carlo Simulations=5000,Risk-Parity,ADI,0.015008707639458232
2479,Monte Carlo Simulations,5000.0,Monte Carlo Simulations=5000,Risk-Parity,TMUS,0.022928281065205516
2480,Monte Carlo Simulations,5000.0,Monte Carlo Simulations=5000,Risk-Parity,MMM,0.02163033921714158
2481,Monte Carlo Simulations,5000.0,Monte Carlo Simulations=5000,Risk-Parity,ADBE,0.024943826415417675
2482,Monte Carlo Simulations,5000.0,Monte Carlo Simulations=5000,Risk-Parity,AXP,0.012199320291734823
2483,Monte Carlo Simulations,5000.0,Monte Carlo Simulations=5000,Risk-Parity,BA,0.008954878392627492
2484,Monte Carlo Simulations,5000.0,Monte Carlo Simulations=5000,Risk-Parity,CVX,0.013598308874144649
2485,Monte Carlo Simulations,5000.0,Monte Carlo Simulations=5000,Risk-Parity,CSCO,0.019523187035184752
2486,Monte Carlo Simulations,5000.0,Monte Carlo Simulations=5000,Risk-Parity,DD,0.0142509503165909
2487,Monte Carlo Simulations,5000.0,Monte Carlo Simulations=5000,Risk-Parity,XOM,0.012863434778466949
2488,Monte Carlo Simulations,5000.0,Monte Carlo Simulations=5000,Risk-Parity,FDX,0.014737623365755955
2489,Monte Carlo Simulations,5000.0,Monte Carlo Simulations=5000,Risk-Parity,GS,0.014973776858124222
2490,Monte Carlo Simulations,5000.0,Monte Carlo Simulations=5000,Risk-Parity,GM,0.01242991459508039
2491,Monte Carlo Simulations,5000.0,Monte Carlo Simulations=5000,Risk-Parity,HAS,0.019985986531873595
2492,Monte Carlo Simulations,5000.0,Monte Carlo Simulations=5000,Risk-Parity,JBL,0.011400970721071229
2493,Monte Carlo Simulations,5000.0,Monte Carlo Simulations=5000,Risk-Parity,KMB,0.056790263524080044
2494,Monte Carlo Simulations,5000.0,Monte Carlo Simulations=5000,Risk-Parity,KLAC,0.012775877279302916
2495,Monte Carlo Simulations,5000.0,Monte Carlo Simulations=5000,Risk-Parity,LOW,0.023169380326886896
2496,Monte Carlo Simulations,5000.0,Monte Carlo Simulations=5000,Risk-Parity,MKC,0.037240117028611255
2497,Monte Carlo Simulations,5000.0,Monte Carlo Simulations=5000,Risk-Parity,NEM,0.03666615987997123
2498,Monte Carlo Simulations,5000.0,Monte Carlo Simulations=5000,Risk-Parity,OLN,0.009481299809441656
2499,Monte Carlo Simulations,5000.0,Monte Carlo Simulations=5000,Risk-Parity,PH,0.012902844975215384
2500,Monte Carlo Simulations,10000.0,Monte Carlo Simulations=10000,Simulated (Max Sharpe Ratio),PPG,0.09793396790293253
2501,Monte Carlo Simulations,10000.0,Monte Carlo Simulations=10000,Simulated (Max Sharpe Ratio),DELL,0.12043812079169251
2502,Monte Carlo Simulations,10000.0,Monte Carlo Simulations=10000,Simulated (Max Sharpe Ratio),QCOM,0.013808388178345019
2503,Monte Carlo Simulations,10000.0,Monte Carlo Simulations=10000,Simulated (Max Sharpe Ratio),AMAT,0.03130184936147195
2504,Monte Carlo Simulations,10000.0,Monte Carlo Simulations=10000,Simulated (Max Sharpe Ratio),MRK,0.012006359208828997
2505,Monte Carlo Simulations,10000.0,Monte Carlo Simulations=10000,Simulated (Max Sharpe Ratio),AME,5.3620465659333526e-05
2506,Monte Carlo Simulations,10000.0,Monte Carlo Simulations=10000,Simulated (Max Sharpe Ratio),PG,0.019780749981824126
2507,Monte Carlo Simulations,10000.0,Monte Carlo Simulations=10000,Simulated (Max Sharpe Ratio),CL,0.0013910721234982716
2508,Monte Carlo Simulations,10000.0,Monte Carlo Simulations=10000,Simulated (Max Sharpe Ratio),V,0.02939737826009112
2509,Monte Carlo Simulations,10000.0,Monte Carlo Simulations=10000,Simulated (Max Sharpe Ratio),MA,0.011278788008326048
2510,Monte Carlo Simulations,10000.0,Monte Carlo Simulations=10000,Simulated (Max Sharpe Ratio),MU,0.024053886774058356
2511,Monte Carlo Simulations,10000.0,Monte Carlo Simulations=10000,Simulated (Max Sharpe Ratio),T,0.028303700268505105
2512,Monte Carlo Simulations,10000.0,Monte Carlo Simulations=10000,Simulated (Max Sharpe Ratio),JPM,0.01729764359393517
2513,Monte Carlo Simulations,10000.0,Monte Carlo Simulations=10000,Simulated (Max Sharpe Ratio),JNJ,0.0007894275347382215
2514,Monte Carlo Simulations,10000.0,Monte Carlo Simulations=10000,Simulated (Max Sharpe Ratio),INTC,0.004783197387935479
2515,Monte Carlo Simulations,10000.0,Monte Carlo Simulations=10000,Simulated (Max Sharpe Ratio),GE,0.011209344678256603
2516,Monte Carlo Simulations,10000.0,Monte Carlo Simulations=10000,Simulated (Max Sharpe Ratio),MS,0.006322975800402489
2517,Monte Carlo Simulations,10000.0,Monte Carlo Simulations=10000,Simulated (Max Sharpe Ratio),RTX,0.007982241246527431
2518,Monte Carlo Simulations,10000.0,Monte Carlo Simulations=10000,Simulated (Max Sharpe Ratio),TXN,0.03695324088895369
2519,Monte Carlo Simulations,10000.0,Monte Carlo Simulations=10000,Simulated (Max Sharpe Ratio),IBM,0.006685160756396331
2520,Monte Carlo Simulations,10000.0,Monte Carlo Simulations=10000,Simulated (Max Sharpe Ratio),SPGI,0.030117457718231756
2521,Monte Carlo Simulations,10000.0,Monte Carlo Simulations=10000,Simulated (Max Sharpe Ratio),LMT,0.0011055812811643301
2522,Monte Carlo Simulations,10000.0,Monte Carlo Simulations=10000,Simulated (Max Sharpe Ratio),ADP,0.02417232021403687
2523,Monte Carlo Simulations,10000.0,Monte Carlo Simulations=10000,Simulated (Max Sharpe Ratio),COF,0.011585119076693478
2524,Monte Carlo Simulations,10000.0,Monte Carlo Simulations=10000,Simulated (Max Sharpe Ratio),WDC,0.003710927007800679
2525,Monte Carlo Simulations,10000.0,Monte Carlo Simulations=10000,Simulated (Max Sharpe Ratio),ABT,0.015126906222119766
2526,Monte Carlo Simulations,10000.0,Monte Carlo Simulations=10000,Simulated (Max Sharpe Ratio),GILD,0.004044080473256699
2527,Monte Carlo Simulations,10000.0,Monte Carlo Simulations=10000,Simulated (Max Sharpe Ratio),UNP,0.011019676434964484
2528,Monte Carlo Simulations,10000.0,Monte Carlo Simulations=10000,Simulated (Max Sharpe Ratio),ADI,0.0019074112262313812
2529,Monte Carlo Simulations,10000.0,Monte Carlo Simulations=10000,Simulated (Max Sharpe Ratio),TMUS,0.004569280534494871
2530,Monte Carlo Simulations,10000.0,Monte Carlo Simulations=10000,Simulated (Max Sharpe Ratio),MMM,0.0003856427358022111
2531,Monte Carlo Simulations,10000.0,Monte Carlo Simulations=10000,Simulated (Max Sharpe Ratio),ADBE,0.012814304137841502
2532,Monte Carlo Simulations,10000.0,Monte Carlo Simulations=10000,Simulated (Max Sharpe Ratio),AXP,0.015489429092305166
2533,Monte Carlo Simulations,10000.0,Monte Carlo Simulations=10000,Simulated (Max Sharpe Ratio),BA,0.004639536251099244
2534,Monte Carlo Simulations,10000.0,Monte Carlo Simulations=10000,Simulated (Max Sharpe Ratio),CVX,0.0028063496362366828
2535,Monte Carlo Simulations,10000.0,Monte Carlo Simulations=10000,Simulated (Max Sharpe Ratio),CSCO,0.010078926643612453
2536,Monte Carlo Simulations,10000.0,Monte Carlo Simulations=10000,Simulated (Max Sharpe Ratio),DD,0.008112146492630975
2537,Monte Carlo Simulations,10000.0,Monte Carlo Simulations=10000,Simulated (Max Sharpe Ratio),XOM,0.0029811619414676902
2538,Monte Carlo Simulations,10000.0,Monte Carlo Simulations=10000,Simulated (Max Sharpe Ratio),FDX,0.035810252904393325
2539,Monte Carlo Simulations,10000.0,Monte Carlo Simulations=10000,Simulated (Max Sharpe Ratio),GS,0.030009347816775712
2540,Monte Carlo Simulations,10000.0,Monte Carlo Simulations=10000,Simulated (Max Sharpe Ratio),GM,0.08106293645418537
2541,Monte Carlo Simulations,10000.0,Monte Carlo Simulations=10000,Simulated (Max Sharpe Ratio),HAS,0.029843719216715848
2542,Monte Carlo Simulations,10000.0,Monte Carlo Simulations=10000,Simulated (Max Sharpe Ratio),JBL,0.006355295313899378
2543,Monte Carlo Simulations,10000.0,Monte Carlo Simulations=10000,Simulated (Max Sharpe Ratio),KMB,0.019601426747478556
2544,Monte Carlo Simulations,10000.0,Monte Carlo Simulations=10000,Simulated (Max Sharpe Ratio),KLAC,0.019728983018253456
2545,Monte Carlo Simulations,10000.0,Monte Carlo Simulations=10000,Simulated (Max Sharpe Ratio),LOW,0.005575063584810186
2546,Monte Carlo Simulations,10000.0,Monte Carlo Simulations=10000,Simulated (Max Sharpe Ratio),MKC,0.006982838507688871
2547,Monte Carlo Simulations,10000.0,Monte Carlo Simulations=10000,Simulated (Max Sharpe Ratio),NEM,0.009791101485250125
2548,Monte Carlo Simulations,10000.0,Monte Carlo Simulations=10000,Simulated (Max Sharpe Ratio),OLN,0.05890377452248923
2549,Monte Carlo Simulations,10000.0,Monte Carlo Simulations=10000,Simulated (Max Sharpe Ratio),PH,0.049897890095690775
2550,Monte Carlo Simulations,10000.0,Monte Carlo Simulations=10000,Equal-Weight,PPG,0.02
2551,Monte Carlo Simulations,10000.0,Monte Carlo Simulations=10000,Equal-Weight,DELL,0.02
2552,Monte Carlo Simulations,10000.0,Monte Carlo Simulations=10000,Equal-Weight,QCOM,0.02
2553,Monte Carlo Simulations,10000.0,Monte Carlo Simulations=10000,Equal-Weight,AMAT,0.02
2554,Monte Carlo Simulations,10000.0,Monte Carlo Simulations=10000,Equal-Weight,MRK,0.02
2555,Monte Carlo Simulations,10000.0,Monte Carlo Simulations=10000,Equal-Weight,AME,0.02
2556,Monte Carlo Simulations,10000.0,Monte Carlo Simulations=10000,Equal-Weight,PG,0.02
2557,Monte Carlo Simulations,10000.0,Monte Carlo Simulations=10000,Equal-Weight,CL,0.02
2558,Monte Carlo Simulations,10000.0,Monte Carlo Simulations=10000,Equal-Weight,V,0.02
2559,Monte Carlo Simulations,10000.0,Monte Carlo Simulations=10000,Equal-Weight,MA,0.02
2560,Monte Carlo Simulations,10000.0,Monte Carlo Simulations=10000,Equal-Weight,MU,0.02
2561,Monte Carlo Simulations,10000.0,Monte Carlo Simulations=10000,Equal-Weight,T,0.02
2562,Monte Carlo Simulations,10000.0,Monte Carlo Simulations=10000,Equal-Weight,JPM,0.02
2563,Monte Carlo Simulations,10000.0,Monte Carlo Simulations=10000,Equal-Weight,JNJ,0.02
2564,Monte Carlo Simulations,10000.0,Monte Carlo Simulations=10000,Equal-Weight,INTC,0.02
2565,Monte Carlo Simulations,10000.0,Monte Carlo Simulations=10000,Equal-Weight,GE,0.02
2566,Monte Carlo Simulations,10000.0,Monte Carlo Simulations=10000,Equal-Weight,MS,0.02
2567,Monte Carlo Simulations,10000.0,Monte Carlo Simulations=10000,Equal-Weight,RTX,0.02
2568,Monte Carlo Simulations,10000.0,Monte Carlo Simulations=10000,Equal-Weight,TXN,0.02
2569,Monte Carlo Simulations,10000.0,Monte Carlo Simulations=10000,Equal-Weight,IBM,0.02
2570,Monte Carlo Simulations,10000.0,Monte Carlo Simulations=10000,Equal-Weight,SPGI,0.02
2571,Monte Carlo Simulations,10000.0,Monte Carlo Simulations=10000,Equal-Weight,LMT,0.02
2572,Monte Carlo Simulations,10000.0,Monte Carlo Simulations=10000,Equal-Weight,ADP,0.02
2573,Monte Carlo Simulations,10000.0,Monte Carlo Simulations=10000,Equal-Weight,COF,0.02
2574,Monte Carlo Simulations,10000.0,Monte Carlo Simulations=10000,Equal-Weight,WDC,0.02
2575,Monte Carlo Simulations,10000.0,Monte Carlo Simulations=10000,Equal-Weight,ABT,0.02
2576,Monte Carlo Simulations,10000.0,Monte Carlo Simulations=10000,Equal-Weight,GILD,0.02
2577,Monte Carlo Simulations,10000.0,Monte Carlo Simulations=10000,Equal-Weight,UNP,0.02
2578,Monte Carlo Simulations,10000.0,Monte Carlo Simulations=10000,Equal-Weight,ADI,0.02
2579,Monte Carlo Simulations,10000.0,Monte Carlo Simulations=10000,Equal-Weight,TMUS,0.02
2580,Monte Carlo Simulations,10000.0,Monte Carlo Simulations=10000,Equal-Weight,MMM,0.02
2581,Monte Carlo Simulations,10000.0,Monte Carlo Simulations=10000,Equal-Weight,ADBE,0.02
2582,Monte Carlo Simulations,10000.0,Monte Carlo Simulations=10000,Equal-Weight,AXP,0.02
2583,Monte Carlo Simulations,10000.0,Monte Carlo Simulations=10000,Equal-Weight,BA,0.02
2584,Monte Carlo Simulations,10000.0,Monte Carlo Simulations=10000,Equal-Weight,CVX,0.02
2585,Monte Carlo Simulations,10000.0,Monte Carlo Simulations=10000,Equal-Weight,CSCO,0.02
2586,Monte Carlo Simulations,10000.0,Monte Carlo Simulations=10000,Equal-Weight,DD,0.02
2587,Monte Carlo Simulations,10000.0,Monte Carlo Simulations=10000,Equal-Weight,XOM,0.02
2588,Monte Carlo Simulations,10000.0,Monte Carlo Simulations=10000,Equal-Weight,FDX,0.02
2589,Monte Carlo Simulations,10000.0,Monte Carlo Simulations=10000,Equal-Weight,GS,0.02
2590,Monte Carlo Simulations,10000.0,Monte Carlo Simulations=10000,Equal-Weight,GM,0.02
2591,Monte Carlo Simulations,10000.0,Monte Carlo Simulations=10000,Equal-Weight,HAS,0.02
2592,Monte Carlo Simulations,10000.0,Monte Carlo Simulations=10000,Equal-Weight,JBL,0.02
2593,Monte Carlo Simulations,10000.0,Monte Carlo Simulations=10000,Equal-Weight,KMB,0.02
2594,Monte Carlo Simulations,10000.0,Monte Carlo Simulations=10000,Equal-Weight,KLAC,0.02
2595,Monte Carlo Simulations,10000.0,Monte Carlo Simulations=10000,Equal-Weight,LOW,0.02
2596,Monte Carlo Simulations,10000.0,Monte Carlo Simulations=10000,Equal-Weight,MKC,0.02
2597,Monte Carlo Simulations,10000.0,Monte Carlo Simulations=10000,Equal-Weight,NEM,0.02
2598,Monte Carlo Simulations,10000.0,Monte Carlo Simulations=10000,Equal-Weight,OLN,0.02
2599,Monte Carlo Simulations,10000.0,Monte Carlo Simulations=10000,Equal-Weight,PH,0.02
2600,Monte Carlo Simulations,10000.0,Monte Carlo Simulations=10000,Markowitz,PPG,0.0
2601,Monte Carlo Simulations,10000.0,Monte Carlo Simulations=10000,Markowitz,DELL,0.3
2602,Monte Carlo Simulations,10000.0,Monte Carlo Simulations=10000,Markowitz,QCOM,0.0
2603,Monte Carlo Simulations,10000.0,Monte Carlo Simulations=10000,Markowitz,AMAT,0.16571
2604,Monte Carlo Simulations,10000.0,Monte Carlo Simulations=10000,Markowitz,MRK,0.0
2605,Monte Carlo Simulations,10000.0,Monte Carlo Simulations=10000,Markowitz,AME,0.0
2606,Monte Carlo Simulations,10000.0,Monte Carlo Simulations=10000,Markowitz,PG,0.0
2607,Monte Carlo Simulations,10000.0,Monte Carlo Simulations=10000,Markowitz,CL,0.0
2608,Monte Carlo Simulations,10000.0,Monte Carlo Simulations=10000,Markowitz,V,0.0
2609,Monte Carlo Simulations,10000.0,Monte Carlo Simulations=10000,Markowitz,MA,0.0
2610,Monte Carlo Simulations,10000.0,Monte Carlo Simulations=10000,Markowitz,MU,0.0
2611,Monte Carlo Simulations,10000.0,Monte Carlo Simulations=10000,Markowitz,T,0.0
2612,Monte Carlo Simulations,10000.0,Monte Carlo Simulations=10000,Markowitz,JPM,0.0
2613,Monte Carlo Simulations,10000.0,Monte Carlo Simulations=10000,Markowitz,JNJ,0.0
2614,Monte Carlo Simulations,10000.0,Monte Carlo Simulations=10000,Markowitz,INTC,0.0
2615,Monte Carlo Simulations,10000.0,Monte Carlo Simulations=10000,Markowitz,GE,0.0
2616,Monte Carlo Simulations,10000.0,Monte Carlo Simulations=10000,Markowitz,MS,0.02795
2617,Monte Carlo Simulations,10000.0,Monte Carlo Simulations=10000,Markowitz,RTX,0.0
2618,Monte Carlo Simulations,10000.0,Monte Carlo Simulations=10000,Markowitz,TXN,0.0
2619,Monte Carlo Simulations,10000.0,Monte Carlo Simulations=10000,Markowitz,IBM,0.0
2620,Monte Carlo Simulations,10000.0,Monte Carlo Simulations=10000,Markowitz,SPGI,0.0
2621,Monte Carlo Simulations,10000.0,Monte Carlo Simulations=10000,Markowitz,LMT,0.0
2622,Monte Carlo Simulations,10000.0,Monte Carlo Simulations=10000,Markowitz,ADP,0.0
2623,Monte Carlo Simulations,10000.0,Monte Carlo Simulations=10000,Markowitz,COF,0.0
2624,Monte Carlo Simulations,10000.0,Monte Carlo Simulations=10000,Markowitz,WDC,0.0
2625,Monte Carlo Simulations,10000.0,Monte Carlo Simulations=10000,Markowitz,ABT,0.0
2626,Monte Carlo Simulations,10000.0,Monte Carlo Simulations=10000,Markowitz,GILD,0.0
2627,Monte Carlo Simulations,10000.0,Monte Carlo Simulations=10000,Markowitz,UNP,0.0
2628,Monte Carlo Simulations,10000.0,Monte Carlo Simulations=10000,Markowitz,ADI,0.0
2629,Monte Carlo Simulations,10000.0,Monte Carlo Simulations=10000,Markowitz,TMUS,0.0
2630,Monte Carlo Simulations,10000.0,Monte Carlo Simulations=10000,Markowitz,MMM,0.0
2631,Monte Carlo Simulations,10000.0,Monte Carlo Simulations=10000,Markowitz,ADBE,0.0
2632,Monte Carlo Simulations,10000.0,Monte Carlo Simulations=10000,Markowitz,AXP,0.0
2633,Monte Carlo Simulations,10000.0,Monte Carlo Simulations=10000,Markowitz,BA,0.0
2634,Monte Carlo Simulations,10000.0,Monte Carlo Simulations=10000,Markowitz,CVX,0.0
2635,Monte Carlo Simulations,10000.0,Monte Carlo Simulations=10000,Markowitz,CSCO,0.0
2636,Monte Carlo Simulations,10000.0,Monte Carlo Simulations=10000,Markowitz,DD,0.0
2637,Monte Carlo Simulations,10000.0,Monte Carlo Simulations=10000,Markowitz,XOM,0.0
2638,Monte Carlo Simulations,10000.0,Monte Carlo Simulations=10000,Markowitz,FDX,0.08911
2639,Monte Carlo Simulations,10000.0,Monte Carlo Simulations=10000,Markowitz,GS,0.0
2640,Monte Carlo Simulations,10000.0,Monte Carlo Simulations=10000,Markowitz,GM,0.16398
2641,Monte Carlo Simulations,10000.0,Monte Carlo Simulations=10000,Markowitz,HAS,0.0
2642,Monte Carlo Simulations,10000.0,Monte Carlo Simulations=10000,Markowitz,JBL,0.0
2643,Monte Carlo Simulations,10000.0,Monte Carlo Simulations=10000,Markowitz,KMB,0.0
2644,Monte Carlo Simulations,10000.0,Monte Carlo Simulations=10000,Markowitz,KLAC,0.0
2645,Monte Carlo Simulations,10000.0,Monte Carlo Simulations=10000,Markowitz,LOW,0.21878
2646,Monte Carlo Simulations,10000.0,Monte Carlo Simulations=10000,Markowitz,MKC,0.0
2647,Monte Carlo Simulations,10000.0,Monte Carlo Simulations=10000,Markowitz,NEM,0.0
2648,Monte Carlo Simulations,10000.0,Monte Carlo Simulations=10000,Markowitz,OLN,0.03447
2649,Monte Carlo Simulations,10000.0,Monte Carlo Simulations=10000,Markowitz,PH,0.0
2650,Monte Carlo Simulations,10000.0,Monte Carlo Simulations=10000,Black-Litterman,PPG,0.0
2651,Monte Carlo Simulations,10000.0,Monte Carlo Simulations=10000,Black-Litterman,DELL,0.03340933181336373
2652,Monte Carlo Simulations,10000.0,Monte Carlo Simulations=10000,Black-Litterman,QCOM,0.021599568008639825
2653,Monte Carlo Simulations,10000.0,Monte Carlo Simulations=10000,Black-Litterman,AMAT,0.0
2654,Monte Carlo Simulations,10000.0,Monte Carlo Simulations=10000,Black-Litterman,MRK,0.020189596208075835
2655,Monte Carlo Simulations,10000.0,Monte Carlo Simulations=10000,Black-Litterman,AME,0.0
2656,Monte Carlo Simulations,10000.0,Monte Carlo Simulations=10000,Black-Litterman,PG,0.0
2657,Monte Carlo Simulations,10000.0,Monte Carlo Simulations=10000,Black-Litterman,CL,0.0
2658,Monte Carlo Simulations,10000.0,Monte Carlo Simulations=10000,Black-Litterman,V,0.1594868102637947
2659,Monte Carlo Simulations,10000.0,Monte Carlo Simulations=10000,Black-Litterman,MA,0.09093818123637526
2660,Monte Carlo Simulations,10000.0,Monte Carlo Simulations=10000,Black-Litterman,MU,0.05113897722045558
2661,Monte Carlo Simulations,10000.0,Monte Carlo Simulations=10000,Black-Litterman,T,0.0
2662,Monte Carlo Simulations,10000.0,Monte Carlo Simulations=10000,Black-Litterman,JPM,0.0
2663,Monte Carlo Simulations,10000.0,Monte Carlo Simulations=10000,Black-Litterman,JNJ,0.0
2664,Monte Carlo Simulations,10000.0,Monte Carlo Simulations=10000,Black-Litterman,INTC,0.01703965920681586
2665,Monte Carlo Simulations,10000.0,Monte Carlo Simulations=10000,Black-Litterman,GE,0.1569568608627827
2666,Monte Carlo Simulations,10000.0,Monte Carlo Simulations=10000,Black-Litterman,MS,0.0
2667,Monte Carlo Simulations,10000.0,Monte Carlo Simulations=10000,Black-Litterman,RTX,0.0
2668,Monte Carlo Simulations,10000.0,Monte Carlo Simulations=10000,Black-Litterman,TXN,0.0
2669,Monte Carlo Simulations,10000.0,Monte Carlo Simulations=10000,Black-Litterman,IBM,0.0
2670,Monte Carlo Simulations,10000.0,Monte Carlo Simulations=10000,Black-Litterman,SPGI,0.0738785224295514
2671,Monte Carlo Simulations,10000.0,Monte Carlo Simulations=10000,Black-Litterman,LMT,0.0
2672,Monte Carlo Simulations,10000.0,Monte Carlo Simulations=10000,Black-Litterman,ADP,0.0
2673,Monte Carlo Simulations,10000.0,Monte Carlo Simulations=10000,Black-Litterman,COF,0.0
2674,Monte Carlo Simulations,10000.0,Monte Carlo Simulations=10000,Black-Litterman,WDC,0.0
2675,Monte Carlo Simulations,10000.0,Monte Carlo Simulations=10000,Black-Litterman,ABT,0.005729885402291953
2676,Monte Carlo Simulations,10000.0,Monte Carlo Simulations=10000,Black-Litterman,GILD,0.01613967720645587
2677,Monte Carlo Simulations,10000.0,Monte Carlo Simulations=10000,Black-Litterman,UNP,0.0
2678,Monte Carlo Simulations,10000.0,Monte Carlo Simulations=10000,Black-Litterman,ADI,0.0
2679,Monte Carlo Simulations,10000.0,Monte Carlo Simulations=10000,Black-Litterman,TMUS,0.04048919021619567
2680,Monte Carlo Simulations,10000.0,Monte Carlo Simulations=10000,Black-Litterman,MMM,0.0
2681,Monte Carlo Simulations,10000.0,Monte Carlo Simulations=10000,Black-Litterman,ADBE,0.11805763884722303
2682,Monte Carlo Simulations,10000.0,Monte Carlo Simulations=10000,Black-Litterman,AXP,0.0
2683,Monte Carlo Simulations,10000.0,Monte Carlo Simulations=10000,Black-Litterman,BA,0.005129897402051958
2684,Monte Carlo Simulations,10000.0,Monte Carlo Simulations=10000,Black-Litterman,CVX,0.0
2685,Monte Carlo Simulations,10000.0,Monte Carlo Simulations=10000,Black-Litterman,CSCO,0.0
2686,Monte Carlo Simulations,10000.0,Monte Carlo Simulations=10000,Black-Litterman,DD,0.0
2687,Monte Carlo Simulations,10000.0,Monte Carlo Simulations=10000,Black-Litterman,XOM,0.0
2688,Monte Carlo Simulations,10000.0,Monte Carlo Simulations=10000,Black-Litterman,FDX,0.0
2689,Monte Carlo Simulations,10000.0,Monte Carlo Simulations=10000,Black-Litterman,GS,0.0
2690,Monte Carlo Simulations,10000.0,Monte Carlo Simulations=10000,Black-Litterman,GM,0.0
2691,Monte Carlo Simulations,10000.0,Monte Carlo Simulations=10000,Black-Litterman,HAS,0.0
2692,Monte Carlo Simulations,10000.0,Monte Carlo Simulations=10000,Black-Litterman,JBL,0.0
2693,Monte Carlo Simulations,10000.0,Monte Carlo Simulations=10000,Black-Litterman,KMB,0.08009839803203936
2694,Monte Carlo Simulations,10000.0,Monte Carlo Simulations=10000,Black-Litterman,KLAC,0.0
2695,Monte Carlo Simulations,10000.0,Monte Carlo Simulations=10000,Black-Litterman,LOW,0.020449591008179835
2696,Monte Carlo Simulations,10000.0,Monte Carlo Simulations=10000,Black-Litterman,MKC,0.04234915301693965
2697,Monte Carlo Simulations,10000.0,Monte Carlo Simulations=10000,Black-Litterman,NEM,0.04691906161876762
2698,Monte Carlo Simulations,10000.0,Monte Carlo Simulations=10000,Black-Litterman,OLN,0.0
2699,Monte Carlo Simulations,10000.0,Monte Carlo Simulations=10000,Black-Litterman,PH,0.0
2700,Monte Carlo Simulations,10000.0,Monte Carlo Simulations=10000,Risk-Parity,PPG,0.015865521817698673
2701,Monte Carlo Simulations,10000.0,Monte Carlo Simulations=10000,Risk-Parity,DELL,0.01840907479015111
2702,Monte Carlo Simulations,10000.0,Monte Carlo Simulations=10000,Risk-Parity,QCOM,0.015482686772706986
2703,Monte Carlo Simulations,10000.0,Monte Carlo Simulations=10000,Risk-Parity,AMAT,0.012009051503759888
2704,Monte Carlo Simulations,10000.0,Monte Carlo Simulations=10000,Risk-Parity,MRK,0.03211406332843486
2705,Monte Carlo Simulations,10000.0,Monte Carlo Simulations=10000,Risk-Parity,AME,0.016980319601065136
2706,Monte Carlo Simulations,10000.0,Monte Carlo Simulations=10000,Risk-Parity,PG,0.037799592416640715
2707,Monte Carlo Simulations,10000.0,Monte Carlo Simulations=10000,Risk-Parity,CL,0.04331300692031018
2708,Monte Carlo Simulations,10000.0,Monte Carlo Simulations=10000,Risk-Parity,V,0.01866977846607881
2709,Monte Carlo Simulations,10000.0,Monte Carlo Simulations=10000,Risk-Parity,MA,0.0155048458123099
2710,Monte Carlo Simulations,10000.0,Monte Carlo Simulations=10000,Risk-Parity,MU,0.011900750244455534
2711,Monte Carlo Simulations,10000.0,Monte Carlo Simulations=10000,Risk-Parity,T,0.025515401928349512
2712,Monte Carlo Simulations,10000.0,Monte Carlo Simulations=10000,Risk-Parity,JPM,0.015151701254201606
2713,Monte Carlo Simulations,10000.0,Monte Carlo Simulations=10000,Risk-Parity,JNJ,0.0349923384524694
2714,Monte Carlo Simulations,10000.0,Monte Carlo Simulations=10000,Risk-Parity,INTC,0.01667566084970474
2715,Monte Carlo Simulations,10000.0,Monte Carlo Simulations=10000,Risk-Parity,GE,0.01282955436701264
2716,Monte Carlo Simulations,10000.0,Monte Carlo Simulations=10000,Risk-Parity,MS,0.013769813463829573
2717,Monte Carlo Simulations,10000.0,Monte Carlo Simulations=10000,Risk-Parity,RTX,0.012602804537171353
2718,Monte Carlo Simulations,10000.0,Monte Carlo Simulations=10000,Risk-Parity,TXN,0.016018447168711415
2719,Monte Carlo Simulations,10000.0,Monte Carlo Simulations=10000,Risk-Parity,IBM,0.01728273155474373
2720,Monte Carlo Simulations,10000.0,Monte Carlo Simulations=10000,Risk-Parity,SPGI,0.023684232907650097
2721,Monte Carlo Simulations,10000.0,Monte Carlo Simulations=10000,Risk-Parity,LMT,0.025209213560091724
2722,Monte Carlo Simulations,10000.0,Monte Carlo Simulations=10000,Risk-Parity,ADP,0.019609801570974927
2723,Monte Carlo Simulations,10000.0,Monte Carlo Simulations=10000,Risk-Parity,COF,0.010756173398914295
2724,Monte Carlo Simulations,10000.0,Monte Carlo Simulations=10000,Risk-Parity,WDC,0.011470445936297041
2725,Monte Carlo Simulations,10000.0,Monte Carlo Simulations=10000,Risk-Parity,ABT,0.02836753115488068
2726,Monte Carlo Simulations,10000.0,Monte Carlo Simulations=10000,Risk-Parity,GILD,0.031506110545582104
2727,Monte Carlo Simulations,10000.0,Monte Carlo Simulations=10000,Risk-Parity,UNP,0.018053896754415922
2728,Monte Carlo Simulations,10000.0,Monte Carlo Simulations=10000,Risk-Parity,ADI,0.015008707639458232
2729,Monte Carlo Simulations,10000.0,Monte Carlo Simulations=10000,Risk-Parity,TMUS,0.022928281065205516
2730,Monte Carlo Simulations,10000.0,Monte Carlo Simulations=10000,Risk-Parity,MMM,0.02163033921714158
2731,Monte Carlo Simulations,10000.0,Monte Carlo Simulations=10000,Risk-Parity,ADBE,0.024943826415417675
2732,Monte Carlo Simulations,10000.0,Monte Carlo Simulations=10000,Risk-Parity,AXP,0.012199320291734823
2733,Monte Carlo Simulations,10000.0,Monte Carlo Simulations=10000,Risk-Parity,BA,0.008954878392627492
2734,Monte Carlo Simulations,10000.0,Monte Carlo Simulations=10000,Risk-Parity,CVX,0.013598308874144649
2735,Monte Carlo Simulations,10000.0,Monte Carlo Simulations=10000,Risk-Parity,CSCO,0.019523187035184752
2736,Monte Carlo Simulations,10000.0,Monte Carlo Simulations=10000,Risk-Parity,DD,0.0142509503165909
2737,Monte Carlo Simulations,10000.0,Monte Carlo Simulations=10000,Risk-Parity,XOM,0.012863434778466949
2738,Monte Carlo Simulations,10000.0,Monte Carlo Simulations=10000,Risk-Parity,FDX,0.014737623365755955
2739,Monte Carlo Simulations,10000.0,Monte Carlo Simulations=10000,Risk-Parity,GS,0.014973776858124222
2740,Monte Carlo Simulations,10000.0,Monte Carlo Simulations=10000,Risk-Parity,GM,0.01242991459508039
2741,Monte Carlo Simulations,10000.0,Monte Carlo Simulations=10000,Risk-Parity,HAS,0.019985986531873595
2742,Monte Carlo Simulations,10000.0,Monte Carlo Simulations=10000,Risk-Parity,JBL,0.011400970721071229
2743,Monte Carlo Simulations,10000.0,Monte Carlo Simulations=10000,Risk-Parity,KMB,0.056790263524080044
2744,Monte Carlo Simulations,10000.0,Monte Carlo Simulations=10000,Risk-Parity,KLAC,0.012775877279302916
2745,Monte Carlo Simulations,10000.0,Monte Carlo Simulations=10000,Risk-Parity,LOW,0.023169380326886896
2746,Monte Carlo Simulations,10000.0,Monte Carlo Simulations=10000,Risk-Parity,MKC,0.037240117028611255
2747,Monte Carlo Simulations,10000.0,Monte Carlo Simulations=10000,Risk-Parity,NEM,0.03666615987997123
2748,Monte Carlo Simulations,10000.0,Monte Carlo Simulations=10000,Risk-Parity,OLN,0.009481299809441656
2749,Monte Carlo Simulations,10000.0,Monte Carlo Simulations=10000,Risk-Parity,PH,0.012902844975215384
2750,Monte Carlo Simulations,20000.0,Monte Carlo Simulations=20000,Simulated (Max Sharpe Ratio),PPG,0.019201159773408118
2751,Monte Carlo Simulations,20000.0,Monte Carlo Simulations=20000,Simulated (Max Sharpe Ratio),DELL,0.05057210164892509
2752,Monte Carlo Simulations,20000.0,Monte Carlo Simulations=20000,Simulated (Max Sharpe Ratio),QCOM,0.010413154656483705
2753,Monte Carlo Simulations,20000.0,Monte Carlo Simulations=20000,Simulated (Max Sharpe Ratio),AMAT,0.08012884740033811
2754,Monte Carlo Simulations,20000.0,Monte Carlo Simulations=20000,Simulated (Max Sharpe Ratio),MRK,0.043251124925923444
2755,Monte Carlo Simulations,20000.0,Monte Carlo Simulations=20000,Simulated (Max Sharpe Ratio),AME,0.031152836704235132
2756,Monte Carlo Simulations,20000.0,Monte Carlo Simulations=20000,Simulated (Max Sharpe Ratio),PG,0.0030765093431973007
2757,Monte Carlo Simulations,20000.0,Monte Carlo Simulations=20000,Simulated (Max Sharpe Ratio),CL,0.003636855821866247
2758,Monte Carlo Simulations,20000.0,Monte Carlo Simulations=20000,Simulated (Max Sharpe Ratio),V,0.0030392863139295893
2759,Monte Carlo Simulations,20000.0,Monte Carlo Simulations=20000,Simulated (Max Sharpe Ratio),MA,0.006515484134835199
2760,Monte Carlo Simulations,20000.0,Monte Carlo Simulations=20000,Simulated (Max Sharpe Ratio),MU,0.05291146497379148
2761,Monte Carlo Simulations,20000.0,Monte Carlo Simulations=20000,Simulated (Max Sharpe Ratio),T,0.027731697626018813
2762,Monte Carlo Simulations,20000.0,Monte Carlo Simulations=20000,Simulated (Max Sharpe Ratio),JPM,0.013856899289263628
2763,Monte Carlo Simulations,20000.0,Monte Carlo Simulations=20000,Simulated (Max Sharpe Ratio),JNJ,0.0016812686379755904
2764,Monte Carlo Simulations,20000.0,Monte Carlo Simulations=20000,Simulated (Max Sharpe Ratio),INTC,0.004690650901993651
2765,Monte Carlo Simulations,20000.0,Monte Carlo Simulations=20000,Simulated (Max Sharpe Ratio),GE,0.0034257437555110302
2766,Monte Carlo Simulations,20000.0,Monte Carlo Simulations=20000,Simulated (Max Sharpe Ratio),MS,0.01663798288113049
2767,Monte Carlo Simulations,20000.0,Monte Carlo Simulations=20000,Simulated (Max Sharpe Ratio),RTX,8.839535119813353e-05
2768,Monte Carlo Simulations,20000.0,Monte Carlo Simulations=20000,Simulated (Max Sharpe Ratio),TXN,0.02411004357651416
2769,Monte Carlo Simulations,20000.0,Monte Carlo Simulations=20000,Simulated (Max Sharpe Ratio),IBM,0.0024211703998619155
2770,Monte Carlo Simulations,20000.0,Monte Carlo Simulations=20000,Simulated (Max Sharpe Ratio),SPGI,0.011864327060872737
2771,Monte Carlo Simulations,20000.0,Monte Carlo Simulations=20000,Simulated (Max Sharpe Ratio),LMT,0.016060089344810964
2772,Monte Carlo Simulations,20000.0,Monte Carlo Simulations=20000,Simulated (Max Sharpe Ratio),ADP,0.0017606226443828408
2773,Monte Carlo Simulations,20000.0,Monte Carlo Simulations=20000,Simulated (Max Sharpe Ratio),COF,0.032816290510533114
2774,Monte Carlo Simulations,20000.0,Monte Carlo Simulations=20000,Simulated (Max Sharpe Ratio),WDC,0.002595140966712654
2775,Monte Carlo Simulations,20000.0,Monte Carlo Simulations=20000,Simulated (Max Sharpe Ratio),ABT,0.06044003784693372
2776,Monte Carlo Simulations,20000.0,Monte Carlo Simulations=20000,Simulated (Max Sharpe Ratio),GILD,0.00730710277247789
2777,Monte Carlo Simulations,20000.0,Monte Carlo Simulations=20000,Simulated (Max Sharpe Ratio),UNP,0.0006932969960951653
2778,Monte Carlo Simulations,20000.0,Monte Carlo Simulations=20000,Simulated (Max Sharpe Ratio),ADI,0.00321926814519922
2779,Monte Carlo Simulations,20000.0,Monte Carlo Simulations=20000,Simulated (Max Sharpe Ratio),TMUS,0.07476859588111039
2780,Monte Carlo Simulations,20000.0,Monte Carlo Simulations=20000,Simulated (Max Sharpe Ratio),MMM,0.00014597529505257123
2781,Monte Carlo Simulations,20000.0,Monte Carlo Simulations=20000,Simulated (Max Sharpe Ratio),ADBE,0.0041787793859843275
2782,Monte Carlo Simulations,20000.0,Monte Carlo Simulations=20000,Simulated (Max Sharpe Ratio),AXP,0.01386724891781322
2783,Monte Carlo Simulations,20000.0,Monte Carlo Simulations=20000,Simulated (Max Sharpe Ratio),BA,0.0008597400722378921
2784,Monte Carlo Simulations,20000.0,Monte Carlo Simulations=20000,Simulated (Max Sharpe Ratio),CVX,0.010452101811707288
2785,Monte Carlo Simulations,20000.0,Monte Carlo Simulations=20000,Simulated (Max Sharpe Ratio),CSCO,0.0007097161949375331
2786,Monte Carlo Simulations,20000.0,Monte Carlo Simulations=20000,Simulated (Max Sharpe Ratio),DD,0.0563774884253772
2787,Monte Carlo Simulations,20000.0,Monte Carlo Simulations=20000,Simulated (Max Sharpe Ratio),XOM,0.008976461622981057
2788,Monte Carlo Simulations,20000.0,Monte Carlo Simulations=20000,Simulated (Max Sharpe Ratio),FDX,0.0025298995667370483
2789,Monte Carlo Simulations,20000.0,Monte Carlo Simulations=20000,Simulated (Max Sharpe Ratio),GS,0.011132558499749343
2790,Monte Carlo Simulations,20000.0,Monte Carlo Simulations=20000,Simulated (Max Sharpe Ratio),GM,0.017049103851761987
2791,Monte Carlo Simulations,20000.0,Monte Carlo Simulations=20000,Simulated (Max Sharpe Ratio),HAS,0.002438581624184565
2792,Monte Carlo Simulations,20000.0,Monte Carlo Simulations=20000,Simulated (Max Sharpe Ratio),JBL,0.001180226637261883
2793,Monte Carlo Simulations,20000.0,Monte Carlo Simulations=20000,Simulated (Max Sharpe Ratio),KMB,0.02483811601403746
2794,Monte Carlo Simulations,20000.0,Monte Carlo Simulations=20000,Simulated (Max Sharpe Ratio),KLAC,0.000569213503701526
2795,Monte Carlo Simulations,20000.0,Monte Carlo Simulations=20000,Simulated (Max Sharpe Ratio),LOW,0.08043631424699928
2796,Monte Carlo Simulations,20000.0,Monte Carlo Simulations=20000,Simulated (Max Sharpe Ratio),MKC,0.024280882476484
2797,Monte Carlo Simulations,20000.0,Monte Carlo Simulations=20000,Simulated (Max Sharpe Ratio),NEM,0.01211232300034533
2798,Monte Carlo Simulations,20000.0,Monte Carlo Simulations=20000,Simulated (Max Sharpe Ratio),OLN,0.06971730955157689
2799,Monte Carlo Simulations,20000.0,Monte Carlo Simulations=20000,Simulated (Max Sharpe Ratio),PH,0.048080509015539924
2800,Monte Carlo Simulations,20000.0,Monte Carlo Simulations=20000,Equal-Weight,PPG,0.02
2801,Monte Carlo Simulations,20000.0,Monte Carlo Simulations=20000,Equal-Weight,DELL,0.02
2802,Monte Carlo Simulations,20000.0,Monte Carlo Simulations=20000,Equal-Weight,QCOM,0.02
2803,Monte Carlo Simulations,20000.0,Monte Carlo Simulations=20000,Equal-Weight,AMAT,0.02
2804,Monte Carlo Simulations,20000.0,Monte Carlo Simulations=20000,Equal-Weight,MRK,0.02
2805,Monte Carlo Simulations,20000.0,Monte Carlo Simulations=20000,Equal-Weight,AME,0.02
2806,Monte Carlo Simulations,20000.0,Monte Carlo Simulations=20000,Equal-Weight,PG,0.02
2807,Monte Carlo Simulations,20000.0,Monte Carlo Simulations=20000,Equal-Weight,CL,0.02
2808,Monte Carlo Simulations,20000.0,Monte Carlo Simulations=20000,Equal-Weight,V,0.02
2809,Monte Carlo Simulations,20000.0,Monte Carlo Simulations=20000,Equal-Weight,MA,0.02
2810,Monte Carlo Simulations,20000.0,Monte Carlo Simulations=20000,Equal-Weight,MU,0.02
2811,Monte Carlo Simulations,20000.0,Monte Carlo Simulations=20000,Equal-Weight,T,0.02
2812,Monte Carlo Simulations,20000.0,Monte Carlo Simulations=20000,Equal-Weight,JPM,0.02
2813,Monte Carlo Simulations,20000.0,Monte Carlo Simulations=20000,Equal-Weight,JNJ,0.02
2814,Monte Carlo Simulations,20000.0,Monte Carlo Simulations=20000,Equal-Weight,INTC,0.02
2815,Monte Carlo Simulations,20000.0,Monte Carlo Simulations=20000,Equal-Weight,GE,0.02
2816,Monte Carlo Simulations,20000.0,Monte Carlo Simulations=20000,Equal-Weight,MS,0.02
2817,Monte Carlo Simulations,20000.0,Monte Carlo Simulations=20000,Equal-Weight,RTX,0.02
2818,Monte Carlo Simulations,20000.0,Monte Carlo Simulations=20000,Equal-Weight,TXN,0.02
2819,Monte Carlo Simulations,20000.0,Monte Carlo Simulations=20000,Equal-Weight,IBM,0.02
2820,Monte Carlo Simulations,20000.0,Monte Carlo Simulations=20000,Equal-Weight,SPGI,0.02
2821,Monte Carlo Simulations,20000.0,Monte Carlo Simulations=20000,Equal-Weight,LMT,0.02
2822,Monte Carlo Simulations,20000.0,Monte Carlo Simulations=20000,Equal-Weight,ADP,0.02
2823,Monte Carlo Simulations,20000.0,Monte Carlo Simulations=20000,Equal-Weight,COF,0.02
2824,Monte Carlo Simulations,20000.0,Monte Carlo Simulations=20000,Equal-Weight,WDC,0.02
2825,Monte Carlo Simulations,20000.0,Monte Carlo Simulations=20000,Equal-Weight,ABT,0.02
2826,Monte Carlo Simulations,20000.0,Monte Carlo Simulations=20000,Equal-Weight,GILD,0.02
2827,Monte Carlo Simulations,20000.0,Monte Carlo Simulations=20000,Equal-Weight,UNP,0.02
2828,Monte Carlo Simulations,20000.0,Monte Carlo Simulations=20000,Equal-Weight,ADI,0.02
2829,Monte Carlo Simulations,20000.0,Monte Carlo Simulations=20000,Equal-Weight,TMUS,0.02
2830,Monte Carlo Simulations,20000.0,Monte Carlo Simulations=20000,Equal-Weight,MMM,0.02
2831,Monte Carlo Simulations,20000.0,Monte Carlo Simulations=20000,Equal-Weight,ADBE,0.02
2832,Monte Carlo Simulations,20000.0,Monte Carlo Simulations=20000,Equal-Weight,AXP,0.02
2833,Monte Carlo Simulations,20000.0,Monte Carlo Simulations=20000,Equal-Weight,BA,0.02
2834,Monte Carlo Simulations,20000.0,Monte Carlo Simulations=20000,Equal-Weight,CVX,0.02
2835,Monte Carlo Simulations,20000.0,Monte Carlo Simulations=20000,Equal-Weight,CSCO,0.02
2836,Monte Carlo Simulations,20000.0,Monte Carlo Simulations=20000,Equal-Weight,DD,0.02
2837,Monte Carlo Simulations,20000.0,Monte Carlo Simulations=20000,Equal-Weight,XOM,0.02
2838,Monte Carlo Simulations,20000.0,Monte Carlo Simulations=20000,Equal-Weight,FDX,0.02
2839,Monte Carlo Simulations,20000.0,Monte Carlo Simulations=20000,Equal-Weight,GS,0.02
2840,Monte Carlo Simulations,20000.0,Monte Carlo Simulations=20000,Equal-Weight,GM,0.02
2841,Monte Carlo Simulations,20000.0,Monte Carlo Simulations=20000,Equal-Weight,HAS,0.02
2842,Monte Carlo Simulations,20000.0,Monte Carlo Simulations=20000,Equal-Weight,JBL,0.02
2843,Monte Carlo Simulations,20000.0,Monte Carlo Simulations=20000,Equal-Weight,KMB,0.02
2844,Monte Carlo Simulations,20000.0,Monte Carlo Simulations=20000,Equal-Weight,KLAC,0.02
2845,Monte Carlo Simulations,20000.0,Monte Carlo Simulations=20000,Equal-Weight,LOW,0.02
2846,Monte Carlo Simulations,20000.0,Monte Carlo Simulations=20000,Equal-Weight,MKC,0.02
2847,Monte Carlo Simulations,20000.0,Monte Carlo Simulations=20000,Equal-Weight,NEM,0.02
2848,Monte Carlo Simulations,20000.0,Monte Carlo Simulations=20000,Equal-Weight,OLN,0.02
2849,Monte Carlo Simulations,20000.0,Monte Carlo Simulations=20000,Equal-Weight,PH,0.02
2850,Monte Carlo Simulations,20000.0,Monte Carlo Simulations=20000,Markowitz,PPG,0.0
2851,Monte Carlo Simulations,20000.0,Monte Carlo Simulations=20000,Markowitz,DELL,0.3
2852,Monte Carlo Simulations,20000.0,Monte Carlo Simulations=20000,Markowitz,QCOM,0.0
2853,Monte Carlo Simulations,20000.0,Monte Carlo Simulations=20000,Markowitz,AMAT,0.16571
2854,Monte Carlo Simulations,20000.0,Monte Carlo Simulations=20000,Markowitz,MRK,0.0
2855,Monte Carlo Simulations,20000.0,Monte Carlo Simulations=20000,Markowitz,AME,0.0
2856,Monte Carlo Simulations,20000.0,Monte Carlo Simulations=20000,Markowitz,PG,0.0
2857,Monte Carlo Simulations,20000.0,Monte Carlo Simulations=20000,Markowitz,CL,0.0
2858,Monte Carlo Simulations,20000.0,Monte Carlo Simulations=20000,Markowitz,V,0.0
2859,Monte Carlo Simulations,20000.0,Monte Carlo Simulations=20000,Markowitz,MA,0.0
2860,Monte Carlo Simulations,20000.0,Monte Carlo Simulations=20000,Markowitz,MU,0.0
2861,Monte Carlo Simulations,20000.0,Monte Carlo Simulations=20000,Markowitz,T,0.0
2862,Monte Carlo Simulations,20000.0,Monte Carlo Simulations=20000,Markowitz,JPM,0.0
2863,Monte Carlo Simulations,20000.0,Monte Carlo Simulations=20000,Markowitz,JNJ,0.0
2864,Monte Carlo Simulations,20000.0,Monte Carlo Simulations=20000,Markowitz,INTC,0.0
2865,Monte Carlo Simulations,20000.0,Monte Carlo Simulations=20000,Markowitz,GE,0.0
2866,Monte Carlo Simulations,20000.0,Monte Carlo Simulations=20000,Markowitz,MS,0.02795
2867,Monte Carlo Simulations,20000.0,Monte Carlo Simulations=20000,Markowitz,RTX,0.0
2868,Monte Carlo Simulations,20000.0,Monte Carlo Simulations=20000,Markowitz,TXN,0.0
2869,Monte Carlo Simulations,20000.0,Monte Carlo Simulations=20000,Markowitz,IBM,0.0
2870,Monte Carlo Simulations,20000.0,Monte Carlo Simulations=20000,Markowitz,SPGI,0.0
2871,Monte Carlo Simulations,20000.0,Monte Carlo Simulations=20000,Markowitz,LMT,0.0
2872,Monte Carlo Simulations,20000.0,Monte Carlo Simulations=20000,Markowitz,ADP,0.0
2873,Monte Carlo Simulations,20000.0,Monte Carlo Simulations=20000,Markowitz,COF,0.0
2874,Monte Carlo Simulations,20000.0,Monte Carlo Simulations=20000,Markowitz,WDC,0.0
2875,Monte Carlo Simulations,20000.0,Monte Carlo Simulations=20000,Markowitz,ABT,0.0
2876,Monte Carlo Simulations,20000.0,Monte Carlo Simulations=20000,Markowitz,GILD,0.0
2877,Monte Carlo Simulations,20000.0,Monte Carlo Simulations=20000,Markowitz,UNP,0.0
2878,Monte Carlo Simulations,20000.0,Monte Carlo Simulations=20000,Markowitz,ADI,0.0
2879,Monte Carlo Simulations,20000.0,Monte Carlo Simulations=20000,Markowitz,TMUS,0.0
2880,Monte Carlo Simulations,20000.0,Monte Carlo Simulations=20000,Markowitz,MMM,0.0
2881,Monte Carlo Simulations,20000.0,Monte Carlo Simulations=20000,Markowitz,ADBE,0.0
2882,Monte Carlo Simulations,20000.0,Monte Carlo Simulations=20000,Markowitz,AXP,0.0
2883,Monte Carlo Simulations,20000.0,Monte Carlo Simulations=20000,Markowitz,BA,0.0
2884,Monte Carlo Simulations,20000.0,Monte Carlo Simulations=20000,Markowitz,CVX,0.0
2885,Monte Carlo Simulations,20000.0,Monte Carlo Simulations=20000,Markowitz,CSCO,0.0
2886,Monte Carlo Simulations,20000.0,Monte Carlo Simulations=20000,Markowitz,DD,0.0
2887,Monte Carlo Simulations,20000.0,Monte Carlo Simulations=20000,Markowitz,XOM,0.0
2888,Monte Carlo Simulations,20000.0,Monte Carlo Simulations=20000,Markowitz,FDX,0.08911
2889,Monte Carlo Simulations,20000.0,Monte Carlo Simulations=20000,Markowitz,GS,0.0
2890,Monte Carlo Simulations,20000.0,Monte Carlo Simulations=20000,Markowitz,GM,0.16398
2891,Monte Carlo Simulations,20000.0,Monte Carlo Simulations=20000,Markowitz,HAS,0.0
2892,Monte Carlo Simulations,20000.0,Monte Carlo Simulations=20000,Markowitz,JBL,0.0
2893,Monte Carlo Simulations,20000.0,Monte Carlo Simulations=20000,Markowitz,KMB,0.0
2894,Monte Carlo Simulations,20000.0,Monte Carlo Simulations=20000,Markowitz,KLAC,0.0
2895,Monte Carlo Simulations,20000.0,Monte Carlo Simulations=20000,Markowitz,LOW,0.21878
2896,Monte Carlo Simulations,20000.0,Monte Carlo Simulations=20000,Markowitz,MKC,0.0
2897,Monte Carlo Simulations,20000.0,Monte Carlo Simulations=20000,Markowitz,NEM,0.0
2898,Monte Carlo Simulations,20000.0,Monte Carlo Simulations=20000,Markowitz,OLN,0.03447
2899,Monte Carlo Simulations,20000.0,Monte Carlo Simulations=20000,Markowitz,PH,0.0
2900,Monte Carlo Simulations,20000.0,Monte Carlo Simulations=20000,Black-Litterman,PPG,0.0
2901,Monte Carlo Simulations,20000.0,Monte Carlo Simulations=20000,Black-Litterman,DELL,0.03340933181336373
2902,Monte Carlo Simulations,20000.0,Monte Carlo Simulations=20000,Black-Litterman,QCOM,0.021599568008639825
2903,Monte Carlo Simulations,20000.0,Monte Carlo Simulations=20000,Black-Litterman,AMAT,0.0
2904,Monte Carlo Simulations,20000.0,Monte Carlo Simulations=20000,Black-Litterman,MRK,0.020189596208075835
2905,Monte Carlo Simulations,20000.0,Monte Carlo Simulations=20000,Black-Litterman,AME,0.0
2906,Monte Carlo Simulations,20000.0,Monte Carlo Simulations=20000,Black-Litterman,PG,0.0
2907,Monte Carlo Simulations,20000.0,Monte Carlo Simulations=20000,Black-Litterman,CL,0.0
2908,Monte Carlo Simulations,20000.0,Monte Carlo Simulations=20000,Black-Litterman,V,0.1594868102637947
2909,Monte Carlo Simulations,20000.0,Monte Carlo Simulations=20000,Black-Litterman,MA,0.09093818123637526
2910,Monte Carlo Simulations,20000.0,Monte Carlo Simulations=20000,Black-Litterman,MU,0.05113897722045558
2911,Monte Carlo Simulations,20000.0,Monte Carlo Simulations=20000,Black-Litterman,T,0.0
2912,Monte Carlo Simulations,20000.0,Monte Carlo Simulations=20000,Black-Litterman,JPM,0.0
2913,Monte Carlo Simulations,20000.0,Monte Carlo Simulations=20000,Black-Litterman,JNJ,0.0
2914,Monte Carlo Simulations,20000.0,Monte Carlo Simulations=20000,Black-Litterman,INTC,0.01703965920681586
2915,Monte Carlo Simulations,20000.0,Monte Carlo Simulations=20000,Black-Litterman,GE,0.1569568608627827
2916,Monte Carlo Simulations,20000.0,Monte Carlo Simulations=20000,Black-Litterman,MS,0.0
2917,Monte Carlo Simulations,20000.0,Monte Carlo Simulations=20000,Black-Litterman,RTX,0.0
2918,Monte Carlo Simulations,20000.0,Monte Carlo Simulations=20000,Black-Litterman,TXN,0.0
2919,Monte Carlo Simulations,20000.0,Monte Carlo Simulations=20000,Black-Litterman,IBM,0.0
2920,Monte Carlo Simulations,20000.0,Monte Carlo Simulations=20000,Black-Litterman,SPGI,0.0738785224295514
2921,Monte Carlo Simulations,20000.0,Monte Carlo Simulations=20000,Black-Litterman,LMT,0.0
2922,Monte Carlo Simulations,20000.0,Monte Carlo Simulations=20000,Black-Litterman,ADP,0.0
2923,Monte Carlo Simulations,20000.0,Monte Carlo Simulations=20000,Black-Litterman,COF,0.0
2924,Monte Carlo Simulations,20000.0,Monte Carlo Simulations=20000,Black-Litterman,WDC,0.0
2925,Monte Carlo Simulations,20000.0,Monte Carlo Simulations=20000,Black-Litterman,ABT,0.005729885402291953
2926,Monte Carlo Simulations,20000.0,Monte Carlo Simulations=20000,Black-Litterman,GILD,0.01613967720645587
2927,Monte Carlo Simulations,20000.0,Monte Carlo Simulations=20000,Black-Litterman,UNP,0.0
2928,Monte Carlo Simulations,20000.0,Monte Carlo Simulations=20000,Black-Litterman,ADI,0.0
2929,Monte Carlo Simulations,20000.0,Monte Carlo Simulations=20000,Black-Litterman,TMUS,0.04048919021619567
2930,Monte Carlo Simulations,20000.0,Monte Carlo Simulations=20000,Black-Litterman,MMM,0.0
2931,Monte Carlo Simulations,20000.0,Monte Carlo Simulations=20000,Black-Litterman,ADBE,0.11805763884722303
2932,Monte Carlo Simulations,20000.0,Monte Carlo Simulations=20000,Black-Litterman,AXP,0.0
2933,Monte Carlo Simulations,20000.0,Monte Carlo Simulations=20000,Black-Litterman,BA,0.005129897402051958
2934,Monte Carlo Simulations,20000.0,Monte Carlo Simulations=20000,Black-Litterman,CVX,0.0
2935,Monte Carlo Simulations,20000.0,Monte Carlo Simulations=20000,Black-Litterman,CSCO,0.0
2936,Monte Carlo Simulations,20000.0,Monte Carlo Simulations=20000,Black-Litterman,DD,0.0
2937,Monte Carlo Simulations,20000.0,Monte Carlo Simulations=20000,Black-Litterman,XOM,0.0
2938,Monte Carlo Simulations,20000.0,Monte Carlo Simulations=20000,Black-Litterman,FDX,0.0
2939,Monte Carlo Simulations,20000.0,Monte Carlo Simulations=20000,Black-Litterman,GS,0.0
2940,Monte Carlo Simulations,20000.0,Monte Carlo Simulations=20000,Black-Litterman,GM,0.0
2941,Monte Carlo Simulations,20000.0,Monte Carlo Simulations=20000,Black-Litterman,HAS,0.0
2942,Monte Carlo Simulations,20000.0,Monte Carlo Simulations=20000,Black-Litterman,JBL,0.0
2943,Monte Carlo Simulations,20000.0,Monte Carlo Simulations=20000,Black-Litterman,KMB,0.08009839803203936
2944,Monte Carlo Simulations,20000.0,Monte Carlo Simulations=20000,Black-Litterman,KLAC,0.0
2945,Monte Carlo Simulations,20000.0,Monte Carlo Simulations=20000,Black-Litterman,LOW,0.020449591008179835
2946,Monte Carlo Simulations,20000.0,Monte Carlo Simulations=20000,Black-Litterman,MKC,0.04234915301693965
2947,Monte Carlo Simulations,20000.0,Monte Carlo Simulations=20000,Black-Litterman,NEM,0.04691906161876762
2948,Monte Carlo Simulations,20000.0,Monte Carlo Simulations=20000,Black-Litterman,OLN,0.0
2949,Monte Carlo Simulations,20000.0,Monte Carlo Simulations=20000,Black-Litterman,PH,0.0
2950,Monte Carlo Simulations,20000.0,Monte Carlo Simulations=20000,Risk-Parity,PPG,0.015865521817698673
2951,Monte Carlo Simulations,20000.0,Monte Carlo Simulations=20000,Risk-Parity,DELL,0.01840907479015111
2952,Monte Carlo Simulations,20000.0,Monte Carlo Simulations=20000,Risk-Parity,QCOM,0.015482686772706986
2953,Monte Carlo Simulations,20000.0,Monte Carlo Simulations=20000,Risk-Parity,AMAT,0.012009051503759888
2954,Monte Carlo Simulations,20000.0,Monte Carlo Simulations=20000,Risk-Parity,MRK,0.03211406332843486
2955,Monte Carlo Simulations,20000.0,Monte Carlo Simulations=20000,Risk-Parity,AME,0.016980319601065136
2956,Monte Carlo Simulations,20000.0,Monte Carlo Simulations=20000,Risk-Parity,PG,0.037799592416640715
2957,Monte Carlo Simulations,20000.0,Monte Carlo Simulations=20000,Risk-Parity,CL,0.04331300692031018
2958,Monte Carlo Simulations,20000.0,Monte Carlo Simulations=20000,Risk-Parity,V,0.01866977846607881
2959,Monte Carlo Simulations,20000.0,Monte Carlo Simulations=20000,Risk-Parity,MA,0.0155048458123099
2960,Monte Carlo Simulations,20000.0,Monte Carlo Simulations=20000,Risk-Parity,MU,0.011900750244455534
2961,Monte Carlo Simulations,20000.0,Monte Carlo Simulations=20000,Risk-Parity,T,0.025515401928349512
2962,Monte Carlo Simulations,20000.0,Monte Carlo Simulations=20000,Risk-Parity,JPM,0.015151701254201606
2963,Monte Carlo Simulations,20000.0,Monte Carlo Simulations=20000,Risk-Parity,JNJ,0.0349923384524694
2964,Monte Carlo Simulations,20000.0,Monte Carlo Simulations=20000,Risk-Parity,INTC,0.01667566084970474
2965,Monte Carlo Simulations,20000.0,Monte Carlo Simulations=20000,Risk-Parity,GE,0.01282955436701264
2966,Monte Carlo Simulations,20000.0,Monte Carlo Simulations=20000,Risk-Parity,MS,0.013769813463829573
2967,Monte Carlo Simulations,20000.0,Monte Carlo Simulations=20000,Risk-Parity,RTX,0.012602804537171353
2968,Monte Carlo Simulations,20000.0,Monte Carlo Simulations=20000,Risk-Parity,TXN,0.016018447168711415
2969,Monte Carlo Simulations,20000.0,Monte Carlo Simulations=20000,Risk-Parity,IBM,0.01728273155474373
2970,Monte Carlo Simulations,20000.0,Monte Carlo Simulations=20000,Risk-Parity,SPGI,0.023684232907650097
2971,Monte Carlo Simulations,20000.0,Monte Carlo Simulations=20000,Risk-Parity,LMT,0.025209213560091724
2972,Monte Carlo Simulations,20000.0,Monte Carlo Simulations=20000,Risk-Parity,ADP,0.019609801570974927
2973,Monte Carlo Simulations,20000.0,Monte Carlo Simulations=20000,Risk-Parity,COF,0.010756173398914295
2974,Monte Carlo Simulations,20000.0,Monte Carlo Simulations=20000,Risk-Parity,WDC,0.011470445936297041
2975,Monte Carlo Simulations,20000.0,Monte Carlo Simulations=20000,Risk-Parity,ABT,0.02836753115488068
2976,Monte Carlo Simulations,20000.0,Monte Carlo Simulations=20000,Risk-Parity,GILD,0.031506110545582104
2977,Monte Carlo Simulations,20000.0,Monte Carlo Simulations=20000,Risk-Parity,UNP,0.018053896754415922
2978,Monte Carlo Simulations,20000.0,Monte Carlo Simulations=20000,Risk-Parity,ADI,0.015008707639458232
2979,Monte Carlo Simulations,20000.0,Monte Carlo Simulations=20000,Risk-Parity,TMUS,0.022928281065205516
2980,Monte Carlo Simulations,20000.0,Monte Carlo Simulations=20000,Risk-Parity,MMM,0.02163033921714158
2981,Monte Carlo Simulations,20000.0,Monte Carlo Simulations=20000,Risk-Parity,ADBE,0.024943826415417675
2982,Monte Carlo Simulations,20000.0,Monte Carlo Simulations=20000,Risk-Parity,AXP,0.012199320291734823
2983,Monte Carlo Simulations,20000.0,Monte Carlo Simulations=20000,Risk-Parity,BA,0.008954878392627492
2984,Monte Carlo Simulations,20000.0,Monte Carlo Simulations=20000,Risk-Parity,CVX,0.013598308874144649
2985,Monte Carlo Simulations,20000.0,Monte Carlo Simulations=20000,Risk-Parity,CSCO,0.019523187035184752
2986,Monte Carlo Simulations,20000.0,Monte Carlo Simulations=20000,Risk-Parity,DD,0.0142509503165909
2987,Monte Carlo Simulations,20000.0,Monte Carlo Simulations=20000,Risk-Parity,XOM,0.012863434778466949
2988,Monte Carlo Simulations,20000.0,Monte Carlo Simulations=20000,Risk-Parity,FDX,0.014737623365755955
2989,Monte Carlo Simulations,20000.0,Monte Carlo Simulations=20000,Risk-Parity,GS,0.014973776858124222
2990,Monte Carlo Simulations,20000.0,Monte Carlo Simulations=20000,Risk-Parity,GM,0.01242991459508039
2991,Monte Carlo Simulations,20000.0,Monte Carlo Simulations=20000,Risk-Parity,HAS,0.019985986531873595
2992,Monte Carlo Simulations,20000.0,Monte Carlo Simulations=20000,Risk-Parity,JBL,0.011400970721071229
2993,Monte Carlo Simulations,20000.0,Monte Carlo Simulations=20000,Risk-Parity,KMB,0.056790263524080044
2994,Monte Carlo Simulations,20000.0,Monte Carlo Simulations=20000,Risk-Parity,KLAC,0.012775877279302916
2995,Monte Carlo Simulations,20000.0,Monte Carlo Simulations=20000,Risk-Parity,LOW,0.023169380326886896
2996,Monte Carlo Simulations,20000.0,Monte Carlo Simulations=20000,Risk-Parity,MKC,0.037240117028611255
2997,Monte Carlo Simulations,20000.0,Monte Carlo Simulations=20000,Risk-Parity,NEM,0.03666615987997123
2998,Monte Carlo Simulations,20000.0,Monte Carlo Simulations=20000,Risk-Parity,OLN,0.009481299809441656
2999,Monte Carlo Simulations,20000.0,Monte Carlo Simulations=20000,Risk-Parity,PH,0.012902844975215384
