Date,Simulated (Max Sharpe Ratio),Equal-Weight,Markowitz,Black-Litterman,Risk-Parity
2021-01-05,0.0,0.0,0.0,0.0,0.0
2021-01-06,0.0,0.0,0.0,-0.005682648818673641,0.0
2021-01-07,0.0,0.0,0.0,0.0,0.0
2021-01-08,0.0,-0.0003204800293395982,-0.004003756259668312,0.0,-0.0007193791796182847
2021-01-11,-0.0026998397249669015,0.0,-0.012474164268537313,-0.0005249014387124218,-0.0005960970674427912
2021-01-12,-0.0032051751085523383,0.0,-0.019489534122678065,-0.001432848950208565,0.0
2021-01-13,0.0,-0.002300982807658891,-0.01400570139098456,-0.002094456833538705,-0.0018878232407421036
2021-01-14,0.0,0.0,-0.008828337119192176,0.0,0.0
2021-01-15,-0.010120284531336066,-0.010636787085127719,-0.017767195239102418,-0.007070229710807285,-0.00825710049478301
2021-01-19,0.0,0.0,-0.003762226226228793,0.0,0.0
2021-01-20,0.0,0.0,0.0,0.0,0.0
2021-01-21,-0.0024994520617437344,-0.005625906767052102,-0.006799500254942803,0.0,-0.005880051278979392
2021-01-22,-0.014047068865652212,-0.017284953550491755,-0.012589332745355897,-0.01415326464621558,-0.015972766822775597
2021-01-25,-0.008677960889841074,-0.019786966233081515,-0.008680540376315382,-0.014514790980031056,-0.015219331265750036
2021-01-26,-0.011521422125885139,-0.02489262750538368,-0.014710400270936619,-0.02167199911788409,-0.01873194599540684
2021-01-27,-0.04355128533160413,-0.048874849586453384,-0.062186775286560914,-0.06625437900225373,-0.041558953678964006
2021-01-28,-0.03317970694367611,-0.033656298921865946,-0.04615762359359854,-0.04253827772233998,-0.02921537431751353
2021-01-29,-0.045946069485213514,-0.04933849229389953,-0.05535565052768443,-0.059572362428247816,-0.04384312835817483
2021-02-01,-0.028946056067368775,-0.037759887907399814,-0.03741910327364484,-0.03374594552324928,-0.03405025232854053
2021-02-02,-0.012696487119871258,-0.02110329454768889,-0.022854797404255778,-0.0119975297257775,-0.020429283048812974
2021-02-03,-0.02066636608770167,-0.02378054463021184,-0.036067009568984676,-0.03222033975268146,-0.02388345755134902
2021-02-04,-0.028806800767102514,-0.01087156062169814,-0.055350776821780245,-0.007780981406685483,-0.013512921537412348
2021-02-05,-0.031024754018275535,-0.007810523782863066,-0.05873585713665741,-0.012690244385731408,-0.00853585263212564
2021-02-08,-0.02039548961802029,0.0,-0.04828489589499396,0.0,0.0
2021-02-09,-0.024967301613356363,-0.0042580766266369086,-0.05409604092048281,-0.003758451427042231,-0.00409177562570584
2021-02-10,-0.027769969126749006,-0.0064995393777274035,-0.057516933732999265,-0.008032498892181938,-0.006015757587132242
2021-02-11,-0.023040657311957258,0.0,-0.0650745798757939,0.0,-0.001802419519026155
2021-02-12,-0.014984689797306272,0.0,-0.05355856009165594,0.0,0.0
2021-02-16,-0.018622943938455427,0.0,-0.06377530867267289,0.0,-0.0018644087924727382
2021-02-17,-0.026797199694966745,-0.004071188548785076,-0.07445750228152193,-0.014182767012431374,-0.004947035490804885
2021-02-18,-0.02803212936714583,-0.007523181204167506,-0.0734560134933171,-0.009726553844844221,-0.006807467296908176
2021-02-19,-0.02751188728374032,-0.0014049537060875084,-0.08166535585738932,-0.0034437541986633846,-0.005563515585532586
2021-02-22,-0.04120357460137192,-0.0036038248009215845,-0.09223381869356728,-0.026097835316213125,-0.007548787207681262
2021-02-23,-0.0412786032636453,-0.002678059290920465,-0.09554295220072828,-0.015456082304143526,-0.007156941006634443
2021-02-24,-0.019791206825748753,0.0,-0.08342003690181676,0.0,0.0
2021-02-25,-0.044608094264030784,-0.02464414132735182,-0.09741889675312909,-0.04243178139652137,-0.02083710193005206
2021-02-26,-0.047341825629180656,-0.030794643283995504,-0.10460694453842723,-0.02956584451407085,-0.02946882213859192
2021-03-01,-0.026014453868822174,-0.005995190069854606,-0.08408802546148875,0.0,-0.008005128187374089
2021-03-02,-0.03319052253121313,-0.011162672146833974,-0.08458348377650826,-0.022852744991441964,-0.01077493929264417
2021-03-03,-0.04695918892459239,-0.01570050314358118,-0.10431070029524192,-0.0401348250012904,-0.016415913658724524
2021-03-04,-0.06598826646081013,-0.03282124288860211,-0.11771195313780292,-0.07325250119681148,-0.03120605085786443
2021-03-05,-0.04273449225921311,-0.007828401986653799,-0.08989824778494493,-0.04460660913520165,-0.006687288534585001
2021-03-08,-0.05294886127182419,-0.005870307499563743,-0.1014566017414209,-0.06786826293914894,-0.004143716146760901
2021-03-09,-0.03733146078093241,0.0,-0.08490296766312222,-0.035027416764428,0.0
2021-03-10,-0.03253416235922568,0.0,-0.0789234873702842,-0.05003659672864513,0.0
2021-03-11,-0.02199800740395652,0.0,-0.06811311711971091,-0.02442462431670467,0.0
2021-03-12,-0.02119140868706837,0.0,-0.0650208865830808,-0.03473443848303215,0.0
2021-03-15,-0.015614270769524041,0.0,-0.05928744978327949,-0.025688774440010054,0.0
2021-03-16,-0.012117014026599815,-0.0003668164919793382,-0.05484258060799896,-0.013069528110868811,0.0
2021-03-17,-0.0060068634273541255,0.0,-0.04698442436729,-0.001391527479356225,0.0
2021-03-18,-0.021284264473950376,-0.012136134467254367,-0.06357518570567855,-0.03556424560389215,-0.010127484986307667
2021-03-19,-0.020922229931070957,-0.013464230463729687,-0.05102967955224891,-0.043307744498931044,-0.011942508659060547
2021-03-22,-0.010636411418347924,-0.011813759936130652,-0.050340500424131296,-0.028901182420225657,-0.00865183522198909
2021-03-23,-0.02110814605219724,-0.02879195160780701,-0.06552732578494191,-0.05085045628569018,-0.021982444664740863
2021-03-24,-0.027479773558345078,-0.026840938649043133,-0.07646050833512019,-0.05544508133921955,-0.020538203358723472
2021-03-25,-0.019803023089087768,-0.017702132951723848,-0.07077943269029752,-0.05282494582953401,-0.012918915539052334
2021-03-26,0.0,0.0,-0.05064960662686224,-0.01256874192554358,0.0
2021-03-29,-0.0032990976701485764,-0.0037657404635218494,-0.05167478299831629,-0.02017330354413127,-0.0012307647888886164
2021-03-30,-0.006312359997694306,-0.005433760823119305,-0.05392239978509139,-0.024767794012603872,-0.005258143452420039
2021-03-31,-0.0007038093696376535,-0.005701025357859324,-0.04858522193707571,-0.007430028689471513,-0.006052441060814706
2021-04-01,0.0,0.0,-0.029638131387186406,0.0,0.0
2021-04-05,0.0,0.0,-0.016352682930668605,0.0,0.0
2021-04-06,-0.005360323800530309,-0.0035357737489766228,-0.01829170636564781,-0.006774986044117082,-0.002942805780396407
2021-04-07,-0.007035608714757835,-0.005608121379747866,-0.024685717609265967,-0.005198125131765097,-0.00547887853849649
2021-04-08,-0.0021354045644841335,-0.0018863318796999984,-0.019386712586226373,0.0,-0.0024602892125751286
2021-04-09,-0.0009058055197056492,0.0,-0.020710393282931117,0.0,0.0
2021-04-12,-0.0059554535025220234,-0.0022844702129640737,-0.02182194857709263,-0.005283753177435124,-0.0020484185574611846
2021-04-13,-0.00883724386819218,-0.00731386856659888,-0.0157607295164941,-0.01247538342515353,-0.005540996819990762
2021-04-14,-0.01384857177333676,-0.006218219247711154,-0.02588912626233597,-0.020798434688128253,-0.005042398928190028
2021-04-15,-0.002311309434364195,0.0,-0.003662884885791473,-0.011123389982326648,0.0
2021-04-16,0.0,0.0,-0.00021369366302637083,-0.011469228101046891,0.0
2021-04-19,-0.00945381166476944,-0.0056751673261856705,-0.013022006682236853,-0.0273062373762174,-0.005282091551704893
2021-04-20,-0.015732244734019796,-0.01776418817567993,-0.017891407809577875,-0.036597848239731,-0.013058066074946306
2021-04-21,-0.0011259520089659247,-0.0026328344267486647,-0.007981648628393678,-0.016413668081563304,0.0
2021-04-22,-0.01407886938665781,-0.014068636073535812,-0.01965505190903527,-0.03620696795499845,-0.01056018164919903
2021-04-23,-0.005922872265412993,-0.005942411744391252,-0.011107870003415954,-0.02157888184298684,-0.005350659580089512
2021-04-26,-0.001768797410042322,-0.0032214028413282136,-0.0105096322322481,-0.01386225841851707,-0.005124998040369921
2021-04-27,-0.0018426030914596714,-0.001938709685223361,-0.005380910468269828,-0.012136221318046925,-0.005612464403499273
2021-04-28,-0.007475084160232126,-0.005072584866984808,-0.009694810027029654,-0.02263829069477208,-0.008659939949326123
2021-04-29,0.0,0.0,0.0,-0.013529114378344698,-0.0014442726789531957
2021-04-30,-0.011837862723391046,-0.01091133681924028,-0.014733756595858849,-0.03175369944107431,-0.01069441898120782
2021-05-03,-0.009067345631867618,-0.0037409259062112232,0.0,-0.036591444315791755,-0.002116573514943876
2021-05-04,-0.017780531538823974,-0.0058176513366803295,-0.01368965063551364,-0.04717129948987375,-0.003930732268278225
2021-05-05,-0.011638292695388408,0.0,0.0,-0.04727936265847721,0.0
2021-05-06,-0.0020371575720764534,0.0,0.0,-0.043509227329149636,0.0
2021-05-07,0.0,0.0,0.0,-0.03522001670893493,0.0
2021-05-10,-0.019354459520689926,-0.010886583362929358,-0.02144902469921728,-0.07105869106324991,-0.007091018713238917
2021-05-11,-0.025341561316296835,-0.019759509771157147,-0.01903770041483499,-0.07294788871522861,-0.01543621747218804
2021-05-12,-0.04967946194758022,-0.044289654113142896,-0.038684608531825315,-0.10674033788640669,-0.037048978548179456
2021-05-13,-0.03350873929778919,-0.02821066849858267,-0.022012831679943834,-0.09161599134012421,-0.021453347477200402
2021-05-14,-0.016873681546859087,-0.01118460454998571,0.0,-0.06962922668408511,-0.006975351023881582
2021-05-17,-0.017644641438042452,-0.009836773450922043,0.0,-0.07278557388348494,-0.0049947580234610545
2021-05-18,-0.028126998553410165,-0.022384621767480017,-0.013448333914528265,-0.08231825082837974,-0.016208789509792876
2021-05-19,-0.025744223475714922,-0.024959504472447547,-0.013207858277757056,-0.07482807004140068,-0.01891213601836872
2021-05-20,-0.013462600989345819,-0.01528604614023421,-0.004816987779201143,-0.05730196031116652,-0.009494572547446345
2021-05-21,-0.014504450672392255,-0.012558583797430467,-0.007562458268324246,-0.061051132347906045,-0.008076095133396799
2021-05-24,-0.004153786070824617,-0.0034007357863982124,0.0,-0.04259407778060453,-0.0007399585340707171
2021-05-25,-0.004062402795761644,-0.007529694586210112,-0.006424911641768061,-0.04496211822481966,-0.005240043692186003
2021-05-26,-0.0030678882750615477,-0.005110708205855241,0.0,-0.043785598158924244,-0.0037795372848665743
2021-05-27,0.0,0.0,0.0,-0.04009318071460155,0.0
2021-05-28,0.0,-0.0011356193507789936,0.0,-0.03787669380175074,-0.0008285414712438932
2021-06-01,-0.0012022148827834922,0.0,-0.001821091745941139,-0.04243298455190003,-0.0001972450101375145
2021-06-02,0.0,0.0,-0.008268879415297858,-0.03679601974936508,0.0
2021-06-03,-0.0026596760788694107,0.0,-0.014606718866465918,-0.05045321810778114,0.0
2021-06-04,0.0,0.0,-0.00805211855737542,-0.033882006288902144,0.0
2021-06-07,-0.0033257812653935126,-0.004610758336481502,-0.010515083674914272,-0.0319461311067063,-0.004145503755236257
2021-06-08,-0.005254291455447202,-0.005716270737287532,-0.011465194018920433,-0.044559996558553805,-0.006319525538915238
2021-06-09,-0.009845685072078614,-0.010550269947712576,-0.016721890210717016,-0.0488346719178443,-0.009067302099540209
2021-06-10,-0.003707397449136174,-0.009070100010549087,-0.012693705900361896,-0.03555088226825376,-0.0057937617156244015
2021-06-11,-0.0018936122181482107,-0.006468848654696657,-0.014613789215159212,-0.03163829547489205,-0.004385046315964036
2021-06-14,0.0,-0.009422940917436895,-0.0148161916731393,-0.020687531371693213,-0.006806961185543359
2021-06-15,-0.0022897043444971565,-0.007845230685413762,-0.01432472730390355,-0.02145804480423441,-0.006255795758522975
2021-06-16,-0.011154157675536513,-0.01586192531398989,-0.02270463172874637,-0.035064046584221464,-0.014234362020230651
2021-06-17,-0.01528949868908891,-0.02833717884566389,-0.0413596208471001,-0.02964938355132396,-0.02525335560546138
2021-06-18,-0.030822837416572768,-0.046942831982418554,-0.05403096235679972,-0.04918410762318026,-0.04244483109524322
2021-06-21,-0.01821008026177673,-0.03023616770972437,-0.04161211819438215,-0.03881566657191127,-0.027264070313090416
2021-06-22,-0.015104857639690272,-0.028992297255879373,-0.03785565784598799,-0.03226263585789435,-0.026306614578426313
2021-06-23,-0.01674887356666699,-0.02977896819621839,-0.039991828817532715,-0.02907460813046614,-0.028447363233970235
2021-06-24,-0.007691827939866669,-0.021441885957171114,-0.03151326572322777,-0.016481327372107835,-0.02116853731055801
2021-06-25,-0.006091096439838295,-0.01793902716386553,-0.0396911349166118,-0.010922810523031456,-0.016909019435904837
2021-06-28,-0.0020262635227277226,-0.019982456748649957,-0.03567587032337671,-0.004655508854447765,-0.018023088792926467
2021-06-29,0.0,-0.018295670229934613,-0.02856954535734002,-0.0017610387738069555,-0.016481044368865105
2021-06-30,0.0,-0.013789893991920321,-0.025253772683828668,0.0,-0.011886158094263632
2021-07-01,-0.00401960860493733,-0.013634785883753664,-0.028664732726154774,-0.01909547562269487,-0.01137024245790752
2021-07-02,0.0,-0.010989206237413618,-0.022013665654986525,-0.012215557587809789,-0.007920307452281894
2021-07-06,-0.00628097510560488,-0.020913945537934464,-0.025021896003063038,-0.009819194666677244,-0.01628065253969002
2021-07-07,-0.005236862980545265,-0.019171970779299885,-0.025954340283992683,-0.0173468911882797,-0.013704379703489256
2021-07-08,-0.014116912709862928,-0.02948424724939902,-0.03427827778228254,-0.027614217593950774,-0.023317776037697024
2021-07-09,-0.0022697077133525534,-0.013998308540958626,-0.02447453040790948,-0.01721871102902517,-0.010161371439366684
2021-07-12,0.0,-0.010799092675943589,-0.021293151717948544,-0.013638600895551134,-0.008573171732898954
2021-07-13,-0.004774576262817298,-0.017065734691403822,-0.02127786517412511,-0.012734043957093544,-0.013622598033046218
2021-07-14,-0.0005371907543750831,-0.01898806847364487,-0.01757137300957512,-0.008839079109051462,-0.014215428000013741
2021-07-15,-0.005367857946643628,-0.022650792216881044,-0.021586215813811704,-0.015993050123599417,-0.01663917213194488
2021-07-16,-0.013725225280117548,-0.03467766684000384,-0.031064962626647263,-0.03011944501381547,-0.026088416152567184
2021-07-19,-0.02570361954829814,-0.0519506451902102,-0.044273637945394184,-0.04373916472950801,-0.04123272003898948
2021-07-20,-0.01713140989024431,-0.036264207959627925,-0.041940254462655924,-0.027983239178696273,-0.02900168737899067
2021-07-21,-0.007636922698702087,-0.022983788344677736,-0.03762482210192131,-0.010256693056284738,-0.01932350273447736
2021-07-22,-0.010760949324121194,-0.0289816298354042,-0.038721517450179044,-0.012685369586400763,-0.024171609855389686
2021-07-23,-0.003212012861982916,-0.023796656534678995,-0.03656333083281049,-0.0017412916037251591,-0.018467235138741045
2021-07-26,-0.0012153255311161404,-0.01784222510672484,-0.035328083155745094,-0.0029213270268473313,-0.01375497543388493
2021-07-27,-0.008365710850478214,-0.022967210171978225,-0.04785966507350403,-0.015269867762116474,-0.01724373262812906
2021-07-28,-0.0076185982922405415,-0.021422501724893794,-0.043580814544339264,-0.010533137327299658,-0.01658286398496589
2021-07-29,0.0,-0.011504655250921147,-0.02853467628571771,0.0,-0.00815290820047998
2021-07-30,-0.002534378625042799,-0.013461884693777404,-0.03279292639150999,0.0,-0.010763899284665368
2021-08-02,-0.005360650375146769,-0.017408526151330705,-0.03831058939026244,-0.00676580463584131,-0.014525673324000343
2021-08-03,-0.000376477491743743,-0.008607818356726527,-0.034546046084102056,0.0,-0.0057539307534111295
2021-08-04,-0.007403602988447333,-0.018557802621367858,-0.0460939052422753,0.0,-0.01564985056986412
2021-08-05,-0.006099978472994705,-0.01354418557435344,-0.05043990694238565,0.0,-0.01179426778276138
2021-08-06,-0.004419792259006794,-0.008313558244381736,-0.05535135962660731,0.0,-0.008710809039778056
2021-08-09,-0.005951883247771739,-0.012746387725139363,-0.05908013247304034,-0.009806640672594735,-0.012603437238977389
2021-08-10,-0.00829711005614242,-0.009514623409164202,-0.06414040405407029,-0.03148527277036439,-0.00996714494140949
2021-08-11,-0.0029654322443236625,-0.003181720653822828,-0.0518357021451219,-0.036512418736572294,-0.0037029843877547375
2021-08-12,-0.006021911256655521,-0.0073061723961678204,-0.054163498264089505,-0.05821943159407217,-0.006389160031746721
2021-08-13,-0.0025356892844735635,-0.006856739715034865,-0.04890354821293341,-0.0533400799026833,-0.004846561902490332
2021-08-16,-0.002712300895498232,-0.007220968585891052,-0.0547650977464067,-0.049237493949072064,-0.0038174811122837493
2021-08-17,-0.013506192263537442,-0.018418291480465032,-0.06358832976922757,-0.055793419904304975,-0.012080166348935384
2021-08-18,-0.026643997071721492,-0.029259390903063953,-0.07960527025174713,-0.06743679440078831,-0.024087620632159745
2021-08-19,-0.02808593044318297,-0.03548135945373032,-0.08523697429434873,-0.06289184249508961,-0.02772352678510137
2021-08-20,-0.024218303163726973,-0.03085759030753843,-0.08246752212437847,-0.062133174671833435,-0.023356511628435328
2021-08-23,-0.015213652878041217,-0.02115609341541369,-0.0724986782854663,-0.04523962860507291,-0.015315895682899927
2021-08-24,-0.015165347766746606,-0.01893911530040182,-0.07244643198646095,-0.04476766047401792,-0.01472152346043043
2021-08-25,-0.014079342174005749,-0.013025613918328793,-0.07883462175256539,-0.03705776336590083,-0.011479924737859304
2021-08-26,-0.021387256767957052,-0.01860976875458542,-0.08908784971538997,-0.045287677207032084,-0.016477943124126093
2021-08-27,-0.011748410025514633,-0.008557869071591062,-0.07780418414487911,-0.0309085177289411,-0.008401332995034871
2021-08-30,-0.01199756090348214,-0.012997122232682679,-0.08138737070475766,-0.032435028037111735,-0.010913654539442486
2021-08-31,-0.012142569190171648,-0.015099458125218956,-0.08025231259067367,-0.03541579340110701,-0.012220029266378218
2021-09-01,-0.012525731965766451,-0.018178514978128946,-0.07828984150931462,-0.03611433890245874,-0.014508369466760818
2021-09-02,-0.01201500164693281,-0.016014605134678672,-0.07922716899460969,-0.03889600611106292,-0.011335389975366317
2021-09-03,-0.014337487359192491,-0.019331779774222846,-0.07766881466643638,-0.03541382233645307,-0.013719498539783381
2021-09-07,-0.02277591315995009,-0.026408463667336846,-0.08898274229844028,-0.03724443220598095,-0.022152035281052695
2021-09-08,-0.02462494693581274,-0.029888479858465544,-0.09517884658133868,-0.04055474040538043,-0.023723620597494666
2021-09-09,-0.028181669774680396,-0.030741351611329404,-0.10353788799206165,-0.034991073302035325,-0.026787634736244903
2021-09-10,-0.029834551770482776,-0.03274270486982611,-0.10561059801040718,-0.03499287661460038,-0.029160741449770433
2021-09-13,-0.025590149834413767,-0.024673837717508085,-0.102580086384633,-0.03271758645722889,-0.022717459004604312
2021-09-14,-0.03329729969991735,-0.033505148413083274,-0.11296958524122236,-0.036084626581222135,-0.030175698198383505
2021-09-15,-0.030988272711153897,-0.023479905726484618,-0.11832780125504949,-0.02432126451444372,-0.02142128480587957
2021-09-16,-0.030128447549096604,-0.024978314626042497,-0.12101917762400882,-0.017412178760988772,-0.024111845444154234
2021-09-17,-0.042397125340308706,-0.03303291377986883,-0.1334690150885275,-0.028145626649017097,-0.031426568904398655
2021-09-20,-0.055637564714202115,-0.05025817230694629,-0.14744580769361026,-0.048895675429370344,-0.046674202087637506
2021-09-21,-0.05850300688176335,-0.053860106538237806,-0.14772255193609474,-0.04845562240254275,-0.04932874778695007
2021-09-22,-0.0533252426480505,-0.04197641855074141,-0.15741749027919472,-0.04032810854711344,-0.04049864546760662
2021-09-23,-0.04240938527074678,-0.025483407643520972,-0.1516603350023038,-0.027045956308532793,-0.026686308373567447
2021-09-24,-0.04234382114075674,-0.023594504983559306,-0.1572613790569639,-0.02602434685386379,-0.025475583688157055
2021-09-27,-0.044499324321448874,-0.01912295058816127,-0.16128589316599895,-0.03231822332966039,-0.023474769597590428
2021-09-28,-0.0637156085068451,-0.03517771930560232,-0.17059232020446102,-0.06566062513114068,-0.03715829664181358
2021-09-29,-0.06459629893773211,-0.03819289388041647,-0.1719664157138412,-0.0762881735921147,-0.03806532419614361
2021-09-30,-0.07540691488122986,-0.051180446315364,-0.17242927689411458,-0.08306205759992236,-0.05076446070597651
2021-10-01,-0.06915596911275201,-0.03828049803401423,-0.17502383699885105,-0.07368243946753028,-0.04022947881643513
2021-10-04,-0.07894154936012321,-0.045581083420396906,-0.18050072387708982,-0.09406740313694828,-0.046608777854187045
2021-10-05,-0.07253423206044052,-0.03699840872951721,-0.17732012434572975,-0.08853549445525233,-0.040143663611563074
2021-10-06,-0.0710968715210808,-0.038119164868973154,-0.1757198367744237,-0.08762970619869126,-0.04010838831557717
2021-10-07,-0.06544079193759655,-0.029387495401222874,-0.17969001928124495,-0.07714248251146905,-0.03172243976954692
2021-10-08,-0.06827013712711139,-0.029124393399656445,-0.18641242861647989,-0.08241745133352707,-0.032302064169528744
2021-10-11,-0.07579414755740332,-0.03595655915648854,-0.20044894632281196,-0.09089772013878994,-0.03875837945810834
2021-10-12,-0.0812724366972648,-0.04116691981437859,-0.20213174269495127,-0.09917775999518141,-0.04372624874319064
2021-10-13,-0.07613424570962946,-0.04193873018978023,-0.1909942309638506,-0.0971791660181458,-0.04268702157755122
2021-10-14,-0.058135720060562,-0.02621205764468637,-0.17174304201862356,-0.07737176320872485,-0.027443652058127155
2021-10-15,-0.053095384308188054,-0.018592917464971714,-0.1742473767424445,-0.07114138488737032,-0.021367809084508305
2021-10-18,-0.054169305699287684,-0.018770094023779826,-0.17795747847768306,-0.06831967586742893,-0.023537538802815505
2021-10-19,-0.045935672634825675,-0.01144561006853384,-0.16864412034647758,-0.05700719935805065,-0.015725887948986217
2021-10-20,-0.04223371116517438,-0.006430845887561709,-0.1600055841906498,-0.06116683126807565,-0.010601088124992941
2021-10-21,-0.044248772350850785,-0.008811062737385966,-0.16791263801813805,-0.057360045115277036,-0.012559018137556555
2021-10-22,-0.04386096683314045,-0.003082713606274101,-0.16841224841721558,-0.051813981611504634,-0.008023038524984982
2021-10-25,-0.04361943181164185,-0.000643469699962318,-0.16692014977194103,-0.045605392256782507,-0.006105843237593778
2021-10-26,-0.045353989313986265,-0.0024359816672083756,-0.16486352544268557,-0.04760585853669885,-0.00699280739194752
2021-10-27,-0.05596827897433432,-0.02014765569645871,-0.16801563500222028,-0.06713404088671826,-0.022678046192478596
2021-10-28,-0.04800626284996368,-0.011894915438903753,-0.17424763501595264,-0.05904162921431921,-0.015562387708743186
2021-10-29,-0.05034896805734923,-0.012795951242134507,-0.18095853454987487,-0.04834899432272122,-0.017387385652477327
2021-11-01,-0.045211854066174895,-0.0053919330733590565,-0.1753735408199243,-0.04339806421560655,-0.011572134882625318
2021-11-02,-0.040192633659280164,-0.0008182115049526484,-0.17328848625875226,-0.042035496201011435,-0.006710193546253795
2021-11-03,-0.027984346188953624,0.0,-0.1508072575247411,-0.035060015498698416,0.0
2021-11-04,-0.0006808571108358752,0.0,-0.11943081385197274,-0.013922233096144376,0.0
2021-11-05,0.0,0.0,-0.10516051870602927,-0.001550259647613239,0.0
2021-11-08,0.0,0.0,-0.10069819053823925,0.0,0.0
2021-11-09,0.0,0.0,-0.09866398882108862,0.0,0.0
2021-11-10,-0.012557998912204105,-0.0060876435609068524,-0.10559779345541476,-0.01706546703936951,-0.00283751874926641
2021-11-11,-0.006973686122757283,-0.001845132211984124,-0.09640597100498272,-0.014193190745831474,-0.0003678356118507198
2021-11-12,0.0,0.0,-0.09425499797949177,0.0,0.0
2021-11-15,0.0,0.0,-0.09014635061301035,-0.0006083294450049959,0.0
2021-11-16,0.0,0.0,-0.07085835497835247,0.0,0.0
2021-11-17,-0.0018022691385293221,-0.006505664186553517,-0.07587587532803364,-0.016137368761685478,-0.005402237908134433
2021-11-18,-0.0018845515183661954,-0.009965622567418286,-0.0769036741903315,-0.013062622233695032,-0.009525595987718183
2021-11-19,-0.006572186352486797,-0.018411328432334062,-0.08554396858475188,-0.002154464880992024,-0.015852320855588076
2021-11-22,-0.011252149257674815,-0.017559555617246425,-0.09321579115891743,-0.018630566786667524,-0.01466335974299815
2021-11-23,-0.008517585387059046,-0.01127689415476163,-0.09294784414999258,-0.010447819777964273,-0.009192436853618036
2021-11-24,-0.009469346280855495,-0.011049406057397682,-0.09763882226889486,-0.0005967905965166276,-0.009351220542508254
2021-11-26,-0.031290198122283064,-0.03570942750826123,-0.10976959967774669,-0.02775295955420809,-0.029988157648343616
2021-11-29,-0.011225809799031206,-0.02692193160337586,-0.09783858536789802,-0.002329083495609119,-0.022150111043736986
2021-11-30,-0.033968073270788435,-0.051206883565185435,-0.12190669123579467,-0.023344937526441956,-0.045798538914005316
2021-12-01,-0.04153722179719377,-0.05812450491637555,-0.13854038797626322,-0.02552558332362409,-0.05155985876017699
2021-12-02,-0.028849596524233245,-0.04158005926340813,-0.12511138533514687,-0.023746752818276762,-0.03683572787384026
2021-12-03,-0.032415198691461256,-0.04362689583239332,-0.11157984996605208,-0.04497567638896982,-0.03661613090340243
2021-12-06,-0.021384891435540565,-0.029705623386406033,-0.09984331671251301,-0.03357429163056558,-0.02310693926901286
2021-12-07,0.0,-0.010284850194970607,-0.08042299214495863,0.0,-0.007358941794352036
2021-12-08,-0.0008514553111582668,-0.009354329501727321,-0.08699902220266553,0.0,-0.006405672720696476
2021-12-09,-0.007305518260057209,-0.014916216936534998,-0.0892916898483821,-0.01491592031371436,-0.010651599093181141
2021-12-10,0.0,-0.0073893576961536755,-0.08418872413690137,-0.0035800305592631476,-0.0031676981396854265
2021-12-13,-0.005722287883716426,-0.02182142553230737,-0.08491148154559647,-0.015127854699618082,-0.012514533815000006
2021-12-14,-0.014261263126958745,-0.02674774706939731,-0.08648802923253884,-0.03277251250808744,-0.017540357325496636
2021-12-15,0.0,-0.015946773596973052,-0.07940087241532912,-0.01116321969896672,-0.007649546157445841
2021-12-16,-0.01762256565120912,-0.0169848764613717,-0.07657347179503893,-0.040966170702066984,-0.004882203430503607
2021-12-17,-0.02767698507462113,-0.029850265244101393,-0.07011575333811781,-0.049530538701346716,-0.016880321477156124
2021-12-20,-0.0353486497188118,-0.042885111641253415,-0.07766988691512411,-0.0631044249633731,-0.027600861181120484
2021-12-21,-0.018950314736693508,-0.022121188904662192,-0.0657214527427753,-0.016305037307313253,-0.011654709151885823
2021-12-22,-0.012510651580305288,-0.0147142662688311,-0.06448307506930762,-0.009590251356130008,-0.004423241369019171
2021-12-23,-0.004380932868592091,-0.005362113047156503,-0.05699526675335709,0.0,0.0
2021-12-27,0.0,0.0,-0.04998582895538184,0.0,0.0
2021-12-28,-0.002034519787958322,-0.0005437218856153558,-0.05262823324365917,-0.01070067996174262,0.0
2021-12-29,0.0,0.0,-0.04957179397349076,-0.00022843246769943537,0.0
2021-12-30,-0.006471391435732943,-0.004508719281402618,-0.052900228280887474,-0.011234964877798181,-0.0034046200269330917
2021-12-31,-0.005380686009107349,-0.0038799374056265323,-0.052168558189843894,-0.013738666754342432,-0.002686212330802795
2022-01-03,-7.825328570176815e-05,0.0,-0.0559672765347331,-0.0026543284614636287,0.0
2022-01-04,0.0,0.0,-0.053917356689982654,0.0,0.0
2022-01-05,-0.01150019291238924,-0.009013147916359876,-0.07246155103475937,-0.009522977711927894,-0.005260770034921758
2022-01-06,-0.009175766956979747,-0.008188072155749127,-0.06819945846570741,-0.009508163675211456,-0.006275349171088185
2022-01-07,-0.010826371405849633,-0.010231592268641454,-0.07202177444712843,-0.0120436308854861,-0.006863711752433277
2022-01-10,-0.014899218305829853,-0.014379087813990554,-0.0799426336161122,-0.014603646861971131,-0.009732436723978943
2022-01-11,-0.00607332877037714,-0.005295606042954426,-0.06921486820201195,-0.008071414408459043,-0.0039551208570169916
2022-01-12,-0.0039029382550512803,-0.003476491003036819,-0.06696480856688691,-0.005474921330561933,-0.003346869080234849
2022-01-13,-0.008579799745461858,-0.005770971221279897,-0.07369601912873713,-0.009624495610439765,-0.005946012866414163
2022-01-14,-0.008946130035833888,-0.004948744617648937,-0.08008150928025148,-0.014357683993109105,-0.0059803268244623675
2022-01-18,-0.028497918249601906,-0.02352879729604429,-0.09927748110421197,-0.02603130353354366,-0.020059110513143574
2022-01-19,-0.039459439097092375,-0.03537147693182119,-0.1091454482882035,-0.034835449491801174,-0.02690889621217174
2022-01-20,-0.05521544165297465,-0.04885457921203429,-0.13188686410826755,-0.046768411162611656,-0.038722641384927536
2022-01-21,-0.06702180379177858,-0.06149742855472007,-0.14007956696305746,-0.058442865889079654,-0.04756458063076485
2022-01-24,-0.06398960566140977,-0.05887418067470529,-0.13139934015717125,-0.05977161248674068,-0.046987366791533036
2022-01-25,-0.06502334504878637,-0.06303874341359184,-0.13367020252008877,-0.06627908481079348,-0.05021906592385539
2022-01-26,-0.0712482368442322,-0.07084829198169773,-0.14849966941273662,-0.06771438160107124,-0.061529578265096196
2022-01-27,-0.07479461107451935,-0.07626624337513799,-0.15172102378024188,-0.06526591110229041,-0.06181925284071821
2022-01-28,-0.06243133146200486,-0.06440219109894096,-0.138253994329667,-0.04006398135010347,-0.049215621798628484
2022-01-31,-0.047181720521803916,-0.0493833234067641,-0.12162566597278501,-0.029325513568847716,-0.03777822955595145
2022-02-01,-0.037952892171471575,-0.039327797628201266,-0.11524517204651008,-0.020252988194601307,-0.031104520211861497
2022-02-02,-0.029433146677253386,-0.031446904916489826,-0.11485662166216537,-0.01479101570276764,-0.024618735729001973
2022-02-03,-0.0384696511503575,-0.043030538402999974,-0.12449950892110406,-0.02472099706523101,-0.033319734067873474
2022-02-04,-0.043696553001102645,-0.0487612471061305,-0.13323538448540495,-0.02961240186948566,-0.04079548560600332
2022-02-07,-0.045999020173546956,-0.048589289233501476,-0.14023862969462153,-0.03170254876045919,-0.040943559619188385
2022-02-08,-0.03652305890124974,-0.04067726552431905,-0.1295825035313095,-0.025650715397496526,-0.03536502439782363
2022-02-09,-0.023524339348562573,-0.026861352978566955,-0.11718128491003721,-0.01719012846986534,-0.025362501732446363
2022-02-10,-0.039333567339707054,-0.04310593083757841,-0.1357853643744008,-0.034092408571852806,-0.04190186946728869
2022-02-11,-0.050522600922366934,-0.05524701465708859,-0.14392317748149808,-0.04175647693587281,-0.049922781041670694
2022-02-14,-0.060319369637985454,-0.06116437987000001,-0.15468063215525496,-0.046845694322344644,-0.05573328205251382
2022-02-15,-0.04568873407865626,-0.04531914348251864,-0.1427036571750684,-0.03546291816392699,-0.04476736212382548
2022-02-16,-0.043924257699730296,-0.043493864450111275,-0.14225115267734834,-0.03544959152391136,-0.04408362872690452
2022-02-17,-0.059452646462412106,-0.05893383584774603,-0.15528216221114532,-0.05009978302229612,-0.055278876678758415
2022-02-18,-0.06750526232938237,-0.06641209549885141,-0.15938491872087857,-0.059054687615115675,-0.06098252010377492
2022-02-22,-0.07812925700945039,-0.07632185060512686,-0.16989203495523053,-0.06411459297085242,-0.06985645665249518
2022-02-23,-0.08742861510146671,-0.08829924252823584,-0.17730752817246498,-0.07563438002115253,-0.07950720361440211
2022-02-24,-0.08679409249109338,-0.0861298637317881,-0.17578345990739774,-0.07522733228377565,-0.0817620944077313
2022-02-25,-0.06702475375471406,-0.06500007505297223,-0.15434646922373596,-0.05904318851941848,-0.05920456260571705
2022-02-28,-0.07035095515088075,-0.07061331758110856,-0.15403397326778845,-0.06698817387642908,-0.06451928518901018
2022-03-01,-0.08235371384492951,-0.08767186934516347,-0.1647173819540615,-0.07579390105865835,-0.0761544045831053
2022-03-02,-0.06151757510039568,-0.06902182066325846,-0.14290147717146717,-0.060769286531339395,-0.060372496929485986
2022-03-03,-0.06601208752510168,-0.07373289411438844,-0.147859432796687,-0.063565356510769,-0.061755107133826814
2022-03-04,-0.07050023345432566,-0.08207852457136267,-0.14790457786269195,-0.06901133987185515,-0.06447070321144366
2022-03-07,-0.09045351473330687,-0.10698367083187799,-0.1649135529902831,-0.09035268812618802,-0.08287124398927181
2022-03-08,-0.09549345166261936,-0.11004227888339313,-0.17008383147322126,-0.1034711070405342,-0.09236080613308573
2022-03-09,-0.07963142120570721,-0.09107465537207549,-0.15865126409965202,-0.08602500134822388,-0.07721455963297186
2022-03-10,-0.08419549569834517,-0.09697847505012902,-0.1606516867100971,-0.096521110865461,-0.08429528632779448
2022-03-11,-0.09178791749475002,-0.10532956899312718,-0.16470596935458015,-0.10873031249373777,-0.09301307458315
2022-03-14,-0.09085790422463458,-0.10865451817774541,-0.15276270610572273,-0.10654779359887856,-0.0939366874798836
2022-03-15,-0.08034386611457234,-0.09702874359687019,-0.15022251620216454,-0.09257116193073156,-0.08197830773064008
2022-03-16,-0.06717311061706088,-0.08002409712368908,-0.13991798793907162,-0.08077510537275989,-0.07181259334671741
2022-03-17,-0.05947965594965687,-0.07155474899122116,-0.13352878681123337,-0.07212418754763472,-0.06367673162890175
2022-03-18,-0.05403950559617077,-0.06692947060604526,-0.12748644170154433,-0.06718456440902842,-0.06159206933260475
2022-03-21,-0.05301215756297617,-0.06712235417744195,-0.1310541004942941,-0.06680789373366358,-0.06000275409027722
2022-03-22,-0.046684043095719385,-0.059599158559062504,-0.12531724908134045,-0.05846466891851598,-0.0534382032591344
2022-03-23,-0.061616218906554665,-0.07359238769009524,-0.14590290442807852,-0.07496446174750104,-0.06598292037793141
2022-03-24,-0.05254534132720723,-0.062345399048752914,-0.14269952466582358,-0.06498924666589634,-0.057363897858771606
2022-03-25,-0.04812550886331546,-0.057237008231939335,-0.1460560811274929,-0.0590622783268423,-0.05128164313391581
2022-03-28,-0.050234985899211826,-0.058185705201659554,-0.14723376224088347,-0.05701307952791257,-0.05102571301994285
2022-03-29,-0.039238224335097494,-0.04413074488636215,-0.13149074284840412,-0.04494639514973253,-0.0394128109530093
2022-03-30,-0.04559086880236962,-0.05126060153091516,-0.1409443795550409,-0.05046104584839961,-0.043564319398071816
2022-03-31,-0.06347711636425313,-0.0665480071731035,-0.154402418860751,-0.06103199992560493,-0.05644460385196948
2022-04-01,-0.061805301133179724,-0.0647944107557874,-0.14877401223328812,-0.05509853062210002,-0.051393609604997614
2022-04-04,-0.05923016191697472,-0.06158576866676091,-0.14458821058614724,-0.04986755731156711,-0.04923625614101035
2022-04-05,-0.06669800483660515,-0.07438612187280347,-0.1436464938605415,-0.05726932033122545,-0.057650779122653706
2022-04-06,-0.06911377259533269,-0.07996837980887805,-0.144304908637383,-0.06381928570100803,-0.05942931888323122
2022-04-07,-0.06082618522557681,-0.07543222747393385,-0.13755582084776363,-0.05970985921938421,-0.053419077926306846
2022-04-08,-0.05817391978745534,-0.07543779123912364,-0.12706289344612864,-0.05914983203069679,-0.052888576424482414
2022-04-11,-0.06954580580186365,-0.08293596875163578,-0.1418409797844059,-0.06688003372782991,-0.05890324512917677
2022-04-12,-0.06881257450017009,-0.08318391267132708,-0.14050932656366577,-0.07198140854486401,-0.060129358871078176
2022-04-13,-0.06056639123763208,-0.07417841661899727,-0.13131126754380096,-0.06891724158350876,-0.05234227005985248
2022-04-14,-0.06686764682813162,-0.07969275875112203,-0.1376930390400979,-0.07596223625922527,-0.05685837989427911
2022-04-18,-0.06614979268128307,-0.07754647258120062,-0.13920670404337288,-0.07540905617104388,-0.05797705156733812
2022-04-19,-0.05166466297793526,-0.0635567623623069,-0.12500299113716906,-0.06255742071583359,-0.04500673862682558
2022-04-20,-0.042136898676231715,-0.05589691701546218,-0.11443005551715124,-0.05568050116142209,-0.03635070310877908
2022-04-21,-0.05478683089900793,-0.06676021270366228,-0.1274091188728238,-0.064176804915279,-0.04479332258125357
2022-04-22,-0.07679600296534617,-0.08751752502356447,-0.15360654155246745,-0.08179197446265396,-0.060801432555836143
2022-04-25,-0.07442218882245921,-0.08345126289467086,-0.1544057074308911,-0.07580266044065376,-0.05525832980587575
2022-04-26,-0.09156904939018828,-0.10533122053959842,-0.16744799748391737,-0.09897390974129472,-0.07518204445598442
2022-04-27,-0.09148726122488371,-0.10346881574053157,-0.16521184534728173,-0.08993927446561756,-0.07283004644578173
2022-04-28,-0.07163919219873027,-0.0826205482604443,-0.14947075613469085,-0.07002157776403872,-0.05394840821852798
2022-04-29,-0.09061101884622436,-0.1085334142687896,-0.15951771164544437,-0.09745618890407148,-0.08057250012522621
2022-05-02,-0.08523342243804066,-0.10283389654178043,-0.14738067540384048,-0.0981110947609406,-0.07881646822574429
2022-05-03,-0.07708600111445896,-0.09431433032896186,-0.13738577964186616,-0.09633431872166909,-0.07345385686192163
2022-05-04,-0.050924724585421965,-0.06717719930779587,-0.10970690656445281,-0.07245887324966971,-0.04803916690413068
2022-05-05,-0.07541728937275893,-0.09246872710302045,-0.13494642952575853,-0.09949822250422768,-0.07130919988375495
2022-05-06,-0.08036035165284994,-0.09651909861014907,-0.14137442422698687,-0.10208998631409005,-0.0728951434898345
2022-05-09,-0.10507008693479392,-0.12117300816020671,-0.16072068851552523,-0.12111072551514679,-0.09184723369061054
2022-05-10,-0.10835021415522705,-0.12205829804366619,-0.16619162829034784,-0.12197545645827057,-0.09400461015622019
2022-05-11,-0.11523832064340767,-0.12938053002744854,-0.17445274544829348,-0.1254711063652343,-0.09953879207019611
2022-05-12,-0.1107189876908079,-0.12883609071475044,-0.16372551895394272,-0.12370898357700855,-0.0971516283782965
2022-05-13,-0.09367687768484867,-0.11121216125399513,-0.14705930457570104,-0.10842204979599868,-0.08339798728885217
2022-05-16,-0.0919617843921372,-0.11225934519588066,-0.14503268029542404,-0.10914355090369199,-0.08243742687874445
2022-05-17,-0.07009045681701842,-0.08992604486042666,-0.12648738955252858,-0.09241529475718202,-0.06479022654422673
2022-05-18,-0.10076408355269639,-0.12066286406763371,-0.15379063804915327,-0.12313154146103866,-0.09620600374718868
2022-05-19,-0.10860789936954462,-0.12889500531647258,-0.16134488896063204,-0.13274123259547932,-0.1057477076880422
2022-05-20,-0.10944561909112605,-0.13006325188488388,-0.16050176668656502,-0.12908633802005798,-0.10506315187660586
2022-05-23,-0.09236136790844052,-0.11405258668442331,-0.14928544910133923,-0.1096387188450968,-0.09002100716572103
2022-05-24,-0.09436129437536722,-0.11670102741100097,-0.15385472510455123,-0.10873269186175649,-0.08798785277663768
2022-05-25,-0.08631867103246094,-0.10838405265394091,-0.14576193954104222,-0.1041673708919505,-0.08264313291232928
2022-05-26,-0.07100611308089833,-0.09275073571040138,-0.12874435014499663,-0.09580555381677824,-0.07126725809127521
2022-05-27,-0.04843414889264386,-0.07371198056504624,-0.1103962569893634,-0.07867162401823014,-0.05503960404603059
2022-05-31,-0.05672584317056728,-0.07930433882970045,-0.12186017088396839,-0.0836328058036454,-0.06023306018486718
2022-06-01,-0.06595604756626616,-0.08705609224739241,-0.13337948794665577,-0.09307616532050766,-0.06834109942228872
2022-06-02,-0.05027086774704104,-0.07304201755525097,-0.11725340847060883,-0.08046428405201167,-0.057282994798176445
2022-06-03,-0.05854004601932894,-0.08407320724115097,-0.12409735621413698,-0.0918268444091016,-0.06644198769976273
2022-06-06,-0.05884548883015028,-0.08339061709015627,-0.12686080493437446,-0.09258980642049852,-0.06608455319521267
2022-06-07,-0.04696701334361075,-0.07313855993640694,-0.11747590439919575,-0.08444339818268998,-0.05692631340728649
2022-06-08,-0.0599948167051183,-0.08633767822868421,-0.1275273454027528,-0.09582026395457577,-0.06930300252593369
2022-06-09,-0.07551335461245434,-0.10534928529338117,-0.1353819838021959,-0.11567341838731338,-0.08747721773884776
2022-06-10,-0.09938596936445376,-0.12956653119106554,-0.16163062938565798,-0.1362640274675595,-0.10654126769315242
2022-06-13,-0.1318737967648721,-0.16104022261074513,-0.19348956883338397,-0.1624292863463207,-0.13392659522379646
2022-06-14,-0.13772131272379873,-0.16308383131814175,-0.1999064521666034,-0.17106698337286874,-0.14005609730814106
2022-06-15,-0.13866606668718984,-0.15791617208323439,-0.2135370354233963,-0.16519915472630808,-0.13541457254725453
2022-06-16,-0.1640381806409278,-0.18481455791412382,-0.2376680700011915,-0.18572954237071493,-0.15642474575143828
2022-06-17,-0.16675560836323833,-0.18491010616377845,-0.24336723303794305,-0.18564791256790847,-0.1562637789997745
2022-06-21,-0.1466262134406846,-0.16612588978040366,-0.22885520712859075,-0.1675431060862329,-0.13601077003248696
2022-06-22,-0.15022354735478394,-0.1688419827449571,-0.23357905012788882,-0.16709704452580254,-0.13519783537622
2022-06-23,-0.15036244208124305,-0.16843892121223214,-0.2359530748542663,-0.15841048185574802,-0.12991416622978913
2022-06-24,-0.12679431168151445,-0.14186268434196037,-0.2148169613221076,-0.1344883146671072,-0.1054664788243469
2022-06-27,-0.12496913903811868,-0.14271823883624968,-0.2112615679110047,-0.13660116753111284,-0.10680124387712608
2022-06-28,-0.13763710796026885,-0.15328971645959477,-0.22305958481250265,-0.15011848612495193,-0.1186373972760626
2022-06-29,-0.14384570647991546,-0.15958307889510337,-0.22756428718289634,-0.1523637179285332,-0.12164797430991114
2022-06-30,-0.14909678043483754,-0.1667702785783597,-0.23321365324345422,-0.16081228918478785,-0.12778765483289511
2022-07-01,-0.1479388526952795,-0.16517940847770574,-0.2271860533975245,-0.15698458150474515,-0.12316674093610946
2022-07-05,-0.15524414359319427,-0.1696398514902795,-0.2324278348451596,-0.15622439754380102,-0.12779848607502642
2022-07-06,-0.15444705807227976,-0.16885059480428832,-0.2291232716783771,-0.15391219816114532,-0.12619781411788178
2022-07-07,-0.14085242427645217,-0.15644353082541007,-0.21430745315308086,-0.1466311552393761,-0.1183316517268963
2022-07-08,-0.14151230841464835,-0.15823191685606341,-0.21342870831308958,-0.1479819497225019,-0.12118412768271936
2022-07-11,-0.1463646801080235,-0.1645514775303163,-0.2184741642373521,-0.1504420170364027,-0.12530330432941295
2022-07-12,-0.14941259408329766,-0.16619324269118074,-0.2234818971380106,-0.15330328875554222,-0.12838817947643788
2022-07-13,-0.15219450001609625,-0.16935118437434638,-0.22323309003303293,-0.1554862120416951,-0.13110832405809736
2022-07-14,-0.15569936341764146,-0.17268453343085666,-0.2278258770296414,-0.15945969409647665,-0.13531574554197967
2022-07-15,-0.1427968818556532,-0.15893367323220342,-0.21812355905846914,-0.14698551605896448,-0.12413647353622903
2022-07-18,-0.14939553652791626,-0.16468092394416511,-0.21929386106454862,-0.15906149943131231,-0.13280977908462477
2022-07-19,-0.13060735849849103,-0.14293852657138484,-0.19771234244558877,-0.14143204493826744,-0.11555597768826242
2022-07-20,-0.1290488776115789,-0.13988415800813803,-0.197973556012212,-0.13985111188868105,-0.11615533274187428
2022-07-21,-0.1251399744296231,-0.1368286693239975,-0.19503816290692633,-0.13394655860701543,-0.11418461705307004
2022-07-22,-0.1312050947255572,-0.14344188568835614,-0.1964544811203971,-0.1382392495307727,-0.11797995028314123
2022-07-25,-0.12936609519276676,-0.14339977403177673,-0.19307818326438475,-0.13912795776333775,-0.11850059058780604
2022-07-26,-0.13498871144547175,-0.14862293756624134,-0.20124368902340473,-0.14198916146672247,-0.12148710477676128
2022-07-27,-0.12232222117486702,-0.1340886093678183,-0.18721260394268102,-0.1342905364979634,-0.11049193248968037
2022-07-28,-0.1137484206015833,-0.12473665567501124,-0.1798588933959252,-0.1268357020688281,-0.10167063661451259
2022-07-29,-0.10455439636887165,-0.11667206713985356,-0.16812558014595147,-0.12489509893939787,-0.0975255050336763
2022-08-01,-0.10347709972345465,-0.1144502185904841,-0.1695852734952521,-0.12336464367342193,-0.09359221524274086
2022-08-02,-0.11164978183168439,-0.12282621680199324,-0.1789421211933575,-0.1295943545001289,-0.10145545278146273
2022-08-03,-0.10416753169178594,-0.11292799097921924,-0.16937929653857697,-0.12026779106644758,-0.0917828090082018
2022-08-04,-0.10527161640672,-0.11365031518577617,-0.1677063955709397,-0.11894607653778744,-0.09349389460200108
2022-08-05,-0.10236242868595335,-0.1128198442323104,-0.16375195036463386,-0.11577195069712964,-0.09267243409884274
2022-08-08,-0.10194491121584837,-0.11352625973683261,-0.15644317047934786,-0.1168925871612918,-0.092505010479778
2022-08-09,-0.10853794545521123,-0.12002869335645261,-0.161250697941129,-0.11917623701162805,-0.09607810775891001
2022-08-10,-0.08924599353729934,-0.10166950328887303,-0.14140225658935246,-0.10580014155950324,-0.08134393632809733
2022-08-11,-0.08603146934664141,-0.09888584336353645,-0.13623546466018055,-0.10613881353064647,-0.08119361897229738
2022-08-12,-0.07213010534200692,-0.08496928810516013,-0.12032115015528555,-0.09409190808542855,-0.06832205934107127
2022-08-15,-0.07184169816125052,-0.08292067495575339,-0.11749241130910737,-0.08585830958760465,-0.06430196508409325
2022-08-16,-0.06747561325054563,-0.08059023047070768,-0.10882054046548306,-0.08357037644414056,-0.060890490910495476
2022-08-17,-0.07339488927582649,-0.0890927788781567,-0.11078536916389281,-0.09035727650628533,-0.06771861937645451
2022-08-18,-0.0662698314973923,-0.08303811022880403,-0.10247605121223369,-0.08971804665113714,-0.06335809987325192
2022-08-19,-0.0777115885784384,-0.09335437857630735,-0.11477894916403397,-0.09966185327500066,-0.07042290918381433
2022-08-22,-0.09315523668396575,-0.11165246510916238,-0.1280977133325486,-0.11650614780920399,-0.08675263888746132
2022-08-23,-0.09199595239704605,-0.1106369594626222,-0.1259127302506593,-0.12210156718860932,-0.08865660815470622
2022-08-24,-0.09165998255286001,-0.1091580446282181,-0.12576427087275088,-0.12241261514288959,-0.0880985050650358
2022-08-25,-0.07681638478531005,-0.09532373129918392,-0.11356379767280855,-0.11227533739114814,-0.07797825062720509
2022-08-26,-0.11115795778578852,-0.1274258882238506,-0.14226031597115762,-0.14263958757071038,-0.10812643001259126
2022-08-29,-0.11504633934214636,-0.13195715121233864,-0.14288753905753127,-0.14716112646065382,-0.11250084164438068
2022-08-30,-0.12654311121640527,-0.1418504031100477,-0.15518198154912433,-0.15412979685438277,-0.12128173294420386
2022-08-31,-0.1350537786250683,-0.1501960205098808,-0.1605724893828111,-0.16114232671879924,-0.12935028461981557
2022-09-01,-0.13512458397474525,-0.1505140518884165,-0.1584529951673611,-0.15586308551686368,-0.12615049595397332
2022-09-02,-0.1421484691212198,-0.15866863127915498,-0.1658003440730359,-0.1658887562975362,-0.13604776482719616
2022-09-06,-0.1458296965450966,-0.16338270484688777,-0.17057459367294736,-0.1670692360863184,-0.14070654749361933
2022-09-07,-0.1327483456802535,-0.15060123992353502,-0.15369357268737383,-0.1528914964138134,-0.1276349140324602
2022-09-08,-0.12501918623676023,-0.14566111917102564,-0.14515227420989685,-0.15452533554974346,-0.12547195042995718
2022-09-09,-0.11313893021784582,-0.13295426754134232,-0.13504782542262062,-0.14418975861898609,-0.11432424478897851
2022-09-12,-0.10735381014111467,-0.12511248451893553,-0.1263196697919401,-0.13591081905243718,-0.10637392958803427
2022-09-13,-0.14514307003141824,-0.16139523623423435,-0.17061353755976982,-0.1682619482406178,-0.13959842658063337
2022-09-14,-0.1429057617898849,-0.1592954598590396,-0.17507337985124571,-0.16618397545556707,-0.1370765427736319
2022-09-15,-0.15227780200144836,-0.1690514008816716,-0.18617084056010103,-0.18064406988875392,-0.14661904729920272
2022-09-16,-0.1581585514800966,-0.17803216375980102,-0.19547469994016042,-0.18298642302744428,-0.15214242806519562
2022-09-19,-0.15331272456678757,-0.17304695581875795,-0.18527339706124646,-0.18220988497002621,-0.14845834976186933
2022-09-20,-0.16568278125417446,-0.18415257281175756,-0.20291604082111214,-0.1925336447485575,-0.1591433575847232
2022-09-21,-0.1762319407779609,-0.19551590583056555,-0.21426349724306837,-0.2042720047597797,-0.16985835441542974
2022-09-22,-0.18036388347682708,-0.2024419916985437,-0.21675766694678977,-0.2076735787939017,-0.17355590174253144
2022-09-23,-0.19415146134410743,-0.21772370565571608,-0.22848212955967528,-0.21770663606212415,-0.1867622130361254
2022-09-26,-0.20515875782681425,-0.22847742451832043,-0.23956149959208128,-0.2284158763524634,-0.19654114317388005
2022-09-27,-0.20642776071946933,-0.23063307992799298,-0.23832902522063326,-0.23343270962745832,-0.20110730687304024
2022-09-28,-0.1918585459055675,-0.2165178003443723,-0.22159450814854442,-0.2245890128694913,-0.18887997805427081
2022-09-29,-0.20430978027552038,-0.22916943126504785,-0.23351508915344954,-0.23486414340490458,-0.2013731927418524
2022-09-30,-0.21318419465705052,-0.23946056719651465,-0.240786702586127,-0.24578484687842694,-0.2125079412863533
2022-10-03,-0.1884761522647116,-0.2161444259550369,-0.21468409763027319,-0.22622917415122035,-0.19118658883347595
2022-10-04,-0.16262730993253172,-0.1898676211110859,-0.18849535344298662,-0.20247438982708188,-0.16765791219201853
2022-10-05,-0.16009639458485259,-0.19021310153009685,-0.18263327054279543,-0.2032126117983566,-0.16967800262081023
2022-10-06,-0.1662507531957056,-0.19773507669403922,-0.18506815403933619,-0.21154106855358912,-0.17848207958415896
2022-10-07,-0.18277216198055657,-0.21443482405091974,-0.19888745018559917,-0.2222614426055325,-0.19284121769774587
2022-10-10,-0.18776047992266276,-0.22053965578792345,-0.20231487980652885,-0.2221201657281956,-0.1956612619097814
2022-10-11,-0.1903740106540821,-0.22444324314241648,-0.20173180298753512,-0.22512454649272162,-0.19716160475406308
2022-10-12,-0.19642587170325565,-0.22921335188572978,-0.20805052643434252,-0.22991381225893404,-0.2019216766225208
2022-10-13,-0.17657846413465916,-0.20857867167660815,-0.19198435867608843,-0.20998286631808172,-0.18262553402599535
2022-10-14,-0.19192573301045734,-0.22374775057494067,-0.20685015561799158,-0.22074181362389078,-0.19617767886570947
2022-10-17,-0.176334763883774,-0.20962597682609885,-0.19062321110544644,-0.20650956846384638,-0.18232192881295184
2022-10-18,-0.16499733670366568,-0.19851127776004984,-0.18190570929287742,-0.19392386601504008,-0.17094709896515914
2022-10-19,-0.17390046542757798,-0.20278029127791442,-0.19787709311331914,-0.19774545199066706,-0.17643757332800525
2022-10-20,-0.17761218934455092,-0.2056129976350871,-0.20858160646232626,-0.20147576256755528,-0.17994404584352797
2022-10-21,-0.15664301649610335,-0.18518629964458289,-0.19032292233807035,-0.18128188836034476,-0.1608389289111859
2022-10-24,-0.1477165422620651,-0.17666442371237978,-0.1821142107117194,-0.17218517777321884,-0.1508585173382726
2022-10-25,-0.13736155966648778,-0.1658972062570524,-0.1675635813242623,-0.1615120072493117,-0.14034438957587192
2022-10-26,-0.13437126235983488,-0.16198926968223604,-0.1650760480257294,-0.15212945637455233,-0.13510285592641513
2022-10-27,-0.12957831714375667,-0.16067740391249152,-0.1561952397355887,-0.14930574912325612,-0.13349400665632039
2022-10-28,-0.10502417584551327,-0.13545282350542187,-0.12091080924662434,-0.12255091685001551,-0.10792383212610346
2022-10-31,-0.11230530570373176,-0.14063385965287534,-0.1314386832596769,-0.12770562248404183,-0.11251204879367327
2022-11-01,-0.10700581332277914,-0.13621369435384434,-0.12532290927388934,-0.1259278549632561,-0.11020509869945094
2022-11-02,-0.12462497551835694,-0.1524459636196258,-0.14711155043834723,-0.14304978233071397,-0.12592670237963066
2022-11-03,-0.1273694439181735,-0.15736517068624822,-0.1465117150196782,-0.15017203212240537,-0.1312571072361154
2022-11-04,-0.10885059414071319,-0.1387328702704983,-0.12920367442802794,-0.13463235599659706,-0.11537382017121578
2022-11-07,-0.09823212828052674,-0.12799713239556587,-0.11913591174222427,-0.12246048072807647,-0.10478668518229295
2022-11-08,-0.09089674907217915,-0.11974276673343554,-0.11328811104625447,-0.11576620281206873,-0.096762376471484
2022-11-09,-0.10782186553709161,-0.13575468530409585,-0.1315579401235336,-0.13077692732135549,-0.11024972734520366
2022-11-10,-0.06507646024098712,-0.09507493515815257,-0.08269202534832376,-0.09419362580470558,-0.07430449037053921
2022-11-11,-0.06159975327431422,-0.08758413602101267,-0.078727182813641,-0.09407685073006877,-0.071335519941643
2022-11-14,-0.06495953531678189,-0.09265201135525658,-0.0797515222929206,-0.09575409331265805,-0.07528495503271926
2022-11-15,-0.06030796704574304,-0.08773902244396292,-0.07794312427689642,-0.08864528796993854,-0.07042793646849321
2022-11-16,-0.06802188404672971,-0.09852283355217495,-0.08086334838736575,-0.09371694066408043,-0.07700708381814192
2022-11-17,-0.06727662762566111,-0.09668496974953711,-0.08285621844633861,-0.0921961249984855,-0.07476965357802057
2022-11-18,-0.06086640873788296,-0.09101525566325652,-0.07715690524977614,-0.08757056610213976,-0.06775563336080159
2022-11-21,-0.06288721988650714,-0.09261971005188163,-0.07846993920387602,-0.08921987059487313,-0.06673604571474867
2022-11-22,-0.04593316801598024,-0.07774217191109589,-0.06051826397658189,-0.07555510663608489,-0.053373247246006894
2022-11-23,-0.043602200432585336,-0.07520979572916808,-0.06159453015650607,-0.07167345590493535,-0.05121547208567501
2022-11-25,-0.04308240052794943,-0.07458233162690187,-0.060281964145015854,-0.0703297849206389,-0.04996132725854463
2022-11-28,-0.05899472515326054,-0.09137020540143848,-0.07758017432873565,-0.08392269992269585,-0.06411444368735719
2022-11-29,-0.057664496189367864,-0.08798197803507124,-0.0759956478140058,-0.08399357139801289,-0.06146068557414819
2022-11-30,-0.03824884528714967,-0.06704032846911845,-0.05901243210035878,-0.06279996533246002,-0.04143583361663816
2022-12-01,-0.0377450513256371,-0.06839926655223505,-0.05474145218795512,-0.06308206892102863,-0.04113050925379802
2022-12-02,-0.03762620644575465,-0.06753608595794192,-0.05451456698287327,-0.060502462705011806,-0.038761176818552734
2022-12-05,-0.054879036164890205,-0.08193886417319896,-0.07791759146225241,-0.07712683214610727,-0.052754418102200384
2022-12-06,-0.06636437235511117,-0.09299303777976531,-0.08933042924255974,-0.08495419521903591,-0.062478384906664686
2022-12-07,-0.06343251246977899,-0.0924162682797185,-0.08379411858981534,-0.08448027738901809,-0.06081646651035
2022-12-08,-0.05858668055370231,-0.08720550057212262,-0.08158356017690427,-0.07763182854589268,-0.05554370315452206
2022-12-09,-0.0663304582463824,-0.09441593774752732,-0.09187482699469818,-0.08523743036677556,-0.0629266979194043
2022-12-12,-0.05171257678317487,-0.0802348347009132,-0.07627249757945576,-0.07230674833772455,-0.05002249214764609
2022-12-13,-0.04285986077939552,-0.07386557929375193,-0.06603015501206422,-0.06855173472875309,-0.04384619478238461
2022-12-14,-0.047089866408945635,-0.07919401237871937,-0.06965206220518938,-0.0700587701053429,-0.04684424997030412
2022-12-15,-0.07353211197942988,-0.10479558891817287,-0.09535665499739199,-0.0931152346017522,-0.07056014120620924
2022-12-16,-0.07834335216688904,-0.10994959331066412,-0.10107675757192813,-0.09686669598849817,-0.07554022230340329
2022-12-19,-0.08273612249057338,-0.11595475386552534,-0.1064916047389095,-0.10119790125379247,-0.08106430219893856
2022-12-20,-0.0801658784180147,-0.11378451482796614,-0.1092467481331667,-0.09875187695914256,-0.07953110577451128
2022-12-21,-0.06759377895354379,-0.10103862081949944,-0.09705884607686699,-0.08883612747947967,-0.0673042234364154
2022-12-22,-0.07968976240428105,-0.11280919968613023,-0.10860755056591631,-0.09688775793617121,-0.0757052237852931
2022-12-23,-0.07293094561501212,-0.10760344122760646,-0.09963907217025514,-0.09360638516394959,-0.07139870847031349
2022-12-27,-0.06986550826680638,-0.10542806377664704,-0.09578823267076109,-0.0905111014698895,-0.0682387964685841
2022-12-28,-0.08026117641206487,-0.11686887764465115,-0.10544054586925,-0.0994209795300457,-0.07966925166045935
2022-12-29,-0.06856415551469752,-0.10420734404079302,-0.09557450639532505,-0.0875946787588946,-0.06823644627197889
2022-12-30,-0.07063156220125533,-0.10550631770006302,-0.09980657152149841,-0.08971111542104793,-0.0704605426758459
2023-01-03,-0.07356543358526746,-0.10548466407297619,-0.10745249945203317,-0.08971937013316833,-0.0691288040047432
2023-01-04,-0.06324636137669581,-0.09021641276364845,-0.10500649741094414,-0.07563881899021596,-0.05610752430831534
2023-01-05,-0.06264982993857826,-0.09432661704845668,-0.09415552909232283,-0.07678305327755708,-0.05965650468767325
2023-01-06,-0.042265555011928746,-0.06862809985206386,-0.08695620942855808,-0.05441672681456189,-0.03669374570428974
2023-01-09,-0.0476435176980291,-0.0699264129543049,-0.11358249258843667,-0.06458610879727122,-0.04278999144308604
2023-01-10,-0.0385788723321685,-0.06212972291450236,-0.1042998298845017,-0.058313620808263855,-0.035785339985875964
2023-01-11,-0.031117475285321827,-0.054312622277286726,-0.10015386042050556,-0.053489303745274164,-0.03015620715776679
2023-01-12,-0.02616872303057083,-0.05163417203451903,-0.09597006436963695,-0.051082660367479105,-0.02822009534969161
2023-01-13,-0.026835342668062756,-0.05059324628512374,-0.1000634991660505,-0.05591428433947432,-0.026892555721778177
2023-01-17,-0.030398572820065528,-0.0570439278607171,-0.1069270529464158,-0.06079237116803504,-0.033802552699517596
2023-01-18,-0.044823211627700865,-0.07045518656337724,-0.1220446059977518,-0.08029798365290419,-0.0497814336389536
2023-01-19,-0.053822007271317474,-0.08226590542147527,-0.11846472045872225,-0.09088738430757082,-0.05927835579335128
2023-01-20,-0.038987218781662,-0.06645279373583013,-0.11183300810537189,-0.07728660134125398,-0.04590686059134563
2023-01-23,-0.02825575539053704,-0.051072898435379654,-0.11419859246962427,-0.06329378701430988,-0.03516965952158346
2023-01-24,-0.026152719432812055,-0.05357380322054672,-0.10999186078838352,-0.05485121425766615,-0.03675070972535521
2023-01-25,-0.02463577813881157,-0.052501258811237905,-0.10908871966586231,-0.053269105298142994,-0.03549178646198747
2023-01-26,-0.017185607610348708,-0.049248769172393625,-0.09850692155220642,-0.05218310692141859,-0.03493324268955644
2023-01-27,-0.020925385505514926,-0.050454283377328046,-0.10850534316975413,-0.04674123026964261,-0.038377463111918475
2023-01-30,-0.028968836247311613,-0.05997146183933322,-0.11257596268168002,-0.055709427950464296,-0.046145980071467974
2023-01-31,-0.015131754273540632,-0.045497424789148866,-0.10124743678094306,-0.048011784414559444,-0.03279755113504246
2023-02-01,-0.010072342726061057,-0.03583611730389025,-0.10622516251456338,-0.04438147877977927,-0.025508614505950322
2023-02-02,-0.012175420180945529,-0.02743496537517598,-0.12963397260483644,-0.04441295496688813,-0.022032800013186193
2023-02-03,-0.015693151382019987,-0.0336846323330936,-0.12422450332585289,-0.04206937626457108,-0.02723983261696461
2023-02-06,-0.02025187747445889,-0.041945823877022836,-0.1149315276361842,-0.041652956176850386,-0.03352400077690776
2023-02-07,-0.007785918000219216,-0.03171228537624615,-0.10313367657067396,-0.037195276235320374,-0.025599864098856062
2023-02-08,-0.016686642402054308,-0.0420047195305977,-0.10365784283327961,-0.04181719764842817,-0.03372733147895868
2023-02-09,-0.022058801227737623,-0.049858460612493216,-0.10253229106153416,-0.04353647084066303,-0.04159787158867545
2023-02-10,-0.009398409447857858,-0.04482196930234783,-0.07888107120591492,-0.03592056303027136,-0.034299960828169995
2023-02-13,-0.00139630916917588,-0.034475298851268765,-0.07629647496013992,-0.029232175553879247,-0.024875642646890683
2023-02-14,-0.0026148300372179634,-0.03520935867387953,-0.08395497571033395,-0.027073410969147393,-0.02769634550740041
2023-02-15,0.0,-0.032012140900758435,-0.08890147981961838,-0.02239230624066746,-0.026532067153212324
2023-02-16,-0.0068545801666791695,-0.04287088878176937,-0.09939661843337677,-0.03533730211603081,-0.036414887629644954
2023-02-17,-0.012005938325745702,-0.0445773928719323,-0.1000986716140777,-0.03371190446313144,-0.034894168481814036
2023-02-21,-0.026858059690823333,-0.06507597853465763,-0.10010493170053769,-0.04843427256595556,-0.05173758876933765
2023-02-22,-0.030061625444330553,-0.06762689593426197,-0.10482727167361439,-0.0499105420260364,-0.054253670837353773
2023-02-23,-0.027316722471883326,-0.0648451354861721,-0.10000291021661045,-0.04625093855717777,-0.0526222385423758
2023-02-24,-0.032589363631363,-0.07297910976244737,-0.10322962939519464,-0.04982934803077688,-0.05995896780019472
2023-02-27,-0.03360794268585365,-0.0713784552019966,-0.10512736785673238,-0.04953342483218637,-0.05826660140489481
2023-02-28,-0.036984145736583596,-0.07458313737025879,-0.11604850039177939,-0.05207496596213468,-0.06337326269243138
2023-03-01,-0.03543946921926411,-0.07539512004883797,-0.11351783233447066,-0.05450499599656511,-0.06471972655058389
2023-03-02,-0.029611616963918008,-0.06897383236068788,-0.109309074753283,-0.05018048960837618,-0.05843552802599894
2023-03-03,-0.020422784323309573,-0.05839802534119498,-0.10420643005974906,-0.04320023115689231,-0.0490235404231546
2023-03-06,-0.020520942651815033,-0.06136619815289113,-0.09018974821572523,-0.039369002288832555,-0.04968446752200428
2023-03-07,-0.035289203856935236,-0.07771999405495633,-0.09736205678510801,-0.05256692381636208,-0.06544199887969093
2023-03-08,-0.034646755473718316,-0.07349685064342004,-0.10851020040440928,-0.050363576722847636,-0.06359884961060924
2023-03-09,-0.0480030243874805,-0.08884691595409866,-0.11590794217130684,-0.06419411849572465,-0.07731128865227077
2023-03-10,-0.05859882541252315,-0.10108067449779912,-0.11872400586889142,-0.07567481473741433,-0.08684627617972429
2023-03-13,-0.06429077103136582,-0.10770332245829928,-0.1257991404184935,-0.07760585544907006,-0.09092840575226568
2023-03-14,-0.05242021926538254,-0.09477926714001284,-0.11776587506482683,-0.06722235343415428,-0.07977719700765307
2023-03-15,-0.0718214552461306,-0.10812288063072972,-0.13338190934442817,-0.0875761156303897,-0.08999833028359583
2023-03-16,-0.06317992526075555,-0.09470947522271334,-0.13530952159169807,-0.07601513635170853,-0.07993832003070456
2023-03-17,-0.07302881636243186,-0.10366128263843732,-0.1531317527627155,-0.08855243211688502,-0.08930221088816193
2023-03-20,-0.05795779286202818,-0.09282548703426452,-0.1345607804936455,-0.07281528590230013,-0.07751292392837206
2023-03-21,-0.045702182585799056,-0.0839391705180701,-0.1239433626708284,-0.062459636134207686,-0.0706659047939675
2023-03-22,-0.06131794701527438,-0.09901710656997897,-0.13781103414105522,-0.07472082868398,-0.08478807059471205
2023-03-23,-0.061261401785704606,-0.09484609050384618,-0.14073940211639424,-0.07156020384035744,-0.08238944360995859
2023-03-24,-0.0582306164136529,-0.09244480053962678,-0.13409744715414063,-0.06824852194148923,-0.07723514857428682
2023-03-27,-0.05140425195606857,-0.08704227958034483,-0.12405537293494018,-0.06285550557349662,-0.07100653485882935
2023-03-28,-0.04955442827674583,-0.08580809844919857,-0.12313973279791779,-0.0587042979434933,-0.0685100675076743
2023-03-29,-0.034583723973750535,-0.06886234106935563,-0.11805024864257907,-0.044794346047055456,-0.05525755260657195
2023-03-30,-0.02977209387668167,-0.06307755541987914,-0.11439006121327011,-0.04457725802159662,-0.0504035895141004
2023-03-31,-0.020290000138981856,-0.05225102511029256,-0.11109200044533996,-0.04022142286921848,-0.039857570852661506
2023-04-03,-0.006851818668590304,-0.04747113448504581,-0.08070350698195672,-0.028673297883854088,-0.032386257783513894
2023-04-04,-0.015172604614056784,-0.056713351330163086,-0.08415002621393874,-0.04549997263449257,-0.038925155731530214
2023-04-05,-0.01336344291218794,-0.05892283709471213,-0.06900852925977086,-0.05197821038055206,-0.03688881464957883
2023-04-06,-0.018167211401579397,-0.06119757274478965,-0.07343607605757296,-0.053056941387448764,-0.038347863274964644
2023-04-10,-0.014400643306948124,-0.05468344266609937,-0.07168375241972036,-0.039960490414182925,-0.03468613189454495
2023-04-11,-0.014258746568707736,-0.05286978745736837,-0.07424360299623978,-0.03889237415351443,-0.03342317232985692
2023-04-12,-0.016769529877501577,-0.05705809173116516,-0.07175122944790024,-0.035003870383506275,-0.03580089587860358
2023-04-13,-0.009564806420798821,-0.04977379707725671,-0.062329088963411494,-0.030835841006671805,-0.027691079112546868
2023-04-14,-0.012001921923854741,-0.051895453287725046,-0.06459247035637095,-0.030735350892767355,-0.03014653657229227
2023-04-17,-0.009719472765161608,-0.04755363914241195,-0.06735496072637259,-0.023735548419602903,-0.02669090590604206
2023-04-18,-0.0031652494458728198,-0.045943586913595014,-0.05621942944247649,-0.017707432488076158,-0.02520138380616599
2023-04-19,-0.008050641711488393,-0.050354096827512906,-0.06149425463863811,-0.02506006605865707,-0.028710772227928283
2023-04-20,-0.018117840229907922,-0.05534623520025128,-0.06538416415588899,-0.028252413198299076,-0.034141983919468544
2023-04-21,-0.019536856035499817,-0.05533580722876463,-0.06328000714468796,-0.03163973854954083,-0.03271931047464838
2023-04-24,-0.017899063142111538,-0.0552371032909017,-0.056694072378223326,-0.03331065116597964,-0.03194264412266812
2023-04-25,-0.03243966166486778,-0.07068958095128186,-0.06379761418638796,-0.045545157980094064,-0.04341729334898026
2023-04-26,-0.042306169797229565,-0.079204486647797,-0.08349601462543887,-0.05898832988565639,-0.05455131304341909
2023-04-27,-0.028331501958430816,-0.06231269567757758,-0.07425760988911412,-0.041115659192012544,-0.038113548553373566
2023-04-28,-0.021613408794180278,-0.052964812662475214,-0.07137774229827087,-0.033201992136580594,-0.031107839481314015
2023-05-01,-0.026234391850437966,-0.0547957046750438,-0.0772550816054387,-0.02995067194561074,-0.03188672502238443
2023-05-02,-0.04397293531211566,-0.06508224398049967,-0.0923286751221597,-0.03526523159773154,-0.04106916106967251
2023-05-03,-0.053377221442842515,-0.07196969652459373,-0.10148333859947423,-0.04448539571550214,-0.04772900513960443
2023-05-04,-0.06379769262570956,-0.08058741269347303,-0.11010081321726595,-0.050437707488130035,-0.05480013078702228
2023-05-05,-0.048742972743715085,-0.06567492517544737,-0.09889540022439713,-0.03594979384199137,-0.04200942839401911
2023-05-08,-0.049815695867467924,-0.06651162266324007,-0.09984280381218591,-0.03823141179683898,-0.0435433960439231
2023-05-09,-0.053226537827052445,-0.07048918177445018,-0.10134421029204388,-0.036106005448792056,-0.04714840200332904
2023-05-10,-0.055401509407306926,-0.07314675995193842,-0.10430129712574676,-0.04212844581923314,-0.04912140797617548
2023-05-11,-0.06210393105454559,-0.07758395847950028,-0.11068543628331584,-0.04418356062770645,-0.05357023414348572
2023-05-12,-0.06045353276350196,-0.07696084234481793,-0.11225198696471939,-0.042657491234399325,-0.05228467996737651
2023-05-15,-0.05183864597081156,-0.06453279609853224,-0.11272716626883694,-0.029934368926088917,-0.04390712890441828
2023-05-16,-0.06245436029762963,-0.07283749984642462,-0.1225336049738297,-0.041108414362814316,-0.05250543414288378
2023-05-17,-0.04867375286074249,-0.059292102660289836,-0.11429949402532591,-0.026896157725769143,-0.04191822337827855
2023-05-18,-0.042417661031400544,-0.05032736849824926,-0.11522957595139027,-0.019013421347368942,-0.037380001067929824
2023-05-19,-0.04323158341171496,-0.051629116505253925,-0.11004635784635775,-0.019795676534254403,-0.037224826277679535
2023-05-22,-0.04433039573573494,-0.05375559711630451,-0.11628856741246874,-0.023502919793956134,-0.04091880764814626
2023-05-23,-0.04853161032641107,-0.061939916100223424,-0.11610954698451903,-0.037369395017306406,-0.04876595555659624
2023-05-24,-0.056294409706238,-0.07403107221804817,-0.11159857497466197,-0.044882228554910086,-0.05878655635453034
2023-05-25,-0.0595011996592163,-0.0704992678975106,-0.12657554742299926,-0.04017442627791312,-0.06026310177099581
2023-05-26,-0.04718104047749161,-0.053746546240966864,-0.12931277465729074,-0.026214224421106214,-0.0486275473271085
2023-05-30,-0.047429787795676304,-0.055393161565201465,-0.13758055631419186,-0.03440018291673752,-0.05190827991556202
2023-05-31,-0.05612941781597658,-0.066029109766781,-0.13937141076655812,-0.04751260365257426,-0.0594234387052045
2023-06-01,-0.04507471924619577,-0.05480008097989697,-0.13299828013992931,-0.03096604582602336,-0.04904486210369352
2023-06-02,-0.03070809412633768,-0.03741531971926504,-0.11806748134286915,-0.013419460848062004,-0.03311265356054427
2023-06-05,-0.03654226265287397,-0.046386597485601255,-0.11804027604976064,-0.02088504451543738,-0.03928709514960349
2023-06-06,-0.029843592996522728,-0.0401654952917363,-0.12323635816657752,-0.009923494186798054,-0.035843922551754615
2023-06-07,-0.022308309455033593,-0.03286493172805527,-0.11864853138136922,-0.0022241906647221255,-0.029411597353437346
2023-06-08,-0.020162006540162536,-0.03044283137138104,-0.11142448837993846,-0.005094791496836892,-0.026130859178040033
2023-06-09,-0.020414613744154764,-0.03072871410724387,-0.11364143913927083,-0.003627109490850655,-0.026649568439521154
2023-06-12,-0.013915799483834368,-0.020144013179546727,-0.12008264832577886,0.0,-0.01958483584259718
2023-06-13,-0.009985186765986365,-0.012203288249035493,-0.12254678956925491,0.0,-0.013773048978766078
2023-06-14,-0.014066261655718892,-0.013471779409479967,-0.12706606142519727,-0.004451518313810521,-0.014975991279581269
2023-06-15,-0.002187073262194472,-0.002664623587578352,-0.12027546608796325,0.0,-0.0035407669381072315
2023-06-16,-0.003892063181413885,-0.004440782031523427,-0.12112610997803441,-0.0027696674689056122,-0.003765857693884489
2023-06-20,-0.014188224424319551,-0.015776042697341675,-0.12731784381685096,-0.00647679908480403,-0.013583610696910053
2023-06-21,-0.01531552040951778,-0.021398918501001618,-0.11830220219625287,-0.001371459168311162,-0.016487937705181754
2023-06-22,-0.01770271325936068,-0.021904270120909786,-0.11446180499063963,-0.007038675390830806,-0.01665309002204929
2023-06-23,-0.02516053445595534,-0.028310507100706817,-0.11756927485472168,-0.01041418800672278,-0.022559470508977664
2023-06-26,-0.021468674337059013,-0.02491320338656,-0.12046965736847637,-0.009809077620183904,-0.020542934832950444
2023-06-27,-0.01156203431574443,-0.011825108437588439,-0.11978349859244142,-0.0026860152837253626,-0.010854245716965139
2023-06-28,-0.012102862266960668,-0.012990286390914041,-0.12109690020858699,-0.0049032596761373615,-0.012668781643295879
2023-06-29,-0.00288580781085801,-0.006011439778147554,-0.11129461773849436,0.0,-0.005740147964296338
2023-06-30,0.0,0.0,-0.10247774336231574,0.0,0.0
2023-07-03,0.0,0.0,-0.10389312571060016,0.0,0.0
2023-07-05,-0.006013459841584856,-0.0081420128556563,-0.106222689029427,-0.007701370473766733,-0.0065903882074291875
2023-07-06,-0.01913298152894327,-0.018239584392966024,-0.12339583346491534,-0.01532362736680648,-0.016476008034265965
2023-07-07,-0.019235477795692235,-0.018812959989477185,-0.13301215274673328,-0.016861331467905694,-0.01923817353733981
2023-07-10,-0.011543614093467602,-0.008925820957495167,-0.12424271548201937,-0.00836839668342626,-0.011340639141422582
2023-07-11,-0.0022438674960783,-0.00038498120986629747,-0.12024362654072152,0.0,-0.003909048561323791
2023-07-12,-0.0010442920988388282,0.0,-0.12354220413014827,-0.0017131265033404341,-0.0004461705071353572
2023-07-13,0.0,0.0,-0.12901734625254224,0.0,0.0
2023-07-14,-0.011758508684812208,-0.006875702302077902,-0.13665230984394394,-0.004027739030204369,-0.005688366725316141
2023-07-17,-0.008365075686833423,-0.004197094120798273,-0.13672083224687126,0.0,-0.005254198259095677
2023-07-18,-0.005225092958108912,0.0,-0.14305563009704492,-0.002595522125467653,-0.0016110373899754782
2023-07-19,-0.0014772576257117143,0.0,-0.1423042826562373,-0.00631123991255389,0.0
2023-07-20,0.0,-0.0012230571154945302,-0.12796034764423614,-0.0015143821870673424,0.0
2023-07-21,0.0,0.0,-0.12148660740409511,-0.004223474003501426,0.0
2023-07-24,0.0,0.0,-0.12349214251683982,0.0,0.0
2023-07-25,0.0,0.0,-0.12790249110637575,-0.015337811104773169,0.0
2023-07-26,-0.0017663170776845982,0.0,-0.13122666747413325,-0.017990795203303378,0.0
2023-07-27,-0.0045158328609280485,-0.0008071748912976684,-0.13805497912620424,-0.018357302027233402,-0.0046006464422753135
2023-07-28,-0.0010853879077687978,0.0,-0.13815333516564665,-0.012441887362043103,0.0
2023-07-31,0.0,0.0,-0.13110306514250636,-0.0063671649157045485,0.0
2023-08-01,-0.0018606378452610262,-0.0013542886964764689,-0.1343495305212633,-0.004474799324049927,-0.001865322865098884
2023-08-02,-0.014152007868481142,-0.01547889739595909,-0.13838825689857648,-0.019418969536211583,-0.012472509886942595
2023-08-03,-0.014334058824678642,-0.016336291413892923,-0.13414630280901219,-0.014726614845531838,-0.013511905023458781
2023-08-04,-0.01667872880916066,-0.01877013168547137,-0.13241937128905756,-0.017514149349338703,-0.01629053379225709
2023-08-07,-0.009182796696346807,-0.0090260609867433,-0.12579724031756923,-0.0046341460337949725,-0.006660615156635297
2023-08-08,-0.012607879353389362,-0.01393891240027001,-0.12457005821296774,-0.00815510574471745,-0.01099608886764758
2023-08-09,-0.012756044800205979,-0.019461627658422076,-0.11886672682055699,-0.008292013875589421,-0.014153576076397556
2023-08-10,-0.014243300606851306,-0.022504948746707276,-0.12017771578007541,-0.016655029342291794,-0.01689202156266778
2023-08-11,-0.010567358935309246,-0.022859737152368664,-0.10884943125478652,-0.014300964043198361,-0.014531326802368127
2023-08-14,-0.008421273305514343,-0.01750928233302773,-0.10718659268017361,-0.010444682169545416,-0.011616469786275507
2023-08-15,-0.023744303993674,-0.03280475793842952,-0.11920781553936677,-0.02449209066372049,-0.02545090216365553
2023-08-16,-0.031448476815287396,-0.040716211589567286,-0.12505513668256718,-0.02902573468021452,-0.03201100018638303
2023-08-17,-0.029965087111091138,-0.044485708135134305,-0.12002884158910143,-0.03610847764675018,-0.03456684902394147
2023-08-18,-0.025931392534749853,-0.0423107115824779,-0.1140690990023967,-0.03285020046591247,-0.03261319703221799
2023-08-21,-0.02646790102176988,-0.04048280295728268,-0.11571089060590967,-0.031648426537210894,-0.033348072206041524
2023-08-22,-0.029028353267281037,-0.04205618608395467,-0.12211729844563257,-0.03295201964692018,-0.03484133957598656
2023-08-23,-0.024023958211011,-0.033321796844538065,-0.11294586174382482,-0.022328696424514072,-0.026909838762069205
2023-08-24,-0.03522797820177659,-0.046510802303694976,-0.12156127124230187,-0.03338439381303138,-0.03781058939185156
2023-08-25,-0.027715312652630164,-0.03871587136609356,-0.11472797393962109,-0.0275780298620395,-0.030460992088450767
2023-08-28,-0.015543239855081326,-0.027923365205281603,-0.11454269278675644,-0.017309790441530026,-0.02216675310866667
2023-08-29,-0.00640645832152964,-0.017676293602898352,-0.11080551424972784,-0.010651322063875202,-0.013615090762817417
2023-08-30,-0.002492407581063172,-0.014879099336504775,-0.1061825714016027,-0.004254901129882249,-0.011063986735570408
2023-08-31,-0.003392539245882231,-0.014061234830749725,-0.11024772290699525,-0.004915440311759944,-0.012273340304832847
2023-09-01,0.0,-0.004985026945745874,-0.10161206218319341,0.0,-0.005743891604297446
2023-09-05,-0.008122966938509335,-0.013468366362032191,-0.11031757738065151,-0.012352169759826559,-0.014367453891353077
2023-09-06,-0.014832222963574226,-0.01679053939055708,-0.12194179114419312,-0.019679449308049213,-0.019182729380793573
2023-09-07,-0.0213280641946042,-0.023719601925181744,-0.11921818505616522,-0.020871449793231522,-0.022356742661574724
2023-09-08,-0.020700245429860265,-0.02336917020251128,-0.11103961158554354,-0.023678782795108044,-0.021550627783949117
2023-09-11,-0.02179303095714613,-0.021398130544278526,-0.11624141907595908,-0.035418364420351955,-0.019617946148629106
2023-09-12,-0.01979373449660604,-0.024857444402899054,-0.10794775657673095,-0.0410252622666849,-0.02291462867449523
2023-09-13,-0.02042369009941003,-0.025332297719661723,-0.11148995936321604,-0.04510731877997076,-0.02360038627080918
2023-09-14,-0.01008019585241271,-0.017345833943826605,-0.09972212359272303,-0.04042256200796224,-0.015417950247129442
2023-09-15,-0.019777381402249272,-0.028991868827850542,-0.10928617561959653,-0.04639772437627865,-0.025481868149894615
2023-09-18,-0.017491625886966622,-0.028442744535531195,-0.10321309273564039,-0.04151964261563723,-0.02440390623912181
2023-09-19,-0.021037913699700095,-0.03097418846130484,-0.10721770029774236,-0.04509297494029829,-0.02709906872284018
2023-09-20,-0.025951765199466403,-0.035997656281257506,-0.10892538617552971,-0.048835630449217904,-0.030151126686627117
2023-09-21,-0.042357769736090733,-0.049905226719713536,-0.12012187935227803,-0.06636988988580961,-0.0431731040241804
2023-09-22,-0.0446969613977547,-0.05108140977486153,-0.1227319515645281,-0.06727050841585269,-0.045777117499969044
2023-09-25,-0.04155123597838628,-0.04907724550930681,-0.12092386598164273,-0.06582012110422886,-0.044723550795526146
2023-09-26,-0.05078562950446308,-0.06147176870179216,-0.1228735079885005,-0.07749281636302163,-0.05567851988805006
2023-09-27,-0.045357548858534935,-0.061511332069137836,-0.11625168351983717,-0.0748064164173512,-0.05750030285931795
2023-09-28,-0.030736927880443132,-0.05028004572744882,-0.11635408063949848,-0.07587989317095534,-0.049108487740378015
2023-09-29,-0.03428375987016008,-0.05134691862505836,-0.12638268066079272,-0.07735750353979498,-0.0515296033005499
2023-10-02,-0.04060328350270814,-0.05722860819653963,-0.1342641358912997,-0.08239868010811546,-0.05833958515410764
2023-10-03,-0.05010737741637128,-0.0682067184480496,-0.13862822995194635,-0.09279075503527245,-0.06822240617572561
2023-10-04,-0.05254720838163851,-0.06427180933678445,-0.1487116499621003,-0.08877036945047523,-0.06563882793526965
2023-10-05,-0.059441130554360955,-0.06797198166314289,-0.15357746139883544,-0.09185433933923182,-0.06954895756014468
2023-10-06,-0.05458380406693619,-0.06042305342716836,-0.15606329277548647,-0.08158327002648269,-0.06324685664467444
2023-10-09,-0.03781097820248114,-0.056391570810490954,-0.12613715346939125,-0.06764269900911346,-0.05705343150660691
2023-10-10,-0.033263696308374446,-0.049038857310048645,-0.1291392758496831,-0.0643292026439859,-0.05077435822514431
2023-10-11,-0.03726742089560897,-0.0456471760646594,-0.13840505232407452,-0.05697162135458167,-0.05000138444570923
2023-10-12,-0.042685760712596665,-0.05171679304280119,-0.13961460580289176,-0.06239268841079748,-0.05615834084845095
2023-10-13,-0.04279129845208829,-0.05857005312776231,-0.12492161301475335,-0.06897980311848517,-0.0589991272229744
2023-10-16,-0.03695423246574636,-0.050967388449979945,-0.12262292633530125,-0.06319862528037234,-0.05133809458249261
2023-10-17,-0.03196826493843008,-0.04794069525507427,-0.11661325771315978,-0.06060535938826306,-0.0483048998654414
2023-10-18,-0.03964479378004471,-0.059796351178210694,-0.11633872137774492,-0.07687199126960587,-0.0583348704976846
2023-10-19,-0.04699570822194632,-0.06982992132973675,-0.1199547549147475,-0.08515676514356119,-0.0659865600009919
2023-10-20,-0.0592155049115729,-0.07936875596081827,-0.12301586556286426,-0.09380922766441757,-0.07335449576317976
2023-10-23,-0.0653562417143766,-0.08623418464305699,-0.1256377182579157,-0.09616818305406871,-0.08015810056385198
2023-10-24,-0.05859984281380626,-0.07832286694281443,-0.13154767151747804,-0.07735805872402768,-0.07328212293490932
2023-10-25,-0.06797565192235877,-0.09109397044022538,-0.1259880495386383,-0.0811133242374209,-0.08264897558317763
2023-10-26,-0.07126264941416405,-0.09783363287071223,-0.12467757431024906,-0.08596191218806859,-0.08735459514214983
2023-10-27,-0.07946843190251862,-0.10381928143221264,-0.14161295781186012,-0.09087259687692084,-0.09665891572407959
2023-10-30,-0.07337412733892124,-0.09318757336850203,-0.1382410285570309,-0.0832993221987196,-0.0863434422545164
2023-10-31,-0.06427104508941484,-0.08527037139373816,-0.13299064144157557,-0.07363854452360585,-0.07868478106137744
2023-11-01,-0.06385972829846742,-0.08004249934048868,-0.13245893987654012,-0.0659522866878196,-0.07502072769609869
2023-11-02,-0.044792160585563456,-0.06132567396612387,-0.11880882364312617,-0.043346326010910485,-0.05819130228054803
2023-11-03,-0.0387320738253244,-0.05121919453355228,-0.12296468572136454,-0.040515285077519,-0.05061330774584072
2023-11-06,-0.042000830329356975,-0.051448526639300884,-0.12724361995412925,-0.03742955936576231,-0.050991976053961885
2023-11-07,-0.04494211608232579,-0.05189223652419317,-0.13384595904410967,-0.03451795820096648,-0.05249591483046556
2023-11-08,-0.047066597433040425,-0.052548428928776536,-0.1425066329879573,-0.03204203453995269,-0.054599399652081826
2023-11-09,-0.05302992041232002,-0.058795367755534844,-0.15217279160935193,-0.03396000988368919,-0.06174040554674476
2023-11-10,-0.04049703425458484,-0.04320062678058356,-0.15007946856188203,-0.02089002171186427,-0.049636431225405175
2023-11-13,-0.03915756407702875,-0.04373590406450034,-0.14563176371509945,-0.02167593155144898,-0.0494693649551633
2023-11-14,-0.02497634485044764,-0.024130280452746677,-0.14585845177700762,-0.010997955376883417,-0.03336166998639978
2023-11-15,-0.021622498977568516,-0.02069880689825121,-0.14859347272371803,-0.011252308636522268,-0.03045939924574248
2023-11-16,-0.027920540755201673,-0.021656304501740165,-0.1508557317254583,-0.009727024717205657,-0.030880463754416887
2023-11-17,-0.022298788923926227,-0.01657542028567338,-0.14389653744195818,-0.004701531846782014,-0.026874692705481484
2023-11-20,-0.018753734600757355,-0.010595471151674363,-0.14256501418081557,-0.004107429244093241,-0.02226727452428512
2023-11-21,-0.02243443798473055,-0.01570837385813828,-0.14334083151835753,-0.005502023788688026,-0.02503323209842434
2023-11-22,-0.019300705567952936,-0.010548383897922786,-0.14340554736936473,0.0,-0.020209461014381147
2023-11-24,-0.016051582204668957,-0.00846367957273475,-0.14100714394674807,0.0,-0.017915680370065745
2023-11-27,-0.020570512270222996,-0.01061441895682902,-0.14755220166430438,-0.004920521395010757,-0.02103034703637452
2023-11-28,-0.021655275161168053,-0.010976819163827867,-0.1497627142105915,-0.008152197131632066,-0.020228447487302126
2023-11-29,-0.027253276508457325,-0.009297203893802841,-0.15241294480649958,-0.004795194245722723,-0.01886444795583231
2023-11-30,-0.018962830831924626,-0.000985837597709982,-0.1434376887453538,0.0,-0.009748758527332813
2023-12-01,-0.010865799878415183,0.0,-0.1380984597169066,0.0,-0.0008824200775028324
2023-12-04,-0.0127733993171667,-0.002348028303326921,-0.13411571035915748,-0.0025509545162013536,-0.001206961027623299
2023-12-05,-0.019882464338406125,-0.009146607939822915,-0.13805180710024445,-0.008262283451570207,-0.007771758598424827
2023-12-06,-0.022784218263042222,-0.012197498801150175,-0.14102046618312158,-0.00837408687515706,-0.01014003581516354
2023-12-07,-0.019221911779527923,-0.006115815628068733,-0.14990802491108612,-0.009754910881752066,-0.006944357024709302
2023-12-08,-0.01357481672340699,-0.0017520132880334272,-0.14538689689984108,-0.005046129050693349,-0.004198838728155407
2023-12-11,-0.003391878327647535,0.0,-0.14072683955342602,0.0,0.0
2023-12-12,-0.0035572944595538836,0.0,-0.14398002699493018,0.0,0.0
2023-12-13,0.0,0.0,-0.13196077123209882,0.0,0.0
2023-12-14,0.0,0.0,-0.12928522852846658,0.0,0.0
2023-12-15,-0.0032270268309418926,-0.0020843478629529733,-0.13658150023943172,-0.006493431237799663,-0.0033594819549230825
2023-12-18,-0.001919281978489118,-0.0012801676579607957,-0.13077619483194458,-0.0021547813610721667,-0.0011489266060159542
2023-12-19,0.0,0.0,-0.12549799833343234,0.0,0.0
2023-12-20,-0.01703011385872988,-0.020644770132081658,-0.13666983889124018,-0.01745730138371704,-0.018822864671761086
2023-12-21,-0.006570147147295757,-0.005113133293710659,-0.1297280095713973,0.0,-0.00594256678350169
2023-12-22,-0.002811212468972979,-0.000686849981692661,-0.12495708395957605,0.0,-0.0011338044776727507
2023-12-26,0.0,0.0,-0.1230140157761268,0.0,0.0
2023-12-27,0.0,0.0,-0.12353816713455001,0.0,0.0
2023-12-28,0.0,0.0,-0.12358440692609962,0.0,0.0
2023-12-29,-0.0014366003750122536,-0.002559823143946427,-0.12274783892662933,-0.0013088569754933221,-0.0014360978210354869
2024-01-02,-0.0014634060189937514,-0.00982755008837033,-0.10362981846338015,-0.007260645193761017,-0.0030920422424668415
2024-01-03,-0.008157471392631566,-0.018800676519430515,-0.10717955673441604,-0.009242512630987298,-0.009490879510744676
2024-01-04,-0.008967857616724695,-0.020243857295875967,-0.11106366435655424,-0.006558457869496714,-0.00963174445214654
2024-01-05,-0.005263806727713982,-0.01756782552212266,-0.10592105256503426,-0.00452032294055893,-0.007950065065052248
2024-01-08,0.0,-0.009726993492388258,-0.0843586153588809,0.0,-0.0013948219011308272
2024-01-09,-0.005268003343269045,-0.01426059686019987,-0.08914182223795908,-0.0020461524048134283,-0.0047544966507457875
2024-01-10,-0.003762113376578835,-0.014238302843882833,-0.08361577029065215,0.0,-0.0047318849523368955
2024-01-11,-0.0039355289058546905,-0.016164115058647455,-0.07901606920854998,-0.0016473504489493696,-0.006875865457562913
2024-01-12,-0.00518776098904794,-0.016768301830030863,-0.08246212805550224,0.0,-0.005256698911642266
2024-01-16,-0.010948322892901041,-0.02251729484156295,-0.08831494036763488,-0.0013061426405990284,-0.011532464271880705
2024-01-17,-0.02000606132790239,-0.02880549015518874,-0.10143187119931629,-0.0038295520413647033,-0.016372638667825568
2024-01-18,-0.011183139337598291,-0.020957559070456266,-0.09237102647052264,0.0,-0.010422488324484003
2024-01-19,0.0,-0.007380259563575353,-0.06979907143391983,0.0,0.0
2024-01-22,0.0,-0.00473048842028545,-0.07182967447111455,0.0,0.0
2024-01-23,0.0,-0.004292046446405351,-0.0735119593065473,-0.0011192106558957082,0.0
2024-01-24,-0.001425118264716141,-0.010727977164184943,-0.06831140507618294,-0.0008237049513447614,-0.008664637464079084
2024-01-25,0.0,0.0,-0.06541691805399996,0.0,0.0
2024-01-26,-0.007663444408692488,-0.003509407289368882,-0.07684731632533659,-0.005216818553224423,-0.0019896787312352338
2024-01-29,-0.00471534658256112,0.0,-0.07403427541084673,0.0,0.0
2024-01-30,-0.002778627447794668,0.0,-0.06446751483538482,0.0,0.0
2024-01-31,-0.011838555644651638,-0.008164844872020183,-0.07662035878939033,-0.006467048475615966,-0.0074900072262452655
2024-02-01,0.0,0.0,-0.05346722897059941,0.0,0.0
2024-02-02,0.0,-0.0007228739549419716,-0.05081430094110051,0.0,-0.002546196370235121
2024-02-05,-0.003537789827267379,-0.006810248267497876,-0.051269252396992315,-0.002852349966548484,-0.008673884502702234
2024-02-06,-0.005085246262528931,-0.0048361862236800945,-0.06401778213038511,-0.0034976983000195583,-0.005722379788796084
2024-02-07,-0.0008572324354397809,-0.0017603419513346763,-0.055441929614499785,0.0,-0.003968115706944331
2024-02-08,0.0,-0.0018827061583557292,-0.048178128497441075,-0.003651733142165381,-0.005282856295772964
2024-02-09,0.0,0.0,-0.035481776275709254,-0.0006634909291637348,-0.0032612438766870255
2024-02-12,0.0,0.0,-0.03305728393761942,-0.0001692885878490369,0.0
2024-02-13,-0.012648937315299258,-0.01592021206895544,-0.04227422606451159,-0.006361714911987115,-0.013039124202581909
2024-02-14,0.0,-0.00765182937055553,-0.021107660795939065,-0.0001227853275167501,-0.007124792555013859
2024-02-15,0.0,-0.000860534561654025,-0.028578286044748658,0.0,0.0
2024-02-16,0.0,-0.004000663377486613,-0.03561933575059317,-0.004977577002086564,-0.0025013160486320185
2024-02-20,-0.0028164652932720635,-0.006196600717434442,-0.039914275455580905,-0.012649002953121213,-0.003275551253402287
2024-02-21,-0.0018581379689029953,-0.0025091055798273088,-0.04400349105673873,-0.0065750749237499795,0.0
2024-02-22,0.0,0.0,-0.020661845772101062,0.0,0.0
2024-02-23,0.0,0.0,-0.008165305670441159,0.0,0.0
2024-02-26,0.0,0.0,0.0,0.0,-0.0014889290068750283
2024-02-27,-0.000889985829222617,0.0,-0.0036442168028988364,0.0,-0.00032165327083388817
2024-02-28,0.0,0.0,0.0,0.0,0.0
2024-02-29,0.0,0.0,0.0,-0.000733602267099287,0.0
2024-03-01,0.0,0.0,0.0,0.0,0.0
2024-03-04,0.0,0.0,0.0,-0.003063804261432823,0.0
2024-03-05,-0.012494717401604016,-0.005818431196825458,-0.020833424708711745,-0.005208388603914482,-0.0039574929965071615
2024-03-06,-0.004838976424129671,-0.00030981589201684034,-0.010570266995227229,0.0,0.0
2024-03-07,0.0,0.0,0.0,0.0,0.0
2024-03-08,-0.008931642000218454,-0.004817408339057416,-0.015378683932157577,-0.0008068196488063561,-0.002766962969892539
2024-03-11,-0.00785936010792454,-0.004377196125865956,-0.01842273451188925,-0.0034387605760345386,-0.0013278849152797978
2024-03-12,-0.006417931198039906,-0.00019794763263136783,-0.01695033723392325,0.0,0.0
2024-03-13,-0.010205608582069314,0.0,-0.025596486065914137,-0.0003702634321467446,0.0
2024-03-14,-0.02019744407797286,-0.008214550255193687,-0.04343304657141345,-0.0039453411236912705,-0.007915495416135787
2024-03-15,-0.022634018851642734,-0.01590503036964941,-0.07402039606159927,-0.009309215240765556,-0.014521336547742014
2024-03-18,-0.022075534648067885,-0.015301579051768543,-0.06866575016710741,-0.004649491286999763,-0.01429864494262889
2024-03-19,-0.017050013685482535,-0.011012679827534622,-0.05888992917393543,0.0,-0.00980333061830252
2024-03-20,-0.0054236486051935096,0.0,-0.04875936327472252,0.0,-0.001228570577021193
2024-03-21,0.0,0.0,-0.03568106064587284,0.0,0.0
2024-03-22,-0.0044843392906751545,-0.00452725418084543,-0.04243772173649718,-0.00731928117149494,-0.0036389940048692226
2024-03-25,-0.00702773205442675,-0.005313229093397376,-0.0438792202333409,-0.005120316887916143,-0.004431579172278544
2024-03-26,-0.004737277648927729,-0.002591859509169514,-0.037552979294345756,-0.0038276231455106613,-0.0008407827333991591
2024-03-27,0.0,0.0,-0.025741151302199783,0.0,0.0
2024-03-28,0.0,0.0,-0.0294072703695617,0.0,0.0
2024-04-01,0.0,0.0,-0.015681349399839006,0.0,-0.00043033280035065236
2024-04-02,-0.007979115039684292,-0.006089194345784477,-0.03001934697755071,-0.0018199036715964567,-0.004853146134981445
2024-04-03,0.0,-0.002067186856755443,0.0,0.0,-0.003608655360370583
2024-04-04,-0.007394086405626665,-0.012553760938889602,-0.004743209996664888,-0.009198629337504038,-0.012317175308223405
2024-04-05,0.0,-0.002298722106710782,0.0,0.0,-0.0031652315880745796
2024-04-08,-0.006362936632587801,-0.0026120732361031296,-0.014941787247228833,-0.0013322401831414865,-0.004430805420499673
2024-04-09,-0.009702903199503399,-0.00045985535685622025,-0.026747949806166682,-0.005490405073714233,-0.002377404415845219
2024-04-10,-0.01751566814489014,-0.012507819972365608,-0.026279260895540557,-0.009432707042668187,-0.012609264394537134
2024-04-11,-0.01463540697848098,-0.010957213520267461,-0.020312541298459608,-0.005347515444641737,-0.012756079619759997
2024-04-12,-0.03510778234555523,-0.0287774200411004,-0.04966504487953882,-0.020871989073159236,-0.02820637457327979
2024-04-15,-0.03782399461557451,-0.032247051262511595,-0.052382732427137424,-0.026819474578347435,-0.030659928786138102
2024-04-16,-0.03360235037116066,-0.03181067739544874,-0.038024300100771624,-0.025269233683778647,-0.0309244002433936
2024-04-17,-0.03991771536164501,-0.03747628323934893,-0.04715791319108886,-0.030176119950467206,-0.03439230954014716
2024-04-18,-0.0452031700029738,-0.0411386829578444,-0.057364376136102346,-0.03649215908482861,-0.03682646790389632
2024-04-19,-0.052944143941779265,-0.0435222766251514,-0.08814199509824605,-0.03828810232796587,-0.03604279681741396
2024-04-22,-0.04465205404294148,-0.03559206908563617,-0.07975229536727568,-0.03187453635970294,-0.0289746682842692
2024-04-23,-0.022620590079063807,-0.021651855493700745,-0.03752690595864927,-0.02007583521904599,-0.01642428076002167
2024-04-24,-0.02349566542754955,-0.01772712037390156,-0.04538278187701261,-0.019842073035185148,-0.01313177119046105
2024-04-25,-0.01310495789343491,-0.015114309707460527,-0.031357968130930614,-0.018706595243876967,-0.010839277763495025
2024-04-26,-0.01549044759370044,-0.012276810164081997,-0.03486027610998432,-0.018015279897870218,-0.00947360818013776
2024-04-29,-0.0112594546437077,-0.008901538267733211,-0.024445332320214064,-0.018294499293861954,-0.006397222580928896
2024-04-30,-0.026961247924012888,-0.022058437994329938,-0.042924676893358216,-0.028952666298495577,-0.01731548352579526
2024-05-01,-0.038290172433045,-0.026732420009171753,-0.06173882718883328,-0.03694312683739731,-0.02055310097320584
2024-05-02,-0.030102790755714648,-0.020444829403015286,-0.043071996372770704,-0.034106654579660556,-0.016143824576472454
2024-05-03,-0.023796001790398424,-0.014582472363177779,-0.032083789441763155,-0.030564269670971367,-0.012219256272475332
2024-05-06,-0.011244832779345404,-0.004481096764022641,-0.011962826174088281,-0.019935963461265138,-0.004177327612298942
2024-05-07,-0.010209000826144288,-0.002690054351984883,-0.016223222491940192,-0.015467121666824735,-0.001122109090514689
2024-05-08,-0.006282461064949452,-0.0006343170241852603,-0.008938625686239376,-0.011617992384723386,0.0
2024-05-09,-0.003052504724459837,0.0,-0.011360715376771746,-0.007688767504277827,0.0
2024-05-10,-0.004411927650021408,0.0,-0.01923217934216659,-0.0039048015047022933,0.0
2024-05-13,-0.009851603868622272,-0.0013219963755269903,-0.030929674836223775,-0.006036537994723812,-0.0014309967638905796
2024-05-14,-0.005447879001392986,0.0,-0.023563893341300046,-0.006136757499822121,0.0
2024-05-15,0.0,0.0,0.0,0.0,0.0
2024-05-16,-0.006381895843482033,-0.003587848986995712,-0.009879971840756285,-0.0017440614760603212,-0.0023882714024466845
2024-05-17,-0.003347121738288772,-0.002128404754683566,-0.0062620444071621595,-0.0007073683871211545,-0.0008863378369250441
2024-05-20,-0.005868700323163778,0.0,-0.010336955929681979,-0.002326817754283339,-0.00017863834429010517
2024-05-21,-0.004722889337532177,-0.0011115544195740013,-0.00643532999687868,-0.00183252429623193,-0.0007835287014734682
2024-05-22,-0.004040689976460787,-0.001523641624971206,-0.0052011597918411034,-0.00253083643119556,-0.00047922463342797705
2024-05-23,-0.004187403711095494,-0.010638160056806178,0.0,-0.007172483731902157,-0.009831939991206906
2024-05-24,0.0,-0.0040427949411552255,0.0,-0.001054539440394242,-0.005498448201533335
2024-05-28,0.0,-0.006397350167985594,0.0,-0.0044537698216021715,-0.01057372749825658
2024-05-29,0.0,-0.013975770425164624,0.0,-0.009231732728720576,-0.017690668379379493
2024-05-30,-0.006381582826377796,-0.014648813184101273,-0.01937231022984265,-0.011229259247448442,-0.016694846915687123
2024-05-31,-0.024931011461760466,-0.011226058758505575,-0.07509260153499397,-0.004421706512665602,-0.010243670623240941
2024-06-03,-0.04105161663363577,-0.01890458505810111,-0.10202516051613775,-0.009161164752827688,-0.0164648627762205
2024-06-04,-0.03893475890195297,-0.02023833773298156,-0.0943461429269361,-0.005524791522506511,-0.015532989171509803
2024-06-05,-0.028796993324797127,-0.010266781747686582,-0.0831001612941824,0.0,-0.008955063807732366
2024-06-06,-0.03372875362320071,-0.012307388201767022,-0.0965247531021447,-0.0006717137780465343,-0.008837707295874742
2024-06-07,-0.03514796570431544,-0.013687338295630624,-0.1004187761743951,0.0,-0.010164752531729548
2024-06-10,-0.02728896986257623,-0.006981827032106813,-0.0909409299013928,0.0,-0.005339961863358167
2024-06-11,-0.033745410624909766,-0.011213538239331355,-0.09784734147753771,-0.005833608062058682,-0.00945898699930492
2024-06-12,-0.03363977235602977,-0.006982605146992893,-0.09634200638403467,-0.011591988118753505,-0.009396946766279779
2024-06-13,-0.03808935113273293,-0.008960200770369742,-0.10109315041877232,-0.01028337563462689,-0.010271823358600884
2024-06-14,-0.04144098817086217,-0.011255930284197024,-0.09224535174582238,-0.010322640810219053,-0.011716637302878086
2024-06-17,-0.022864554814902904,0.0,-0.05776284355606964,-0.00016684123460342093,-0.0018062053631975328
2024-06-18,-0.011795981279269396,0.0,-0.03848006848419783,0.0,0.0
2024-06-20,-0.012335105611927522,-0.0045275160668312164,-0.052002586703361,-0.0018763649939945726,-0.0007095001341864693
2024-06-21,-0.015605485264033936,-0.0062699068054190565,-0.056842882423821295,-0.0062967594795481086,-0.001316907568016945
2024-06-24,-0.02404860392735675,-0.0073110560636767685,-0.08166151566786661,-0.0050737130290184895,0.0
2024-06-25,-0.02560417163207296,-0.011221613885584514,-0.07607131201592388,-0.006827502542620323,-0.004468038954493991
2024-06-26,-0.02667039146820982,-0.01401790756843746,-0.08081573476857362,-0.009784354641050097,-0.007290707913809036
2024-06-27,-0.027713101958087405,-0.01683043932698558,-0.07914487300817485,-0.021558710740860798,-0.009634518882864929
2024-06-28,-0.029772400118149966,-0.014535910326000212,-0.08324934881341373,-0.0267130731086902,-0.00993214592540459
2024-07-01,-0.024263757117228946,-0.01394328791248145,-0.07204128549600886,-0.02100039816213206,-0.0092505049507281
2024-07-02,-0.01769039225903235,-0.008159190943225703,-0.06354522485853442,-0.01168267146395885,-0.004306207555354158
2024-07-03,-0.017277903786966475,-0.006572393189081538,-0.06054887014422172,-0.008780059574923227,-0.004101983809187915
2024-07-05,-0.0225907393326632,-0.008810640440046758,-0.07150630886580456,-0.013288986472402953,-0.004755100081883068
2024-07-08,-0.010123773786585355,-0.004132773424345149,-0.04650685767495366,-0.015413690073108777,-0.0016248577724827795
2024-07-09,-0.010702726305294674,-0.004239534104849452,-0.04805319855718038,-0.015105904710823959,-0.0019603790735466253
2024-07-10,-0.0021992848626534167,0.0,-0.03854796633327573,-0.012111965083951515,0.0
2024-07-11,-0.009332213587933347,-0.0017066405483410207,-0.0598396873411744,-0.017714076994502115,0.0
2024-07-12,-0.008264885113770548,0.0,-0.06547302327517412,-0.013580387491796686,0.0
2024-07-15,-0.0037497124575742724,0.0,-0.06686083469441184,-0.007391197583398679,0.0
2024-07-16,0.0,0.0,-0.06308809326524822,-0.003940470265581308,0.0
2024-07-17,-0.017253064444683552,-0.010536606679411586,-0.09701690661598505,-0.006459658005226743,-0.0033240179443088103
2024-07-18,-0.020977702551091437,-0.018780184808967926,-0.09501580152016131,-0.016724986832411637,-0.011326099648612642
2024-07-19,-0.02930907595032839,-0.030518053731057093,-0.09937289931381954,-0.02528309310827148,-0.020278637359921192
2024-07-22,-0.018227305887322243,-0.019805255003443323,-0.08414944831816229,-0.02118860216376195,-0.013355478799443876
2024-07-23,-0.018930556562121725,-0.026499830478135755,-0.07279060844550833,-0.022349272911667994,-0.019792397418457175
2024-07-24,-0.04409188616958182,-0.038510395989336255,-0.1182522438537108,-0.03749413769488519,-0.02549920373070136
2024-07-25,-0.045098433370653,-0.03797808143416359,-0.12494227878442965,-0.0329333440789612,-0.02284368244587509
2024-07-26,-0.028420638362417594,-0.02137984870366816,-0.10760437810925005,-0.021053423648521363,-0.008641749344134642
2024-07-29,-0.030927921597457275,-0.02326409574186361,-0.11383117539390974,-0.01929699507791449,-0.00890416540944261
2024-07-30,-0.04047544848398599,-0.027503343163198024,-0.1262947061954962,-0.024085949513074967,-0.014537158156763375
2024-07-31,-0.023172268654519046,-0.011924232032357707,-0.10163863742622248,-0.005354980141398236,-0.0031178451080896563
2024-08-01,-0.04487148600593949,-0.03211800367829776,-0.11812671933762287,-0.015117512111399889,-0.014607923508119014
2024-08-02,-0.08343453995838968,-0.059088838742458516,-0.1751128727137924,-0.030339460485601766,-0.03246541329766106
2024-08-05,-0.10528148548254823,-0.07955544411231397,-0.1950010767082786,-0.05274331724246284,-0.053155623344007696
2024-08-06,-0.09974474115258614,-0.07197461316125486,-0.1899006706145463,-0.046287183638472285,-0.046398793059863275
2024-08-07,-0.11073395195393132,-0.07957561413663417,-0.20662138975519495,-0.047659001940069445,-0.051077291969802596
2024-08-08,-0.08640717065820003,-0.05585288663336396,-0.1826443830101081,-0.029148187448743923,-0.031243821518427084
2024-08-09,-0.0845903368529417,-0.05491721289747176,-0.17743253456338293,-0.02448112782312939,-0.030737037722826432
2024-08-12,-0.08465028572908839,-0.05735622000650564,-0.17375156859006946,-0.022832276565675436,-0.03382652786674967
2024-08-13,-0.07112415981076037,-0.04531892619560751,-0.1574711099096442,-0.01575996577592731,-0.024577565222670406
2024-08-14,-0.06637617313433464,-0.03951556826380753,-0.15201723522069266,-0.00932244677234173,-0.018391111132542437
2024-08-15,-0.048331107954586616,-0.023089317801019082,-0.1272621065944236,0.0,-0.0063697171341208225
2024-08-16,-0.04574522184091212,-0.02065389964425024,-0.1257128266233538,0.0,-0.003440427854145778
2024-08-19,-0.03804639248883113,-0.013986458982795824,-0.1173660402595541,0.0,0.0
2024-08-20,-0.04350252060175208,-0.018113284899573867,-0.12391098044799864,-0.0031145736702608007,-0.002485673839935809
2024-08-21,-0.037607038757919375,-0.012386046871439627,-0.11691872799125613,-0.0026536072902226815,0.0
2024-08-22,-0.04518657830946693,-0.018075492457930387,-0.13014107169176414,-0.004693087538040652,-0.003191360656435549
2024-08-23,-0.032831163739510005,-0.006393674142623373,-0.11777259929814743,-0.001709045067690096,0.0
2024-08-26,-0.03324531099108918,-0.007037086387293945,-0.11814556227116135,-0.0005002185897868827,0.0
2024-08-27,-0.0307815217328562,-0.004131187077731968,-0.11654978117594117,0.0,0.0
2024-08-28,-0.032849484131760254,-0.007078555905975614,-0.11854535674492006,-0.004310540884894687,-0.0018328306491266488
2024-08-29,-0.027472759534358016,-0.0015412979941272775,-0.11456322838303779,0.0,0.0
2024-08-30,-0.012710995630853983,0.0,-0.09727850370064062,0.0,0.0
2024-09-03,-0.04288554179503745,-0.023082002217032938,-0.13729612637549804,-0.014280622269190357,-0.015336621541440554
2024-09-04,-0.0437096327998302,-0.021536409264924616,-0.137439844372367,-0.013203454873483844,-0.013634080271186289
2024-09-05,-0.05216873741438932,-0.028405743550983575,-0.1492124474344706,-0.020291019527596377,-0.01959131594955299
2024-09-06,-0.06882865043280961,-0.04274510248241403,-0.16982798571263946,-0.03173028099135822,-0.031303468997109896
2024-09-09,-0.05354276290839932,-0.029796863300110776,-0.14966292964658123,-0.01635588975431268,-0.01962637898811015
2024-09-10,-0.05380138484505825,-0.032762791198358565,-0.14455967217895505,-0.021286723062877155,-0.021283459992387566
2024-09-11,-0.049780119867031014,-0.028945677568729566,-0.13708411877638005,-0.01716906898553916,-0.020737679650647767
2024-09-12,-0.039834484709929674,-0.02409340446110697,-0.1209628013133166,-0.01159037018749176,-0.015228411688767096
2024-09-13,-0.02616398059580638,-0.015585608898261993,-0.10301456553383304,-0.00674080336689431,-0.008087550577016933
2024-09-16,-0.014264251324269672,-0.00922761445645659,-0.09271419794608493,0.0,-0.0003390970837080509
2024-09-17,-0.010183514729533605,-0.006388582403396792,-0.09248856325488453,0.0,-0.00017716356650920861
2024-09-18,-0.012427401020274398,-0.010557128800331328,-0.09138501622562778,-0.009109500632468293,-0.005060072570191809
2024-09-19,0.0,0.0,-0.07518641363962641,-0.0034950546402878757,0.0
2024-09-20,-0.005310109870470314,-0.00385956316344227,-0.06978368886554032,-0.002355242691337356,-0.0017476613885542003
2024-09-23,-0.0009078307019317888,-0.00036559439416494754,-0.06428137507455844,0.0,0.0
2024-09-24,0.0,0.0,-0.06333859996994784,-0.011623784380826674,0.0
2024-09-25,0.0,-0.004181574831203405,-0.05649721172722033,-0.011482978660126153,-0.0037506560512218234
2024-09-26,0.0,0.0,-0.04205246152963249,-0.0011464412253665568,0.0
2024-09-27,-0.00424739726783141,-0.001956254073418151,-0.055680592639649196,0.0,-0.000372962940687005
2024-09-30,-0.003194095891630333,-0.003982832107515155,-0.054353499619848256,-8.738142265340976e-05,-0.0008554706177851257
2024-10-01,-0.013171096300607643,-0.009309697063195621,-0.07429449166088398,0.0,-0.00312628717015051
2024-10-02,-0.013984154963551432,-0.008721669203792248,-0.07286074975005785,0.0,-0.0035888374429456915
2024-10-03,-0.01767774103706432,-0.012807795024727398,-0.07365126642672082,-0.00045373775937562755,-0.008318050319596426
2024-10-04,-0.004847400682141512,-0.004321420303010082,-0.054648073644832595,0.0,-0.0019069975408805284
2024-10-07,-0.010815804693055098,-0.008925886221950452,-0.06240197169639383,-0.005167949359479729,-0.006351064786058291
2024-10-08,-0.005127307674522852,-0.006950451380558498,-0.04831701715529013,-0.0018558001954734893,-0.0032893429389293516
2024-10-09,0.0,0.0,-0.0427244494308231,0.0,0.0
2024-10-10,-0.0013263328454086176,-0.0029672342939091045,-0.04056291945193091,0.0,-0.003735096696991236
2024-10-11,0.0,0.0,-0.026951687892672327,0.0,0.0
2024-10-14,0.0,0.0,-0.018285149141274104,0.0,0.0
2024-10-15,-0.010286510462883092,-0.011100447804895275,-0.030239978821891667,-0.006782760294330892,-0.006394371390973097
2024-10-16,-0.004649486813951609,-0.00380081339978533,-0.025630521272992146,0.0,0.0
2024-10-17,-0.0012402858598835609,-0.0030659389861633635,-0.017717293362495057,0.0,0.0
2024-10-18,-0.002118261586993686,-0.0023830965021396366,-0.021973517011622756,0.0,0.0
2024-10-21,-0.0067912887392848065,-0.010527875649038676,-0.02137281505793498,-0.005518067254750902,-0.007959659443552591
2024-10-22,-0.028839484184190023,-0.016514270815959797,-0.0718645444526016,-0.018447357868791592,-0.01569044315213053
2024-10-23,-0.02783104855934837,-0.01944447704240293,-0.06502407182430758,-0.018654244070266612,-0.01708802417184485
2024-10-24,-0.03148890391373749,-0.025567654956404007,-0.059500824927077756,-0.015693692420163274,-0.023257930398531412
2024-10-25,-0.033535809645736214,-0.030495201882462464,-0.05942566661257975,-0.02408489478309117,-0.03096795015953402
2024-10-28,-0.0349665987325386,-0.027953562295013223,-0.07042745704237763,-0.0237007622547335,-0.029127099966929193
2024-10-29,-0.037619709869077145,-0.030613972816738166,-0.07139186144831178,-0.02976815505912722,-0.033494582951616114
2024-10-30,-0.031790903949174276,-0.03210954049617787,-0.05759655567685196,-0.028278864601929743,-0.03465351646108117
2024-10-31,-0.04452255165200936,-0.04153364381851998,-0.07860765062036323,-0.03766657615439839,-0.042131647881966106
2024-11-01,-0.033034656297572296,-0.03606982128891956,-0.05643506360103234,-0.03495470499087372,-0.037771051364457464
2024-11-04,-0.035634557002652056,-0.037548329062449426,-0.05978152498641076,-0.034384202222233706,-0.039250673944956405
2024-11-05,-0.02228714643980656,-0.026592846332827547,-0.040444035903732245,-0.025515872114333926,-0.029949223795236568
2024-11-06,0.0,0.0,-0.003214155574038924,0.0,-0.00783404671802812
2024-11-07,-0.003765686831237347,-0.0006900315455944384,-0.0071934306605663245,-0.005948041892129607,-0.008123593826988462
2024-11-08,0.0,0.0,-0.0024297998553832745,0.0,-0.0016861700611207064
2024-11-11,0.0,0.0,0.0,0.0,-0.0013036142892548508
2024-11-12,-0.010645811768779545,-0.0109643284573685,-0.008603938790189392,-0.005233664949752526,-0.010980458512544922
2024-11-13,-0.010853002101963383,-0.01351447642117709,-0.008374398148591089,-0.008265868338808047,-0.012722261247491762
2024-11-14,-0.018903200656816388,-0.01907027982412257,-0.023188937264729703,-0.01786298715087209,-0.019398250716974763
2024-11-15,-0.027586541643434437,-0.02691622711706476,-0.03844054141196607,-0.024280630927817626,-0.024653223930757417
2024-11-18,-0.02006676154141318,-0.021265949255896754,-0.027423666515305256,-0.019237019079694995,-0.018592529132435476
2024-11-19,-0.02476580949377538,-0.026799321710254342,-0.03101638621771108,-0.023465394712232857,-0.023541566067861064
2024-11-20,-0.026886473828937274,-0.026984266255066558,-0.032910611366763765,-0.024356042009416323,-0.022288130865459665
2024-11-21,-0.012529982486654823,-0.012766365423842907,-0.017441804866362043,-0.010908177133760133,-0.008888345772134487
2024-11-22,0.0,-0.0033982914543335685,0.0,-0.005153317193101414,-0.0007395266537186806
2024-11-25,0.0,0.0,0.0,-0.0013543057927893898,0.0
2024-11-26,0.0,-0.002194440548023535,0.0,0.0,0.0
2024-11-27,-0.019356496189943617,-0.007918272344628385,-0.04383329774604905,-0.0017954633133406839,-0.003676818973111229
2024-11-29,-0.013022927963105446,-0.003267200731867592,-0.030756805346002225,0.0,-0.0003469434845581043
2024-12-02,-0.01930334747627649,-0.00512691488632977,-0.039448214106183266,-0.004667100513777389,-0.0032211741963869
2024-12-03,-0.024961613502437974,-0.01072755066749198,-0.04194482303943137,-0.0076642434750857635,-0.00873689108083242
2024-12-04,-0.0257598949362714,-0.011371609118974946,-0.03493523380377628,-0.008952208894600133,-0.01005864013880542
2024-12-05,-0.03721030278237414,-0.0161926573214054,-0.05957890038318059,-0.01110274900938435,-0.012420595532156686
2024-12-06,-0.036338384331690454,-0.015978672058471033,-0.05516403680469517,-0.008462092198189164,-0.013447156420548056
2024-12-09,-0.04677814869583863,-0.023523288671805642,-0.07163039371917912,-0.025254891343648223,-0.022719330140072325
2024-12-10,-0.05579446782219866,-0.028412690844028643,-0.08631276899266416,-0.02327212877642748,-0.024597940655733064
2024-12-11,-0.05545161208186422,-0.027918005923137312,-0.08661381962226888,-0.020519267157541377,-0.026237300317857315
2024-12-12,-0.05980584029553537,-0.0341540252839897,-0.10346697166248464,-0.028391342750375137,-0.03085413975736384
2024-12-13,-0.06266462347559132,-0.03641223451220865,-0.10389038594323474,-0.0276672678968094,-0.032705590903801984
2024-12-16,-0.06448501433124532,-0.0390350374538323,-0.10352804783128922,-0.026861601350447795,-0.0364853650167799
2024-12-17,-0.07226180975806085,-0.04477040159801027,-0.11164678529008931,-0.03268549543544563,-0.041387756713514356
2024-12-18,-0.09874265923078385,-0.06831717513805236,-0.13128735404235603,-0.054594255745808784,-0.06261904162625931
2024-12-19,-0.09669101676193426,-0.07337653437319935,-0.12731276316520568,-0.059890371342512516,-0.06552632178151285
2024-12-20,-0.08323884397284875,-0.061112278570503165,-0.10531053273171453,-0.0489861089500887,-0.0552752536375547
2024-12-23,-0.07720924456774492,-0.05691378274239156,-0.09553416223234701,-0.04678408197421402,-0.052007421861875236
2024-12-24,-0.06920517991741804,-0.04869337235953852,-0.0872782963160319,-0.03930549537037886,-0.04452073205702545
2024-12-26,-0.0668031627185377,-0.04681856666491779,-0.0846518994243658,-0.03717948902720214,-0.042466463295973034
2024-12-27,-0.07348450896845193,-0.052744773202702766,-0.09475051037946058,-0.04305361567986288,-0.048081282464897845
2024-12-30,-0.08575303433033377,-0.06481201532840997,-0.10766647927188766,-0.05505563504147559,-0.05994430854999766
2024-12-31,-0.08464695457904226,-0.06354536858193283,-0.10915977328267912,-0.05360435473472058,-0.05788190742436217
2025-01-02,-0.08455151333351218,-0.06470935235298236,-0.1057569826769712,-0.05505764768230159,-0.05954524491295987
2025-01-03,-0.07568504429858092,-0.058267280782783315,-0.10233917222852662,-0.052966358797594815,-0.056184546905199584
2025-01-06,-0.0744543529292857,-0.05572027102676558,-0.1088284952394506,-0.0600419868701052,-0.059827053522325424
2025-01-07,-0.07359223734567155,-0.05590120977846702,-0.11189346996949556,-0.0589431964783782,-0.059020124198309376
2025-01-08,-0.0722914033666241,-0.05659853574226803,-0.10804669472417272,-0.05728914345760705,-0.05938996514734496
2025-01-10,-0.08619004431214405,-0.07151828271371519,-0.12284335972610205,-0.07204731011452725,-0.07278438311936353
2025-01-13,-0.08049240909604871,-0.06650270816409243,-0.11684283140835705,-0.06494043887758572,-0.06601486466228079
2025-01-14,-0.06968817378634096,-0.05750800100882092,-0.10572758707553997,-0.05801410126651951,-0.058705407653177444
2025-01-15,-0.058628749466006824,-0.0433955748111704,-0.09780036374063905,-0.04558780911976479,-0.048754194638427895
2025-01-16,-0.051338641801977225,-0.03628493320203252,-0.09317415844794508,-0.03756481464908079,-0.04100424819797455
2025-01-17,-0.04345986381113853,-0.02768896445588953,-0.08578948038212109,-0.03198151184951281,-0.03555533927808907
2025-01-21,-0.024324070108648788,-0.013920265742796034,-0.0670714514817019,-0.018256817155429372,-0.02384947906821877
2025-01-22,-0.022805525813777372,-0.014256844571005178,-0.06812164433628398,-0.022176250281980003,-0.025954371434829815
2025-01-23,-0.0093376530364907,-0.006019497022058284,-0.054894562182983386,-0.014854586795779223,-0.01738829372250006
2025-01-24,-0.01632941067600835,-0.01263628798914973,-0.05773776757851601,-0.017294814883124676,-0.02115034821917572
2025-01-27,-0.023687346839693424,-0.014984522875586603,-0.04683464227852785,-0.010640940313457636,-0.013551330199454759
2025-01-28,-0.026723741517590827,-0.024076398205162275,-0.04759140147983998,-0.015442346175785215,-0.023824718638912112
2025-01-29,-0.024956848278901544,-0.021975213477732236,-0.0402135839351484,-0.010867174165575366,-0.021449851596420433
2025-01-30,-0.0038902283346005095,-0.005564445845291921,-0.027822424991327477,0.0,-0.00730235658676448
2025-01-31,-0.012160108254148039,-0.016967054976081863,-0.03460736469809711,-0.007275700004433894,-0.018581092805572852
2025-02-03,-0.015553799966846915,-0.02237800542157109,-0.02754732113745928,-0.0019010396626990556,-0.020110026485534838
2025-02-04,-0.016583580176183332,-0.022463126950773016,-0.029882622808676595,-0.007882019992623501,-0.02248958555618008
2025-02-05,-0.006948144183212657,-0.013309844000287896,-0.0201056816853864,0.0,-0.014689084052397439
2025-02-06,-0.0030404678798413576,-0.011528421997200056,-0.01708810141704087,0.0,-0.014697272348431656
2025-02-07,-0.008312263677872966,-0.01773084186573337,-0.0218280645283786,-0.004167836220172472,-0.01904912476796139
2025-02-10,-0.0026857105573946383,-0.010723775196603058,-0.01450439805349002,0.0,-0.013042267761434467
2025-02-11,0.0,-0.0035608457295257523,-0.006165272156511192,0.0,-0.005283257181398993
2025-02-12,-0.0025255547974200043,-0.0037078467043242247,-0.00982096898038709,-0.00704178162140201,-0.0065042412342851685
2025-02-13,0.0,0.0,-0.0015884402653444374,0.0,0.0
2025-02-14,-0.002219083037055092,-0.0017382069922112775,0.0,-0.006247736747411303,-0.004813786141904086
2025-02-18,0.0,0.0,0.0,0.0,0.0
2025-02-19,0.0,0.0,0.0,0.0,0.0
2025-02-20,-0.005117278015933757,0.0,-0.0030189802444023917,-0.0024759889238555877,0.0
2025-02-21,-0.023175951577157905,-0.016100361571405042,-0.012727332628814092,-0.009128804242670485,-0.008549268680056565
2025-02-24,-0.02640335548647499,-0.021062531910335358,-0.0073364021519907174,-0.005945242227483716,-0.009349040431003486
2025-02-25,-0.02700279136901984,-0.02218680560065356,-0.0038891259103707165,-0.0011282580404159415,-0.0063470147623143625
2025-02-26,-0.02369895919599707,-0.021671769560777765,-0.004783061445288728,-0.007536318254491525,-0.01079096116222733
2025-02-27,-0.029412133079282365,-0.03127729103867338,0.0,-0.004176117790353762,-0.013920395640350747
2025-02-28,-0.014941424550497406,-0.01748204498377892,0.0,0.0,-0.0002562575079885221
2025-03-03,-0.028421953515748943,-0.02992792081923723,-0.0025281184822602,-0.002776150176769243,-0.005682696520172947
2025-03-04,-0.053340716694110446,-0.051500036977425,-0.0378896865681394,-0.026444181724767923,-0.026974934263640726
2025-03-05,-0.042692704162612505,-0.04062701452033801,-0.03105971118835027,-0.021117900255384847,-0.01827865075412094
2025-03-06,-0.05783859673927938,-0.05302223614555568,-0.038322043668467254,-0.03242418488772347,-0.025621995578543832
2025-03-07,-0.055959586417409946,-0.046397138944606064,-0.034192128839494185,-0.030408288877089684,-0.017195356902924175
2025-03-10,-0.0707032203927952,-0.061828962675168464,-0.03625932918316077,-0.03736680822323135,-0.025786386656251103
2025-03-11,-0.08003359813937705,-0.07445385169446783,-0.05699877106928242,-0.05334389312442711,-0.042194690225323406
2025-03-12,-0.07760445550041895,-0.07437585147652026,-0.056422163773438117,-0.05500550971674689,-0.047370651113727846
2025-03-13,-0.08395636788327276,-0.0804468936921322,-0.055852447844608855,-0.059330899825213446,-0.052425184260058155
2025-03-14,-0.06696702555205258,-0.06414977277939637,-0.044064899797330304,-0.04900909352719218,-0.041463153257212726
2025-03-17,-0.05479968225092169,-0.052864074946686324,-0.03098751750515416,-0.038120374395682166,-0.031097483220460687
2025-03-18,-0.05915966735664224,-0.05759317557416177,-0.03516999872851878,-0.0403518287546063,-0.035644826294441545
2025-03-19,-0.04562145837951426,-0.049612274400162915,-0.022391505728637573,-0.032196857208310226,-0.0282723159894529
2025-03-20,-0.0503303102190954,-0.052958553314313206,-0.02854101606314774,-0.03446927043946013,-0.03181007497882549
2025-03-21,-0.055275319268575984,-0.05900054208208283,-0.030965408483746626,-0.044361043896164576,-0.038095925788970364
2025-03-24,-0.036683381855980746,-0.04424443969213865,-0.01655496202177842,-0.0317562763244692,-0.027144983821337787
2025-03-25,-0.03383204740577639,-0.04458903307343742,-0.010819113446454476,-0.03040295238366908,-0.02839296845971373
2025-03-26,-0.041332372876767165,-0.04808406371850127,-0.012571632116822329,-0.030227567790371612,-0.02683395796888377
2025-03-27,-0.047997972885333695,-0.051318394378526366,-0.013131062198528776,-0.02531049995716894,-0.026221885131189615
2025-03-28,-0.06608817695598834,-0.06759891263890616,-0.026929693918529063,-0.039649605609702765,-0.038195697037564535
2025-03-31,-0.05946035542484207,-0.05994121272517228,-0.02032886842375392,-0.030594790585930176,-0.029493797857107595
2025-04-01,-0.05843519588049917,-0.061536869927981463,-0.013602178039004986,-0.03256397568105995,-0.03255157413570975
2025-04-02,-0.055318008042271494,-0.05659770439898526,-0.017968348569097015,-0.032773288534203804,-0.029990399110353838
2025-04-03,-0.10863174694554312,-0.10764696089190862,-0.04076444349070907,-0.06293631610947703,-0.06526860044540905
2025-04-04,-0.1764163560954204,-0.16877914645615144,-0.11438250292527374,-0.13483045653231962,-0.12534872787687312
2025-04-07,-0.17311460399566259,-0.16968515078620428,-0.11443703887062984,-0.1401635821100281,-0.13057276045140365
2025-04-08,-0.17708249929039654,-0.1830285693741034,-0.11706839800144464,-0.1437281817893289,-0.1417173088140824
2025-04-09,-0.10512764986512357,-0.11048858225732061,-0.06602443768546074,-0.08621730980252096,-0.08297051060229799
2025-04-10,-0.13279712768967178,-0.1426615763032859,-0.07954511924339591,-0.10951375611445169,-0.10751656311590674
2025-04-11,-0.11873424215802308,-0.12931926949433115,-0.06836887058707208,-0.0935490852565174,-0.09251841607901734
2025-04-14,-0.10855805965194021,-0.11860631602776017,-0.05418245377451214,-0.0846142903249818,-0.08183822413852859
2025-04-15,-0.11040406393954216,-0.1220517689461248,-0.050146658109614606,-0.08529290971944359,-0.08592041562027186
2025-04-16,-0.12070334174040875,-0.13362362884917134,-0.06492677065157171,-0.09424947068683354,-0.09566287522931127
2025-04-17,-0.1165636790435437,-0.12687339865548064,-0.061915732771581355,-0.08963311401861485,-0.08732154717083862
2025-04-21,-0.1329387775350308,-0.14131542301865074,-0.08644994612120616,-0.10738758036786211,-0.10247958933883516
2025-04-22,-0.12418333349811406,-0.12398213313563244,-0.07854553543854415,-0.09839127697514638,-0.0877120177671562
2025-04-23,-0.10506859844855143,-0.11293942345350672,-0.06105447040406686,-0.0867302036187243,-0.08106925831383904
2025-04-24,-0.08700501055771004,-0.09303480735904002,-0.04976076290825249,-0.07451042165587995,-0.06824082180306656
2025-04-25,-0.08945148126800839,-0.09670203762111551,-0.07199493609416197,-0.08189033088174047,-0.07230477752371667
2025-04-28,-0.08664524395488271,-0.09422518804237978,-0.06410709220705446,-0.07894530937136768,-0.0696800108216129
2025-04-29,-0.08326959150501023,-0.09235223035191731,-0.058358177425755664,-0.07098248946266827,-0.06610836705280831
2025-04-30,-0.07841832989985298,-0.08761743906072683,-0.05225321039646691,-0.062134746256323425,-0.06076080774502057
2025-05-01,-0.07869474985422209,-0.09350413961046133,-0.050653445321469315,-0.0644948693144618,-0.06741657737015305
2025-05-02,-0.06042972808903124,-0.07705486977941123,-0.03746945671566004,-0.050626947223256336,-0.054336099509753044
2025-05-05,-0.062209947934680265,-0.08090360916441663,-0.040161266078929336,-0.0545949295865632,-0.05836848866670441
2025-05-06,-0.06591838744734224,-0.08541776325121586,-0.03412827365678073,-0.056877568960376323,-0.06192194555580788
2025-05-07,-0.06176048709140858,-0.07954845356544371,-0.03517808792070898,-0.053521626311226145,-0.057350641230818344
2025-05-08,-0.05225039348737959,-0.07133725746865716,-0.03267900744420249,-0.049693253736894816,-0.052486536836162556
2025-05-09,-0.0518072223863032,-0.06993009925812399,-0.032025539545912585,-0.050684582471712814,-0.0528745639735646
2025-05-12,-0.024095995667042347,-0.0386911211020502,-0.022840762481693977,-0.03312750185115532,-0.028890066023410044
2025-05-13,-0.01734363428208685,-0.03593137872954777,-0.024503514576055818,-0.03634677490988247,-0.03289346684902861
2025-05-14,-0.018806793594741356,-0.0416084555749906,-0.026706361861534966,-0.04283760901251188,-0.039730930157614974
2025-05-15,-0.002809011090309732,-0.029085733556640014,-0.004983009541024153,-0.025043114650383003,-0.023418100692553456
2025-05-16,0.0,-0.02334807393374505,0.0,-0.019401308716071375,-0.01639243320661976
2025-05-19,0.0,-0.02097122964030007,0.0,-0.014213173102216814,-0.012434052833865117
2025-05-20,-0.0013784520490472962,-0.022195608738181494,-0.0047040951904328,-0.01700461591542035,-0.013087548620011713
2025-05-21,-0.017300696694436124,-0.03845854466159504,-0.01824749827783645,-0.03279540174636508,-0.0272341631021894
2025-05-22,-0.021544290123093668,-0.04273184627381721,-0.022777569934012365,-0.03498583535485145,-0.03111784842805676
2025-05-23,-0.02337708280308426,-0.04591981504334319,-0.02148546299394083,-0.03930404549280453,-0.032365831748748186
2025-05-27,-0.005610386532732936,-0.02918235986137252,-0.008464383216836624,-0.02558669380578582,-0.018651946562724953
2025-05-28,-0.010963217638483291,-0.035345205538318436,-0.01169634767047123,-0.030714988079116656,-0.02500431140964421
2025-05-29,-0.006466975388096707,-0.031012446318050668,-0.009601107473001025,-0.024978702168493405,-0.01975601309817543
2025-05-30,-0.0057094254552196855,-0.0335381622542551,-0.0005223796061031294,-0.020366056894789097,-0.018852071016828287
2025-06-02,-0.0036190561069425753,-0.032399608078652276,0.0,-0.019416982270533234,-0.01891774037426075
2025-06-03,0.0,-0.022865030028366373,0.0,-0.014751658262740941,-0.013085142751214418
2025-06-04,-0.0004704799275021543,-0.024467580066389605,-0.00575953383371175,-0.013043705484138024,-0.015472359144279912
2025-06-05,-0.00017008848192678894,-0.02453683209158175,-0.0011403206232654117,-0.011539058151540327,-0.01622505335452784
2025-06-06,0.0,-0.015039760074955666,0.0,-0.003060017367557455,-0.007222246397280974
2025-06-09,0.0,-0.009447956771120758,-0.007719553074993946,-0.005084590057768845,-0.004576592600297635
2025-06-10,-0.002008513273373591,-0.0024981187816337513,-0.011954309350225234,-0.002749935039227047,0.0
2025-06-11,0.0,-0.0038740066149521857,-0.00919285612219889,-0.002396663145275202,-0.0022355697062922397
2025-06-12,-0.003812551245156115,-0.0035204547926028784,-0.01676448507125905,-0.00477048827956239,-0.0005233768810951611
2025-06-13,-0.01148927234173136,-0.017716994740635483,-0.020590354375187858,-0.016781485183679834,-0.012174501469419452
2025-06-16,0.0,-0.0059235575825825615,-0.013839878949814977,-0.009590260003146112,-0.005217467728435232
2025-06-17,-0.0015946218802584955,-0.011723592835314767,-0.023528272543322792,-0.013806184833060398,-0.012615446862486612
2025-06-18,-0.000879234328781342,-0.011965898234068573,-0.025948763641907124,-0.029920578578463197,-0.01526819896380216
2025-06-20,0.0,-0.010577323029004604,-0.01995438559254825,-0.02982768440933814,-0.013562670541947375
2025-06-23,0.0,0.0,-0.006297169505819378,-0.0204838184785876,-0.002848915243292116
2025-06-24,0.0,0.0,-0.003207554561203363,-0.01301415346118684,0.0
2025-06-25,-0.0011602102457639596,-0.0038210434553396233,-0.007806596389165588,-0.017787010548927285,-0.005220047915284964
2025-06-26,0.0,0.0,-0.0002884671691900653,-0.014868041994762327,0.0
2025-06-27,0.0,0.0,0.0,-0.008623805131393492,0.0
2025-06-30,0.0,0.0,0.0,0.0,0.0
2025-07-01,0.0,0.0,-6.653201939266218e-06,0.0,0.0
2025-07-02,0.0,0.0,-0.007067372786805914,-0.0012707313979988255,0.0
2025-07-03,0.0,0.0,-1.4132501218511173e-05,0.0,0.0
2025-07-07,-0.00544192343588068,-0.007831734321091632,-0.0039812093975371,-0.004959490579488968,-0.00583204047211483
2025-07-08,-0.010587724826529366,-0.007149644503024466,-0.009931635119479032,-0.006879841647431717,-0.0070012099389570315
2025-07-09,-0.005539953379068208,-0.003996101293131771,-0.00878959547688507,-0.0035741048578946666,-0.004106048819878971
2025-07-10,-0.0003655270298805746,0.0,-0.007749734903369276,-0.0030812591382527454,-0.0006645415639179308
2025-07-11,-0.002516906636877647,-0.006630897793589163,-0.013651437668852462,-0.010213044393221016,-0.008381721362350603
2025-07-14,0.0,-0.006840685836104421,-0.005218092870130975,-0.00626410579255543,-0.008282260371675232
2025-07-15,-0.0065630982366367,-0.016768093238986204,-0.012349521911982797,-0.013364207223334867,-0.01846649443271353
2025-07-16,-0.0034866018488406425,-0.015231878023713508,-0.007069453037624629,-0.008357157011138927,-0.014340644779975542
2025-07-17,-0.002919421424154689,-0.015260996014573092,-0.0071284951751020564,-0.01048165572456805,-0.015602658881282983
2025-07-18,-0.0007325113676414086,-0.015245694881364513,-0.008597248478904973,-0.012844705088704056,-0.016881813014428038
2025-07-21,-0.00044252167093294936,-0.014485384728723072,-0.004305674027975104,-0.009910562271353451,-0.015861049311386433
2025-07-22,-0.008277115830216397,-0.017041741482670236,-0.013386188352144557,-0.013863084286940941,-0.016041456989196123
2025-07-23,0.0,-0.008198739586774417,0.0,0.0,-0.006371526506781078
2025-07-24,-0.0038045598472478126,-0.014086957508137266,0.0,0.0,-0.009547390528511612
2025-07-25,0.0,-0.008554860973334577,0.0,0.0,-0.004619315738566221
2025-07-28,-0.0008830789151408336,-0.008810361802166544,-0.0074943469647641425,-0.004461014132083663,-0.007413664956111066
2025-07-29,-0.0013845901351554613,-0.008922091148716338,-0.009323894494605578,-0.004899917596753012,-0.0073543969325750025
2025-07-30,-0.0033447379434968783,-0.015613300594217838,-0.008431872723797307,-0.005756198879575347,-0.014369419515447346
2025-07-31,-0.00764123251708404,-0.024849714320091865,-0.014107183659299971,-0.008437727575201226,-0.02336807939721286
2025-08-01,-0.019338976909508032,-0.03486786816341725,-0.02012953685868879,-0.017659186908622337,-0.029669371097865715
2025-08-04,-0.005393944378652482,-0.021997160901847668,-0.010089460871051004,-0.006735127669850516,-0.018722030652844834
2025-08-05,-0.00939825638052727,-0.02244115657917578,-0.014647649070001156,-0.010980694661545498,-0.01909004392182656
2025-08-06,-0.009979674412065154,-0.02211905291048144,-0.01671623214909901,-0.011592893050582309,-0.017775927373873568
2025-08-07,-0.00770771910336121,-0.018541841037555296,-0.008868210285865818,-0.014024316879164611,-0.014771587390430718
2025-08-08,-0.0016963362544157867,-0.009688790601615649,-0.004643796516060172,-0.0055558745888576455,-0.006750778991877815
2025-08-11,-0.00234411167531301,-0.01118555486634476,-0.0008408826316338436,-0.005822635690580613,-0.00885928159994498
2025-08-12,0.0,0.0,0.0,0.0,0.0
2025-08-13,-0.002163655914134366,0.0,-0.002992905193652251,0.0,0.0
2025-08-14,-0.003227288663042005,-0.00037937511829055914,-0.0023034765405839375,0.0,-0.0022637180510575172
2025-08-15,-0.012146785951747785,-0.009669904447851985,-0.001960094670272916,-0.004803591279146757,-0.006872862089909004
2025-08-18,-0.009330712303160071,-0.009178176064928989,0.0,-0.0034000214871933165,-0.006899082454018046
2025-08-19,-0.01299063128791833,-0.00893328734115928,0.0,-0.0025077567217952623,-0.004844763000623198
2025-08-20,-0.01009587675847834,-0.007893849737536374,0.0,0.0,-0.001451156316811697
2025-08-21,-0.011240793621490552,-0.009941485428730412,0.0,-0.0012554444774915963,-0.002660568307603972
2025-08-22,0.0,0.0,-0.0020591974325497864,0.0,0.0
2025-08-25,-0.003262219734853411,-0.005216751118934493,-0.005269065286009678,-0.00425444388315932,-0.006640566864022257
2025-08-26,0.0,0.0,0.0,0.0,-0.0020099882338031616
2025-08-27,0.0,0.0,0.0,0.0,0.0
2025-08-28,0.0,0.0,0.0,0.0,-5.036237022459922e-05
2025-08-29,-0.007102746906727853,-0.0034026263763814457,-2.6834157148547533e-06,0.0,-1.1766443453242736e-05
2025-09-02,-0.010519088380031572,-0.008929978758482005,-0.0002111864049967327,-0.002760970242709937,-0.003944075026766192
2025-09-03,-0.011421704346646244,-0.011293629981129705,-0.005463622887091013,-0.0039474397883155765,-0.006938673618720803
2025-09-04,0.0,0.0,0.0,0.0,0.0
2025-09-05,-0.003943422834611687,0.0,-0.0037899828112878398,-0.004085882558695686,0.0
2025-09-08,-0.00924788200764104,-0.0015113854409970484,-0.020925467706611856,-0.009657507584541092,-0.003269078902970457
2025-09-09,-0.009989514750214257,0.0,-0.02128361054999306,-0.010338706713609036,-0.002447950358948958
2025-09-10,-0.0020062913526875947,0.0,-0.01802944738871326,-0.011354715360741174,-0.0027869280131148644
2025-09-11,0.0,0.0,-0.007261636827045281,0.0,0.0
2025-09-12,-0.004641180281322432,-0.00533559461687827,-0.011274048708087236,-0.006065181320819679,-0.006301949598335299
2025-09-15,0.0,-0.0038986685269390975,-0.005916243088113227,-0.003915722017004408,-0.007821978272155139
2025-09-16,0.0,-0.003183033898460641,-0.005995684714591776,-0.0010243020641932388,-0.007552919969294636
2025-09-17,0.0,-0.0003183319265882556,-0.0017048244198732965,0.0,-0.0038456851428613215
2025-09-18,0.0,0.0,0.0,-0.005376945725142801,0.0
2025-09-19,0.0,-0.0010371774044979354,0.0,-0.005739235263052089,-0.0005774472136080844
2025-09-22,0.0,0.0,-0.0004969103276292186,-0.0020647725748714763,0.0
2025-09-23,0.0,0.0,0.0,-0.005168583838386143,0.0
2025-09-24,-0.005277658040856004,-0.0030190826676448346,-0.0056437207756055985,-0.00862937313977774,-0.002791955784333222
2025-09-25,-0.01060927194327066,-0.00781810231964386,-0.007861444782131577,-0.016336138497113906,-0.008185181831402821
2025-09-26,-0.0033190953808582835,0.0,-0.004419975955461952,-0.008758179399240285,-0.0003274409511022647
2025-09-29,-6.3224109890791524e-06,0.0,-0.004870689048078969,-0.0013541367025937667,0.0
2025-09-30,0.0,0.0,0.0,0.0,0.0
2025-10-01,0.0,0.0,-0.007661780584539479,0.0,0.0
2025-10-02,-0.0015864681554411675,0.0,-0.015723637939491275,-0.0003905268294991382,-0.000994374371764084
2025-10-03,-0.005080928812021157,-0.000509579246095182,-0.01676126917600218,0.0,0.0
2025-10-06,-0.0037359017219169566,-0.00042514855603659196,-0.02664763956797389,0.0,-0.00151322803942755
2025-10-07,-0.007010252548878659,-0.008193682184897577,-0.021254794994947424,-0.0030070211747500464,-0.005238686901213208
2025-10-08,-0.0023034725921209365,-0.002630354986384975,-0.022494685746990428,-0.0017519274123113382,-0.0027887707389698813
2025-10-09,-0.015662511724918504,-0.012795104745122132,-0.03583704061621695,-0.013015099324563573,-0.011854519084880666
2025-10-10,-0.0405378194234044,-0.038783621427482706,-0.049254151157220205,-0.029205779903503815,-0.031121919251521635
2025-10-13,-0.0253031491052238,-0.022318836594921843,-0.046121272064547414,-0.0230675394100891,-0.021502618297384868
2025-10-14,-0.02345270066232552,-0.02056727193259955,-0.03307264320695946,-0.01892869567704225,-0.016714986271692767
2025-10-15,-0.016748437481843403,-0.010696446319106268,-0.03714701363609885,-0.02104984398966192,-0.01310673449700761
2025-10-16,-0.018228453339469985,-0.010033243786274793,-0.04041115436860809,-0.02651458309552479,-0.013595004852449133
2025-10-17,-0.014307559950244575,-0.005531189073181286,-0.026904656319901354,-0.01674365762533403,-0.006794768224666403
2025-10-20,-0.006336523857432885,0.0,-0.022102098822177507,-0.007737550007623217,0.0
2025-10-21,0.0,0.0,0.0,0.0,0.0
2025-10-22,-0.003170343902374362,-0.0066699645397717555,-0.0023349554623345314,-0.0002800874272557152,-0.003368750539004539
2025-10-23,0.0,0.0,-0.004988858392072526,0.0,0.0
2025-10-24,0.0,0.0,0.0,0.0,0.0
2025-10-27,0.0,0.0,0.0,0.0,0.0
2025-10-28,-0.0025379608569335854,-0.0033522746734355735,-0.0014999727401860952,-0.005270702466864119,-0.004450238543958651
2025-10-29,-0.0020211119577254744,-0.004865727502339157,-0.01298038418230163,-0.01125063384691527,-0.011074725081256509
2025-10-30,-0.001178743798096793,-0.006749255072416749,-0.018918357277082354,-0.010223734260950912,-0.010854364392926863
2025-10-31,0.0,-0.001635524034047764,-0.017397371650897386,-0.00759466649863072,-0.006890900123813437
2025-11-03,-0.0023982958587729364,-0.003558341004048504,-0.028208191146856132,-0.010798344452883524,-0.013845040725949165
2025-11-04,-0.0153367086091718,-0.016089098674932467,-0.03417541336725438,-0.010872515462852839,-0.020207071119484277
2025-11-05,-0.005087116916281276,-0.001250605167480101,-0.031264686821967924,-0.003973780049617459,-0.012065270722032673
2025-11-06,-0.005195918528443144,-0.0038821152642247725,-0.0315122863343863,-0.0062125893460670545,-0.013562031870389513
2025-11-07,-0.001864051695172897,-0.0015269820308703164,-0.021458668359190636,-0.0012147270977074243,-0.01035703865612636
2025-11-10,0.0,0.0,-0.017129700596325903,0.0,-0.002112085317058421
2025-11-11,-0.0004628957623750152,0.0,-0.0095941110545531,0.0,0.0
2025-11-12,0.0,0.0,-0.006281509765653004,0.0,0.0
2025-11-13,-0.018976556702588687,-0.015077840562345735,-0.015556178923126551,-0.009735395949928227,-0.008678043009073488
2025-11-14,-0.021199890787609532,-0.0192631084381637,-0.017984763880207977,-0.010802333803876851,-0.011653627879932293
2025-11-17,-0.03264886097507824,-0.03141653637684061,-0.03231223711341624,-0.016575018968181587,-0.02075281441725796
2025-11-18,-0.04192353495898149,-0.039353851453676314,-0.036644079909562643,-0.025715591224441225,-0.024557149154731395
2025-11-19,-0.038200777335130054,-0.035604614018722724,-0.03721318624303405,-0.02633720357328695,-0.023338942147738906
2025-11-20,-0.05880477204907908,-0.05848641965783241,-0.04358635698219138,-0.04258766042042472,-0.038453165699254166
2025-11-21,-0.050704020307244746,-0.04354329306147764,-0.0374936231285693,-0.03559453305687632,-0.024832635960858607
2025-11-24,-0.03614307857248411,-0.030953443009026027,-0.03128296925242158,-0.0269297293914873,-0.019123091571408346
2025-11-25,-0.026463230687235106,-0.018111577017252745,-0.026626522304777245,-0.017651976654322055,-0.007158740922546758
2025-11-26,-0.015906522065372686,-0.006626187994638655,-0.02246849380400362,-0.012018871180875412,0.0
2025-11-28,-0.004848157510420781,0.0,-0.014853761811618793,-0.002244377100016459,0.0
2025-12-01,-0.01842970348119055,-0.005800359410348066,-0.033938749814829805,-0.014813479410411112,-0.007841008126381666
2025-12-02,-0.013820855322143832,-0.0006373027707106127,-0.030970843690200534,-0.0141112244713677,-0.006213710492542823
2025-12-03,-0.011284152121281976,0.0,-0.030274621210388042,-0.012544026766830862,-0.0022632919006640995
2025-12-04,-0.0037838540636659923,-0.0012191581367511084,-0.02404457040934649,-0.014253637101736993,-0.0037536302174117075
2025-12-05,-0.0030101702838194466,0.0,-0.028180231853744853,-0.006764071840729691,-0.0006825189354221495
2025-12-08,-0.0025151691979183877,-0.001049768333684975,-0.03731429309914347,-0.00921654307794606,-0.004019658552622318
2025-12-09,-0.00657636810041784,-0.00059299904750032,-0.03948951447593574,-0.011843663954802741,-0.004842015746448047
2025-12-10,0.0,0.0,-0.03373895999005616,-0.0005111878757843025,0.0
2025-12-11,0.0,0.0,-0.02496066534768393,0.0,0.0
2025-12-12,-0.005650426713347256,-0.012916945680587433,-0.017635555203916575,-0.0026468025476136248,-0.005693385944518625
2025-12-15,-0.001960332259534181,-0.01218196189521803,-0.013579438104327268,-0.001073546241371126,-0.0030295335692185343
2025-12-16,-0.009900615872622587,-0.020436570197253312,-0.01919716092116741,-0.008344308087757546,-0.011911233631601292
2025-12-17,-0.02094142022665535,-0.02827209130438746,-0.026103007287884283,-0.012406784363901413,-0.014351751240308852
2025-12-18,-0.012287593631875482,-0.019496069416181205,-0.02152040266439359,-0.0033440443112453533,-0.010657893980810185
2025-12-19,0.0,-0.0069574791417337245,-0.0157439793679508,0.0,-0.0017701777337079116
2025-12-22,0.0,0.0,-0.006295128464896771,0.0,0.0
2025-12-23,0.0,0.0,-0.00310644844818031,0.0,0.0
2025-12-24,0.0,0.0,0.0,0.0,0.0
2025-12-26,0.0,0.0,-0.0005967721579357432,0.0,0.0
2025-12-29,-0.005449041183225201,-0.003173546421462392,-0.003130901245530171,0.0,-0.0019634110695369023
2025-12-30,-0.008760408982092405,-0.00643624941997456,-0.004549118732186774,-0.003267731031197485,-0.004773899206958809
2025-12-31,-0.018484095389337596,-0.01707569355231675,-0.01086637599996676,-0.012076787714326298,-0.013486304553937067
2026-01-02,0.0,0.0,-0.005270100647221443,0.0,0.0
2026-01-05,0.0,0.0,-0.0029588034535995567,0.0,0.0
2026-01-06,0.0,0.0,0.0,0.0,0.0
2026-01-07,-0.029807902776306183,-0.011949007427614844,-0.02996456948623416,-0.011286143362566725,-0.010789874881518613
2026-01-08,-0.032294828278362164,-0.007174082147672678,-0.053154658306732605,-0.010625564913229968,-0.002886636525154862
2026-01-09,-0.007956321573978409,0.0,-0.030224981858643085,-0.0021276378146707353,0.0
2026-01-12,0.0,-0.0001224382281421743,0.0,-0.004171208087641043,0.0
2026-01-13,0.0,-0.0014085048247586274,0.0,-0.02486617416966852,-0.0013068174150923095
2026-01-14,0.0,0.0,0.0,-0.018934997049755875,0.0
2026-01-15,0.0,0.0,0.0,-0.01698975919383261,0.0
2026-01-16,0.0,-1.6357710304171214e-05,-0.0007501023707048304,-0.01367808395175607,-0.001108676461736846
2026-01-20,-0.012174378975497557,-0.016155673237441825,0.0,-0.029726180740288877,-0.012990378709794137
2026-01-21,0.0,0.0,0.0,-0.021263998655392635,0.0
2026-01-22,0.0,0.0,0.0,-0.018924934581071695,0.0
2026-01-23,-0.008039037704696606,-0.009420462731157708,-0.001194765901257111,-0.021801430009447786,-0.004723515046715421
2026-01-26,-0.0036598878099739496,-0.008838142341250355,0.0,-0.02175383242602047,-0.004054363831221264
2026-01-27,0.0,-0.002210510271495769,0.0,-0.017131825152905233,0.0
2026-01-28,0.0,0.0,0.0,-0.011225715647725565,0.0
2026-01-29,0.0,0.0,-0.010501232190410548,0.0,0.0
2026-01-30,-0.03381836126264892,-0.012673895160248305,-0.07532360893926682,-0.0018839281834145405,-0.0029432058355269852
2026-02-02,-0.00797187003071853,0.0,-0.043838912414999265,0.0,0.0
2026-02-03,0.0,0.0,-0.006292343736959083,-0.01153533059800893,0.0
2026-02-04,-0.016677322967466934,0.0,-0.03333125739642451,-0.022006622075270932,0.0
2026-02-05,-0.029266304818264866,-0.007983986400489251,-0.05839722988915308,-0.02424233124822084,-0.004096069339743824
2026-02-06,0.0,0.0,-0.01255877011148887,-0.014898041474252555,0.0
2026-02-09,0.0,0.0,0.0,-0.02065198584032124,0.0
2026-02-10,-0.01726913999295543,-0.00018578126138768525,-0.02868799007541112,-0.02509938968119385,-1.8693992127727377e-05
2026-02-11,-0.0015141224809521736,0.0,-0.0011031263510447031,-0.01569724960166985,0.0
2026-02-12,-0.005352883968528399,-0.014773771594816076,0.0,-0.01473196429435819,-0.010369225471781318
2026-02-13,0.0,-0.005413632800060908,0.0,-0.013175635475748626,-0.0016133653995848984
2026-02-17,-0.0025773235440388342,-0.00814940269400366,-0.004078216521074651,-0.008109234736742743,-0.004607659148087806
2026-02-18,0.0,0.0,0.0,-0.002454381610435985,0.0
2026-02-19,-0.012404375833928505,-0.006588780424517826,-0.0113993937492326,-0.0017016464437732415,-0.0042289256019011345
2026-02-20,-0.008444293000155478,-0.0008384179785836388,-0.02116120165967683,0.0,-0.001090941156900449
2026-02-23,-0.023066720142366437,-0.014354925426261045,-0.019622789189695178,-0.018675104612536964,-0.008144017295078076
2026-02-24,-0.02574729771404982,-0.007288200519137589,-0.03093642016078435,-0.013790819158210788,-0.00245168030168863
2026-02-25,-0.008115525130155898,-0.0024717544602885777,-0.006428399270595353,-0.010596808446849737,-0.002647419926485317
2026-02-26,-0.01700927024885268,-0.005669696523415202,-0.015091574729931612,-0.012226304261721666,-0.004569236579102465
2026-02-27,-0.009120702023239446,-0.000629548125569146,-0.00588494678426299,-0.0007826931754361111,0.0
2026-03-02,-0.016149578361621564,-0.0029912758555553642,-0.01857818705082781,0.0,-0.002141397961033964
2026-03-03,-0.04786117878998619,-0.023505204551524383,-0.06573673692461979,-0.009658206431014116,-0.018736936827306816
2026-03-04,-0.035952793539688055,-0.016808884195622653,-0.05068572735655885,-0.004757722964572442,-0.015032415993261883
2026-03-05,-0.047882333867905635,-0.03139203349824815,-0.06767644227793801,-0.013343253342930406,-0.028777983187326495
2026-03-06,-0.06762770763202397,-0.04669095225077291,-0.08415193208915628,-0.015145898322845852,-0.03719645440552577
2026-03-09,-0.051437867854022046,-0.04113903305557132,-0.06101211150768371,-0.016980753487179423,-0.03609918153038183
2026-03-10,-0.05097215799918342,-0.041504053682485664,-0.049926019579345615,-0.01984329506266036,-0.03785931970350498
2026-03-11,-0.050694120867640025,-0.044319471334492766,-0.05345822521541854,-0.02697268422802923,-0.044199016819509995
2026-03-12,-0.06634054481984264,-0.06090548109509608,-0.06833984086945255,-0.04002352136634624,-0.05838282142701878
2026-03-13,-0.0575451899678282,-0.06026410571946739,-0.06371197908202486,-0.03896151296356365,-0.05772861001753071
2026-03-16,-0.03922805190724432,-0.05152660810038956,-0.042678156876595374,-0.030648575583826165,-0.050233633610082484
2026-03-17,-0.013402717770884531,-0.04502932614847854,-0.012285056394911287,-0.03217582806544894,-0.047507536776639214
2026-03-18,-0.030135772209264222,-0.05831016556531787,-0.03400665156750882,-0.0458797769562963,-0.061861362192982106
2026-03-19,-0.022843787138212557,-0.05981916915811247,-0.034515095472474666,-0.051190283191400954,-0.06482031135981559
2026-03-20,-0.05043180339709419,-0.0715654198123189,-0.07366636741859056,-0.055954247744376184,-0.07364875459601394
2026-03-23,-0.039789720185716915,-0.05980429480941729,-0.06698556217508689,-0.05745554288495358,-0.0643796258566266
2026-03-24,-0.028822582162746357,-0.051086095655529906,-0.05787698376662376,-0.06050608435284577,-0.05980443838013716
2026-03-25,-0.028232195882616606,-0.04522092730176486,-0.05412775227020794,-0.05682452634854884,-0.05366877784566293
2026-03-26,-0.05795992008470252,-0.06218546584268725,-0.08850806457606453,-0.06581327994644937,-0.06523768610308522
2026-03-27,-0.06184679180767039,-0.07128540608014056,-0.07985731062542412,-0.08130902487285807,-0.0719495638900457
2026-03-30,-0.08845347757141009,-0.08164532411085712,-0.10661257448475026,-0.08486007322448907,-0.07797015162508503
2026-03-31,-0.06049556704043502,-0.0597014971500508,-0.06880976489649193,-0.07115011965151596,-0.06256711071128707
2026-04-01,-0.034420903829946004,-0.05139475514871128,-0.02425682486902936,-0.06820694438451447,-0.05904806889065173
2026-04-02,-0.037235603544297224,-0.05287424603436619,-0.0284519792893696,-0.06818633387586093,-0.06020063931927011
2026-04-06,-0.023962683031210852,-0.04528236290379495,-0.021082994466475213,-0.05981081205516947,-0.05454785716992838
2026-04-07,-0.01880198638655084,-0.045077862299448435,-0.011464224811122303,-0.06347227781921616,-0.057452815964446624
2026-04-08,0.0,-0.013357673586730012,0.0,-0.04296359362508928,-0.03412382061993802
2026-04-09,0.0,-0.00947088109136407,0.0,-0.04302621809766127,-0.032424924815998235
2026-04-10,-0.001205642968344356,-0.014059799011460594,0.0,-0.05278662536605039,-0.03908275958811591
2026-04-13,0.0,-0.00494012152040213,-0.0022805363152040847,-0.04398912931666521,-0.03418997162886783
2026-04-14,0.0,-0.0015091346355644575,0.0,-0.03905937554115946,-0.0319082402856925
2026-04-15,-0.008398309507585688,-0.007893304938378254,-0.016190966328391898,-0.03956427106729821,-0.03790092456945071
2026-04-16,-0.004185162826360833,-0.0011520434859182416,-0.02248001650635889,-0.03989631009605277,-0.033107880051791994
2026-04-17,0.0,0.0,-0.004173584751686721,-0.03850674015913291,-0.02225814082162414
2026-04-20,0.0,-0.0003599588570981638,-0.010205472316343056,-0.043211362841786394,-0.02528867649478006
2026-04-21,0.0,-0.009030478357291094,-0.01633529260462263,-0.0585227159293612,-0.036625322295104956
2026-04-22,0.0,-0.007129621210939963,-0.004865245120444728,-0.061445400280201845,-0.03722246695216813
2026-04-23,0.0,0.0,0.0,-0.06917499820816653,-0.03006555826605606
2026-04-24,0.0,0.0,0.0,-0.07354153730233359,-0.026852705630403206
2026-04-27,-0.005407353783779656,-0.002822424686371283,-0.014621406030055129,-0.07538042600658201,-0.03195973739471092
2026-04-28,-0.019108391937498137,-0.010773018935504641,-0.033674345135028205,-0.07560386324718493,-0.03450872454783749
2026-04-29,-0.002016546310120826,-0.003007005731612611,-0.014809080220562265,-0.0553785674696371,-0.03072481482042877
2026-04-30,0.0,0.0,0.0,-0.056274986474358135,-0.01822623255498035
2026-05-01,-0.005256337564522706,-0.0014902748321616865,-0.009795151045106198,-0.058719146336844386,-0.020918964596350786
2026-05-04,-0.0008602754321558326,-0.009313575355267889,-0.00035019696441707104,-0.055332515139673966,-0.029415918755281822
2026-05-05,0.0,0.0,0.0,-0.047952658795933134,-0.0163909938994099
2026-05-06,0.0,0.0,0.0,-0.040150449729828064,0.0
2026-05-07,-0.02218685603786108,-0.014764189841986242,-0.02574858263609725,-0.04297037167182416,-0.011002276636430386
2026-05-08,0.0,0.0,-0.002177127148488278,-0.034393381460860795,0.0
2026-05-11,0.0,0.0,0.0,-0.02466330935893213,0.0
2026-05-12,-0.02341417935267731,-0.012516167775792342,-0.02593016197119502,-0.02421065403449507,-0.004837126689557936
2026-05-13,-0.01799763785760078,-0.008431796681539705,-0.01607320529038503,-0.0276515048446192,-0.00410915120437183
2026-05-14,-0.01854961134858457,-0.00835941641376825,-0.026075885642708685,-0.03250340730600021,-0.0017809532875905365
2026-05-15,-0.032820391528916026,-0.024796573973627667,-0.05210315697417789,-0.04339204422894227,-0.01485876613910364
2026-05-18,-0.047992984559579455,-0.025268575243665548,-0.07225329209930786,-0.033580128730782866,-0.009419452016059648
2026-05-19,-0.05254397405500788,-0.030356722256906332,-0.08073027872346417,-0.03576447329589094,-0.01285405341124779
2026-05-20,-0.04418575792411994,-0.01753095572595631,-0.07241688223891696,-0.028395415616815356,-0.005325652580358109
2026-05-21,-0.016961176277040413,-0.007604170569261992,-0.04055077305568888,-0.02300942668808703,0.0
2026-05-22,-0.005737124477586231,0.0,-0.04132445444105448,-0.020609102985956307,0.0
2026-05-26,0.0,0.0,0.0,-0.0002286532645067174,0.0
2026-05-27,0.0,0.0,0.0,0.0,0.0
2026-05-28,0.0,0.0,0.0,-2.8296171536434933e-05,0.0
2026-05-29,0.0,0.0,-0.0010011135960925621,0.0,0.0
2026-06-01,0.0,0.0,0.0,0.0,0.0
2026-06-02,0.0,0.0,0.0,-0.001166579899626874,0.0
2026-06-03,0.0,-0.0009621453679052872,0.0,-0.009328908571418326,-0.005727712281637931
2026-06-04,-0.011812844079656437,-0.00043780207486354694,-0.014306701651418452,-0.006647614996042495,-0.0017129673266089718
2026-06-05,-0.07023812333690194,-0.03555881910702352,-0.08634622392519742,-0.02277846365774161,-0.021187316713543125
2026-06-08,-0.05346346418198156,-0.021550563066183304,-0.07180128286758836,-0.015461318409291658,-0.015316951753269414
2026-06-09,-0.059086541069054976,-0.02250963664684691,-0.07687800022694591,-0.006021341261420621,-0.012433996065467023
2026-06-10,-0.08652806886102482,-0.04108275656706473,-0.11181243475989511,-0.017456958447164994,-0.024986655155189275
2026-06-11,-0.04031761422223257,-0.005131303224942596,-0.06425093852455421,0.0,-9.565337614603209e-05
2026-06-12,-0.014566134879031911,0.0,-0.026745809364577933,0.0,0.0
2026-06-15,0.0,0.0,0.0,0.0,0.0
2026-06-16,0.0,-0.008248193298795559,0.0,0.0,-0.0024053234855437866
2026-06-17,0.0,-0.008165812246701654,0.0,0.0,-0.007283097217701817
2026-06-18,0.0,0.0,0.0,0.0,-0.0026451846599560014
2026-06-22,-0.0019880029480362493,0.0,-0.009591149859861314,0.0,0.0
2026-06-23,-0.04616029613074124,-0.025372225910771262,-0.06239917672192519,-0.01539191372187343,-0.009918275076041483
2026-06-24,-0.06127524488396707,-0.028022600396598207,-0.08858557760814201,-0.015715156886690673,-0.012285072037096945
2026-06-25,-0.03231106852829091,-0.007339220682909264,-0.053840761073519317,0.0,0.0
2026-06-26,-0.08877792832707831,-0.029928384941196096,-0.11910483723487153,-0.004641525093321275,-0.010592725542794446
2026-06-29,-0.042450106549669964,-0.013430088969233811,-0.0663021866642437,0.0,-0.00046919195273353864
2026-06-30,-0.04308307480757667,-0.00720835683090959,-0.08259063096770769,0.0,0.0
2026-07-01,-0.07586222840080381,-0.02603235887949573,-0.11886552455620769,-0.006640540349219681,-0.007990323265766097
2026-07-02,-0.11535092745821562,-0.03912214231584521,-0.1555419024308573,0.0,-0.007825952093681865
2026-07-06,-0.09188147319575424,-0.030819534116183323,-0.12505988011111835,-0.00035429840028744497,-0.004071954637230424
2026-07-07,-0.12198333281326224,-0.046078916096648936,-0.16066098860457223,-0.01023610366924177,-0.009872606578664067
2026-07-08,-0.1136759059390744,-0.049724360492328756,-0.1515663993958517,-0.023451127392966953,-0.018065826131340335
2026-07-09,-0.0925360560815296,-0.037271514310217246,-0.1290422844616892,-0.01578851640472323,-0.011749103221174506
2026-07-10,-0.09021061950002174,-0.03578584667556228,-0.12631517469540843,-0.01094383080700101,-0.008705402323262112
2026-07-13,-0.10964272244118711,-0.047302277037760465,-0.15119280660763057,-0.011660918333747938,-0.014361616126708832
2026-07-14,-0.10534683230546393,-0.040885915339092915,-0.14501925013195893,-0.010640281302714105,-0.01654135283426217
2026-07-15,-0.1450772303313238,-0.056764096050653245,-0.1910813138528038,-0.020644202895130692,-0.02669086501567486
2026-07-16,-0.17354382748511032,-0.0652521632323072,-0.2335162437096152,-0.016205876544068132,-0.02515064074080975
2026-07-17,-0.1727067757788422,-0.07223393110572951,-0.2249649991041648,-0.02493197438599093,-0.0311769725236839
2026-07-20,-0.17068673925981825,-0.07562074279830455,-0.2198843479374838,-0.022014454664254002,-0.03465692523609032
2026-07-21,-0.12357768353670551,-0.0500992441925977,-0.16151644078309513,-0.013387489190521018,-0.019109484877134153
2026-07-22,-0.11095676736491678,-0.04250015856827827,-0.14580720124611946,-0.015950325691920342,-0.010810337756878896
2026-07-23,-0.10569487764473595,-0.04360351328115364,-0.1410672891415523,-0.00633548596995559,-0.010631903475678106
2026-07-24,-0.12849087188456332,-0.050881850754042834,-0.17134762851472773,0.0,-0.008785644494462175
2026-07-27,-0.14240536871710663,-0.05190655225070384,-0.1860406714441466,0.0,-0.00632354366094523
2026-07-28,-0.1703999971553215,-0.06401404698759827,-0.21733660300369173,-0.005172772996994035,-0.010241215963941341
2026-07-29,-0.18629602676271861,-0.08714001164827778,-0.22316594745222051,-0.024039920565119166,-0.027479877344254167
2026-07-30,-0.1321879543682789,-0.06182523509438631,-0.164339768921955,-0.006839193401675714,-0.01641788900686081
2026-07-31,-0.12693219166889658,-0.06518724602676751,-0.15842475761152408,-0.011306018641646709,-0.01715403229573742
2026-08-03,-0.1307230894649548,-0.05839476306081792,-0.17124379205668738,-0.005514605697690134,-0.011912616348363048
2026-08-04,-0.10052303341635516,-0.028309316983325283,-0.14853463264431443,0.0,0.0
2026-08-05,-0.11849743041123129,-0.03207061723499949,-0.16158650965118726,-0.0014379132844294373,-0.0025512678516415033
2026-08-06,-0.15952097872006454,-0.04173889626960481,-0.21501297074094494,0.0,-0.007802916732454146
2026-08-07,-0.16250576115201265,-0.03510866691980585,-0.21700829790690612,-0.004543227815004491,-0.0019199971704513263
2026-08-10,-0.15890497167392303,-0.036362821598165285,-0.20610867513426612,-0.0029878848917075373,0.0
2026-08-11,-0.15906068462565426,-0.0340295841323599,-0.20705215204679472,-0.002961358074777487,0.0
2026-08-12,-0.14019765961673547,-0.021814536178385913,-0.19176960262378784,0.0,0.0
2026-08-13,-0.11842502400212074,-0.0133371486413989,-0.16761115398198623,0.0,0.0
2026-08-14,-0.10729573485543376,-0.013005399783202143,-0.14537083541663265,0.0,0.0
2026-08-17,-0.09333082776548629,-0.012282127198974813,-0.11784273164767511,-0.002856737305004353,-0.002240370156745053
2026-08-18,-0.1207659417039536,-0.026562742561975217,-0.15055591922149614,0.0,-0.006837346766441543
2026-08-19,-0.14493313699875598,-0.033746625695956434,-0.1642779693726909,-0.007741470639721304,-0.007958876915745372
2026-08-20,-0.1439752781560405,-0.04035245488329653,-0.15960117112271544,-0.013830568136110832,-0.016482682727027242
2026-08-21,-0.1463442151048302,-0.036397759798246665,-0.1599684600531064,-0.011223560735096116,-0.01081935710139914
2026-08-24,-0.16333835089290727,-0.04326657426709368,-0.1782122565621137,-0.009267121908032472,-0.012544738718446191
2026-08-25,-0.15171978010906428,-0.037306622408354584,-0.15943941710716192,-0.007126634706872026,-0.00916622696229652
2026-08-26,-0.13952147106433732,-0.03375011737479505,-0.15140639810266687,-0.0053816982220759035,-0.007941438233043496
2026-08-27,-0.14376871693105897,-0.03510295335695035,-0.1597381534684683,-0.009855428697446378,-0.011614189195701785
2026-08-28,-0.15134453809090276,-0.04388454638995842,-0.1655191861248937,-0.007568539440455546,-0.0167512232880892
2026-08-31,-0.15734118490758142,-0.0465527788778195,-0.17673899633943735,-0.01162219832304956,-0.02068685408058757
