Date,Simulated (Max Sharpe Ratio),Equal-Weight,Markowitz,Black-Litterman,Risk-Parity
2021-01-05,1011827.2191395245,1012434.1997508173,1005215.7167089419,1009945.0594347398,1009869.8565782247
2021-01-06,1014805.2695448528,1029608.2679687642,1009651.79211279,1004205.8963358176,1024679.5426148876
2021-01-07,1027439.609161581,1040243.1370377807,1014071.38963028,1025458.5748164618,1033421.0525953299
2021-01-08,1029846.4976981874,1039909.7598867025,1010011.2949562971,1026459.5914729604,1032677.6310063136
2021-01-11,1027066.0772130837,1041729.3140893001,1001421.6965360079,1025920.8013566161,1032805.0333364442
2021-01-12,1026545.6593381353,1048785.612665038,994307.610679249,1024988.8299248869,1037291.354195211
2021-01-13,1030005.0789797833,1046372.3750013758,999868.6085579775,1024309.7161672486,1035333.1314693404
2021-01-14,1036479.9974347459,1054865.3503263367,1005118.8255396961,1027077.1169833848,1041967.2232039548
2021-01-15,1025990.5249496677,1043644.9721914368,996054.1852643309,1019815.4458355986,1033363.5951296897
2021-01-19,1042825.2895170179,1056915.0691204043,1010256.2236529447,1047377.3940544316,1045066.1085834531
2021-01-20,1045695.1112736833,1059356.2909601233,1025584.7288494052,1048133.1605205275,1048371.6771885342
2021-01-21,1043081.4464718549,1053396.4512340915,1018611.2652241283,1051428.4419773847,1042207.1979672359
2021-01-22,1031006.1600331459,1041045.3666774563,1012673.3014393644,1036547.2969815207,1031626.2808451996
2021-01-25,1036620.6099953522,1038394.8438020928,1016682.0992012954,1036167.1779116233,1032416.161343772
2021-01-26,1033647.2164817248,1032986.1294137681,1010497.9669762704,1028641.8857103327,1028733.6355483244
2021-01-27,1000153.7451127395,1007580.4115809841,961806.9217791187,981766.703488866,1004802.4472179181
2021-01-28,1010999.2539291877,1023702.2789668102,978246.1749718315,1006702.4869073835,1017743.1062155917
2021-01-29,997649.5310307546,1007089.2487620933,968812.8190126875,988792.36576454,1002407.7831784822
2021-02-01,1015426.3619533818,1019355.1161594702,987208.2679647163,1015946.995052821,1012674.3570461693
2021-02-02,1032418.4567620846,1037000.3831210446,1002145.1976506534,1038813.8979902331,1026954.1954548908
2021-02-03,1024084.3932879814,1034164.2214036504,988594.9546201891,1017551.0603512409,1023332.9367383652
2021-02-04,1015571.9805400892,1047839.434822973,968817.8174110358,1043247.2968198984,1034205.1129726401
2021-02-05,1013252.677668304,1051082.1634550537,965346.130734169,1038085.5580945829,1039422.9310483584
2021-02-08,1024367.6474880863,1064955.8929601412,976064.476985416,1058348.6224452013,1050444.0965793633
2021-02-09,1019586.926034901,1060421.2291639284,970104.6553901455,1054370.870554864,1046145.9150288133
2021-02-10,1016656.1903176208,1058034.1701983039,966596.239962598,1049847.4383078679,1044124.8795355078
2021-02-11,1021601.6085620373,1065375.3415835348,958845.2334925001,1090294.874616155,1048550.7556360429
2021-02-12,1030025.6944086874,1073572.452910671,970655.8875202397,1102135.1458375424,1055471.6760719
2021-02-16,1026221.1898397165,1075327.8169970026,960177.7461970549,1103755.8597867722,1053503.8453988256
2021-02-17,1017673.4105568319,1070949.9547022544,949222.2515612065,1088101.5475888106,1050250.220230833
2021-02-18,1016382.0506358674,1067237.9309758523,950249.3631685033,1093020.1189849938,1048286.5871542277
2021-02-19,1016926.0652391633,1073817.0311952536,941829.9870060143,1099954.7959103321,1049599.5429519857
2021-02-22,1002608.7347460281,1071452.523940988,930991.1329138178,1074950.2211287518,1047504.1449854985
2021-02-23,1002530.2776406835,1072448.0253459085,927597.3361231496,1086696.118374227,1047917.7275520798
2021-02-24,1024999.5430497915,1098245.1144384746,940030.412922848,1126215.4606496496,1068256.4454573032
2021-02-25,999048.6451785506,1071179.8066261793,925673.3960380391,1078428.132417981,1045997.0770158743
2021-02-26,996189.9956544779,1064425.047900951,918301.4439991976,1092917.9494507394,1036776.1862677175
2021-03-01,1018491.9240406011,1091660.9262341268,939345.3340570023,1126316.2984718785,1059704.915674429
2021-03-02,1010987.9441221746,1085985.7642891358,938837.1995753369,1100576.879323196,1056746.047108525
2021-03-03,996590.1169858597,1081002.1135668107,918605.267571018,1081111.7909366086,1050720.0398833002
2021-03-04,976691.5036341889,1062199.344786269,904861.1473082377,1043810.8124700789,1034920.3804911211
2021-03-05,1001007.8616354611,1089647.6102027716,933386.4587708458,1076075.1475833363,1061112.7063776
2021-03-08,990326.7458942282,1091798.0779068272,921532.387462448,1049875.1677745401,1063829.8939753803
2021-03-09,1006657.785238357,1099772.5527361177,938509.5417801122,1086864.348076736,1070139.2751781235
2021-03-10,1011674.2967452566,1109641.416465242,944642.0054549028,1069959.2640563408,1079338.3187784473
2021-03-11,1022691.9024736036,1116570.8154828104,955728.9560970986,1098806.4460199215,1083933.4358489597
2021-03-12,1023535.3588086131,1121907.3767536276,958900.3005135483,1087194.3342901706,1088136.2176152559
2021-03-15,1029367.3446638884,1128645.2852391358,964780.4257392478,1097382.6131323273,1096593.4069068772
2021-03-16,1033024.4089428332,1128231.2795349155,969339.0156871489,1111595.8759472705,1097451.3180418194
2021-03-17,1039413.7635536104,1140774.8551698031,977398.2207245327,1124748.9983921081,1107110.1213197627
2021-03-18,1023438.2599662172,1126930.2581305997,960382.9892558963,1086259.709005358,1095897.8801879075
2021-03-19,1023816.8377178184,1125415.199612569,973249.46878254,1077538.0799926766,1093888.4491093678
2021-03-22,1034572.6678520213,1127298.0148896528,973956.2803717791,1093764.4256668694,1097531.5869775077
2021-03-23,1023622.4261388497,1107929.7207443512,958380.9042020289,1069042.6007725738,1082773.1343400765
2021-03-24,1016959.646404814,1110155.3872698194,947167.9991408433,1063867.5996894166,1084372.0685075964
2021-03-25,1024987.1868409843,1120580.7070156038,952994.4235656117,1066818.7010181802,1092807.4591700027
2021-03-26,1052871.7335221244,1148762.135705818,973639.2657706656,1112159.919589852,1119034.5690963953
2021-03-29,1049398.2068390963,1144436.1956484288,972587.8605397252,1103594.777896103,1117657.3007512023
2021-03-30,1046225.6281087362,1142520.0370177368,970282.739086903,1098419.9283982886,1113150.5248038694
2021-03-31,1052130.7125310448,1142213.0136400105,975756.4671829812,1117947.736060813,1112261.6783219252
2021-04-01,1069671.6707975883,1158226.9840730205,995188.3139070746,1158465.2028920986,1125771.1478366847
2021-04-05,1084722.9643026914,1171387.3773688124,1008813.6669599952,1175252.0621681619,1137981.4919381696
2021-04-06,1078908.4979801578,1167245.6166300292,1006825.0341361994,1167289.7458486527,1134632.6334257098
2021-04-07,1077091.2779619454,1164818.0947738236,1000267.4338486532,1169142.9548876467,1131746.6295647833
2021-04-08,1082406.6419335187,1169177.7520154035,1005702.0124783788,1182584.5057723937,1135181.728349444
2021-04-09,1083740.4162542745,1173782.6452068707,1004344.4657699658,1186174.7172148207,1138792.1449220725
2021-04-12,1078262.9471256689,1171101.1737174015,1003204.471635002,1179907.2627837437,1136459.421959323
2021-04-13,1075137.0029377202,1165197.753214073,1009420.7653417628,1171376.7328083427,1132482.1012684288
2021-04-14,1069701.100477359,1166483.8073698161,999033.2363114994,1161504.1398301192,1133049.9006310862
2021-04-15,1082215.833881627,1177239.8511122747,1021828.1300470042,1172980.4332480642,1145099.8665344086
2021-04-16,1087488.9609485818,1181899.4175461435,1025365.5678919534,1172570.208815389,1150947.9368019705
2021-04-19,1077208.0451242581,1175191.9405888477,1012229.5576571282,1153784.7488168853,1144868.5244285366
2021-04-20,1070380.3184693938,1160903.9338881273,1007235.5742222852,1142763.2749283868,1135918.7825943872
2021-04-21,1086264.5005682735,1178787.672070674,1017398.8719050828,1166705.2391197144,1151174.1781071078
2021-04-22,1072178.3459079545,1165271.704765163,1005426.8077667563,1143226.9272395943,1139017.5696764293
2021-04-23,1081047.9027428366,1174876.084566628,1014192.6670038574,1160578.3931469037,1145014.6369626673
2021-04-26,1085565.4132910063,1178092.0434042963,1014806.210526188,1169731.6567552774,1145274.4127001844
2021-04-27,1085485.1504272097,1179608.057698387,1020066.1492458418,1171779.03832483,1144713.254010254
2021-04-28,1079359.8894421677,1175904.1324464008,1015641.8797365875,1159321.7491517225,1141205.0788534854
2021-04-29,1094807.2954745605,1186260.9887969382,1030235.9558551344,1170126.8237929207,1149511.5686929512
2021-04-30,1081847.1170021656,1173317.2955926498,1015056.7100452628,1148509.28175978,1138863.0391260828
2021-05-03,1084880.2993262024,1181823.27433242,1031224.8594616686,1142770.8711010546,1148737.633330639
2021-05-04,1075341.0398284404,1179359.735969812,1017107.7514089817,1130221.314381764,1146649.2206188135
2021-05-05,1082065.607724781,1189475.1314374844,1035831.6420845775,1130093.1325833045,1155996.8117593864
2021-05-06,1092577.00050262,1201245.5430229865,1060450.1125254715,1134565.1717914313,1167557.8699988485
2021-05-07,1100202.2305608515,1211206.219426018,1068914.384360583,1144397.6238547985,1175556.3281540633
2021-05-10,1078908.4110248887,1198020.321948538,1045987.2133290842,1101886.6944372149,1167220.4362326565
2021-05-11,1072321.3882747672,1187273.3782983832,1048564.7125420185,1099645.7759466162,1157410.1850218703
2021-05-12,1045544.7757130609,1157562.3149079522,1027563.8498475568,1059562.0271069978,1132003.1669701068
2021-05-13,1063335.8408421418,1177037.282286369,1045384.5519373828,1077502.1445945934,1150336.7097671523
2021-05-14,1081637.7684852236,1197659.3568332547,1070260.1965914762,1103582.2889429394,1167356.4101168434
2021-05-17,1080789.5566932708,1199291.8582431765,1079024.129812566,1099838.3096962594,1169684.7087519853
2021-05-18,1069256.8440134078,1184093.8263217472,1064513.0530130134,1088530.8893168487,1156501.983074109
2021-05-19,1071878.378468813,1180975.112375198,1064772.5320277216,1097415.5523937314,1153324.0469787596
2021-05-20,1085390.6469232226,1192691.6652705332,1073826.4837657958,1118204.5806468679,1164394.9233127949
2021-05-21,1084244.4015780257,1195995.1846233874,1070864.0548603437,1113757.4075663986,1166062.4234132245
2021-05-24,1095632.2258604576,1207087.2270909077,1081080.964828684,1135650.699048386,1174686.465216765
2021-05-25,1095732.765943518,1202086.2065128218,1074135.1151520624,1132841.7893441159,1169396.3616319103
2021-05-26,1096826.9330375174,1205016.0978614145,1081381.016091285,1134237.347700577,1171113.2691813442
2021-05-27,1102156.2017595556,1214737.2747362498,1089778.6847510855,1138617.1999184354,1177752.9145096922
2021-05-28,1103226.7329366691,1213357.7955809468,1092418.7468471776,1141246.3406554966,1176777.0973771426
2021-06-01,1101900.4173392481,1217919.7678498456,1090429.352084183,1135841.7837633898,1177520.6086241303
2021-06-02,1104682.8202811112,1220026.8974697762,1083385.6679584875,1142528.2088939867,1180029.0877296343
2021-06-03,1101744.7218092715,1220104.9084812147,1076462.093327524,1126328.3854932457,1180450.5851132807
2021-06-04,1113295.542719772,1229485.523311767,1083622.4615832646,1145984.7379864114,1189481.7626019963
2021-06-07,1109592.9652609485,1223816.662685574,1080931.8723160345,1148281.0241832158,1184550.7614883448
2021-06-08,1107445.9634622722,1222457.4511929413,1079893.9539646688,1133318.7758978847,1181964.802225159
2021-06-09,1102334.3854140043,1216514.1191440232,1074151.44049827,1128248.2640623932,1178696.3721185904
2021-06-10,1109168.1136645582,1218333.966653807,1078551.9045546576,1144005.1594935374,1182590.1887043994
2021-06-11,1111187.392677668,1221532.1675383227,1076454.3695460646,1148646.1710267316,1184265.829980992
2021-06-14,1115527.6714756251,1217900.1538667562,1076233.2613065592,1161635.6905401298,1181385.0064130528
2021-06-15,1112973.4429198406,1219839.9257570095,1076770.1461969197,1160721.726987175,1182040.6076366703
2021-06-16,1103084.899936562,1209983.515766364,1067615.7815064339,1144582.6316733744,1172550.2485766574
2021-06-17,1098471.812604956,1194645.3721495268,1047236.7216713141,1151005.3680652352,1159443.356664797
2021-06-18,1081143.943424044,1171769.9909661268,1033394.3106584154,1127833.7722634315,1138994.4100974824
2021-06-21,1095213.8230438211,1192310.5928322342,1046960.8888356141,1140132.554895379,1157051.6481902767
2021-06-22,1098677.7848048506,1193839.913548112,1051064.516541988,1147905.594249478,1158190.5243251584
2021-06-23,1096843.8395459615,1192872.713015355,1048730.9233262017,1151687.1521375333,1155644.1428410742
2021-06-24,1106947.2245644745,1203123.0349349233,1057993.064596747,1166624.9833798858,1164302.1735301276
2021-06-25,1108732.8848473588,1207429.7491114978,1049059.4069806302,1173218.3555314727,1169368.7923595048
2021-06-28,1113267.3184463207,1204917.3820190984,1053445.757295832,1180652.470315905,1168043.6271770538
2021-06-29,1117282.4968443909,1206991.2616247763,1061208.8399099186,1184085.817545296,1169877.860896597
2021-06-30,1121726.0811131306,1212531.048280697,1064831.052138746,1187463.0750304854,1175343.3943214656
2021-07-01,1117217.1813051056,1212721.7514542362,1061104.8554437624,1164787.9028283905,1175957.0665619525
2021-07-02,1123160.6698736977,1215974.4533301797,1068370.6057988445,1172957.5514540528,1180060.7013333063
2021-07-06,1116106.1256666265,1203772.130037546,1065084.358571771,1175803.14393727,1170116.2233227752
2021-07-07,1117278.8313404317,1205913.8627852616,1064065.738958893,1166864.2822778316,1173180.6528769229
2021-07-08,1107305.1087379395,1193235.0681528861,1054972.513588177,1154672.2112918117,1161745.693260718
2021-07-09,1120611.4234379511,1212274.805609807,1065682.311009296,1167016.491483898,1177394.9965918448
2021-07-12,1123756.313991829,1216208.1952017923,1069157.7087310294,1171267.7400719407,1179284.131178058
2021-07-13,1118390.8537698525,1208503.4495640066,1069174.4080380767,1172341.8680356217,1173277.93068243
2021-07-14,1123152.642489782,1206139.968007768,1073223.4495636732,1176966.9949712134,1172572.7702483982
2021-07-15,1117724.149731677,1201636.702189569,1068837.5600186808,1168471.9185515994,1169689.7708062525
2021-07-16,1108332.5054223367,1186849.8339497538,1058482.7993037212,1151697.3462361684,1158450.0673733463
2021-07-19,1094871.7092319853,1165612.9571236975,1044053.3947645045,1135524.4319815189,1140436.1940931445
2021-07-20,1104504.783960085,1184899.2046110372,1046602.4266246313,1154234.0117860371,1154984.7843800024
2021-07-21,1115174.273889695,1201227.288271124,1051316.6858362488,1175283.6307542257,1166496.8085097456
2021-07-22,1111663.6292443017,1193853.0289871572,1050118.635278232,1172399.6670535197,1160730.0735062796
2021-07-23,1120146.7942575528,1200227.8785991569,1052476.27879824,1185395.3555482011,1167515.323198781
2021-07-26,1122390.5842526818,1207548.765839379,1053825.6865176656,1183994.1070560156,1173120.4701783517
2021-07-27,1114355.2936025742,1201247.670894461,1040135.9515030547,1169330.6709023737,1168970.6571216518
2021-07-28,1115194.8660571564,1203146.8675678887,1044810.2480360713,1174955.3633900918,1169756.74832017
2021-07-29,1131118.3443290018,1215340.7162300667,1061246.931537444,1187819.3727572435,1179784.026985357
2021-07-30,1128251.6621747406,1212934.3309642754,1056595.1392931126,1204117.065924307,1176678.3007084022
2021-08-02,1125054.8143521391,1208081.9924265116,1050567.5407944904,1195970.2450975808,1172203.7390935835
2021-08-03,1130692.5037318636,1218902.3352548745,1054679.998475458,1205434.8152024087,1182637.566907539
2021-08-04,1122743.99317464,1206668.973644318,1042064.9006451187,1214318.8059332117,1170866.5507616964
2021-08-05,1124218.5467781855,1212833.1432230514,1037317.2469140885,1219052.9158873674,1175452.6961711573
2021-08-06,1126119.036226716,1219264.1238030905,1031951.8839275918,1221966.570700561,1179120.4141116717
2021-08-09,1124386.0600041428,1213814.0241291893,1027878.5025674136,1209983.1836277777,1174490.203860134
2021-08-10,1121733.3309395825,1217787.4315704363,1022350.5670281586,1183492.619905787,1177626.025468979
2021-08-11,1127764.0895185827,1225573.6438286698,1035792.45406786,1177349.6155890487,1185077.130205562
2021-08-12,1124306.8500386775,1220502.6901198586,1033249.5259486617,1150824.3715274166,1181881.973265888
2021-08-13,1128250.1796638153,1221055.2610950149,1038995.5939920244,1156786.7761809852,1183716.8656076624
2021-08-16,1128050.4110307638,1220607.446971125,1032592.3273960848,1161799.9990697238,1184940.9384398572
2021-08-17,1115841.2424976802,1206840.5005723988,1022953.663326573,1153788.876712441,1175112.6250407393
2021-08-18,1100980.8304749294,1193511.52577553,1005456.4572763331,1139561.0623075909,1160829.9771555667
2021-08-19,1099349.8331871692,1185861.7055159844,999304.2782035001,1145114.8416017964,1156505.1330961103
2021-08-20,1103724.5773519892,1191546.562744363,1002329.6796724722,1146041.9083200817,1161699.617981971
2021-08-23,1113909.9024743957,1203474.4127276845,1013219.8315664919,1166685.256874253,1171263.7840092722
2021-08-24,1113964.5412719059,1206200.1552255906,1013276.9064029787,1167261.9861528382,1171970.7789280969
2021-08-25,1115192.942119899,1213470.7195669336,1006298.328144069,1176683.2226824982,1175826.6014902692
2021-08-26,1106926.825863891,1206605.0820358247,995097.5097017817,1166626.54308889,1169881.5497706553
2021-08-27,1117829.5022324435,1218963.7471778484,1007423.9975041618,1184197.3952858893,1179488.530222856
2021-08-30,1117547.6831038687,1213505.74968197,1003509.6573326996,1182332.050719475,1176500.169563991
2021-08-31,1117383.6615707146,1210920.958136958,1004749.6160952859,1178689.6550895707,1174946.2606511768
2021-09-01,1116950.2591263752,1207135.3023108514,1006893.456294708,1177836.0558388056,1172224.3217161926
2021-09-02,1117527.955559013,1209795.7981371253,1005869.5021778365,1174436.9514990773,1175998.5229543166
2021-09-03,1114900.949365434,1205717.3799395089,1007571.8776601634,1178692.0636646864,1173162.6692968793
2021-09-07,1105356.091144938,1197016.6995398717,995212.3310144901,1176455.1196001288,1163132.3206306682
2021-09-08,1103264.6151217758,1192738.0700119883,988443.5905384319,1172410.0336417467,1161262.9485583873
2021-09-09,1099241.5406730387,1191689.4765386006,979312.0169956862,1179208.6488525409,1157618.3596199893
2021-09-10,1097371.9355265754,1189228.8416802462,977047.7497148676,1179206.4452648698,1154795.5924635422
2021-09-13,1102172.8564171686,1199149.397033547,980358.3374274016,1181986.7737758218,1162459.759423361
2021-09-14,1093455.1578218048,1188291.4283814689,969008.654106116,1177872.3633020946,1153588.3199212372
2021-09-15,1096066.940606346,1200617.3191323292,963155.2384829546,1192246.798506745,1164001.5349938993
2021-09-16,1097039.5046200645,1198775.0470823213,960215.1284826819,1200689.4703315704,1160801.1621834969
2021-09-17,1083162.1781097627,1188872.0340266125,946614.6926412414,1187573.5558240432,1152100.4320290592
2021-09-20,1068185.674246976,1167693.8280322682,931346.1823786539,1162217.6898740456,1133963.6504347515
2021-09-21,1064944.5200466334,1163265.3020389741,931043.8617800819,1162755.4199621645,1130806.1167374256
2021-09-22,1070801.1841539966,1177876.124383155,920452.929384552,1172686.9701964047,1141309.3624081942
2021-09-23,1083148.310677544,1198154.0425294056,926742.1537375378,1188917.3162189058,1157738.885480465
2021-09-24,1083222.4714677057,1200476.4210047736,920623.4682103101,1190165.688820823,1159179.0204132926
2021-09-27,1080784.3422787653,1205974.1324006165,916227.0135506493,1182474.782167281,1161558.9522843787
2021-09-28,1059048.4507268243,1186235.026682404,906060.4981876678,1141731.4817790058,1145282.646417204
2021-09-29,1058052.285624773,1182527.9131924124,904559.4104932625,1128744.9728311955,1144203.753683151
2021-09-30,1045824.1996175871,1166559.905490392,904053.772262744,1120467.5130198514,1129098.3624039115
2021-10-01,1052894.7590457182,1182420.205153782,901219.4261645081,1131929.0928235713,1141629.5312308634
2021-10-04,1041826.1097180131,1173444.241109523,895236.3722643587,1107019.348674597,1134041.471367273
2021-10-05,1049073.5438536208,1183996.5153932539,898710.9188186298,1113779.1561557977,1141731.6068520127
2021-10-06,1050699.3687271052,1182618.56194463,900459.1029618711,1114885.9991254485,1141773.5661732582
2021-10-07,1057097.064100969,1193354.0231495723,896122.0011630148,1127701.035890693,1151748.49903088
2021-10-08,1053896.7398546697,1193677.5032516527,888778.3151812237,1121255.2003286504,1151059.0463779424
2021-10-11,1045386.1936340438,1185277.4543607612,873444.5600983743,1110892.5953380645,1143379.3770885686
2021-10-12,1039189.600292408,1178871.3913606522,871606.2417943229,1100774.6634294859,1137470.1871749726
2021-10-13,1045001.5023751884,1177922.461677354,883773.0684026076,1103216.8784578268,1138706.3289357012
2021-10-14,1065359.9649077246,1197258.1779014117,904803.4281054707,1127420.8625433396,1156838.0389796593
2021-10-15,1071061.181138812,1206625.8004524538,902067.6459047884,1135034.1765748523,1164065.1433892124
2021-10-18,1069846.448952972,1206407.964438329,898014.6612165035,1138482.210669465,1161484.2894595105
2021-10-19,1079159.6623526588,1215413.3114270333,908188.748235134,1152305.6787957605,1170776.1056859547
2021-10-20,1083347.0188809806,1221578.891390361,917625.6470770774,1147222.7476552906,1176871.9616135806
2021-10-21,1081067.7462089167,1218652.4492311592,908987.8332435995,1151874.5130758164,1174543.0395711851
2021-10-22,1081506.4001440308,1225695.3715603368,908442.0494775274,1158651.6172764087,1179938.5045958734
2021-10-25,1081779.6048376458,1228694.3866309735,910072.0460097706,1166238.3059190866,1182218.9734255718
2021-10-26,1079817.6150274505,1226490.5191168815,912318.7409822713,1163793.802999215,1181163.9457398863
2021-10-27,1067811.5972806092,1204714.2723043012,908875.3174073193,1139931.0169809465,1162506.6402445973
2021-10-28,1076817.579776728,1214860.8969786172,902067.3637619662,1149819.6735209653,1170970.5862399049
2021-10-29,1074167.7029412992,1213753.0865025595,894736.2513029017,1162885.7159112045,1168799.7844690469
2021-11-01,1079978.3868136257,1222856.2196554062,900837.4031545236,1168935.5869959735,1175716.919204743
2021-11-02,1085655.7190900948,1228479.5441114206,903115.1558453471,1170600.5995601146,1181500.1097551978
2021-11-03,1099464.737000623,1236502.9373873312,927674.0715665403,1179124.403792908,1189665.4700475533
2021-11-04,1130348.2143610686,1244883.1090993322,961950.286844067,1204954.0672675716,1196110.4139635903
2021-11-05,1145967.0125453896,1255945.4153682196,977539.424784538,1220072.2052352715,1203624.7891301082
2021-11-08,1149902.531189489,1256466.1629246068,982414.155729616,1227718.6530224474,1204036.012665707
2021-11-09,1152637.8649911948,1258655.9416317542,984636.3558203,1230017.5019841203,1205851.6250229853
2021-11-10,1138163.03993647,1250993.6928932825,977061.7376507863,1209026.6788461627,1202429.9984281491
2021-11-11,1144599.730307541,1256333.5550100442,987103.0568133291,1212559.6289577486,1205408.0698526937
2021-11-12,1153210.6694986841,1266669.2244767274,989452.820070338,1233373.8257662074,1213908.029175144
2021-11-15,1160031.105250478,1267842.7679118821,993941.1834776666,1232623.5281512954,1215204.9109395656
2021-11-16,1180467.1931204912,1272163.9159245668,1015011.7514980733,1248628.7913177956,1218998.7845822207
2021-11-17,1178339.6735292838,1263887.6446973106,1009530.5182053944,1228479.2080658427,1212413.4631381808
2021-11-18,1178242.5418793145,1259486.0104945737,1008407.731460232,1232318.425106696,1207387.094650771
2021-11-19,1172708.9427443063,1248741.6882487154,998968.9118854887,1245938.6644375059,1199674.8247264514
2021-11-22,1167184.400069711,1249825.2828886353,990588.0690829848,1225366.1292293936,1201124.166877614
2021-11-23,1170412.4630064655,1257817.8580971784,990880.779418696,1235583.34273653,1207793.2152303115
2021-11-24,1169288.9404956438,1258107.2602459472,985756.2669805572,1247883.6213965972,1207599.658106543
2021-11-26,1143530.1407708956,1226735.6707902327,972504.3783252973,1213975.646974133,1182443.2568570299
2021-11-29,1167215.4929365243,1237914.8059917628,985538.0420262779,1245720.630607795,1191997.8261415442
2021-11-30,1140368.9970108124,1207020.3664059872,959245.591975085,1219479.630190765,1163170.4213104066
2021-12-01,1131433.8654955346,1198220.0181389737,941074.6298264264,1216756.8130647372,1156147.379420334
2021-12-02,1146411.190888871,1219267.264907654,955744.7240630421,1218977.9120485883,1174096.077074808
2021-12-03,1142202.114506739,1216663.3532827962,970526.8269738669,1192470.866869536,1174363.7655148697
2021-12-06,1155223.0303523922,1234373.4937523361,983348.0359230282,1206706.9641397714,1190831.4536978789
2021-12-07,1181817.7819346057,1259079.9006258354,1004563.1625504815,1253342.0703761724,1210028.2434790942
2021-12-08,1180811.5169073562,1260263.6754748006,997379.384035612,1259359.0533277392,1211190.2773212602
2021-12-09,1173183.990548622,1253188.042975804,994874.8309191412,1240574.554041948,1206014.4982337758
2021-12-10,1185032.4839721282,1262763.4417016606,1000449.4063268811,1254850.5094317412,1215137.3644000208
2021-12-13,1178251.3869472842,1244403.4857683303,999659.8525841999,1240307.6525543486,1203743.5830721227
2021-12-14,1168132.4239042082,1238136.3972706024,997937.6023356855,1218086.6930003827,1197617.1103213024
2021-12-15,1189202.2356193936,1251877.005979079,1005679.7453046512,1245300.551535559,1209673.9971136886
2021-12-16,1168245.4411496262,1250556.3689739732,1008768.4507471035,1207767.9353739216,1213047.3845343536
2021-12-17,1156288.7030934496,1234189.4856002438,1015822.9834513052,1196982.3209979984,1198421.6932182102
2021-12-20,1147165.5423476559,1217607.0243641676,1007570.7063155958,1179887.9244450743,1185353.3683490122
2021-12-21,1166666.4789688266,1244022.1376227047,1020623.399800939,1238825.1569799278,1204791.7082914126
2021-12-22,1174324.5407910394,1253444.957328054,1021976.2267871121,1247281.4834587083,1213606.8587294726
2021-12-23,1183992.4204579655,1265342.429192866,1030156.0489642547,1268835.962009788,1223649.7615251162
2021-12-27,1200309.7964923817,1281953.9714441397,1037813.2902196221,1289108.9935754717,1238766.1156525211
2021-12-28,1197867.7424597377,1281256.945013514,1034926.6782383585,1275314.6507994165,1238770.3041704735
2021-12-29,1203999.974367851,1286685.2120443953,1038265.5897956904,1288814.5192269357,1244237.3676234258
2021-12-30,1196208.419245104,1280883.909619755,1034629.5457606409,1274625.8993089974,1240001.2121633566
2021-12-31,1197521.6285508042,1281692.9539609177,1035428.8358846043,1271398.3547027125,1240895.0818640701
2022-01-03,1203905.7574138718,1289900.9447061175,1031279.0447506551,1285687.2748838956,1246001.1900121334
2022-01-04,1213690.9977671693,1305300.428454178,1033518.4156185945,1297032.1831157394,1257298.3210769407
2022-01-05,1199733.3171568166,1293535.5626172326,1013260.390071183,1284680.574544275,1250683.9637444618
2022-01-06,1202554.4520138735,1294612.534361065,1017916.3798944134,1284699.7888266582,1249408.33509996
2022-01-07,1200551.1282534057,1291945.1266821518,1013740.8102599356,1281411.2062556972,1248668.5878142503
2022-01-10,1195607.9506356157,1286531.3989697958,1005087.9152126013,1278090.7831449057,1245061.7447238944
2022-01-11,1206319.8533120821,1298388.071617385,1016807.1272627432,1286563.2988647039,1252325.5542637568
2022-01-12,1208954.0367421724,1300762.563258397,1019265.1345896779,1289931.0339499738,1253090.3082014972
2022-01-13,1203277.772053457,1297767.5772464445,1011911.8339829369,1284548.9025627428,1249822.4090828963
2022-01-14,1202833.1602778232,1298840.8299844505,1004936.2048336146,1278409.8049016711,1249779.2662010528
2022-01-18,1179103.3309325227,1274588.2792626398,983966.16534917,1263268.7446642788,1232078.0351064685
2022-01-19,1165799.4317580864,1259130.0244600147,973186.2130041049,1251849.4840115705,1223465.8110473435
2022-01-20,1146676.5132952156,1241530.525276761,948343.0640324199,1236372.0486846427,1208612.4090760069
2022-01-21,1132347.2378509701,1225027.8086128717,939393.2018464991,1221229.905184086,1197495.4537071513
2022-01-24,1136027.389425245,1228451.9351945964,948875.6443361345,1219506.4780837141,1198221.1836981198
2022-01-25,1134772.7492367488,1223015.9296672035,946394.9117193738,1211066.0770486826,1194157.9738048252
2022-01-26,1127217.6541025415,1212822.1225752211,930194.9240800957,1209204.4509193697,1179937.2856276631
2022-01-27,1122913.4516245285,1205750.0683000197,926675.856178795,1212380.195955698,1179573.078270075
2022-01-28,1137918.6527931157,1221236.2208193424,941387.491614946,1245067.9099209064,1195419.6024187675
2022-01-31,1156426.9683106893,1240840.3552528375,959552.5892407343,1258996.0482305465,1209799.8164829838
2022-02-01,1167627.914199426,1253965.8373599276,966522.7604199417,1270763.4056230783,1218190.6600366635
2022-02-02,1177968.2526090262,1264252.769993126,966947.2201438945,1277847.7597282794,1226345.2259778297
2022-02-03,1167000.728478737,1249132.648240128,956413.1493284961,1264968.254323425,1215405.4753746733
2022-02-04,1160656.884756275,1241652.3517145857,946869.9150919296,1258623.9448716599,1206006.2255169943
2022-02-07,1157862.4010764249,1241876.8083994044,939219.4387366137,1255912.9570866278,1205820.0523088216
2022-02-08,1169363.2899678024,1252204.3763369399,950860.3907261845,1263762.379725244,1212833.935276712
2022-02-09,1185139.7188713988,1270238.2929023956,964407.7144318126,1274736.03325843,1225410.090230425
2022-02-10,1165952.201176898,1249034.2384629706,944084.2692571073,1252813.2319981153,1204615.1709457336
2022-02-11,1152372.1718439092,1233186.476551466,935194.3696605755,1242872.6886763822,1194530.4922897564
2022-02-14,1140481.921846556,1225462.5372037329,923442.7245066047,1236271.8099392562,1187224.9591242075
2022-02-15,1158238.992516526,1246145.33104927,936526.5965054801,1251035.6369499264,1201012.3918396116
2022-02-16,1160380.5216134014,1248527.8685523197,937020.9209018222,1251052.9220309195,1201872.0486916245
2022-02-17,1141533.8559623056,1228374.0672716668,922785.6017967581,1232051.1521687058,1187796.2822377186
2022-02-18,1131760.4685760867,1218612.6917449874,918303.6736717762,1220436.3527150878,1180625.1009354237
2022-02-22,1118866.2218725618,1205677.48415889,906825.5029220678,1213873.4926251776,1169467.9154113745
2022-02-23,1107579.6746712683,1190043.3893498923,898724.6791144428,1198931.9580782985,1157334.0474590305
2022-02-24,1108349.7890513581,1192875.080422375,900389.5998586771,1199459.9120937407,1154498.9770503659
2022-02-25,1132343.6575075116,1220455.8026379796,923807.7703574975,1220451.267412284,1182860.523912678
2022-02-28,1128306.6768162234,1213128.834760986,924149.1467980886,1210146.3657098578,1176178.3321317139
2022-03-01,1113739.0366408848,1190862.2998345573,912478.3908689738,1198725.0541587693,1161549.5160519884
2022-03-02,1139027.6706633533,1215206.2163697393,936310.4942329129,1218212.4627396103,1181392.0820482753
2022-03-03,1133572.721394135,1209056.8501755001,930894.3305618863,1214585.8699900464,1179653.7285596537
2022-03-04,1128125.4990831704,1198163.2951642915,930845.0132454549,1207522.2543020048,1176239.414170543
2022-03-07,1103908.3812189547,1165654.5970797269,912264.089951417,1179841.8387850542,1153104.4451436717
2022-03-08,1097791.4551385338,1161662.1946796107,906615.9808102347,1162826.827261553,1141173.2345924992
2022-03-09,1117043.0587103968,1186420.6417756912,919105.1317337152,1185454.9878145182,1160216.58488771
2022-03-10,1111503.6825855433,1178714.3834204117,916919.832572448,1171841.1959731542,1151313.9991023047
2022-03-11,1102288.8285999955,1167813.696918555,912490.8582065975,1156005.46853113,1140353.138565342
2022-03-14,1103417.5773337386,1163473.6393232846,925537.9028781803,1158836.2657780207,1139191.8816209538
2022-03-15,1116178.3707381021,1178648.7678648126,928312.8539493792,1176964.406863162,1154227.1324024783
2022-03-16,1132163.5981192242,1200844.9401919679,939569.7138013985,1192264.2718527047,1167008.468029932
2022-03-17,1141501.0747907823,1211899.9839380058,946549.3968908262,1203484.7906853817,1177237.6733082556
2022-03-18,1148103.7363013083,1217937.3617958957,953150.1679635708,1209891.6408686172,1179858.7157134023
2022-03-21,1149350.6193607703,1217685.59078751,949252.7906160167,1210380.1948570013,1181856.9590992427
2022-03-22,1157030.9949225201,1227505.6212515251,955519.834647404,1221201.6259532177,1190110.5578378628
2022-03-23,1138907.9475638326,1209240.2532713306,933031.6788304925,1199800.8636392818,1174338.1060660142
2022-03-24,1149917.1900237347,1223920.952363694,936531.1109360508,1212739.0386336246,1185174.7886086782
2022-03-25,1155281.5008967991,1230588.9370855922,932864.3457324721,1220426.5073176858,1192821.9972626015
2022-03-28,1152721.2476083352,1229350.6025245432,931577.8248063964,1223084.3841094996,1193143.7777652128
2022-03-29,1166067.9181232927,1247696.5482460074,948775.7943227196,1238735.262091499,1207744.6600367993
2022-03-30,1158357.7707213492,1238389.9433130554,938448.4643585068,1231582.5826566862,1202524.9754388854
2022-03-31,1136649.393071656,1218435.2861783542,923746.649925143,1217871.7150123124,1186330.6154200064
2022-04-01,1138678.46016754,1220724.2563332126,929895.2268398623,1225567.6156564876,1192681.2220064935
2022-04-04,1141803.8834522453,1224912.498226775,934467.8750297829,1232352.3563892683,1195393.6588947342
2022-04-05,1132740.2297279504,1208204.1917025628,935496.6240350541,1222752.0315409754,1184814.0932772506
2022-04-06,1129808.2341464867,1200917.668026863,934777.3593896312,1214256.5156580738,1182577.938222308
2022-04-07,1139866.8043303683,1206838.709613199,942150.1894151288,1219586.574058888,1190134.604086717
2022-04-08,1143085.8350163053,1206831.447228113,953612.8600179813,1220312.9473460354,1190801.6027342896
2022-04-11,1129283.8793329836,1197044.0729084054,937469.001459521,1210286.6269628778,1183239.3698700434
2022-04-12,1130173.7955631302,1196720.4316037998,938923.724402157,1203669.9796470485,1181697.7791209014
2022-04-13,1140182.113954811,1208475.3094593482,948971.8565100641,1207644.3028103663,1191488.4728093324
2022-04-14,1132534.3367699916,1201277.4363116429,942000.2896894144,1198506.717986083,1185810.3754967088
2022-04-18,1133405.5898857315,1204078.9845688266,940346.7336633903,1199224.2103635129,1184403.8714803352
2022-04-19,1150986.0614081745,1222339.7593114984,955863.1359169625,1215893.195154592,1200711.4241642843
2022-04-20,1162549.8231699995,1232338.1587246275,967413.2089974784,1224812.7811373617,1211594.6430883065
2022-04-21,1147196.7143088512,1218158.2942083955,953234.6368712244,1213792.8017310821,1200979.7518000728
2022-04-22,1120484.3803036278,1191063.76554367,924616.0812169022,1190945.3599170966,1180852.782005415
2022-04-25,1123365.457159222,1196371.4592427218,923743.0574294716,1198713.692958417,1187822.1157864972
2022-04-26,1102554.4668482004,1167811.5411542386,909495.4152737273,1168659.8368924877,1162772.0628072997
2022-04-27,1102653.7324081545,1170242.5389364157,911938.2297885905,1180378.0496077538,1165729.2259567038
2022-04-28,1126743.1551082584,1197455.791410701,929134.0907402185,1206211.9432432398,1189469.077999012
2022-04-29,1103717.2198949954,1163631.716307532,918158.6081915319,1170628.3696633517,1155994.6519445223
2022-05-02,1110243.960245233,1171071.2992385793,931417.3341130236,1169778.9356900814,1158202.5079034984
2022-05-03,1120132.4121606804,1182191.892666415,942335.9456161878,1172083.4713952055,1164944.9101678208
2022-05-04,1151884.1179740701,1217614.0014153603,972572.8654575577,1203050.6925586136,1196898.7571824424
2022-05-05,1122157.71257945,1184600.959347993,945000.7374131476,1167979.7863649454,1167641.3837857556
2022-05-06,1116158.3623887012,1179314.0076843393,937978.6754968914,1164618.1852925192,1165647.3795525092
2022-05-09,1086168.379119796,1147133.2489855785,916844.453706632,1139947.6744020975,1141818.9483621747
2022-05-10,1082187.3182408253,1145977.6797213927,910867.8965337438,1138826.09053913,1139106.4825540327
2022-05-11,1073827.2854044589,1136419.9671757207,901843.2972805032,1134292.1201088924,1132148.3649250565
2022-05-12,1079312.3591249418,1137130.6240438528,913561.9206046077,1136577.6500758228,1135149.7418270176
2022-05-13,1099996.2146221322,1160135.146720023,931768.4056303729,1156405.2951709519,1152442.171677471
2022-05-16,1102077.807911827,1158768.2570720094,933982.3279869631,1155469.48501412,1153649.8826683923
2022-05-17,1128622.8412989655,1187919.9235686734,954241.5512602335,1177166.571603547,1175837.6780206899
2022-05-18,1091394.5366610028,1147799.1402881874,924414.9707526937,1137326.6110841222,1136338.6740880786
2022-05-19,1081874.5680159503,1137053.7227889828,916162.565438607,1124862.5324129506,1124341.9057430301
2022-05-20,1080857.835131215,1135528.8100426954,917083.6080166822,1129603.0483031673,1125202.5966154325
2022-05-23,1101592.8369952335,1156427.5381886929,929336.5236173745,1154827.2362580707,1144115.0599058245
2022-05-24,1099165.5442461283,1152970.5273735556,924344.9608519467,1156002.3824142343,1146671.341505709
2022-05-25,1108926.8037958457,1163826.6780873886,933185.6715157382,1161923.750638326,1153391.2488177307
2022-05-26,1127511.5175344453,1184232.8533919507,951776.0051981262,1172769.296494151,1167694.1171310234
2022-05-27,1154906.9072716527,1209084.148640417,971819.8061302383,1194992.5548661137,1188097.119317127
2022-05-31,1144843.3525702995,1201784.4410014946,959296.4116795299,1188557.7424241425,1181567.3956331809
2022-06-01,1133640.7365876888,1191666.0739441102,946712.4937693737,1176309.40121404,1171373.1715127449
2022-06-02,1152677.6981326416,1209958.6516441512,964328.9253021549,1192667.4171089137,1185276.5078909344
2022-06-03,1142641.4709046339,1195559.6350207867,956852.4684846823,1177929.810643173,1173760.9214930143
2022-06-06,1142270.7577148073,1196450.6202373386,953833.625296744,1176940.2243598965,1174210.32329548
2022-06-07,1156687.5564800184,1209832.6348326644,964085.8665786694,1187506.3780211334,1185724.9628048597
2022-06-08,1140875.8288194758,1192603.8200705375,953105.4839935552,1172750.2169720095,1170163.7723554934
2022-06-09,1122041.1190628335,1167787.961223386,944524.9297562978,1147000.036736382,1147313.3620814055
2022-06-10,1093067.141445168,1136177.1797771584,915850.4172415765,1120293.3540893476,1123344.1640809313
2022-06-13,1053636.9577922667,1095094.5568820161,881047.1145342116,1086356.1712440394,1088912.6377545104
2022-06-14,1046539.8803136176,1092427.0335606586,874037.1908846715,1075152.8002126035,1081206.0250748263
2022-06-15,1045393.240933145,1099172.3813740883,859146.8862044896,1082763.5628122012,1087041.806363926
2022-06-16,1014599.3346331705,1064061.9068243026,832785.6916508888,1056134.9893055637,1060625.75086877
2022-06-17,1011301.2170695192,1063937.1876530903,826559.8191082028,1056240.8657869052,1060828.1340953861
2022-06-21,1035732.0824775229,1088456.2333464855,842413.0282663113,1079723.3824627209,1086292.208266713
2022-06-22,1031366.030690018,1084910.9160361325,837252.6136167152,1080301.9386622498,1087314.3096451827
2022-06-23,1031197.4554108772,1085437.0324274919,834659.1845001418,1091568.6900059623,1093957.4579921162
2022-06-24,1059801.8831112306,1120127.0058009573,857748.6711581622,1122596.5107395048,1124695.4943211926
2022-06-27,1062017.078717891,1119010.2501529956,861632.6495728679,1119856.0725767012,1123017.2964613012
2022-06-28,1046642.078877083,1105211.2958818495,848744.2747340518,1102323.675331063,1108135.7206648092
2022-06-29,1039106.7587450374,1096996.5671983627,843823.2534156668,1099411.5374232633,1104350.5272146787
2022-06-30,1032733.5775573388,1087615.1123724224,837651.7800233111,1088453.4686025544,1096631.117201182
2022-07-01,1034138.9440309053,1089691.675796421,844236.4430934979,1093418.128651129,1102440.9844854518
2022-07-05,1025272.5782320356,1083869.457621013,838510.2227732256,1094404.111713562,1096617.4990986353
2022-07-06,1026239.9937532201,1084899.6747113976,842120.1895267596,1097403.1087266468,1098630.0212629482
2022-07-07,1042739.6784091573,1101094.6206388858,858305.2674336788,1106846.8557228285,1108520.1340304527
2022-07-08,1041938.7829710593,1098760.2395868325,859265.2247705805,1105094.8318054392,1104933.720800284
2022-07-11,1036049.5031289897,1090511.314331088,853753.4741325249,1101904.0453266788,1099754.686918177
2022-07-12,1032350.2773752307,1088368.3175631906,848282.9328326422,1098192.8838223158,1095876.0785750905
2022-07-13,1028973.9031879579,1084246.2549311211,848554.7343784686,1095361.5620669029,1092456.0453594835
2022-07-14,1024720.0820290989,1079895.2329794709,843537.4877630975,1090207.8279628183,1087166.0613917352
2022-07-15,1040379.7077497409,1097844.2366883864,854136.4818026784,1106387.238335387,1101221.741315428
2022-07-18,1032370.979976641,1090342.3478716293,852858.0219517644,1090724.2992586815,1090316.8088112427
2022-07-19,1055174.0225154012,1118722.7084779404,876434.0774765474,1113590.269106935,1112009.984339084
2022-07-20,1057065.5367380388,1122709.5770722034,876148.7228794375,1115640.7901515998,1111256.4162364488
2022-07-21,1061809.737341122,1126697.9077607489,879355.4013370175,1123299.185784842,1113734.1937633024
2022-07-22,1054448.5554375718,1118065.6736068914,877808.188769121,1117731.4275045597,1108962.3276652063
2022-07-25,1056680.5326154176,1118120.6419702675,881496.5198419688,1116578.744325523,1108307.7274842663
2022-07-26,1049856.4138856102,1111302.8443708445,872576.3682733267,1112867.6710397832,1104552.7882086204
2022-07-27,1065229.6191003486,1130274.5091955399,887904.188654117,1122853.035390002,1118376.9998651189
2022-07-28,1075635.563672794,1142481.6183576444,895937.5199142809,1132522.1955643897,1129468.0003586903
2022-07-29,1086794.2681172893,1153008.3292278924,908755.2112711826,1135039.220277916,1134679.6673359189
2022-08-01,1088101.7733577567,1155908.5090913447,907160.6148917584,1137024.2700127056,1139624.985986371
2022-08-02,1078182.6626553854,1144975.3150371304,896939.0190549543,1128944.134578962,1129738.5506307068
2022-08-03,1087263.8022932224,1157895.4734445335,907385.6279806489,1141040.9875103172,1141899.9494072031
2022-08-04,1085923.7846139346,1156952.623348232,909213.1363593147,1142755.293790881,1139748.6043629004
2022-08-05,1089454.6395614438,1158036.6374396095,913533.046436063,1146872.2371594736,1140781.4252743523
2022-08-08,1089961.3767563207,1157114.55297889,921517.2945993291,1145418.7355998822,1140991.926709511
2022-08-09,1081959.4704520353,1148626.9235892051,916265.4614740968,1142456.7682490286,1136499.4774994138
2022-08-10,1105373.9388241621,1172591.1822504885,937948.2709024742,1159805.9945348627,1155024.7265018343
2022-08-11,1109275.3778964684,1176224.694743701,943592.5712669602,1159366.7260887707,1155213.7202609105
2022-08-12,1126147.3382455779,1194389.980285066,960977.6667753295,1174991.9501581704,1171397.1105748927
2022-08-15,1126497.3754445533,1197064.0359067235,964067.8341208294,1185671.1923927015,1176451.5683347622
2022-08-16,1131796.453396163,1200105.9660915423,973541.148400642,1188638.7153125915,1180740.809085624
2022-08-17,1124612.2813709804,1189007.5860123467,971394.7326961559,1179835.8875083996,1172155.814629276
2022-08-18,1133259.899855237,1196910.7475944948,980471.9874000621,1180664.9892029352,1177638.288479676
2022-08-19,1119373.1422873326,1183444.9181004504,967032.0710369677,1167767.5519891048,1168755.7155947771
2022-08-22,1100629.3256089701,1159560.4179092231,952482.4033744459,1145919.9598763625,1148224.3738547415
2022-08-23,1102036.3385118574,1160885.9578647497,954869.3198546456,1138662.5208632443,1145830.5164916525
2022-08-24,1102444.1020872672,1162816.3860317445,955031.4996622181,1138259.0816560504,1146532.218569283
2022-08-25,1120459.6430722196,1180874.3211475022,968359.5253062417,1151407.4571492423,1159256.397482839
2022-08-26,1078779.5850723747,1138971.3619594316,937010.9107478821,1112024.0474501722,1121351.1421580664
2022-08-29,1074060.2913815393,1133056.7024391196,936325.7204898722,1106159.4659927061,1115851.201757718
2022-08-30,1060106.7628543684,1120143.0364982348,922895.0410300214,1097120.8762185138,1104811.0018688913
2022-08-31,1049777.4424354837,1109249.498530518,917006.3492174754,1088025.3992993054,1094666.4253936221
2022-09-01,1049691.506619987,1108834.3720358536,919321.7244322671,1094872.7450406465,1098689.5143109867
2022-09-02,1041166.6804483603,1098190.196063259,911295.3427480808,1081869.1273807911,1086245.6947734365
2022-09-06,1036698.8078632675,1092036.9138155328,906079.8629830099,1080338.007103223,1080388.2151486804
2022-09-07,1052575.5256465613,1108720.5654562572,924521.0067735711,1098726.9917422987,1096823.157953129
2022-09-08,1061956.3368834362,1115168.907191123,933851.6813527842,1096607.8498009634,1099542.6484591065
2022-09-09,1076375.2966647618,1131755.1660676524,944889.970634562,1110013.4257112243,1113558.6400453688
2022-09-12,1083396.6448228925,1141991.0488066447,954424.7714709172,1120751.4767711086,1123554.5579995485
2022-09-13,1037532.1602817471,1094631.1574471686,906037.31995097,1078791.0210539033,1081781.4537121279
2022-09-14,1040247.5611537264,1097371.9964493683,901165.3046237798,1081486.2186317528,1084952.213988622
2022-09-15,1028872.80031824,1084637.562452553,889042.2305030264,1062731.0107810167,1072954.4390697526
2022-09-16,1021735.3876158806,1072914.9688198853,878878.5200982195,1059692.9033759132,1066009.901706001
2022-09-19,1027616.7241173016,1079422.162881262,890022.6146054112,1060700.0982277985,1070641.8871714892
2022-09-20,1012603.2976739506,1064925.9962620516,870749.4598181875,1047309.8495442877,1057207.644775121
2022-09-21,999799.8777259212,1050093.432803934,858353.2856938111,1032084.8188327336,1043735.697249529
2022-09-22,994784.9760690175,1041052.8099529516,855628.6079516476,1027672.8678372266,1039086.7772030615
2022-09-23,978051.1169304855,1021105.5821771404,842820.5851966226,1014659.6696652988,1022482.5041860064
2022-09-26,964691.66027967,1007068.7483383071,830717.2736699656,1000769.440352009,1010187.4717418788
2022-09-27,963151.4828927141,1004254.970408462,832063.6517783441,994262.4461370147,1004446.4417891621
2022-09-28,980834.0077568828,1022679.6508967126,850344.751947328,1005733.0054498141,1019819.8417842566
2022-09-29,965722.0566909818,1006165.4716353107,837322.4857842593,992405.830459668,1004112.1439327066
2022-09-30,954951.2598456632,992732.4474946869,829378.8389505767,978241.3265922455,990112.4432820916
2022-10-03,984939.1884696946,1023167.0166470859,857893.8139458975,1003605.6634819113,1016919.7439241841
2022-10-04,1016311.6957109642,1057466.141268302,886502.8890524743,1034416.3832532922,1046502.3095626506
2022-10-05,1019383.4448845531,1057015.1855293445,892906.7383082155,1033458.8855982657,1043962.4532581073
2022-10-06,1011913.95524153,1047196.7481250288,890246.8259302055,1022656.6091510414,1032893.1020734567
2022-10-07,991862.0701289249,1025398.5607450161,875150.3677517949,1008751.938990632,1014839.381831132
2022-10-10,985807.7935485902,1017429.9212630645,871406.1793803921,1008935.179647268,1011293.744977977
2022-10-11,982635.7748274787,1012334.5670167365,872043.1434283127,1005038.401105344,1009407.3664388219
2022-10-12,975290.685552359,1006108.1420303166,865140.4514788776,998826.569273072,1003422.5360704043
2022-10-13,999379.3054473805,1033042.598948298,882691.434327986,1024677.6475982973,1027683.5437602771
2022-10-14,980752.4633725119,1013242.3937630493,866451.7590618276,1010722.9466862166,1010644.454806313
2022-10-17,999675.0822480334,1031675.5510879455,884178.3774513808,1029182.6266967874,1028065.2660849069
2022-10-18,1013435.2155543717,1046183.5725409986,893701.5398571055,1045506.6878200078,1042366.8205550725
2022-10-19,1002629.568370197,1040611.2273670533,876254.1007585633,1040549.9678190758,1035463.6563567502
2022-10-20,998124.6824659698,1036913.6945453509,864560.289700232,1035711.6349478348,1031054.974350081
2022-10-21,1023574.7787827544,1063576.67218426,884506.4185303301,1061903.7396963777,1055075.8057930933
2022-10-24,1034408.7602024073,1074700.2804897982,893473.7689984182,1073702.4660883697,1067624.160507374
2022-10-25,1046976.5093606951,1088754.7340474962,909369.1493197018,1087545.9117537595,1080843.555690629
2022-10-26,1050605.8062824272,1093855.765332976,912086.5773284258,1099715.3821980432,1087433.7271479592
2022-10-27,1056422.9607439726,1095568.1442842977,921788.1387917313,1103377.8213786716,1089456.5306341152
2022-10-28,1086224.1009955537,1128493.7998972225,960333.5121297021,1138079.6998909283,1121605.8681406013
2022-10-31,1077387.05923306,1121730.991194115,948832.6651933983,1131393.880789108,1115837.1110277285
2022-11-01,1083819.005428558,1127500.6348527784,955513.6513469529,1133699.7024776652,1118737.6355080025
2022-11-02,1062434.7868835856,1106312.6468253704,931711.331270573,1111492.0116451022,1098970.8895962755
2022-11-03,1059103.8502930717,1099891.6037336532,932366.60272695,1102254.224449089,1092268.980519557
2022-11-04,1081580.0115569779,1124212.3534494187,951274.2307404606,1122409.6844994577,1112239.0106794382
2022-11-07,1094467.5479815842,1138225.7166973397,962272.443437241,1138196.9984515994,1125550.197726026
2022-11-08,1103370.4316919642,1149000.143732736,968660.6905453444,1146879.6923513825,1135639.147595929
2022-11-09,1082828.570202339,1128099.7795620796,948702.386759631,1127410.2995709532,1118681.5239866257
2022-11-10,1134708.28380613,1181199.0748569882,1002084.4281419067,1174860.019002675,1163875.410085584
2022-11-11,1138927.9317534554,1190976.818180161,1006415.6964550912,1175011.4800326647,1167608.2916211623
2022-11-14,1134850.1945340526,1184361.7183350201,1005296.6888047906,1172836.0424241542,1162642.6735119498
2022-11-15,1140495.7610701118,1190774.6448659224,1007272.2166992566,1182056.3917371666,1168749.3947981908
2022-11-16,1131133.4494484912,1176698.5316060043,1004082.1091359848,1175478.2949712789,1160477.4438813596
2022-11-17,1132037.9604577704,1179097.4960150279,1001905.0605235324,1177450.841834142,1163290.561165791
2022-11-18,1139817.9854155837,1186498.1762410626,1008131.0971036108,1183450.3405876,1172109.2770089002
2022-11-21,1137365.345116311,1184403.881240155,1006696.7141969051,1181311.1395807674,1173391.2028444733
2022-11-22,1157942.3252472472,1203823.538149666,1026307.4607525134,1199034.7782099957,1190192.2269241118
2022-11-23,1160771.3996193006,1207129.0498649436,1025131.7274009666,1204069.4041319115,1192905.1940104587
2022-11-25,1161402.2760841975,1207948.0790264714,1026565.5991183929,1205812.1886420627,1194482.028195997
2022-11-28,1142089.6309329085,1186034.860195734,1007668.7100267947,1188181.7404220381,1176687.3386720445
2022-11-29,1143704.1178513542,1190457.5148287534,1009399.676496362,1188089.817837687,1180023.9042923264
2022-11-30,1167268.7185671665,1217792.6589797288,1027952.4597236995,1215578.606980986,1205201.1170383182
2022-12-01,1167880.1687629838,1216018.836517594,1032618.158247417,1215212.70954764,1205585.000847101
2022-12-02,1168024.4097238278,1217145.5465171582,1032866.0118988306,1218558.5418295793,1208563.958540008
2022-12-05,1147084.805607703,1198345.5939418527,1007300.1092246335,1196996.1996404727,1190970.2797676532
2022-12-06,1133145.1564673025,1183916.5763969948,994832.5112787001,1186843.8578259526,1178744.3526301924
2022-12-07,1136703.5284168448,1184669.433872525,1000880.4808241278,1187458.544503638,1180833.8798396457
2022-12-08,1142584.8709900798,1191471.0511938252,1003295.3362753926,1196341.2030575934,1187463.3163543642
2022-12-09,1133186.3177157638,1182059.2644594274,992052.9634748282,1186476.4927239446,1178180.689431958
2022-12-12,1150927.9088540864,1200569.8643421258,1009097.2406225242,1203248.0034652601,1194405.1256836208
2022-12-13,1161672.3705736627,1208883.6561540274,1020286.1676547736,1208118.3769641337,1202170.573991436
2022-12-14,1156538.4508205734,1201928.45016523,1016329.5283376629,1206163.7035796028,1198401.1242371688
2022-12-15,1124445.7354109278,1168510.701339179,988249.3492913881,1176258.7270988945,1168583.174003422
2022-12-16,1118606.376507313,1161783.1771974054,982000.6020050759,1171392.960946569,1162321.726401093
2022-12-19,1113274.9107101986,1153944.638552209,976085.3214485531,1165775.248325802,1155376.3100229416
2022-12-20,1116394.3928031274,1156777.452497783,973075.5511544144,1168947.8205566457,1157303.995313255
2022-12-21,1131653.0367461892,1173414.6734080662,986389.8438454535,1181808.8667514818,1172676.8339489484
2022-12-22,1116972.2505228887,1158050.5317702992,973773.8225598178,1171365.642922598,1162114.2703149377
2022-12-23,1125175.365615582,1164845.6105166392,983571.156489932,1175621.6890129691,1167528.8447901537
2022-12-27,1128895.8593293186,1167685.131635426,987777.885750279,1179636.3715800385,1171501.796844679
2022-12-28,1116278.7304856435,1152751.4323916559,977233.5178618092,1168079.972988379,1157130.304722789
2022-12-29,1130475.2994494727,1169278.5376296588,988011.3643402591,1183419.0656957685,1171504.7517429248
2022-12-30,1127966.1065652738,1167582.986755663,983388.1770585491,1180673.9792314295,1168708.3990684296
2023-01-03,1124405.2932778916,1167611.251244377,975035.6220501905,1180663.272604147,1170382.7918637202
2023-01-04,1136929.4583227444,1187540.9062201886,977707.6805347026,1198926.2005925633,1186754.4249643122
2023-01-05,1137653.4631590727,1182175.8548061943,989561.4817474093,1197442.0918968574,1182292.2978918105
2023-01-06,1162393.6741335583,1215720.1403132828,997426.1535126515,1226451.9371374354,1211163.336208913
2023-01-09,1155866.4892351106,1214025.45166466,968339.1026299387,1213261.921423464,1203498.536676652
2023-01-10,1166868.1677136074,1224202.4745141387,978479.6573883764,1221397.5402134135,1212305.4731935314
2023-01-11,1175923.9981401318,1234406.1393251657,983008.7921547018,1227654.8347056655,1219382.972447432
2023-01-12,1181930.254201903,1237902.3215746435,987579.2493936558,1230776.3286199481,1221817.2425731423
2023-01-13,1181121.1839489443,1239261.0424013182,983107.5044830571,1224509.5568315568,1223486.355918481
2023-01-17,1176796.523590486,1230840.9649768746,975609.6296633923,1218182.5212228806,1214798.4283197224
2023-01-18,1159289.469323616,1213335.2432461826,959094.9313036561,1192883.1140786211,1194708.2081418813
2023-01-19,1148367.7120602122,1197918.7068603553,963005.665378059,1179148.3206296116,1182767.7438617586
2023-01-20,1166372.561303887,1218559.5683188217,970250.272276557,1196788.9738524968,1199579.7023295288
2023-01-23,1179397.2418145633,1238634.9522440801,967666.0635697992,1214938.1043669065,1213079.5672076063
2023-01-24,1181949.6776244347,1235370.5201564785,972261.5761213425,1225888.3929405694,1211091.7154408656
2023-01-25,1183790.7756171045,1236770.5128334854,973248.1844146332,1227940.4391782668,1212674.5575462626
2023-01-26,1192832.9805193301,1241015.9889526116,984807.939049343,1229349.0140236898,1213376.8136935881
2023-01-27,1188294.0457543181,1239442.430744403,973885.4758354519,1236407.3031775893,1209046.4011391334
2023-01-30,1178531.781998016,1227019.6536202729,969438.6547693422,1224775.2621610197,1199279.0578086341
2023-01-31,1195325.723824948,1245912.6203833402,981814.148837451,1234759.3535612412,1216062.0150994167
2023-02-01,1201466.2860741233,1258523.5291832758,976376.3879293805,1239467.9768040974,1225226.3828856105
2023-02-02,1198913.799899523,1269489.5563953351,950804.1649453809,1239427.1511764154,1229596.5186117378
2023-02-03,1194644.3612082142,1261331.8634374694,956713.5705962364,1242466.8481769853,1223049.7252612142
2023-02-06,1189111.4763885348,1250548.5265756366,966865.3914536255,1243006.9584324548,1215148.6511843526
2023-02-07,1204241.2991809498,1263906.3687653027,979753.5851300999,1248788.7127786488,1225111.6549256511
2023-02-08,1193438.570100836,1250471.6500537912,979180.9760783646,1242793.9319580162,1214893.0038340406
2023-02-09,1186918.4292955287,1240220.1584546247,980410.5499343664,1240563.9792961194,1204997.386968125
2023-02-10,1202284.2328269742,1246794.2927196634,1006247.5858904491,1250442.05682984,1214173.0379146778
2023-02-13,1211996.3098984407,1260299.806092531,1009071.0472823645,1259117.1106398688,1226022.2173412952
2023-02-14,1210517.4020903066,1259341.6374915661,1000704.7574901094,1261917.0977820365,1222475.7523705193
2023-02-15,1214065.8786585652,1263514.9672206824,995301.1036697704,1267988.6412674102,1223939.5975905063
2023-02-16,1205743.9667656703,1249341.038959123,983836.0174973411,1251198.5650067634,1211513.9439979827
2023-02-17,1199489.8785959983,1247113.5384390745,983069.0814414597,1253306.7580729348,1213425.94162938
2023-02-21,1181458.4248209617,1220356.7257908145,983062.242805654,1234211.3728318952,1192248.7375806833
2023-02-22,1177569.0849495893,1217027.0122161596,977903.4700900791,1232296.6038312195,1189085.271820875
2023-02-23,1180901.577988666,1220658.0453209083,983173.6929872772,1237043.227307771,1191136.4689063013
2023-02-24,1174500.244266531,1210040.7652130509,979648.7644657805,1232401.915056147,1181912.0115282496
2023-02-27,1173263.6221917577,1212130.1002966145,977575.6393937838,1232785.7369684493,1184039.8209557072
2023-02-28,1169164.6892684435,1207947.0272893223,965645.1894756958,1229489.276328194,1177619.2242925789
2023-03-01,1171040.0283216862,1206887.1459510755,968409.7387035472,1226337.4491676,1175926.317544333
2023-03-02,1178115.4248907652,1215268.8555216454,973007.4643861718,1231946.4731291705,1183827.4297986077
2023-03-03,1189271.273064432,1229073.4609554382,978581.6891078885,1241000.0929872107,1195661.106009661
2023-03-06,1189152.1023870874,1225199.103712605,993893.7751228926,1245969.3201299664,1194830.123477923
2023-03-07,1171222.460370834,1203852.4869147872,986058.6107835262,1228851.1911585245,1175018.2057575863
2023-03-08,1172002.435031697,1209364.957819289,973880.1697012567,1231709.0032493873,1177335.5942390969
2023-03-09,1155787.0446773102,1189328.5109924607,965798.7379107635,1213770.345460039,1160094.967654146
2023-03-10,1142923.0441957505,1173359.7807237634,962722.4171352063,1198879.5129499917,1148106.6438443891
2023-03-13,1136012.6472367335,1164715.2355034214,954993.4075167548,1196374.8910000676,1142974.1891864142
2023-03-14,1150424.279096664,1181585.0104477461,963769.0971874982,1209842.6272868605,1156994.5852189942
2023-03-15,1126869.9004886348,1164167.5860411865,946709.8485890535,1183443.1426708587,1144143.5715116477
2023-03-16,1137361.2871832836,1181676.1098673,944604.0888334838,1198438.1048636422,1156792.0055126247
2023-03-17,1125404.0845541144,1169991.311812116,925134.7493916202,1182176.8287669676,1145018.801258796
2023-03-20,1143701.299942416,1184135.2804568848,945422.0276455312,1202588.4138776823,1159841.451960034
2023-03-21,1158580.418200923,1195734.5932128527,957020.693918286,1216020.0249039733,1168450.1976221025
2023-03-22,1139621.8514379268,1176053.3568240914,941871.3896290924,1200116.8635635397,1150694.422270856
2023-03-23,1139690.5010717483,1181497.7858823037,938672.3855551652,1204216.2957044733,1153710.2119516765
2023-03-24,1143370.0741774938,1184632.190701442,945928.1816716457,1208511.653707547,1160190.6984463618
2023-03-27,1151657.7303407346,1191684.1036243255,956898.331805931,1215506.5695009036,1168021.9240134433
2023-03-28,1153903.538151335,1193295.0807836007,957898.59425698,1220890.8193958134,1171160.728222674
2023-03-29,1172078.9594250885,1215414.3851519902,963458.4421600536,1238932.4746710851,1187823.092957877
2023-03-30,1177920.5953466664,1222965.2683387676,967456.8995248051,1239214.0448266743,1193925.972604611
2023-03-31,1189432.4818118499,1237097.142990543,971059.7629359333,1244863.7032036555,1207185.4641616843
2023-04-03,1205747.319406274,1243336.3362716418,1004256.7228837761,1259841.9929643162,1216579.1335397637
2023-04-04,1195645.3371062614,1231272.4666638437,1000491.6806633895,1238017.254277917,1208357.7881280293
2023-04-05,1197841.7785974762,1228388.4239487145,1017032.5357914519,1229614.7714314028,1210918.0763515069
2023-04-06,1192009.6871855308,1225419.2105300482,1012195.8006669898,1228215.6225985328,1209083.6169644396
2023-04-10,1196582.5489888666,1233922.107312769,1014110.0718595234,1245202.1409954561,1213687.505681276
2023-04-11,1196754.8209770573,1236289.4722337937,1011313.643100606,1246587.5221608523,1215275.4226215463
2023-04-12,1193706.5646331452,1230822.4768707103,1014036.3586889581,1251631.03669472,1212285.914795722
2023-04-13,1202453.573547099,1240330.6698034434,1024329.2815896414,1257037.104936646,1222482.3737999268
2023-04-14,1199494.754772489,1237561.2710428867,1021856.7213247074,1257167.443848465,1219395.131258313
2023-04-17,1202265.7984158313,1243228.6429070323,1018838.9250565328,1266246.4129316125,1223739.8898932515
2023-04-18,1210223.057308888,1245330.2447711406,1031003.5881871642,1274065.0732983553,1225612.6635286326
2023-04-19,1204291.8692553418,1239573.2042908021,1025241.2702565354,1264528.4709266548,1221200.315357944
2023-04-20,1192069.6270404465,1233056.9639339643,1020991.8601763513,1260387.8939468616,1214371.662016757
2023-04-21,1190346.8483696003,1233070.5755696136,1023290.4807416971,1255994.4239516172,1216160.3869503702
2023-04-24,1192335.2368377724,1233199.4138619963,1030485.0793460957,1253827.196512922,1217136.888250752
2023-04-25,1174681.992316021,1213029.2881512234,1022725.037105844,1237958.6474304667,1202709.8310435629
2023-04-26,1162703.4014510133,1201914.7780973152,1001206.1351833221,1220522.420825795,1188711.0467749073
2023-04-27,1179669.568839686,1223963.6400881012,1011298.341708245,1243703.8499136807,1209378.2204704997
2023-04-28,1187825.776520052,1236165.4357928538,1014444.3630529197,1253968.1307710386,1218186.4867247536
2023-05-01,1182215.5986655902,1233775.5716643946,1008023.8474121878,1258185.1976963405,1217207.1952416548
2023-05-02,1160679.8383116652,1220348.5475016723,991557.1712721677,1251292.0427884515,1205662.133816003
2023-05-03,1149262.4154072078,1211358.3527449085,981556.4452684722,1239333.193194094,1197288.7230482434
2023-05-04,1136611.276904544,1200109.644137374,972142.5544455168,1231612.853261057,1188398.2086436208
2023-05-05,1154888.6986260363,1219574.9204839703,984383.5576650916,1250404.1435263006,1204479.9372877385
2023-05-08,1153586.34208424,1218482.778894668,983348.5962249609,1247444.8116092884,1202551.282336928
2023-05-09,1149445.3552436114,1213290.8692826037,981708.4316397262,1250201.5320449038,1198018.7143966944
2023-05-10,1146804.7964609724,1209821.9313488777,978478.0545465342,1242390.2330635462,1195538.05729956
2023-05-11,1138667.6150346773,1204030.054209715,971503.9012483245,1239724.6830169586,1189944.5556286376
2023-05-12,1140671.30728603,1204843.4079672927,969792.5719160732,1241704.0441337458,1191560.880735913
2023-05-15,1151130.3473895416,1221065.7420574178,969273.4771361414,1258206.3432373423,1202093.9616221068
2023-05-16,1138242.170847765,1210225.6086971087,958560.7396549995,1243713.246690312,1191283.3268816771
2023-05-17,1154972.736124078,1227906.4214477525,967555.8368187646,1262147.0009432598,1204594.609200903
2023-05-18,1162568.0437478367,1239608.0927904418,966539.7978866282,1272371.163717062,1210300.5084923783
2023-05-19,1161579.8883580205,1237908.9205591592,972202.0425135634,1271356.5535642623,1210495.6094956335
2023-05-22,1160245.8578083783,1235133.2245064555,965382.935761795,1266548.1397457903,1205851.1729204562
2023-05-23,1155145.3065249159,1224450.2294301405,965578.5010333558,1248562.875114728,1195984.9670299196
2023-05-24,1145720.756674996,1208667.6381690374,970506.3714234265,1238818.4882300647,1183386.0824704948
2023-05-25,1141827.50241306,1213277.7038618515,954145.2459498493,1244924.6592950753,1181529.6243973789
2023-05-26,1156784.987295234,1235145.0386179115,951155.0476047286,1263031.4903861461,1196158.9874644778
2023-05-30,1156482.9916638182,1232995.710929689,942123.1679278906,1252414.0387676626,1192034.1278891128
2023-05-31,1145921.067699218,1219112.6031851508,940166.804951251,1235406.8070747282,1182585.3313602686
2023-06-01,1159342.2000316444,1233769.8592717948,947128.9323238862,1256868.2250955503,1195634.2982965168
2023-06-02,1176784.229381143,1256462.1955938712,963439.616835198,1279626.7105157413,1215665.837348866
2023-06-05,1169701.1644427318,1244751.982881691,963469.3364074032,1269943.6082334123,1207902.7223053542
2023-06-06,1177833.7907049132,1252872.3902408003,957793.038892835,1284161.0917865003,1212231.8174318078
2023-06-07,1186982.1213386527,1262401.81898843,962804.8668802843,1294147.3362422092,1220319.169104273
2023-06-08,1189587.874472863,1265563.387621756,970696.5468830774,1290424.0745780775,1224444.035704093
2023-06-09,1189281.1926857927,1265190.2247641466,968274.7083127456,1292327.7053744216,1223791.8634205058
2023-06-12,1197171.1813309875,1279006.439420129,961238.2106450399,1300039.9040122142,1232674.3398534758
2023-06-13,1201943.2041139482,1289371.471074162,958546.3365557874,1305707.3535276048,1239981.4897198277
2023-06-14,1196988.5103420736,1287715.7090189436,953609.3992582571,1299894.9733308996,1238469.0323846603
2023-06-15,1211410.6276368084,1301822.2941436428,961027.5729069046,1315023.3680907898,1252846.5207503338
2023-06-16,1209340.6575524274,1299503.8737657587,960098.3135744998,1311381.190647338,1252563.514521005
2023-06-20,1196840.4395062488,1284707.9531620264,953334.3474534886,1306506.2259438434,1240219.670153553
2023-06-21,1195471.8279154708,1277368.4109663644,963183.2033746856,1313219.8672360783,1236568.0646821945
2023-06-22,1192573.6185306988,1276708.7752803783,967378.5252774371,1305767.3454714417,1236360.418951475
2023-06-23,1183519.3322867767,1268346.7114058703,963983.8669426512,1301328.4675022585,1228934.3366816184
2023-06-26,1188001.493685909,1272781.213399535,960815.4347115979,1302124.2018008316,1231469.723601479
2023-06-27,1200028.8073079404,1289865.1093440766,961565.0074218521,1311491.1952256418,1243651.296160444
2023-06-28,1199372.206546144,1288344.2020623754,960130.2228742352,1308575.467036852,1241369.8831867345
2023-06-29,1210562.3178630362,1297453.6935361354,970838.420006456,1318869.2615152115,1250081.2426786977
2023-06-30,1220254.3002912786,1308776.7936858614,980470.13886359,1327421.764029159,1261176.5448799876
2023-07-03,1223376.4708664794,1312002.7772380498,978923.9486523675,1330579.7583759583,1263032.4968743022
2023-07-05,1216019.745587784,1301320.4337591208,976379.0900109136,1320332.47071181,1254708.622401302
2023-07-06,1199969.6314464472,1288072.3918588106,957618.8250872717,1310190.4499767898,1242222.7633082622
2023-07-07,1199844.239925355,1287320.1214837874,947113.7776281459,1308144.4120254954,1238734.0585161347
2023-07-10,1209254.2849957685,1300292.0753526865,956693.6752954196,1319444.9391389308,1248708.9011033608
2023-07-11,1220631.3761680352,1311497.6808215207,961062.3550252026,1331602.4483778963,1258095.2415094904
2023-07-12,1222098.9084840482,1317608.4920892043,957458.9270285828,1329321.244931667,1262468.9690246433
2023-07-13,1228022.6498182542,1326620.7477418324,951477.7791324271,1336801.7058001547,1268878.7054562331
2023-07-14,1213582.9348252201,1317499.2984125996,943137.2017736841,1331417.4173940597,1261660.8580496537
2023-07-17,1217750.1474073788,1321052.795600956,943062.3466161473,1339288.1075370517,1262211.7651710215
2023-07-18,1221606.1173182905,1327517.3618937447,936142.0946871304,1335811.9556215636,1266834.4944183994
2023-07-19,1226208.5439942635,1330564.092032083,936962.8807168644,1330835.538978355,1271222.518378591
2023-07-20,1231488.4644362621,1328936.7361517018,952632.464227532,1337259.9134836465,1275694.8463615736
2023-07-21,1234855.71640192,1333499.355048005,959704.499428081,1333631.6590316703,1281301.6251713021
2023-07-24,1240893.0174843967,1337519.171489941,957513.6152734584,1340114.695734705,1284536.0485350753
2023-07-25,1241721.4807890474,1339879.3668662314,952695.6677941183,1319560.2696727957,1284914.4320891309
2023-07-26,1239528.206931802,1342363.5641792289,949064.2752121537,1316004.9666948048,1287647.1379536546
2023-07-27,1236114.07412198,1341280.0420152305,941604.8995541163,1315513.8055139692,1281723.1287295222
2023-07-28,1240373.7313089822,1351266.8928443128,941497.4535727638,1323441.1396381552,1288868.8177012657
2023-07-31,1246869.4419658037,1356922.2958524036,949199.300716377,1331581.964461003,1291871.8084205836
2023-08-01,1244549.4694939826,1355084.6313251338,945652.8010756326,1334117.951400082,1289462.05039756
2023-08-02,1229223.735812135,1335918.634860615,941240.8206676694,1314091.0492832034,1275758.9245173954
2023-08-03,1228996.7420379717,1334755.2178013502,945874.8108383745,1320379.342761783,1274416.1592427208
2023-08-04,1226073.2446828266,1331452.6856723018,947761.3432052942,1316643.7268083638,1270826.5270702438
2023-08-07,1235419.6933733444,1344674.632455768,954995.4832226255,1333904.4085326358,1283267.1474729876
2023-08-08,1231149.062472071,1338008.2748365437,956336.0799594874,1329185.9186809387,1277666.2712095822
2023-08-09,1230964.31950408,1330514.379369113,962566.5060920389,1329002.4460827915,1273587.2024991496
2023-08-10,1229109.9056863878,1326384.829130981,961134.3571757514,1317795.046155207,1270049.4819765405
2023-08-11,1233693.3250270823,1325903.408833029,973509.5875607957,1320949.7636572414,1273099.1969856578
2023-08-14,1236369.2136187155,1333163.5602703437,975326.1035926836,1326117.623667019,1276864.8185903248
2023-08-15,1217263.394895345,1312408.7883957075,962193.8943812731,1307292.4851069865,1258992.5054164866
2023-08-16,1207657.2972284518,1301673.5605438757,955806.171145605,1301216.8821352532,1250517.6997204493
2023-08-17,1209506.8905211408,1296558.6466370572,961296.9901328931,1291725.194199687,1247215.870660623
2023-08-18,1214536.381026604,1299509.9479527588,967807.5246609928,1296091.6593325047,1249739.7385921953
2023-08-21,1213867.4249887834,1301990.277921067,966014.000734899,1297702.1742353085,1248790.3740724246
2023-08-22,1210674.8753262428,1299855.319276568,959015.5207108369,1295955.2099517286,1246861.2640547582
2023-08-23,1216914.7025974307,1311707.2067761857,969034.570099414,1310191.6815196148,1257107.7463547229
2023-08-24,1202944.752443771,1293810.7512085366,959622.9352515123,1295375.778977667,1243025.3739254843
2023-08-25,1212312.065544711,1304387.8667923976,967087.7573277411,1303156.9726371753,1252520.1114849916
2023-08-28,1227489.051161358,1319032.4590301279,967290.161932568,1316917.5911839225,1263235.2049952778
2023-08-29,1238881.4248534609,1332936.9389545976,971372.7258267328,1325840.7025079026,1274282.8564950123
2023-08-30,1243761.7351160522,1336732.5142204976,976422.9152596279,1334412.6402016517,1277578.555868161
2023-08-31,1242639.3884494435,1337842.292803343,971982.067546363,1333527.4419369088,1276016.226085618
2023-09-01,1251796.0528091833,1350158.001644296,981415.825212456,1344008.5992921477,1284451.436786368
2023-09-05,1241627.7548584577,1338646.7692470537,971905.7572097897,1327407.1769150244,1273310.899779562
2023-09-06,1233229.1346489952,1334138.8385939687,959207.2481771379,1317559.2501927956,1267090.1811249752
2023-09-07,1225097.6662363168,1324736.6391513809,962182.5665267267,1315957.1912903502,1262989.7628479814
2023-09-08,1225883.5672879028,1325212.1477690465,971116.9935085009,1312184.1115947515,1264031.1599327344
2023-09-11,1224515.6226782794,1327886.6954273118,965434.4414884808,1296406.0129383316,1266527.9368520565
2023-09-12,1227018.3340959789,1323192.6753241983,974494.5938826611,1288870.2940175075,1262269.0456355773
2023-09-13,1226229.7581589438,1322548.3362714236,970625.0251535703,1283383.9749608547,1261383.134729489
2023-09-14,1239177.7034295895,1333385.3470338718,983480.4295590757,1289680.3283480264,1271953.793152686
2023-09-15,1227038.8048349458,1317582.582641465,973032.4798290974,1281649.6587428423,1258952.5013318444
2023-09-18,1229900.1045666635,1318327.7016369072,979666.8294226878,1288205.8425771946,1260345.089934923
2023-09-19,1225460.8754805585,1314892.7289333248,975292.1210480817,1283403.2532047215,1256863.2855030943
2023-09-20,1219309.7355690605,1308076.273445934,973426.6129814605,1278373.0920165454,1252920.4178620125
2023-09-21,1198772.7638477446,1289204.7810368552,961195.3539362343,1254806.8965515466,1236097.6924497357
2023-09-22,1195844.5729589094,1287608.7920253212,958344.0621209473,1253596.4575024869,1232733.640851617
2023-09-25,1199782.3796220964,1290328.287201803,960319.2487075954,1255545.7905216136,1234094.7139753774
2023-09-26,1188222.8022560668,1273509.8823354598,958189.4232296633,1239857.5877168793,1219942.298242627
2023-09-27,1195017.6521829695,1273456.1979202095,965423.2284175624,1243468.1323449984,1217588.7881809853
2023-09-28,1213319.687812964,1288696.18076835,965311.3678844213,1242025.3703570142,1228429.9375546214
2023-09-29,1208879.777528259,1287248.517146743,954355.9372165274,1240039.4493148904,1225302.1666175069
2023-10-02,1200969.022789401,1279267.5214299173,945746.0877702849,1233264.0646565177,1216504.54304504
2023-10-03,1189071.8355427496,1264371.0788633176,940978.66960543,1219297.0265899303,1203737.2051795453
2023-10-04,1186017.6647709066,1269710.4447685461,929963.3525540039,1224700.459388368,1207074.8570732393
2023-10-05,1177387.8802067188,1264689.5984404143,924647.8489218911,1220555.5773379211,1202023.4708435931
2023-10-06,1183468.2623308827,1274932.907473598,921932.2801245365,1234359.9828181816,1210164.9773501107
2023-10-09,1204464.4195424633,1280403.3161215088,954624.1557232752,1253096.2301445687,1218166.0886835435
2023-10-10,1210156.6890685167,1290380.377005274,951344.5809547148,1257549.5977530235,1226277.846438872
2023-10-11,1205144.8424336815,1294982.6249075672,941222.473029994,1267438.2502759737,1227276.4294731724
2023-10-12,1198362.1860379975,1286746.6263026423,939901.13413442,1260152.2895350803,1219322.4310707957
2023-10-13,1198230.0743122795,1277447.2848940832,955952.0349034726,1251299.1507234243,1215652.4992398035
2023-10-16,1205536.890473969,1287763.5101032555,958463.1633252341,1259069.103451885,1225549.5713314319
2023-10-17,1211778.3049440982,1291870.4975821278,965028.2379904006,1262554.475111131,1229468.0700758407
2023-10-18,1202168.8564408892,1275783.2937280694,965328.1466298986,1240691.9819810865,1216510.6337767593
2023-10-19,1192967.0107579788,1262168.5186824645,961377.9238048488,1229557.1746512996,1206625.631820649
2023-10-20,1177670.3174957735,1249225.061295101,958033.9091466726,1217928.1906182156,1197107.2033232246
2023-10-23,1169983.3674046837,1239909.2080455867,955169.7481111266,1214757.734289178,1188317.818085601
2023-10-24,1178441.000879622,1250644.2514226176,948713.6043773901,1240038.7031425075,1197200.6997397628
2023-10-25,1166704.4000456436,1233314.856344342,954787.0396524583,1234991.5939998818,1185099.9268698352
2023-10-26,1162589.749559808,1224169.6581258955,956218.6273592295,1228475.050099787,1179020.8696204466
2023-10-27,1152317.783430675,1216047.5981376588,937718.0969370232,1221875.0476495572,1167000.880164144
2023-10-30,1159946.6098280032,1230473.9998523016,941401.655668041,1232053.5939418613,1180327.1495299833
2023-10-31,1171341.8122563327,1241217.0277326254,947137.2769811694,1245037.7622130637,1190221.1580156442
2023-11-01,1171856.6969916949,1248310.8438815433,947718.117738542,1255368.158840737,1194954.6452627964
2023-11-02,1195725.4029913798,1273708.1215395948,962629.7606085665,1285750.764385763,1216696.1055090632
2023-11-03,1203311.3956775283,1287421.828814225,958089.8189649875,1289555.7077451893,1226485.9030128168
2023-11-06,1199219.579188186,1287110.6429667799,953415.4309925892,1293702.9496368472,1225996.7121008127
2023-11-07,1195537.6892924358,1286508.5631310795,946202.9119976527,1297616.1666400419,1224053.815993857
2023-11-08,1192878.2719233443,1285618.1610269314,936741.8294210626,1300943.8293316353,1221336.3832533704
2023-11-09,1185413.407756256,1277141.5504520768,926182.3365330527,1298366.053976423,1212111.1190542902
2023-11-10,1201102.0251788157,1298302.4021790314,928469.121873316,1315932.2304720024,1227747.9022498755
2023-11-13,1202778.768659936,1297576.0724980214,933327.8780283844,1314875.9608893322,1227963.730454539
2023-11-14,1220530.762911792,1324179.3803009002,933080.2397398695,1329227.252690985,1248772.8074833227
2023-11-15,1224729.0939371923,1328835.623274623,930092.4515846634,1328885.3997227724,1252522.1692335817
2023-11-16,1216845.230099524,1327536.3734282237,927621.1174409385,1330935.394426696,1251978.2078652987
2023-11-17,1223882.5168517872,1334430.7385036491,935223.4717391857,1337689.7000602267,1257153.1505544058
2023-11-20,1228320.2018605242,1342545.0648116358,936678.0527115209,1338488.1790671023,1263105.3442122978
2023-11-21,1223712.7118929052,1335607.2531327107,935830.535307861,1336613.832006641,1259532.08159898
2023-11-22,1227635.5057627875,1342608.9585561017,935759.8384990026,1344139.5238635917,1265763.7754727297
2023-11-24,1231702.7455640365,1345437.7403352093,938379.8993603715,1347410.7608350592,1268727.0460218217
2023-11-27,1226045.9667450553,1342519.354112364,931229.9556105161,1340780.7973585026,1264703.29596299
2023-11-28,1224688.0648399363,1342027.6051914657,928815.1502648112,1336426.4026954495,1265739.2473836218
2023-11-29,1217680.5088497791,1344306.7125998167,925919.9886783733,1340949.664508078,1267501.3599250265
2023-11-30,1228058.4560236917,1355584.5908359813,935724.7266573227,1354333.0870196344,1279277.6621120225
2023-12-01,1238194.2874107687,1366612.875803152,941557.400541709,1364095.7516857018,1290731.8347992734
2023-12-04,1235806.3619629985,1363404.0300910752,945908.2306041077,1360616.005467408,1290312.5694951348
2023-12-05,1226907.2624302472,1354113.0036226667,941608.3647347402,1352825.2059301918,1281831.6925854282
2023-12-06,1223274.858321164,1349943.6168889068,938365.3458996072,1352672.695355053,1278772.1820145987
2023-12-07,1227734.1395161238,1358254.9234197952,928656.4101314734,1350789.1191938312,1282900.5893527542
2023-12-08,1234803.1508172143,1364218.5518851473,933595.3751278534,1357212.3484851932,1286447.447039575
2023-12-11,1247550.112907025,1380624.846633314,938686.1091344601,1368355.028291192,1298843.2658861245
2023-12-12,1247343.0456460337,1384706.8643578722,935132.2661863532,1376165.2377861138,1301684.1189905317
2023-12-13,1258650.522238614,1401674.5348224593,948262.3265048212,1388931.320713645,1318353.4866551685
2023-12-14,1281792.8659441373,1425444.2849684772,951185.1395122592,1395122.8530688614,1333792.565623875
2023-12-15,1277656.4859740257,1422473.1632193446,943214.5555131101,1386063.7187541758,1329311.713568051
2023-12-18,1279332.7439963748,1423619.4772966355,949556.3799714224,1392116.6683486628,1332260.1358583234
2023-12-19,1289040.675106877,1433801.809582081,955322.3807759403,1405093.8827917029,1340759.2427956641
2023-12-20,1267088.165641273,1404201.300808296,943118.0527138034,1380564.7354073909,1315522.3130111084
2023-12-21,1280571.4881925753,1426470.5898129242,950701.4372002131,1406577.2228203565,1332791.6914547537
2023-12-22,1285416.9078880032,1432817.0028354186,955913.28577838,1413710.0420230941,1339239.0839627013
2023-12-26,1294208.9014566476,1444281.812947786,958035.9298883822,1421898.0830407627,1348370.4247969408
2023-12-27,1295140.3245993499,1446032.3244298073,957463.3371182553,1422634.3909509894,1350309.127957785
2023-12-28,1295203.6455341342,1447278.3184455237,957412.8239031162,1424519.992032818,1352066.3460203668
2023-12-29,1293342.9554912427,1443573.541910235,958326.70646875,1422655.499104516,1350124.6464869515
2024-01-02,1293308.236723437,1433055.118279188,979211.5904254114,1414177.0577992485,1347885.699763854
2024-01-03,1284638.0588480574,1420068.506946844,975333.7897917309,1411353.8480133608,1339234.0472397546
2024-01-04,1283588.4436563214,1417979.8226994972,971090.7178105351,1415177.337680815,1339043.5884931511
2024-01-05,1288385.943871012,1421852.7854651217,976708.6033393489,1418080.7016335472,1341317.3305972375
2024-01-08,1304138.772945998,1433200.6516603294,1000263.8139710659,1426364.584723924,1350180.4542691556
2024-01-09,1297268.5655300317,1426639.2658016642,995038.5491063125,1423446.0253987506,1345637.9511066268
2024-01-10,1299232.4550233828,1426671.531448111,1001075.3118496019,1427822.4805277488,1345668.5236230718
2024-01-11,1299006.2971078232,1423884.3451842845,1006100.1115415836,1425470.3565234314,1342769.719735432
2024-01-12,1297373.212695404,1423009.9187697696,1002335.5722544343,1429432.0170278132,1344958.9403307734
2024-01-16,1289860.6405626335,1414689.5258312845,995941.8503628827,1427564.9749185357,1336473.6891916746
2024-01-17,1278048.092674345,1405588.7570917231,981612.6692212562,1423957.9327290123,1329929.452282048
2024-01-18,1289554.4073325784,1416946.897595311,991510.9058652618,1434012.6982251245,1337974.4503150417
2024-01-19,1311990.8498160618,1436597.028794661,1016168.9327002383,1450744.9461381831,1352385.3150270623
2024-01-22,1315926.2735169143,1440431.985119187,1013950.663875002,1453555.9540119737,1353956.5188594435
2024-01-23,1317972.005530903,1441066.53268188,1012112.9043832385,1451929.118699303,1356936.557243137
2024-01-24,1316093.7395534364,1431751.9496950202,1017794.087318484,1452358.6527755973,1345179.1939128696
2024-01-25,1326215.2476737516,1448128.5821510432,1020956.0792040225,1466052.466994983,1362258.6490887238
2024-01-26,1316051.8708492434,1443046.509148899,1008469.2978484848,1458404.337285163,1359548.1920281907
2024-01-29,1319961.6831378927,1449262.4687571025,1011542.3164791216,1468361.2276687725,1364691.2421905475
2024-01-30,1322530.1895848815,1451002.4574233983,1021993.2250783547,1474850.2510591988,1367803.0876277531
2024-01-31,1310514.7746673804,1439155.2474496162,1008717.2305154908,1465312.3229913246,1357558.2326173407
2024-02-01,1333781.8879112655,1455989.461210313,1034010.1435777243,1485681.979609323,1374895.6213468928
2024-02-02,1334881.5229719542,1454936.9643501341,1036908.2518911853,1485861.7569662759,1371394.8671063671
2024-02-05,1330158.9926993768,1446073.8115046103,1036411.2543918636,1481623.5592334974,1362969.9355240588
2024-02-06,1328093.3216963422,1448948.0250361844,1022484.5215163666,1480664.660824871,1367027.946431593
2024-02-07,1333737.2192329934,1453426.4218810434,1031852.9435749163,1488085.8961235892,1369439.8764364172
2024-02-08,1335344.75608983,1453248.2608851914,1039788.0560885607,1482651.803538326,1367632.2453576296
2024-02-09,1341970.2884250355,1459879.7975195996,1053657.7892721554,1487098.5646296947,1370411.7514206914
2024-02-12,1348980.0010263864,1467375.8449299487,1056306.350153872,1487833.9801636364,1376652.2644611094
2024-02-13,1331916.8375538113,1444014.9102938012,1046237.5897858496,1478619.117887902,1358701.9246010354
2024-02-14,1351313.2890159243,1456147.73534207,1069360.3424916025,1487903.1810094607,1366843.9026564339
2024-02-15,1355882.9284848445,1466113.11730045,1061199.291419133,1501027.623752547,1376706.2504417035
2024-02-16,1356126.2471731482,1461505.368126129,1053507.5167229858,1493556.1431730597,1373262.6730032216
2024-02-20,1352306.7646646898,1458283.1027165097,1048815.6440726789,1482041.1209069844,1372196.7785575024
2024-02-21,1353606.3775026498,1463694.0440097312,1044348.5082900741,1491158.2546637557,1378370.6968362953
2024-02-22,1372449.926131491,1479743.2121055336,1069847.3591812693,1516189.0284027117,1390749.6438224767
2024-02-23,1379982.5769277308,1484362.0258435968,1083498.8138590502,1521236.6220985276,1395874.8616858297
2024-02-26,1382782.8344746602,1484412.0569873748,1095254.1578163933,1526468.2630587327,1393796.503114298
2024-02-27,1381552.1773470854,1486665.254132777,1091262.814211034,1528897.5016019056,1395425.8739708937
2024-02-28,1385131.8051284233,1488423.6820317274,1096411.8883015085,1530356.0060623053,1397498.8186726791
2024-02-29,1394656.7147452338,1496815.4516402562,1110116.5791611425,1529233.333426789,1402351.7025149954
2024-03-01,1447931.4833760676,1522153.8428966708,1204117.606652539,1546812.6228607744,1420791.9974993076
2024-03-04,1448900.5548556007,1525181.462047086,1207694.3644090153,1542073.4917552155,1422796.649977674
2024-03-05,1430796.9518796527,1516307.2986474915,1182533.9547969645,1538756.2216234752,1417165.9421999336
2024-03-06,1441889.359229746,1524708.9365919344,1194928.7125285808,1550638.4977964,1424463.7847872027
2024-03-07,1462159.6318629007,1537695.9627001223,1223410.6817811797,1550976.4275647318,1434057.2359344764
2024-03-08,1449100.1454839301,1530288.2533464758,1204596.2355868416,1549725.069308137,1430089.2526659393
2024-03-11,1450667.9927808198,1530965.1658894315,1200872.1115917156,1545642.9909712633,1432152.9729632312
2024-03-12,1452775.5919450533,1537391.579424599,1202673.4581494047,1554730.1911558812,1436568.151412231
2024-03-13,1447237.4029756053,1537885.6347201052,1192095.6673120772,1554154.5314192416,1437605.2532365036
2024-03-14,1432627.7444652803,1525252.5958869564,1170274.228663413,1548596.2501964695,1426225.8954442972
2024-03-15,1429065.0831912048,1513425.5169948344,1132853.3385697457,1540256.8731650945,1416729.3035314544
2024-03-18,1429881.676248705,1514353.5561078563,1139404.2695542227,1547501.4866784664,1417049.4461528168
2024-03-19,1437229.790129278,1520949.3926135679,1151364.11338045,1558373.7000317504,1423511.9336404176
2024-03-20,1454229.3918149772,1538339.2019467992,1163757.9559140352,1570982.189280326,1435839.053721006
2024-03-21,1470090.960891927,1558400.720278044,1179758.0910497368,1590009.8960281957,1449528.4832152661
2024-03-22,1463498.574235133,1551345.4441017327,1171491.9196982917,1578372.166533706,1444253.6577549586
2024-03-25,1459759.5555231436,1550120.5802318912,1169728.3750394816,1581868.5415056087,1443104.7829794248
2024-03-26,1463126.7318410028,1554361.5645520948,1177467.9657797697,1583923.9373485672,1448309.7446950085
2024-03-27,1486454.6475053965,1575148.7773499526,1191918.682316723,1600368.7095944316,1468171.8379024053
2024-03-28,1491566.9656430676,1581687.0041741868,1187433.5130890307,1602096.226179232,1473843.1843880117
2024-04-01,1496165.7775091052,1584282.5985742006,1204225.9514206739,1605203.1802953703,1473208.9413231963
2024-04-02,1484227.6986519212,1574635.593932838,1186684.6920287486,1602281.8651338925,1466690.4080341302
2024-04-03,1504811.6631713465,1581007.5904090416,1236482.4562512955,1611142.8087638014,1468524.5922803243
2024-04-04,1493684.9557096628,1564393.8935720574,1230617.5603041037,1596322.503256198,1455689.5995090744
2024-04-05,1520802.881270184,1580640.7731415809,1273750.6228995752,1614119.3567530792,1469178.1293849184
2024-04-08,1511126.1089060048,1580144.3364000411,1254718.5120861845,1611968.9620856263,1467312.8720176588
2024-04-09,1506046.6781276935,1583554.0577344722,1239680.4051726838,1605257.1876471818,1470339.2630931842
2024-04-10,1494165.0026880626,1564466.677045883,1240277.39796454,1598893.8417289273,1455259.1059999766
2024-04-11,1498545.3121687484,1566923.275865179,1247877.5107679889,1605487.828563347,1455042.7233809177
2024-04-12,1467410.864724057,1538691.0327712249,1210489.7410479272,1580429.4751761542,1432271.411466888
2024-04-15,1463280.0412776703,1533194.1564036733,1207028.084841327,1570829.5236982214,1428655.2573127402
2024-04-16,1469700.3300082725,1533885.4959277336,1225317.146960897,1573331.7975337752,1428265.467857999
2024-04-17,1460095.904734471,1524909.575178862,1213683.2015977816,1565411.4974293273,1423154.313376903
2024-04-18,1452057.7700871155,1519107.2990358267,1200682.7130639693,1555216.6564045446,1419566.7456627702
2024-04-19,1440285.2746171427,1515331.0130666406,1161479.701739573,1552317.789652167,1420721.7539523842
2024-04-22,1452895.9088270466,1527894.7028745764,1172166.0869978368,1562670.050627353,1431139.067017338
2024-04-23,1486401.422701912,1549979.9406886874,1225950.703059252,1581714.5625230318,1449636.3701313785
2024-04-24,1485070.6055906063,1556197.8302429982,1215944.2762148147,1582091.8825888785,1454489.0129200078
2024-04-25,1500872.8235469237,1560337.2607152099,1233808.3914599372,1583924.6792709923,1457867.788732596
2024-04-26,1497244.9639375196,1564832.6618652467,1229347.3244900315,1585040.5447526022,1459880.5715401531
2024-04-29,1503679.4702065024,1570180.0463960886,1242613.3656297154,1584589.851320751,1464414.6814880965
2024-04-30,1479800.1377447054,1549335.7991080557,1219075.2889688972,1567386.297651065,1448322.8770091354
2024-05-01,1462571.076709677,1541930.890735893,1195110.7533107095,1554488.740625852,1443551.1366006136
2024-05-02,1475022.4703546197,1551892.2111201854,1218887.6406902303,1559067.1454019581,1450049.718566022
2024-05-03,1484613.8531846355,1561179.8413650289,1232883.8761131505,1564784.9774521433,1455833.9168125335
2024-05-06,1503701.707179954,1577183.2749484323,1258512.9656086909,1581940.332234729,1467686.458557669
2024-05-07,1505277.003398894,1580020.7922751321,1253086.283145028,1589153.5762774025,1472189.3715528168
2024-05-08,1511248.496381141,1583277.6611508045,1262365.0428638617,1595366.5303582873,1474259.1786579718
2024-05-09,1516160.6232901346,1591221.5447590235,1259279.9046118273,1601708.7682948504,1482074.7848793122
2024-05-10,1514093.2089880758,1595961.303079112,1249253.622482774,1607816.5410600607,1486322.6460955015
2024-05-13,1505820.5337216507,1593851.44802096,1234353.9303108538,1604375.66392802,1484195.7231988416
2024-05-14,1512517.7311880542,1600286.4081147804,1243736.0990781551,1604213.8976849166,1486744.308707612
2024-05-15,1548666.274237143,1619865.09958604,1295475.5246764156,1622900.6305255557,1501818.5354306367
2024-05-16,1538782.8473786484,1614053.2682294205,1282676.2629722236,1620070.192056382,1498231.7851708033
2024-05-17,1543482.6996852893,1616417.3710061351,1287363.1994125003,1621752.641924083,1500487.4168384892
2024-05-20,1539577.6159730547,1620192.9067947618,1282084.251269854,1619124.4365250112,1501550.2530540433
2024-05-21,1541352.0948031528,1618391.9742086516,1287138.7121722433,1619926.6256897475,1500641.817503722
2024-05-22,1542408.5939459503,1617724.313441486,1288737.5494661543,1618793.3344856114,1501098.8269935197
2024-05-23,1542181.383333154,1602957.035329377,1314413.976209918,1611260.4021546175,1487052.7457126004
2024-05-24,1559520.355086629,1613642.7991074764,1340377.5934366973,1621189.2178028258,1493560.8640054688
2024-05-28,1564495.2665621194,1609827.9654303093,1361564.6760815775,1615672.6046738618,1485938.7154851623
2024-05-29,1565144.0808856918,1597549.462684918,1379875.675553743,1607918.4456592717,1475250.361754328
2024-05-30,1555155.984298305,1596459.0035809192,1353144.2958883021,1604676.6586125367,1476745.904886481
2024-05-31,1526123.4558658241,1602004.5260229697,1276257.2212815552,1615724.6402381517,1486434.4010178072
2024-06-03,1500892.386100768,1589563.8321777282,1239093.6382630584,1608032.9704718431,1477091.2993299868
2024-06-04,1504205.5734495886,1587402.8955544683,1249689.727846547,1613934.4428801576,1478490.80438222
2024-06-05,1520072.6372360808,1603558.73983155,1265207.784349308,1631077.2429318859,1488369.6546182202
2024-06-06,1512353.7217966875,1600252.5637290892,1246683.5166592628,1629981.6258747503,1488545.9028029814
2024-06-07,1510132.4504084091,1598016.7783752808,1241310.2489418194,1635604.5272601645,1486552.9216704199
2024-06-10,1522432.9112318126,1608881.0001608743,1254388.498470573,1639301.0812900616,1493798.8817257527
2024-06-11,1512327.6511890572,1602024.8116793253,1244858.509131288,1629738.0412861065,1487612.8534286832
2024-06-12,1512492.9903003096,1608879.7394646553,1246935.6844103702,1620298.3226326874,1487706.0266005828
2024-06-13,1505528.758415518,1605675.6530631518,1240379.6963257834,1622443.5324929059,1486392.1207180205
2024-06-14,1500282.963544013,1601956.1283889294,1252588.5584967837,1622379.1650481005,1484222.2723562564
2024-06-17,1529357.75825506,1621492.3496721091,1300170.1327799063,1639027.5782737725,1499105.9427373924
2024-06-18,1546681.6706082048,1634503.361279804,1326777.9650587563,1655740.2410988903,1510054.9013062865
2024-06-20,1545837.8633500836,1627103.12105032,1308118.5710959006,1652633.4680713443,1508983.5171511807
2024-06-21,1540719.2479953403,1624255.1775314354,1301439.5647687507,1645314.4430400815,1508066.298578635
2024-06-24,1527504.550795225,1622553.4155692193,1267192.936454803,1647339.4902649566,1510085.2444728652
2024-06-25,1525069.8632097715,1616161.595664832,1274906.7224955105,1644435.6703928688,1503338.1247759538
2024-06-26,1523401.0755443189,1611591.0442410833,1268360.0089445855,1639539.891386521,1499075.6540304606
2024-06-27,1521769.0833930096,1606993.9516280303,1270665.5904449725,1620044.6161790362,1495536.2996702557
2024-06-28,1518545.985067009,1610744.3669926948,1265001.9241204245,1611510.3309894153,1495086.8574649605
2024-07-01,1527167.805053613,1611713.010319561,1280467.6580621777,1620969.036782749,1496116.1934428476
2024-07-02,1537456.0681529213,1621167.136257778,1292191.1654738584,1636396.771832476,1503582.5039838874
2024-07-03,1538101.6720434087,1623760.7625205978,1296325.7624594693,1641202.7431414444,1503890.899249544
2024-07-05,1529786.3189363424,1620102.33986552,1281205.8593011864,1633737.131433114,1502904.638003222
2024-07-08,1549298.916267392,1627748.329226304,1315701.9939016346,1630219.1741810176,1507631.570726272
2024-07-09,1548392.7721596202,1627573.8285351673,1313568.2357321356,1630728.7867909737,1507124.9049603292
2024-07-10,1561701.8832007283,1645776.757792833,1326684.2744683912,1635685.9731106071,1522509.6632794207
2024-07-11,1550537.8220269768,1642968.0084444666,1297304.3465589152,1626410.3309851692,1522693.6298393528
2024-07-12,1552208.3448706735,1652309.9184436642,1289531.0433313663,1633254.6470390065,1529840.8976276182
2024-07-15,1559275.240627696,1660387.8158262407,1287616.0361117043,1643502.3378301442,1535873.0576448014
2024-07-16,1573071.3104934185,1679925.5693462766,1292821.950239961,1649215.8459113138,1551891.3396123205
2024-07-17,1545931.0097973926,1662224.8543713882,1246004.4059968763,1645044.7253958997,1546732.8249518317
2024-07-18,1540071.8884502319,1648376.2566886428,1248765.68224283,1628048.0073686172,1534314.4636560525
2024-07-19,1526966.0439788844,1628657.5105567903,1242753.4289813521,1613878.0064200752,1520421.09791432
2024-07-22,1544398.458534484,1646654.2150585689,1263759.898708244,1620657.4198437147,1531165.0877270875
2024-07-23,1543292.1950738719,1635407.8265427146,1279433.6855510292,1618735.6505797403,1521175.6894684515
2024-07-24,1503711.6293345077,1615230.9704381402,1216702.280680358,1593659.688512166,1512319.346175635
2024-07-25,1502128.2588098452,1616125.2192703101,1207470.864210854,1601211.1780333985,1516440.426659713
2024-07-26,1528363.6196595908,1644009.0148402296,1231395.0116177013,1620881.2403511305,1538480.2836460576
2024-07-29,1524419.4843352686,1640843.6200618001,1222802.8055079952,1623789.4298161,1538073.042426931
2024-07-30,1509400.5437039058,1633721.9999239151,1205604.6825233712,1615860.1652450159,1529331.2497662648
2024-07-31,1536619.6794739487,1659893.747060301,1239626.9920728724,1646873.7849884918,1547052.7827908236
2024-08-01,1502485.2631982681,1625969.7137307464,1216875.4889067933,1630709.5679507456,1529221.4296303515
2024-08-02,1441822.829380659,1580660.7182798416,1138241.682019642,1605505.9754796498,1501508.5458787456
2024-08-05,1407456.0261546925,1546278.3446013017,1110798.4330971998,1568411.0082914997,1469399.5880930605
2024-08-06,1416165.719813693,1559013.5763528775,1117836.3594013872,1579100.6885015375,1479885.4544942544
2024-08-07,1398878.9075771326,1546244.4604617117,1094763.8457814401,1576829.3137361072,1472624.932553534
2024-08-08,1437146.6693100953,1586096.8769690895,1127849.1341615736,1607478.4141849114,1503404.3235814804
2024-08-09,1440004.6784450817,1587668.7392025806,1135040.8370578822,1615205.8526146493,1504190.796964929
2024-08-12,1439910.374587919,1583571.3887962974,1140120.1124669984,1617935.9219932023,1499396.2439667569
2024-08-13,1461187.9352121623,1603793.1464549587,1162585.121386975,1629645.831565346,1513749.6289945014
2024-08-14,1468656.8568354526,1613542.355832658,1170110.7904077775,1640304.6908324216,1523350.3335198802
2024-08-15,1497043.031165698,1641137.2339935824,1204269.7902443702,1662915.2845753878,1542006.2307560982
2024-08-16,1501110.8144233227,1645228.5552271886,1206407.6039910722,1668064.5091794368,1546552.1694209108
2024-08-19,1513221.6220014659,1656429.359276465,1217925.131463523,1673341.4566524953,1555990.5937424279
2024-08-20,1504638.7434006534,1649496.5988986287,1208893.9276995342,1668129.7114102496,1552122.9086283762
2024-08-21,1513912.7567507215,1659117.9325038237,1218542.3667819242,1668901.0655640904,1559382.7083384935
2024-08-22,1501989.6005354319,1649560.0873876736,1200297.1763357818,1665488.3187153926,1554406.1557147761
2024-08-23,1521425.5487246835,1669184.6726720154,1217364.1305354915,1670481.640689442,1568858.4183880358
2024-08-26,1520774.0655649046,1668103.7879905629,1216849.4880011475,1672504.4201488167,1570574.0435289626
2024-08-27,1524649.7817621327,1672985.4825426417,1219051.4675179503,1682639.3982000037,1574938.0888790202
2024-08-28,1521396.7294412376,1668034.122285781,1216297.821331587,1675386.312279528,1572051.4940792457
2024-08-29,1529854.7006498354,1677336.30343596,1221792.663395081,1688799.6822840865,1579809.023458079
2024-08-30,1553076.007938715,1696430.7357613314,1245643.4345429642,1700270.5107373982,1595333.6581987434
2024-09-03,1505609.2950606786,1657273.7177574455,1190424.0904204405,1675989.589818114,1570866.6296506273
2024-09-04,1504312.9411438035,1659895.709146378,1190225.7774524218,1677821.0657761616,1573582.7510435365
2024-09-05,1491006.166362178,1648242.3593292886,1173981.0488490756,1665770.2886018294,1564078.9724560156
2024-09-06,1464798.9351575852,1623916.6301068962,1145534.1690405833,1646320.4496703804,1545394.180489273
2024-09-09,1488844.7262776643,1645882.4210297447,1173359.4394023144,1672461.0737112684,1564023.0352104467
2024-09-10,1488437.895528842,1640850.9297831052,1180401.3002479798,1664077.3232433544,1561379.438109961
2024-09-11,1494763.6320976685,1647326.3986663013,1190716.634549496,1671078.44904447,1562250.1398591218
2024-09-12,1510408.8254279394,1655557.9439043803,1212962.048374657,1680563.746099076,1571039.260470746
2024-09-13,1531913.503249849,1669990.8297907645,1237728.38234587,1688809.3215539884,1582431.3165508437
2024-09-16,1550632.6259695422,1680776.7269796429,1251941.6090294656,1701106.1412451891,1594792.6852077069
2024-09-17,1557051.915632402,1685592.948214265,1252252.9568514142,1701117.8749287555,1595051.0231980847
2024-09-18,1553522.122484428,1678521.2979830583,1253775.7145539152,1685621.5405711888,1587261.1541145882
2024-09-19,1574040.481394307,1699721.364610833,1276127.7722403004,1695172.375006309,1599561.9895183782
2024-09-20,1565682.1534975353,1693161.1826438652,1283582.8607377734,1697111.329486726,1596766.496790698
2024-09-23,1572611.5191192138,1699099.956008289,1291175.3696972132,1715550.035825086,1603029.2881781575
2024-09-24,1575107.75946856,1703111.8656368547,1292476.282131583,1695608.8521141359,1604687.1652799523
2024-09-25,1575928.4374859,1695990.1759247838,1301916.547354742,1695850.411373328,1598668.5356531772
2024-09-26,1589422.4588814594,1722735.9799788406,1321848.5067918436,1713583.258539837,1615817.6036293139
2024-09-27,1582671.5502721765,1719365.8707005829,1303043.3801698743,1718206.5066616656,1615214.9635442505
2024-09-30,1584345.6911354812,1715874.6118050092,1304874.6035470949,1718056.367332701,1614435.319145709
2024-10-01,1568488.0226131831,1706697.82988537,1277358.5136832588,1719619.4001795964,1610766.0937857842
2024-10-02,1567195.728913912,1707710.8466359943,1279336.8992710297,1719693.1456556593,1610018.6969124381
2024-10-03,1561325.060254859,1700671.5306655488,1278246.084537783,1718912.855940936,1602377.1514950355
2024-10-04,1581717.8913700664,1715291.313738234,1304468.128015369,1734478.7975195437,1612736.2434326813
2024-10-07,1572231.5759914422,1707359.034631089,1293768.712703296,1725515.0989288713,1605555.4413462107
2024-10-08,1581273.0009099776,1710762.1873084588,1313204.1988658453,1731259.9514280623,1610502.625404218
2024-10-09,1594407.6899533898,1724614.241757144,1320921.2470327243,1742037.2117619996,1622479.9607138159
2024-10-10,1592292.9746652325,1719496.9072352382,1323903.8896725778,1742105.6675032936,1616419.8411716192
2024-10-11,1611776.662672492,1737356.9159366898,1342685.697015528,1759674.4764182903,1632275.6075311343
2024-10-14,1624769.574181817,1754947.8177817296,1354644.4430298265,1775175.3771008907,1646787.9131629134
2024-10-15,1608056.3649572216,1735467.1111301286,1338148.2643481544,1763134.788037617,1636257.7396439842
2024-10-16,1617215.229470949,1748277.5885999808,1344508.7426973784,1784754.2619607125,1647965.451524955
2024-10-17,1622754.3954533902,1749567.2548485103,1355428.0134061864,1791545.2291002716,1648767.783225569
2024-10-18,1621327.8872051116,1750765.6077757364,1349554.9539230384,1793421.6303122551,1650225.631971231
2024-10-21,1613735.2948687435,1736471.9453855718,1350383.8479371897,1783525.4091400672,1637090.3979357185
2024-10-22,1577912.0577442474,1725966.1342510046,1280711.5387288474,1760337.7396882533,1624332.8605045977
2024-10-23,1579550.5332650112,1720823.7752282578,1290150.5405179216,1759966.705499515,1622026.5364831085
2024-10-24,1573607.3611784417,1710077.9175101921,1297771.9345614866,1765276.2228664667,1611844.7990809716
2024-10-25,1570281.6110238717,1701430.3297852888,1297875.643691478,1750227.2590444647,1599121.5268483604
2024-10-28,1567956.908448564,1705890.7746328705,1282694.54068986,1750916.170629728,1602159.345020816
2024-10-29,1563646.214196993,1701221.8929933659,1281363.7825087146,1740034.7771347272,1594952.0126522875
2024-10-30,1573116.6807094621,1698597.2497579881,1300399.5893795781,1742705.7028544827,1593039.5108692178
2024-10-31,1552430.6868926939,1682058.4401978943,1271406.8905502767,1725869.5778971533,1580698.906719224
2024-11-01,1571095.8697359678,1691647.1636229632,1302002.30404235,1730733.1063004385,1587894.8748631014
2024-11-04,1566871.6301744604,1689052.4596322337,1297384.6033774866,1731756.2583058705,1585453.1637551186
2024-11-05,1588558.0967510848,1708278.7601413291,1324067.9341889606,1747660.9133461274,1600802.655206689
2024-11-06,1645825.139888148,1760417.04789856,1375440.5404596813,1811349.5084640342,1637297.687275081
2024-11-07,1639627.4778323518,1759202.3046021077,1369949.635561445,1800575.5257064018,1636819.8692142114
2024-11-08,1650964.5014402138,1767176.0931835372,1376522.8538368356,1817444.6998627027,1647443.0709165072
2024-11-11,1656049.6582675541,1768565.0864082791,1388024.3935408392,1824527.9069570177,1648074.3742568986
2024-11-12,1638419.665325886,1749173.9579026646,1376081.9166195241,1814978.9392005315,1632105.3978830327
2024-11-13,1638076.5478454207,1744663.8552486973,1376400.5246293715,1809446.59949763,1629231.0303639858
2024-11-14,1624745.0192796704,1734838.0553232997,1355837.5829571062,1791936.388398637,1618214.141422675
2024-11-15,1610364.9754061608,1720961.9868712027,1334667.9843601135,1780227.2182306908,1609542.2499299685
2024-11-18,1622818.1046743602,1730954.87102497,1349959.6754572664,1789429.4287994497,1619543.7638337142
2024-11-19,1615036.247918668,1721168.7416921,1344972.8928711724,1781714.6394567871,1611376.7362293024
2024-11-20,1611524.322471123,1720841.6552272234,1342343.6621574287,1780089.6286078203,1613445.1871283203
2024-11-21,1635299.385052431,1745986.9382393407,1363814.7429189493,1804625.633362442,1635557.8559522314
2024-11-22,1656351.584016114,1762554.9867887052,1388925.9028096725,1815125.5359248028,1649005.2461317384
2024-11-25,1666188.0585164197,1777418.6264924062,1392576.8879838374,1822056.93824352,1658756.7440333068
2024-11-26,1666899.422388789,1773518.186987619,1399318.2214697246,1827536.3396451562,1659872.5021951615
2024-11-27,1634634.0900703012,1763344.541737424,1337981.4892265704,1824255.0651935264,1653769.4514861447
2024-11-29,1645191.5112892778,1771611.4430550952,1356279.6633148661,1829269.3803222855,1659296.6202453277
2024-12-02,1634722.6836304136,1768305.9524770025,1344117.6166665033,1820731.9962575461,1654525.7637217983
2024-12-03,1625290.923259683,1758351.278119365,1340624.066294325,1815249.4144099762,1645370.3769354136
2024-12-04,1623960.2683987224,1757206.5166311492,1350432.7122367953,1812893.3787051446,1643176.442019282
2024-12-05,1604873.5901739376,1748637.4957569316,1315948.3805484104,1808959.461522015,1639255.8972104467
2024-12-06,1606326.9905357524,1749017.8371490662,1322126.1795990882,1813789.9341706738,1637551.9370199768
2024-12-09,1588924.9533472788,1735607.895050781,1299084.5063274268,1783071.3808839833,1622161.3108273617
2024-12-10,1573895.6562034762,1726917.3805574595,1278539.1910727825,1786698.3877366495,1619043.0568900818
2024-12-11,1574467.1622390023,1727796.6427500967,1278117.9254411918,1791734.1132043423,1616321.9288657138
2024-12-12,1567209.1017446849,1716712.6257829503,1254535.0027021181,1777333.966362789,1608658.5640330268
2024-12-13,1562443.7977131149,1712698.842638197,1253942.511383834,1778658.4943214783,1605585.3911858965
2024-12-16,1559409.3892473034,1708037.023836136,1254449.5377062124,1780132.2754654875,1599311.4480712553
2024-12-17,1546446.2534423089,1697842.8807765574,1243088.8404447846,1769478.804341561,1591174.102898856
2024-12-18,1502305.3407518624,1655990.406892688,1215605.434709709,1729401.7799449936,1555932.8768859196
2024-12-19,1505725.222398136,1646997.8075500214,1221167.1521469927,1719713.757849296,1551107.1625000364
2024-12-20,1528148.641450137,1668796.5242538012,1251955.2741055526,1739660.5911587568,1568122.6286303215
2024-12-23,1538199.3772157403,1676259.0089419375,1265635.5274851567,1743688.691680368,1573546.8127365713
2024-12-24,1551541.3479581326,1690870.119473832,1277188.1110958671,1757369.041162852,1585973.7632761064
2024-12-26,1555545.2690395142,1694202.434036505,1280863.276123187,1761258.0794687963,1589383.5875046959
2024-12-27,1544408.1368347527,1683669.084151805,1266732.105802189,1750512.719446949,1580063.7035613991
2024-12-30,1523957.7389954696,1662220.543227179,1248658.5551830798,1728557.7929267155,1560372.592769918
2024-12-31,1525801.4626940135,1664471.9047475534,1246568.9616637677,1731212.575554127,1563795.9156868567
2025-01-02,1525960.5536510595,1662403.0183119553,1251330.5485621807,1728554.1112644789,1561034.9875276631
2025-01-03,1540740.0657640146,1673853.276314024,1256113.1530002188,1732379.6419866814,1566613.3177389265
2025-01-06,1542791.5044966317,1678380.378896228,1247032.5250660302,1719436.4122070894,1560567.2211660955
2025-01-07,1544228.5644649905,1678058.7749886995,1242743.650077934,1721446.3958260678,1561906.6209622445
2025-01-08,1546396.9238732883,1676819.3348319028,1248126.512772613,1724472.104370394,1561292.7321407546
2025-01-10,1523229.287309212,1650300.698662299,1227421.2698184298,1697475.4419951967,1539059.7060660922
2025-01-13,1532726.6721599032,1659215.4742893598,1235817.9184318956,1710475.823938827,1550296.2436061066
2025-01-14,1550736.2457570077,1675202.834326984,1251371.6823628945,1723145.961248525,1562429.010301495
2025-01-15,1569171.1937685253,1700286.5235156873,1262464.3904210813,1745876.9969835228,1578946.7551481642
2025-01-16,1581323.0700228482,1712925.1103580808,1268937.9237834078,1760553.21510724,1591810.678138158
2025-01-17,1594456.2005049067,1728203.745320222,1279271.438360603,1770766.5799595574,1600855.172221242
2025-01-21,1626353.643974538,1752676.4868754365,1305463.9172709566,1795872.7437177158,1620285.407698146
2025-01-22,1628884.904582531,1752078.2453968944,1303994.3632734825,1788703.044711096,1616791.5547387279
2025-01-23,1651334.4939357957,1766719.4603632842,1322503.260347473,1802096.3395394268,1631010.151585091
2025-01-24,1639679.9371650014,1754958.6528507692,1318524.7112301232,1797632.5050182433,1624765.6207742994
2025-01-27,1627414.9976237812,1750784.8564242371,1333781.6531333642,1809804.2340290404,1637379.0218289196
2025-01-28,1622353.6330890495,1734624.7878637025,1332722.7061937032,1801021.1693025846,1620326.5068538948
2025-01-29,1625298.8664080433,1738359.472735938,1343046.6207186691,1809390.3913705691,1624268.4833540963
2025-01-30,1660414.803024883,1767528.276800876,1360385.7952138854,1841388.5462483955,1647751.5212955675
2025-01-31,1646629.7449637644,1747261.0669411977,1350891.5054506292,1827991.1555942914,1629030.2571864547
2025-02-03,1640972.8022081011,1737643.5428323578,1360770.7530493997,1837887.9935875374,1626492.4222134058
2025-02-04,1639256.262171971,1737492.2462408387,1357502.9228682367,1826874.6849126776,1622542.6575446927
2025-02-05,1655317.5648631179,1753761.4618505863,1371183.9747322933,1842246.7291936376,1635490.4954941536
2025-02-06,1661831.2682360897,1756927.7945005181,1375406.5297865367,1844634.0709462338,1635476.9039667265
2025-02-07,1653043.7148653993,1745903.4978968604,1368773.8130357475,1836945.93825238,1628253.3838019376
2025-02-10,1662422.6130119644,1758357.9887116468,1379021.952982026,1854866.1586526905,1638224.00057169
2025-02-11,1675064.7407626165,1771089.5129666813,1390691.0438007985,1874354.234555642,1651102.9688777323
2025-02-12,1670834.2729705945,1770828.230695962,1385575.56062298,1861155.441354751,1649076.2910227277
2025-02-13,1679286.8585125045,1788256.3044596224,1397095.488062712,1879339.923087613,1663725.944851553
2025-02-14,1675560.38153043,1785147.9448473447,1399853.9825019517,1867598.3019892613,1655717.1239543003
2025-02-18,1692009.8849180369,1809264.5766107473,1401526.830473396,1880102.2015146853,1670553.0253223632
2025-02-19,1701443.409352763,1817220.649767559,1406429.8891549471,1885801.802614171,1681461.0247191088
2025-02-20,1692736.6503987268,1818425.195444946,1402183.9051044513,1881132.5782383115,1685973.8985583645
2025-02-21,1662010.839286329,1789147.8923077295,1388529.788136566,1868586.687117631,1671560.0547120266
2025-02-24,1656519.5941755022,1780124.556739329,1396111.7538895267,1874590.2541046045,1670211.6604151258
2025-02-25,1655499.6879438167,1778080.1491342785,1400960.1062319148,1883674.1315677408,1675272.9973353378
2025-02-26,1661120.9714202138,1779016.7036457509,1399702.8485766284,1871589.8000647768,1667780.619698492
2025-02-27,1651400.3293700118,1761549.7813749579,1406867.471207141,1877926.4721571929,1662504.4748511275
2025-02-28,1676021.4210249777,1786635.4043785403,1435666.5388033045,1909846.4412746686,1685541.8550885862
2025-03-03,1653085.0638624614,1764003.5101799637,1432037.0036921934,1904544.4207391217,1676393.0205519244
2025-03-04,1610687.1984834159,1724776.23063885,1381269.5836316817,1859342.1149151998,1640494.8634745385
2025-03-05,1628804.1892278388,1744548.0086254557,1391075.1507452955,1869514.4946247283,1655156.5704860524
2025-03-06,1603034.310124504,1722008.2253190358,1380648.863009927,1847921.227155618,1642775.8827839617
2025-03-07,1606231.3398527545,1734055.4689915143,1386578.0435379914,1851771.2789775068,1656982.975643639
2025-03-10,1581145.8809954259,1705993.8519081944,1383610.2331755864,1838481.5755677372,1642498.7237177915
2025-03-11,1565270.7712717324,1683036.4356258044,1353835.310426226,1807967.7968272453,1614834.7521807135
2025-03-12,1569403.8200051654,1683178.2731873703,1354663.1262268994,1804794.3642916402,1606108.2172229046
2025-03-13,1558596.4005445726,1672138.5370598917,1355481.0483225428,1796533.5333858607,1597586.4062687936
2025-03-14,1587502.805083265,1701773.6323408233,1372404.036628557,1816246.5984116632,1616068.1044147785
2025-03-17,1608204.851152307,1722295.8296280017,1391178.7968005731,1837042.379895017,1633544.353537811
2025-03-18,1600786.5832293024,1713696.3138952057,1385174.1484590154,1832780.6447287588,1625877.651807289
2025-03-19,1623821.0796678772,1728208.9856723615,1403519.8032752771,1848355.3881151485,1638307.5117483526
2025-03-20,1615809.2347398032,1722124.0277838844,1394691.1570579957,1844015.4277925314,1632342.9424328802
2025-03-21,1607395.5816833747,1711137.1231779768,1391210.5379828135,1825123.6594583492,1621745.162036744
2025-03-24,1639028.711061134,1737969.9915504167,1411899.1337774778,1849196.829948246,1640208.1643587998
2025-03-25,1643880.0952692947,1737343.3742636794,1420133.899648713,1851781.470860475,1638104.0948326963
2025-03-26,1631118.7159286768,1730987.922479843,1417617.8672350377,1852116.4285018386,1640732.5458278141
2025-03-27,1619777.5747247194,1725106.5341172533,1416814.7121859319,1861507.2730045868,1641764.484656183
2025-03-28,1588998.1162348576,1695501.6295176772,1397004.4783442575,1834121.7831030337,1621576.9503157877
2025-03-31,1600274.9794973927,1709426.5839799675,1406481.062635586,1851415.089352586,1636248.1252019245
2025-04-01,1602019.23044765,1706525.000719086,1416138.34693786,1847654.2482064413,1631092.7942085704
2025-04-02,1607322.9491507171,1715506.503761486,1409869.9820050977,1847254.4927987515,1635410.86845096
2025-04-03,1516612.6394657916,1622677.2495460226,1377142.3913107554,1789647.7419260463,1575932.74181197
2025-04-04,1401280.96297218,1511512.9430633876,1271451.406728918,1652340.973690979,1474639.2151404612
2025-04-07,1406898.7073216294,1509865.4419624372,1271373.111297008,1642155.5227855216,1465831.632574584
2025-04-08,1400147.5580234025,1485601.433408833,1267595.3570413229,1635347.6847734402,1447042.2149238863
2025-04-09,1522574.6623490036,1617509.9736592427,1340877.4628749846,1745184.6189720484,1546087.78333283
2025-04-10,1475496.6116641937,1559005.7906731593,1321466.2727804421,1700691.983888861,1504703.7794822427
2025-04-11,1499423.8155684997,1583267.7775399191,1337511.6390056717,1731182.0537130083,1529990.2639131788
2025-04-14,1516738.0142258452,1602748.482041161,1357878.6029289807,1748246.1400165204,1547996.7887564362
2025-04-15,1513597.142397068,1596483.1836446875,1363672.6597225214,1746950.0811810277,1541114.3204692998
2025-04-16,1496073.5040616903,1575440.6220388287,1342453.3467062865,1729844.4250913984,1524688.7878607002
2025-04-17,1503116.9058742148,1587715.410698089,1346776.193037658,1738660.9574458504,1538752.0492465976
2025-04-21,1475255.6024683719,1561453.6697228707,1311553.2438757403,1704752.6530720096,1513195.9857981084
2025-04-22,1490152.4950209407,1592972.9607661022,1322901.3418017975,1721934.211091215,1538093.7260130516
2025-04-23,1522675.1349925434,1613053.3022780635,1348012.678599829,1744205.0705424205,1549293.2450657461
2025-04-24,1553409.3075586797,1649248.3576899008,1364226.6765506018,1767542.9776373112,1570921.6541822217
2025-04-25,1549246.776092468,1642579.7737838444,1332305.818089634,1753448.4842653715,1564069.9309123086
2025-04-28,1554021.4300739656,1647083.7394631447,1343630.1316216583,1759073.0231164342,1568495.2190618608
2025-04-29,1559764.9116870665,1650489.572917484,1351883.6562076008,1774280.7863815748,1574516.917231014
2025-04-30,1568019.0587722075,1659099.436696558,1360648.353092048,1791178.6172575247,1583532.7626449368
2025-05-01,1567548.7458626325,1648394.9120988813,1362945.0822801683,1786671.1446339688,1572311.3087821458
2025-05-02,1598625.6467667012,1678306.6788063352,1381872.8935694927,1813156.746287732,1594364.653035451
2025-05-05,1595596.7034431228,1671308.03413794,1378008.3529378094,1805578.5092921297,1587566.1501680012
2025-05-06,1589287.0034753208,1663099.3826103837,1386669.7182871422,1801219.0186073394,1581575.1146033204
2025-05-07,1596361.4356326696,1673772.2832228607,1385162.535076462,1807628.3537329407,1589282.2143776196
2025-05-08,1612542.3217175726,1688703.7290899965,1388750.381294359,1814939.9574699008,1597482.9674268723
2025-05-09,1613296.3522667147,1691262.5410340074,1389688.543290116,1813046.6718135753,1596828.7638012802
2025-05-12,1660445.4363332812,1748068.2859929663,1402874.8203875825,1846577.9997559197,1637266.0013152673
2025-05-13,1671934.1971092818,1753086.6710560618,1400487.6628433822,1840429.682561218,1630516.3720178073
2025-05-14,1669444.7143399327,1742763.3314838314,1397325.108705526,1828033.1861494072,1618988.5873471803
2025-05-15,1696664.0359463568,1765534.9647175532,1428512.5987427186,1862017.937881201,1646491.5920369078
2025-05-16,1705164.9939113434,1775968.4695387126,1441275.158546969,1872792.9208672084,1658336.6840381422
2025-05-19,1711526.5039207537,1780290.5830875624,1452916.944104305,1882701.463206179,1665010.4100271722
2025-05-20,1709167.2467044254,1778064.1412871988,1446082.2844954457,1877370.2360833604,1663908.6331889112
2025-05-21,1681915.9029919321,1748491.2088521568,1426404.8446689222,1847212.2599592002,1640057.8104189918
2025-05-22,1674652.8803669207,1740720.5295327564,1419823.0268016576,1843028.868127184,1633510.0183293654
2025-05-23,1671516.007118925,1734923.4467999588,1421700.3508684824,1834781.7498625382,1631405.9510248434
2025-05-27,1701924.1786727412,1765359.2570104848,1440618.898307171,1860979.7851657039,1654527.2034963048
2025-05-28,1692762.6663642381,1754152.5831558874,1435923.1223897424,1851185.5305979738,1643817.2821702792
2025-05-29,1700458.104143823,1762031.3816878188,1438967.3323746154,1862140.9558305116,1652665.7761352635
2025-05-30,1701754.6709319854,1757438.5561928877,1452157.9699233433,1870950.3999913582,1654189.7988902233
2025-06-02,1705332.3934745453,1759508.931792183,1452982.1936971261,1872762.9867849974,1654079.082067657
2025-06-03,1720293.3809376194,1776846.8487467594,1460286.5351559804,1881673.0392386727,1663912.6894209068
2025-06-04,1719484.0174324734,1773932.7313806566,1451875.9654498359,1884934.9667747526,1659887.9048919878
2025-06-05,1720000.778847987,1773806.8017532115,1458621.3403040653,1887808.6121282878,1658618.8820999137
2025-06-06,1736052.696084795,1791076.5167911996,1470676.9018664921,1904002.2779950004,1673797.3796435916
2025-06-09,1741094.3023027088,1801244.7928068652,1459323.933466366,1900135.6550474982,1678257.8828899274
2025-06-10,1737597.2912863388,1813882.553311209,1453095.9752273492,1904594.4876262643,1687180.0757207465
2025-06-11,1744205.5252730288,1811380.6042089965,1457157.1807053923,1905269.1826957306,1683408.2670544053
2025-06-12,1737555.652325841,1812023.511750652,1446021.7609005058,1900735.541210804,1686297.0446748699
2025-06-13,1724165.8729732144,1786208.1658210088,1440395.1432856577,1877796.3815173141,1666639.4994097091
2025-06-16,1745914.1871496853,1807653.649090109,1450322.911570371,1891530.517336761,1678377.2681236146
2025-06-17,1743130.1141858026,1797106.7188520718,1436074.4148962076,1883478.7483036679,1665895.5451280454
2025-06-18,1744379.119461237,1796666.1046099854,1432514.6545463463,1852702.7307557114,1661419.8746368794
2025-06-20,1751355.7169565405,1799191.124748644,1441330.4478845939,1852880.1443540303,1664297.4082088082
2025-06-23,1773105.4163057047,1819878.7011003974,1461415.8001271456,1870725.4934496218,1682373.442684847
2025-06-24,1785569.56518003,1842397.3786691225,1465959.6254618538,1884991.4066006185,1694798.1209050578
2025-06-25,1783497.9290759838,1835357.498223224,1459195.9208747519,1875875.9824768847,1685951.1935071985
2025-06-26,1799312.5267320764,1851119.1576914405,1470252.6598638175,1881450.7641822493,1697047.6294377227
2025-06-27,1809609.7921646715,1858624.63414205,1485793.284359234,1893376.2977342305,1705729.5984381745
2025-06-30,1820798.5244431573,1867471.3692522177,1503373.2242998783,1910352.9056505598,1715968.81746848
2025-07-01,1821426.48915995,1883759.8645625717,1503363.222054227,1919431.6423523838,1732356.336504913
2025-07-02,1826696.9630541464,1893247.7307670852,1492748.3252860487,1916992.560298134,1736214.2697871297
2025-07-03,1842804.5582434416,1904593.8524888593,1503351.977875954,1932302.0678770253,1744505.3412452221
2025-07-07,1832776.1569301889,1889677.5794465821,1497387.98069129,1922718.8339746622,1734331.3154912596
2025-07-08,1823293.450671686,1890976.6835209182,1488442.2699877373,1919008.1356350265,1732291.6931115324
2025-07-09,1832595.5069040386,1896982.9025320378,1490159.181807502,1925395.8176693062,1737342.3171475297
2025-07-10,1842130.9633666165,1907143.0394757672,1491722.4803507307,1926348.1444725145,1743346.044937488
2025-07-11,1838166.3912203303,1894496.9689032484,1482850.0184353269,1912567.3810766845,1729883.3835597723
2025-07-14,1846939.1746482935,1894096.8730982002,1495528.4831970134,1920197.92330067,1730056.893789251
2025-07-15,1834817.531407984,1875163.887169754,1484807.2837244987,1906478.3826238383,1712290.4430732783
2025-07-16,1840499.6331072685,1878093.6693246982,1492745.197892668,1916153.5161028286,1719488.0098296544
2025-07-17,1841547.1808527147,1878038.1371511067,1492656.435524079,1912048.3428456674,1717286.4194891967
2025-07-18,1845586.2707075214,1878067.3186008015,1490448.3511340397,1907482.2176728519,1715054.9282716494
2025-07-21,1846121.8640386167,1879517.3388162544,1496900.1892536571,1913151.867906265,1716835.6560037546
2025-07-22,1831651.8451683654,1874642.0008265472,1483248.7871558294,1905514.4014422158,1716520.933846214
2025-07-23,1865206.2214129649,1891506.870340376,1514185.7028561474,1933828.6290353315,1733390.179222257
2025-07-24,1858109.9327161403,1880277.1965167322,1527186.0191627925,1943024.8542619147,1727849.8674732796
2025-07-25,1873112.7518022393,1890827.6959167894,1534907.694626941,1950122.4485400517,1736446.9202663952
2025-07-28,1871458.6454254414,1890340.419289502,1523404.5638045205,1941422.9247378209,1731572.1631310838
2025-07-29,1870519.25836406,1890127.3354439244,1520596.3772232812,1940567.0092386273,1731675.5565147076
2025-07-30,1866847.6805088385,1877366.2419242617,1521965.5483030695,1938897.1558867306,1719437.812149931
2025-07-31,1858799.8617350033,1859751.0797772426,1513254.4698787662,1933667.8465809864,1703739.6019221419
2025-08-01,1836888.6675462308,1840645.0274065472,1504010.713613263,1915684.8717265828,1692746.9648936088
2025-08-04,1863009.2858040733,1865191.30717358,1519421.3035013275,1936988.124877293,1711844.6587723775
2025-08-05,1855508.757931167,1864344.5439080063,1512424.9053612011,1928708.7493800079,1711202.6576589898
2025-08-06,1854419.6964021656,1864958.8416777463,1509249.8212761187,1927514.8875585871,1713495.1409959125
2025-08-07,1858675.3248624238,1871781.0964019275,1521295.8104215958,1922773.3133685535,1718736.228143945
2025-08-08,1869935.3227327487,1888665.1299189576,1527779.8956221587,1939287.812783047,1732728.5712363252
2025-08-11,1868721.966331562,1885810.5863697436,1533617.0174053682,1938767.59597018,1729050.2771745226
2025-08-12,1894071.987549972,1915072.380102796,1551138.6438122466,1953707.7829822293,1747914.2353256608
2025-08-13,1889973.8674923133,1927975.198377768,1546496.2329091062,1966361.3037898755,1761350.2619299707
2025-08-14,1887959.2704975666,1927243.7725588223,1547565.6323350319,1967930.0559297176,1757363.0615478049
2025-08-15,1871065.100540001,1909331.8624316265,1548098.2652236558,1958476.9242750828,1749244.744487701
2025-08-18,1876398.9467526686,1910279.9025582406,1553762.2040377012,1961239.051454263,1749198.5612425096
2025-08-19,1869466.7967269358,1910752.041944031,1554518.4183381957,1962994.966103937,1752816.9373498345
2025-08-20,1874949.6701919814,1912756.051864077,1564424.9827298163,1974298.3042950826,1758794.267371253
2025-08-21,1872781.1152336763,1908808.2610361418,1564638.867621223,1971819.6823920342,1756664.0692444898
2025-08-22,1894454.294076952,1941390.4752005595,1561416.9672821497,1987299.5846753402,1777491.4106540177
2025-08-25,1888274.1678920363,1931262.7242667682,1556394.6832786985,1978844.730113313,1765687.8600913445
2025-08-26,1909178.1220556786,1942858.5224357813,1570035.4435910564,1989577.7798177372,1773918.673832917
2025-08-27,1912794.5948874885,1947673.8656548206,1577319.1608040018,1991038.7808045493,1777800.6323317164
2025-08-28,1921404.0179785192,1951811.3383733265,1581361.1822860113,1992637.116897326,1777711.0980780853
2025-08-29,1907756.7715332478,1945170.053631657,1581356.9388365638,1993330.967508762,1777779.713941105
2025-09-02,1901192.5992996553,1934381.7045810884,1581027.220302923,1987827.440023598,1770788.8532551676
2025-09-03,1899458.3093547104,1929768.3033247646,1572721.2211377162,1985462.4135363363,1765465.053984811
2025-09-04,1923965.1781936463,1952664.03365246,1591614.3416973196,1998992.656745125,1781606.781422223
2025-09-05,1916378.1699769597,1956000.0691162935,1585582.1507000877,1990825.0075139694,1783504.1853126835
2025-09-08,1906172.5752389014,1953043.7990892418,1558309.0671887521,1979687.370001167,1777673.7694071182
2025-09-09,1904745.6996671823,1956200.3853136217,1557739.0419028504,1978325.6579443791,1779138.2556020604
2025-09-10,1920105.1434937643,1961486.4113340431,1562918.4146605663,1976294.6641195724,1778533.6875371279
2025-09-11,1942908.6210314976,1989974.2348676838,1580056.616379197,2007163.0935386247,1802535.9380719217
2025-09-12,1933891.231851155,1979356.5390523975,1573670.404084534,1994989.2854358556,1791176.4474410044
2025-09-15,1947947.524402465,1982215.9849487855,1582197.964349311,1999303.6008215367,1788436.5411295444
2025-09-16,1952201.9918076778,1983640.0794210366,1582071.52391728,2005107.1522387406,1788921.528389887
2025-09-17,1955118.7296642582,1989340.7625356375,1588900.9187005735,2018367.0033299886,1795603.952395405
2025-09-18,1977408.6822550695,2017730.5276775155,1594574.3508984598,2007514.353499664,1805541.82055518
2025-09-19,1983015.5433781336,2015637.7831658428,1594868.8962171827,2006783.1202506963,1804499.2154618476
2025-09-22,1995181.5606065136,2024134.7509280993,1594076.3893914379,2014199.5344954873,1806292.4133977392
2025-09-23,2000174.6482122191,2025733.865526386,1601032.2699510013,2007934.9042566454,1808389.5190418246
2025-09-24,1989618.4103969657,2019618.007523714,1591996.4908666639,2000949.761325239,1803340.5754638081
2025-09-25,1978954.2514352999,2009896.4708933332,1588445.8431663706,1985394.680425585,1793587.5220064642
2025-09-26,1993535.8777764281,2027882.284167598,1593955.7458138992,2000689.7830213176,1807797.378257746
2025-09-29,2000162.0022860433,2035749.640283858,1593234.1396081299,2015633.8584914752,1813466.3074236999
2025-09-30,2020302.9213600568,2043911.8859812554,1606911.2946918542,2032654.497468836,1822745.7500836274
2025-10-01,2032904.9964773422,2065833.973723451,1594599.4929331068,2051813.891837326,1833072.501668101
2025-10-02,2029679.8574373936,2068515.1668492397,1581644.8032932403,2051012.6034634246,1831249.7413508566
2025-10-03,2022575.9509086388,2067461.0944499802,1579977.4219395658,2059286.4983364397,1834059.1269233525
2025-10-06,2025310.263200509,2067635.740612914,1564090.9016931993,2059497.1066691377,1831283.777226524
2025-10-07,2018653.8190441588,2051566.4109774367,1572756.7245481133,2053304.1552600472,1824451.0653990887
2025-10-08,2028222.255535571,2063074.237665705,1570764.3300944713,2055889.0172323883,1828944.356496648
2025-10-09,2001064.5981343705,2042048.29862253,1549324.3493573244,2032692.5472671876,1812317.23800044
2025-10-10,1950495.4608252072,1988290.6577011526,1527764.2428868571,1999347.887459856,1776979.6868727277
2025-10-13,1981466.0982347215,2022348.3148462141,1532798.501685777,2011989.575996083,1794622.0535822846
2025-10-14,1985227.884120013,2025971.4529159449,1553766.4907772772,2020513.5126892487,1803402.853795356
2025-10-15,1998857.0142373145,2046389.4054067796,1547219.3389159346,2016145.0138765923,1810020.6008949545
2025-10-16,1995848.2826054795,2047761.2499046344,1541974.1543054017,2004890.399499366,1809125.084193151
2025-10-17,2003819.086367091,2057073.8183606535,1563677.898571602,2025013.5922347037,1821597.1202455743
2025-10-20,2020023.445467269,2075575.985466492,1571395.1824581015,2043561.64481573,1835927.6783474823
2025-10-21,2049294.1658323864,2080929.7979779437,1619708.8930554837,2065933.989290904,1840216.387689709
2025-10-22,2042797.1985695683,2067050.0700156763,1615926.944928252,2065355.3471549633,1834017.1577417944
2025-10-23,2068066.4306523616,2090307.4069351102,1611628.3947516493,2075902.6502506183,1843025.6085735115
2025-10-24,2080567.7421385664,2104132.4666032568,1619951.1959840723,2083202.7349599446,1850106.1490517613
2025-10-27,2097703.6211178065,2118567.330821944,1638311.9706958372,2092414.7963421284,1860466.6350575592
2025-10-28,2092379.7314379618,2111465.3112148615,1635854.547399873,2081386.300513345,1852187.114728477
2025-10-29,2093463.9272454013,2108258.9594948064,1617046.0519057414,2068873.8036126154,1839862.4785514465
2025-10-30,2095230.9659841687,2104268.5795181375,1607317.7995028924,2071022.5035006448,1840272.452259762
2025-10-31,2107161.1890547983,2115102.3630346362,1609809.6484615277,2076523.6037871097,1847646.3452916904
2025-11-03,2102107.5931013213,2111028.7458188427,1592098.1534682664,2069820.180632916,1834708.3987259178
2025-11-04,2074844.2719057088,2084481.4919868615,1582321.9818727858,2069664.9841141966,1822872.0534475236
2025-11-05,2096441.8137246263,2115917.8395703635,1587090.6600153507,2084100.0001688998,1838019.6014362806
2025-11-06,2096212.5511901723,2110342.808248672,1586685.0147702172,2079415.4824708202,1835234.9272591122
2025-11-07,2103233.3316683383,2115332.31657659,1603155.977447783,2089873.0833893677,1841197.7101998348
2025-11-10,2130587.4191840496,2143101.9086517734,1610248.177154441,2109516.3792567207,1856537.170794777
2025-11-11,2129601.17929634,2146730.747605737,1622593.8237069775,2120762.366276877,1870097.8913387172
2025-11-12,2136964.147493018,2160511.9842908997,1628020.898052725,2121242.9681244586,1879085.900775366
2025-11-13,2096411.9261767175,2127936.1290587243,1612826.0965477927,2100591.827923766,1862779.1125106937
2025-11-14,2091660.7409491288,2118893.807655552,1608847.3167407543,2098328.5935036517,1857187.7329333024
2025-11-17,2067194.7021327917,2092636.1809438246,1585374.445832965,2086083.325691674,1840089.579802489
2025-11-18,2047375.0563495043,2075487.5165972281,1578277.5359248659,2066693.9510684495,1832940.9080354725
2025-11-19,2055330.4559214811,2083587.7890073976,1577345.1622061408,2065375.3602445612,1835230.023646538
2025-11-20,2011300.4579226363,2034151.3737018858,1566903.9202928909,2030904.1929287603,1806829.0992697186
2025-11-21,2028611.4739626779,2066436.1777960865,1576885.7190995438,2045738.315173886,1832423.2446622292
2025-11-24,2059727.6844035962,2093636.6997148336,1587060.707690685,2064118.4690192717,1843151.9690242964
2025-11-25,2080413.1722875594,2121381.7050907174,1594689.4204659208,2083798.8367729809,1865634.0116405047
2025-11-26,2102972.48012801,2146196.0257183183,1601501.5683332328,2095748.022147233,1880899.3414691845
2025-11-28,2126603.8087118496,2173259.5870078206,1613976.8749099975,2116482.098983229,1897590.0259144544
2025-12-01,2097580.5319047864,2160653.9003111906,1582709.7106037503,2089819.9790916676,1882711.0071007183
2025-12-02,2107429.4751819083,2171874.562651547,1587572.066735632,2091309.632442944,1885798.9508598852
2025-12-03,2112850.318974981,2182031.842076463,1588712.6963585764,2094634.0395533536,1893295.2257780212
2025-12-04,2128878.1870196178,2179371.6002015457,1598919.4631639658,2091007.540652201,1890467.174652923
2025-12-05,2130531.5215186467,2192708.0915134377,1592143.9595128628,2106894.728296422,1896294.8847900995
2025-12-08,2131589.3210921874,2190406.255993952,1577179.5176334574,2101692.4409299493,1889962.3619374165
2025-12-09,2122910.684641708,2191407.817703724,1573615.826412945,2096119.679243504,1888401.8651286738
2025-12-10,2160043.8984386693,2231499.9178023813,1583037.0286653002,2120158.6144375606,1916177.463113439
2025-12-11,2186833.637809205,2254464.908600212,1597418.6138601939,2161047.570956014,1937792.8270880177
2025-12-12,2174477.0946044815,2225344.1078370325,1609419.4294953933,2155327.7047396936,1926760.2246428858
2025-12-15,2182546.717282773,2227001.102989538,1616064.6146941946,2158727.58645879,1931922.2186681638
2025-12-16,2165182.637983926,2208391.3782383595,1606861.0321553142,2143015.124231657,1914711.323994931
2025-12-17,2141038.235634057,2190726.4708617292,1595547.1013849357,2134235.91974303,1909982.1064783956
2025-12-18,2159962.7147272895,2210511.704245798,1603054.8373965665,2153820.932120028,1917140.036580139
2025-12-19,2190657.063001524,2238779.5160228554,1612518.420830935,2182411.2660719925,1934362.5893729676
2025-12-22,2215164.3653152636,2257964.796874477,1627998.5863747287,2206191.097292439,1950435.3564141563
2025-12-23,2223435.127417787,2262908.2502514403,1633222.6390168339,2211589.4672525395,1954703.5009085243
2025-12-24,2232973.398716942,2274589.794424094,1640582.3853388897,2225638.9382146895,1964531.1959165125
2025-12-26,2233658.224985671,2277755.0273232074,1639603.3314485196,2226070.0526695703,1966127.7001186935
2025-12-29,2221486.9293284747,2270526.466007278,1635445.8839052373,2229390.0842186664,1962267.3832281574
2025-12-30,2214090.4654085822,2263094.827849754,1633119.1812780488,2222105.037059821,1956741.6046503172
2025-12-31,2192371.0732878577,2238860.7804893875,1622755.200280875,2202466.2134391335,1939611.903162961
2026-01-02,2238485.4071667194,2289037.7417139104,1631936.3510480952,2230870.499841945,1966620.7189345653
2026-01-05,2259736.6480914485,2309088.384578182,1635728.2245112343,2259525.9409870757,1979820.5438881002
2026-01-06,2355114.0045547667,2352481.143404815,1745848.1880565868,2292398.204576605,2005086.7514543815
2026-01-07,2284912.995279881,2324371.328748947,1693534.598713149,2266525.869795663,1983452.116279598
2026-01-08,2279056.002201705,2335604.2504311777,1653048.2241650107,2268040.1786469044,1999298.7948015293
2026-01-09,2336375.960191149,2363654.0155432937,1693079.9582446315,2287520.8114702646,2017402.574777266
2026-01-12,2372730.4070394193,2363364.6139336894,1755412.278831616,2282836.1346455812,2021650.2442834354
2026-01-13,2376779.875810869,2360324.797458341,1774518.5271214338,2235395.0315553676,2019008.3165369802
2026-01-14,2391044.76632572,2371143.6304561617,1788753.6971539909,2248991.6513360813,2033729.571421307
2026-01-15,2417755.5923965117,2388809.6250540656,1810396.1343888368,2253450.911104474,2043477.6050509429
2026-01-16,2426785.866266592,2388770.5495982473,1809038.1519565168,2261042.589483551,2041212.0495301364
2026-01-20,2397241.255438281,2350216.7973252363,1829869.7284588357,2224253.961218647,2016932.057076348
2026-01-21,2475930.7077325257,2397379.1317564333,1882965.2910814774,2243652.6522368635,2045781.977532468
2026-01-22,2483059.5267984075,2401392.311478077,1900748.803222839,2249014.7185212267,2047354.8758484095
2026-01-23,2463098.117639469,2378770.084704909,1898477.853365893,2242420.6455657445,2037684.1642863734
2026-01-26,2473971.8075048383,2380168.4644120494,1918492.7241092443,2242529.7581805354,2039054.1542900952
2026-01-27,2518897.4884002376,2396084.0091076638,1965842.4612768611,2253125.239354965,2050660.6675523468
2026-01-28,2590151.2045174437,2420864.90693664,2070206.6443261765,2266664.3941806713,2064233.55091978
2026-01-29,2612830.6161531867,2438380.087637067,2048466.9236719767,2301290.5611356655,2081082.6057160348
2026-01-30,2524468.9664580086,2407476.3140455177,1914271.2086254798,2296955.094989316,2074957.5512466775
2026-02-02,2592001.470068931,2445612.293583224,1979451.0365646116,2330315.2268214417,2098998.1622535232
2026-02-03,2634455.5362572186,2452197.2023552395,2057180.1925135397,2303434.2702824823,2108126.1050959774
2026-02-04,2590519.870435626,2459766.364747772,2001204.0538003524,2279032.860308533,2117029.1265270542
2026-02-05,2557354.7575029493,2440127.623543245,1949312.3109994086,2273822.9531800635,2108357.628430542
2026-02-06,2649048.439555503,2490973.7055561515,2044207.3949968072,2295598.0939241736,2142195.8761886344
2026-02-09,2663103.4584275177,2492885.5051280097,2070302.7820271342,2282189.5897536403,2144167.9624992735
2026-02-10,2617113.951988209,2492422.373714372,2010909.9563632437,2271825.7368634306,2144127.879440262
2026-02-11,2659071.193612011,2519096.0253458703,2068018.976473639,2293735.6870554537,2167452.474607339
2026-02-12,2648848.1746183685,2481879.4760420015,2078168.172292056,2295985.106105309,2144977.6711987653
2026-02-13,2667629.997360245,2505458.5644765547,2101985.7045834,2299611.842849256,2163955.581779563
2026-02-17,2660754.651761264,2498566.8974104626,2093413.3517559052,2311418.1536365408,2157465.592384669
2026-02-18,2708936.473523496,2519686.1394147594,2139673.2697469154,2324595.743982212,2169520.254693853
2026-02-19,2675333.807395674,2503084.4807034545,2115282.2916503623,2326349.8542028503,2160345.514944935
2026-02-20,2686061.420222256,2517573.589255086,2094395.2121999809,2334881.306793023,2167153.4357572785
2026-02-23,2646450.1940052807,2483516.232785877,2097686.912239846,2291277.154130806,2151851.6442176043
2026-02-24,2639188.6796512385,2501322.161585413,2073479.4384672255,2302681.3809351535,2164201.2846213058
2026-02-25,2686952.0314966203,2513458.0939611336,2125918.595660362,2310139.016838807,2163776.623540663
2026-02-26,2662859.440958361,2505400.283670022,2107382.230698893,2306334.337521165,2159607.2033870025
2026-02-27,2684229.071148603,2518099.875728668,2127081.406418745,2333053.8111287425,2178633.117358345
2026-03-02,2665188.2916676737,2512149.0631023506,2099922.019513901,2354088.812540387,2173967.796842993
2026-03-03,2579283.5806334736,2460460.4013021747,1999018.1309089214,2331352.5368319307,2137812.2062685234
2026-03-04,2611542.639778775,2477333.0268880213,2031222.3737644064,2342888.7101363204,2145882.9980415176
2026-03-05,2579226.2728712973,2440588.0677211797,1994867.7952132414,2322677.609122902,2115936.450135654
2026-03-06,2525737.3096983233,2402039.5941924104,1959615.63005819,2318434.022742701,2097595.689942157
2026-03-09,2569594.557173454,2416028.6880357107,2009127.2856231064,2314114.6107277116,2099986.2449667244
2026-03-10,2570856.1355853057,2415108.950621474,2032847.9001881285,2307375.93362944,2096151.5496516319
2026-03-11,2571609.3205119376,2408014.9817870483,2025290.134205374,2290592.7183549986,2082339.675560682
2026-03-12,2529224.1519876043,2366223.442885058,1993448.33897979,2259869.8886534,2051438.3691126236
2026-03-13,2553050.209543808,2367839.5075291917,2003350.4511424322,2262369.9507532143,2052863.655755088
2026-03-16,2602670.172926689,2389855.2591731516,2048355.9582759987,2281939.343638203,2069192.459570174
2026-03-17,2672629.3625096055,2406226.3704512515,2113387.2629613904,2278344.0556572904,2075131.6244126393
2026-03-18,2627300.5810280247,2372762.823452848,2066910.1463943198,2246083.7428857214,2043859.9049998147
2026-03-19,2647054.105351385,2368960.6080157566,2065822.2425616987,2233582.3395687356,2037413.4403523714
2026-03-20,2572319.9218755416,2339363.743052261,1982051.312502002,2222367.5439112377,2018179.5015432714
2026-03-23,2601148.6492411136,2368998.0867059967,1996346.052901912,2218833.361816483,2038373.5323839588
2026-03-24,2630857.929441705,2390965.212274704,2015835.4346478945,2211652.1162747275,2048341.1873383617
2026-03-25,2632457.248369416,2405743.59568102,2023857.5650628686,2220318.8307853616,2061708.5405756359
2026-03-26,2551926.7320035384,2362998.2830578904,1950294.9298164763,2199158.506501862,2036504.1339143354
2026-03-27,2541397.443425284,2340069.2897720765,1968804.7168078192,2162680.1467286237,2021881.4146880014
2026-03-30,2469321.621920311,2313965.547904607,1911557.1939029933,2154320.663531259,2008764.7628624833
2026-03-31,2545057.825481176,2369257.1045434666,1992442.855100322,2186595.111857843,2042322.337905309
2026-04-01,2615692.431686911,2390187.4872279363,2087771.5899657211,2193523.607827237,2049989.038957114
2026-04-02,2608067.5889686886,2386459.634549961,2078795.3301900586,2193572.126795079,2047478.0108512382
2026-04-06,2644023.0874567665,2405588.797246118,2094562.5500407764,2213288.8490123567,2059793.3492470062
2026-04-07,2658003.0868262765,2406104.074584392,2115143.5743601876,2204669.4334197147,2053464.5098127073
2026-04-08,2768037.664023051,2486028.994423449,2210516.4143983624,2252948.6974410326,2104289.8316649524
2026-04-09,2769014.0951584927,2495822.491600804,2211378.224527844,2252801.2738707596,2107991.102326357
2026-04-10,2765675.6527854186,2484259.858722625,2225645.476708746,2229824.408314407,2093486.1230019215
2026-04-13,2800311.9252169337,2507238.5836927774,2220569.811374342,2250534.4953426328,2104145.7128861514
2026-04-14,2840342.0197601127,2515883.593791017,2284464.479464103,2262139.57355413,2109116.7683553076
2026-04-15,2816487.9483707664,2499797.4883673536,2247476.7919986923,2260951.004644545,2096060.9079128392
2026-04-16,2828454.725924862,2516783.351411288,2233109.6802575593,2260169.355281627,2106503.1934319832
2026-04-17,2872502.8641602444,2550049.8598929937,2274930.0733468416,2263440.5263243723,2130140.794633529
2026-04-20,2873950.664516183,2549131.946859883,2261150.440461263,2252365.426699914,2123538.3692526557
2026-04-21,2878577.3766530445,2527021.6898232168,2247147.08374719,2216321.1416915986,2098839.9772723066
2026-04-22,2893639.7050895146,2531868.970322946,2273349.999802561,2209440.8831586977,2097539.018146575
2026-04-23,2920119.3466114635,2554159.0642264886,2318563.3024441586,2191244.7231510407,2113131.2964280485
2026-04-24,2934052.1675689905,2578350.7586557954,2352474.178414871,2180965.5023199418,2120130.9235812738
2026-04-27,2918186.7094788793,2571073.557824441,2318077.698277047,2176636.5949937636,2109004.575048152
2026-04-28,2877987.1487860163,2550574.1371104238,2273256.1510096868,2176110.6038853554,2103451.2672206294
2026-04-29,2928135.5154967774,2570597.6431464097,2317636.199589924,2223722.746405601,2111695.0182658564
2026-04-30,2998611.51746114,2609752.4650103585,2398118.3395790276,2221612.4964552387,2138924.84350939
2026-05-01,2982849.803100499,2605863.2165935817,2374628.4082188117,2215858.7270668996,2133058.3683078885
2026-05-04,2996031.885642089,2585446.3387688883,2397278.5258161942,2223831.1576803587,2114546.6225805655
2026-05-05,3073745.0163312964,2639266.4151125974,2468243.3273753515,2241203.994937314,2142923.155222672
2026-05-06,3161041.038530077,2700747.951684353,2542537.8367506643,2259571.0880129333,2178911.1781414794
2026-05-07,3090907.476078439,2660873.59621033,2477071.091155686,2252932.741317043,2154938.1945933565
2026-05-08,3172587.301858684,2722434.582783832,2537002.408600216,2273123.7380179404,2180752.0690460675
2026-05-11,3258337.9295382258,2749242.6559973033,2652196.177194011,2296029.191898302,2191129.010583888
2026-05-12,3182046.6208643867,2714832.673658476,2583424.300739986,2297094.7827334963,2180530.241966528
2026-05-13,3199695.543464712,2726061.6008937177,2609566.8835675973,2288994.7143357624,2182125.330171113
2026-05-14,3197897.02730294,2726260.5918133277,2583037.812975471,2277572.9050318883,2187226.7121689534
2026-05-15,3151398.0029572635,2681070.8571064137,2514008.383447357,2251940.086667776,2158571.5370350163
2026-05-18,3101960.5675960057,2679773.2110811407,2460566.2720985445,2275038.207171585,2170489.7760076965
2026-05-19,3087131.9059061212,2665784.660272354,2438083.6405798323,2269896.0660681305,2162964.121250908
2026-05-20,3114365.7985486714,2701045.804715104,2460132.3989556464,2287243.482309407,2179459.818714774
2026-05-21,3203072.685545161,2728336.945904809,2544647.571913451,2299922.578590993,2199066.7818781757
2026-05-22,3239644.4392464245,2772230.3153894735,2542595.617100818,2305573.1537646544,2227872.7802502704
2026-05-26,3368036.986036258,2829282.3434984665,2670859.3889679206,2353550.5424484606,2249114.9362357394
2026-05-27,3388942.3737306832,2829367.172441587,2673905.1365047237,2357930.8343670894,2251919.027226854
2026-05-28,3400262.569573686,2834468.6920101484,2679400.0976807685,2357864.113951729,2254648.8580168085
2026-05-29,3477731.4825136946,2874595.5502060847,2676717.7138136085,2381029.600277432,2271615.0247840653
2026-06-01,3550964.0027328636,2885581.563781635,2706729.378251245,2394224.2378271283,2273389.8797018374
2026-06-02,3591333.0262311576,2904467.1722150818,2756904.5026644347,2391431.1839560797,2282594.5163525455
2026-06-03,3644210.1840955615,2901672.652579102,2827001.4945493727,2371888.7388129653,2269520.4717072337
2026-06-04,3601161.6973973447,2903195.590460713,2786556.427598741,2378308.35687986,2278684.506526137
2026-06-05,3388247.6997194635,2801187.7494359976,2582900.590464145,2339687.488037299,2234232.4634059872
2026-06-08,3449378.0834465562,2841874.2692466015,2624019.160572138,2357206.3745428394,2247632.1262732963
2026-06-09,3428886.409388731,2839088.671515825,2609667.2730098297,2379807.7966348063,2254212.7451171614
2026-06-10,3328883.7143420926,2785143.6544219386,2510907.574373945,2352428.364794185,2225560.1143133184
2026-06-11,3497284.3237484656,2889563.4704475547,2645363.995314258,2409512.9444787796,2282376.178480684
2026-06-12,3591128.127026484,2930161.5741343442,2751391.051502778,2413429.6013672203,2305935.673335502
2026-06-15,3823733.999744179,2993455.368624087,3008354.7448939765,2451240.9306339035,2333326.0855536526
2026-06-16,3864591.9228141615,2968764.770112358,3085381.6335706394,2452429.020170095,2327713.6815206385
2026-06-17,3927496.580194732,2969011.3741150214,3152310.212535953,2453285.1732653934,2316332.244831966
2026-06-18,4012132.6996377367,3011740.274934894,3222991.90969884,2458226.761770194,2327154.007185471
2026-06-22,4004156.5680029443,3042167.895897858,3192079.711295798,2474678.9061246742,2337546.2541561257
2026-06-23,3826931.4661066285,2964981.3247846416,3021879.867952207,2436588.861912263,2314361.827404435
2026-06-24,3766288.2859604624,2956918.440611752,2937481.3097518,2435788.938870741,2308829.3300337717
2026-06-25,3882496.405035145,3019840.7543554017,3049463.572346859,2514173.5276287836,2343222.6694055228
2026-06-26,3655943.8703905703,2951120.724053678,2839117.982884852,2502503.9281113306,2318401.554782856
2026-06-29,3841817.2390467,3001311.310396603,3009300.4984846404,2523856.8990190546,2342123.248185575
2026-06-30,3839277.6864013197,3020238.8641646886,2956802.9742729957,2531354.0600015074,2343939.1085223877
2026-07-01,3707763.3724034852,2962973.0894601643,2839889.285712074,2514544.5012279064,2325210.2773300223
2026-07-02,3549329.4716490894,2923151.7705258466,2721681.6165450206,2546771.868548699,2325595.553348584
2026-07-06,3643492.0365381627,2948409.6986430762,2819924.927872799,2545869.5513497754,2334394.694800054
2026-07-07,3522719.3812468546,2901988.0966708614,2705182.8432220863,2520702.847680326,2320798.3198596016
2026-07-08,3556049.880258633,2890898.0427640434,2734494.630663827,2487047.197018539,2301593.9121253733
2026-07-09,3640865.7631375203,2928781.6916318173,2807089.6708697597,2506562.1191230305,2316399.9259922104
2026-07-10,3650195.723287122,2933301.3420139393,2815879.1235833433,2518900.4281152724,2323534.175561472
2026-07-13,3572231.5476541454,2898266.4272907167,2735698.7171977856,2517074.169774866,2310276.354821409
2026-07-14,3589467.2289417316,2917786.0768588716,2755596.039772944,2519673.4994535022,2305167.184706293
2026-07-15,3430063.599852557,2869481.985252898,2607138.3810566287,2494195.793366769,2281377.3461718555
2026-07-16,3315851.8345644353,2843659.8597746463,2470370.9454394877,2505499.198061093,2284987.5380856073
2026-07-17,3319210.1970864413,2822420.14969351,2497931.53762071,2483275.8175550806,2270862.183338797
2026-07-20,3327314.85165888,2812116.8998929067,2514306.435226925,2490706.0747083365,2262705.386080379
2026-07-21,3516322.6345746364,2889757.58360639,2702425.727771573,2512676.9876877805,2299147.639575156
2026-07-22,3566959.425046857,2912875.2779308734,2753056.4797067665,2506150.027782327,2318600.335077703
2026-07-23,3588070.8248550817,2909518.6876455764,2768333.1780724702,2530636.8311068313,2319018.5741677107
2026-07-24,3496610.270944717,2887376.7630500426,2670739.8892497905,2547194.7491369955,2323346.0927982433
2026-07-27,3440783.463203864,2884259.449054022,2623384.330759416,2566121.1445178157,2329117.1072310493
2026-07-28,3328465.2990326937,2847426.4172656895,2522517.796536513,2552847.1823544386,2319934.321905682
2026-07-29,3264688.3188504465,2777073.3500133017,2503729.866540057,2504431.7960431348,2279527.949317792
2026-07-30,3481777.085418544,2854085.150537378,2693326.1640216024,2548570.945718329,2305456.576399827
2026-07-31,3502863.902806272,2843857.3488132306,2712390.1976208985,2537108.5310211736,2303731.1013555527
2026-08-03,3487654.3177977223,2864521.2224256755,2671074.5533139864,2551969.9982332946,2316016.6611786364
2026-08-04,3608820.9502012013,2956046.2006163895,2744265.9903761256,2596911.5716559147,2371920.8271277393
2026-08-05,3536705.2842617882,2944603.693743914,2702199.8963765902,2593177.438008542,2365869.4217748493
2026-08-06,3372113.36463675,2915191.165656255,2530006.8445204613,2599755.059366915,2353412.926417688
2026-08-07,3360138.021440227,2935361.4365266534,2523575.921207366,2587943.7798690004,2367366.7458511195
2026-08-10,3374584.866649782,2931546.087427658,2558705.317222354,2591987.2905028923,2373530.8664489756
2026-08-11,3373960.125624384,2938644.1875396376,2555664.4987662868,2592056.253729415,2377328.121647735
2026-08-12,3449641.085076751,2975804.41427207,2604920.0319162104,2606882.7642852073,2396425.0090736733
2026-08-13,3536995.7883834443,3001594.050478176,2682782.516439612,2633826.834698948,2412256.536017308
2026-08-14,3581647.9732925906,3002603.2862040834,2754462.8832448716,2638888.185687498,2413491.6063245786
2026-08-17,3637677.0336755714,3004803.602839803,2843185.738981572,2631349.5753637096,2408084.4917562143
2026-08-18,3527603.71592476,2961359.573248817,2737751.400090686,2641914.981569652,2396989.7272942415
2026-08-19,3430641.721423952,2939504.9946107375,2693525.3434689036,2621462.674307191,2394282.9236926567
2026-08-20,3434484.7782084476,2919408.9531312264,2708598.626391868,2605375.796407241,2373710.7899131873
2026-08-21,3424980.2888128287,2931439.79955703,2707414.857140696,2612263.2883170447,2387379.1787745235
2026-08-24,3356797.5609154007,2910543.712697025,2648615.248589974,2617432.0333647886,2383214.9847240737
2026-08-25,3403412.8086803127,2928674.886902778,2709119.9582753587,2623087.0185693926,2391368.99448941
2026-08-26,3452354.0432789484,2939494.3723374717,2735010.313537303,2627696.992410463,2394325.011806983
2026-08-27,3435313.5292536733,2935378.8181441436,2708157.133399735,2615877.776844077,2385460.8581864866
2026-08-28,3404918.329451657,2908663.737744286,2689524.9119183715,2621919.5438333116,2373062.6695231064
2026-08-31,3380858.9866702817,2900546.5265309233,2653363.5543685406,2611210.1217012135,2363564.057639819
