Date,Simulated (Max Sharpe Ratio),Equal-Weight,Markowitz,Black-Litterman,Risk-Parity
2021-01-05,0.011827219139524558,0.012434199750817276,0.005215716708941942,0.009945059434739667,0.0098698565782247
2021-01-06,0.00294324006015656,0.01696314508357566,0.004413058142755499,-0.005682648818673641,0.014664945131487528
2021-01-07,0.012450013806486027,0.010329043967369556,0.004377348262059266,0.02116366629412525,0.008530969553793177
2021-01-08,0.002342608280958114,-0.0003204800293395982,-0.004003756259668312,0.0009761648896229325,-0.0007193791796182847
2021-01-11,-0.0026998397249669015,0.00174972317097577,-0.008504457784960562,-0.0005249014387124218,0.00012337086260538754
2021-01-12,-0.0005067034015577843,0.006773639255708952,-0.007103986144265773,-0.0009084243447415874,0.004343821644898327
2021-01-13,0.003369961784143616,-0.002300982807658891,0.005592834469937857,-0.0006625572277584313,-0.0018878232407421036
2021-01-14,0.006286297599013668,0.008116589779952665,0.005250906905948982,0.002701722704038456,0.0064076880503178835
2021-01-15,-0.010120284531336066,-0.010636787085127719,-0.009018476268711773,-0.007070229710807285,-0.00825710049478301
2021-01-19,0.016408304129490903,0.01271514478827318,0.014258298994893392,0.027026407897018823,0.011324681369576206
2021-01-20,0.0027519679331851066,0.0023097615986784614,0.01517288865693378,0.0007215798912465488,0.0031630234469679497
2021-01-21,-0.0024994520617437344,-0.005625906767052102,-0.006799500254942803,0.0031439530595718246,-0.005880051278979392
2021-01-22,-0.011576551840273619,-0.011725010599917485,-0.0058294699729806165,-0.01415326464621558,-0.010152412248422227
2021-01-25,0.00544560273240835,-0.002546020529175186,0.003958628865037728,-0.0003667165704878128,0.0007656653511436406
2021-01-26,-0.002868352688493059,-0.00520872616096657,-0.006082660676216545,-0.007262623601393847,-0.0035669005710394774
2021-01-27,-0.032403194082975983,-0.024594442373782832,-0.04818519857377912,-0.04556997228349968,-0.023262764532483438
2021-01-28,0.01084384162879437,0.016000576430946545,0.01709205124278368,0.025398888890715288,0.012878809196278818
2021-01-29,-0.013204483432159075,-0.016228380600543324,-0.009643130942388445,-0.017790878015871314,-0.015067970437188993
2021-02-01,0.017818713255205454,0.012179523723894414,0.01898761927074366,0.02746241802472338,0.010241913560500748
2021-02-02,0.016733950826345545,0.017310225535586587,0.015130474663398008,0.02250796847548453,0.01410111583191842
2021-02-03,-0.008072369705827254,-0.002734966894475277,-0.013521237303965927,-0.020468380024688648,-0.0035262124957010643
2021-02-04,-0.008312218020003037,0.013223444725985134,-0.020005298546917683,0.025253019204547478,0.010624280567893551
2021-02-05,-0.002283740509020138,0.0030946808492930966,-0.0035834257117030033,-0.004947761418649166,0.005045244903808976
2021-02-08,0.010969593335159011,0.01319947192280635,0.011103112044480223,0.019519647675102503,0.010603157965630938
2021-02-09,-0.0046669976984419215,-0.0042580766266369086,-0.006105971209686367,-0.003758451427042231,-0.00409177562570584
2021-02-10,-0.00287443438361612,-0.002251047885477142,-0.0036165329256527823,-0.004290171867718295,-0.0019318868087822016
2021-02-11,0.004864395939861987,0.0069385012242610955,-0.008018866771505095,0.03852696575940584,0.004238837889299241
2021-02-12,0.00824595984975729,0.00769410648734592,0.01231758120621862,0.010859696305144828,0.006600462971064092
2021-02-16,-0.0036936016155936224,0.00163506811447367,-0.010794908327351305,0.0014705219730546393,-0.0018644087924727382
2021-02-17,-0.00832937320678373,-0.004071188548785076,-0.011409861017128708,-0.014182767012431374,-0.0030883847099399953
2021-02-18,-0.0012689335375853927,-0.003466103817553412,0.0010820559733060175,0.004520323867825082,-0.0018696811852833006
2021-02-19,0.0005352461733809655,0.006164604938081242,-0.008860175537940274,0.006344509862982184,0.0012524779138138875
2021-02-22,-0.014079027947590306,-0.002201964753374974,-0.01150829156189026,-0.022732365797711096,-0.0019963785050762795
2021-02-23,-7.825296411811955e-05,0.000929113873621823,-0.0036453588768845524,0.010926922023553276,0.0003948266635136477
2021-02-24,0.022412555421255087,0.024054395628399394,0.013403527926957981,0.036366507257379554,0.019408697238794126
2021-02-25,-0.02531796042954937,-0.02464414132735182,-0.015272928074920977,-0.04243178139652137,-0.02083710193005206
2021-02-26,-0.002861371703839155,-0.006305905585079374,-0.0079638802091474,0.013436052526068831,-0.008815407758560045
2021-03-01,0.02238722380610869,0.025587408326105177,0.022916102544888517,0.030558880506925457,0.022115409005729836
2021-03-02,-0.0073677362984444494,-0.005198648965634822,-0.000540945340592458,-0.022852744991441964,-0.0027921627258101767
2021-03-03,-0.01424134404373767,-0.00458905713703095,-0.021549989725024088,-0.017686259590113718,-0.005702417569209861
2021-03-04,-0.019966697454168236,-0.017393831653576775,-0.014961943663922672,-0.03450242498438982,-0.015036983013985261
2021-03-05,0.024896661751221405,0.025840973778820997,0.03152451793014266,0.030910136902018603,0.025308541971170273
2021-03-08,-0.010670361493247293,0.0019735441843031776,-0.012700067798292358,-0.024347723174944158,0.002560696504197102
2021-03-09,0.016490556689330305,0.007303983209586695,0.01842274297533142,0.0352319794177085,0.005930817735498861
2021-03-10,0.004983333542403212,0.00897354976224074,0.006534258206004839,-0.015553996274060955,0.008596118106956485
2021-03-11,0.010890467182760988,0.006244719163098766,0.011736669106575226,0.0269610095754651,0.004257346367275261
2021-03-12,0.0008247413839588269,0.004779420343804741,0.0033182466600159,-0.010567931933610386,0.003877343042752779
2021-03-15,0.005697884108335716,0.00600576181699175,0.006132154951406621,0.009371166240310425,0.0077721788455455965
2021-03-16,0.0035527300316087196,-0.0003668164919793382,0.004725002525220345,0.012951966474458176,0.000782342050881013
2021-03-17,0.006185095488030035,0.011117911604133557,0.008314124271239454,0.01183264775395898,0.008801122308712106
2021-03-18,-0.015369724884895852,-0.012136134467254367,-0.01740869904185338,-0.03422033666335578,-0.010127484986307667
2021-03-19,0.0003699077574192966,-0.0013444119608110316,0.013397238050428806,-0.00802904585374642,-0.0018335933619975098
2021-03-22,0.010505619499459051,0.0016729961330999021,0.0007262388646596118,0.01505872133475128,0.003330447333186548
2021-03-23,-0.010584313749469554,-0.01718116584033691,-0.015991863786539606,-0.022602513223286325,-0.01344695024047049
2021-03-24,-0.006509020869314153,0.0020088517202814238,-0.01169984190213147,-0.004840780974881054,0.0014767028445847874
2021-03-25,0.007893666641099806,0.009390865337710164,0.006151416042405877,0.002773936653043263,0.007779055646477406
2021-03-26,0.02720477586366754,0.025148950462719144,0.021663130123900975,0.04250133460202532,0.023999753759287312
2021-03-29,-0.0032990976701485764,-0.0037657404635218494,-0.0010798714348360106,-0.007701357999762903,-0.0012307647888886164
2021-03-30,-0.0030232362793111145,-0.0016743254346357483,-0.002370090709895245,-0.004689084799476606,-0.004032341527500205
2021-03-31,0.005644178716003312,-0.00026872472059902286,0.0056413742876939565,0.017778089378804207,-0.000798496216044775
2021-04-01,0.01667184320125603,0.014020126055101167,0.019914648150058722,0.03624272005241713,0.012145945309507855
2021-04-05,0.014070947110228937,0.011362533835563182,0.013691230958518652,0.01449060294099036,0.010846204510524649
2021-04-06,-0.005360323800530309,-0.0035357737489766228,-0.0019712588051948865,-0.006774986044117082,-0.002942805780396407
2021-04-07,-0.0016843133793222886,-0.0020797009829123247,-0.006513147831263666,0.0015876169953388253,-0.002543557955153264
2021-04-08,0.004934924347016256,0.0037427794615658705,0.005433125628028668,0.011496926726157763,0.0030352189217313086
2021-04-09,0.0012322303551033364,0.003938574082109847,-0.0013498498477373388,0.003035902656345124,0.00318047452884751
2021-04-12,-0.0050542261287416235,-0.0022844702129640737,-0.001135062893078076,-0.005283753177435124,-0.0020484185574611846
2021-04-13,-0.002899055556236596,-0.005040914171906663,0.006196437398878096,-0.00722983088965401,-0.0034997472096602866
2021-04-14,-0.005056009090476876,0.0011037217950307099,-0.01029058385454007,-0.008428196242684649,0.0005013760147039026
2021-04-15,0.011699280666985556,0.009220911318701619,0.022816952336506047,0.009880544566654326,0.01063498253396511
2021-04-16,0.0048725281056380965,0.003958043409307388,0.0034618716601455546,-0.00034972828279766777,0.00510703951547975
2021-04-19,-0.00945381166476944,-0.0056751673261856705,-0.012811050659553014,-0.016020754968252282,-0.005282091551704893
2021-04-20,-0.006338354680666014,-0.012158019645336582,-0.004933647113014472,-0.00955245239616842,-0.007817266038138926
2021-04-21,0.01483975538862059,0.01540501126794358,0.010090288650343782,0.02095093946104276,0.013430005513138887
2021-04-22,-0.012967518180838855,-0.011465989699203982,-0.011767325941603235,-0.020123601997223073,-0.01056018164919903
2021-04-23,0.008272464062283547,0.008242180568008184,0.008718545367386588,0.015177621777336725,0.005265122721453519
2021-04-26,0.004178825505056549,0.002737274917681498,0.0006049575611142277,0.007886812008928379,0.00022687547314337309
2021-04-27,-7.393646003639454e-05,0.0012868385815678618,0.005183195239735872,0.001750300214351519,-0.0004899774968405435
2021-04-28,-0.00564287865442592,-0.0031399626577772732,-0.004337237847295672,-0.01063109064565304,-0.0030646759303943893
2021-04-29,0.014311636168337083,0.008807568631458595,0.014369313051891819,0.00932016901184185,0.0072787003785603765
2021-04-30,-0.011837862723391046,-0.01091133681924028,-0.014733756595858849,-0.018474529079735458,-0.009263525358841118
2021-05-03,0.0028037069899873313,0.0072495127888434485,0.015928321301067916,-0.004996399027731635,0.008670572198157922
2021-05-04,-0.008792914300026045,-0.002084523478351419,-0.01368965063551364,-0.010981691112934233,-0.0018180066981616783
2021-05-05,0.006253428119337157,0.00857702290417306,0.018408954852283665,-0.00011341300754852401,0.008152093048585662
2021-05-06,0.00971419172996435,0.009895466726805413,0.023766864653169018,0.0039572306734614315,0.01000094301459753
2021-05-07,0.006979123718258595,0.008291957011524076,0.007981772772840623,0.008666273483296072,0.00685058818987927
2021-05-10,-0.019354459520689926,-0.010886583362929358,-0.02144902469921728,-0.03714699203445515,-0.007091018713238917
2021-05-11,-0.006105265917673464,-0.008970585434373346,0.0024641785101089386,-0.002033710454905857,-0.008404797334126468
2021-05-12,-0.02497069708251054,-0.02502461853647664,-0.020028198968807254,-0.03645150985562862,-0.02195161091595499
2021-05-13,0.017016071948661837,0.016824120073367643,0.017342671302099433,0.01693163498561656,0.016195663874436494
2021-05-14,0.017211803590281516,0.01752032400097625,0.023795688015469496,0.02420426212530513,0.014795407470858057
2021-05-17,-0.0007841920989322126,0.001363076571487154,0.008188600537514912,-0.0033925691669681735,0.001994505375533917
2021-05-18,-0.010670636673385192,-0.012672504876079738,-0.013448333914528265,-0.010280984286257011,-0.011270324027696121
2021-05-19,0.0024517350252024617,-0.0026338402221360857,0.00024375371816609537,0.008162067943206175,-0.0027478864211734066
2021-05-20,0.012606158241303511,0.009921083664303998,0.00850317928546862,0.01894362459853105,0.009599103012753796
2021-05-21,-0.0010560670929367078,0.0027698016587589525,-0.0027587593994359283,-0.0039770656974921215,0.0014320743478384301
2021-05-24,0.010503004918317238,0.009274320340188602,0.009540809519162252,0.019657145562627543,0.00739586631931477
2021-05-25,9.176444493608216e-05,-0.004143048212131628,-0.006424911641768061,-0.0024733923085891174,-0.004503417500327123
2021-05-26,0.0009985711188049695,0.0024373387971001748,0.0067458002601441525,0.0012319093183075225,0.0014681998386225636
2021-05-27,0.004858805488373141,0.008067258928812437,0.007765688998456977,0.003861495327003306,0.005669515923928836
2021-05-28,0.0009713062226610614,-0.0011356193507789936,0.0024225671992246234,0.0023090646595269604,-0.0008285414712438932
2021-06-01,-0.0012022148827834922,0.003759791452705441,-0.001821091745941139,-0.004735661968477856,0.0006318199501373911
2021-06-02,0.0025250947345873964,0.0017301054433582763,-0.006459551104555761,0.005886757492264971,0.0021303059047390605
2021-06-03,-0.0026596760788694107,6.394204226167766e-05,-0.006390683240263151,-0.014178926414799897,0.0003571923675689259
2021-06-04,0.01048411731125154,0.007688367422625353,0.006651760707715004,0.01745170657716999,0.007650618842167667
2021-06-07,-0.0033257812653935126,-0.004610758336481502,-0.002482958191267981,0.002003766822269437,-0.004145503755236257
2021-06-08,-0.0019349453951984508,-0.001110633262379368,-0.0009602070009665509,-0.01303012761703859,-0.002183071715674334
2021-06-09,-0.004615645563678106,-0.004861790521312859,-0.005317664244082421,-0.004474038499427846,-0.002765251638979005
2021-06-10,0.006199324216841218,0.001495952641358933,0.004096688688837391,0.013965805162783562,0.0033034941634801918
2021-06-11,0.0018205346766040353,0.0026250609209390596,-0.0019447696487625565,0.00405680996687896,0.0014169247238795535
2021-06-14,0.0039059827591259033,-0.00297332626031932,-0.00020540419153913803,0.011308547262894209,-0.00243258185367512
2021-06-15,-0.0022897043444971565,0.0015927183226758235,0.0004988555080602808,-0.0007867901790533649,0.0005549429018132379
2021-06-16,-0.008884796889076174,-0.00808008475745603,-0.008501688798503992,-0.013904362207203591,-0.0080287927493351
2021-06-17,-0.004181987562218548,-0.012676324443248732,-0.01908838384382472,0.005611422202406402,-0.011178106804182297
2021-06-18,-0.015774523280501995,-0.01914826082843346,-0.013218034400863221,-0.020131614017364408,-0.01763686552669308
2021-06-21,0.013013881921418502,0.01752955104198528,0.013128171925540055,0.010904783075670332,0.015853667000217175
2021-06-22,0.0031628177878566532,0.0012826529639771156,0.003919561609352584,0.006817662841679173,0.0009842915280946496
2021-06-23,-0.0016692293994229335,-0.000810159320174253,-0.0022202188153622737,0.003294310879744078,-0.0021985860103354016
2021-06-24,0.009211324943663168,0.008592972081369332,0.008831761383719883,0.012970389757867684,0.007491952209240038
2021-06-25,0.0016131394914393749,0.003579612434905677,-0.00844396614218057,0.005651663769864479,0.004351635635975404
2021-06-28,0.004089743941874779,-0.002080756329093436,0.004181222041396593,0.006336514212705646,-0.0011332311851568466
2021-06-29,0.0036066615192420493,0.001721179922064664,0.007369228610321743,0.0029080083392127865,0.0015703469261469927
2021-06-30,0.003977135846386259,0.0045897487679102955,0.0034132887821918256,0.0028522066856528916,0.004671883798775367
2021-07-01,-0.00401960860493733,0.0001572769405036034,-0.003499331361063729,-0.01909547562269487,0.0005221216569146758
2021-07-02,0.005319904373157769,0.002682150189887267,0.006847344367342023,0.0070138508528672094,0.0034896127486621076
2021-07-06,-0.00628097510560488,-0.010035016162728838,-0.0030759431317526342,0.002425997837423477,-0.008427090232981382
2021-07-07,0.0010507116185791698,0.00177918452693282,-0.0009563745863697681,-0.007602345431315882,0.0026189104065625912
2021-07-08,-0.008926798148074178,-0.010513847650023389,-0.008545736450092933,-0.010448576729266024,-0.00974697254695056
2021-07-09,0.012016845759140082,0.015956401186225655,0.010151731237710404,0.01069072250234182,0.013470506860415732
2021-07-12,0.0028064059388486218,0.0032446352706363424,0.0032611949038001686,0.003642835057658278,0.0016045036641751942
2021-07-13,-0.004774576262817298,-0.006335054860000522,1.5619124204890866e-05,0.0009170644139955275,-0.005093090237403564
2021-07-14,0.004257714290025305,-0.0019557093999948982,0.00378707299310177,0.00394520323951375,-0.0006010173852172285
2021-07-15,-0.004833263576775493,-0.0037336179362643662,-0.004086650871051645,-0.007217769449704758,-0.002458695541373457
2021-07-16,-0.008402470602066558,-0.012305606355790477,-0.009687871293350359,-0.014355990973428101,-0.00960913202238134
2021-07-19,-0.01214508834171757,-0.01789348257764123,-0.013632157791046207,-0.014042677364416778,-0.015549978188568958
2021-07-20,0.008798359339156736,0.01654601329667016,0.0024414765307110287,0.01647659819337366,0.012757040123956065
2021-07-21,0.009659976203412857,0.013780145683739198,0.004504345768451268,0.01823687289860465,0.00996725176420643
2021-07-22,-0.0031480681787504627,-0.006138937531614319,-0.0011395715241253601,-0.002453844863690602,-0.004943635474522479
2021-07-23,0.007631053845863267,0.005339727300778474,0.002245121113752413,0.011084691389705137,0.0058456740696009035
2021-07-26,0.0020031213825115746,0.006099581063528259,0.0012821264921680786,-0.0011820937931188435,0.004800919412529359
2021-07-27,-0.007159085939283605,-0.005218087354458167,-0.012990511798823379,-0.012384720554143858,-0.0035374142402178066
2021-07-28,0.0007534154137394111,0.0015810200672552455,0.004493928439125661,0.0048101812666707655,0.0006724644401714386
2021-07-29,0.014278650984239194,0.01013496273054959,0.015731740315783282,0.010948508997001616,0.00857210584985868
2021-07-30,-0.002534378625042799,-0.0019800087610458705,-0.0043833269205239,0.01372068307762353,-0.0026324532337420603
2021-08-02,-0.002833452792295854,-0.004000495668966875,-0.005704738053834646,-0.00676580463584131,-0.0038027059835511468
2021-08-03,0.005011035291619059,0.008956629513721559,0.00391451051101166,0.007913717037379753,0.00890103611341786
2021-08-04,-0.007029772047651761,-0.010036375562442856,-0.011961066720308056,0.007369947025556378,-0.009953189781229832
2021-08-05,0.0013133480227991434,0.005108418061099851,-0.004556005799726148,0.0038985725420908057,0.0039168813956445
2021-08-06,0.0016904982167185167,0.005302444623956237,-0.0051723452998183594,0.0023900970788233167,0.0031202599240798268
2021-08-09,-0.0015388925742519932,-0.004469991011382679,-0.003947258998815872,-0.009806640672594735,-0.003926834101185661
2021-08-10,-0.002359268901422018,0.0032734894821284666,-0.005378004818125337,-0.02189333213918443,0.002669942753493304
2021-08-11,0.005376285443839501,0.006393736752720924,0.013148021308165614,-0.005190572559064521,0.006327224921524488
2021-08-12,-0.003065569751720898,-0.0041376164821639305,-0.002455055652521354,-0.022529623920046093,-0.002696159480454985
2021-08-13,0.003507342879750519,0.00045274048113896903,0.005561162041750833,0.005180985736038091,0.0015525174114501272
2021-08-16,-0.00017706058164423943,-0.0003667435358235549,-0.006162939124060185,0.004333748441773588,0.001034092583927615
2021-08-17,-0.010823247271305236,-0.01127876651325388,-0.009334433167654699,-0.0068954401477857585,-0.008294348756367809
2021-08-18,-0.013317675899384707,-0.011044520622689569,-0.01710459298160205,-0.012331384616386942,-0.012154280007567353
2021-08-19,-0.0014814038924335637,-0.0064095068160944235,-0.006118792144911511,0.004873612725025289,-0.003725648152241634
2021-08-20,0.0039793922123378955,0.004793861882828043,0.003027507772118243,0.0008095840562056811,0.004491536385968553
2021-08-23,0.009228140182256928,0.010010393513997018,0.010864840296436418,0.01801273444217344,0.008232907955944224
2021-08-24,4.905136168442681e-05,0.0022648944332170906,5.633016124306778e-05,0.000494331504736989,0.0006036171599232976
2021-08-25,0.001102728859385893,0.006027659928449669,-0.006887138367421164,0.008071227060782782,0.003290033020873606
2021-08-26,-0.007412274543537434,-0.005657851829798721,-0.011130713555834948,-0.008546632942281529,-0.005056061592822347
2021-08-27,0.009849500539517164,0.010242510433630558,0.012387216008684643,0.015061248435576324,0.008211925774950446
2021-08-30,-0.00025211280254455737,-0.004477571632884647,-0.003885494271686718,-0.0015751973225409666,-0.0025336072223612893
2021-08-31,-0.0001467691586086728,-0.002130020023135004,0.0012356221522391575,-0.003080687551088368,-0.0013207893657933845
2021-09-01,-0.00038787254480709965,-0.003126261710699074,0.0021337059154633575,-0.0007241933846446891,-0.0023166497278570564
2021-09-02,0.00051720873684169,0.0022039748329627518,-0.0010169438588264468,-0.0028858891888037252,0.003219691972094818
2021-09-03,-0.0023507297338838384,-0.0033711624754330094,0.0016924416921291208,0.003623108213836268,-0.0024114432136471686
2021-09-07,-0.008561171488757457,-0.007216185604020819,-0.012266664959303286,-0.0018978188905443005,-0.00854983620662142
2021-09-08,-0.0018921287356329364,-0.0035744108912834083,-0.006801302862835645,-0.0034383682734595578,-0.001607187797229459
2021-09-09,-0.0036465181549333314,-0.000879148154780629,-0.009238335530883934,0.005798837450815997,-0.003138470010536798
2021-09-10,-0.0017008137677534396,-0.0020648288894030697,-0.002312099965611547,-1.8687003976447514e-06,-0.0024384263889644098
2021-09-13,0.0043749258889962395,0.008342007026405751,0.00338835815700933,0.002357796229927711,0.0066368169482433625
2021-09-14,-0.007909556604126955,-0.009054725523724216,-0.011577076348500026,-0.0034809276761903485,-0.00763160998065382
2021-09-15,0.0023885595727071163,0.010372784366246668,-0.006040622649093996,0.012203729073286373,0.009026803490324031
2021-09-16,0.0008873217298028813,-0.0015344373437319314,-0.003052581642917218,0.007081312221093539,-0.0027494575515479847
2021-09-17,-0.012649796522239076,-0.008260943602230841,-0.014163946638636848,-0.01092365247769278,-0.00749545265622531
2021-09-20,-0.013826649568693838,-0.01781369683885614,-0.01612959357305699,-0.02135098565107707,-0.015742361594609844
2021-09-21,-0.0030342610638617318,-0.0037925403791477796,-0.00032460604262085635,0.0004626758763044414,-0.002784510505354776
2021-09-22,0.005499501614512958,0.012560180655754927,-0.01137533131390922,0.008541392337318321,0.00928828162078954
2021-09-23,0.011530736710290812,0.01721566277342612,0.006832749565141905,0.013840305584518209,0.014395328395102158
2021-09-24,6.846780762215232e-05,0.0019382970744439287,-0.006602360216972025,0.0010500079230804094,0.0012439203268446164
2021-09-27,-0.0022508111243638718,0.004579607978673517,-0.004775518777733856,-0.006462047029066942,0.0020531184822838444
2021-09-28,-0.020111219881398523,-0.016367768750495282,-0.011096065945036093,-0.03445595711867899,-0.014012466466006623
2021-09-29,-0.0009406227839412473,-0.0031251087740677974,-0.0016567190572901458,-0.011374398582384093,-0.000942031853384151
2021-09-30,-0.011557166099750216,-0.013503281845510418,-0.0005589884143073487,-0.007333330389575954,-0.013201662055919439
2021-10-01,0.006760753318499013,0.01359578671334738,-0.0031351521172704455,0.01022928346474683,0.011098385441169478
2021-10-04,-0.010512588492450181,-0.0075911795190369835,-0.006638842579783977,-0.022006452795411025,-0.006646691992462039
2021-10-05,0.006956471975509748,0.008992565572398581,0.003881149897297931,0.006106313759821846,0.006781176596185601
2021-10-06,0.0015497720660386793,-0.0011638154595127181,0.0019452129785395567,0.0009937723861443981,3.675059969765471e-05
2021-10-07,0.006088987548944935,0.009077703961698047,-0.004816545009751483,0.011494481745485174,0.008736349441906821
2021-10-08,-0.0030274648894432765,0.0002710680115081132,-0.00819496226212535,-0.005715908167940542,-0.000598613893152522
2021-10-11,-0.008075313167587472,-0.007037117536360715,-0.01725262061521249,-0.009241968275864876,-0.006671829141640995
2021-10-12,-0.005927563783958867,-0.0054046948894037605,-0.0021046765736847384,-0.00910792992143361,-0.00516817954915616
2021-10-13,0.005592725409439225,-0.0008049475882206947,0.013959086138756405,0.002218633031334738,0.0010867465140327326
2021-10-14,0.01948175431926491,0.01641510103858934,0.023796108361702872,0.021939461368055913,0.015923078306682603
2021-10-15,0.005351445913946318,0.007824229329936205,-0.0030236205077279754,0.006752858922920657,0.006247291466943361
2021-10-18,-0.0011341389336401164,-0.00018053319765176656,-0.004492994185840371,0.0030378240283632785,-0.0022171043814503966
2021-10-19,0.008705187000247916,0.00746459510725872,0.011329533311681184,0.012142015041382903,0.007999949987070432
2021-10-20,0.003880201117963278,0.005072825766642808,0.010390900416110682,-0.004411096147492577,0.005206679482115284
2021-10-21,-0.0021039174265862215,-0.0023956227304082756,-0.009413221896088064,0.004054805773362702,-0.0019789085969915687
2021-10-22,0.00040575989493030207,0.005779270647362056,-0.0006004302215185664,0.005883543844108052,0.0045936716177366055
2021-10-25,0.0002526149577835035,0.002446786648805599,0.0017942768426237876,0.006547860055218013,0.0019327014253844865
2021-10-26,-0.0018136687005573249,-0.001793666137057004,0.0024687001236345374,-0.0020960578189421764,-0.0008924130887770776
2021-10-27,-0.011118560745590478,-0.017754924700323027,-0.003774364616520476,-0.020504307512870024,-0.015795695053663295
2021-10-28,0.008434055707068788,0.008422432528260915,-0.007490525394367231,0.008674785046386635,0.007280772171354366
2021-10-29,-0.002460840986621249,-0.0009118825692825405,-0.008127012187306049,0.011363557861406637,-0.0018538482489373065
2021-11-01,0.005409475500348426,0.007499987644997486,0.006818938925004403,0.005202464009998131,0.005918151960336404
2021-11-02,0.005256894346950425,0.004598516461403079,0.0025284837006627203,0.0014243835012499595,0.004918863083442249
2021-11-03,0.012719518414273878,0.006531157408659949,0.02719355949486335,0.007281564895829096,0.0069110110316006335
2021-11-04,0.028089556964506768,0.006777316461300087,0.03694855373034778,0.021905800093337868,0.005417442195560618
2021-11-05,0.01381768731607158,0.008886220873292272,0.016205762557247372,0.012546650846187557,0.006282342398154839
2021-11-08,0.0034342337964492486,0.00041462594633112637,0.004986735901881811,0.006267209231031856,0.00034165425912835445
2021-11-09,0.0023787527442664658,0.001742807543698932,0.0022619788993509804,0.0018724558399545455,0.0015079385817196034
2021-11-10,-0.012557998912204105,-0.0060876435609068524,-0.0076928077302237385,-0.01706546703936951,-0.00283751874926641
2021-11-11,0.005655332448179173,0.004268496433752489,0.010277056992003208,0.002922144046447084,0.002476710850891628
2021-11-12,0.007523100838779051,0.008226851400622293,0.002380463965530266,0.017165503709165586,0.007051520173984693
2021-11-15,0.005914301638189734,0.0009264797884700471,0.004536207605138287,-0.0006083294450049959,0.0010683525714076936
2021-11-16,0.01761684473590086,0.0034082680613476413,0.021199008925944396,0.012984713337822695,0.0031220032181418222
2021-11-17,-0.0018022691385293221,-0.006505664186553517,-0.0054001673227813685,-0.016137368761685478,-0.005402237908134433
2021-11-18,-8.24309425807579e-05,-0.003482615105230402,-0.0011121870264588773,0.0031251786889401334,-0.004145754431330473
2021-11-19,-0.004696485603195133,-0.008530719798657604,-0.009360122181010455,0.01105253240827797,-0.00638757028171677
2021-11-22,-0.0047109239754470345,0.0008677492311797153,-0.008389493109135504,-0.01651167573116452,0.0012081124995626524
2021-11-23,0.002765683757049553,0.0063949540131484905,0.00029549148111795986,0.008338090357991046,0.005552338831075199
2021-11-24,-0.0009599372412146812,0.00023008271579683104,-0.005171674074801458,0.009955037620388296,-0.00016025683977016758
2021-11-26,-0.02202945639238607,-0.02493554440627077,-0.013443372463511127,-0.02717238518165277,-0.020831739294259966
2021-11-29,0.02071248611747256,0.009112912804050799,0.013402164546986617,0.026149604988194852,0.008080361767135225
2021-11-30,-0.023000462286677292,-0.02495683825432904,-0.026678270071782584,-0.02106491597897575,-0.02418410856037445
2021-12-01,-0.007835298520653344,-0.0072909691600460125,-0.018942971748501458,-0.002232769665534984,-0.006037844292980377
2021-12-02,0.013237473130413013,0.017565427425732638,0.015588661910183932,0.0018254255575167466,0.015524575823086861
2021-12-03,-0.0036715241578098023,-0.0021356364595377375,0.015466580707852007,-0.021745303928030202,0.00022799534491979578
2021-12-06,0.011399835178274254,0.0145563194796281,0.013210566254142853,0.01193831871767892,0.01402264670162845
2021-12-07,0.023021313532938237,0.020015341384555407,0.02157438246931509,0.038646587466780735,0.016120492720950397
2021-12-08,-0.0008514553111582668,0.0009401904107728676,-0.007151146670191122,0.004800750803618081,0.0009603361313492709
2021-12-09,-0.0064595629781044606,-0.005614406442628672,-0.0025111338338845712,-0.01491592031371436,-0.004273299732005298
2021-12-10,0.010099433267892977,0.0076408315412257455,0.005603293232968598,0.01150753523299386,0.0075644747054082195
2021-12-13,-0.005722287883716426,-0.014539505442594303,-0.000789199071625335,-0.011589314239493276,-0.009376537716395461
2021-12-14,-0.008588118932151723,-0.005036219015296606,-0.0017228362668183506,-0.017915683667840687,-0.0050895164360375
2021-12-15,0.01803717736450161,0.011097815021646307,0.0077581433456812565,0.022341479216182236,0.010067396907139647
2021-12-16,-0.01762256565120912,-0.0010549255228735621,0.003071261459597796,-0.030139403789194885,0.0027886748237244685
2021-12-17,-0.010234782550839983,-0.013087681435070109,0.006993213059921732,-0.008930204271886177,-0.012056982688897766
2021-12-20,-0.007890037082768586,-0.013435911932122346,-0.008123735404835908,-0.014281243969143542,-0.010904613078310255
2021-12-21,0.016999234985094036,0.021694284551562193,0.012954617877958485,0.04995155159552378,0.016398772266091877
2021-12-22,0.006564054046518386,0.007574479119283106,0.001325490858270495,0.006826085530419634,0.00731674228615109
2021-12-23,0.008232715344953734,0.009491818364464777,0.008003926082369217,0.017281166149688332,0.008275252173638448
2021-12-27,0.013781655821837768,0.013128100242295604,0.0074330886694944365,0.015977661551751732,0.012353497383568612
2021-12-28,-0.002034519787958322,-0.0005437218856153558,-0.0027814367078039526,-0.01070067996174262,3.381201583829707e-06
2021-12-29,0.005119289626683843,0.004236673254343959,0.0032262300581673564,0.010585519753150363,0.004413298764546436
2021-12-30,-0.006471391435732943,-0.004508719281402618,-0.003502036541310205,-0.011009047233925484,-0.0034046200269330917
2021-12-31,0.001097809783456416,0.00063162971685915,0.0007725375012133107,-0.002532150498459673,0.0007208619571863473
2022-01-03,0.005331117794334483,0.006404022679405319,-0.004007799464464279,0.011238743646576621,0.004114858881052896
2022-01-04,0.008127912249807023,0.011938501023091241,0.0021714499866336556,0.008824002892047211,0.00906670969126222
2022-01-05,-0.01150019291238924,-0.009013147916359876,-0.0196010300748114,-0.009522977711927894,-0.005260770034921758
2022-01-06,0.002351468294422787,0.0008325799266417633,0.004595057567486016,1.4956466816595793e-05,-0.0010199448313725767
2022-01-07,-0.001665890269761161,-0.0020603907409482147,-0.004102075295134733,-0.0025598062672405053,-0.0005920780780211965
2022-01-10,-0.004117423657734154,-0.004190369699569985,-0.008535608865460897,-0.002591223718492186,-0.0028885511540491793
2022-01-11,0.008959377253029865,0.00921599943622331,0.011659887530995672,0.006629040621786153,0.005834095835522746
2022-01-12,0.0021836525552139108,0.0018287996423551611,0.0024173781448126874,0.0026176209816040075,0.0006106670387238111
2022-01-13,-0.004695186513468674,-0.0023024847858859054,-0.007214315841089891,-0.004172417939856787,-0.0026078719923156024
2022-01-14,-0.0003695005309332089,0.0008269991921689979,-0.006893514746107665,-0.004779185633823513,-3.4519209713312904e-05
2022-01-18,-0.01972827997177895,-0.018672457903945783,-0.020867035522833643,-0.011843667170995165,-0.01416348596371797
2022-01-19,-0.011283064703001444,-0.012128037778260325,-0.01095561282967461,-0.00903945474859591,-0.00698999885861995
2022-01-20,-0.016403266241117098,-0.013977507359338226,-0.02552764171925259,-0.012363655155514519,-0.012140430764159604
2022-01-21,-0.012496353834846818,-0.013292235936132601,-0.009437367684079878,-0.012247238617749567,-0.009198114536449697
2022-01-24,0.0032500203570589026,0.0027951419205756167,0.01009422089812495,-0.001411222484035024,0.0006060398715683757
2022-01-25,-0.0011044101578669974,-0.00442508605477665,-0.0026143917083005785,-0.006921161294931699,-0.003391034934597137
2022-01-26,-0.006657804515740162,-0.00833497491300561,-0.017117576857895944,-0.00153717965071698,-0.011908548524658058
2022-01-27,-0.0038184306840366444,-0.005831072952548921,-0.003783151047379474,0.0026263094168348378,-0.00030866670798901374
2022-01-28,0.013362740598466427,0.012843584194157653,0.01587570814331496,0.026961603360273756,0.013434118191246514
2022-01-31,0.01626506031177488,0.016052696521187793,0.01929608985416431,0.01118664949811854,0.012029428022695798
2022-02-01,0.009685822101761499,0.010577897512380252,0.007263980377274271,0.009346619800014722,0.006935728902714544
2022-02-02,0.0088558506385914,0.00820351904869776,0.00043916164350688014,0.005574880480389233,0.006693998081483077
2022-02-03,-0.009310543052410636,-0.011959729977953804,-0.010894152851311678,-0.01007906091066213,-0.00892061254157328
2022-02-04,-0.005436023789575195,-0.00598839245462135,-0.009978150387483509,-0.005015390251954188,-0.007733427278482141
2022-02-07,-0.0024076742373668747,0.00018077256851234402,-0.008079754392210425,-0.0021539299296490233,-0.000154371680869958
2022-02-08,0.009932863249282109,0.008316096949138041,0.012394283496974356,0.006249973451045943,0.005816691267043428
2022-02-09,0.01349146927985978,0.014401735775920299,0.014247437202933533,0.008683320305492792,0.010369230764345039
2022-02-10,-0.016190089142209207,-0.016692973718321347,-0.02107349917527257,-0.01719791446098562,-0.01696976338817402
2022-02-11,-0.011647157850280143,-0.012688012404693194,-0.00941642593359504,-0.007934577212182603,-0.008371701518634977
2022-02-14,-0.010318064153117867,-0.00626339932735287,-0.01256599219928578,-0.0053109854269592915,-0.006115819740645678
2022-02-15,0.015569795829134758,0.01687754069800551,0.01416857987144371,0.011942217635291463,0.01161315941805574
2022-02-16,0.001848952686545724,0.0019119258754864976,0.0005278273977338266,1.3816617594697433e-05,0.0007157768378194262
2022-02-17,-0.01624179766900191,-0.01614205160195692,-0.015192103812755264,-0.015188621942041292,-0.01171153490858623
2022-02-18,-0.008561627265956107,-0.007946582223410492,-0.00485695498093508,-0.009427205545137651,-0.006037383185595435
2022-02-22,-0.011393088079624802,-0.010614699546231399,-0.01249931921083769,-0.005377470177211574,-0.00945023573970194
2022-02-23,-0.010087485867974477,-0.012967062099450755,-0.008933167165592115,-0.012308971764896093,-0.01037554582938327
2022-02-24,0.0006953128499025407,0.00237948556987444,0.0018525370259943053,0.00044035360963134984,-0.0024496560996275507
2022-02-25,0.021648281700572092,0.023121215849222887,0.02600893047020536,0.01750067268350919,0.024566108265226205
2022-02-28,-0.0035651550344479865,-0.006003468426432623,0.0003695318999741293,-0.008443517555826396,-0.005649179802586279
2022-03-01,-0.01291106440710299,-0.01835463331544318,-0.012628649790513369,-0.00943795880789089,-0.01243758338347567
2022-03-02,0.022706067750611236,0.02044225981338399,0.026117992055946893,0.01625677924494262,0.017082841258227344
2022-03-03,-0.004789127963889972,-0.00506034787462617,-0.005784580760748503,-0.0029769788608206005,-0.0014714450139259316
2022-03-04,-0.004805357616814554,-0.009009960953967888,-5.297842602791647e-05,-0.0058156577172262525,-0.0028943361144457835
2022-03-07,-0.02146668777888372,-0.027132109801533466,-0.019961350202924,-0.022923317080355554,-0.01966858851026132
2022-03-08,-0.005541153762838924,-0.0034250303735928744,-0.006191309296722514,-0.014421434267005262,-0.01034703369796297
2022-03-09,0.01753666735312076,0.021312948987643576,0.01377556891542886,0.019459613437242673,0.016687519228411274
2022-03-10,-0.004958963830139718,-0.006495384591206799,-0.002377637862977733,-0.011484022574709596,-0.007673210244850015
2022-03-11,-0.0082904394559562,-0.009247945605130314,-0.004830274369161391,-0.013513543896938374,-0.009520305099659288
2022-03-14,0.0010240045117546615,-0.0037163955232948354,0.014298274392825494,0.0024487749616681764,-0.0010183309933702311
2022-03-15,0.011564790761443566,0.013042950032245093,0.002998203598760796,0.015643401592174477,0.013198172339615732
2022-03-16,0.014321391455159205,0.018831880143025836,0.012126148856097974,0.012999428785038347,0.011073501279466269
2022-03-17,0.008247462369457725,0.009206054317279833,0.00742859522492334,0.009411100456143906,0.008765322239342455
2022-03-18,0.005784192110144248,0.004981745967412188,0.0069735093534752934,0.005323582178040409,0.002226434359495988
2022-03-21,0.0010860369320624397,-0.00020671917643988458,-0.004088943671783585,0.0004037997882466726,0.0016936293805587255
2022-03-22,0.006682360832607648,0.008064504120200988,0.006602081229932777,0.008940522277378182,0.006983585175071028
2022-03-23,-0.015663406977183936,-0.014880068705161342,-0.02353499634595213,-0.017524348034855697,-0.013252929879475461
2022-03-24,0.009666490152651308,0.012140432021385372,0.0037506037414984927,0.01078360200133388,0.009227906755888693
2022-03-25,0.004664954067652216,0.005448051779014529,-0.003915262569242128,0.006338930667823206,0.0064523889028222925
2022-03-28,-0.0022161293905221813,-0.0010062942415050014,-0.0013791082615185468,0.0021778261746014937,0.0002697640581326155
2022-03-29,0.011578402447815606,0.014923282002538452,0.018461119466747,0.012796237271391897,0.012237320047827183
2022-03-30,-0.006612091184493352,-0.007459029157398156,-0.010884900337897907,-0.005774179240474853,-0.004321844484706627
2022-03-31,-0.018740650080997456,-0.016113387582360916,-0.015666086089675235,-0.01113272291882994,-0.01346696355555399
2022-04-01,0.0017851301450138024,0.0018786144662945592,0.006656129053585813,0.006319138994124174,0.005353150718645727
2022-04-04,0.0027447812477681133,0.003430948366786035,0.004917379999314742,0.005535998704687017,0.0022742345885831128
2022-04-05,-0.007938012696971142,-0.013640408231934686,0.0011008928533133844,-0.007790243430394694,-0.008850277512150617
2022-04-06,-0.0025884095086547987,-0.006030871044597208,-0.000768858622194224,-0.00694786486855814,-0.0018873467724859205
2022-04-07,0.00890290040369579,0.004930430906278982,0.00788725780683408,0.004389565410670704,0.006389993944727612
2022-04-08,0.0028240410841933183,-6.0176931915290055e-06,0.01216650034318656,0.0005955897700069546,0.0005604396723550842
2022-04-11,-0.012074295088369102,-0.008109976204371705,-0.0169291535751267,-0.008216187827034926,-0.006350539709454539
2022-04-12,0.0007880358928635811,-0.0002703670749727438,0.001551755781120434,-0.005467008532047735,-0.0013028562000192423
2022-04-13,0.00885555693378448,0.009822576388868853,0.010701755474658015,0.0033018379045086643,0.008285277218439635
2022-04-14,-0.00670750496014394,-0.0059561607021375584,-0.007346442123466468,-0.00756645380019505,-0.0047655495140759285
2022-04-18,0.0007692950998949843,0.0023321409130812043,-0.0017553667914150806,0.0005986552821628521,-0.0011861120845602091
2022-04-19,0.015511191826939497,0.01516576152951532,0.016500724358475383,0.013899806764263278,0.01376857428164846
2022-04-20,0.01004683040876908,0.00817972199379402,0.012083396300701432,0.007335830168566426,0.009063975494026044
2022-04-21,-0.013206409355673077,-0.011506471998649292,-0.01465616966399197,-0.008997276625449913,-0.008761091301276114
2022-04-22,-0.023284876666785692,-0.02224220677521438,-0.030022572142632153,-0.01882318117342685,-0.016758791948399354
2022-04-25,0.002571278017113876,0.004456263260287363,-0.0009442013881930666,0.006522829092563409,0.0059019497496091144
2022-04-26,-0.018525574360857333,-0.023872115861541032,-0.015423815141184072,-0.025071755034145604,-0.021089060934524784
2022-04-27,9.003234120297243e-05,0.002081669598653191,0.002685900856496337,0.010027051795007624,0.002543201065791534
2022-04-28,0.021846770198195697,0.023254369559166932,0.01885638784505672,0.021886118302581803,0.02036480815073083
2022-04-29,-0.02043583323215359,-0.028246616990612483,-0.01181259266888246,-0.029500266333138514,-0.02814232557503915
2022-05-02,0.005913417162104695,0.006393417115386546,0.014440561579667666,-0.0007256222344197427,0.0019099188350588658
2022-05-03,0.008906557720217867,0.009496085708074586,0.011722577091140218,0.001970060867752421,0.0058214364226572
2022-05-04,0.028346386077823027,0.029963078725782077,0.03208719775790603,0.026420661940182333,0.027429491931956207
2022-05-05,-0.025806767304772604,-0.027112896229012473,-0.02834967849060699,-0.029151644573746527,-0.02444431763431687
2022-05-06,-0.005346262939242785,-0.004463065492166685,-0.007430747552090278,-0.0028781329194816907,-0.0017077197339319117
2022-05-09,-0.02686893211526309,-0.027287693090282006,-0.022531665529670564,-0.021183346784358514,-0.020442229449769145
2022-05-10,-0.0036652336373452776,-0.0010073539976351853,-0.006518616269887478,-0.0009838906540651227,-0.0023755655938559883
2022-05-11,-0.007725125489325024,-0.008340225743310836,-0.009907692748403196,-0.0039812667341428964,-0.006108399640896822
2022-05-12,0.0051079664253612656,0.0006253470448061016,0.012994079303402017,0.0020149394731852066,0.0026510455651806986
2022-05-13,0.019163919807200225,0.02023032551384607,0.019929119871498147,0.017445042222857587,0.015233611226146415
2022-05-16,0.0018923640481889326,-0.001178215875864197,0.002376043599688682,-0.0008092406362543159,0.0010479579978954767
2022-05-17,0.024086351432332176,0.025157460362544626,0.02169122762411968,0.01877772357541918,0.019232694152386376
2022-05-18,-0.0329856026971026,-0.03377397961300099,-0.03125684525909489,-0.033843944842193885,-0.03359222507574411
2022-05-19,-0.008722756368359508,-0.009361757751889188,-0.008927165369646994,-0.010959102292779854,-0.010557388055700834
2022-05-20,-0.0009397881369925809,-0.0013411087934763755,0.0010053265793874555,0.004214306862944106,0.0007655063535443318
2022-05-23,0.019183838234841932,0.018404401509823254,0.013360739951715939,0.022330134459882967,0.016808051587580808
2022-05-24,-0.002203439117964945,-0.002989388181253494,-0.005371103619169593,0.0010175947702544264,0.0022342871704661427
2022-05-25,0.008880609113718352,0.009415809386353668,0.009564298003683858,0.005122280294721504,0.005860360391668706
2022-05-26,0.016759188861685148,0.017533689241509,0.019921366400956764,0.009334128723908819,0.01240070819676653
2022-05-27,0.024297214982879733,0.020985142556454006,0.021059367774185267,0.018949386241945865,0.017472899697596134
2022-05-31,-0.008713736698594432,-0.006037385939705486,-0.012886539635960093,-0.005384813834837798,-0.005495951111891495
2022-06-01,-0.009785282813984608,-0.008419452534226823,-0.013117861963149013,-0.010305213430456761,-0.008627712780592711
2022-06-02,0.016792764171703167,0.015350422488321191,0.018608005755412105,0.01390621878732845,0.011869263114703488
2022-06-03,-0.008706880721529142,-0.011900420401803391,-0.007753015201872104,-0.012356845046932907,-0.009715527407533564
2022-06-06,-0.00032443526623715524,0.000745245314790477,-0.0031549724616575237,-0.0008401063241079143,0.0003828733724531297
2022-06-07,0.012621174680207181,0.011184761300613744,0.010748458651513637,0.008977646818880247,0.00980628366225167
2022-06-08,-0.013669834668802117,-0.014240659630172625,-0.011389423873706561,-0.01242617414292424,-0.013123777383041713
2022-06-09,-0.016508991847194787,-0.020808132952050862,-0.009002733046193812,-0.02195708844302191,-0.019527531798468667
2022-06-10,-0.025822563117709474,-0.027068939307365203,-0.030358661387709263,-0.023283942276954184,-0.020891587941580525
2022-06-13,-0.03607297498740092,-0.03615864112250511,-0.038001077525506854,-0.030293121637675613,-0.030650914855280598
2022-06-14,-0.006735790184808965,-0.0024358840107402413,-0.007956355039248963,-0.010312797338469903,-0.007077347082293239
2022-06-15,-0.0010956480512992472,0.006174643803388946,-0.017036236942172267,0.0070787729875165795,0.005397473889119153
2022-06-16,-0.029456768127261945,-0.03194264625344179,-0.030682989110346948,-0.024593156272710748,-0.024300864364651953
2022-06-17,-0.0032506600892299176,-0.0001172104465091417,-0.007475960028016315,0.0001002490045434179,0.0001908149283103011
2022-06-21,0.02415785227550482,0.023045576353507347,0.019179748146011866,0.022232160709215743,0.024003958184085183
2022-06-22,-0.004215425843584142,-0.0032571978566863224,-0.0061257536106916755,0.000535837427368957,0.0009409083216205261
2022-06-23,-0.0001634485469993452,0.00048493971586305307,-0.003097546755178815,0.01042926143191436,0.006109685385361496
2022-06-24,0.027739040229648237,0.03195945258647037,0.027663370974403412,0.028424982337458937,0.028098017984624413
2022-06-27,0.0020901978397671606,-0.0009969902003774678,0.004528107760821687,-0.0024411604139036314,-0.0014921353098371615
2022-06-28,-0.014477168163217424,-0.012331392200616076,-0.014958085496417972,-0.01565593800397702,-0.01325142172198479
2022-06-29,-0.007199519572278379,-0.00743272233472092,-0.005798002372301103,-0.0026418174379908566,-0.0034158211666163174
2022-06-30,-0.0061333266616374615,-0.008551945472263234,-0.007313703867930177,-0.0099672128658862,-0.006989999844493222
2022-07-01,0.0013608219042229308,0.0019092815099535088,0.00786085964027139,0.004561205592875428,0.005297923060123999
2022-07-05,-0.008573669766569258,-0.005342995917769766,-0.006782721081418752,0.0009017438403451372,-0.005282355671432648
2022-07-06,0.0009435690973542687,0.000950499235069957,0.004305214958017611,0.0027403013027693657,0.0018352088727082716
2022-07-07,0.016077803200393426,0.014927597735519882,0.019219439348692857,0.008605540590403082,0.009002223292728928
2022-07-08,-0.0007680684399771209,-0.002120054905634605,0.001118433468050295,-0.0015828964127518885,-0.003235316274435962
2022-07-11,-0.005652232106454935,-0.007507484306900625,-0.006414492847103381,-0.002887341780024033,-0.004687189633742039
2022-07-12,-0.003570510619991585,-0.001965130246458613,-0.006407635770315445,-0.003367953425801873,-0.0035267941016513538
2022-07-13,-0.003270570329924505,-0.003787378376925332,0.00032041378566782797,-0.002578164361763502,-0.003120821124277029
2022-07-14,-0.0041340418310706895,-0.004012946258160399,-0.005912696508665438,-0.004705052909068419,-0.004842285408386826
2022-07-15,0.015281856962960694,0.016621060229512707,0.012564935398055033,0.014840666116663126,0.01292873317411991
2022-07-18,-0.007697889254705048,-0.006833290703776251,-0.0014967863779987711,-0.014156832738120961,-0.009902576470347535
2022-07-19,0.022088031319202894,0.026028852921020862,0.027643587699192063,0.020964023506026663,0.01989621305709588
2022-07-20,0.0017926087851636296,0.003563768361944941,-0.0003255859219115642,0.0018413604191327426,-0.000677663072497614
2022-07-21,0.004488085589965607,0.003552415308459622,0.0036599704751509865,0.006864571196075975,0.002229708184943613
2022-07-22,-0.006932675077913064,-0.007661533845406354,-0.001759484919913068,-0.004956612050236675,-0.004284564597924367
2022-07-25,0.002116724582091667,4.9163805555973994e-05,0.004201750587471409,-0.0010312702592698564,-0.0005902817116594239
2022-07-26,-0.006458071781559993,-0.00609755096499176,-0.010119327039704307,-0.003323610900350382,-0.0033879934088063557
2022-07-27,0.014643150255034154,0.017071552476261243,0.017566164909005533,0.008972643028518634,0.01251566408059035
2022-07-28,0.009768733788339423,0.010800127812130134,0.009047520400079057,0.008611242851589429,0.009917049881130513
2022-07-29,0.010374056810090515,0.009213899550857052,0.0143064567249378,0.0022224948203084516,0.004614267049242171
2022-08-01,0.0012030844096486693,0.002515315622563019,-0.0017547039726942826,0.0017488820644484537,0.004358339003344591
2022-08-02,-0.009115976965796135,-0.009458528913165343,-0.01126768035230874,-0.007106387829041827,-0.008675165494995918
2022-08-03,0.008422635562949532,0.011284224417523081,0.011646955594262653,0.010715191798101431,0.010764790463870577
2022-08-04,-0.0012324678486136387,-0.000814279110615046,0.0020140371660204437,0.0015024055220875798,-0.0018840048512303031
2022-08-05,0.003251475837933171,0.0009369563364145517,0.004751262277232549,0.0036026465079284087,0.0009061830894097067
2022-08-08,0.00046512922748287444,-0.0007962480900071123,0.008739966435165947,-0.0012673613611846601,0.00018452389782575018
2022-08-09,-0.007341458582779126,-0.007335167782510532,-0.005699115096386542,-0.002585925355326424,-0.0039373190159662785
2022-08-10,0.02164079987427292,0.02086339625959699,0.023664331288329787,0.015185893040332799,0.01630027058453276
2022-08-11,0.00352951968132742,0.003098703579058837,0.006017709653705294,-0.0003787430381994028,0.00016362745726539174
2022-08-12,0.01520989349020252,0.015443720593983246,0.018424366657556757,0.013477378397871442,0.014009001131260135
2022-08-15,0.00031082717783692537,0.0022388463280806903,0.0032156494914905576,0.009088779061927621,0.004314896898959253
2022-08-16,0.004704030446159191,0.002541159113943925,0.009826398044336493,0.002502821135344835,0.003645913581409088
2022-08-17,-0.006347583086715902,-0.009247833435359398,-0.0022047508808562544,-0.0074058060626748246,-0.00727085435710173
2022-08-18,0.007689422059053541,0.006646855474365498,0.00934455829167602,0.0007027262887269181,0.004677256881700398
2022-08-19,-0.012253815360164344,-0.011250487574873458,-0.013707598519702047,-0.010923875385292381,-0.0075427004809484055
2022-08-22,-0.016744922644884253,-0.020182181549745715,-0.01504569300056402,-0.018708853551829274,-0.017566837505977317
2022-08-23,0.001278371264647804,0.0011431400512245116,0.0025059953567052595,-0.0063332861519413974,-0.0020848341296331174
2022-08-24,0.0003700091922198556,0.0016628921677590558,0.00016984502926242762,-0.00035430972724737053,0.0006123960459518685
2022-08-25,0.01634145527273745,0.015529481122451783,0.013955587484535847,0.01155130295473894,0.011097968907872513
2022-08-26,-0.037199071164724096,-0.03548468997729737,-0.03237290875870269,-0.034204581058193795,-0.03269790480093826
2022-08-29,-0.004374659806450354,-0.005192983526940198,-0.0007312510987338428,-0.005273790140521983,-0.004904744101623226
2022-08-30,-0.012991382922482697,-0.011397193020513119,-0.014344024911356779,-0.008171145347547815,-0.009893971410736446
2022-08-31,-0.00974366052629716,-0.00972513117768592,-0.006380673371019219,-0.008290314327586312,-0.00918218270646165
2022-09-01,-8.186098502671602e-05,-0.0003742408675545539,0.0025249282262522765,0.006293369388022496,0.0036751733898461314
2022-09-02,-0.008121268122933345,-0.009599428229350115,-0.008730764726726181,-0.011876830178444764,-0.011326056520484795
2022-09-06,-0.004291217409270853,-0.005603111619266077,-0.005723149807112193,-0.0014152546170488334,-0.0053924076780602626
2022-09-07,0.015314687026617868,0.015277552827799967,0.020352669277793112,0.01702151041448907,0.015212071525777304
2022-09-08,0.008912245257757245,0.005816020678043765,0.010092441935717122,-0.001928724748970545,0.002479424769853189
2022-09-09,0.013577733170877293,0.014873315396056519,0.011820173912186593,0.012224585035292224,0.012747110451699406
2022-09-12,0.0065231413057200704,0.009044255370671328,0.010090911251763979,0.00967380286684727,0.008976552823273254
2022-09-13,-0.04233397321314669,-0.04147133325516528,-0.05069802562372161,-0.03743957209683424,-0.03717941775946887
2022-09-14,0.002617172725751349,0.002503892734600832,-0.005377278860272394,0.0024983500281792193,0.002931054387754317
2022-09-15,-0.010934667150645172,-0.011604482379738545,-0.013452664076780696,-0.01734206828309315,-0.011058344104171947
2022-09-16,-0.006937118660491071,-0.010807844056369365,-0.011432202044053819,-0.0028587736447728274,-0.0064723506524400065
2022-09-19,0.005756222768347641,0.006064967169331137,0.012679903140591309,0.0009504591836717591,0.004345161764515826
2022-09-20,-0.014609947552427394,-0.013429561776382437,-0.021654679859756554,-0.012623972323452248,-0.012547839345105283
2022-09-21,-0.012644063057507315,-0.013928257465946725,-0.014236212247509927,-0.014537274444787252,-0.012742953186322903
2022-09-22,-0.005015905451309144,-0.008609350909701718,-0.0031743080472526053,-0.0042747949732433455,-0.004454116170136135
2022-09-23,-0.01682158410218204,-0.019160630070930496,-0.014969138053585018,-0.01266278266090115,-0.01597967886931373
2022-09-26,-0.013659262199651412,-0.01374670169651293,-0.014360483997710505,-0.013689545104194067,-0.012024687360216113
2022-09-27,-0.0015965488770882663,-0.002794027651526254,0.0016207416783695638,-0.006501991320503997,-0.00568313319389846
2022-09-28,0.018359027814670803,0.018346616179312214,0.021970795299028234,0.011536752049084997,0.015305345666525305
2022-09-29,-0.015407246227586713,-0.016147949406172146,-0.01531410187838178,-0.013251205755334228,-0.01540242424001892
2022-09-30,-0.011153102252033475,-0.013350710712415115,-0.009486962273851152,-0.014272894649219992,-0.013942367628165142
2022-10-03,0.031402575068467886,0.0306573732219646,0.03438112193868026,0.025928506801101703,0.027075006302546667
2022-10-04,0.03185222763855422,0.0335225081176036,0.03334803753274418,0.0307000258094261,0.02909036412678012
2022-10-05,0.0030224479227705103,-0.00042644934089008935,0.007223720683624535,-0.0009256404582602684,-0.002426995412561306
2022-10-06,-0.007327458259702269,-0.009288832874618236,-0.00297893639267377,-0.010452545909430122,-0.010603208142308307
2022-10-07,-0.019815800551756357,-0.020815751594952525,-0.0169576096636308,-0.013596616924964056,-0.017478788662721456
2022-10-10,-0.006103950098170219,-0.00777126064635969,-0.004278337197093807,0.00018165085939703118,-0.003493791152209158
2022-10-11,-0.003217684767629181,-0.0050080640836692725,0.0007309611326988819,-0.0038622684792163353,-0.0018653121791000205
2022-10-12,-0.0074748848589492045,-0.006150560485915779,-0.007915539502206581,-0.0061806910317459,-0.005929053588673461
2022-10-13,0.024698913105459352,0.026770936237160203,0.02028685957188414,0.025881448412049535,0.024178256734080916
2022-10-14,-0.01863841083494333,-0.019166881603340125,-0.01839790739390379,-0.013618625276728302,-0.01658009321781906
2022-10-17,0.01929398047133346,0.018192248408041678,0.020458863640310687,0.018263837851008713,0.017237329305816562
2022-10-18,0.01376460567106963,0.014062581436337984,0.010770634804681434,0.01586118993828456,0.013911134771267042
2022-10-19,-0.010662395600949948,-0.005326355068270727,-0.019522668721519643,-0.004740973978145768,-0.006622586274039666
2022-10-20,-0.0044930710666651885,-0.003553231720416772,-0.01334522833982521,-0.004649784268776491,-0.004257688794390924
2022-10-21,0.025497913000114947,0.02571378676853131,0.02307083620161876,0.025288993446387353,0.02329733335330042
2022-10-24,0.010584455229091017,0.010458680221608896,0.010138253697455468,0.011110918957085048,0.011893320503969074
2022-10-25,0.012149693275827156,0.013077556424655246,0.01779053943475284,0.01289318605723544,0.01238206821487875
2022-10-26,0.0034664549675027523,0.004685197800717189,0.0029882562111953614,0.011189845240335172,0.00609724823045199
2022-10-27,0.005536952515167837,0.001565452233823983,0.01063666729064483,0.0033303518709615343,0.001860162542007382
2022-10-28,0.028209477982752196,0.03005349852923489,0.04181587038915002,0.031450585501978656,0.029509518372223376
2022-10-31,-0.008135560382424023,-0.0059927743543858325,-0.011975888366947407,-0.005874649290784295,-0.005143301472233075
2022-11-01,0.005969949369984517,0.0051435181018948395,0.0070412691285168805,0.0020380362026961585,0.002599415677797756
2022-11-02,-0.019730433253028923,-0.018791996538586986,-0.02491049713714366,-0.01958868894825394,-0.017668794974213253
2022-11-03,-0.00313519157282538,-0.005804004058113876,0.0007032987947923619,-0.008311159323889705,-0.006098349956458526
2022-11-04,0.021221867201867584,0.022111951426128762,0.020279177694922046,0.01828567276341575,0.01828306993610873
2022-11-07,0.011915472075019418,0.012465050045859849,0.01156155852999352,0.01406555393290465,0.01196791959172172
2022-11-08,0.008134442840994849,0.009465984538338468,0.006638709392201347,0.007628463184839784,0.00896357167391204
2022-11-09,-0.018617375361532296,-0.018190044870453725,-0.020604019529766537,-0.016975967845862083,-0.014932228820397242
2022-11-10,0.04791128995986571,0.0470696797011354,0.056268480112721564,0.042087356705699186,0.04039924243845716
2022-11-11,0.0037187072726494463,0.00827781153177476,0.004322258875148588,0.00012891836264738998,0.003207286195095138
2022-11-14,-0.003580329453440334,-0.005554348115061503,-0.0011118742029184725,-0.0018514181737612212,-0.004252811619141594
2022-11-15,0.004974724032520417,0.005414668873220174,0.001965119269232485,0.007861584210828498,0.005252448947013599
2022-11-16,-0.008208984146364617,-0.01182097160080442,-0.003167075901016614,-0.005564960192990798,-0.007077608727454776
2022-11-17,0.0007996501294522673,0.002038724740949016,-0.002168197792435267,0.0016780802089684244,0.0024241033716454474
2022-11-18,0.00687258310195471,0.006276563431816928,0.00621419815648494,0.005095328433510016,0.007580836755239906
2022-11-21,-0.002151782416714987,-0.0017651059587318052,-0.0014228138689765801,-0.001807596764702768,0.0010936913995291953
2022-11-22,0.018091794531362337,0.0163961442689442,0.019480292603569982,0.015003361972458995,0.01431834842370594
2022-11-23,0.0024431910902378284,0.002745844063124281,-0.0011455956392295574,0.004198898992264333,0.002279436065011131
2022-11-25,0.0005434975957399057,0.0006784934565358114,0.0013987194807263403,0.0014474120047986982,0.001321843674967349
2022-11-28,-0.01662873024186229,-0.01814086152477512,-0.01840787291900947,-0.014621222430898917,-0.014897410847467984
2022-11-29,0.0014136254062011577,0.003728941518877038,0.0017177932115419736,-7.736407758507369e-05,0.0028355583600037093
2022-11-30,0.020603756118394045,0.022961881302339116,0.018380017013413852,0.023136962147633167,0.021336188745338047
2022-12-01,0.0005238298483385417,-0.001456588236967149,0.004538827140869506,-0.0003010068055200321,0.0003185226128283869
2022-12-02,0.00012350664451887816,0.0009265563704512481,0.00024002449446980378,0.002753289408226056,0.00247096446191164
2022-12-05,-0.017927368590760717,-0.01544593629669122,-0.024752390319434103,-0.01769495797611187,-0.014557507402097714
2022-12-06,-0.012152239374329077,-0.012040781572363435,-0.012377242722161896,-0.008481515494843994,-0.010265518246052263
2022-12-07,0.003140261359485308,0.0006359041595831449,0.006079384697283308,0.0005179170567655156,0.0017726720851649613
2022-12-08,0.005174033885006368,0.005741363056077642,0.002412731087808151,0.0074803946588875014,0.005614199107853102
2022-12-09,-0.008225693786906074,-0.007899299546528904,-0.011205447084305487,-0.0082457331641147,-0.007817190471959057
2022-12-12,0.015656376061869093,0.01565962083226302,0.017180813701715758,0.014135560918540513,0.013770753838687755
2022-12-13,0.009335477606302822,0.006924871312222525,0.01108805631590748,0.004047688826282814,0.00650151957726286
2022-12-14,-0.004419421416172686,-0.005753412210836584,-0.00387797016419944,-0.0016179485568648122,-0.003135536533515282
2022-12-15,-0.0277489394207997,-0.027803442726942018,-0.027629010339002558,-0.02479346409774852,-0.02488144380933144
2022-12-16,-0.0051930997821614255,-0.005757349191636396,-0.006323047205437304,-0.004136646164850433,-0.005358153139308097
2022-12-19,-0.004766167893447193,-0.00674698928254891,-0.006023703594931429,-0.004795754121851292,-0.005975468082883184
2022-12-20,0.0028020770637315895,0.0024548958857577574,-0.003083511479992418,0.002721426994954701,0.0016684479970645594
2022-12-21,0.01366778984329109,0.014382386927026536,0.01368269162167679,0.011002241476194996,0.013283319419918005
2022-12-22,-0.0129728686678664,-0.013093531200818687,-0.012790096496180348,-0.008836643659299814,-0.009007224606323638
2022-12-23,0.0073440634616064315,0.005867687600775495,0.010061200766682488,0.0036334052617013057,0.0046592444594528715
2022-12-27,0.0033065900902486955,0.002437680232599604,0.004276995347606061,0.003414944284023891,0.003402872718951455
2022-12-28,-0.011176521500549264,-0.012789149094374896,-0.010674836965458678,-0.00979657703855008,-0.012267580093003772
2022-12-29,0.012717763562200002,0.014337093647078358,0.011028936565777858,0.013131885711683333,0.012422496378728498
2022-12-30,-0.002219591074144489,-0.0014500829523759196,-0.004679285531090094,-0.002319623321874631,-0.002386975102179334
2023-01-03,-0.003156844223116906,2.4207691474265047e-05,-0.008493650018594257,-9.068233458919828e-06,0.0014326865423617274
2023-01-04,0.011138479265196288,0.017068741804750154,0.0027404726802633395,0.015468362921236878,0.013988272225467169
2023-01-05,0.0006368071748237281,-0.00451778240723566,0.012124074965048859,-0.0012378649286105547,-0.0037599413818372174
2023-01-06,0.0217467021159381,0.02837503859574908,0.007947633280303457,0.024226512026668257,0.02441954360066756
2023-01-09,-0.0056152963008104795,-0.0013939792493576908,-0.029162109676266645,-0.010754612809986797,-0.006328460665142588
2023-01-10,0.009518122188815425,0.008382874375099991,0.010472111196270673,0.0067055749845048584,0.0073177791650655966
2023-01-11,0.007760799957606812,0.008334948689820765,0.004628746987355825,0.005123061318069055,0.0058380494111411885
2023-01-12,0.005107690693676448,0.0028322787274770445,0.0046494571314421584,0.0025426478404502184,0.001996313037588404
2023-01-13,-0.0006845329917585241,0.0010975993848580945,-0.004527985894138831,-0.005091722714084201,0.0013660908417232331
2023-01-17,-0.0036614874216371884,-0.0067944340508985235,-0.007626708966693596,-0.005166995695033649,-0.007100959938565521
2023-01-18,-0.014876874562354092,-0.014222569957298203,-0.016927568012458205,-0.020768158058007913,-0.01653790432181368
2023-01-19,-0.009421078645505232,-0.01270591658129172,0.0040775255365881335,-0.011513947416062043,-0.00999446073840371
2023-01-20,0.015678644614078863,0.017230602828270714,0.0075229120232163105,0.014960504047078604,0.014214082650646942
2023-01-23,0.011166826915163242,0.01647468408372954,-0.002663445484734961,0.015164854381960913,0.011253829030168916
2023-01-24,0.0021641866873831628,-0.0026355078077583416,0.004749068634886333,0.009013042338785748,-0.0016386820951214132
2023-01-25,0.0015576788314457524,0.001133257313627345,0.0010147560260753696,0.00167392582352055,0.001306954779077829
2023-01-26,0.00763834715430356,0.0034327113034087198,0.011877499305752659,0.001147103556883966,0.0005790969580052874
2023-01-27,-0.0038051720895878605,-0.001267959657422768,-0.011090957719568029,0.005741485187186646,-0.003568893443144594
2023-01-30,-0.008215360323635346,-0.010022875460757863,-0.004566061591887882,-0.009407936192770028,-0.008078551262628686
2023-01-31,0.01424988454571885,0.015397444293026918,0.012765628858747435,0.008151774214156804,0.013994205253153424
2023-02-01,0.005137145571941559,0.010121824431038817,-0.005538482934381417,0.003813393459442871,0.007536102330640171
2023-02-02,-0.002124475904305978,0.008713406589367256,-0.026190947773973905,-3.293802538351098e-05,0.003566798582834041
2023-02-03,-0.003561088955408298,-0.0064259630311801486,0.006215165928721955,0.002452501542898,-0.0053243427835296675
2023-02-06,-0.004631407470992999,-0.00854916709425324,0.010611139184596663,0.0004347079813533661,-0.006460141328410884
2023-02-07,0.012723637012036937,0.01068158644450512,0.013329873827728766,0.004651425566824852,0.008198999959048603
2023-02-08,-0.008970568512690291,-0.010629520543231186,-0.0005844419050115013,-0.004800476461141123,-0.008340995737429857
2023-02-09,-0.005463323348730342,-0.00819809997189902,0.0012557166509976625,-0.00179430604266273,-0.008145257923690807
2023-02-10,0.012945964231565243,0.005300780043141939,0.026353282263040123,0.007962570007332692,0.007614664600758658
2023-02-13,0.008078020825932342,0.01083219056401652,0.002805931096387937,0.006937589600930494,0.009759053328155076
2023-02-14,-0.0012202246789497773,-0.0007602703708536884,-0.00829108100444187,0.0022237702263809833,-0.0028926596277076833
2023-02-15,0.002931371793690074,0.00331389799628079,-0.005399848236848581,0.004811364784616412,0.0011974431534926833
2023-02-16,-0.0068545801666791695,-0.01121785545028997,-0.011519213763710678,-0.013241503680872402,-0.01015217876518193
2023-02-17,-0.005186912265004562,-0.0017829403266095278,-0.0007795364697384954,0.0016849388459456716,0.001578188712453299
2023-02-21,-0.015032601855834216,-0.021454993329436345,-6.9564142896050285e-06,-0.015236002772697321,-0.017452407536516
2023-02-22,-0.003291982002635141,-0.0027284756205175897,-0.005247656242855725,-0.0015514109194135761,-0.002653360544736416
2023-02-23,0.0028299766711517016,0.0029835271265974406,0.005389307900413254,0.0038518514631902256,0.0017250210174459824
2023-02-24,-0.005420717392077612,-0.008697997075066355,-0.003585255124948006,-0.0037519402306783745,-0.007744248974696943
2023-02-27,-0.0010528921392822799,0.0017266650377647519,-0.0021161921978508635,0.0003114421582872673,0.0018003111963522667
2023-02-28,-0.0034936163073538973,-0.0034510099256411797,-0.012204119494514276,-0.0026739931696173613,-0.0054226188591748326
2023-03-01,0.0016039990520206882,-0.0008774236901971655,0.002862903743508838,-0.0025635255396507795,-0.0014375671807352886
2023-03-02,0.006041976702725771,0.006944899196821508,0.004747706986899747,0.004573801416060341,0.006719053852604073
2023-03-03,0.009469231908835418,0.01135930158258458,0.005728861212008551,0.007349036711833623,0.009996115914518322
2023-03-06,-0.00010020478930550247,-0.0031522584824354993,0.01564722310404476,0.0040042117408662925,-0.0006949983800269566
2023-03-07,-0.015077669189888954,-0.017422977810817253,-0.007883301551413369,-0.013738804555521678,-0.016581367786968726
2023-03-08,0.0006659492003047163,0.00457902522478415,-0.01235062596592762,0.0023255965501962628,0.0019722149581644643
2023-03-09,-0.013835628553065416,-0.016567742183433043,-0.00829817881287409,-0.014564038861471285,-0.014643765693751365
2023-03-10,-0.011130078452429082,-0.013426677424365985,-0.003185260711990545,-0.01226824544341909,-0.010333915881040934
2023-03-13,-0.00604624869024295,-0.007367344068167858,-0.008028284665325236,-0.002089135666153208,-0.004470364042828856
2023-03-14,0.0126861544147292,0.014484033890939108,0.009189267278360225,0.011257120479630789,0.012266590239067288
2023-03-15,-0.02047451452130733,-0.01474072898060852,-0.01770055571217999,-0.021820593869472216,-0.011107237554542349
2023-03-16,0.009310202260349287,0.015039521831776925,-0.0022242926475393165,0.012670623245103485,0.011054936037673935
2023-03-17,-0.010513108511704061,-0.009888325538286447,-0.02061111069919963,-0.013568724184153669,-0.010177459904394559
2023-03-20,0.016258351679566685,0.012088951859704045,0.02192899819972416,0.01726610149515806,0.01294533389752428
2023-03-21,0.013009619084332735,0.00979559763770621,0.012268242048093514,0.01116891770392292,0.007422346948818159
2023-03-22,-0.016363617462511137,-0.016459535837195505,-0.015829651736336547,-0.013078042314056071,-0.015196005261825407
2023-03-23,6.0238958857317115e-05,0.004629406503217526,-0.0033964340664248693,0.003415860792723935,0.0026208432251446645
2023-03-24,0.003228572232799376,0.0026529079077348694,0.007729849336293393,0.0035669323014442256,0.0056170834127597935
2023-03-27,0.007248445932261038,0.005952829053807784,0.011597233645052052,0.005788041655946818,0.006749946864397671
2023-03-28,0.0019500653288160308,0.0013518491640323038,0.001045317373645327,0.004429634549092176,0.00268728192913148
2023-03-29,0.015751248412733343,0.01853632410339312,0.005804213448487472,0.01477745183160617,0.014227222902606584
2023-03-30,0.0049839952117587405,0.0062125998170023955,0.004150108805717645,0.00022726836316389054,0.005137869168325926
2023-03-31,0.009773058142170887,0.011555417817360913,0.003724055730955911,0.0045590658051100075,0.011105790359972723
2023-04-03,0.013716489034814261,0.005043414186549855,0.0341863201575503,0.01203207204299872,0.007781463293714097
2023-04-04,-0.008378191796426293,-0.009702820754015518,-0.0037490834112368088,-0.017323393574972923,-0.006757756388450886
2023-04-05,0.001837034296918505,-0.002342326977345266,0.016532726306224488,-0.006787048255975314,0.002118816337869589
2023-04-06,-0.0048688328593564645,-0.002417161673602841,-0.004755732933065193,-0.0011378757521277594,-0.0015149326968464383
2023-04-10,0.0038362622825094395,0.006938765697203975,0.001891206416063218,0.013830241273909971,0.00380775047502091
2023-04-11,0.00014396999884058737,0.0019185691762833024,-0.0027575199542093642,0.001112575315915132,0.0013083408479013237
2023-04-12,-0.002547101787668926,-0.004422099747565911,0.0026922563607512107,0.0040458567442782645,-0.0024599426353700826
2023-04-13,0.007327603929732973,0.0077250725522231,0.010150447577630173,0.004319218750121756,0.008410935802980912
2023-04-14,-0.0024606511550229193,-0.0022327906807267928,-0.0024138334316645693,0.00010368740215160877,-0.0025253881837310477
2023-04-17,0.0023101757071608553,0.004579467697279904,-0.002953247950713056,0.007221765984771755,0.003563044105691082
2023-04-18,0.006618552156720803,0.0016904387427836287,0.011939731425118394,0.006174675234531302,0.0015303690358123845
2023-04-19,-0.004900904851982468,-0.004622902643303672,-0.005589037707192435,-0.007485176834030827,-0.0036001163352744614
2023-04-20,-0.010148903705920365,-0.005256841898713005,-0.00414479030786663,-0.003274403918133162,-0.005591755304440338
2023-04-21,-0.001445199702909461,1.1038934978335746e-05,0.0022513603242133584,-0.0034858078345122445,0.0014729633353289806
2023-04-24,0.0016704278008512485,0.00010448574066668215,0.007030846802350554,-0.0017255072135405891,0.0008029379273160053
2023-04-25,-0.01480560498117145,-0.016355931963676684,-0.0075304751090388145,-0.012656089393010439,-0.01185327414398174
2023-04-26,-0.010197305265053469,-0.009162606511214477,-0.021040750095858707,-0.014084659968943813,-0.011639369619610762
2023-04-27,0.014591999444999892,0.018344779840123282,0.010080048623628324,0.01899303830256671,0.01738620479019226
2023-04-28,0.006913976503088337,0.009969083480187768,0.0031108736313762986,0.00825299435880189,0.007283301538890896
2023-05-01,-0.004723064581826031,-0.0019332882632545623,-0.0063290958820153564,0.0033629777518420223,-0.0008038929127607286
2023-05-02,-0.01821644070525985,-0.010882874058374292,-0.01633560176407889,-0.005478648867042746,-0.00948487773551121
2023-05-03,-0.009836840899265842,-0.007366907409500967,-0.010085879355664962,-0.009557201025355844,-0.0069450723655534174
2023-05-04,-0.01100805032258989,-0.009286028846909988,-0.009590778878111883,-0.006229430451337836,-0.00742553924836753
2023-05-05,0.016080626765615946,0.016219581637132663,0.012591777989347186,0.01525746521359217,0.013532272707203585
2023-05-08,-0.0011276900911280086,-0.0008955100428508223,-0.0010513802593224986,-0.002366700344311412,-0.0016012346001823552
2023-05-09,-0.003589663547114208,-0.004260962651252309,-0.001667938095942012,0.002209893704282706,-0.003769126528579525
2023-05-10,-0.002297246033135081,-0.0028591148433987357,-0.00329056671928174,-0.006248031842179036,-0.0020706330104232062
2023-05-11,-0.007095524409565068,-0.004787379852426055,-0.007127552085408606,-0.002145501450067533,-0.004678647941627867
2023-05-12,0.0017596814249358772,0.0006755261255597667,-0.0017615259496667202,0.001596613460958407,0.001358319679374942
2023-05-15,0.009169197153206632,0.013464267624200277,-0.0005352637202677979,0.013290042165489568,0.008839733711036635
2023-05-16,-0.011196105263842293,-0.008877600105334338,-0.01105233737829514,-0.011518855094737379,-0.008993169490546182
2023-05-17,0.014698599037015203,0.014609517947383743,0.009383961591210799,0.014821546929730367,0.011173901303621614
2023-05-18,0.006576179147957495,0.00952977453191628,-0.0010501088345216125,0.008100611708589556,0.004736779699902938
2023-05-19,-0.0008499763907415803,-0.0013707334125721005,0.005858263301020683,-0.0007974168086579692,0.00016120046375767139
2023-05-22,-0.0011484621617613433,-0.00224224577964105,-0.007014083959480333,-0.0037821127401213017,-0.0038368057998264815
2023-05-23,-0.004396095232002795,-0.008649265410687779,0.00020257792458955315,-0.014200221899715593,-0.008181943271358683
2023-05-24,-0.008158756995058969,-0.01288953269129467,0.005103541954172508,-0.007804482320338035,-0.010534316823991974
2023-05-25,-0.003398083031361576,0.003814171528409238,-0.016858339064359407,0.004929028040043804,-0.001568767877715982
2023-05-26,0.01309960116616904,0.01802335498827401,-0.0031339026818122395,0.01454451958669023,0.012381714994713189
2023-05-30,-0.0002610646185182697,-0.00174014194367611,-0.009495696521385044,-0.008406323753050282,-0.003448420835852728
2023-05-31,-0.009132796626265094,-0.011259656154091746,-0.002076546934879353,-0.013579560086749765,-0.007926615780352142
2023-06-01,0.011712091443936368,0.012022889475795218,0.007405204412632038,0.017371944122308802,0.011034270923383271
2023-06-02,0.0150447636159734,0.018392681707648517,0.01722118705770259,0.018107296346409507,0.016753901323246723
2023-06-05,-0.006019000562351384,-0.009319988100911614,3.0847363639452396e-05,-0.00756713047856461,-0.006385895535603536
2023-06-06,0.006952738450983764,0.006523715142280784,-0.005891518598540979,0.011195366046895305,0.003583976628673602
2023-06-07,0.007767081150103827,0.007606064928765921,0.005232683663312754,0.007776473309759169,0.006671456363518624
2023-06-08,0.0021952758069108125,0.002504407539478448,0.008196551839589228,-0.002876999828275162,0.0033801539009239434
2023-06-09,-0.0002578050715305036,-0.0002948590811484575,-0.002494949197159868,0.0014751978313536362,-0.0005326272696589696
2023-06-12,0.0066342499097094,0.010920266680496837,-0.007267046848685066,0.005967680338136994,0.007258159412944165
2023-06-13,0.00398608223901209,0.008103971437964264,-0.0028004235156716684,0.0043594427354880505,0.005927883488854313
2023-06-14,-0.004122236187962813,-0.0012841621614592125,-0.005150441986215726,-0.004451518313810521,-0.0012197418652669656
2023-06-15,0.01204866811178773,0.010954735603440291,0.007779048376009623,0.011638166982925302,0.01160908185002385
2023-06-16,-0.0017087270304200208,-0.0017809038824374568,-0.0009669434661422338,-0.0027696674689056122,-0.00022589058168054343
2023-06-20,-0.01033639113025242,-0.011385822622333563,-0.007045076556616903,-0.003717427654340688,-0.009854865022292048
2023-06-21,-0.0011435205108398794,-0.0057130044050845985,0.010330956759823984,0.005138621737056592,-0.0029443215256425015
2023-06-22,-0.0024243226122907524,-0.0005164020656241997,0.004355684243716462,-0.0056749992522743264,-0.00016792098765128216
2023-06-23,-0.007592224163970096,-0.006549703453453293,-0.0035091313752414477,-0.0033994401717716283,-0.00600640570178923
2023-06-26,0.003787146755323434,0.0034962853246565118,-0.0032868104329404346,0.0006114784379538385,0.0020630776146322027
2023-06-27,0.010123988636340231,0.013422492227797234,0.0007801422449871254,0.007193625164063189,0.009891897726352017
2023-06-28,-0.0005471541664647805,-0.0011791211892494546,-0.0014921347350854708,-0.0022232159845253507,-0.0018344474699241164
2023-06-29,0.009329973844496964,0.007070696991671621,0.011152859140466154,0.007866412551405189,0.007017537327069778
2023-06-30,0.008006182156199415,0.008727170924201166,0.009921031820176562,0.0064847235154466,0.008875664894798962
2023-07-03,0.0025586228825054125,0.002464884438471149,-0.0015769885791877547,0.0023790436712547436,0.0014716036401478672
2023-07-05,-0.006013459841584856,-0.0081420128556563,-0.002599648976774227,-0.007701370473766733,-0.0065903882074291875
2023-07-06,-0.013198892698554676,-0.010180460981497608,-0.01921411992081079,-0.007681414310406698,-0.009951202111884716
2023-07-07,-0.0001044955787264934,-0.0005840280249602703,-0.010969967573651762,-0.0015616339985767835,-0.002808437339238967
2023-07-10,0.007842722211175435,0.010076711808052252,0.010114832973145749,0.00863859296385927,0.008052448803397505
2023-07-11,0.009408352993602653,0.008617760333419655,0.00456643525779965,0.009214108810709165,0.007516836308154584
2023-07-12,0.001202273138857013,0.004659414467172995,-0.0037494216455136176,-0.0017131265033404341,0.0034764677353880113
2023-07-13,0.00484718650273086,0.006839858506329399,-0.006246897623815473,0.005627278505484279,0.005077143746782031
2023-07-14,-0.011758508684812208,-0.006875702302077902,-0.008765919227612495,-0.004027739030204369,-0.005688366725316141
2023-07-17,0.0034338094765304916,0.0026971530023871537,-7.936825882393084e-05,0.005911512077404701,0.00043665230466083393
2023-07-18,0.003166470494067486,0.004893495789354718,-0.0073380640779985296,-0.002595522125467653,0.003662403865132502
2023-07-19,0.0037675209797380926,0.002295058600207067,0.0008767750477114422,-0.0037253871117608472,0.003463770507927455
2023-07-20,0.004305891088313363,-0.0012230571154945302,0.01672380393413131,0.004827324126182697,0.0035181314980849976
2023-07-21,0.002734294362391143,0.003433285251422502,0.007423676460872608,-0.002713200639152036,0.004395078357273041
2023-07-24,0.00488907408556849,0.0030144869787291917,-0.0022828736928171,0.0048611898638804,0.0025243262790217713
2023-07-25,0.0006676347541467731,0.0017646067634764506,-0.005031727384852025,-0.015337811104773169,0.0002945682641504188
2023-07-26,-0.0017663170776845982,0.0018540455017286295,-0.003811702629416547,-0.002694308899488518,0.002126760970441177
2023-07-27,-0.0027543808932537495,-0.0008071748912976684,-0.007859715988540295,-0.00037322137322115534,-0.0046006464422753135
2023-07-28,0.0034460065427439623,0.007445761150726815,-0.0001141094119235797,0.006026036436074467,0.005575064389160556
2023-07-31,0.005236897954914443,0.0041852598017750875,0.00818042270256436,0.006151255676601908,0.0023299428755472196
2023-08-01,-0.0018606378452610262,-0.0013542886964764689,-0.003736306630301778,0.0019044918050581394,-0.001865322865098884
2023-08-02,-0.01231428244317101,-0.014143763438432932,-0.004665539406159214,-0.015011342959489804,-0.010627009826260303
2023-08-03,-0.00018466432720920523,-0.0008708741901681805,0.004923277942214588,0.004785279895186623,-0.0010525227367564893
2023-08-04,-0.00237876737597964,-0.002474260512342008,0.001994484201611746,-0.0028291990282167667,-0.002816687583912958
2023-08-07,0.0076230753187471745,0.00993046686956811,0.007632870942874348,0.013109606929213147,0.009789393074304487
2023-08-08,-0.003456825987298462,-0.0049575990044889995,0.0014037728559073148,-0.0035373523181377875,-0.004364544260666792
2023-08-09,-0.00015005735180428914,-0.005600784097053779,0.006514891849333404,-0.00013803381119870117,-0.003192593247821174
2023-08-10,-0.0015064724365361215,-0.003103724621217663,-0.0014878441200930625,-0.008432941534921912,-0.002777760734142931
2023-08-11,0.003729055733331599,-0.00036295672822739267,0.012875650831386753,0.0023939363797416124,0.0024012568426634573
2023-08-14,0.0021690062978774183,0.00547562619490094,0.0018659457031535709,0.003912230541962103,0.002957838331516527
2023-08-15,-0.015453166022672105,-0.015568061184051185,-0.013464429141224699,-0.014195677837367637,-0.013997028435296266
2023-08-16,-0.007891552236908517,-0.008179789671291848,-0.006638706889504409,-0.0046474702799473855,-0.006731418701522607
2023-08-17,0.0015315547688352638,-0.003929490512722178,0.005744699242427931,-0.007294470326876246,-0.0026403697129311343
2023-08-18,0.004158298348590828,0.0022762574784847,0.006772656728280868,0.003380335966523429,0.0020236015199481816
2023-08-21,-0.0005507912716908869,0.0019086656260045576,-0.0018531824566274668,0.001242593370003764,-0.0007596497818339598
2023-08-22,-0.002630064533258425,-0.0016397654273639928,-0.007244698336398847,-0.0013461981633878795,-0.0015447829016933534
2023-08-23,0.005154007403933569,0.009117851289952572,0.010447223399628447,0.010985311420150357,0.008217820695338052
2023-08-24,-0.011479810477958319,-0.01364363592362483,-0.009712382961668875,-0.011308194633600221,-0.011202200026269593
2023-08-25,0.007786985297463023,0.008175164392459244,0.007778911697511992,0.006006900689195627,0.00763841009095656
2023-08-28,0.012519041959569766,0.011227176065154998,0.00020929290366167308,0.01055944819824739,0.008554827512974983
2023-08-29,0.009281038948025122,0.010541423624020219,0.0042206196804568386,0.006775755281663631,0.008745522176747622
2023-08-30,0.003939287622436227,0.002847528007496658,0.005199023298288363,0.0064652847642516775,0.00258631696750089
2023-08-31,-0.0009023807654799931,0.0008302173928136369,-0.004548078136904499,-0.0006633617204114817,-0.0012228835364893609
2023-09-01,0.007368722128762828,0.00920565070128454,0.009705691062703803,0.007859723786422634,0.006610582630776074
2023-09-05,-0.008122966938509335,-0.008525840963223175,-0.009690151471327235,-0.012352169759826559,-0.008673381248791467
2023-09-06,-0.006764201409479531,-0.0033675281311293936,-0.01306557651135587,-0.007418919298836313,-0.004885467214380768
2023-09-07,-0.006593639563172382,-0.007047392048414314,0.0031018514041079026,-0.0012159293042882657,-0.0032360903257518947
2023-09-08,0.0006415007335704992,0.0003589457735313495,0.00928558393447676,-0.0028671751030890924,0.0008245491098872737
2023-09-11,-0.0011158846126388955,0.0020182033969187163,-0.005851562744762506,-0.012024302471734805,0.0019752495021205796
2023-09-12,0.0020438378827911663,-0.003534955293458153,0.009384534055167482,-0.005812776896756522,-0.0033626508287409873
2023-09-13,-0.0006426765722421512,-0.00048695784430397016,-0.003970846789075888,-0.0042566882657768534,-0.0007018399992865243
2023-09-14,0.01055915107629235,0.008194037575216528,0.01324446008742819,0.004906055794692055,0.008380212270290066
2023-09-15,-0.009795930447301981,-0.011851610959697667,-0.010623444469212706,-0.006226868339901492,-0.01022151267666449
2023-09-18,0.002331873874276136,0.0005655197672305157,0.006818220081158621,0.005115425880722446,0.0011061486446910518
2023-09-19,-0.0036094224804290587,-0.002605553004247252,-0.004465506275418196,-0.0037281226444874083,-0.0027625802326951554
2023-09-20,-0.005019450261181002,-0.005184039227991155,-0.001912768519668151,-0.003919392580325476,-0.0031370696292585265
2023-09-21,-0.016843113051772107,-0.01442690521353518,-0.012565157847661212,-0.01843452088609332,-0.013426810811322798
2023-09-22,-0.0024426571716864576,-0.00123796392552189,-0.002966401994777157,-0.0009646416929858237,-0.002721509488017637
2023-09-25,0.0032929084198991543,0.002112050797823617,0.002061041190443369,0.0015549924439084428,0.0011041096621813296
2023-09-26,-0.009634728399387393,-0.013034206126578352,-0.0022178306649569546,-0.01249512596288238,-0.011467852161169523
2023-09-27,0.0057184981755957764,-4.215469074486666e-05,0.007549452136005552,0.0029120639853223995,-0.00192919785225254
2023-09-28,0.015315284754632508,0.011967418175065747,-0.00011586683420139465,-0.0011602725879780174,0.008903785480673054
2023-09-29,-0.003659307871866857,-0.0011233552509978262,-0.011349115976851842,-0.0015989375817282436,-0.0025461532982017365
2023-10-02,-0.006543872174810228,-0.006200042657276361,-0.00902163344983642,-0.005463846059184707,-0.00717996247142294
2023-10-03,-0.009906323161457342,-0.011644509312601747,-0.0050409070959993585,-0.011325261529028241,-0.010495100851441674
2023-10-04,-0.0025685334397387294,0.004222942136598684,-0.011706234590891373,0.004431596797664472,0.0027727413253759714
2023-10-05,-0.0072762698402596415,-0.003954323876611987,-0.0057158205401477424,-0.003384404748665637,-0.0041848160452071514
2023-10-06,0.00516429821164488,0.008099464916779153,-0.0029368681282510023,0.011309936013211619,0.006773167666022095
2023-10-09,0.01774120851388772,0.004290742372279777,0.035460170235413147,0.015178916675190779,0.006611587248998685
2023-10-10,0.004725975656645565,0.007792123589609901,-0.0034354617457543757,0.003553891154824518,0.006658991602774611
2023-10-11,-0.004141485710162818,0.0035665823692809795,-0.010639791435573032,0.007863429435005287,0.0008143203738046889
2023-10-12,-0.005628083991951582,-0.006359929814126031,-0.001403853959543122,-0.005748572555157594,-0.006481016184586075
2023-10-13,-0.00011024357014699504,-0.007227018294409637,0.017077222471738374,-0.007025451515008774,-0.0030098124478603605
2023-10-16,0.006098007651730297,0.008075656296085532,0.0026268351654432642,0.006209508512787343,0.008141366136965367
2023-10-17,0.0051772903172422335,0.0031892404518769624,0.006849584748140014,0.0027682131581900915,0.003197340063651355
2023-10-18,-0.007930038410493223,-0.012452644351091946,0.0003107770609100946,-0.017316079076999946,-0.010539058812875202
2023-10-19,-0.007654370377014441,-0.010671698800679641,-0.004092103642518441,-0.008974675013219136,-0.008125701232402305
2023-10-20,-0.012822394185473818,-0.010254936005593573,-0.0034783559881857995,-0.00945786358928935,-0.007888468673636795
2023-10-23,-0.006527251283224622,-0.007457305763507671,-0.002989623862162838,-0.002603155385892175,-0.007342187243735365
2023-10-24,0.0072288493243279905,0.00865792697350165,-0.006759158512404384,0.020811531501071512,0.007475173323978401
2023-10-25,-0.009959430149848791,-0.013856374471448052,0.006401758388459022,-0.004070122271051191,-0.010107555794578116
2023-10-26,-0.0035267292089363744,-0.0074151366712257305,0.0014993790733610624,-0.005276589680249577,-0.005129573558784295
2023-10-27,-0.008835417767120601,-0.00663475028507976,-0.019347594674346436,-0.005372516478616141,-0.01019489117285255
2023-10-30,0.006620418869711209,0.011863352829886153,0.003928215465873741,0.008330267740456643,0.011419245342783935
2023-10-31,0.009823902524288775,0.00873080445552965,0.006092639925365573,0.010538639175314168,0.008382428964377242
2023-11-01,0.0004395683053184385,0.005715210144898286,0.0006132593146623844,0.008297255666616099,0.003976981265434665
2023-11-02,0.02036828057642115,0.020345315257440433,0.01573425957668384,0.024202147657690132,0.018194381127733417
2023-11-03,0.00634425986699827,0.010766758131410592,-0.004716186668391353,0.0029593164280512507,0.008046214218510706
2023-11-06,-0.00340046350765133,-0.00024171242127513093,-0.004878861960403658,0.003216023834216042,-0.0003988557151797245
2023-11-07,-0.003070238311354667,-0.00046777628558225537,-0.007564927900765794,0.003024818799627127,-0.0015847482197781648
2023-11-08,-0.002224452974515012,-0.0006921074057845145,-0.009998999640167705,0.002564442997199823,-0.0022200271793444415
2023-11-09,-0.006257859115039732,-0.006593412283538047,-0.011272575384549621,-0.001981465530711213,-0.007553417981789878
2023-11-10,0.013234722435150337,0.01656891651474668,0.0024690444311681325,0.013529448372267883,0.012900453555599212
2023-11-13,0.0013960042077780788,-0.000559445688301019,0.0052330831910329945,-0.0008026777961744891,0.00017579195555361693
2023-11-14,0.014759151653162439,0.020502310705886817,-0.00026532828853031987,0.010914559417411596,0.01694600297443727
2023-11-15,0.0034397584665417646,0.0035163234249009356,-0.003202069905626881,-0.0002571817328607118,0.003002437054835605
2023-11-16,-0.006437230793892357,-0.000977735563107207,-0.0026570844000661786,0.0015426422055289102,-0.0004342928066621843
2023-11-17,0.005783222531667187,0.005193353051127003,0.008195538194753604,0.005074856121352278,0.0041334127515930685
2023-11-20,0.0036259076730273954,0.006080739954390957,0.001555329839648012,0.0005969089893116397,0.004734660733473284
2023-11-21,-0.003751049572123133,-0.005167656461422698,-0.0009048118520621484,-0.0014003463682195072,-0.002828950593623092
2023-11-22,0.003205649358511975,0.005242338574433569,-7.554445617141692e-05,0.005630415963638891,0.00494762615799238
2023-11-24,0.003313067911571821,0.0021069290213509007,0.002799928735530699,0.002433703431370393,0.0023410928693905486
2023-11-27,-0.004592649354200229,-0.002169097933969244,-0.007619455355692306,-0.004920521395010757,-0.003171485995706047
2023-11-28,-0.00110754567279725,-0.00036628814280548205,-0.0025931353809615088,-0.003247655896945867,0.0008191260542600443
2023-11-29,-0.005721910902326877,0.0016982567270111826,-0.0031170481937257133,0.0033845947696824474,0.0013921607827578342
2023-11-30,0.008522717657454715,0.008389363923024584,0.010589184917526584,0.009980555471831298,0.009290958226421564
2023-12-01,0.008253541464056768,0.008135445800818486,0.006233322384481932,0.007208466484084131,0.008953625179650704
2023-12-04,-0.001928554728485854,-0.002348028303326921,0.004620886692511261,-0.0025509545162013536,-0.000324827584502696
2023-12-05,-0.00720104686839107,-0.006814580464301501,-0.004545753731967639,-0.005725935536485149,-0.006572730600481469
2023-12-06,-0.0029606183126572594,-0.0030790537588853972,-0.0034441270453737793,-0.00011273487104634938,-0.002386827060468888
2023-12-07,0.003645363235111221,0.00615678049579782,-0.010346647828118338,-0.0013924847952426767,0.0032284150345305296
2023-12-08,0.005757770411008112,0.004390654775126457,0.0053183986483016366,0.004755168071827187,0.002764717481820167
2023-12-11,0.01032307220901929,0.012026148394988168,0.00545282693362692,0.008209975261745273,0.009635697808779708
2023-12-12,-0.00016597911286209133,0.0029566451266702654,-0.0037859758587286407,0.005707736174781486,0.002187217795265761
2023-12-13,0.009065250038511996,0.012253619088149481,0.0140408590241623,0.009276562564586088,0.01280600064289339
2023-12-14,0.018386631790660024,0.01695810942946796,0.0030822831675820783,0.004457767106897048,0.011710879612324199
2023-12-15,-0.0032270268309418926,-0.0020843478629529733,-0.008379634697863514,-0.006493431237799663,-0.0033594819549230825
2023-12-18,0.0013119786427344682,0.0008058598973470499,0.00672362870276344,0.0043670067346741615,0.0022180067023995775
2023-12-19,0.007588276901423274,0.007152425523694772,0.006072310108317547,0.009321930221864116,0.006379465022321007
2023-12-20,-0.01703011385872988,-0.020644770132081658,-0.012775088606449492,-0.01745730138371704,-0.018822864671761086
2023-12-21,0.010641187343485736,0.015859043138479745,0.00804075848679675,0.018841917909260264,0.013127393030770707
2023-12-22,0.0037837947667151983,0.004449031804663273,0.005482108656021056,0.005071046997644046,0.004837509529272532
2023-12-26,0.006839799223654186,0.008001587145936684,0.002220540441880914,0.005791881485082362,0.006818305217930698
2023-12-27,0.0007196853163766725,0.0012120290280803747,-0.0005976735864109406,0.0005178345192309308,0.0014378119878566409
2023-12-28,4.889117694939493e-05,0.0008616640130834075,-5.275733616205702e-05,0.0013254291431603615,0.0013013450225574097
2023-12-29,-0.0014366003750122536,-0.002559823143946427,0.0009545334497487179,-0.0013088569754933221,-0.0014360978210354869
2024-01-02,-2.684420838128254e-05,-0.0072863787854745565,0.021793073088423265,-0.005959588467204013,-0.001658325939699945
2024-01-03,-0.006703875865930686,-0.00906218551310034,-0.003960125341240794,-0.001996362315678679,-0.006418684110689243
2024-01-04,-0.0008170512966719778,-0.0014708334401679624,-0.004350379352797695,0.0027090935932447824,-0.00014221468383068814
2024-01-05,0.0037375688745100444,0.0027313243133821885,0.0057851294691397825,0.0020515901968090056,0.0016980344207053744
2024-01-08,0.01222679364822632,0.00798104157561963,0.024116927557699563,0.005841616122999493,0.0066077754083531115
2024-01-09,-0.005268003343269045,-0.0045781348557607515,-0.005223886730450711,-0.0020461524048134283,-0.003364367443007943
2024-01-10,0.0015138650126380604,2.261654170054861e-05,0.006066863187070837,0.0030745494039876586,2.2719719237951352e-05
2024-01-11,-0.0001740704018631245,-0.001953628569988597,0.005019402269243578,-0.0016473504489493696,-0.0021541738078521
2024-01-12,-0.0012571797504409288,-0.0006141133705642732,-0.0037417144118799817,0.002779195292453407,0.0016303767974248373
2024-01-16,-0.0057906021638618466,-0.005847037907984798,-0.006378823687930191,-0.0013061426405990284,-0.006308929503090921
2024-01-17,-0.009158003211211962,-0.006433050201749113,-0.014387568045670096,-0.002526709643972058,-0.00489664477688645
2024-01-18,0.009003037306801298,0.008080699597433405,0.010083648015523528,0.007061139423439444,0.006049191571168677
2024-01-19,0.01739860090889289,0.013867937628924576,0.024869143333787314,0.011668130926433262,0.010770657622518387
2024-01-22,0.0029995816673602516,0.0026694725435592037,-0.002182972489959689,0.0019376306505656249,0.0011618019028472037
2024-01-23,0.001554594702727119,0.00044052587643728103,-0.0018124742724069387,-0.0011192106558957082,0.0022009852917608264
2024-01-24,-0.001425118264716141,-0.006463673102951817,0.005613190890701558,0.00029583680825906455,-0.008664637464079084
2024-01-25,0.0076905677886967005,0.011438177164355467,0.003106710802250001,0.009428672589387954,0.012696788095698519
2024-01-26,-0.007663444408692488,-0.003509407289368882,-0.012230478479811735,-0.005216818553224423,-0.0019896787312352338
2024-01-29,0.002970864884015878,0.00430752548084512,0.0030472108939685327,0.006827249569309579,0.003782911258691346
2024-01-30,0.0019458947027028994,0.0012006028609765629,0.010331657340455713,0.004419228230868377,0.0022802560322807697
2024-01-31,-0.00908517250655172,-0.008164844872020183,-0.012990296057829642,-0.006467048475615966,-0.0074900072262452655
2024-02-01,0.01775417850576355,0.01169728824637195,0.025074334310030588,0.013901238867912724,0.01277100923775909
2024-02-02,0.0008244489377575714,-0.0007228739549419716,0.002802785186839074,0.00012100662148450958,-0.002546196370235121
2024-02-05,-0.003537789827267379,-0.006091777900139261,-0.0004793071117095149,-0.002852349966548484,-0.006143330257670332
2024-02-06,-0.0015529504475570999,0.0019875980801999926,-0.013437458167770311,-0.0006471943582772033,0.002977329728094169
2024-02-07,0.0042496242127341155,0.003090791917637725,0.009162409661376714,0.005012097266226423,0.0017643604222723486
2024-02-08,0.0012052875436445731,-0.00012257998971931805,0.007690158334144659,-0.003651733142165381,-0.0013199784159136918
2024-02-09,0.004961664248120057,0.004563251037623006,0.013339000291818559,0.002999194470850508,0.0020323490269380518
2024-02-12,0.0052234484338529175,0.005134701790575624,0.0025136822492872746,0.0004945304577876897,0.004553750384837629
2024-02-13,-0.012648937315299258,-0.01592021206895544,-0.009532045667012934,-0.0061934748087423275,-0.013039124202581909
2024-02-14,0.014562809715459757,0.008402146654981735,0.022100862109615038,0.006278873990767986,0.005992468184505828
2024-02-15,0.0033816284543815023,0.0068436613377276245,-0.007631712855045936,0.008820763951981059,0.007215416307672307
2024-02-16,0.00017945405402786108,-0.003142833332536621,-0.007248190569238977,-0.004977577002086564,-0.0025013160486320185
2024-02-20,-0.0028164652932720635,-0.0022047578338700857,-0.004453573017591084,-0.007709802084581607,-0.0007761766679262871
2024-02-21,0.0009610340433978681,0.003710487547405439,-0.004259219251591562,0.006151741424820667,0.004499295126813463
2024-02-22,0.013920995750335452,0.010964838014805522,0.024416036111302386,0.016786128273554857,0.008980854725506138
2024-02-23,0.00548847040086331,0.0031213616661847077,0.012760189162151159,0.0033291321868575974,0.0036852196123999814
2024-02-26,0.0020291977549191653,3.3705486200075185e-05,0.010849429465893623,0.0034390711373935012,-0.0014889290068750283
2024-02-27,-0.000889985829222617,0.0015179054459952823,-0.0036442168028988364,0.0015914111036314793,0.0011690163183470936
2024-02-28,0.0025910188844344706,0.0011828001589881953,0.004718454641192249,0.0009539582992788009,0.001485528354069121
2024-02-29,0.006876536645498144,0.00563802478409503,0.012499582507140117,-0.000733602267099287,0.0034725495130831785
2024-03-01,0.03819919846050834,0.016928199951869782,0.08467671707274937,0.011495491923781742,0.013149550823264411
2024-03-04,0.0006692799284075956,0.0019890362360834857,0.002970438881314763,-0.003063804261432823,0.0014109401530235655
2024-03-05,-0.012494717401604016,-0.005818431196825458,-0.020833424708711745,-0.002151175121987481,-0.0039574929965071615
2024-03-06,0.007752607618796814,0.005540854384818328,0.010481523749349186,0.007722000409128071,0.005149603423252103
2024-03-07,0.014058133173257437,0.008517708394375045,0.023835705807360164,0.00021792943281884192,0.006734780659030104
2024-03-08,-0.008931642000218454,-0.004817408339057416,-0.015378683932157577,-0.0008068196488063561,-0.002766962969892539
2024-03-11,0.001081945441642418,0.0004423431608231443,-0.0030915952458639984,-0.0026340661435491075,0.0014430709785733242
2024-03-12,0.0014528473604724645,0.0041976223093449505,0.0015000319686844232,0.005879236174006541,0.003082895844474187
2024-03-13,-0.0038121434584629244,0.00032135943901234754,-0.008795230962861611,-0.0003702634321467446,0.0007219301244101306
2024-03-14,-0.010094859682514223,-0.008214550255193687,-0.01830510691970455,-0.003576401902387616,-0.007915495416135787
2024-03-15,-0.002486801814246098,-0.007754177192692779,-0.03197617206046344,-0.005385120253466269,-0.006658546828505307
2024-03-18,0.0005714176821651762,0.0006132043517177443,0.005782682330925271,0.004703509940185979,0.00022597303561400217
2024-03-19,0.00513896639325484,0.004355545954977558,0.010496576277449376,0.007025656160511984,0.004560523632499924
2024-03-20,0.011828033208364008,0.011433522652156691,0.010764485699659598,0.00809079956131109,0.008659653487458785
2024-03-21,0.010907198799739115,0.013041023921029016,0.013748679486478732,0.01211198120367385,0.009534097473378855
2024-03-22,-0.0044843392906751545,-0.00452725418084543,-0.007006666378604809,-0.00731928117149494,-0.0036389940048692226
2024-03-25,-0.0025548495760875367,-0.000789549403389489,-0.0015053835448257669,0.0022151777926882055,-0.0007954799140476032
2024-03-26,0.002306665029264021,0.002735906080008954,0.0066165709111971616,0.0012993468098190242,0.003606780170763102
2024-03-27,0.015943879061686594,0.013373473245813283,0.012272704614416874,0.01038229921153433,0.013713981612116788
2024-03-28,0.003439269503614284,0.004150863028465235,-0.003762982571071438,0.0010794491134722417,0.0038628628742185533
2024-04-01,0.003083208445860741,0.001641029099413327,0.014141792484834603,0.0019393055581611307,-0.00043033280035065236
2024-04-02,-0.007979115039684292,-0.006089194345784477,-0.014566418678513937,-0.0018199036715964567,-0.004424717435675629
2024-04-03,0.013868468118551469,0.004046648317080681,0.04196377062673062,0.005530202783121663,0.0012505599246759314
2024-04-04,-0.007394086405626665,-0.010508296694948793,-0.004743209996664888,-0.009198629337504038,-0.00874005981154169
2024-04-05,0.01815505033833409,0.010385414847424501,0.03504993264098455,0.011148657906268289,0.009266075597704981
2024-04-08,-0.006362936632587801,-0.0003140730961614935,-0.014941787247228833,-0.0013322401831414865,-0.0012695923863503822
2024-04-09,-0.0033613546535760097,0.00215785435284932,-0.011985243517685262,-0.004163711954950133,0.0020625397168116955
2024-04-10,-0.00788931419735417,-0.012053507485495496,0.000481569918638014,-0.0039640662986727415,-0.010256243216605121
2024-04-11,0.002931610279189645,0.0015702468165923467,0.006127752401133613,0.004124092958722958,-0.00014869009798101906
2024-04-12,-0.020776447126335085,-0.018017629534774593,-0.029961089447835265,-0.01560793731436505,-0.015649926664090374
2024-04-15,-0.002815042157373937,-0.0035724367338720864,-0.00285971544343977,-0.006074267551143153,-0.002524768786974607
2024-04-16,0.0043876008347631945,0.0004509145310609419,0.01515214297766243,0.0015929633342151028,-0.00027283660823418376
2024-04-17,-0.006534954832423168,-0.005851754105962503,-0.009494640136205157,-0.005034093963436792,-0.003578574569026882
2024-04-18,-0.005505210049073783,-0.003804996858489007,-0.01071159963052759,-0.006512563017151973,-0.0025208564386950405
2024-04-19,-0.008107456681469616,-0.0024858586168224894,-0.03265060027753375,-0.0018639632879701162,0.0008136343663607271
2024-04-22,0.008755650309107077,0.008291053043592234,0.009200664671331404,0.006668905712602591,0.007332409063191436
2024-04-23,0.023061193628052257,0.014454685766342346,0.04588480818376928,0.01218716125520758,0.012924881683644474
2024-04-24,-0.0008953282007000407,0.004011593563945093,-0.008162177173573926,0.0002385513004601325,0.003347489679904614
2024-04-25,0.010640718290988449,0.002659964171499496,0.014691557495325913,0.0011584641210058422,0.0023229985118999874
2024-04-26,-0.0024171665663388353,0.0028810445428806286,-0.003615688627816027,0.0007044940306906167,0.00138063466599192
2024-04-29,0.004297564142116794,0.003417224512982653,0.010791125400778867,-0.00028434189481352234,0.0031058088150046625
2024-04-30,-0.015880600177721083,-0.013275068254672506,-0.018942397781863463,-0.010856786477173808,-0.010988557191060844
2024-05-01,-0.011642829727862014,-0.004779408296397447,-0.01965796196103453,-0.008228703443778795,-0.0032946661854680315
2024-05-02,0.008513359687759126,0.006460289786099471,0.019895132993870135,0.0029452801145815055,0.00450180239593867
2024-05-03,0.006502533366633978,0.005984713486086424,0.011482793783186063,0.0036674700426138074,0.003988965462668137
2024-05-06,0.012857116989965611,0.010250858459337264,0.020787918466692812,0.010963394351164446,0.008141410643245584
2024-05-07,0.001047612176948487,0.0017991043728209366,-0.004311979782455566,0.0045597446981351375,0.003068034707885081
2024-05-08,0.0039670392683628375,0.0020612822891923344,0.00740472531192804,0.003909599533758579,0.0014059380845630187
2024-05-09,0.00325037670558892,0.005017366064803186,-0.0024439351116973818,0.0039754111772287715,0.005301378709037463
2024-05-10,-0.001363585276058954,0.002978691644604625,-0.007961917038725286,0.0038132854649428616,0.0028661584823705955
2024-05-13,-0.005463782029611064,-0.0013219963755269903,-0.011926875298795325,-0.002140093128891518,-0.0014309967638905796
2024-05-14,0.004447540272180639,0.004037365026590578,0.007600874058009133,-0.00010082815810563694,0.0017171492067620253
2024-05-15,0.023899582995760893,0.012234492133395225,0.04160000311690659,0.011648529455832835,0.010139084868014958
2024-05-16,-0.006381895843482033,-0.003587848986995712,-0.009879971840756285,-0.0017440614760603212,-0.0023882714024466845
2024-05-17,0.0030542661134072002,0.0014646993523999008,0.003654029138588699,0.0010385043042890896,0.001505529177802556
2024-05-20,-0.0025300469600539888,0.0023357431418078445,-0.0041005895966697015,-0.001620595725346674,0.0007083273099306453
2024-05-21,0.0011525751035141862,-0.0011115544195740013,0.003942378121705392,0.0004954462712316587,-0.0006049984331017999
2024-05-22,0.0006854366022919223,-0.00041254577247396007,0.0012421639399009532,-0.000699594158256156,0.00030454268598090195
2024-05-23,-0.00014730896449099973,-0.009128426883004415,0.019923704988963786,-0.0046534243565981015,-0.009357199558307272
2024-05-24,0.01124314684437433,0.0066662820915244225,0.019752998443948844,0.006162142155874628,0.004376521486297191
2024-05-28,0.0031900266381672537,-0.0023641128503019138,0.015806801567427753,-0.0034028187878283322,-0.005103339745971325
2024-05-29,0.00041471159257522316,-0.007627214217333589,0.013448497742216903,-0.004799338054107372,-0.007192997678470592
2024-05-30,-0.006381582826377796,-0.0006825823734847303,-0.01937231022984265,-0.002016138974887949,0.0010137554756295408
2024-05-31,-0.01866856362037561,0.0034736391160761215,-0.056821046240506545,0.0068848646649894985,0.006560706279440165
2024-06-03,-0.016532784204369322,-0.007765704555233732,-0.029119195095467565,-0.004760507808542647,-0.006285579559665022
2024-06-04,0.002207478283921427,-0.001359452561461083,0.008551484130240539,0.003669994656006814,0.0009474736279795337
2024-06-05,0.010548467620755009,0.010177532321710148,0.0124175274525955,0.01062174497071644,0.006681712329031475
2024-06-06,-0.005077991176414165,-0.0020617742402178063,-0.01464128494875827,-0.0006717137780465343,0.00011841694313940998
2024-06-07,-0.0014687512294673244,-0.001397145303487779,-0.004310049539952288,0.0034496716381060555,-0.0013388778463658824
2024-06-10,0.008145286077440916,0.0067985655298559156,0.010535842703226272,0.0022600536794119552,0.004874337098736303
2024-06-11,-0.00663757330008008,-0.004261464011858895,-0.007597318813832077,-0.005833608062058682,-0.00414113865845378
2024-06-12,0.0001093275727137577,0.004278914867831718,0.001668603511038258,-0.005792169302233252,6.263267468065159e-05
2024-06-13,-0.004604472172402452,-0.001991501491944714,-0.005257679418876227,0.0013239598105199146,-0.0008831757478086066
2024-06-14,-0.003484353814022123,-0.002316485690697645,0.009842842645010341,-3.96731494910485e-05,-0.0014598088428482425
2024-06-17,0.019379540671691453,0.012195228656372237,0.03798659500788082,0.010261727704804713,0.010027925505731394
2024-06-18,0.011327573459927853,0.008024096820639315,0.020464885023900425,0.010196694092676317,0.00730365897216112
2024-06-20,-0.0005455597451990979,-0.0045275160668312164,-0.01406368997244345,-0.0018763649939945726,-0.0007095001341864693
2024-06-21,-0.003311223949224784,-0.0017503153193181298,-0.005105811105146629,-0.00442870435136733,-0.0006078386954664339
2024-06-24,-0.00857696638586769,-0.0010477183546999669,-0.026314420769920965,0.0012307964799320725,0.0013387646790681274
2024-06-25,-0.0015938987443185892,-0.003939358694175832,0.006087301955997493,-0.0017627331155770642,-0.004468038954493991
2024-06-26,-0.0010942368646248424,-0.00282802872931065,-0.005135052969295284,-0.0029771787942171057,-0.002835337357075529
2024-06-27,-0.0010712820001955725,-0.002852518093520384,0.0018177658426061782,-0.011890698914924336,-0.002361024509129228
2024-06-28,-0.0021179943535284407,0.00233380801518579,-0.004457243799735333,-0.005267932194206737,-0.000300522431581407
2024-07-01,0.005677681197269413,0.000601363783549802,0.012225858037731241,0.005869466432477877,0.0006884790490582215
2024-07-02,0.006736825557259074,0.005865886716607482,0.009155645078472885,0.009517600089602896,0.004990461685905778
2024-07-03,0.0004199169679450776,0.0015998512459405312,0.003199679038275116,0.002936922995507185,0.00020510697939046807
2024-07-05,-0.00540624411130064,-0.0022530552157196126,-0.011663660166404854,-0.004548866213835656,-0.0006558063798471903
2024-07-08,0.0127551129785346,0.004719448378439406,0.02692473996275946,-0.0021533190281416426,0.003145198040861885
2024-07-09,-0.0005848736472073846,-0.00010720372922745636,-0.0016217640312085058,0.00031260373944030917,-0.0003360673627301747
2024-07-10,0.008595436042074356,0.011184088204495568,0.009985045602861398,0.0030398594541207746,0.010208018106831362
2024-07-11,-0.00714865064443071,-0.0017066405483410207,-0.0221453803854339,-0.005670796398527744,0.0001208311279521368
2024-07-12,0.0010773828409504915,0.005685996289144013,-0.005991888679142687,0.004208234492516727,0.00469383180451044
2024-07-15,0.004552801033685494,0.004888851233299629,-0.0014850415812517337,0.006274398673664416,0.003942998272916887
2024-07-16,0.008847745097375403,0.011766981986863989,0.004043064067435376,0.0034764222414875867,0.010429430927112238
2024-07-17,-0.017253064444683552,-0.010536606679411586,-0.03621345091982309,-0.0025291537949716503,-0.0033240179443088103
2024-07-18,-0.003790027698537868,-0.008331362418463328,0.0022161047205484508,-0.010332070468899945,-0.008028769478119813
2024-07-19,-0.008509891369120393,-0.011962527397394562,-0.004814556763507172,-0.008703675127765265,-0.009055096638160176
2024-07-22,0.01141637341860946,0.011050023952320132,0.016903167786155526,0.004200697572350975,0.007066456672763843
2024-07-23,-0.0007163070219986523,-0.006829842241927064,0.012402503718313973,-0.00118579610992664,-0.006524050436301776
2024-07-24,-0.025646838534986283,-0.01233750736489303,-0.049030602819914004,-0.01549107913858172,-0.0058220384102452005
2024-07-25,-0.0010529748482183132,0.0005536352686001944,-0.007587243499158958,0.004738458013129776,0.002725006788083073
2024-07-26,0.017465459887248347,0.01725348706736307,0.01981343659375412,0.012284489758490613,0.01453394185414325
2024-07-29,-0.002580626281329934,-0.0019254120566590815,-0.0069776197147480845,0.0017942026797346244,-0.00026470356718610866
2024-07-30,-0.00985223607130159,-0.004340218684347752,-0.014064510571252131,-0.004883185236636334,-0.0056836004659911454
2024-07-31,0.018033076696295725,0.01601970661936658,0.02822012061058965,0.019193257195478486,0.011587766239176345
2024-08-01,-0.02221396532378539,-0.02043747281392838,-0.018353507395022617,-0.009815091590555158,-0.011526014728666878
2024-08-02,-0.04037472799465602,-0.02786582989110198,-0.06461943527007319,-0.01545559857281531,-0.018122217760383252
2024-08-05,-0.023835663110375882,-0.02175189987384296,-0.024110212581345936,-0.02310484529779966,-0.02138446555886475
2024-08-06,0.0061882527746150995,0.008236053874801863,0.006335916665423991,0.006815611567074109,0.007136157166616641
2024-08-07,-0.012206772127512533,-0.008190509745936603,-0.02064033203599014,-0.0014383976791155773,-0.004906137781590547
2024-08-08,0.027356021686854026,0.0257736842565488,0.03022139295851267,0.019437170644795332,0.0209010389186981
2024-08-09,0.0019886690732535683,0.000991025363151099,0.006376475965160777,0.004807180215639972,0.0005231283235735962
2024-08-12,-6.548857692911803e-05,-0.0025807338175224404,0.004474971510524783,0.001690229993987158,-0.00318746332436437
2024-08-13,0.014777003485604068,0.012769716478669313,0.019704072118653215,0.0072375607791177465,0.009572776432847263
2024-08-14,0.005111540715127649,0.006078844643555792,0.00647321979471438,0.006540598613894666,0.0063423331979648445
2024-08-15,0.019327982706191627,0.017102047591855296,0.029192961996947764,0.013784386443162377,0.012246623003069335
2024-08-16,0.0027172119791754046,0.0024929793492347585,0.0017751950302333785,0.0030965044652673246,0.0029480676369144643
2024-08-19,0.008067897094456544,0.006808053515537038,0.009546961934215448,0.0031635152261912936,0.006102881304709706
2024-08-20,-0.00567192437381403,-0.004185364343496367,-0.007415237218347248,-0.0031145736702608007,-0.002485673839935809
2024-08-21,0.0061636146156305305,0.005832890841738658,0.00798121229771609,0.0004624065793952248,0.004677335583257891
2024-08-22,-0.007875722139286334,-0.005760799114337911,-0.014972963553435137,-0.002044906626951115,-0.003191360656435549
2024-08-23,0.01294013499316038,0.01189685991700995,0.014218940555880577,0.0029981128765290688,0.009297610293246716
2024-08-26,-0.00042820574449076165,-0.0006475524842450842,-0.00042275151816539847,0.001210895953660307,0.0010935500111537433
2024-08-27,0.0025485154468283255,0.002926493295695609,0.0018095742641268675,0.006059761594104041,0.0027786307611781247
2024-08-28,-0.002133639055872383,-0.0029595954708080408,-0.0022588432561998495,-0.004310540884894687,-0.0018328306491266488
2024-08-29,0.005559346253954489,0.005576733129075251,0.004517678127120561,0.008006135603619846,0.004934653481803997
2024-08-30,0.015178766505744568,0.011383782898072958,0.019521128144285527,0.0067922966670608265,0.009826905980497624
2024-09-03,-0.030563032739804874,-0.023082002217032938,-0.04432997645332115,-0.014280622269190357,-0.015336621541440554
2024-09-04,-0.0008610161488294965,0.0015821112474290189,-0.000166590183796278,0.001092772872322234,0.0017290591967780156
2024-09-05,-0.008845749057711183,-0.007020531321863865,-0.013648442935017546,-0.0071823971102410455,-0.006039579794083427
2024-09-06,-0.017576876471634195,-0.0147585875855607,-0.02423112352314416,-0.011676183123529138,-0.01194619472276559
2024-09-09,0.016415762288557456,0.013526427721478829,0.024290214219481188,0.015878211344651394,0.012054435662023577
2024-09-10,-0.00027325263786204257,-0.0030570174286760343,0.006001452418751052,-0.005012822480412016,-0.0016902545812759184
2024-09-11,0.004249916363879613,0.003946409003803941,0.008738836783176218,0.0042072118304394834,0.0005576490428327308
2024-09-12,0.010466667099944926,0.004996912114529017,0.01868237427755215,0.00567615306153324,0.0056259368377569174
2024-09-13,0.014237653713269793,0.00871783795881309,0.020418061722870195,0.004906434209384747,0.007251286690750147
2024-09-16,0.012219438421282813,0.006458656536592944,0.011483316441897706,0.007281354700177545,0.007811630449659379
2024-09-17,0.0041397875649922256,0.0028654735381046237,0.00024869196750310074,6.897678682005193e-06,0.00016198844700876514
2024-09-18,-0.0022669720338388544,-0.004195348727994208,0.0012160144595143585,-0.009109500632468293,-0.004883774230543314
2024-09-19,0.013207638702347868,0.012630204128627476,0.017827796014008745,0.005666060978245291,0.007749723712385359
2024-09-20,-0.005310109870470314,-0.00385956316344227,0.00584196085975397,0.0011438096260918407,-0.0017476613885542003
2024-09-23,0.004425780549519143,0.0035075062110450084,0.005915090635501219,0.010864759440346594,0.0039221710876617966
2024-09-24,0.0015873216741693064,0.0023611969468770866,0.001007541241028198,-0.011623784380826674,0.0010342151038793546
2024-09-25,0.0005210297596507374,-0.004181574831203405,0.007304014281476645,0.00014246166436970853,-0.0037506560512218234
2024-09-26,0.008562585124161304,0.015770022983460308,0.015309705892900594,0.010456610469639749,0.010727094199755483
2024-09-27,-0.00424739726783141,-0.001956254073418151,-0.014226385645061401,0.0026980002861185515,-0.000372962940687005
2024-09-30,0.0010577942486025282,-0.002030550306405199,0.0014053433715934815,-8.738142265340976e-05,-0.00048268770172277264
2024-10-01,-0.010008970018994479,-0.005348165802153582,-0.021087152580821167,0.0009097680824767806,-0.0022727608324788484
2024-10-02,-0.0008239104670484387,0.0005935536642078798,0.0015488099594422877,4.288476627745119e-05,-0.0004640008727706535
2024-10-03,-0.0037459703027148405,-0.0041220772148353735,-0.0008526407186945084,-0.00045373775937562755,-0.004746246383384833
2024-10-04,0.01306123345761101,0.008596476632359407,0.020514080813373248,0.009055689777878184,0.0064648275394969534
2024-10-07,-0.005997476181044736,-0.004624450111542666,-0.008202128578144063,-0.005167949359479729,-0.0044525582628356375
2024-10-08,0.005750695417011897,0.001993226151232541,0.015022380717446326,0.003329355102576148,0.003081291327977631
2024-10-09,0.008306401890030068,0.00809700760950216,0.005876502811629658,0.006225096540266817,0.007437016941584718
2024-10-10,-0.0013263328454086176,-0.0029672342939091045,0.002258001865405479,3.929637141597553e-05,-0.003735096696991236
2024-10-11,0.01223624566412207,0.010386764074015398,0.014186684916829728,0.01008481244434245,0.00980918815499221
2024-10-14,0.00806123566014505,0.010125093861646617,0.008906586285144735,0.00880895920826874,0.008890842676825494
2024-10-15,-0.010286510462883092,-0.011100447804895275,-0.012177497029978168,-0.006782760294330892,-0.006394371390973097
2024-10-16,0.00569561161742671,0.007381573172833056,0.0047531940358809255,0.012261951876724186,0.00715517586093628
2024-10-17,0.0034251260323916455,0.0007376781907741936,0.008121383195249132,0.0038049872098910864,0.0004868619665974183
2024-10-18,-0.0008790660202648848,0.0006849424758637035,-0.00433299254926045,0.0010473646891548949,0.0008842050169186599
2024-10-21,-0.004682946858735826,-0.008164235307502987,0.0006141980448752804,-0.005518067254750902,-0.007959659443552591
2024-10-22,-0.022198954957733608,-0.006050089759575439,-0.05159444798956381,-0.013001031178464628,-0.007792811836907387
2024-10-23,0.0010383820268831112,-0.0029794089934321866,0.007370123172656617,-0.0002107744328676553,-0.001419859240409993
2024-10-24,-0.0037625716692233357,-0.0062446009130947555,0.005907368019630876,0.003016828301558583,-0.006277170670840548
2024-10-25,-0.0021134561496201076,-0.005056838426107491,7.99132168214367e-05,-0.008524990948762357,-0.007893608764234394
2024-10-28,-0.0014804367312127864,0.0026215853623254848,-0.011696885657272449,0.00039361264755943814,0.001899679368611018
2024-10-29,-0.0027492428065744035,-0.002736917104501857,-0.0010374708388715126,-0.00621468559005145,-0.004498511581215281
2024-10-30,0.006056655544254719,-0.0015427988824899819,0.014855895828110866,0.001534984101957848,-0.001199096755199136
2024-10-31,-0.013149688176619545,-0.009736745754445497,-0.022295222996136066,-0.009660911150834228,-0.007746577574375579
2024-11-01,0.01202319884608416,0.005700588752398428,0.0240642187166622,0.0028180161847519702,0.004552396483156196
2024-11-04,-0.002688721702398311,-0.001533832850328265,-0.0035466148182125012,0.000591166830811396,-0.0015377032488963494
2024-11-05,0.013840614737666623,0.011382891276971785,0.020567016705770325,0.009184118702603161,0.00968145373352769
2024-11-06,0.036049700199310086,0.030520948321641317,0.038799071365011484,0.03644219232206014,0.022797958230322823
2024-11-07,-0.003765686831237347,-0.0006900315455944384,-0.00399210633736391,-0.005948041892129607,-0.0002918333450191435
2024-11-08,0.006914389860585901,0.0045326160388545755,0.004798145935267728,0.009368767883081608,0.006490147084661002
2024-11-11,0.0030801127600892375,0.0007859959344740375,0.008355502178510887,0.0038973439438625412,0.0003832019154630384
2024-11-12,-0.010645811768779545,-0.0109643284573685,-0.008603938790189392,-0.005233664949752526,-0.009689475562088212
2024-11-13,-0.00020941977670729806,-0.002578418592153686,0.0002315327350788099,-0.003048156418464232,-0.0017611408691957653
2024-11-14,-0.008138525994578982,-0.0056319157961789434,-0.014939649690850265,-0.009677108516965571,-0.006762017624258987
2024-11-15,-0.008850646533992812,-0.007998480555299503,-0.015613668527185487,-0.006534367092355442,-0.0053589270237636155
2024-11-18,0.00773310985918485,0.005806568785365673,0.011457299700257773,0.005169121376486174,0.006213887149704167
2024-11-19,-0.004795273563486524,-0.005653601660380203,-0.003694023367331156,-0.00431131243205185,-0.005042795253077492
2024-11-20,-0.002174518034546269,-0.00019003741873380164,-0.001954857772732521,-0.000912048884249117,0.0012836544381658044
2024-11-21,0.0147531515657493,0.014612200335653247,0.01599521893448075,0.013783578287465792,0.013705249487445004
2024-11-22,0.012873605381443998,0.009489216778489684,0.01841244202785064,0.005818327285308955,0.008221898192453558
2024-11-25,0.005938639232894838,0.008433007659399028,0.0026286392721017737,0.003818690322807683,0.005913563904325736
2024-11-26,0.0004269409258657042,-0.002194440548023535,0.004840905765459924,0.0030072613465736975,0.0006726472497358138
2024-11-27,-0.019356496189943617,-0.005736420029317624,-0.04383329774604905,-0.0017954633133406839,-0.003676818973111229
2024-11-29,0.006458583779151761,0.004688194009734303,0.01367595458953108,0.00274869190412641,0.003342164020635474
2024-12-02,-0.006363288156440938,-0.0018658101306866515,-0.008967211540013675,-0.004667100513777389,-0.0028752282535379203
2024-12-03,-0.005769639379924918,-0.005629497736912126,-0.002599140379427878,-0.003011196518125203,-0.005533541385170149
2024-12-04,-0.000818717954993442,-0.0006510425433535749,0.0073164775935903315,-0.0012979129402982403,-0.001333398818215037
2024-12-05,-0.011753168224740373,-0.004876501875628048,-0.02553576448193906,-0.0021699661046472585,-0.0023859548546213416
2024-12-06,0.0009056167231571433,0.00021750728384661855,0.004694560320142038,0.002670304532194745,-0.0010394717465219694
2024-12-09,-0.010833433846909046,-0.007667127123268003,-0.017427741487312742,-0.016936114104490363,-0.009398557593613188
2024-12-10,-0.009458783507768187,-0.005007187693777615,-0.01581522614931863,0.0020341344107424053,-0.00192228350933199
2024-12-11,0.0003631155809302733,0.0005091512787678276,-0.0003294898072206953,0.002818453020530187,-0.0016807014568190892
2024-12-12,-0.00460985193492125,-0.00641511662478067,-0.018451288624978024,-0.008036988711344062,-0.004741236690431361
2024-12-13,-0.003040630651177989,-0.0023380635084004897,-0.00047227962313356464,0.0007452330196557888,-0.0019103947325066484
2024-12-16,-0.0019420912741007212,-0.0027219139092076183,0.00040434574773184906,0.0008285914067902578,-0.0039075736171261255
2024-12-17,-0.008312849656017196,-0.005968338459481082,-0.009056320656948058,-0.005984651405267494,-0.005088030340940075
2024-12-18,-0.028543450890835098,-0.02465038099681338,-0.022108963447247998,-0.022649055924397143,-0.02214793839890472
2024-12-19,0.002276422477844653,-0.005430345070380205,0.004575265360352798,-0.00560194988119278,-0.003101492652781701
2024-12-20,0.01489210562355292,0.013235425453423266,0.025212045627357238,0.011598926401802157,0.010969884313382972
2024-12-23,0.006577066846105817,0.004471776264918237,0.010927110307017873,0.002315451957745518,0.003459030567646071
2024-12-24,0.008673759032812978,0.008716499332115157,0.009127891371432773,0.00784563755431611,0.00789741394342336
2024-12-26,0.002580608687387409,0.001970769087639823,0.00287754403238738,0.0022129889709283646,0.0021499877914410437
2024-12-27,-0.007159632333707755,-0.006217291200322439,-0.011032536090634926,-0.006100957120996231,-0.005863835525021899
2024-12-30,-0.013241576077937522,-0.012739166577636185,-0.014267855481300717,-0.012541997710916353,-0.012462225888170253
2024-12-31,0.0012098260019723917,0.0013544300902474937,-0.0016734707103381874,0.0015358367757647429,0.0021939137695707878
2025-01-02,0.00010426714152256267,-0.0012429686735456746,0.003819754096923589,-0.0015356082362082413,-0.0017655297161848216
2025-01-03,0.009685382808614085,0.006887775031650056,0.0038220152489152337,0.0022131391185689075,0.003573481860325467
2025-01-06,0.001331463222253415,0.002704599409198538,-0.007229148036941968,-0.007471358740252065,-0.003859341998673438
2025-01-07,0.0009314673850422395,-0.00019161562633385198,-0.0034392647359933193,0.0011689781632566731,0.0008582775403600529
2025-01-08,0.0014041699902429539,-0.0007386154616694229,0.004331434479139418,0.0017576548138023007,-0.00039303810692070673
2025-01-10,-0.014981688211101685,-0.01581484398392996,-0.01658905787377929,-0.015655029911344265,-0.014240139351816339
2025-01-13,0.006235032985394184,0.00540190986666067,0.006840885700724275,0.0076586568630117036,0.007300910741621314
2025-01-14,0.011750022965102858,0.009635493572329068,0.01258580548074173,0.007407375849675324,0.00782609565457415
2025-01-15,0.011887868141315261,0.014973523608429629,0.008864439090743303,0.013191590408584863,0.010571837016442709
2025-01-16,0.007744136715343908,0.007433210031130955,0.0051276958078534385,0.008406215414415996,0.008147154391401124
2025-01-17,0.008305153280201427,0.008919616432587318,0.008143435847819402,0.0058012247313383725,0.005681890571096471
2025-01-21,0.020005217741027037,0.014160796504164352,0.020474528020354654,0.01417813281676672,0.012137409938179466
2025-01-22,0.001556402334369933,-0.0003413302357976322,-0.0011256948415289125,-0.003992320186216314,-0.002156319462496281
2025-01-23,0.013782182700636136,0.0083564846517874,0.014194000829517828,0.007487712881091513,0.008794328993548373
2025-01-24,-0.007057659616263923,-0.0066568619276411445,-0.003008347303661396,-0.0024770232441204687,-0.00382862780144122
2025-01-27,-0.0074800814861626375,-0.0023782876136438924,0.011571221815787514,0.006770977369856546,0.007763212671012321
2025-01-28,-0.003110063838739352,-0.009230185251624556,-0.0007939432493866416,-0.0048530468441344565,-0.010414519025642277
2025-01-29,0.001815407725494378,0.002153021736092553,0.007746483553545236,0.004646931535638332,0.002432828496927719
2025-01-30,0.0216058334516942,0.016779500743324682,0.012910329565430922,0.0176844947505157,0.014457608567876035
2025-01-31,-0.008302177284860046,-0.011466413367010375,-0.006979115627830712,-0.007275700004433894,-0.011361703428677705
2025-02-03,-0.0034354673677947645,-0.005504342934668949,0.007313131779206117,0.005414051355203897,-0.001557880807832257
2025-02-04,-0.0010460502659278559,-8.70699817251408e-05,-0.002401455332457725,-0.005992372066897289,-0.0024283941411409327
2025-02-05,0.009797920594712961,0.009363619115392963,0.010078101220695856,0.008414394489075105,0.007979967669419663
2025-02-06,0.003935017371431426,0.0018054522914368043,0.003079495627177131,0.0012958860041734077,-8.310367724306822e-06
2025-02-07,-0.005287873407279098,-0.0062747579258326525,-0.00482236822870008,-0.004167836220172472,-0.004416766844746567
2025-02-10,0.005673714531698737,0.0071335505254381815,0.007487095273651878,0.009755442458670993,0.006123504405973534
2025-02-11,0.0076046413539498925,0.007240575773971303,0.008461860083908812,0.01050645935397676,0.007861542927919407
2025-02-12,-0.0025255547974200043,-0.0001475262931694976,-0.003678375006887058,-0.00704178162140201,-0.0012274690877590588
2025-02-13,0.005058901219976875,0.0098417641313584,0.008314182038944518,0.009770533577585283,0.008883551299946113
2025-02-14,-0.002219083037055092,-0.0017382069922112775,0.001974449465200756,-0.006247736747411303,-0.004813786141904086
2025-02-18,0.009817314594525284,0.01350959836859067,0.001195016046212416,0.006695176105110834,0.008960408244513829
2025-02-19,0.005575336479303861,0.004397407244724594,0.0034983694745929217,0.003031537910489046,0.006529573878470973
2025-02-20,-0.005117278015933757,0.0006628505336108148,-0.0030189802444023917,-0.0024759889238555877,0.00268390035386612
2025-02-21,-0.018151560140888034,-0.016100361571405042,-0.009737750460677375,-0.006669328502316274,-0.008549268680056565
2025-02-24,-0.003303976713644463,-0.005043370426332849,0.005460427149449831,0.0032128918761773484,-0.0008066681739012926
2025-02-25,-0.0006156922231838058,-0.001148463233828445,0.0034727537597765146,0.0048457936038268645,0.0030303565950162703
2025-02-26,0.003395520710353539,0.0005267223257221509,-0.000897425736602897,-0.006415298325993635,-0.004472332359420239
2025-02-27,-0.005851856798780308,-0.009818301444274202,0.005118674036991733,0.0033857162996917545,-0.003163572465735065
2025-02-28,0.014909220506428289,0.014240655171267491,0.020470348618873757,0.016997454155278424,0.013857033521381457
2025-03-03,-0.013685002396025214,-0.012667326609062113,-0.0025281184822602,-0.002776150176769243,-0.005427829934357198
2025-03-04,-0.025647721527398137,-0.02223764256405114,-0.03545119290187271,-0.023733920475522252,-0.021413926589581522
2025-03-05,0.011247988288155097,0.011463387328385366,0.00709895246359693,0.005470956435573715,0.008937368435558923
2025-03-06,-0.015821348737782626,-0.012920127846856477,-0.0074951290228872924,-0.011550200616895934,-0.007480070419232265
2025-03-07,0.0019943613858159903,0.006996043047498457,0.004294488401010321,0.0020834501846245246,0.0086482234177927
2025-03-10,-0.015617587725332394,-0.016182652507442552,-0.0021403846514346236,-0.007176752097109884,-0.00874134021818851
2025-03-11,-0.010040256192995423,-0.013456916188010593,-0.021519732967732352,-0.01659727198031291,-0.016842613718725308
2025-03-12,0.002640468862824985,8.427480152151112e-05,0.0006114597501618579,-0.0017552483739887714,-0.005403980157117849
2025-03-13,-0.006886321622791236,-0.006558863254914171,0.000603782652534024,-0.00457715907652545,-0.005305875944552341
2025-03-14,0.0185464335273664,0.017722870817294067,0.012484857923286352,0.01097283443891528,0.011568512396865849
2025-03-17,0.0130406358985653,0.01205929913190018,0.01368019888526284,0.011449866720488311,0.010814054850343702
2025-03-18,-0.004612763055458435,-0.00499305379764714,-0.0043162304912690574,-0.002319889411860898,-0.00469329266384344
2025-03-19,0.014389486193785217,0.008468636863767642,0.013244294832293058,0.008497876399548465,0.007645015556519086
2025-03-20,-0.004933945635015813,-0.0035209618390623643,-0.0062903609886221235,-0.002348011832855823,-0.003640689719543011
2025-03-21,-0.005207083160273851,-0.006379856751691726,-0.0024956199496698472,-0.010244907959798155,-0.006492373704474752
2025-03-24,0.01967974140169715,0.015681308066419097,0.014870930912197933,0.01318988462241566,0.011384650778836436
2025-03-25,0.002959914109753381,-0.00036054551562092474,0.0058324037987071975,0.00139771000597122,-0.0012828063972758486
2025-03-26,-0.007762962382318661,-0.0036581437371469017,-0.00177168675031103,0.0001808840009658308,0.001604568966898423
2025-03-27,-0.006952983307226823,-0.0033977061805052777,-0.0005665525722191589,0.005070331626151781,0.000628950057090627
2025-03-28,-0.019002274738303404,-0.017161203678777492,-0.01398223329507231,-0.014711460061797799,-0.01229624256649886
2025-03-31,0.007096838660360261,0.008212881792541538,0.006783503158529713,0.009428657578176125,0.009047473746638834
2025-04-01,0.0010899695193666847,-0.0016974015076598459,0.0068662739647396,-0.0020313333124339916,-0.0031507024600672118
2025-04-02,0.003310646091049252,0.005263036309819835,-0.004426378924288321,-0.00021635834089517303,0.0026473504497852574
2025-04-03,-0.05643564644731491,-0.05411186376263932,-0.023213197750190817,-0.031185064698598164,-0.036368919753680506
2025-04-04,-0.07604557254266053,-0.06850672646931821,-0.07674659152801289,-0.0767227901996489,-0.06427528534945215
2025-04-07,0.0040090064004965065,-0.0010899682391150023,-6.157957079244714e-05,-0.006164254876949049,-0.005972703340212049
2025-04-08,-0.004798603668546564,-0.016070311882936505,-0.002971397005424592,-0.004145671903556081,-0.012818264549043779
2025-04-09,0.08743871574395512,0.08879133883691459,0.05781190774058098,0.06716427046143703,0.06844691010908299
2025-04-10,-0.03092002766693791,-0.03616928732360847,-0.014476483222354064,-0.02549451479201925,-0.0267669173100753
2025-04-11,0.01621637333163295,0.015562473861167492,0.012142092882529099,0.01792803759468997,0.01680495840825036
2025-04-14,0.011547234662790062,0.012304112278158641,0.015227504067516051,0.009856898797508507,0.011769045377584941
2025-04-15,-0.002070807086865578,-0.003909096446932492,0.004266991748042015,-0.0007413480320800359,-0.004446048168268768
2025-04-16,-0.011577478474639302,-0.013180572035729088,-0.015560415371642433,-0.009791725747575475,-0.01065821814153134
2025-04-17,0.004707924973874844,0.007791336904449775,0.0032201091695123196,0.005096719812815564,0.009223693056489068
2025-04-21,-0.01853568627760116,-0.016540584539436853,-0.026153528213527566,-0.01950253971519167,-0.016608305061885598
2025-04-22,0.010097838318758878,0.020185863759137668,0.008652411161381934,0.01007862224953504,0.01645374455696258
2025-04-23,0.02182504145063735,0.012605575867592922,0.018982017785112992,0.012933629698368199,0.007281428214212404
2025-04-24,0.020184326820498644,0.022438846478737062,0.012028075260845483,0.013380254127820512,0.013960177768384874
2025-04-25,-0.0026796102263307864,-0.004043407940934385,-0.023398500417598278,-0.007974059782568932,-0.004361594514705414
2025-04-28,0.0030819195851679027,0.0027420072688006947,0.008499785393313086,0.0032077012250628645,0.0028293416183577946
2025-04-29,0.0036958831467515108,0.0020677961737691763,0.006142705787627101,0.00864532800247142,0.0038391562154425074
2025-04-30,0.005291917405817914,0.00521655145258193,0.006483321877738035,0.009523763659984752,0.005726102600268179
2025-05-01,-0.0002999408119077618,-0.006452009060403552,0.0016879667570985912,-0.0025164841630687107,-0.007086341455953216
2025-05-02,0.019825157581920605,0.01814599553050522,0.013887435037117424,0.01482399362261444,0.014026067312577384
2025-05-05,-0.0018947170838304883,-0.00417006305031975,-0.002796596307567012,-0.004179581832137735,-0.004264082783387302
2025-05-06,-0.003954445352128411,-0.004911513233878728,0.006285422966317622,-0.0024144564539037017,-0.003773723421884978
2025-05-07,0.004451324488200736,0.006417476143683487,-0.001086908577294099,0.0035583319182121986,0.004873053263886318
2025-05-08,0.010136104345624064,0.008920834701830138,0.0025901987146215166,0.004044860063110223,0.005160035753916992
2025-05-09,0.00046760357169350897,0.00151525214277215,0.0006755440058872075,-0.001043167102323772,-0.0004095215028463439
2025-05-12,0.029225308791110294,0.0335877745652835,0.009488656405159501,0.0184944648494918,0.025323465127046862
2025-05-13,0.006919083593238007,0.002870817520864044,-0.001701618355043788,-0.0033295735113892944,-0.004122500126453321
2025-05-14,-0.0014889837014240292,-0.005888664686504952,-0.0022581806479003985,-0.006735653379899564,-0.007070020803508381
2025-05-15,0.01630441629640078,0.013066394514012147,0.02231942290515665,0.01859088335446457,0.01698776934233548
2025-05-16,0.0050103955673492795,0.005909543016514807,0.008934159779538042,0.005786723514741299,0.007194140594778631
2025-05-19,0.003730729889556361,0.002433665700141807,0.008077420531602542,0.005290783742594618,0.004024349249019288
2025-05-20,-0.0013784520490472962,-0.0012506058401444697,-0.0047040951904328,-0.0028316901149796347,-0.0006617236935131388
2025-05-21,-0.015944222992242962,-0.0166320954055309,-0.013607413656539724,-0.016063947081145225,-0.014334214207548657
2025-05-22,-0.004318303080487751,-0.004444219839401797,-0.004614270550092225,-0.0022647055363894664,-0.003992415418547779
2025-05-23,-0.0018731483310788777,-0.0033302776835484327,0.0013222239894599142,-0.004474763476182697,-0.0012880651363704754
2025-05-27,0.0181919714943255,0.017543027772588093,0.013306986544057375,0.014278556730318748,0.014172592944715401
2025-05-28,-0.005383031995965681,-0.006348098161943039,-0.0032595545726537,-0.005262955914837053,-0.00647310077670149
2025-05-29,0.004546081936053881,0.0044915126583553455,0.0021200368859626284,0.00591805902296505,0.005382893865978788
2025-05-30,0.0007624808779485015,-0.002606551473862906,0.00916673871043372,0.004730814889852164,0.0009221602921576366
2025-06-02,0.0021023726884208394,0.0011780642867995628,0.0005675854768241173,0.0009688053695318111,-6.69311481914514e-05
2025-06-03,0.008773062377940066,0.009853838557623229,0.005027137628072609,0.004757704267196905,0.005945064815738643
2025-06-04,-0.0004704799275021543,-0.001640049826555523,-0.00575953383371175,0.001733525149193671,-0.002418867621184928
2025-06-05,0.00030053284024433857,-7.098895308566e-05,0.004645971842463403,0.0015245328906239308,-0.0007645231875803571
2025-06-06,0.00933250579546785,0.009735961673457805,0.008265038519122303,0.008578023091258213,0.009151287078355885
2025-06-09,0.002904062894682813,0.005677186831684056,-0.007719553074993946,-0.0020307869334977857,0.0026649003640366598
2025-06-10,-0.002008513273373591,0.0070161260450616325,-0.004267701019761483,0.002346586448668475,0.005316341976869143
2025-06-11,0.0038030871824148438,-0.0013793335724218148,0.0027948638956265537,0.0003542460475705056,-0.0022355697062922397
2025-06-12,-0.003812551245156115,0.0003549268111635584,-0.007641879649178174,-0.0023795280614953285,0.0017160291279305628
2025-06-13,-0.007706101001544008,-0.01424669479299534,-0.0038911016189300263,-0.012068569875258506,-0.011657225710759
2025-06-16,0.012613817798729166,0.012006150055440479,0.006892392223752708,0.007313964365161629,0.0070427760280868945
2025-06-17,-0.0015946218802584955,-0.0058345968229842615,-0.009824361568373297,-0.0042567481514546035,-0.007436780295245193
2025-06-18,0.0007165301461260487,-0.00024517978674509777,-0.0024788132933338813,-0.016339986620860225,-0.0026866453327492046
2025-06-20,0.003999473174993273,0.001405391982505666,0.00615406851878908,9.575934410510634e-05,0.001731972522934777
2025-06-23,0.012418778857193224,0.01149826500763984,0.013935286160110305,0.009631140551626505,0.010861060280982437
2025-06-24,0.007029558851776807,0.012373724443892398,0.0031091940666803097,0.0076258719950890175,0.007385208245074715
2025-06-25,-0.0011602102457639596,-0.0038210434553396233,-0.0046138409746250275,-0.004835790811467122,-0.005220047915284964
2025-06-26,0.00886718027437583,0.00858778711148922,0.00757728200229435,0.002971828499026774,0.006581706500910611
2025-06-27,0.00572288875868443,0.0040545614902336435,0.01057003664720857,0.0063384776147275,0.005115925357574325
2025-06-30,0.006182952991816926,0.0047598288259271815,0.011832022748861748,0.008966314797879793,0.006002838339488781
2025-07-01,0.0003448842408222408,0.008722219563064293,-6.653201939266218e-06,0.004752387202893393,0.009550009807642645
2025-07-02,0.0028935968185173078,0.005036664376919742,-0.007060766561572507,-0.0012707313979988255,0.002226985984881358
2025-07-03,0.00881788031352726,0.00599294088004898,0.007103442965091578,0.007986211264435106,0.004775373410050854
2025-07-07,-0.00544192343588068,-0.007831734321091632,-0.003967132961830044,-0.004959490579488968,-0.00583204047211483
2025-07-08,-0.005173957672161,0.0006874739312494604,-0.005974210304147576,-0.001929922500402692,-0.0011760281103783132
2025-07-09,0.005101787772519906,0.003176252284579295,0.0011534957414094382,0.0033286372869731906,0.0029155736623809325
2025-07-10,0.005203252123370694,0.005355945449043276,0.0010490815761927674,0.0004946135202272828,0.003455696514556461
2025-07-11,-0.002152166281945922,-0.006630897793589163,-0.005947796612489009,-0.007153828053030109,-0.007722311595457443
2025-07-14,0.004772573076009312,-0.00021118841128564547,0.008550065484751235,0.003989685435129564,0.0001003016915057664
2025-07-15,-0.0065630982366367,-0.009995785430698345,-0.007168836697510339,-0.007144857574498786,-0.010269286969551539
2025-07-16,0.0030968211290876013,0.001562413917519656,0.005346090536583192,0.005074871851247886,0.004203473064684937
2025-07-17,0.0005691648759948986,-2.9568372706068047e-05,-5.946250486299487e-05,-0.002142403112622482,-0.0012803755117057891
2025-07-18,0.0021933132622409257,1.553826257172375e-05,-0.001479298475850599,-0.002388080400739123,-0.001299428675509473
2025-07-21,0.0002902022731725573,0.0007720810649818333,0.00432879013533638,0.0029723214092816086,0.0010382919536575663
2025-07-22,-0.007838062671873813,-0.0025939308401261574,-0.009119781128916982,-0.003992085830806236,-0.0001833152500299029
2025-07-23,0.018319188951279708,0.008996314766442248,0.020857536488966488,0.01485909923938955,0.009827579170994527
2025-07-24,-0.0038045598472478126,-0.005936892960702211,0.008585681585900007,0.004755449934139566,-0.00319622887875326
2025-07-25,0.008074236524944656,0.005611140431635464,0.005056145988280969,0.003652858203315734,0.00497557858177089
2025-07-28,-0.0008830789151408336,-0.0002577054632421083,-0.0074943469647641425,-0.004461014132083663,-0.002807317101615525
2025-07-29,-0.0005019544854372171,-0.0001127224723141973,-0.0018433623266994603,-0.0004408701928299008,5.971069865018386e-05
2025-07-30,-0.001962865572649908,-0.006751446466259137,0.0009004171654600768,-0.000860497650401526,-0.007066996077144561
2025-07-31,-0.0043109134493724,-0.00938291195060792,-0.005723571360741975,-0.002697053471798383,-0.009129850534204897
2025-08-01,-0.011787817849480908,-0.01027344604256597,-0.006108527316125323,-0.0092999296059042,-0.006452064045544992
2025-08-04,0.014220033428991252,0.013335694499236661,0.01024632986226659,0.011120437116314275,0.011282072438965507
2025-08-05,-0.004026028173911733,-0.00045398199225832325,-0.004604646600652518,-0.004274355320484702,-0.00037503467975197324
2025-08-06,-0.0005869341895295976,0.00032949798455828017,-0.0020993333776953005,-0.0006189953883936061,0.001339691313978486
2025-08-07,0.0022948572367489373,0.0036581261589900826,0.007981441492099561,-0.0024599416692647758,0.0030587114154210227
2025-08-08,0.006058076803251433,0.009020303468971758,0.004262211961765683,0.008588895685035958,0.008141064849427337
2025-08-11,-0.0006488761330062376,-0.0015114079801624714,0.003820656234537312,-0.00026825147326670074,-0.002122833387099954
2025-08-12,0.013565432244676767,0.01551682546728217,0.011425033895699821,0.007706022652278266,0.010910011351413118
2025-08-13,-0.002163655914134366,0.006737509458665691,-0.002992905193652251,0.006476670113035654,0.007686891228851689
2025-08-14,-0.0010659390742898678,-0.00037937511829055914,0.0006914982417474125,0.0007977944525345837,-0.0022637180510575172
2025-08-15,-0.008948376282033488,-0.009294055262876189,0.00034417466858593926,-0.004803591279146757,-0.004619601514187721
2025-08-18,0.002850700497341485,0.0004965297784360612,0.00365864295650975,0.001410344510544892,-2.640182017799031e-05
2025-08-19,-0.003694390277573789,0.00024715717584533614,0.0004866988645555459,0.0008953088346737026,0.002068590832109196
2025-08-20,0.0029328541564070942,0.0010488068969991549,0.006372754593805929,0.005758210482617709,0.0034101279455092115
2025-08-21,-0.0011565936903699114,-0.002063928028923523,0.00013671789556402025,-0.0012554444774915963,-0.0012111695871894756
2025-08-22,0.01157272393820108,0.017069401274872664,-0.0020591974325497864,0.007850566875631904,0.011856189111037807
2025-08-25,-0.003262219734853411,-0.005216751118934493,-0.0032164912439712756,-0.00425444388315932,-0.006640566864022257
2025-08-26,0.011070402020580739,0.006004257226792209,0.008764332375912787,0.005423896853094412,0.004661533857488687
2025-08-27,0.0018942563766213283,0.0024784837204729904,0.004639205594165308,0.0007343271530435569,0.0021883520118832767
2025-08-28,0.004500965819352443,0.0021243149540925987,0.0025625894761520662,0.0008027649226052258,-5.036237022459922e-05
2025-08-29,-0.007102746906727853,-0.0034026263763814457,-2.6834157148547533e-06,0.00034820721021011636,3.8597870651635446e-05
2025-09-02,-0.003440780466116178,-0.005546224110548392,-0.00020850354878354516,-0.002760970242709937,-0.003932354853144027
2025-09-03,-0.0009122116010675807,-0.0023849487644543865,-0.0052535459595789424,-0.0011897544221614043,-0.0030064562810918627
2025-09-04,0.012902030393739716,0.011864497042597622,0.012013013053855826,0.006814655929290536,0.009143045568066333
2025-09-05,-0.003943422834611687,0.0017084533777136368,-0.0037899828112878398,-0.004085882558695686,0.0010649958847517293
2025-09-08,-0.005325459712464231,-0.0015113854409970484,-0.01720067515851742,-0.005594483428109198,-0.003269078902970457
2025-09-09,-0.0007485552936046247,0.001616239341817094,-0.00036579732346042615,-0.0006878419680916847,0.0008238216821023769
2025-09-10,0.008063776612944107,0.0027021904607047453,0.003324929669470844,-0.0010266225970688714,-0.00033980949093126434
2025-09-11,0.01187616085244203,0.01452358954363886,0.010965512695909174,0.015619345626682657,0.013495527637731541
2025-09-12,-0.004641180281322432,-0.00533559461687827,-0.004041761686551126,-0.006065181320819679,-0.006301949598335299
2025-09-15,0.007268398718502489,0.0014446340717155781,0.005418898546127204,0.0021625757176628735,-0.001529668568037823
2025-09-16,0.0021840770102459217,0.0007184355706262302,-7.991441961130441e-05,0.002902786457654072,0.00027117946272570137
2025-09-17,0.001494075853226473,0.0028738495323530344,0.004316742119460981,0.006613038648055847,0.0037354483690139606
2025-09-18,0.011400817890297121,0.014270941246733448,0.0035706645588235997,-0.005376945725142801,0.005534554625209909
2025-09-19,0.0028354589384476103,-0.0010371774044979354,0.00018471720591572982,-0.00036424808006618736,-0.0005774472136080844
2025-09-22,0.006135109363618385,0.004215523162554913,-0.0004969103276292186,0.0036956730251271885,0.0009937371657058325
2025-09-23,0.0025025730511401,0.0007900237854983061,0.004363580444359361,-0.003110233187702094,0.0011610000842225965
2025-09-24,-0.005277658040856004,-0.0030190826676448346,-0.0056437207756055985,-0.0034787696137950075,-0.002791955784333222
2025-09-25,-0.005359901630352382,-0.004813552163906776,-0.002230311260523088,-0.007773848799358052,-0.005408325853720419
2025-09-26,0.007368349384808903,0.008948626725171938,0.003468738119862591,0.007703809598428979,0.007922588709462941
2025-09-29,0.003323804995677193,0.0038795921132519506,-0.0004527140779563288,0.007469461581190329,0.003135821101487135
2025-09-30,0.010069643884342394,0.004009454569403381,0.008584522979835363,0.00844431090778519,0.005116964468510288
2025-10-01,0.006237715633654384,0.010725554214227273,-0.007661780584539479,0.009425799806286994,0.005665492065473066
2025-10-02,-0.0015864681554411675,0.0012978744467815329,-0.008124102445334236,-0.0003905268294991382,-0.000994374371764084
2025-10-03,-0.003500013316249828,-0.000509579246095182,-0.0010542072089780863,0.004034053646985614,0.0015341356828935115
2025-10-06,0.0013518959773262118,8.44737361214154e-05,-0.010054903333279519,0.00010227247780636439,-0.00151322803942755
2025-10-07,-0.0032866293512141542,-0.007771837814485649,0.005540485431845932,-0.0030070211747500464,-0.0037311048742993957
2025-10-08,0.004740008614227298,0.005609287921021,-0.0012668166808915693,0.0012588792389667258,0.002462818095138264
2025-10-09,-0.013389882359825078,-0.010191557171963406,-0.013649393690941203,-0.011282938802031017,-0.009091101343322028
2025-10-10,-0.025271116862648935,-0.02632535232278288,-0.013915812063116872,-0.01640418264540855,-0.019498546052953092
2025-10-13,0.015878343749854862,0.017129113901505066,0.003295180406505116,0.006322905891224417,0.009928288342229363
2025-10-14,0.001898486120273768,0.0017915499734308948,0.013679546964874723,0.004236571001589695,0.004892840916305374
2025-10-15,0.006865272358061114,0.010078104734125182,-0.004213729604933936,-0.002162073544780263,0.0036695889028184325
2025-10-16,-0.0015052260418852992,0.000670373143171199,-0.00339007177496109,-0.005582244481306509,-0.0004947549775735638
2025-10-17,0.003993692221538003,0.004547682722511048,0.01407529705060262,0.01003705376631192,0.006893960048089065
2025-10-20,0.008086737575474734,0.008994410866880465,0.0049353411553294535,0.009159470658445024,0.007867029401087411
2025-10-21,0.014490287442355143,0.002579434599812247,0.030745741832939766,0.010947721852154535,0.002335990351257644
2025-10-22,-0.003170343902374362,-0.0066699645397717555,-0.0023349554623345314,-0.0002800874272557152,-0.003368750539004539
2025-10-23,0.012369917141303866,0.011251462776253662,-0.002660114177868045,0.00510677405231208,0.004911868350680582
2025-10-24,0.0060449274263696395,0.0066138882837416535,0.005164218537925036,0.003516583356375058,0.0038418025475674966
2025-10-27,0.008236155272515422,0.006860244993030173,0.011334153002437342,0.004422066670511038,0.005599941393150898
2025-10-28,-0.0025379608569335854,-0.0033522746734355735,-0.0014999727401860952,-0.005270702466864119,-0.004450238543958651
2025-10-29,0.0005181639791045356,-0.0015185434034955536,-0.011497657615114232,-0.00601161682367346,-0.006654098864540159
2025-10-30,0.0008440741279418518,-0.0018927371131035597,-0.0060160639156714435,0.0010385843178435383,0.00022282845217769243
2025-10-31,0.0056939894762513266,0.005148479439340159,0.0015503150400038024,0.002656224293635878,0.004006957243137377
2025-11-03,-0.0023982958587729364,-0.0019259669352120756,-0.011002229369284744,-0.003228195018813218,-0.007002393395652895
2025-11-04,-0.012969517490486693,-0.012575505608136028,-0.00614043272029674,-7.49806771485062e-05,-0.006451349591364841
2025-11-05,0.010409235098439718,0.015081135382755573,0.0030137217312249387,0.006974566495302259,0.00830971540767722
2025-11-06,-0.00010935792873101313,-0.0026348051977402864,-0.00025559046836654,-0.0022477413260879597,-0.0015150405224146901
2025-11-07,0.0033492693640153615,0.002364311764143423,0.010380738788253518,0.005029106018832552,0.003249057029242497
2025-11-10,0.013005731272817567,0.01312776808521754,0.004423898738754373,0.009399276933839129,0.008331240317085431
2025-11-11,-0.0004628957623750152,0.0016932647669780643,0.007666921613507682,0.005331073572473866,0.007304308665220471
2025-11-12,0.0034574399508506826,0.006419639118940834,0.0033446906221723527,0.00022661749153218835,0.004806170563731671
2025-11-13,-0.018976556702588687,-0.015077840562345735,-0.00933329634963953,-0.009735395949928227,-0.008678043009073488
2025-11-14,-0.0022663414419005212,-0.004249338727648766,-0.002466961450806604,-0.0010774270327192914,-0.0030016331726283596
2025-11-17,-0.011696944125477615,-0.012392139057114893,-0.014589868574565124,-0.0058357246095243065,-0.009206475375436618
2025-11-18,-0.009587701517829395,-0.008194766248790564,-0.0044764881424402825,-0.009294630940399062,-0.0038849585615194915
2025-11-19,0.003885658149104021,0.003902828778970413,-0.0005907539691228925,-0.0006380193947955748,0.0012488758372024567
2025-11-20,-0.021422344943117455,-0.023726581412277792,-0.006619503557893647,-0.01669002544492404,-0.01547540308892048
2025-11-21,0.00860687719323705,0.01587138720922554,0.006370396217265872,0.007304195981659545,0.01416522758176475
2025-11-24,0.015338674181969436,0.013163010893352256,0.006452584653345417,0.008984606539875761,0.005854937931681237
2025-11-25,0.010042826554498063,0.013252062967592515,0.00480681850307807,0.009534514636197144,0.0121976065967635
2025-11-26,0.010843667085439934,0.011697244568506182,0.004271770904030747,0.00573432769199389,0.008182381824855645
2025-11-28,0.011237107859063178,0.01261001370107584,0.007789756078570909,0.009893401600232776,0.00887377866389838
2025-12-01,-0.01364771222931438,-0.005800359410348066,-0.01937274616031337,-0.012597375571647973,-0.007841008126381666
2025-12-02,0.004695382669374082,0.005193178943994958,0.0030721717945527693,0.0007128141974812596,0.0016401581270415466
2025-12-03,0.002572253950564596,0.004676733914372733,0.0007184742329775506,0.0015896293207076084,0.003975118829458335
2025-12-04,0.007585898490155341,-0.0012191581367511084,0.006424551669275358,-0.001731328161708734,-0.0014937190389502364
2025-12-05,0.0007766224056922066,0.00611942052959602,-0.0042375515510303385,0.007597862434903346,0.0030826825322933793
2025-12-08,0.0004964956222692773,-0.001049768333684975,-0.009398925134875391,-0.0024691729000998475,-0.003339418833787522
2025-12-09,-0.004071439261120191,0.0004572492920120741,-0.002259534302004873,-0.002651559085390942,-0.0008256761299431092
2025-12-10,0.0174916514696557,0.01829513419399409,0.005986977313154451,0.011468302803555597,0.014708520732620967
2025-12-11,0.012402405057554633,0.010291280145081627,0.009084806567676518,0.019285800713217283,0.01128046039089603
2025-12-12,-0.005650426713347256,-0.012916945680587433,0.007512630396987241,-0.0026468025476136248,-0.005693385944518625
2025-12-15,0.003711063546410598,0.0007446017659336057,0.004128933127696133,0.0015774314558385516,0.0026791055572235045
2025-12-16,-0.007955879780875863,-0.008356405718073945,-0.005695058511396178,-0.007278575734008252,-0.008908689235479494
2025-12-17,-0.011151208182766048,-0.00799899309094454,-0.007041013842499444,-0.0040966600698979505,-0.00246993761266745
2025-12-18,0.00883892626402738,0.009031357244834837,0.00470543051039618,0.00917659205143373,0.003747642492285541
2025-12-19,0.014210591722232602,0.012787904141273065,0.0059034683116254705,0.013274239063050919,0.008983461022258332
2025-12-22,0.011187192522119638,0.008569526706097452,0.00959999299469505,0.010896127411973433,0.008309076658889802
2025-12-23,0.0037337013144602693,0.002189340322668487,0.0032088803306262736,0.0024469185678093197,0.002188303488414478
2025-12-24,0.004289880636289212,0.00516218197152063,0.004506272535192313,0.00635265774692062,0.0050277164815126785
2025-12-26,0.00030668805509415087,0.0013915620772029236,-0.0005967721579357432,0.00019370368098736712,0.0008126642150043661
2025-12-29,-0.005449041183225201,-0.003173546421462392,-0.002535642288314599,0.0014914317476732997,-0.0019634110695369023
2025-12-30,-0.0033295104383658236,-0.0032730903025289804,-0.001422671731352354,-0.003267731031197485,-0.0028160171366400366
2025-12-31,-0.009809622714181399,-0.010708365845806034,-0.006346126550949682,-0.008837936683079972,-0.008754197001099473
2026-01-02,0.021034000329928082,0.022411827328340905,0.005657754642000912,0.012896582126659784,0.013924855651566537
2026-01-05,0.00949358028276226,0.00875941995139784,0.0023235424964360707,0.012844959466343342,0.006711932212676963
2026-01-06,0.04220728842180477,0.018792160194664786,0.06732167477164919,0.01454830103661875,0.012761867556269513
2026-01-07,-0.029807902776306183,-0.011949007427614844,-0.02996456948623416,-0.011286143362566725,-0.010789874881518613
2026-01-08,-0.0025633330854503145,0.0048326709004264945,-0.02390643484869004,0.0006681189354251771,0.007989443451579259
2026-01-09,0.02515074571843323,0.012009639521309179,0.024216918474862847,0.008589192116950084,0.009055064717094385
2026-01-12,0.015560187002307657,-0.0001224382281421743,0.03681593434701691,-0.002047927521005688,0.0021055140700603214
2026-01-13,0.001706670407828792,-0.0012862240796137625,0.0108841942831428,-0.02078165067138249,-0.0013068174150923095
2026-01-14,0.006001771834248881,0.004583620444724712,0.008021990086318764,0.006082423727699293,0.007291329492677301
2026-01-15,0.011171194469870915,0.007450411004627844,0.01209917121025672,0.0019827818239093187,0.004793180846961453
2026-01-16,0.0037349821042620412,-1.6357710304171214e-05,-0.0007501023707048304,0.003368912249948286,-0.001108676461736846
2026-01-20,-0.012174378975497557,-0.01613957953370415,0.011515277596433782,-0.016270648078905436,-0.011894889832429367
2026-01-21,0.03282500337241112,0.020067227195751602,0.029016034200074037,0.008721437100459584,0.014303863313045673
2026-01-22,0.002879248213053076,0.0016739862579446818,0.009444418452953851,0.0023898825332955287,0.0007688494342092955
2026-01-23,-0.008039037704696606,-0.009420462731157708,-0.001194765901257111,-0.0029319830151302018,-0.004723515046715421
2026-01-26,0.004414639346884908,0.0005878582869911497,0.010542588478378079,4.8658406265778e-05,0.0006723269620154682
2026-01-27,0.018159334216791168,0.006686730344335423,0.02468069676396678,0.004724789553306019,0.005692106429754151
2026-01-28,0.028287660155022598,0.010342249159370986,0.053088782598341266,0.006009055594966561,0.006618785634404212
2026-01-29,0.008756018411661959,0.007235092156625322,-0.010501232190410548,0.015276265442688342,0.008162378132429371
2026-01-30,-0.03381836126264892,-0.012673895160248305,-0.06551031578578992,-0.0018839281834145405,-0.0029432058355269852
2026-02-02,0.02675117203190447,0.01584064578962474,0.03404942186114446,0.01452363257118039,0.0115860736487845
2026-02-03,0.016378874270915667,0.0026925399374597703,0.03926803669962409,-0.01153533059800893,0.004348714070647075
2026-02-04,-0.016677322967466934,0.0030866858445408596,-0.027210129145173956,-0.010593490896945279,0.004223192061212799
2026-02-05,-0.012802493164084217,-0.007983986400489251,-0.025930260686010342,-0.0022860166780412916,-0.004096069339743824
2026-02-06,0.03585489333598946,0.020837468303839923,0.048681313641704804,0.00957644512896505,0.016049576837342094
2026-02-09,0.005305685868988164,0.0007674908681669645,0.012765528142690163,-0.005840963279252542,0.0009205910311749221
2026-02-10,-0.01726913999295543,-0.00018578126138768525,-0.02868799007541112,-0.004541188399395213,-1.8693992127727377e-05
2026-02-11,0.016031874191770434,0.010701898647999863,0.028399590906436067,0.00964420370651875,0.010878360097237305
2026-02-12,-0.0038445826566064767,-0.014773771594816076,0.0049076898877027375,0.0009806792746651638,-0.010369225471781318
2026-02-13,0.007090562200524175,0.009500496966982519,0.011460830075688655,0.0015795994208773756,0.008847602861148385
2026-02-17,-0.0025773235440388342,-0.0027506609623504374,-0.004078216521074651,0.005134045045035229,-0.002999132445018482
2026-02-18,0.018108329428396797,0.008452542145733544,0.02209784224038147,0.005701084559251779,0.00558741810378538
2026-02-19,-0.012404375833928505,-0.006588780424517826,-0.0113993937492326,0.0007545872116383467,-0.0042289256019011345
2026-02-20,0.004009822175059741,0.005788501612042918,-0.009874369739126032,0.003667312796808986,0.0031513111052130505
2026-02-23,-0.014746954748971253,-0.013527849439859407,0.0015716709151598618,-0.018675104612536964,-0.007060779032624032
2026-02-24,-0.002743869644889152,0.007169644620990567,-0.011540079518717272,0.004977235854591866,0.005739076128638887
2026-02-25,0.018097740496406445,0.0048518070011536185,0.02529041582003866,0.0032386746882997475,-0.00019622069520996988
2026-02-26,-0.00896651308093488,-0.0032058661771490193,-0.008719226126206014,-0.0016469482095706756,-0.0019269180137634345
2026-02-27,0.00802506878941811,0.005068887451406878,0.00934769945047842,0.011585255950486095,0.008809895587263972
2026-03-02,-0.007093574719679863,-0.0023632154878668876,-0.012768381512285876,0.009016080688454942,-0.002141397961033964
2026-03-03,-0.03223213583174178,-0.02057547561940598,-0.048051255078670585,-0.009658206431014116,-0.016631152782931813
2026-03-04,0.012506984260094,0.006857507471738522,0.016110030398194697,0.004948274927165652,0.003775257597149473
2026-03-05,-0.01237443586608078,-0.014832466514605014,-0.017897882093426465,-0.008626573223890932,-0.013955349817858176
2026-03-06,-0.02073837558789604,-0.01579474801118841,-0.017671429274481287,-0.0018270234162215404,-0.008667916369757278
2026-03-09,0.01736413652628399,0.0058238398222589804,0.0252660036006378,-0.0018630730797677408,0.0011396643481058621
2026-03-10,0.0004909639959851386,-0.0003806814955431559,0.01180642696695311,-0.0029119893487696835,-0.0018260573488438903
2026-03-11,0.00029297046855569775,-0.0029373287000573622,-0.003717821673749011,-0.007273723813198463,-0.006589158161415032
2026-03-12,-0.016481962554053764,-0.017355182263432467,-0.015722090720635018,-0.013412611266686691,-0.014839704977401502
2026-03-13,0.0094203028772597,0.0006829721212477935,0.004967328206614052,0.0011062858584767188,0.0006947742929663825
2026-03-16,0.01943556111720479,0.009297822582128079,0.022465119424263325,0.008649952620911394,0.00795415894733642
2026-03-17,0.026879775359413882,0.00685025221308333,0.03174804868394321,-0.0015755405554209734,0.002870281502813432
2026-03-18,-0.016960369483861704,-0.013907065191097523,-0.021991765248904005,-0.0141595439422173,-0.015069752224356359
2026-03-19,0.007518562765906012,-0.0016024422666730542,-0.0005263430703646987,-0.005565866970268951,-0.0031540638532384646
2026-03-20,-0.02823296408062015,-0.012493607898480863,-0.04055088977830801,-0.0050209904774154435,-0.00944037102541817
2026-03-23,0.011207286900982494,0.012667693829891746,0.007212094010757619,-0.0015902779467948935,0.010006062803256777
2026-03-24,0.01142160030310424,0.009272749392234436,0.009762526751137424,-0.0032364961088725552,0.004890004111633761
2026-03-25,0.0006079077512370912,0.006180927823812299,0.003979556206370249,0.003918660826835785,0.006525940756307191
2026-03-26,-0.03059138620988422,-0.017768025112846364,-0.03634773341576891,-0.009530308886321115,-0.012225009580773882
2026-03-27,-0.004126015236334046,-0.009703347416800567,0.009490763016588799,-0.016587417262279636,-0.007180304219774891
2026-03-30,-0.02836070434061244,-0.011155114928247278,-0.029077298736690294,-0.0038653349687467475,-0.006487349718055646
2026-03-31,0.030670854249422286,0.023894719041486434,0.0423140157434565,0.014981264800979721,0.016705577309612973
2026-04-01,0.027753635103509033,0.008834154235237701,0.04784515381275467,0.003168623185801911,0.0037539133316577544
2026-04-02,-0.0029150379554773176,-0.0015596486459306114,-0.0042994453123149645,2.211919109007532e-05,-0.0012248983083116283
2026-04-06,0.013786260233499492,0.008015707627824442,0.007584787026280404,0.008988408439564166,0.006014881884200518
2026-04-07,0.005287396859668503,0.00021420009058226164,0.009825929676347211,-0.0038943925446008887,-0.003072560379230538
2026-04-08,0.04139746027464497,0.03321756555890576,0.045090480473423344,0.021898640807311853,0.024751010601532508
2026-04-09,0.00035275211321450506,0.0039394139003701145,0.0003898682334446679,-6.543583102469608e-05,0.0017589167640827963
2026-04-10,-0.001205642968344356,-0.004632794566557075,0.0064517467082991775,-0.010199242082668869,-0.00688094902698011
2026-04-13,0.012523620546983416,0.00924972679064573,-0.0022805363152040847,0.009287765866677011,0.0050917891296766715
2026-04-14,0.014294869861712911,0.003448020525237183,0.02877399654920798,0.005156587573091231,0.0023625053335007973
2026-04-15,-0.008398309507585688,-0.006393819437179982,-0.016190966328391898,-0.0005254180261378139,-0.0061902027608691235
2026-04-16,0.004248829667820253,0.006794895635737319,-0.0063925517684017,-0.0003457170727327874,0.0049818616814631955
2026-04-17,0.015573216651356914,0.013217867347640855,0.018727424568084405,0.0014473123596252524,0.011221251064440496
2026-04-20,0.0005040205090838246,-0.0003599588570981638,-0.006057167667270824,-0.004893037610510187,-0.003099525344759879
2026-04-21,0.0016098787616594112,-0.008673641654329711,-0.006193023013195242,-0.01600285840878235,-0.011630772647183818
2026-04-22,0.005232559860518071,0.0019181792223035288,0.011660525581475012,-0.003104359924866129,-0.000619846743829533
2026-04-23,0.00915098084788335,0.008803810214830898,0.019888403741405547,-0.008235640132467914,0.00743360583358843
2026-04-24,0.004771319012592645,0.009471490937324578,0.014625814156104644,-0.004691041909877236,0.0033124430862658816
2026-04-27,-0.005407353783779656,-0.002822424686371283,-0.014621406030055129,-0.0019848582297947726,-0.005247953515213788
2026-04-28,-0.013775527303406143,-0.007973097716956534,-0.01933565354633049,-0.00024165315864754788,-0.00263314166940376
2026-04-29,0.017424805643039276,0.007850587734207437,0.01952267832224952,0.02187946809102259,0.003919154759463472
2026-04-30,0.0240685588461933,0.015231797153608007,0.03472595914895704,-0.000948971697921186,0.012894771739289768
2026-05-01,-0.005256337564522706,-0.0014902748321616865,-0.009795151045106198,-0.002589906834571609,-0.002742721521657665
2026-05-04,0.004419291419865745,-0.007834976791829762,0.009538383992623078,0.003597896615012086,-0.008678499380215254
2026-05-05,0.02593868612067607,0.020816551299740693,0.02960223469861356,0.007812120626584207,0.013419676983748019
2026-05-06,0.028400541272930235,0.02329493385726744,0.03010015607104477,0.008195190226819582,0.01679389334661785
2026-05-07,-0.02218685603786108,-0.014764189841986242,-0.02574858263609725,-0.002937879109494168,-0.011002276636430386
2026-05-08,0.02642583979377977,0.023135629840207006,0.024194427708802202,0.008962094753478533,0.011978939589764925
2026-05-11,0.027028610884656912,0.009847095457499844,0.0454054628420133,0.010076641890306437,0.0047584233371194
2026-05-12,-0.02341417935267731,-0.012516167775792342,-0.02593016197119502,0.00046410160591769944,-0.004837126689557936
2026-05-13,0.005546406040880303,0.004136139712842546,0.010119353146954335,-0.0035262229746109153,0.0007315139106469637
2026-05-14,-0.0005620897792746327,7.299575312047502e-05,-0.010166081873271615,-0.004989880156708315,0.0023378043081698774
2026-05-15,-0.014540500819344104,-0.01657572091333237,-0.026724126600607967,-0.01125444472380277,-0.013101145379447732
2026-05-18,-0.01568746166459012,-0.00048400288333805275,-0.02125772996648856,0.010256987137694074,0.00552135464041692
2026-05-19,-0.0047804159230098175,-0.005220050245648644,-0.009137177800757845,-0.002260243844364851,-0.0034672610946967497
2026-05-20,0.008821745708516016,0.013227304128589079,0.009043479070541816,0.007642383499666394,0.00762643138727892
2026-05-21,0.02848313034962935,0.010103916468970686,0.03435391241287755,0.0055433959609685335,0.008996248976484322
2026-05-22,0.011417709584395253,0.016087957739438163,-0.0008063807480773733,0.0024568545159999733,0.013099192170731744
2026-05-26,0.03963167847509186,0.020579829818713202,0.050445997391183495,0.020809310953966653,0.009534725758928886
2026-05-27,0.0062069946918927865,2.9982494788916014e-05,0.001140362367777037,0.0018611420658389832,0.0012467530875979183
2026-05-28,0.0033403329400791826,0.0018030602808469798,0.002055032207772145,-2.8296171536434933e-05,0.0012122242216301427
2026-05-29,0.022783214929699147,0.014156747721026708,-0.0010011135960925621,0.009824775816651199,0.007524970776238815
2026-06-01,0.021057554497058817,0.0038217597514762502,0.011212114106301296,0.00554156804609196,0.0007813185325893368
2026-06-02,0.011368468806562282,0.006544818788174034,0.018537178048293468,-0.001166579899626874,0.004048859693136064
2026-06-03,0.014723546237062513,-0.0009621453679052872,0.02542597751107878,-0.008171861801511637,-0.005727712281637931
2026-06-04,-0.011812844079656437,0.0005248482733768434,-0.014306701651418452,0.0027065426644370394,0.0040378727282461835
2026-06-05,-0.05912369828651676,-0.03513639982090477,-0.07308512941548151,-0.016238797938392002,-0.019507765551939782
2026-06-08,0.018041887472440177,0.014524738593047148,0.015919532582786777,0.007487703633546561,0.005997434504591226
2026-06-09,-0.005940686570765963,-0.0009801973862534341,-0.005469429407359616,0.009588223727907685,0.0029278006693986836
2026-06-10,-0.029164773371558206,-0.019000821508362686,-0.0378437893816177,-0.01150489206705585,-0.012710703932407141
2026-06-11,0.050587711634635824,0.037491716400276154,0.05354893278930728,0.024266235069644315,0.025528883179547712
2026-06-12,0.026833335408496195,0.014049908957529,0.04008032784007276,0.0016254973426954589,0.010322353990962707
2026-06-15,0.06477236803864672,0.021600786471456468,0.0933941008679402,0.01566705291310866,0.011878220426908559
2026-06-16,0.010685346593857226,-0.008248193298795559,0.02560432369467036,0.0004846890084706512,-0.0024053234855437866
2026-06-17,0.016277179748066084,8.306619815279248e-05,0.021692155757036424,0.00034910412829769477,-0.004889534644672233
2026-06-18,0.021549635426750147,0.014391625842999245,0.022422189568083617,0.0020142739860213865,0.004671938741797499
2026-06-22,-0.0019880029480362493,0.010103002976782793,-0.009591149859861314,0.006692687839193967,0.004465646424159031
2026-06-23,-0.04426028275530347,-0.025372225910771262,-0.053319421423376534,-0.01539191372187343,-0.009918275076041483
2026-06-24,-0.015846424395956626,-0.002719370980683977,-0.027929157308824615,-0.00032829627272212836,-0.0023905066637172068
2026-06-25,0.030854812550560773,0.021279692019720242,0.038121863864563954,0.03218036977965033,0.014896440773839226
2026-06-26,-0.05835228446078211,-0.02275617686217768,-0.06897789872601279,-0.004641525093321275,-0.010592725542794446
2026-06-29,0.05084141749590709,0.01700729690040692,0.05994203714875712,0.008532642313908045,0.010231917483742858
2026-06-30,-0.0006610290098053584,0.00630642802781578,-0.017445092053146705,0.0029705174589600425,0.0007753052014745077
2026-07-01,-0.034254962714381554,-0.018960677376874457,-0.03954057459295812,-0.006640540349219681,-0.007990323265766097
2026-07-02,-0.04273031605350108,-0.013439649207739768,-0.04162404138843534,0.012816383764556738,0.00016569512973441114
2026-07-06,0.026529677123866335,0.008640648895450909,0.036096548079158186,-0.00035429840028744497,0.0037836077897552833
2026-07-07,-0.03314750082617424,-0.015744623955612158,-0.040689765715595794,-0.009885307617629624,-0.00582436850577972
2026-07-08,0.00946158220527371,-0.0038215366629312797,0.0108354182103374,-0.013351693037820245,-0.008274914528286104
2026-07-09,0.0238511510622339,0.013104456922165442,0.026547881788420158,0.007846623147275134,0.006432939272577709
2026-07-10,0.002562566366512087,0.0015431844561974994,0.003131162073230165,0.004922403038851719,0.0030798868059045414
2026-07-13,-0.021358902794058165,-0.011943851189584409,-0.02847437793548624,-0.0007250220453425271,-0.0057058858352531105
2026-07-14,0.004824905960786552,0.00673493968130523,0.007273214133586947,0.0010326790167127786,-0.0022114973840482444
2026-07-15,-0.0444087155341355,-0.016555049045259285,-0.053874971720654696,-0.010111510912925503,-0.01032022262518395
2026-07-16,-0.033297273348818046,-0.008998880498626294,-0.05245883249270089,0.0045318834729757285,0.0015824615422825872
2026-07-17,0.0010128204423969223,-0.007469145793976728,0.011156459005519759,-0.008869841396560996,-0.006181808220558027
2026-07-20,0.0024417418877396013,-0.0036505017871709677,0.0065553828676234716,0.0029921191599937558,-0.003591938479694634
2026-07-21,0.05680489864718519,0.027609337192362027,0.07481955656199446,0.008821158466888468,0.01610561132658317
2026-07-22,0.014400496124652662,0.007999873226609111,0.018735298222957608,-0.002597612004024308,0.008460829208054577
2026-07-23,0.0059185982492491185,-0.001152328872687347,0.005548995626610154,0.009770685335295903,0.00018038429637057263
2026-07-24,-0.02549017518740282,-0.00761016751311927,-0.03525344766869132,0.006542984685369513,0.0018660991674401828
2026-07-27,-0.01596597945294298,-0.0010796353409479043,-0.01773125068487169,0.007430289885464125,0.002483923704132973
2026-07-28,-0.032643194601553405,-0.012770360100722855,-0.038449011469739114,-0.005172772996994035,-0.003942603528546584
2026-07-29,-0.019161077088825862,-0.02470759800000244,-0.007448086202702875,-0.01896525050381248,-0.01741703297647601
2026-07-30,0.06649601596410215,0.02773128067492614,0.07572554052867986,0.01762441674192594,0.011374559846829113
2026-07-31,0.0060563375742916925,-0.003583565725858495,0.00707824913816979,-0.004497585094271228,-0.0007484309450619397
2026-08-03,-0.004342042805706603,0.007266142804619902,-0.01523219053923397,0.005857639525629343,0.005332896628367223
2026-08-04,0.03474158312799469,0.03195123061898997,0.027401495391182973,0.01761054144591534,0.024138067262716945
2026-08-05,-0.019983165397937652,-0.003870882285293642,-0.015328723289599888,-0.0014379132844294373,-0.0025512678516415033
2026-08-06,-0.04653820615403448,-0.009988620251393576,-0.06372328416081452,0.002536510329745889,-0.005265081514015502
2026-08-07,-0.0035512872497431847,0.006919021677900039,-0.0025418600455661133,-0.004543227815004491,0.005929184494907869
2026-08-10,0.004299479699159114,-0.001299788520595202,0.013920483120706262,0.0015624414507553475,0.0026037877775628715
2026-08-11,-0.00018513122356833556,0.00242128211540682,-0.0011884207359088572,2.6606313532351322e-05,0.001599833923559002
2026-08-12,0.022430899191009823,0.012645364447318341,0.019273082665467678,0.005719980241347011,0.008032920341135785
2026-08-13,0.025322838275724457,0.008666441948408377,0.029890546953230235,0.01033574305023599,0.00660631018441693
2026-08-14,0.012624325156336713,0.00033623325104414903,0.026718664806414605,0.0019216718889298878,0.0005119979110139727
2026-08-17,0.01564337444683983,0.0007328029799438252,0.03221058315085412,-0.002856737305004353,-0.002240370156745053
2026-08-18,-0.030259233222689863,-0.014458192725117613,-0.037083169574651964,0.004015204328935207,-0.004607298664126791
2026-08-19,-0.027486645980978497,-0.0073799138866826874,-0.01615415359492378,-0.007741470639721304,-0.0011292512315604908
2026-08-20,0.0011202151365723445,-0.006836539320856816,0.005596116984573074,-0.0061366038348042995,-0.008592189993879784
2026-08-21,-0.0027673697830673527,0.004120987028179091,-0.0004370412211087693,0.0026435694686737232,0.00575823681613552
2026-08-24,-0.019907480378832054,-0.007128267434713398,-0.02171798991042717,0.001978646283803176,-0.0017442533165541452
2026-08-25,0.013886821269078808,0.0062294801231319585,0.022843902948000983,0.0021605089005249933,0.0034214327358639274
2026-08-26,0.014380046544401726,0.003694327930723551,0.00955674007083318,0.0017574612692736746,0.001236119279117931
2026-08-27,-0.004935911500284718,-0.0014000891554881711,-0.009818310375158124,-0.004497937015007114,-0.0037021513690852492
2026-08-28,-0.008847867754481098,-0.009101067376628302,-0.006880037074500689,0.0023096518662748533,-0.005197397652043523
2026-08-31,-0.007066055762121604,-0.0027907011415688743,-0.013445258450511144,-0.004084573135467284,-0.004002680588792162
