Date,Close,High,Low,Open,Volume,returns,rolling_mean,rolling_std,zscore,signal,position,strategy_returns,trade,equity_curve,buy_hold,volatility,regime,future_return,target,zscore_feature,vol_feature,momentum
2015-02-02,167.21826171875,167.30935775192052,163.85601062679834,165.66964179128243,163107000,0.012307958983547564,167.621533203125,1.7188566105135492,-0.2346161290641483,0,0.0,0.0,0.0,1.0,0.9817680140098153,0.011045159134755862,high,0.014357577448252008,1,-0.2346161290641483,0.011045159134755862,-0.0034661712332443653
2015-02-03,169.6364288330078,169.6447183317602,167.73999117407354,168.1126521614309,124212900,0.014357577448252008,167.75072555541993,1.7701795673160445,1.0652610121621686,0,0.0,0.0,0.0,1.0,0.9958638243071778,0.010748255046549672,high,-0.0038153906303155017,0,1.0652610121621686,0.010748255046549672,0.002060937522313296
2015-02-04,168.9904327392578,170.0835848102543,168.53495270967596,168.87449351685765,134306700,-0.0038153906303155017,167.92629165649413,1.7059855790782574,0.6237690961834729,0,0.0,-0.0,0.0,1.0,0.992064214802846,0.010537418455754916,high,0.010044502856731731,1,0.6237690961834729,0.010537418455754916,0.0038793280846603382
2015-02-05,170.6964111328125,170.84548307699293,169.57842841538633,169.65295806926244,97953200,0.010044502856731731,168.08405227661132,1.811147443947661,1.4423777947681415,0,0.0,0.0,0.0,1.0,1.0020290066424946,0.010417259269295305,high,-0.0027693324242625923,0,1.4423777947681415,0.010417259269295305,0.0040480723736218225
2015-02-06,170.22434997558594,171.62390999881345,169.70261720951441,171.06076766399516,125672000,-0.0027693324242625923,168.06956100463867,1.7917357365604896,1.2026265519957269,0,0.0,-0.0,0.0,1.0,0.999254055224348,0.009672036781236517,medium,-0.004485915481044841,0,1.2026265519957269,0.009672036781236517,0.006025063246790642
2015-02-09,169.4624481201172,170.29886574036942,169.05665459774767,169.57838732130486,87219000,-0.004485915481044841,168.08529357910157,1.8030473359305843,0.7637927821261775,0,0.0,-0.0,0.0,1.0,0.9947714859885203,0.009549819348686477,medium,0.010597096996471597,1,0.7637927821261775,0.009549819348686477,0.002666288353872161
2015-02-10,171.26780700683594,171.5245286482681,169.50386295432565,170.49764208253944,96164200,0.010597096996471597,168.25754470825194,1.9362835515458994,1.5546598514358334,0,0.0,0.0,0.0,1.0,1.0053131759148648,0.009632076311016499,medium,0.0005800954225005091,1,1.5546598514358334,0.009632076311016499,0.001914192263516078
2015-02-11,171.3671875,171.7978242989837,170.4562401071207,171.10218898738265,91087800,0.0005800954225005091,168.45836639404297,2.0426467269383703,1.42404512126134,0,0.0,0.0,0.0,1.0,1.0058963534863925,0.009590798906140771,medium,0.009571065633797091,1,1.42404512126134,0.009590798906140771,0.00279328947407928
2015-02-12,173.01522827148438,173.07320421101406,171.40035573613238,172.16224399290283,97545900,0.009571065633797091,168.79211044311523,2.216291245464142,1.9054886567873996,0,0.0,0.0,0.0,1.0,1.015523853506408,0.0096063123920498,medium,0.004107886537352438,1,1.9054886567873996,0.0096063123920498,0.002698602029492352
2015-02-13,173.7274169921875,173.77710343007948,172.88270963873737,173.1394439618939,93670400,0.004107886537352438,169.2376510620117,2.270050614854236,1.9778263536489862,0,0.0,0.0,0.0,1.0,1.0196955102725873,0.009246061791503127,medium,0.0015718312872865386,1,1.9778263536489862,0.009246061791503127,0.004074045821815359
2015-02-17,174.00070190429688,174.1746170702164,173.1642840631735,173.41271624816068,76968200,0.0015718312872865386,169.58878173828126,2.4389885830526468,1.8089138246369503,0,0.0,0.0,0.0,1.0,1.0212982995791393,0.008917096882386372,medium,9.514328607966302e-05,1,1.8089138246369503,0.008917096882386372,0.005285595175481634
2015-02-18,174.0172576904297,174.09178734139812,173.36301927923287,173.6280304423576,80652900,9.514328607966302e-05,169.92293548583984,2.568223315109535,1.5942235943821033,0,0.0,0.0,0.0,1.0,1.0213954692554288,0.008927856105736466,medium,-0.000714014762370859,0,1.5942235943821033,0.008927856105736466,0.003185204433403248
2015-02-19,173.89305114746094,174.2574352250173,173.2802348683247,173.42101732802976,91462500,-0.000714014762370859,170.20864486694336,2.679425343766875,1.3750733115548757,0,0.0,-0.0,0.0,1.0,1.0206661778121617,0.00891611377919865,medium,0.0059826360216864915,1,1.3750733115548757,0.00891611377919865,0.002926382396428974
2015-02-20,174.93650817871094,175.01103783545233,172.8578661957788,173.47897194148132,140896400,0.0059826360216864915,170.4214775085449,2.8803488530997416,1.5675291086033178,0,0.0,0.0,0.0,1.0,1.0267724520536579,0.008441166677907801,medium,-0.00014183746357684173,0,1.5675291086033178,0.008441166677907801,0.0022086964740068537
2015-02-23,174.9116973876953,174.9116973876953,174.30714525156807,174.68809573958757,74411100,-0.00014183746357684173,170.67986068725585,3.0435409438230687,1.3904319930468034,0,0.0,-0.0,0.0,1.0,1.026626817253388,0.008300210239516673,medium,0.0028366744868727283,1,1.3904319930468034,0.008300210239516673,0.0013587516738209978
2015-02-24,175.4085693359375,175.60732775468037,174.53901862902975,174.83714993892866,72472300,0.0028366744868727283,170.9432113647461,3.217415845942148,1.3878709451944702,0,0.0,0.0,0.0,1.0,1.0295390233534298,0.008303604070780318,medium,-0.0008502535303217764,0,1.3878709451944702,0.008303604070780318,0.001611720313738236
2015-02-25,175.25949096679688,175.76465750269924,174.919950110312,175.28433418688803,73061700,-0.0008502535303217764,171.31131820678712,3.2712986326022326,1.2069129735395285,0,0.0,-0.0,0.0,1.0,1.0286636541642196,0.007570213579076919,medium,-0.0011818951987666688,0,1.2069129735395285,0.007570213579076919,0.0014226409504579478
2015-02-26,175.05247497558594,175.32576306309747,174.44792285634952,175.16841422758196,72697900,-0.0011818951987666688,171.7767333984375,3.0949653654337808,1.058409768889068,0,0.0,-0.0,0.0,1.0,1.027447881530217,0.006753003145446099,medium,-0.0034122993994626536,0,1.058409768889068,0.006753003145446099,0.001329064863178786
2015-02-27,174.45616149902344,175.21804959524584,174.40647506785652,174.95303844711958,108076000,-0.0034122993994626536,172.1357322692871,2.958877709207339,0.7842261349685721,0,0.0,-0.0,0.0,1.0,1.0239419217410923,0.00670589363220487,medium,0.006293718593530848,1,0.7842261349685721,0.00670589363220487,-0.0005499222210510431
2015-03-02,175.55760192871094,175.6155652234063,174.50585939965265,174.55554583408522,87491400,0.006293718593530848,172.65497436523438,2.5564999805241766,1.1353911932678409,0,0.0,0.0,0.0,1.0,1.0303863240526498,0.005787038646821418,low,-0.0041123635581923655,0,1.1353911932678409,0.005787038646821418,0.0007371889903704948
2015-03-03,174.83712768554688,175.60730540326986,173.97586658681115,175.12698209643352,110325800,-0.0041123635581923655,173.03591766357422,2.2534154619609463,0.7993244265774312,0,0.0,-0.0,0.0,1.0,1.026149000882756,0.005564805594486594,low,-0.004224433920177937,0,0.7993244265774312,0.005564805594486594,-0.0006526186186425239
2015-03-04,174.10009765625,174.31542242677207,173.1311740981912,174.24088012505203,114497200,-0.004224433920177937,173.25910110473632,2.1158484850163632,0.397474846365088,0,0.0,-0.0,0.0,1.0,1.0218141022362703,0.004950318615982127,low,0.0010932840510124683,1,0.397474846365088,0.004950318615982127,-0.001327454696613756
2015-03-05,174.29054260253906,174.57210748101213,173.7853761387244,174.42303554530858,76873000,0.0010932840510124683,173.52410659790038,1.8707902234108706,0.40968570128685655,0,0.0,0.0,0.0,1.0,1.022931235297345,0.004802912957602165,low,-0.014164075179993038,0,0.40968570128685655,0.004802912957602165,-0.0008724188466579287
2015-03-06,171.8392791748047,173.85994549150837,171.5080277875941,173.42930857899026,188128000,-0.014164075179993038,173.58125,1.795824683367541,-0.9700116282669474,0,0.0,-0.0,0.0,1.0,1.0084423603766302,0.00554160173975581,low,0.004135586294213912,1,-0.9700116282669474,0.00554160173975581,-0.0030227740027640054
2015-03-09,172.55140686035156,172.90750131671726,171.88061487590454,172.0379636399452,89818900,0.004135586294213912,173.69760284423828,1.6350724916421613,-0.7010062182231124,0,0.0,0.0,0.0,1.0,1.0126128607807083,0.005553187627334559,low,-0.01635477326862157,0,-0.7010062182231124,0.005553187627334559,-0.0034544004626273933
2015-03-10,169.7523193359375,171.26781870995183,169.71090976336123,171.18501220122667,157121300,-0.01635477326862157,173.71209640502929,1.596382492141628,-2.4804688654406024,1,0.0,-0.0,0.0,1.0,0.9960518070337496,0.006658382518654752,medium,-0.002344342432117106,0,-2.4804688654406024,0.006658382518654752,-0.005902882404713233
2015-03-11,169.35482788085938,170.18296884849192,169.27200872952477,170.00905368526062,110145700,-0.002344342432117106,173.61644744873047,1.795441127966675,-2.3735780034722436,1,1.0,-0.002844342432117106,1.0,0.9971556575678829,0.9937167205179335,0.0061958488526589976,low,0.012633977903294713,1,-2.3735780034722436,0.0061958488526589976,-0.005526864107101067
2015-03-12,171.50802612304688,171.5742662907018,169.9345504579917,169.984236901948,93993500,0.012633977903294713,173.6234893798828,1.7864084290117148,-1.1841991016613507,0,1.0,0.012633977903294713,0.0,1.009753700111741,1.0062713156070915,0.006863088775291784,medium,-0.006151113050654824,0,-1.1841991016613507,0.006863088775291784,-0.0032187253366446184
2015-03-13,170.456298828125,172.19538770623154,169.42112236385987,171.2347535510814,162410900,-0.006151113050654824,173.49554290771485,1.9189848584190177,-1.5837769986855306,0,0.0,-0.0005,1.0,1.0092488232616852,1.0000816269851611,0.006609804972206127,medium,0.013271641074278596,1,-1.5837769986855306,0.006609804972206127,-0.0016161329107769757
2015-03-16,172.73361206054688,172.8247080553119,170.48106804128992,171.18499278596744,136099200,0.013271641074278596,173.44585266113282,1.9255203734479056,-0.3698951257059824,0,0.0,0.0,0.0,1.0092488232616852,1.0133543513834888,0.007250475559270582,medium,-0.0029767049231279223,0,-0.3698951257059824,0.007250475559270582,0.00021107804523596112
2015-03-17,172.22019958496094,172.60113735012428,171.40861234601115,171.99659798758267,94510400,-0.0029767049231279223,173.35682754516603,1.9396256260820355,-0.5860037859476169,0,0.0,-0.0,0.0,1.0092488232616852,1.0103378944968524,0.007260436142731773,medium,0.011949803582727089,1,-0.5860037859476169,0.007260436142731773,0.00288669171433469
2015-03-18,174.29054260253906,174.96133472213626,171.11047188394753,171.74814392695924,228808500,0.011949803582727089,173.3704917907715,1.9454768785862626,0.4729178855295101,0,0.0,0.0,0.0,1.0092488232616852,1.0224112338882758,0.007778241842926436,medium,-0.004571861135474576,0,0.4729178855295101,0.007778241842926436,0.00574552091730353
2015-03-19,173.4955291748047,174.29882690791254,173.10630191705437,173.87647957216197,117917300,-0.004571861135474576,173.35061569213866,1.9418844658755445,0.07462518250316674,0,0.0,-0.0,0.0,1.0092488232616852,1.0177369117035895,0.007846464857925093,medium,0.00878828879858766,1,0.07462518250316674,0.007846464857925093,0.002304353109549672
2015-03-20,175.0269775390625,175.5343990554761,174.26168836055672,174.44469367420336,177715100,0.00878828879858766,173.35513916015626,1.9458743823382298,0.8591707635810003,0,0.0,0.0,0.0,1.0092488232616852,1.0266810776046233,0.007985064402856214,medium,-0.0019505404027295352,0,0.8591707635810003,0.007985064402856214,0.005292233479398169
2015-03-23,174.6859130859375,175.60925341996233,174.6859130859375,175.0352833889691,71784500,-0.0019505404027295352,173.34384994506837,1.9370032731439522,0.6928553810292871,0,0.0,-0.0,0.0,1.0092488232616852,1.0246784946820375,0.007997296419445878,medium,-0.0056348876311684585,0,0.6928553810292871,0.007997296419445878,0.002247797183996542
2015-03-24,173.704345703125,175.0186380320636,173.6377971673957,174.56113747478216,77805300,-0.0056348876311684585,173.25863876342774,1.877979373832301,0.23733324545930848,0,0.0,-0.0,0.0,1.0092488232616852,1.0189045465064295,0.008059648885063246,medium,-0.014762475497824484,0,0.23733324545930848,0.008059648885063246,0.001716160642388435
2015-03-25,171.15887451171875,174.14518069744963,171.1172927921801,173.91226721956986,159521700,-0.014762475497824484,173.05360794067383,1.871871729322476,-1.0122132832471789,0,0.0,-0.0,0.0,1.0092488232616852,1.0038629931040064,0.008669815386174284,medium,-0.0023842109341627887,0,-1.0122132832471789,0.008669815386174284,-0.0036262951737218788
2015-03-26,170.75128173828125,171.66629534342607,169.79466102806265,170.49341415235105,153067200,-0.0023842109341627887,172.8385482788086,1.8772095052501958,-1.1118985572412952,0,0.0,-0.0,0.0,1.0092488232616852,1.0014695719794464,0.008673969062632157,medium,0.002287656978636479,1,-1.1118985572412952,0.008673969062632157,-0.0031887651334595217
2015-03-27,171.14234924316406,171.31702810961454,170.44359569884162,170.6349275715981,118939000,0.002287656978636479,172.67285766601563,1.8731586897170351,-0.8170735513512586,0,0.0,0.0,0.0,1.0092488232616852,1.0037605908346774,0.00869259329448795,medium,0.012125473629433173,1,-0.8170735513512586,0.00869259329448795,-0.004488891497449758
2015-03-30,173.23016357421875,173.52962558919126,172.15709875805342,172.17372636961676,96180400,0.012125473629433173,172.556485748291,1.7529484636771504,0.3843112560848308,0,0.0,0.0,0.0,1.0092488232616852,1.0159316634091076,0.009039568491390966,medium,-0.008778011107613908,0,0.3843112560848308,0.009039568491390966,-0.0016736886910172163
2015-03-31,171.71620178222656,173.10538151826552,171.65797975995795,172.40662840121527,126768700,-0.008778011107613908,172.400439453125,1.6764856503821612,-0.40813810171441167,0,0.0,-0.0,0.0,1.0092488232616852,1.0070138039831258,0.009192070088183945,medium,-0.0035424710965281853,0,-0.40813810171441167,0.009192070088183945,-0.002302313386306306
2015-04-01,171.10897827148438,171.70790231162295,170.11908957478775,171.68294820101997,137303600,-0.0035424710965281853,172.25088348388672,1.6500904728042551,-0.6920258199307899,0,0.0,-0.0,0.0,1.0092488232616852,1.0034464866887107,0.00918034867937999,medium,0.0035909877573900417,1,-0.6920258199307899,0.00918034867937999,-5.8312506047046315e-05
2015-04-02,171.7245330810547,172.17371973980016,170.8594149854099,171.0424202482258,86900900,0.0035909877573900417,172.1225830078125,1.5814847784246953,-0.25169380836804595,0,0.0,0.0,0.0,1.0092488232616852,1.007049850737606,0.009225290443748093,medium,0.006710777230214383,1,-0.25169380836804595,0.009225290443748093,0.0011367272322635198
2015-04-06,172.8808135986328,173.39654885986658,170.70140310210584,170.8344874743749,114368200,0.006710777230214383,172.1746597290039,1.5887963145371322,0.44445840109758294,0,0.0,0.0,0.0,1.0092488232616852,1.0138079379456268,0.008797729703073428,medium,-0.0026499528318800402,0,0.44445840109758294,0.008797729703073428,0.002021351282579101
2015-04-07,172.4232940673828,173.6544101425023,172.39002614874036,172.9057613911213,81236300,-0.0026499528318800402,172.16825408935546,1.5874551107040054,0.16065964719736223,0,0.0,-0.0,0.0,1.0092488232616852,1.0111213947294853,0.008772919685554159,medium,0.003371498272636701,1,0.16065964719736223,0.008772919685554159,-0.0009337340096835421
2015-04-08,173.00559997558594,173.4464729378044,172.2569511284169,172.64791585986887,89351900,0.003371498272636701,172.3309181213379,1.4905928968014357,0.45262650566482,0,0.0,0.0,0.0,1.0092488232616852,1.0145303887652417,0.00790807556183573,medium,0.0044136517183036,1,0.45262650566482,0.00790807556183573,0.0014961678663665797
2015-04-09,173.7708740234375,174.00378754198945,172.34843879891193,172.83921994922966,85548900,0.0044136517183036,172.5517204284668,1.346667684552718,0.9053113911882584,0,0.0,0.0,0.0,1.0092488232616852,1.0190081725588866,0.00790432032848275,medium,0.005442193400453393,1,0.9053113911882584,0.00790432032848275,0.003087392429332937
2015-04-10,174.71914672851562,174.76074114299004,173.82077337860102,174.02040625954504,72722900,0.005442193400453393,172.71227645874023,1.405808203313858,1.4275562377888193,0,0.0,0.0,0.0,1.0092488232616852,1.0245538121105946,0.007514946695317187,medium,-0.004532984936748086,0,1.4275562377888193,0.007514946695317187,0.003457633557945607
2015-04-13,173.92893981933594,175.2099769718649,173.87903158871407,174.5777722030921,74436600,-0.004532984936748086,172.8859085083008,1.324615341902639,0.7874220372058885,0,0.0,-0.0,0.0,1.0092488232616852,1.0199095251134094,0.007443093974604076,medium,0.0019111256830731521,1,0.7874220372058885,0.007443093974604076,0.0012088811245531132
2015-04-14,174.26165771484375,174.444662996307,173.10540399623537,173.72928217590538,75099900,0.0019111256830731521,172.96231079101562,1.3589906426868323,0.9561117516300282,0,0.0,0.0,0.0,1.0092488232616852,1.0218587004012645,0.006869336639311865,medium,0.004477103891147972,1,0.9561117516300282,0.006869336639311865,0.0021210968275437517
2015-04-15,175.04359436035156,175.55101584547447,174.644315833761,174.72750467768364,99529300,0.004477103891147972,173.10348052978514,1.4229822302076296,1.3634139551295257,0,0.0,0.0,0.0,1.0092488232616852,1.0264336679650343,0.006876385295797765,medium,-0.00028526539072498875,0,1.3634139551295257,0.006876385295797765,0.002342217951246006
2015-04-16,174.99366760253906,175.50108903393541,174.5112002831102,174.71084587168448,68934900,-0.00028526539072498875,173.13863677978514,1.4620040623710688,1.2688274065021683,0,0.0,-0.0,0.0,1.0092488232616852,1.026140861963689,0.006358182432335522,medium,-0.011570391726760098,0,1.2688274065021683,0.006358182432335522,0.0014024345294402882
2015-04-17,172.9805908203125,174.04534171399567,172.19866160620694,173.80411444443402,191113200,-0.011570391726760098,173.11288986206054,1.459920869478481,-0.09062069356902994,0,0.0,-0.0,0.0,1.0092488232616852,1.0142680102239339,0.006811151644795084,medium,0.009095317978972112,1,-0.09062069356902994,0.006811151644795084,-0.00200008249600241
2015-04-20,174.5610809326172,174.89381081065358,173.8207461650796,173.9039222881731,92189500,0.009095317978972112,173.08959503173827,1.4312063869122846,1.028143749451491,0,0.0,0.0,0.0,1.0092488232616852,1.0234931002928198,0.006832666451949607,medium,-0.0011917901719063137,0,1.028143749451491,0.006832666451949607,0.0007255780871416297
2015-04-21,174.35316467285156,175.4012754712299,174.05370263148143,175.2432242976131,72559800,-0.0011917901719063137,173.07295761108398,1.4134974084330516,0.9057017396209956,0,0.0,-0.0,0.0,1.0092488232616852,1.022273311274877,0.006824146349355401,medium,0.004902107331447718,1,0.9057017396209956,0.006824146349355401,0.0001049949161457365
2015-04-22,175.2099609375,175.39296622825637,173.77087272447622,174.69421298498898,78264600,0.004902107331447718,173.14823837280272,1.487072574272839,1.3864303601358765,0,0.0,0.0,0.0,1.0092488232616852,1.0272846047688209,0.006780571394446664,medium,0.0025130902732323126,1,1.3864303601358765,0.006780571394446664,0.00018999560420568574
2015-04-23,175.6508331298828,176.29966545157106,174.6942122607432,174.81066901866583,102585900,0.0025130902732323126,173.37283630371093,1.5098420851017937,1.5087649553882343,0,0.0,0.0,0.0,1.0092488232616852,1.0298662637169067,0.005767878842959869,low,0.002317956821936666,1,1.5087649553882343,0.005767878842959869,0.000749666736997146
2015-04-24,176.05845642089844,176.32465059604635,175.60926961638245,176.06678292189486,61327400,0.002317956821936666,173.6381950378418,1.491105934244977,1.6231317490411186,0,0.0,0.0,0.0,1.0092488232616852,1.0322534492485718,0.005705498972594499,low,-0.004166694769174457,0,1.6231317490411186,0.005705498972594499,0.0035273364467364983
2015-04-27,175.32640075683594,176.74883583330077,175.13506898499944,176.62406528021913,79358100,-0.004166694769174457,173.8473976135254,1.414027826738981,1.0459505218658958,0,0.0,-0.0,0.0,1.0092488232616852,1.0279523642011255,0.005841332839181549,low,0.003174016900306544,1,1.0459505218658958,0.005841332839181549,0.000874933897107185
2015-04-28,175.88377380371094,175.93368203726482,174.12859566432547,175.30148992418802,86863500,0.003174016900306544,173.980078125,1.4761933079666172,1.2895978246461353,0,0.0,0.0,0.0,1.0092488232616852,1.0312151023778098,0.005276383135130267,low,-0.004123450824673086,0,1.2895978246461353,0.005276383135130267,0.0017480953115497568
2015-04-29,175.16001892089844,175.75893021084994,174.35313557444897,174.99364127570007,125684900,-0.004123450824673086,174.1522689819336,1.3969500109627542,0.72139298547292,0,0.0,-0.0,0.0,1.0092488232616852,1.0269629376134946,0.00492445185791639,low,-0.010070761960295903,0,0.72139298547292,0.00492445185791639,-5.7016319674404146e-05
2015-04-30,173.40487670898438,174.97704931085852,172.70612345816878,174.58608461209516,161304900,-0.010070761960295903,174.2670639038086,1.2163650921157934,-0.708822704969696,0,0.0,-0.0,0.0,1.0092488232616852,1.0166206383267429,0.005431184929767803,low,0.010783096001570642,1,-0.708822704969696,0.005431184929767803,-0.002573786766380047
2015-05-01,175.2848358154297,175.32643023772877,174.08698753309534,174.18680399234466,103399700,0.010783096001570642,174.44507904052733,1.0772515126945197,0.7795364081707149,0,0.0,0.0,0.0,1.0092488232616852,1.0275829562669982,0.00585646401288105,low,0.0028433179388435647,1,0.7795364081707149,0.00585646401288105,-0.0008807589304532518
2015-05-04,175.783935546875,176.3662193542195,175.6009302513046,175.7090605129889,70927200,0.0028433179388435647,174.59023513793946,1.0506426637267765,1.136162132138551,0,0.0,0.0,0.0,1.0092488232616852,1.0305047013202022,0.005721168370046233,low,-0.011517986440701414,0,1.136162132138551,0.005721168370046233,0.0005212436111503526
2015-05-05,173.7708740234375,175.90038899608155,173.62946315094771,175.5426922186258,113326200,-0.011517986440701414,174.6576141357422,0.9419484446672348,-0.9413892207422825,0,0.0,-0.0,0.0,1.0092488232616852,1.018635362143317,0.006317816672621462,low,-0.004125108716472165,0,-0.9413892207422825,0.006317816672621462,-0.0024171570570512392
2015-05-06,173.05552673339844,174.62769963503646,171.99077538693658,174.31992371713588,135060200,-0.004125108716472165,174.6601104736328,0.937395024330273,-1.7117476608975801,0,0.0,-0.0,0.0,1.0092488232616852,1.014433380532033,0.0063538514186462225,medium,0.003981529354753298,1,-1.7117476608975801,0.0063538514186462225,-0.002417488635411055
2015-05-07,173.7459259033203,174.17017122825814,172.6229526914599,172.95568267434402,88244900,0.003981529354753298,174.65886306762695,0.9386563758050663,-0.9725999714470944,0,0.0,0.0,0.0,1.0092488232616852,1.018472376815063,0.006338821556460165,medium,0.013080588901168052,1,-0.9725999714470944,0.006338821556460165,0.00039296962759878524
2015-05-08,176.03355407714844,176.23319976722755,175.33481320113248,175.41800207854226,155877300,0.013080588901168052,174.7245834350586,0.9878258413232109,1.3251026520387865,0,0.0,0.0,0.0,1.0092488232616852,1.0317945952833762,0.0068905322919642804,medium,-0.0047844374563463235,0,1.3251026520387865,0.0068905322919642804,0.0008524682075182674
2015-05-11,175.19334411621094,176.25809539088837,175.1184817670937,175.9919139186372,75708100,-0.0047844374563463235,174.78780364990234,0.9745970790830855,0.41611089855731137,0,0.0,-0.0,0.0,1.0092488232616852,1.0268580385744468,0.006900180993141371,medium,-0.002995911802827981,0,0.41611089855731137,0.006900180993141371,-0.0006730828715197101
2015-05-12,174.6692657470703,175.20996783389103,173.53796603824514,174.36148987906336,119727600,-0.002995911802827981,174.80818405151368,0.967249609612649,-0.14362198036864254,0,0.0,-0.0,0.0,1.0092488232616852,1.0237816624568528,0.006929384183217754,medium,0.00019033535811008556,1,-0.14362198036864254,0.006929384183217754,0.0010313320560549765
2015-05-13,174.7025146484375,175.70071710612524,174.46960116473812,175.0768389834663,94667900,0.00019033535811008556,174.79113006591797,0.9658864371344691,-0.0917451721792133,0,0.0,0.0,0.0,1.0092488232616852,1.0239765243062031,0.006853295081556179,medium,0.01037371457476394,1,-0.0917451721792133,0.006853295081556179,0.0018944208709714267
2015-05-14,176.52426147460938,176.6157641176975,175.4428700634319,175.71737799269627,95934000,0.01037371457476394,174.86765975952147,1.0405308039487098,1.5920736885455626,0,0.0,0.0,0.0,1.0092488232616852,1.0345989645006146,0.007241387892957309,medium,0.0010834591524498277,1,1.5920736885455626,0.007241387892957309,0.003172857914973555
2015-05-15,176.7156219482422,176.8570328492495,176.23315450742103,176.7156219482422,76510100,0.0010834591524498277,175.05441131591797,1.0189725196087884,1.6302801109513705,0,0.0,0.0,0.0,1.0092488232616852,1.0357199102178178,0.006667243342824208,medium,0.00310176170795001,1,1.6302801109513705,0.006667243342824208,0.0007734319652299101
2015-05-18,177.2646026611328,177.51414379393768,176.482673264118,176.54922179714424,74549700,0.00310176170795001,175.18958740234376,1.1239946232121407,1.8461078157643611,0,0.0,0.0,0.0,1.0092488232616852,1.0389324665754929,0.006417468719275803,medium,-0.00032853205613823054,0,1.8461078157643611,0.006417468719275803,0.0023506717980891767
2015-05-19,177.2063751220703,177.65557456500738,176.9235533648642,177.38106661495368,72114600,-0.00032853205613823054,175.33224792480468,1.1912996789848271,1.5731786303029014,0,0.0,-0.0,0.0,1.0092488232616852,1.03859114395606,0.006406484265975745,medium,-0.0007043486128441624,0,1.5731786303029014,0.006406484265975745,0.002884147747427127
2015-05-20,177.08160400390625,177.830252816043,176.7655016333957,177.30619103184608,76857500,-0.0007043486128441624,175.425830078125,1.2530981348066332,1.321344178711722,0,0.0,-0.0,0.0,1.0092488232616852,1.0378596137245022,0.006340397030278523,medium,0.002908077590575227,1,1.321344178711722,0.006340397030278523,0.0027052109532362772
2015-05-21,177.59732055664062,177.80527994839312,176.77379679588046,176.94017446354965,64764600,0.002908077590575227,175.52315444946288,1.343799554944629,1.5435085534488149,0,0.0,0.0,0.0,1.0092488232616852,1.0408777900093376,0.006347506133790089,medium,-0.002391460838971175,0,1.5435085534488149,0.006347506133790089,0.0012120835563985345
2015-05-22,177.17311096191406,177.6306115288807,177.10656242477594,177.21469269139422,57433500,-0.002391460838971175,175.57888717651366,1.3895064096855039,1.1473310049438585,0,0.0,-0.0,0.0,1.0092488232616852,1.0383885715363754,0.006365834586461708,medium,-0.010810150353222983,0,1.1473310049438585,0.006365834586461708,0.0005170995581143341
2015-05-26,175.26815795898438,177.1065244109385,174.85223921076997,176.68227916434677,124308600,-0.010810150353222983,175.5759750366211,1.3901243191644201,-0.2214313305602312,0,0.0,-0.0,0.0,1.0092488232616852,1.0271634349529988,0.006772378888052932,medium,0.009447521896128502,1,-0.2214313305602312,0.006772378888052932,-0.0022652828541202645
2015-05-27,176.93185424804688,177.1647677596547,175.31808727988246,175.72569227161335,93214000,0.009447521896128502,175.62837905883788,1.4217337739530875,0.9168208655441326,0,0.0,0.0,0.0,1.0092488232616852,1.0368675839956198,0.007066820478781843,medium,-0.001129101347180372,0,0.9168208655441326,0.007066820478781843,-0.00031007206366691803
2015-05-28,176.73219299316406,176.84032323223988,176.04176637565863,176.62405006125587,74974600,-0.001129101347180372,175.70698776245118,1.4378468729887195,0.7130141950247355,0,0.0,-0.0,0.0,1.0092488232616852,1.0356968554096828,0.006999638260242586,medium,-0.006232297566785439,0,0.7130141950247355,0.006999638260242586,-0.00039502261053416004
2015-05-29,175.63417053222656,176.70723533026117,175.36798913054474,176.66565360922212,124919600,-0.006232297566785439,175.81845245361328,1.3325434420115392,-0.1382933685888173,0,0.0,-0.0,0.0,1.0092488232616852,1.0292420844177856,0.006744036259862659,medium,0.0020344421348784474,1,-0.1382933685888173,0.006744036259862659,-0.002223097642006293
2015-06-01,175.99185180664062,176.63235749126358,175.201596090961,176.29962759516937,93338800,0.0020344421348784474,175.85380325317382,1.3270088150780803,0.10402986920526211,0,0.0,0.0,0.0,1.0092488232616852,1.0313360178813151,0.006321937219439275,low,-0.000992533010421562,0,0.10402986920526211,0.006321937219439275,-0.001337917047236369
2015-06-02,175.8172607421875,176.5076877289666,174.910560468751,175.53443889974955,91531000,-0.000992533010421562,175.85546951293946,1.326937388775912,-0.028794705066839475,0,0.0,-0.0,0.0,1.0092488232616852,1.0303123828387313,0.006295696022565484,low,0.0026456939291848477,1,-0.028794705066839475,0.006295696022565484,0.0006256064213239152
2015-06-03,176.2830352783203,176.90691352294607,175.79225410549518,176.34958381422064,87820900,0.0026456939291848477,175.9810775756836,1.2349349068983333,0.24451305161914247,0,0.0,0.0,0.0,1.0092488232616852,1.0330382740551716,0.005699107419394749,low,-0.008482509735761989,0,0.24451305161914247,0.005699107419394749,-0.0007347591720648155
2015-06-04,174.79403686523438,176.2331123420793,174.47793451929695,175.57596623076313,151882800,-0.008482509735761989,176.0680030822754,1.0680852840181663,-1.1927570167883272,0,0.0,-0.0,0.0,1.0092488232616852,1.0242755168380837,0.005970797654497972,low,-0.0017146496712231846,0,-1.1927570167883272,0.005970797654497972,-0.0022054408497811386
2015-06-05,174.4945831298828,175.16836957906196,173.8374242944559,174.64430781066267,121704700,-0.0017146496712231846,176.1054359436035,0.992893189893632,-1.622382780058414,0,0.0,-0.0,0.0,1.0092488232616852,1.0225192431598953,0.005931703417176731,low,-0.006168248864880184,0,-1.622382780058414,0.005931703417176731,-0.0013019112706686878
2015-06-08,173.42156982421875,174.53624230810806,173.34670745605266,174.38650487893622,89063300,-0.006168248864880184,175.97483673095704,1.1604842025135136,-2.200173773333683,1,0.0,-0.0,0.0,1.0092488232616852,1.0162120899989562,0.005257640828777726,low,-0.00014413257687798857,0,-2.200173773333683,0.005257640828777726,-0.0029424494706204144
2015-06-09,173.39657592773438,173.93727807931117,172.76438380905586,173.39657592773438,105034700,-0.00014413257687798857,175.8849983215332,1.2868367452126646,-1.9337514281095445,0,1.0,-0.0006441325768779886,1.0,1.0085987332164466,1.0160656207317702,0.0051718017756128285,low,0.011921908630072852,1,-1.9337514281095445,0.0051718017756128285,-0.0027727693839116998
2015-06-10,175.47616577148438,175.85881671031495,174.10363860063796,174.16186064118648,134551300,0.011921908630072852,175.92534332275392,1.2590642169706021,-0.35675507667932593,0,0.0,-0.0005,1.0,1.0080944338498383,1.0281790622242926,0.005829196366657307,low,0.0032183789934109165,1,-0.35675507667932593,0.005829196366657307,-0.0009175264437340988
2015-06-11,176.0418243408203,176.42446259184706,175.68412751363977,175.91704106456993,73876400,0.0032183789934109165,175.99230880737304,1.2257797021293424,0.04039513247059152,0,0.0,0.0,0.0,1.0080944338498383,1.03148813211962,0.005867298977112107,low,-0.007684596254837476,0,0.04039513247059152,0.005867298977112107,0.0014226513021004827
2015-06-12,174.69419860839844,175.9170008174416,174.4196906948547,175.21826032451227,135382400,-0.007684596254837476,175.9008056640625,1.2520055832371282,-0.9637393569318623,0,0.0,-0.0,0.0,1.0080944338498383,1.0235615622826244,0.005633563916247588,low,-0.004294651468551038,0,-0.9637393569318623,0.005633563916247588,0.00022866198537762442
2015-06-15,173.945556640625,174.22837837118564,172.84752494385896,173.55459196309474,124384200,-0.004294651468551038,175.76230239868164,1.3090424725719452,-1.3878432488803698,0,0.0,-0.0,0.0,1.0080944338498383,1.0191657221160149,0.005681100013448135,low,0.005436917468511362,1,-1.3878432488803698,0.005681100013448135,0.0006033814646434537
2015-06-16,174.89385986328125,174.977048702538,173.6211493182285,173.795828110699,85308200,0.005436917468511362,175.64376525878907,1.2726788364250938,-0.5892338067114241,0,0.0,0.0,0.0,1.0080944338498383,1.0247068420338954,0.005788277448278318,low,0.0016155371215730956,1,-0.5892338067114241,0.005788277448278318,0.0017195914737213238
2015-06-17,175.1766357421875,175.78388618553055,174.15347928996056,175.1766357421875,126708600,0.0016155371215730956,175.54227828979492,1.221409567412026,-0.29936112943847387,0,0.0,0.0,0.0,1.0080944338498383,1.0263622939759312,0.005810650678039046,low,0.010345782526754405,1,-0.29936112943847387,0.005810650678039046,-0.0003416828279786276
2015-06-18,176.99838256835938,177.46420953838458,175.20993701711987,175.77558042562677,165867900,0.010345782526754405,175.5381172180176,1.2160192826879563,1.2008570679191322,0,0.0,0.0,0.0,1.0080944338498383,1.0369808150630668,0.0063023528556830355,low,-0.004448677144503288,0,1.2008570679191322,0.0063023528556830355,0.0010837978786900702
2015-06-19,176.2127227783203,176.8312815958883,175.8365774891499,176.75605508897002,130478700,-0.004448677144503288,175.46888732910156,1.1289089689495184,0.6588976345106992,0,0.0,-0.0,0.0,1.0080944338498383,1.0323676222118074,0.006336839989038085,medium,0.0051095065663248045,1,0.6588976345106992,0.006336839989038085,0.001730981700756908
2015-06-22,177.11538696289062,177.7005029698654,176.90641604935877,177.13210820725345,70696000,0.0051095065663248045,175.46600112915038,1.1243873183988358,1.4669196341426363,0,0.0,0.0,0.0,1.0080944338498383,1.0376425113563597,0.006433468833758191,medium,0.0007081744926771166,1,1.4669196341426363,0.006433468833758191,0.0036118133077320765
2015-06-23,177.24085998535156,177.57522128004848,176.84800619027394,177.32445349767062,68476800,0.0007081744926771166,175.56463623046875,1.1906896358382235,1.407775548245855,0,0.0,0.0,0.0,1.0080944338498383,1.0383773433154198,0.005910671919331227,low,-0.007289459178420798,0,1.407775548245855,0.005910671919331227,0.0026660647125652274
2015-06-24,175.9535675048828,177.34949213933672,175.92849200731476,176.97334692123923,92307300,-0.007289459178420798,175.51572189331054,1.1510001268917909,0.3804044859270763,0,0.0,-0.0,0.0,1.0080944338498383,1.030808134059525,0.005769209723967327,low,-0.0030451407255481238,0,0.3804044859270763,0.005769209723967327,0.0008850654525664489
2015-06-25,175.4185791015625,176.58045710201526,175.34335261880636,176.45507963075502,97107400,-0.0030451407255481238,175.45004119873047,1.114841982250897,-0.028221127001740266,0,0.0,-0.0,0.0,1.0080944338498383,1.027669178230274,0.005799927117897365,low,-0.0001906023479263345,0,-0.028221127001740266,0.005799927117897365,-0.001793119197894057
2015-06-26,175.38514709472656,176.02041419852873,174.83346071915972,175.77800075112447,104174800,-0.0001906023479263345,175.43759002685547,1.1140676361885626,-0.04707338264338167,0,0.0,-0.0,0.0,1.0080944338498383,1.0274733020720117,0.005633644555931387,low,-0.021193256468524217,0,-0.04707338264338167,0.005633644555931387,-0.0009415042385786663
2015-06-29,171.707275390625,175.39352658346507,171.63204889801438,173.9056542082529,202621300,-0.021193256468524217,175.22336120605468,1.3816837301595446,-2.5447833962868405,1,0.0,-0.0,0.0,1.0080944338498383,1.005697796866638,0.007318916555205565,medium,0.0020908530101473974,1,-2.5447833962868405,0.007318916555205565,-0.006202056845548471
2015-06-30,172.06666564941406,173.29541571522537,171.5902058157197,173.24525197912087,182925100,0.0020908530101473974,175.03583145141602,1.5420528128433582,-1.9254631081844544,0,1.0,0.0015908530101473974,1.0,1.0096981639144411,1.0078005631325153,0.007356611482259859,medium,0.007983698297627021,1,-1.9254631081844544,0.007356611482259859,-0.005925521142054415
2015-07-01,173.44589233398438,173.8889097374112,172.66015950388396,173.6381420409531,135979900,0.007983698297627021,174.89397430419922,1.551748261619262,-0.9331938730214903,0,0.0,-0.0005,1.0,1.0091933148324839,1.015846538772744,0.007591894485147049,medium,-0.0009159683969028344,0,-0.9331938730214903,0.007591894485147049,-0.002870889646844851
2015-07-02,173.28709411621094,174.08954829467416,172.86915215451845,173.92237406091246,104373700,-0.0009159683969028344,174.81862716674806,1.5928964565703079,-0.9614768393889772,0,0.0,-0.0,0.0,1.0091933148324839,1.014916055447125,0.007374924138153678,medium,-0.002850435387654541,0,-0.9614768393889772,0.007374924138153678,-0.002445055181115793
2015-07-06,172.79385375976562,173.57121936284062,171.79915026411993,171.99976691389952,117975400,-0.002850435387654541,174.73359069824218,1.6552808967856614,-1.1718475953194842,0,0.0,-0.0,0.0,1.0091933148324839,1.0120231028071798,0.007389671449141694,medium,0.006269393903518926,1,-1.1718475953194842,0.007389671449141694,-0.002977021789061434
2015-07-07,173.8805694580078,174.0059469390205,170.6122604041344,172.99453457998248,173820200,0.006269393903518926,174.75654067993165,1.6392368976741982,-0.5343774430448033,0,0.0,0.0,0.0,1.0091933148324839,1.0183678742781395,0.007409960706515937,medium,-0.016919573751972696,0,-0.5343774430448033,0.007409960706515937,0.0025155082853471943
2015-07-08,170.9633331298828,172.82735065650917,170.72928665813495,172.54315319146906,164020100,-0.016919573751972696,174.63487854003907,1.8252287584400895,-2.0115535618089315,1,0.0,-0.0,0.0,1.0091933148324839,1.0011375239226508,0.008334637310661829,medium,0.0018071435667844293,1,-2.0115535618089315,0.008334637310661829,-0.0012865770670768242
2015-07-09,171.27256774902344,173.32049305021542,171.163911539407,173.06135838525742,144113100,0.0018071435667844293,174.42469863891603,1.9602845956775685,-1.6079965617456997,0,1.0,0.0013071435667844293,1.0,1.010512475381609,1.002946723158474,0.007818942731278006,medium,0.01251336746482705,1,-1.6079965617456997,0.007818942731278006,-0.0025218880132453427
2015-07-10,173.42922973632812,173.84717178690553,171.31444398077267,173.270409716376,129456900,0.01251336746482705,174.2940689086914,1.9337198743525428,-0.4472411872235864,0,0.0,-0.0005,1.0,1.0100072191439182,1.0154969640530003,0.008354089890805903,medium,0.010976626016945126,1,-0.4472411872235864,0.008354089890805903,0.00016397915910063427
2015-07-13,175.3433837890625,175.45204003194522,174.6495985640824,174.69139531345752,106069400,0.010976626016945126,174.3265281677246,1.9461982423026283,0.5224830642816798,0,0.0,0.0,0.0,1.0100072191439182,1.0266436944487531,0.008577660744737895,medium,0.004328420728449673,1,0.5224830642816798,0.008577660744737895,0.0029293914400205677
2015-07-14,176.10398864746094,176.41327431917014,175.2430293744305,175.30154736122591,81709600,0.004328420728449673,174.4344497680664,1.983449273423654,0.8417351034708981,0,0.0,0.0,0.0,1.0100072191439182,1.0310874402965373,0.008557310935953145,medium,-0.00033225775950741494,0,0.8417351034708981,0.008557310935953145,0.002541196805006717
2015-07-15,176.0454864501953,176.6055270618989,175.56902656518767,176.14578842406027,97914100,-0.00033225775950741494,174.4920310974121,2.0139698783934508,0.7713399139923576,0,0.0,-0.0,0.0,1.0100072191439182,1.0307448534937682,0.008483186831674238,medium,0.007992113748220103,1,0.7713399139923576,0.008483186831674238,0.005858660003499773
2015-07-16,177.45809936523438,177.45809936523438,176.85626212392506,177.09866276757114,106683300,0.007992113748220103,174.60610427856446,2.116775631237478,1.3473298939116307,0,0.0,0.0,0.0,1.0100072191439182,1.038982683608283,0.008652260341571991,medium,0.0008476277546474021,1,1.3473298939116307,0.008652260341571991,0.007095654039786908
2015-07-17,177.60858154296875,177.6670995296128,177.04018669623701,177.44976158444834,89030000,0.0008476277546474021,174.63661422729493,2.1570850159541615,1.37777013594395,0,0.0,0.0,0.0,1.0100072191439182,1.0398633541675073,0.008347181739637699,medium,0.0005177462180095528,1,1.37777013594395,0.008347181739637699,0.004762506097750979
2015-07-20,177.7005615234375,178.1937299807778,177.38293430331788,177.834306013265,70446800,0.0005177462180095528,174.71100616455078,2.2384236842894984,1.3355627801247278,0,0.0,0.0,0.0,1.0100072191439182,1.0404017394863743,0.008276053788979441,medium,-0.003959214398586877,0,1.3355627801247278,0.008276053788979441,0.0026707301379638635
2015-07-21,176.99839782714844,177.82592739564956,176.69747914356392,177.5667926991554,77965000,-0.003959214398586877,174.70515670776368,2.231953363137288,1.0274592459052658,0,0.0,-0.0,0.0,1.0100072191439182,1.0362825659390849,0.008254024398852462,medium,-0.0017961308814562966,0,1.0274592459052658,0.008254024398852462,0.0010132031125565536
2015-07-22,176.68077087402344,177.01513207733043,176.27955018463078,176.3129799276736,88667900,-0.0017961308814562966,174.67715225219726,2.201772918647514,0.910002391643977,0,0.0,-0.0,0.0,1.0100072191439182,1.0344212668204869,0.00826118057143456,medium,-0.005645778417774708,0,0.910002391643977,0.00826118057143456,0.0007204284881667771
2015-07-23,175.6860809326172,176.91483134859936,175.3266569594978,176.81452935695242,90509100,-0.005645778417774708,174.66377792358398,2.194411555844705,0.4658665810933943,0,0.0,-0.0,0.0,1.0100072191439182,1.0285811535573846,0.00819440994213886,medium,-0.010426361524661793,0,0.4658665810933943,0.00819440994213886,-0.002007149945032185
2015-07-24,173.86383056640625,175.84487109283845,173.52948214791607,175.78636585916124,117755000,-0.010426361524661793,174.58604049682617,2.1938038133471167,-0.329204428411507,0,0.0,-0.0,0.0,1.0100072191439182,1.0178567945929415,0.00849584352892765,medium,-0.005834348714232931,0,-0.329204428411507,0.00849584352892765,-0.004261947800894024
2015-07-27,172.85240173339844,173.4876815708872,172.40938434913616,172.97779195349062,132361100,-0.005834348714232931,174.45940322875975,2.2182131299961196,-0.7244576608218561,0,0.0,-0.0,0.0,1.0100072191439182,1.0119182631121348,0.008580253017013874,medium,0.012208306886701503,1,-0.7244576608218561,0.008580253017013874,-0.005532366787342521
2015-07-28,174.97557067871094,175.11766940495826,172.86078552440136,173.6883023863461,123544800,0.012208306886701503,174.62281799316406,2.123143818493075,0.16614639219176644,0,0.0,0.0,0.0,1.0100072191439182,1.0242720718124658,0.007579357504490347,medium,0.006855459587930888,1,0.16614639219176644,0.007579357504490347,-0.002298862530284845
2015-07-29,176.17922973632812,176.4049091760101,174.95883379266965,175.10093250621645,105791300,0.006855459587930888,174.82844619750978,2.060785457658671,0.6554702401447551,0,0.0,0.0,0.0,1.0100072191439182,1.0312939276078223,0.007691394216873714,medium,0.0002373683730563867,1,0.6554702401447551,0.007691394216873714,-0.000568544436407408
2015-07-30,176.22105407714844,176.38822831017677,175.05080893679738,175.6693676290362,91304400,0.0002373683730563867,174.96720428466796,2.0562193556609163,0.609784062691825,0,0.0,0.0,0.0,1.0100072191439182,1.0315387241695615,0.007524020070069661,medium,-0.001519056782116815,0,0.609784062691825,0.007524020070069661,0.000608084921758811
2015-07-31,175.9535675048828,176.7476546885501,175.66937002939375,176.72257919098203,103266900,-0.001519056782116815,175.10052795410155,2.0277984035156447,0.42067275982776464,0,0.0,-0.0,0.0,1.0100072191439182,1.0299717582745955,0.0075324363310857855,medium,-0.0033786099117314905,0,0.42067275982776464,0.0075324363310857855,0.0023895458702678065
2015-08-03,175.36009216308594,175.97865089150653,174.40718494905138,175.92014564608382,113965700,-0.0033786099117314905,175.22883987426758,1.9540068106241664,0.06717084510899611,0,0.0,-0.0,0.0,1.0100072191439182,1.0264918854832856,0.0075466861450959625,medium,-0.0019565089670157848,0,0.06717084510899611,0.0075466861450959625,0.002880693630768095
2015-08-04,175.017333984375,175.74454872522287,174.5325199056187,175.28481013721492,81820800,-0.0019565089670157848,175.28567810058593,1.9290985029831407,-0.13910337693796412,0,0.0,-0.0,0.0,1.0100072191439182,1.0244835449047687,0.0074528805535510655,medium,0.0032900666126160064,1,-0.13910337693796412,0.0074528805535510655,4.773046002463739e-05
2015-08-05,175.59410095214844,176.6305886124667,175.30989079100854,175.91172809583946,85786800,0.0032900666126160064,175.51721649169923,1.6391149365377051,0.04690608250548316,0,0.0,0.0,0.0,1.0100072191439182,1.0278541640110344,0.006267396585764662,low,-0.008221150814751188,0,0.04690608250548316,0.006267396585764662,-0.0006653481350383391
2015-08-06,174.15643310546875,175.88670631934494,173.5713041132177,175.77803731999936,116030800,-0.008221150814751188,175.6614097595215,1.3468503655072719,-1.1174044961452805,0,0.0,-0.0,0.0,1.0100072191439182,1.0194040199131296,0.006619030604993978,medium,-0.0019218498886924371,0,-1.1174044961452805,0.006619030604993978,-0.0023570519725998537
2015-08-07,173.82205200195312,174.14804620817122,172.9192958721393,173.99759323049022,117858000,-0.0019218498886924371,175.68105087280273,1.3150746641208557,-1.4136070913451657,0,0.0,-0.0,0.0,1.0100072191439182,1.017444878410927,0.006040275329531155,low,0.012520397581478576,1,-1.4136070913451657,0.006040275329531155,-0.0024376105939149786
2015-08-10,176.01205444335938,176.09563516897882,174.9337572199016,174.9337572199016,80270700,0.012520397581478576,175.71448440551757,1.3145380288011232,0.22636852743864413,0,0.0,0.0,0.0,1.0100072191439182,1.0301836928058707,0.006194306371554058,low,-0.00906417758692171,0,0.22636852743864413,0.006194306371554058,0.0007421909047270348
2015-08-11,174.42385864257812,175.09256818605766,173.66320137743796,174.67462631570467,126081400,-0.00906417758692171,175.63047790527344,1.341739911613764,-0.8992944550960428,0,0.0,-0.0,0.0,1.0100072191439182,1.0208459248671276,0.006442346522038286,medium,0.001197249040950958,1,-0.8992944550960428,0.006442346522038286,-0.0006793428192541504
2015-08-12,174.6328125,174.81670792533765,171.6570687148233,173.11986511800856,172123700,0.001197249040950958,175.55984420776366,1.3558523363547217,-0.6837261572716927,0,0.0,0.0,0.0,1.0100072191439182,1.0220681316716334,0.006453253060098008,medium,-0.0012451898267411851,0,-0.6837261572716927,0.006453253060098008,-0.0010979063335871601
2015-08-13,174.41549682617188,175.15943281292616,173.87216476555253,174.4740020531035,89383300,-0.0012451898267411851,175.40771408081054,1.3012476275994336,-0.7625122487017493,0,0.0,-0.0,0.0,1.0100072191439182,1.0207954628318394,0.006143943932690316,low,0.0036358320935873214,1,-0.7625122487017493,0.006143943932690316,0.00029728586401484063
2015-08-14,175.05079650878906,175.12602299512452,174.08116816965813,174.2232668953725,72786500,0.0036358320935873214,175.27982482910156,1.1949041302990338,-0.1916708750978861,0,0.0,0.0,0.0,1.0100072191439182,1.024506903736592,0.0062160528850629185,low,0.005571295898919867,1,-0.1916708750978861,0.0062160528850629185,0.0014088222604707924
2015-08-17,176.02877807617188,176.02877807617188,173.99758642941626,174.457325100876,79072600,0.005571295898919867,175.19623565673828,1.068430810994718,0.7792197780766822,0,0.0,0.0,0.0,1.0100072191439182,1.0302147348477946,0.006370044902439836,medium,-0.0029007319214855083,0,0.7792197780766822,0.006370044902439836,1.90019239590505e-05
2015-08-18,175.51890563964844,176.10402184503204,175.284859157495,175.75295212180188,71692700,-0.0029007319214855083,175.12226104736328,0.9850521261266066,0.4026635563387195,0,0.0,-0.0,0.0,1.0100072191439182,1.0272263580804368,0.006343896100901837,medium,-0.007936963144628823,0,0.4026635563387195,0.006343896100901837,0.001251691057046291
2015-08-19,174.13133239746094,175.543965411561,173.32052403028706,174.77495378843668,172946000,-0.007936963144628823,174.99478912353516,0.9365173731678058,-0.9219868747907403,0,0.0,-0.0,0.0,1.0100072191439182,1.019073300335161,0.006558981703911664,medium,-0.021102334812843317,0,-0.9219868747907403,0.006558981703911664,-0.000575151380069665
2015-08-20,170.49525451660156,174.10626663748775,170.43673651645807,172.6183941900729,194327900,-0.021102334812843317,174.73524780273436,1.3588874006311578,-3.1201947152968423,1,0.0,-0.0,0.0,1.0100072191439182,0.9975684743526593,0.007935288679702468,medium,-0.030565196753236816,0,-3.1201947152968423,0.007935288679702468,-0.004546580377290091
2015-08-21,165.3628692626953,170.47011903660675,165.10374736369604,168.62281049941635,346588500,-0.030565196753236816,174.31019973754883,2.497933026871219,-3.5818936611204806,1,1.0,-0.031065196753236816,1.0,0.9786311461590228,0.9670775976592441,0.010107974770416616,high,-0.04301901864926664,0,-3.5818936611204806,0.010107974770416616,-0.011386786146654919
2015-08-24,158.39996337890625,165.07031182748682,152.46518392356649,156.71984170991092,507244300,-0.04301901864926664,173.58757781982422,4.347537209522062,-3.4933834281288623,1,1.0,-0.04301901864926664,0.0,0.9365313946316547,0.9254748684502531,0.013576888256069414,high,-0.011837456519842375,0,-3.4933834281288623,0.013576888256069414,-0.02110484905629222
2015-08-25,156.5359649658203,163.37348842234678,156.2434005299375,163.35676717483423,369833100,-0.011837456519842375,172.66559753417968,5.762631616396567,-2.799004628799332,1,1.0,-0.011837456519842375,0.0,0.9254452449682351,0.9145195999347664,0.013087807803803652,high,0.03767509151266936,1,-2.799004628799332,0.013087807803803652,-0.022892193975963596
2015-08-26,162.5459747314453,162.82180517053467,157.4554325277485,160.55656714024025,339257000,0.03767509151266936,171.98393478393555,6.120364678229288,-1.5420584472787953,0,1.0,0.03767509151266936,0.0,0.960311479262378,0.9489742095524385,0.0160961836852112,high,0.024434282356914958,1,-1.5420584472787953,0.0160961836852112,-0.013769783044503959
2015-08-27,166.56658935546875,166.6919668394145,163.17290274119117,164.6858505688254,274143900,0.024434282356914958,171.50121154785157,6.149250828263668,-0.8024753470295799,0,0.0,-0.0005,1.0,0.9598313235227469,0.972161713338073,0.01729807254871444,high,5.001657601674046e-05,1,-0.8024753470295799,0.01729807254871444,-0.004662459610552302
2015-08-28,166.57492065429688,167.0430135359747,165.43811818969027,165.92293231844926,160414400,5.001657601674046e-05,171.03227920532225,6.149451609232442,-0.7248383814149136,0,0.0,0.0,0.0,0.9598313235227469,0.9722103375383087,0.01730782546530772,high,-0.008111844503021359,0,-0.7248383814149136,0.01730782546530772,0.0014605830552984088
2015-08-31,165.22915649414062,166.44955250791443,164.67747010073978,165.5969474230745,163298800,-0.008111844503021359,170.525732421875,6.191308942970279,-0.8554856455270587,0,0.0,-0.0,0.0,0.9598313235227469,0.964323918455968,0.017349345798457583,high,-0.030301870065706542,0,-0.8554856455270587,0.017349345798457583,0.008442017884547464
2015-09-01,160.29750061035156,162.80515296013104,159.42817398653023,161.42593651500468,256000400,-0.030301870065706542,169.78974075317382,6.496648483255904,-1.4610980057312657,0,0.0,-0.0,0.0,0.9598313235227469,0.9351031003776623,0.018388383779118583,high,0.018803081887623824,1,-1.4610980057312657,0.018388383779118583,0.004749135175374631
2015-09-02,163.34010314941406,163.3818999022867,160.84080528073778,162.67974761592978,160269300,0.018803081887623824,169.17704086303712,6.498265329575751,-0.8982301302868057,0,0.0,0.0,0.0,0.9598313235227469,0.9526859205474345,0.019044969664403145,high,0.000715973958002909,1,-0.8982301302868057,0.019044969664403145,0.0009747332503655247
2015-09-03,163.45709228515625,165.54680194680597,162.96392386610506,164.05056268650245,152087800,0.000715973958002909,168.64207382202147,6.507167155925335,-0.7968108721694435,0,0.0,0.0,0.0,0.9598313235227469,0.9533680188567025,0.0190361012288197,high,-0.015252501706968725,0,-0.7968108721694435,0.0190361012288197,-0.0037689284294168852
2015-09-04,160.98287963867188,162.0444557787715,160.16371697574704,161.2002176188391,207081000,-0.015252501706968725,168.00011520385743,6.6018742464502,-1.0629156665561597,0,0.0,-0.0,0.0,0.9598313235227469,0.9388267715217213,0.019222559328131623,high,0.02482027774837356,1,-1.0629156665561597,0.019222559328131623,-0.006829432086013979
2015-09-08,165.0285186767578,165.1789843805224,163.13942603877535,163.78306008209765,116025700,0.02482027774837356,167.45093841552733,6.352444371630326,-0.381336631547364,0,0.0,0.0,0.0,0.9598313235227469,0.9621287127484992,0.01995617885394236,high,-0.013461806196496102,0,-0.381336631547364,0.01995617885394236,-0.00024300763573499446
2015-09-09,162.8218231201172,166.7337664970237,162.45404490926228,166.60838901088866,149347700,-0.013461806196496102,166.8708366394043,6.210323200804942,-0.6519811269665173,0,0.0,-0.0,0.0,0.9598313235227469,0.9491767224813947,0.020047956461225435,high,0.005426789066213733,1,-0.6519811269665173,0.020047956461225435,0.0031250051381070927
2015-09-10,163.70782470703125,164.8529812733041,162.3704057100358,162.62952761149262,158611100,0.005426789066213733,166.32458724975587,5.967379651601959,-0.4385111548956229,0,0.0,0.0,0.0,0.9598313235227469,0.9543277043408612,0.02012163732198888,high,0.004534498917239759,1,-0.4385111548956229,0.02012163732198888,0.0004497465738250746
2015-09-11,164.45184326171875,164.51871552060823,162.60453377931222,163.31504036975608,119691200,0.004534498917239759,165.8264045715332,5.664587181846623,-0.2426586908609206,0,0.0,0.0,0.0,0.9598313235227469,0.9586551022828868,0.020193021889377764,high,-0.0037178691414195826,0,-0.2426586908609206,0.020193021889377764,0.0012134515656724446
2015-09-14,163.84156799316406,164.67745173677312,163.35675389132194,164.62730075288837,79452000,-0.0037178691414195826,165.26594314575195,5.242695371000201,-0.27168756751856493,0,0.0,-0.0,0.0,0.9598313235227469,0.9550909480608448,0.02013382540882747,high,0.012422058940699723,1,-0.27168756751856493,0.02013382540882747,0.0035203780787822726
2015-09-15,165.88951110839844,166.3325285195203,163.79980152590844,164.3431209155258,113806200,0.012422058940699723,164.75897979736328,4.597718111602634,0.24588965299594784,0,0.0,0.0,0.0,0.9598313235227469,0.9669551441113855,0.020349970844385792,high,0.008629353751477225,1,0.24588965299594784,0.020349970844385792,0.0010407343172475054
2015-09-16,167.3272247314453,167.51948720226258,165.84771948467198,166.19043492787617,99581600,0.008629353751477225,164.34939575195312,3.900782114196654,0.7633927997809886,0,0.0,0.0,0.0,0.9598313235227469,0.9752993421117333,0.020514580368646815,high,-0.0022505788633388987,0,0.7633927997809886,0.020514580368646815,0.005458966306842171
2015-09-17,166.95106506347656,169.59246088923587,166.57491991056307,167.19347850406095,276046600,-0.0022505788633388987,163.9903823852539,3.2249888426303697,0.9180443166457195,0,0.0,-0.0,0.0,0.9598313235227469,0.9731043540269483,0.020473016183470423,high,-0.01647646382452218,0,0.9180443166457195,0.020473016183470423,0.003923492720931645
2015-09-18,164.22283935546875,166.9367768216482,163.81113514057012,164.441307212403,223657500,-0.01647646382452218,163.67676162719727,2.841274944242807,0.19219460945797795,0,0.0,-0.0,0.0,0.9598313235227469,0.9570710353403382,0.020272249553516215,high,0.005154539998137756,1,0.19219460945797795,0.020272249553516215,-0.000278699827420743
2015-09-21,165.07151794433594,166.09658629271098,164.02123091196836,165.0547097619698,105726200,0.005154539998137756,163.6621940612793,2.832909651828472,0.49748282023289936,0,0.0,0.0,0.0,0.9598313235227469,0.9620042962730592,0.0191541529442171,high,-0.013064855661222813,0,0.49748282023289936,0.0191541529442171,0.0014957820004907248
2015-09-22,162.9289093017578,163.3910381019392,161.79459432139305,162.90370344182836,153890900,-0.013064855661222813,163.88864135742188,2.557787201947335,-0.37521966445581717,0,0.0,-0.0,0.0,0.9598313235227469,0.9494358489967754,0.01662468689100239,high,-0.001599936756239179,0,-0.37521966445581717,0.01662468689100239,-0.0036016009198937826
2015-09-23,162.66844177246094,163.5674807006895,162.08868134671624,163.09695421628368,92790600,-0.001599936756239179,164.1952651977539,1.9173708061436654,-0.7963109798066739,0,0.0,-0.0,0.0,0.9598313235227469,0.9479168116842743,0.016350692641000576,high,-0.0036220949940037653,0,-0.7963109798066739,0.016350692641000576,-0.005647459021437064
2015-09-24,162.08030700683594,162.542435914582,160.11417254939417,161.45013472015168,159378800,-0.0036220949940037653,164.17198181152344,1.9411330405661735,-1.077553552989556,0,0.0,-0.0,0.0,0.9598313235227469,0.9444833669459407,0.014042585286635233,high,-0.0002593986720245707,0,-1.077553552989556,0.014042585286635233,-0.005921762247570036
2015-09-25,162.03826904296875,163.84475739356947,161.16442315717407,163.54227425169978,155054800,-0.0002593986720245707,163.94556579589843,1.9109828387359298,-0.9980711047051127,0,0.0,-0.0,0.0,0.9598313235227469,0.9442383692148055,0.012798333728729456,high,-0.025417727437896127,0,-0.9980711047051127,0.012798333728729456,-0.0026783492170705148
2015-09-28,157.97152709960938,161.2484294982135,157.66064631992091,161.13919557199506,178515900,-0.025417727437896127,163.51539611816406,2.2297033686292864,-2.4863706520579862,1,0.0,-0.0,0.0,0.9598313235227469,0.9202379757097,0.01387079826611825,high,0.0005849833270830646,1,-2.4863706520579862,0.01387079826611825,-0.008792802704277292
2015-09-29,158.06396484375,159.42514531239374,157.06408971646624,158.19000695761784,159045600,0.0005849833270830646,163.15713653564453,2.499200870947111,-2.0379201012219514,1,1.0,8.498332708306458e-05,1.0,0.9599128931820584,0.9207762995824388,0.013826861524319726,high,0.01848636065587292,1,-2.0379201012219514,0.013826861524319726,-0.006062834906616115
2015-09-30,161.01316833496094,161.1812116552828,159.17306384836056,159.95447105725466,163452000,0.01848636065587292,163.192919921875,2.4609322995802216,-0.8857421991193608,0,1.0,0.01848636065587292,0.0,0.9776581891236444,0.9377981023398999,0.012882634264711642,high,0.0026057364194999057,1,-0.8857421991193608,0.012882634264711642,-0.002045575424193696
2015-10-01,161.4332733154297,161.7357564021295,159.49234551780697,161.39125928266085,131079000,0.0026057364194999057,163.0975784301758,2.4916752043506856,-0.6679462523205574,0,0.0,-0.0005,1.0,0.9771693600290827,0.940241757009305,0.012140872090753716,high,0.014827766771197496,1,-0.6679462523205574,0.012140872090753716,-0.0008000091414929616
2015-10-02,163.8448028564453,163.87000872352138,158.90424777532044,159.45040481070845,211003300,0.014827766771197496,163.11696395874023,2.496123724502716,0.2915876687362866,0,0.0,0.0,0.0,0.9771693600290827,0.95418344249078,0.012621157342073553,high,0.017638068873418553,1,0.2915876687362866,0.012621157342073553,0.0022174239471514515
2015-10-05,166.76034545898438,166.9872110078031,164.96225488960437,165.07148882438455,126320800,0.017638068873418553,163.40583724975585,2.5693844912986474,1.3055687930664879,0,0.0,0.0,0.0,0.9771693600290827,0.971013395767308,0.012655682336346183,high,-0.0034322412359609486,0,1.3055687930664879,0.012655682336346183,0.010828583209414388
2015-10-06,166.18896484375,167.18883986580303,165.52518926908786,166.62588771491664,110274500,-0.0034322412359609486,163.46385955810547,2.6205500531877486,1.039898200887099,0,0.0,-0.0,0.0,0.9771693600290827,0.967680643549685,0.011467576732357711,high,0.008157532939125817,1,1.039898200887099,0.011467576732357711,0.010025138296805586
2015-10-07,167.55020141601562,167.9030963385812,165.92855148756115,167.12167607934597,124307300,0.008157532939125817,163.70027847290038,2.7686826619638927,1.3905251750247187,0,0.0,0.0,0.0,0.9771693600290827,0.9755745302739961,0.011110467477710665,high,0.008985723499277709,1,1.3905251750247187,0.011110467477710665,0.007959372753456165
2015-10-08,169.0625457763672,169.34822066588782,166.86113625724226,167.16361932287643,153055200,0.008985723499277709,163.9680145263672,3.01720218756408,1.6884951465957367,0,0.0,0.0,0.0,0.9771693600290827,0.9843407732559759,0.011205917512276491,high,0.0005965899809257745,1,1.6884951465957367,0.011205917512276491,0.009235370169411724
2015-10-09,169.16343688964844,169.64236112305122,168.53326465245897,169.20545093630514,107069200,0.0005965899809257745,164.20359420776367,3.233175393147049,1.5340468977951256,0,0.0,0.0,0.0,0.9771693600290827,0.9849280210991171,0.011186393006580272,high,0.0009430624531101486,1,1.5340468977951256,0.011186393006580272,0.006389134811357382
2015-10-12,169.3230438232422,169.52469068762636,168.81050334145897,169.2390157491594,56395600,0.0009430624531101486,164.47766799926757,3.4273698052416184,1.4137300902179821,0,0.0,0.0,0.0,0.9771693600290827,0.9858568697348318,0.011122256004509633,high,-0.00632214547373038,0,1.4137300902179821,0.011122256004509633,0.0030501335272957
2015-10-13,168.2559356689453,169.86077688392322,168.08789235480089,168.59202229723417,88038700,-0.00632214547373038,164.59598922729492,3.5183161284510023,1.0402551413882593,0,0.0,-0.0,0.0,0.9771693600290827,0.9796241391880918,0.010954850012167974,high,-0.004805657485225608,0,1.0402551413882593,0.010954850012167974,0.002472152679741814
2015-10-14,167.4492950439453,168.77685890410558,167.1552224753485,168.19709862368754,99106200,-0.004805657485225608,164.60209274291992,3.5234058049502863,0.8080824232693127,0,0.0,-0.0,0.0,0.9771693600290827,0.9749164011108947,0.010855024009597543,high,0.015238205443627976,1,0.8080824232693127,0.010855024009597543,-0.00012048540512847109
2015-10-15,170.0204620361328,170.02885971648277,167.7434342144632,168.11313728403783,134142200,0.015238205443627976,164.75556259155275,3.69383110068162,1.4253221928876334,0,0.0,0.0,0.0,0.9771693600290827,0.9897723775213849,0.011354036854207317,high,0.004536178115726549,1,1.4253221928876334,0.011354036854207317,0.0011300109837415824
2015-10-16,170.79345703125,170.8102523905057,169.6591420581285,170.42375399346568,114580100,0.004536178115726549,165.0840934753418,3.9286873406660927,1.4532496635225236,0,0.0,0.0,0.0,0.9771693600290827,0.994262161319848,0.010608126147457859,high,0.0004916990713239398,1,1.4532496635225236,0.010608126147457859,0.0019179286107017372
2015-10-19,170.87745666503906,170.87745666503906,169.83558036751842,170.14646115682586,76523900,0.0004916990713239398,165.37439041137696,4.136707010195557,1.330301188868087,0,0.0,0.0,0.0,0.9771693600290827,0.9947510391012215,0.01058547290295009,high,-0.0012791890421635452,0,1.330301188868087,0.01058547290295009,0.0018276559343444957
2015-10-20,170.6590118408203,171.27237577728562,170.18848537882585,170.44055678943275,78448500,-0.0012791890421635452,165.7608955383301,4.255607288023063,1.150979395179492,0,0.0,-0.0,0.0,0.9771693600290827,0.9934785644723225,0.01003219227206244,high,-0.00622265423367671,0,1.150979395179492,0.01003219227206244,0.0028362472206578623
2015-10-21,169.60035705566406,171.23039177900486,169.43230087185302,171.07915659863906,102038000,-0.00622265423367671,166.10749130249025,4.272736682379021,0.8174774185309779,0,0.0,-0.0,0.0,0.9771693600290827,0.9872964908770417,0.010179374986494813,high,0.016752121700962592,1,0.8174774185309779,0.010179374986494813,0.0025528478709676418
2015-10-22,172.4654541015625,172.67551141754842,169.60028205538418,170.5497324054414,174911700,0.016752121700962592,166.62674865722656,4.3870755753706625,1.330887819009736,0,0.0,0.0,0.0,0.9771693600290827,1.0038358018471472,0.010589242722094867,high,0.010902426860970545,1,1.330887819009736,0.010589242722094867,0.002855631122434565
2015-10-23,174.3560333251953,174.7257363870614,173.3393627259493,174.13757825267706,144442300,0.010902426860970545,167.24263687133788,4.569829781689286,1.5565998721352572,0,0.0,0.0,0.0,0.9771693600290827,1.0147800482572094,0.010696174767506665,high,-0.002460799897303581,0,1.5565998721352572,0.010696174767506665,0.004128880871483364
2015-10-26,173.92750549316406,174.23838630368132,173.55780246396264,174.17957690588182,69033000,-0.002460799897303581,168.04043579101562,4.24752479132523,1.3860000803695531,0,0.0,-0.0,0.0,0.9771693600290827,1.0122828776186723,0.008395488838601153,medium,-0.0019341388275765585,0,1.3860000803695531,0.008395488838601153,0.00353838107775786
2015-10-27,173.5914306640625,173.9275173566874,172.91083395703598,173.25533115055208,77905800,-0.0019341388275765585,168.81680908203126,3.7135337971181204,1.285735324594751,0,0.0,-0.0,0.0,0.9771693600290827,1.010324982000579,0.00848069558777346,medium,0.011310308697428405,1,1.285735324594751,0.00848069558777346,0.003407391120675257
2015-10-28,175.56594848632812,175.5911543452303,173.2637279006993,173.92750355326413,135906700,0.011310308697428405,169.5444480895996,3.524957896478858,1.7082474666558454,0,0.0,0.0,0.0,0.9771693600290827,1.0217520694317295,0.008004496969996736,medium,-0.0005743925665460193,0,1.7082474666558454,0.008004496969996736,0.0069139837068962805
2015-10-29,175.4651336669922,175.8348367102245,174.94419546292036,175.06182708386837,90525500,-0.0005743925665460193,170.24604110717775,3.2077204687732257,1.6270409503015248,0,0.0,-0.0,0.0,0.9771693600290827,1.021165182638195,0.008071780198275005,medium,-0.004319148031534747,0,1.6270409503015248,0.008071780198275005,0.003448680853394558
2015-10-30,174.7089080810547,175.97766279002747,174.54927525080592,175.65837148776131,131076900,-0.004319148031534747,170.78924636840821,2.9783414041804646,1.3160552068156965,0,0.0,-0.0,0.0,0.9771693600290827,1.0167546190497312,0.00787390035047271,medium,0.011761416480007116,1,1.3160552068156965,0.00787390035047271,0.0004043658748934998
2015-11-02,176.77586364746094,176.96911282037263,174.91055334646418,175.0365954494891,86270800,0.011761416480007116,171.29002227783204,3.104596308666832,1.767006342922767,0,0.0,0.0,0.0,0.9771693600290827,1.028713093582346,0.0074027005721636575,medium,0.002895370131878264,1,1.767006342922767,0.0074027005721636575,0.0032488091503556386
2015-11-03,177.28843688964844,177.84299147541532,176.19613589913698,176.42300146983902,95246100,0.002895370131878264,171.84499588012696,3.136643558768622,1.7354349984409625,0,0.0,0.0,0.0,0.9771693600290827,1.0316915987477766,0.0072507522855926095,medium,-0.003037889905011531,0,1.7354349984409625,0.0072507522855926095,0.004214710942246604
2015-11-04,176.75067138671875,177.7085324673243,176.21292504007855,177.58250317548837,96224500,-0.003037889905011531,172.3050193786621,3.1482667226624357,1.4120950985680871,0,0.0,-0.0,0.0,0.9771693600290827,1.0285574332548555,0.007282612821883459,medium,-0.0009988124602257765,0,1.4120950985680871,0.007282612821883459,0.0013450712217586162
2015-11-05,176.57421875,177.2716107515993,175.68357755931885,176.809481976939,78408700,-0.0009988124602257765,172.68060302734375,3.1888890199612594,1.2209944273016915,0,0.0,-0.0,0.0,0.9771693600290827,1.0275300972744628,0.007168413217505923,medium,-0.0005234706151375907,0,1.2209944273016915,0.007168413217505923,0.0012601872430226648
2015-11-06,176.4818115234375,176.71708759596183,175.1542600981416,176.2297529116001,110471500,-0.0005234706151375907,173.0465217590332,3.183940363081725,1.0789428735025983,0,0.0,-0.0,0.0,0.9771693600290827,1.02699221546237,0.007185736519822796,medium,-0.009375371618234667,0,1.0789428735025983,0.007185736519822796,0.002019322726302096
2015-11-09,174.8349609375,176.01968764365785,173.885497472452,175.86843966243862,131008700,-0.009375371618234667,173.3221176147461,3.0815854917864605,0.4909301808391068,0,0.0,-0.0,0.0,0.9771693600290827,1.0173637817933763,0.007631124761657606,medium,0.002303945110075991,1,0.4909301808391068,0.007631124761657606,-0.0022080348933462605
2015-11-10,175.2382354736328,175.27185182814972,174.08712533864164,174.35599207036333,75874600,0.002303945110075991,173.67123260498047,2.8653547252950706,0.5468791890996917,0,0.0,0.0,0.0,0.9771693600290827,1.0197077321036074,0.007399973463652885,medium,-0.003939251309977778,0,0.5468791890996917,0.007399973463652885,-0.002326319897706715
2015-11-11,174.54928588867188,175.55755875304874,174.48206598826206,175.50714703296265,67846000,-0.003939251309977778,174.0262321472168,2.4659029881189363,0.21211448462296292,0,0.0,-0.0,0.0,0.9771693600290827,1.015690847084124,0.007360261514907689,medium,-0.014058171293612478,0,0.21211448462296292,0.007360261514907689,-0.0025065921786999647
2015-11-12,172.11260986328125,173.9779204023647,172.0958145041074,173.5073939278004,121315200,-0.014058171293612478,174.1308395385742,2.327521556524657,-0.8671153526528367,0,0.0,-0.0,0.0,0.9771693600290827,1.0014120911744608,0.007516538560526626,medium,-0.0112915964085065,0,-0.8671153526528367,0.007516538560526626,-0.005118463945377305
2015-11-13,170.18011474609375,171.9698080776951,170.0960994701325,171.70094124537653,153577100,-0.0112915964085065,174.1001724243164,2.3773168231326474,-1.6489420510040003,0,0.0,-0.0,0.0,0.9771693600290827,0.9901045500023203,0.007904774204753964,medium,0.015092398759597494,1,-1.6489420510040003,0.007904774204753964,-0.007272089104051087
2015-11-16,172.7680206298828,172.82684286080433,169.87762851395553,169.9952729757986,117645200,0.015092398759597494,174.1947006225586,2.2779387058721565,-0.6263030646953043,0,0.0,0.0,0.0,0.9771693600290827,1.005047602684647,0.008612585971264661,medium,-0.0007300506354542611,0,-0.6263030646953043,0.008612585971264661,-0.0023785350284846545
2015-11-17,172.64193725585938,173.96109075779063,172.1462049828163,173.07886013728063,121123700,-0.0007300506354542611,174.29384689331056,2.155830154647624,-0.7662522179170428,0,0.0,-0.0,0.0,0.9771693600290827,1.0043138670436453,0.008607320795471418,medium,0.015741704667233843,1,-0.7662522179170428,0.008607320795471418,-0.0029853341775907052
2015-11-18,175.38111877441406,175.5239562662432,173.07889790260933,173.1208991254109,121342500,0.015741704667233843,174.58288497924804,1.8607712385625357,0.428980080207318,0,0.0,0.0,0.0,0.9771693600290827,1.020123479331854,0.00908213366670497,medium,-0.0008626646879873401,0,0.428980080207318,0.00908213366670497,0.0009508570178516192
2015-11-19,175.22988891601562,175.6500037238599,174.93580342217007,175.26349245945312,88220500,-0.0008626646879873401,174.7211067199707,1.7967795463172607,0.28316339480141023,0,0.0,-0.0,0.0,0.9771693600290827,1.0192434548288478,0.008369283543709142,medium,0.0036373586963609665,1,0.28316339480141023,0.008369283543709142,0.003589958338976647
2015-11-20,175.86842346191406,176.54900726249437,175.4903227750232,175.98605507163307,94011500,0.0036373586963609665,174.79672622680664,1.8123640994380383,0.5913255705295223,0,0.0,0.0,0.0,0.9771693600290827,1.0229508088729784,0.00805943192088245,medium,-0.001147224621684569,0,0.5913255705295223,0.00805943192088245,0.0065757493599501405
2015-11-23,175.66677856445312,176.43137762573497,175.20464979935923,175.92724764453766,64931200,-0.001147224621684569,174.8836898803711,1.810187570905133,0.4326008512424323,0,0.0,-0.0,0.0,0.9771693600290827,1.021777254518267,0.008039947066079054,medium,0.001338517698833543,1,0.4326008512424323,0.008039947066079054,0.0033278246836937276
2015-11-24,175.90206909179688,176.3053757035368,174.2720216423702,174.6585200725292,98874400,0.001338517698833543,174.9992218017578,1.7970591712466462,0.5024026501101486,0,0.0,0.0,0.0,0.9771693600290827,1.0231449214577053,0.008021133442827674,medium,-0.00014322779164145896,0,0.5024026501101486,0.008021133442827674,0.0037415383505512876
2015-11-25,175.8768768310547,176.22977174622852,175.6163948695075,176.02811201432047,51980100,-0.00014322779164145896,175.01476821899413,1.8035531747365023,0.47800565247348803,0,0.0,-0.0,0.0,0.9771693600290827,1.0229983786700758,0.007619629403960894,medium,0.0011460282777335194,1,0.47800565247348803,0.007619629403960894,0.0005645518587762276
2015-11-27,176.07855224609375,176.28021201064695,175.4903939589249,175.96931827101628,37317800,0.0011460282777335194,175.04543914794922,1.8167824411339855,0.5686498695461218,0,0.0,0.0,0.0,0.9771693600290827,1.0241707637401074,0.00762146323961209,medium,-0.004160561898022894,0,0.5686498695461218,0.00762146323961209,0.0009662904519203996
2015-11-30,175.3474884033203,176.35576119312486,175.23825447062276,176.23812958132908,112822700,-0.004160561898022894,175.0773681640625,1.8161680550881119,0.14873086138755032,0,0.0,-0.0,0.0,0.9771693600290827,1.0199096378834211,0.007616622991526258,medium,0.00949041938210078,1,0.14873086138755032,0.007616622991526258,-0.0005932936669563726
2015-12-01,177.01953125,177.13717567897376,175.7003777036247,175.9776549557406,97858400,0.00949041938210078,175.08955154418945,1.8289341666428098,1.0552483194915767,0,0.0,0.0,0.0,0.9771693600290827,1.0295890080787815,0.007450022261731363,medium,-0.010257362150922208,0,1.0552483194915767,0.007450022261731363,0.0015342351338006972
2015-12-02,175.2130584716797,177.2884263844097,174.96098705482348,176.9691350683328,108441300,-0.010257362150922208,174.98578262329102,1.7549898927903724,0.12950265373170397,0,0.0,-0.0,0.0,0.9771693600290827,1.0190281407563087,0.0077613960915111,medium,-0.014101867149005007,0,0.12950265373170397,0.0077613960915111,-0.0007849408361504529
2015-12-03,172.7595672607422,175.73397369234962,172.03696946468523,175.46510695149848,166224200,-0.014101867149005007,174.78622741699218,1.7705865492317467,-1.1446264274002034,0,0.0,-0.0,0.0,0.9771693600290827,1.0046579412942656,0.00831938532897887,medium,0.019315392225931604,1,-1.1446264274002034,0.00831938532897887,-0.003576668707623162
2015-12-04,176.12892150878906,176.42300699189977,172.75960548838586,172.75960548838586,192913900,0.019315392225931604,174.76396255493165,1.7495948068304135,0.7801571818392546,0,0.0,0.0,0.0,0.9771693600290827,1.0240633034832614,0.00949482079886432,medium,-0.006077017570228912,0,0.7801571818392546,0.00949482079886432,5.720408201645433e-05
2015-12-07,175.06182861328125,176.22133665250286,174.0955569562305,175.80122188532042,102027100,-0.006077017570228912,174.69296340942384,1.7044440258913054,0.21641379725832868,0,0.0,-0.0,0.0,0.9771693600290827,1.017840052794967,0.009587800756474857,medium,-0.0067420169852834624,0,0.21641379725832868,0.009587800756474857,-0.0003260870524247492
2015-12-08,173.88552856445312,175.01143325121095,172.9024613838463,173.49903009390036,103372400,-0.0067420169852834624,174.64549179077147,1.7134787015075272,-0.44352067268167883,0,0.0,-0.0,0.0,0.9771693600290827,1.0109777578707215,0.00947553747475454,medium,-0.007810242703868221,0,-0.44352067268167883,0.00947553747475454,-0.003572574325901598
2015-12-09,172.53273010253906,175.33909367995196,171.558060762313,173.24693033755833,162401500,-0.007810242703868221,174.5102165222168,1.77008184262047,-1.1171723092477064,0,0.0,-0.0,0.0,0.9771693600290827,1.0030817762135387,0.009599889968566158,medium,0.0025778832965618484,1,-1.1171723092477064,0.009599889968566158,-0.0030831504364908003
2015-12-10,172.9780731201172,174.28882931654118,172.36470906838275,172.59997234359287,116128900,0.0025778832965618484,174.43165588378906,1.802820982047709,-0.8062823642205691,0,0.0,0.0,0.0,0.9771693600290827,1.0056676039695251,0.009597544322846327,medium,-0.019571305016770717,0,-0.8062823642205691,0.009597544322846327,0.00025279965262257084
2015-12-11,169.62557983398438,171.52449438407166,169.3146861196413,170.86071854701925,211173300,-0.019571305016770717,174.30730438232422,2.0412100771982775,-2.2936025060026557,1,0.0,-0.0,0.0,0.9771693600290827,0.9859853765467526,0.010076139637567087,high,0.0050395524590773465,1,-2.2936025060026557,0.010076139637567087,-0.0075245397959178935
2015-12-14,170.48257446289062,170.60861659080248,168.00389979791956,169.78519520283177,182385200,0.0050395524590773465,174.32242736816406,2.0099034223334704,-1.9104663749541833,0,1.0,0.004539552459077346,1.0,0.9816052716003378,0.990954301575743,0.009833817926556802,high,0.010442969739957656,1,-1.9104663749541833,0.009833817926556802,-0.005301225790056642
2015-12-15,172.27224731445312,173.17969668111772,170.45734858112394,171.9949700506764,154069600,0.010442969739957656,174.2976387023926,2.033007779008257,-0.996253634074874,0,0.0,-0.0005,1.0,0.9811144689645377,1.0013028073607795,0.009510092666931638,medium,0.014526179193272502,1,-0.996253634074874,0.009510092666931638,-0.001864228445008418
2015-12-16,174.79296875,175.0954519293703,172.0790306373274,173.3981844884099,197017000,0.014526179193272502,174.40519027709962,1.9973923752341216,0.194142361665382,0,0.0,0.0,0.0,0.9811144689645377,1.015847911367229,0.01005673085426968,high,-0.015355750101413448,0,0.194142361665382,0.01005673085426968,0.0026030559344197264
2015-12-17,172.12939453125,175.17102084127197,172.11258635348722,175.10380095110403,173092500,-0.015355750101413448,174.24260406494142,2.0455352411057137,-1.0330839045085933,0,0.0,-0.0,0.0,0.9811144689645377,1.000248804699231,0.009999396178945246,high,-0.017975491582253006,0,-1.0330839045085933,0.009999396178945246,-0.000983670745175333
2015-12-18,169.06292724609375,171.5225370211609,168.90233146446238,171.3873100077972,251393500,-0.017975491582253006,173.93425598144532,2.3334278352958546,-2.087627764470348,1,0.0,-0.0,0.0,0.9811144689645377,0.9822688407302014,0.01070040743842184,high,0.008215117184188348,1,-2.087627764470348,0.01070040743842184,-0.0006645080582717907
2015-12-21,170.45751953125,170.6350234924526,169.12205468560254,170.23776439102394,99094300,0.008215117184188348,173.6637107849121,2.4098004091014777,-1.3304800022245675,0,1.0,0.007715117184188347,1.0,0.9886838820637017,0.9903382943631769,0.010870255728138985,high,0.009033735293501646,1,-1.3304800022245675,0.010870255728138985,-2.9395113249590375e-05
2015-12-22,172.00436401367188,172.30019977404586,170.35616752762274,171.34508541925223,111026200,0.009033735293501646,173.48059005737304,2.3886365785473034,-0.6180203623101831,0,0.0,-0.0005,1.0,0.9881895401226699,0.9992847483654718,0.011126099926899176,high,0.012306598928634426,1,-0.6180203623101831,0.011126099926899176,-0.0003112420025407923
2015-12-23,174.1342315673828,174.17649563307205,172.9170986997521,173.01007448539562,110987200,0.012306598928634426,173.39219818115234,2.3262069127424767,0.31898855693608774,0,0.0,0.0,0.0,0.9881895401226699,1.011582544979107,0.011513759280365547,high,-0.0016514592407387149,0,0.31898855693608774,0.011513759280365547,-0.0007551580554684076
2015-12-24,173.84689331054688,174.3963005270564,173.62713816225454,173.88070973162925,48539600,-0.0016514592407387149,173.29069900512695,2.255293322382339,0.24661728028902064,0,0.0,-0.0,0.0,0.9881895401226699,1.0099119576374311,0.011516203706246122,high,-0.0022873919775296503,0,0.24661728028902064,0.011516203706246122,0.0019857001166665392
2015-12-28,173.44969177246094,173.49194296391917,172.37624582732627,173.15385604911867,65899900,-0.0022873919775296503,173.1592559814453,2.1588035071486567,0.13453553788192238,0,0.0,-0.0,0.0,0.9881895401226699,1.00760189312752,0.011514703289558925,high,0.010615216971079545,1,0.13453553788192238,0.011514703289558925,0.00512332003761121
2015-12-29,175.3007049560547,175.6303441554267,174.51464721031633,174.54845073711917,92640700,0.010615216971079545,173.15691680908202,2.156331585321325,0.9941829733265313,0,0.0,0.0,0.0,0.9881895401226699,1.018297805843539,0.011755989424820987,high,-0.007113192076334278,0,0.9941829733265313,0.011755989424820987,0.005603339994989449
2015-12-30,174.0581817626953,175.14008786682817,173.91449423177698,175.05555972055419,63317700,-0.007113192076334278,173.00884933471679,1.970834192461862,0.5324305981660266,0,0.0,-0.0,0.0,0.9881895401226699,1.011054457959664,0.011635166420732883,high,-0.01005327838697865,0,0.5324305981660266,0.011635166420732883,0.0023739545210222646
2015-12-31,172.3170928955078,174.024461670726,172.3170928955078,173.38209130151475,114877900,-0.01005327838697865,172.8640510559082,1.9056732349564391,-0.2870157120157496,0,0.0,-0.0,0.0,0.9881895401226699,1.0008900460293997,0.011626562145558031,high,-0.014078482322674014,0,-0.2870157120157496,0.011626562145558031,-0.0020980209421003508
2016-01-04,169.9081268310547,169.9165744875018,167.85421136208558,169.4601559928339,222353500,-0.014078482322674014,172.72147903442382,2.0172969750266074,-1.3946147930609116,0,0.0,-0.0,0.0,0.9881895401226699,0.9867990332094344,0.011625158636735472,high,0.00168997958121639,1,-1.3946147930609116,0.011625158636735472,-0.00458342555848741
2016-01-05,170.1955108642578,170.65192938292125,169.0882616437573,170.22931438900892,110845800,0.00168997958121639,172.42480850219727,1.9239465676781593,-1.1587107851076108,0,0.0,0.0,0.0,0.9881895401226699,0.9884667034263225,0.010644116005250863,high,-0.012694439762242708,0,-1.1587107851076108,0.010644116005250863,-0.0037879512467382027
2016-01-06,168.0486297607422,169.0967066751727,167.01744815983184,167.64291008691177,152112600,-0.012694439762242708,172.07414855957032,2.0528241767709443,-1.9609661871579278,0,0.0,-0.0,0.0,0.9881895401226699,0.9759186724026944,0.01088697726564613,high,-0.024284074063785927,0,-1.9609661871579278,0.01088697726564613,-0.008449882593402654
2016-01-07,164.01687622070312,166.8822052675258,163.62806476457075,165.0987695370902,213436100,-0.024284074063785927,171.58071594238282,2.683641281037337,-2.818498796812354,1,0.0,-0.0,0.0,0.9881895401226699,0.9522193910818356,0.011940978411393242,high,-0.011037326585644366,0,-2.818498796812354,0.011940978411393242,-0.011884058990892982
2016-01-08,162.21652221679688,165.5382824581096,161.92914714371818,164.98042762412047,209817200,-0.011037326585644366,171.0649055480957,3.389591388916648,-2.610457225089564,1,1.0,-0.011537326585644367,1.0,0.9767884746697569,0.941709434681282,0.012031973109657776,high,0.0009896313288964183,1,-2.610457225089564,0.012031973109657776,-0.012080868630626126
2016-01-11,162.37713623046875,163.47593781271146,160.4415652002888,163.13783807353647,187941300,0.0009896313288964183,170.53485870361328,3.8695532062452225,-2.10818201439341,1,1.0,0.0009896313288964183,0.0,0.9777551351459951,0.94264137984056,0.011997838755089398,high,0.008035999704432969,1,-2.10818201439341,0.011997838755089398,-0.00906724590031204
2016-01-12,163.687255859375,164.43951009387482,161.55727250549293,163.8224957637583,172330500,0.008035999704432969,170.23794250488282,4.159928455682779,-1.57471137191292,0,1.0,0.008035999704432969,0.0,0.9856123751230362,0.950216445690345,0.011591841883451708,high,-0.025256887531295884,0,-1.57471137191292,0.011591841883451708,-0.007798041875668724
2016-01-13,159.60479736328125,164.70153370781395,159.2244464071734,164.3549862801032,221168900,-0.025256887531295884,169.69405364990234,4.789696833871828,-2.1064498728336596,1,0.0,-0.0005,1.0,0.9851195689354748,0.9262169357911563,0.012590097662435159,high,0.016283460840448308,1,-2.1064498728336596,0.012590097662435159,-0.010310531429479358
2016-01-14,162.22499084472656,163.34914831411587,158.61586796094596,160.21335217593364,240795600,0.016283460840448308,169.19169082641602,5.026116885225049,-1.386099874073565,0,1.0,0.015783460840448307,1.0,1.0006681650749272,0.9412989529948715,0.012987034556401798,high,-0.021699511928574104,0,-1.386099874073565,0.012987034556401798,-0.002197024448632512
2016-01-15,158.74270629882812,159.54567253332021,156.80713451685494,157.8636724299212,324846400,-0.021699511928574104,168.38917770385743,5.355280645149336,-1.8013008176829737,0,0.0,-0.0005,1.0,1.0001678309923898,0.920873225136005,0.012939444528767653,high,0.0013298390361135147,1,-1.8013008176829737,0.012939444528767653,-0.00432946151721846
2016-01-19,158.95394897460938,160.6866730239404,157.3818206860378,160.5598936850177,195244400,0.0013298390361135147,167.73040542602538,5.671982322899616,-1.5473349442544335,0,0.0,0.0,0.0,1.0001678309923898,0.9220978382981027,0.012760786429038898,high,-0.01289786955340759,0,-1.5473349442544335,0.012760786429038898,-0.00426141997577504
2016-01-20,156.9169464111328,158.48062709063498,153.00354022959485,156.39290793131943,286547800,-0.01289786955340759,167.12310638427735,6.151744831210047,-1.6590675090041058,0,0.0,-0.0,0.0,1.0001678309923898,0.9102047406642546,0.012515879308178475,high,0.0055868179847192116,1,-1.6590675090041058,0.012515879308178475,-0.008448193827343152
2016-01-21,157.7960662841797,159.63866237539014,156.06334137546654,157.39035930122193,195772900,0.0055868179847192116,166.49003372192382,6.435489884333473,-1.3509410462921696,0,0.0,0.0,0.0,1.0001678309923898,0.9152898888791743,0.01239711625955804,high,0.020307378968086466,1,-1.3509410462921696,0.01239711625955804,-0.002279452724140133
2016-01-22,161.0332489013672,161.2360958795288,159.64707199611334,160.4077739585961,168319600,0.020307378968086466,165.94147796630858,6.4082408483830084,-0.7659245619926861,0,0.0,0.0,0.0,1.0001678309923898,0.9338770275183015,0.01324172195375408,high,-0.015231956935193296,0,-0.7659245619926861,0.01324172195375408,-0.0014746690986125008
2016-01-25,158.59898376464844,160.7205067839082,158.4045844426672,160.52610746192698,130371700,-0.015231956935193296,165.1647155761719,6.3035882762192585,-1.0415863987013787,0,0.0,-0.0,0.0,1.0001678309923898,0.9196522528523764,0.012962818279302506,high,0.013550813521320796,1,-1.0415863987013787,0.012962818279302506,-0.00018115809993633907
2016-01-26,160.76275634765625,161.04168381774744,158.92016099014072,159.2582478584521,141036800,0.013550813521320796,164.51050872802733,6.028033548612432,-0.6217205578150378,0,0.0,0.0,0.0,1.0001678309923898,0.9321142890352414,0.013580291020752226,high,-0.010942696657041425,0,-0.6217205578150378,0.013580291020752226,0.002263036797105117
2016-01-27,159.01316833496094,161.91230185213396,158.10876579230634,160.23874959702297,185681700,-0.010942696657041425,163.78868255615234,5.7596494696338665,-0.829132787744976,0,0.0,-0.0,0.0,1.0001678309923898,0.9219144451206349,0.013663441126936115,high,0.005195437877637047,1,-0.829132787744976,0.013663441126936115,0.00265407137637835
2016-01-28,159.84146118164062,160.76275887488137,158.1932651026348,160.55991190958068,143798800,0.005195437877637047,163.01572036743164,5.137079675148908,-0.6179112232085447,0,0.0,0.0,0.0,1.0001678309923898,0.9267041943487555,0.01340236761245614,high,0.024084893689431414,1,-0.6179112232085447,0.01340236761245614,0.002575795354961917
2016-01-29,163.7379608154297,163.8732007142099,160.4922806278243,160.61061231496032,210529300,0.024084893689431414,162.49970932006835,4.440616918772895,0.2788467273829857,0,0.0,0.0,0.0,1.0001678309923898,0.9490237663511955,0.014835388187762033,high,-0.0003613640623760822,0,0.2788467273829857,0.014835388187762033,0.0033312982992309073
2016-02-01,163.67880249023438,164.4648731839327,162.14893808414905,162.7321489123667,136061600,-0.0003613640623760822,162.0677947998047,3.8109311691700323,0.4227333475509983,0,0.0,-0.0,0.0,1.0001678309923898,0.9486808232676953,0.01475286022227227,high,-0.018186719435680957,0,0.4227333475509983,0.01475286022227227,0.006305416873794349
2016-02-02,160.7289276123047,162.25879173184157,160.20487628226638,162.2503440754742,182564900,-0.018186719435680957,161.60883483886718,3.340734281226893,-0.26338737310150456,0,0.0,-0.0,0.0,1.0001678309923898,0.9314274313009149,0.0149488095260051,high,0.0059774300471571885,1,-0.26338737310150456,0.0149488095260051,-4.2089717606001026e-05
2016-02-03,161.6925506591797,162.09825757111477,158.1425861610698,161.7855265032888,205054900,0.0059774300471571885,161.18368682861328,2.662711239741048,0.19110740322555575,0,0.0,0.0,0.0,1.0001678309923898,0.9369949736155193,0.015046660134963079,high,0.0015666213167557965,1,0.19110740322555575,0.015046660134963079,0.0033419356232337214
2016-02-04,161.94606018066406,162.91806944389361,160.55988360763845,161.19380605683648,139531800,0.0015666213167557965,160.87855834960936,2.1312498886700904,0.5008806507062505,0,0.0,0.0,0.0,1.0001678309923898,0.9384628899148784,0.014878214062760317,high,-0.01923375954593666,0,0.5008806507062505,0.014878214062760317,0.002616172311057471
2016-02-05,158.86099243164062,162.00524939021113,158.22706986575446,161.43049912112437,180788300,-0.01923375954593666,160.62076416015626,2.0416024661006436,-0.8619561142462298,0,0.0,-0.0,0.0,1.0001678309923898,0.9204127203474708,0.014515855114836138,high,-0.013552809502364632,0,-0.8619561142462298,0.014515855114836138,-0.006047558336016144
2016-02-08,156.72250366210938,157.31416192641586,154.50800577405525,157.01833924285404,191526700,-0.013552809502364632,160.34606323242187,2.1804810080577868,-1.6618166161144858,0,0.0,-0.0,0.0,1.0001678309923898,0.9079385420850483,0.014612532895934621,high,5.37422835653306e-05,1,-1.6618166161144858,0.014612532895934621,-0.008685847424013854
2016-02-09,156.73092651367188,158.00723152882065,154.84606802095848,154.98130785916433,184513100,5.37422835653306e-05,160.06375274658203,2.2674518838633118,-1.469855328189651,0,0.0,0.0,0.0,1.0001678309923898,0.9079873367756369,0.014604886221885273,high,-0.0008628542112635238,0,-1.469855328189651,0.014604886221885273,-0.005037755080164597
2016-02-10,156.5957489013672,159.190598016285,156.468956676666,157.55931048204576,148214100,-0.0008628542112635238,159.70917739868165,2.225075104377634,-1.3992464754061873,0,0.0,-0.0,0.0,1.0001678309923898,0.9072038760783261,0.014424878029672255,high,-0.01309308152660181,0,-1.3992464754061873,0.014424878029672255,-0.006405811931848739
2016-02-11,154.5587921142578,155.6068821864375,153.06273107589232,154.11926880693227,219058900,-0.01309308152660181,159.45687713623047,2.5058950509366045,-1.954624963300818,0,0.0,-0.0,0.0,1.0001678309923898,0.8953257817675834,0.013637137787685162,high,0.020407250149501597,1,-1.954624963300818,0.013637137787685162,-0.00933775250052026
2016-02-12,157.7453155517578,157.76221086969568,155.48855247688485,156.3337826725911,127632400,0.020407250149501597,159.23289337158204,2.4449120653396004,-0.6084381687639955,0,0.0,0.0,0.0,1.0001678309923898,0.9135969189614126,0.013949460764055914,high,0.0167372715930065,1,-0.6084381687639955,0.013949460764055914,-0.001409550561432609
2016-02-16,160.4077606201172,160.43311649027896,158.59052114019153,159.55408289790063,120250700,0.0167372715930065,159.31614608764647,2.4556670712152098,0.44452871696916096,0,0.0,0.0,0.0,1.0001678309923898,0.9288880387206038,0.01365012434005119,high,0.01620270007404805,1,0.44452871696916096,0.01365012434005119,0.0046484656576416174
2016-02-17,163.02796936035156,163.39987263036465,161.44738046279596,161.57417270331123,136009500,0.01620270007404805,159.51984710693358,2.5893738084951523,1.3548149139025896,0,0.0,0.0,0.0,1.0001678309923898,0.9439385330143645,0.014094366171341771,high,-0.004104365788484602,0,1.3548149139025896,0.014094366171341771,0.00787825721573816
2016-02-18,162.36021423339844,163.3575922577956,162.0474832862532,163.29841997201936,102343000,-0.004104365788484602,159.79201049804686,2.587453664308731,0.9925602807027271,0,0.0,-0.0,0.0,1.0001678309923898,0.940064263993028,0.013762539842452633,high,-0.0004685114610146883,0,0.9925602807027271,0.013762539842452633,0.0072299549002939455
2016-02-19,162.28416442871094,162.43629964221327,160.97405531352098,161.58262196190358,114793000,-0.0004685114610146883,160.01641540527345,2.5998309610581636,0.8722678733368444,0,0.0,-0.0,0.0,1.0001678309923898,0.939623833111257,0.013739235594897129,high,0.014375295798343513,1,0.8722678733368444,0.013739235594897129,0.00975486891341137
2016-02-22,164.63389587402344,164.77758342418423,163.79711354371364,163.86473349035154,103640300,0.014375295798343513,160.19644775390626,2.7915496741800467,1.589600271548304,0,0.0,0.0,0.0,1.0001678309923898,0.9531312036514046,0.013368663446835823,high,-0.012710087663032613,0,1.589600271548304,0.013368663446835823,0.008548478043179753
2016-02-23,162.55462646484375,164.24508632626424,162.4362818932465,163.97460655778806,111455300,-0.012710087663032613,160.39422988891602,2.8124628864175096,0.7681511412510152,0,0.0,-0.0,0.0,1.0001678309923898,0.9410168224986234,0.013217494816520941,high,0.004565286134659155,1,0.7681511412510152,0.013217494816520941,0.0026590061919719303
2016-02-24,163.29843139648438,163.5773588406894,160.01894780722012,161.126197029946,150812200,0.004565286134659155,160.52101364135743,2.8861383279223887,0.9623300893988319,0,0.0,0.0,0.0,1.0001678309923898,0.9453128335508575,0.012926222944926083,high,0.012039354139668603,1,0.9623300893988319,0.012926222944926083,0.00033152340409415144
2016-02-25,165.2763214111328,165.28478196803928,162.9857546006108,163.7464566851493,110728300,0.012039354139668603,160.83417129516602,3.049107675375446,1.4568688904762346,0,0.0,0.0,0.0,1.0001678309923898,0.9566937895267499,0.012850324767186987,high,-0.002304077565532639,0,1.4568688904762346,0.012850324767186987,0.003560267389724792
2016-02-26,164.8959503173828,166.23986318866883,164.7353545219734,166.14690025152532,129833700,-0.002304077565532639,161.08689575195314,3.1695863679939875,1.201751308591223,0,0.0,-0.0,0.0,1.0001678309923898,0.9544894928292169,0.01285948773928233,high,-0.007873607650358916,0,1.201751308591223,0.01285948773928233,0.003193154168821203
2016-02-29,163.60272216796875,165.85948479522963,163.40832287272696,164.9128312909009,125918100,-0.007873607650358916,161.08013381958008,3.163771893180011,0.7973357225362824,0,0.0,-0.0,0.0,1.0001678309923898,0.9469742170562896,0.011859484918676437,high,0.023235425457159335,1,0.7973357225362824,0.011859484918676437,-0.0012566265209192832
2016-03-01,167.4486083984375,167.53313660404777,164.3550617926869,164.82838879084022,141799700,0.023235425457159335,161.26862411499025,3.4280070704179764,1.8027921636386035,0,0.0,0.0,0.0,1.0001678309923898,0.9689775658865529,0.012949627160549461,high,0.004481504482317115,1,1.8027921636386035,0.012949627160549461,0.005932476103119107
2016-03-02,168.20071411132812,168.25142583092816,166.72156210281142,167.13572930818162,102415000,0.004481504482317115,161.6422134399414,3.7574111800956187,1.7454838869191376,0,0.0,0.0,0.0,1.0001678309923898,0.9733200431913384,0.012135598011625394,high,0.00391243153533555,1,1.7454838869191376,0.012135598011625394,0.0059157197726506985
2016-03-03,168.86007690429688,168.8769851183664,167.4485441134209,168.0232944198999,95172200,0.00391243153533555,162.00058975219727,4.089595169004519,1.677302243529725,0,0.0,0.0,0.0,1.0001678309923898,0.9771280912222944,0.012111172251437432,high,0.0032482568349815498,1,1.677302243529725,0.012111172251437432,0.004290335251784088
2016-03-04,169.4094696044922,170.18709267747013,168.2261525755054,169.05447449579614,129293600,0.0032482568349815498,162.37376022338867,4.412150612144779,1.594621308197683,0,0.0,0.0,0.0,1.0001678309923898,0.9803020542232598,0.012112609714513087,high,0.0007977960329782589,1,1.594621308197683,0.012112609714513087,0.005400802131886926
2016-03-07,169.544677734375,169.9503974086945,168.41207266223464,168.48814026472485,100219000,0.0007977960329782589,162.9079444885254,4.606916146683984,1.4406021369906326,0,0.0,0.0,0.0,1.0001678309923898,0.9810841353132397,0.011021447696425784,high,-0.010977587894769382,0,1.4406021369906326,0.011021447696425784,0.00713508286855436
2016-03-08,167.69366455078125,168.97841805089885,167.53308164830707,168.47128767517106,123974900,-0.010977587894769382,163.45650253295898,4.483155438350968,0.9451294018439879,0,0.0,-0.0,0.0,1.0001678309923898,0.9703141979856748,0.010828106106900525,high,0.004927524799292287,1,0.9451294018439879,0.010828106106900525,0.00029248019816861673
2016-03-09,168.5220184326172,168.86855304777137,167.71903934372293,168.50511021569557,94801200,0.004927524799292287,164.04605712890626,4.324651230904605,1.0349878093579066,0,0.0,0.0,0.0,1.0001678309923898,0.9750954452593547,0.010804050468858288,high,0.000801724193358189,1,1.0349878093579066,0.010804050468858288,0.00038168426156365114
2016-03-10,168.6571807861328,169.950394492203,166.83149387176897,169.01218871936663,156838700,0.000801724193358189,164.64912872314454,4.06416314200421,0.9861936942353478,0,0.0,0.0,0.0,1.0001678309923898,0.9758772028686525,0.01077401394737081,high,0.01600852545842433,1,0.9861936942353478,0.01077401394737081,-0.0002404572068318211
2016-03-11,171.3788604736328,171.4211245605465,168.64032304338957,170.11101524935322,137964500,0.01600852545842433,165.4901321411133,3.577412181598026,1.6460860626602527,0,0.0,0.0,0.0,1.0001678309923898,0.9914995579150713,0.010341718521234796,high,-0.0012830218242874546,0,1.6460860626602527,0.010341718521234796,0.002311596517856735
2016-03-14,171.15911865234375,171.6155372939866,170.54210420619282,170.87174347437642,73612000,-0.0012830218242874546,166.16082229614258,3.295278910043446,1.5168052515880261,0,0.0,-0.0,0.0,1.0001678309923898,0.9902274423434949,0.009781302442950333,high,-0.0016313435646710226,0,1.5168052515880261,0.009781302442950333,0.001895432946403592
2016-03-15,170.880126953125,171.1844102323318,169.93347359434154,170.1954927992059,93169100,-0.0016313435646710226,166.68444061279297,3.1623525034977633,1.326761117140273,0,0.0,-0.0,0.0,1.0001678309923898,0.9886120411778673,0.009384668444571123,medium,0.005770634314510252,1,1.326761117140273,0.009384668444571123,0.0037646818124232643
2016-03-16,171.8690643310547,172.27478401520258,170.3561083126268,170.3983723918738,129303200,0.005770634314510252,167.12649536132812,3.241274009082931,1.463180513722874,0,0.0,0.0,0.0,1.0001678309923898,0.9943169597464263,0.008899068874889974,medium,0.0063241072628512675,1,1.463180513722874,0.008899068874889974,0.003933303715466857
2016-03-17,172.9594268798828,173.46655716459603,171.38729849261688,171.78455764242833,134278500,0.0063241072628512675,167.65645599365234,3.2871342158769785,1.613250490538818,0,0.0,0.0,0.0,1.0001678309923898,1.0006051268531349,0.008787886399750136,medium,0.0039222255618799684,1,1.613250490538818,0.008787886399750136,0.005037780329365473
2016-03-18,173.63914489746094,173.97897558779474,173.14638132188003,173.46072535862427,138372400,0.0039222255618799684,168.22420501708984,3.291008855873535,1.6453738405191263,0,0.0,0.0,0.0,1.0001678309923898,1.0045297258590264,0.008747166650903245,medium,0.001417759549894826,1,1.6453738405191263,0.008747166650903245,0.0026205203500566003
2016-03-21,173.885498046875,174.11489086366146,173.14635925953976,173.37575207632625,72926700,0.001417759549894826,168.68678512573243,3.4079192477722464,1.525480078361882,0,0.0,0.0,0.0,1.0001678309923898,1.0059539074710162,0.008361389588665861,medium,-0.0005377129004311328,0,1.525480078361882,0.008361389588665861,0.0031606766248930564
2016-03-22,173.79202270507812,174.36124610349137,172.9509374130184,173.1123485254018,97471900,-0.0005377129004311328,169.24865493774413,3.2671449436508597,1.3906232645610817,0,0.0,-0.0,0.0,1.0001678309923898,1.00541299307773,0.0075850564147817,medium,-0.006621471128428235,0,1.3906232645610817,0.0075850564147817,0.0033794027577410345
2016-03-23,172.6450653076172,173.59660127416686,172.47513705898592,173.4096905716367,81052500,-0.006621471128428235,169.7159866333008,3.031179642784794,0.9663164244615368,0,0.0,-0.0,0.0,1.0001678309923898,0.9987556799719192,0.007896206646024636,medium,-0.00044262873388406043,0,0.9663164244615368,0.007896206646024636,0.0009009816691533373
2016-03-24,172.56866455078125,172.60265540019913,171.39623952007827,171.6171281864517,84360900,-0.00044262873388406043,170.0806037902832,2.904997337642224,0.8564760897569142,0,0.0,-0.0,0.0,1.0001678309923898,0.9983136020098338,0.00761433607760101,medium,0.0005904815955458713,1,0.8564760897569142,0.00761433607760101,-0.0004523655301937285
2016-03-28,172.67059326171875,173.19733466011797,172.22031181527262,172.98493726222043,62408200,0.0005904815955458713,170.4693359375,2.686676104163232,0.8193236694247251,0,0.0,0.0,0.0,1.0001678309923898,0.9989030878184038,0.007552299937575766,medium,0.009207367361443739,1,0.8193236694247251,0.007552299937575766,-0.0011187143234605477
2016-03-29,174.2677764892578,174.37822726148767,171.95689224557793,172.26274495323278,92922900,0.009207367361443739,171.00258865356446,2.2796229843697677,1.4323367758972032,0,0.0,0.0,0.0,1.0001678309923898,1.0081003555064283,0.007302514288023761,medium,0.004377831756068915,1,1.4323367758972032,0.007302514288023761,0.0004392072388492346
2016-03-30,175.03236389160156,175.75450690564574,174.66703380850706,175.27024782136928,86365300,0.004377831756068915,171.38177642822265,2.2880649548280236,1.5954911837952164,0,0.0,0.0,0.0,1.0001678309923898,1.0125136492560687,0.0055903913290204586,low,-0.0024295195241486774,0,1.5954911837952164,0.0055903913290204586,0.0014223161701492442
2016-03-31,174.60763549804688,175.3637696250937,174.44621142086157,174.93897488037737,94584100,-0.0024295195241486774,171.7021224975586,2.267669342650615,1.281277188803945,0,0.0,-0.0,0.0,1.0001678309923898,1.010053727576734,0.005656107869935527,low,0.0067890505562723,1,1.281277188803945,0.005656107869935527,0.0022607064910051557
2016-04-01,175.79708862304688,175.98399938293173,173.29929298068524,173.61364996615114,114423500,0.0067890505562723,172.0489730834961,2.3394733836099273,1.602119334124352,0,0.0,0.0,0.0,1.0001678309923898,1.0169110333978038,0.005746651813210006,low,-0.0032435043646318077,0,1.602119334124352,0.005746651813210006,0.003707042349036428
2016-04-04,175.22781372070312,175.92448325116527,174.92196101820605,175.7205771282654,63497000,-0.0032435043646318077,172.33989028930665,2.355675914937535,1.225942589591341,0,0.0,-0.0,0.0,1.0001678309923898,1.0136126780225356,0.005855514560095088,low,-0.010038083196160001,0,1.225942589591341,0.005855514560095088,0.0029402451570008925
2016-04-05,173.4776611328125,175.2363044443393,173.22278172084626,173.88546041373525,99662200,-0.010038083196160001,172.53653945922852,2.272754677438861,0.41408854326702654,0,0.0,-0.0,0.0,1.0001678309923898,1.0034379496318628,0.006416674994599888,medium,0.010861953277589443,1,0.41408854326702654,0.006416674994599888,-0.0009088449545198559
2016-04-06,175.3722381591797,175.43171563832263,173.29923799902537,173.47765747274903,91839800,0.010861953277589443,172.92046813964845,2.0491665540388895,1.1964718117708983,0,0.0,0.0,0.0,1.0001678309923898,1.0143372457577244,0.006095052939465839,low,-0.01203776630813313,0,1.1964718117708983,0.006095052939465839,0.00038797934978424995
2016-04-07,173.2738037109375,174.6416435437733,172.54315610525424,174.28481745221296,113859000,-0.01203776630813313,173.15805740356444,1.7686167772663486,0.06544453770927176,0,0.0,-0.0,0.0,1.0001678309923898,1.0021268910356576,0.006836576670050335,medium,0.0026929087706072286,1,0.06544453770927176,0.006836576670050335,-0.001533670007012641
2016-04-08,173.7410430908203,174.88799403753805,173.2057975871912,174.45469511985496,95040600,0.0026929087706072286,173.41225051879883,1.418334827614908,0.23181590525728446,0,0.0,0.0,0.0,1.0001678309923898,1.0048255273297888,0.006841084304175423,medium,-0.0023498791536448477,0,0.23181590525728446,0.006841084304175423,-0.002352898364145655
2016-04-11,173.333251953125,175.07491300612878,173.23979659036752,174.37824339944453,83757500,-0.0023498791536448477,173.50997009277344,1.335790390429759,-0.13229481280486552,0,0.0,-0.0,0.0,1.0001678309923898,1.0024643087700664,0.005965365652780347,low,0.009269756890279035,1,-0.13229481280486552,0.005965365652780347,-0.0021741733219482634
2016-04-12,174.94747924804688,175.22784535626184,173.06138940275196,173.5031796002762,115350600,0.009269756890279035,173.6993881225586,1.2507835365859736,0.9978474204217337,0,0.0,0.0,0.0,1.0001678309923898,1.0117569092035466,0.006252890465581264,low,0.010050016630971784,1,0.9978474204217337,0.006252890465581264,0.001687394695339544
2016-04-13,176.71456909179688,176.7995332047263,175.7290424221115,175.86497981731708,96336400,0.010050016630971784,173.9911102294922,1.238967665242239,2.1981678285140718,-1,0.0,0.0,0.0,1.0001678309923898,1.0219250829675428,0.0065245284482102215,medium,4.8353202191710006e-05,1,2.1981678285140718,0.0065245284482102215,0.001525007366016012
2016-04-14,176.72311401367188,177.22438169033626,176.37479215771472,176.77410027514344,65212900,4.8353202191710006e-05,174.23381271362305,1.2762703186780027,1.9504498879416956,0,-1.0,-0.00054835320219171,1.0,0.999619385759536,1.0219744963177044,0.006460799067340294,medium,-0.0011064920100505899,0,1.9504498879416956,0.006460799067340294,0.00394223126808098
2016-04-15,176.52767944335938,176.8590187813295,176.2048313322123,176.72308136993018,75761600,-0.0011064920100505899,174.41222534179687,1.3367201928039298,1.5825706179578904,0,0.0,-0.0005,1.0,0.9991195760666564,1.0208436897030533,0.006375367954089185,medium,0.00700235815673712,1,1.5825706179578904,0.006375367954089185,0.0031823511119494162
2016-04-18,177.76812744140625,177.80210532039408,175.86504212538503,176.52772095716665,82531000,0.00700235815673712,174.61867446899413,1.5176435558471468,2.075225740772905,-1,0.0,0.0,0.0,0.9991195760666564,1.027992002840399,0.006485392451329447,medium,0.003149313067816922,1,2.075225740772905,0.006485392451329447,0.005052798574025809
2016-04-19,178.328857421875,178.58373690257392,177.51325864008908,178.19293293404994,88316100,0.003149313067816922,174.84084243774413,1.7168259428162156,2.0316648864294677,-1,-1.0,-0.003649313067816922,1.0,0.9954734759414047,1.0312294714885555,0.006500343798938533,medium,0.0009524031793433994,1,2.0316648864294677,0.006500343798938533,0.003828709809533388
2016-04-20,178.498779296875,179.19543602443457,177.89556497971103,178.3713330792558,81100300,0.0009524031793433994,175.076180267334,1.8803014371111932,1.8202395435060266,0,-1.0,-0.0009524031793433994,0.0,0.9945253838379661,1.0322116177158338,0.006487161102741112,medium,-0.005392998213147307,0,1.8202395435060266,0.006487161102741112,0.0020091871192077105
2016-04-21,177.53872680664062,178.62620037826784,177.26685193188004,178.5157495899329,85695000,-0.005392998213147307,175.32086334228515,1.8656388176593004,1.1887957322511589,0,0.0,-0.0005,1.0,0.9940281211460471,1.0266449023059023,0.00641324384713707,medium,0.0,0,1.1887957322511589,0.00641324384713707,0.0009209168361399072
2016-04-22,177.53872680664062,177.81058871769366,176.6381639704844,177.18190075629803,99251700,0.0,175.56936645507812,1.8099258487049674,1.0880889694854685,0,0.0,0.0,0.0,0.9940281211460471,1.0266449023059023,0.006407320368736535,medium,-0.0017241923433657456,0,1.0880889694854685,0.006407320368736535,0.0011422152381500253
2016-04-25,177.23287963867188,177.2753617096552,176.32381258171915,176.9355181054966,66166500,-0.0017241923433657456,175.79748077392577,1.7101010621810389,0.8393649337398912,0,0.0,-0.0,0.0,0.9940281211460471,1.024874769025991,0.006443886528308009,medium,0.0014846314323545043,1,0.8393649337398912,0.006443886528308009,-0.0006030948618705479
2016-04-26,177.49620056152344,178.00595934297635,177.02043261280969,177.5981471323323,75864200,0.0014846314323545043,175.95890197753906,1.7104783085026891,0.8987536271828517,0,0.0,0.0,0.0,0.9940281211460471,1.026396330322314,0.006170969006321184,low,0.002056446229172356,1,0.8987536271828517,0.006170969006321184,-0.0009360311889630313
2016-04-27,177.86158752441406,178.25239147981213,176.75711845428708,177.11394452979732,77329400,0.002056446229172356,176.1003631591797,1.7464324384701753,1.0084697961617979,0,0.0,0.0,0.0,0.9940281211460471,1.0285070591854417,0.006124117972691405,low,-0.009117185469460127,0,1.0084697961617979,0.006124117972691405,-0.0007152225789972402
2016-04-28,176.2473602294922,178.20991013466426,175.83106962155173,177.1054540237371,97216200,-0.009117185469460127,176.18234939575194,1.7107929277215626,0.03800041062060462,0,0.0,-0.0,0.0,0.9940281211460471,1.019129969570199,0.006481956207542415,medium,-0.005413505125206578,0,0.03800041062060462,0.006481956207542415,-0.0014600600302598042
2016-04-29,175.2958221435547,175.9754964101699,174.1913530807685,175.6271615660197,142424100,-0.005413505125206578,176.15728607177735,1.7203790538720227,-0.5007407677301012,0,0.0,-0.0,0.0,0.9940281211460471,1.013612904256679,0.006429680029312431,medium,0.007917003291199499,1,-0.5007407677301012,0.006429680029312431,-0.0025427610553011197
2016-05-02,176.68914794921875,176.86755450332075,175.36379026391356,175.79707628758385,62188000,0.007917003291199499,176.23035278320313,1.7098254914021345,0.2683286501006524,0,0.0,0.0,0.0,0.9940281211460471,1.0216376809556815,0.00662766347089963,medium,-0.008741145549402408,0,0.2683286501006524,0.00662766347089963,-0.0006145219283880711
2016-05-03,175.1514129638672,175.69514984493875,174.4037698910026,175.4572657697018,106422100,-0.008741145549402408,176.31404037475585,1.6058001540786697,-0.7240174986505216,0,0.0,-0.0,0.0,0.9940281211460471,1.0127073972876939,0.0065255604126486615,medium,-0.00559420061940847,0,-0.7240174986505216,0.0065255604126486615,-0.0026596773247394533
2016-05-04,174.17431640625,174.8879813472055,173.67306177677943,174.15733395229546,92243800,-0.00559420061940847,176.25414428710937,1.664062324613601,-1.2498497502744135,0,0.0,-0.0,0.0,0.9940281211460471,1.0070421089385075,0.006175715610705539,low,-0.00019494329424164962,0,-1.2498497502744135,0.006175715610705539,-0.004189806694455618
2016-05-05,174.14036560058594,174.9984463520497,173.71557083900257,174.64162030796456,67619200,-0.00019494329424164962,176.2974723815918,1.5921030265189382,-1.3548788897928812,0,0.0,-0.0,0.0,0.9940281211460471,1.006845792832351,0.005529274445706416,low,0.003652479106529839,1,-1.3548788897928812,0.005529274445706416,-0.0024053582594119227
2016-05-06,174.77757263183594,174.82005470435467,173.2143308873301,173.3672507919475,89315000,0.003652479106529839,176.34929885864258,1.5197315162829153,-1.0342130895928934,0,0.0,0.0,0.0,0.9940281211460471,1.0105232760541687,0.0055556929231554385,low,0.0008258170968208353,1,-1.0342130895928934,0.0055556929231554385,-0.0005921614130646395
2016-05-09,174.92196655273438,175.35525249343715,174.4716851936592,174.65010467730497,74374900,0.0008258170968208353,176.42873458862306,1.3897487773987254,-1.084201735157479,0,0.0,0.0,0.0,0.9940281211460471,1.0113577834522696,0.005521325017226578,low,0.012357378205331197,1,-1.084201735157479,0.005521325017226578,-0.0020103986519403724
2016-05-10,177.09695434570312,177.1139497680039,175.5591992020573,175.62716792755162,77472200,0.012357378205331197,176.53620834350585,1.3517633653342895,0.41482556531527626,0,0.0,0.0,0.0,0.9940281211460471,1.0238555140832948,0.005816031303579253,low,-0.00939883765553777,0,0.41482556531527626,0.005816031303579253,0.0022093060990063485
2016-05-11,175.44024658203125,177.17340360452437,175.44024658203125,176.63817098959558,81727000,-0.00939883765553777,176.47249221801758,1.372783274467124,-0.7519363436206031,0,0.0,-0.0,0.0,0.9940281211460471,1.0142324623236987,0.005780505537089115,low,0.00029001716348315464,1,-0.7519363436206031,0.005780505537089115,0.0014483786917804885
2016-05-12,175.4911346435547,176.28125930270588,174.48012146995245,176.11133109991084,89586300,0.00029001716348315464,176.41089324951173,1.3884961042826947,-0.6624135300921102,0,0.0,0.0,0.0,0.9940281211460471,1.0145266071455343,0.005781660628084768,low,-0.008751873080828006,0,-0.6624135300921102,0.005781660628084768,0.0015453707833254498
2016-05-13,173.9619598388672,175.74610316393924,173.63912460988232,175.19387511574035,96474600,-0.008751873080828006,176.2826072692871,1.4918197503086925,-1.555581651161083,0,0.0,-0.0,0.0,0.9940281211460471,1.0056475990426734,0.006079405764098563,low,0.00981669278194126,1,-1.555581651161083,0.006079405764098563,-0.0009354996541461192
2016-05-16,175.6781005859375,176.15386859061536,174.07237708829686,174.13185457073453,77486800,0.00981669278194126,176.17810592651367,1.455032007541301,-0.3436387227117226,0,0.0,0.0,0.0,0.9940281211460471,1.0155197325693721,0.006296545439279909,low,-0.009377345345240734,0,-0.3436387227117226,0.006296545439279909,0.0008626754828779656
2016-05-17,174.0384063720703,175.69510322923796,173.51165209062506,175.4062459236203,114924900,-0.009377345345240734,175.96358337402344,1.4374214558747487,-1.3393267465745156,0,0.0,-0.0,0.0,0.9940281211460471,1.0059968533321626,0.006523798039864044,medium,0.00029305403848273073,1,-1.3393267465745156,0.006523798039864044,-0.003484269227236421
2016-05-18,174.08941650390625,175.27034558672304,173.0019428001775,173.69010833541265,120062100,0.00029305403848273073,175.743115234375,1.3644082479069677,-1.212026336696199,0,0.0,0.0,0.0,0.9940281211460471,1.0062916647727325,0.0065139130920363695,medium,-0.0034710509079870617,0,-1.212026336696199,0.0065139130920363695,-0.0015458908884323204
2016-05-19,173.48619079589844,173.77504814372764,172.279775139928,173.36724877245652,115430500,-0.0034710509079870617,175.54048843383788,1.384480181166171,-1.4838042941207523,0,0.0,-0.0,0.0,0.9940281211460471,1.0027987751760232,0.006463568318688829,medium,0.006297419256102234,1,-1.4838042941207523,0.006463568318688829,-0.0022981045027263636
2016-05-20,174.5821533203125,175.10040344068355,174.04690777987975,174.0978810763577,104990400,0.006297419256102234,175.39265975952148,1.3160408193371191,-0.6158672491763784,0,0.0,0.0,0.0,0.9940281211460471,1.0091138194928124,0.006672774327599476,medium,-0.001363522755862173,0,-0.6158672491763784,0.006672774327599476,0.0007117539646596842
2016-05-23,174.34426879882812,174.8795013740327,174.15735806980203,174.59913528049358,58682600,-0.001363522755862173,175.24822921752929,1.2608020859485034,-0.7169724961401136,0,0.0,-0.0,0.0,0.9940281211460471,1.007737869836679,0.006670745097596846,medium,0.012879009735800629,1,-0.7169724961401136,0.006670745097596846,-0.0015242891429010023
2016-05-24,176.6041717529297,176.91852869488514,175.13438549336922,175.15987214221596,93537800,0.012879009735800629,175.2036277770996,1.190935839997739,1.1760028784025414,0,0.0,0.0,0.0,0.9940281211460471,1.0207165356734407,0.007331888313692821,medium,0.006760101189306639,1,1.1760028784025414,0.007331888313692821,0.00292698187330727
2016-05-25,177.8020782470703,178.21838174260373,176.60415401675047,177.28382816638836,76621400,0.006760101189306639,175.2006523132324,1.1839997573718157,2.197150732203205,-1,0.0,0.0,0.0,0.9940281211460471,1.0276166827401916,0.007483697215597188,medium,0.00028659424723499993,1,2.197150732203205,0.007483697215597188,0.004220391303472052
2016-05-26,177.85304260253906,178.16739949712752,177.53869867165608,177.93800672836414,55280700,0.00028659424723499993,175.28093643188475,1.3067822891676968,1.968274434062394,0,-1.0,-0.0007865942472349999,1.0,0.9932462243443637,1.0279111917698276,0.007170704120735609,medium,0.004290111575047397,1,1.968274434062394,0.007170704120735609,0.004971920334516464
2016-05-27,178.61769104003906,178.62618226762407,177.96350353221763,178.01447682514024,64211200,0.004290111575047397,175.447029876709,1.5048673338400695,2.1069373306411543,-1,0.0,-0.0005,1.0,0.9927496012321916,1.03232104547176,0.007080557580356387,medium,-0.001904358799066101,0,2.1069373306411543,0.007080557580356387,0.0045704587983054976
2016-05-31,178.27786254882812,179.00001882948405,177.71713035187463,178.88956804301242,109879400,-0.001904358799066101,175.52646560668944,1.6120017592430353,1.7068200616795144,0,-1.0,0.001404358799066101,1.0,0.9941437778699515,1.0303551358053546,0.006909618417481257,medium,0.002047268103879709,1,1.7068200616795144,0.006909618417481257,0.004462291589664711
2016-06-01,178.64321899414062,178.8216255606227,177.47078113099295,177.66618312028115,69936200,0.002047268103879709,175.70105590820313,1.7522360975546412,1.679090557513039,0,0.0,-0.0005,1.0,0.9936467059810166,1.0324645490105575,0.006567146131123059,medium,0.0030387957589323162,1,1.679090557513039,0.006567146131123059,0.002295943263280527
2016-06-02,179.18690490722656,179.2038873614953,177.76809215345386,178.24386014708955,63044700,0.0030387957589323162,175.95168533325196,1.876449657886402,1.724117436552332,0,0.0,0.0,0.0,0.9936467059810166,1.0356019979033388,0.006393220730026084,medium,-0.002991647856808755,0,1.724117436552332,0.006393220730026084,0.0015516821772056627
2016-06-03,178.65164184570312,178.99997657950476,177.4452265624016,178.62615520310342,101757100,-0.002991647856808755,176.1772491455078,1.917941719934637,1.2901292434890308,0,0.0,-0.0,0.0,0.9936467059810166,1.0325038414058045,0.006460601514529738,medium,0.005075619592291658,1,1.2901292434890308,0.006460601514529738,0.0008960337563969116
2016-06-06,179.5607147216797,179.91754069385723,178.8470498136199,179.00847386468456,64887000,0.005075619592291658,176.41640625,2.029212070703448,1.5495218647056863,0,0.0,0.0,0.0,0.9936467059810166,1.0377444381323602,0.0064958621332883324,medium,0.0015601761117920118,1,1.5495218647056863,0.0064958621332883324,0.001053135359845764
2016-06-07,179.84107971191406,180.40181183263633,179.68815984101101,179.7136464861615,60974800,0.0015601761117920118,176.662361907959,2.133954637807906,1.4895901476239384,0,0.0,0.0,0.0,0.9936467059810166,1.0393635022148793,0.0064948188662483555,medium,0.003254733925023667,1,1.4895901476239384,0.0064948188662483555,0.0017460423420173864
2016-06-08,180.4273681640625,180.55481440274403,179.8496533659134,179.97708664088438,66170900,0.003254733925023667,176.82888259887696,2.2936216390550794,1.5689098428056496,0,0.0,0.0,0.0,0.9936467059810166,1.0427463538659696,0.005984459131996512,low,-0.0013665738618387135,0,1.5689098428056496,0.005984459131996512,0.001987535506246178
2016-06-09,180.18096923828125,180.29991126724124,179.42483499052656,179.69669692941702,73786900,-0.0013665738618387135,177.06591873168946,2.3856782829528917,1.3057294979170904,0,0.0,-0.0,0.0,0.9936467059810166,1.0413213639542487,0.005505021184109398,low,-0.009523078413632919,0,1.3057294979170904,0.005505021184109398,0.001106461582091972
2016-06-10,178.47323608398438,179.14440594805325,177.92948646973554,178.80457540285207,113829200,-0.009523078413632919,177.21502380371095,2.3752418966129496,0.529719639110279,0,0.0,-0.0,0.0,0.9936467059810166,1.0314047789515213,0.006016446102012205,low,-0.0077413048025161075,0,0.529719639110279,0.006016446102012205,-0.00019982452927286043
2016-06-13,177.09695434570312,178.72816486643998,177.01200316161686,177.87008401402844,117751200,-0.0077413048025161075,177.37177352905275,2.249371994120483,-0.1221759602537759,0,0.0,-0.0,0.0,0.9936467059810166,1.0234203601828857,0.005935324605451102,low,-0.001969071195840126,0,-0.1221759602537759,0.005935324605451102,-0.0027632094082344133
2016-06-14,176.7485809326172,177.34330391003104,175.7970449106847,176.71460305913646,125059300,-0.001969071195840126,177.42529754638673,2.219487346641315,-0.3048977119845256,0,0.0,-0.0,0.0,0.9936467059810166,1.0214051726304132,0.0055769650760710675,low,-0.001394604877903149,0,-0.3048977119845256,0.0055769650760710675,-0.003469058869760841
2016-06-15,176.50225830078125,177.87009822180502,176.3153475316692,176.74863360713266,109124500,-0.001394604877903149,177.54849014282226,2.0859656209264097,-0.5015575671742674,0,0.0,-0.0,0.0,0.9936467059810166,1.0199807159943473,0.005114082213674556,low,0.002979670487499957,1,-0.5015575671742674,0.005114082213674556,-0.004398926630346205
2016-06-16,177.02896118164062,177.1988894537725,174.66710339252674,176.5022198364116,149533100,0.002979670487499957,177.695467376709,1.9269074298156037,-0.34589424730805396,0,0.0,0.0,0.0,0.9936467059810166,1.0230199224316148,0.005137979350213398,low,-0.0037312116361936537,0,-0.34589424730805396,0.005137979350213398,-0.0035296777604784703
2016-06-17,176.36965942382812,176.95037835738,175.71206989991128,176.9247591709658,117055700,-0.0037312116361936537,177.83964080810546,1.6885139908128037,-0.8705769642866413,0,0.0,-0.0,0.0,0.9936467059810166,1.01920281859298,0.005149776625336506,low,0.006419425791698642,1,-0.8705769642866413,0.005149776625336506,-0.0023713044049906173
2016-06-20,177.5054931640625,179.00854191906885,177.4200871876243,178.3338816172478,82789600,0.006419425791698642,177.98580780029297,1.5086355733267005,-0.31837684641846936,0,0.0,0.0,0.0,0.9936467059810166,1.025745515453628,0.005156668974540229,low,0.0028347130361039943,1,-0.31837684641846936,0.005156668974540229,0.00046084171385233263
2016-06-21,178.00938415527344,178.41930424189601,177.44573589171452,177.889823587045,72461700,0.0028347130361039943,178.16906356811523,1.2420640839800254,-0.128559721596752,0,0.0,0.0,0.0,0.9936467059810166,1.0286532096380094,0.005148106253468745,low,-0.0016326506226103583,0,-0.128559721596752,0.005148106253468745,0.0014215985602411565
2016-06-22,177.718994140625,178.91459961774572,177.57380137521815,178.18868791520092,95560500,-0.0016326506226103583,178.2248046875,1.1921514217243991,-0.42428380963835677,0,0.0,-0.0,0.0,0.9936467059810166,1.0269737783348438,0.00435294695280886,low,0.012938524985309738,1,-0.42428380963835677,0.00435294695280886,0.0013739894112997151
2016-06-23,180.03335571289062,180.08459408836288,178.7181896283184,179.17934803869173,102731400,0.012938524985309738,178.33636856079102,1.2533429917750118,1.3539686767596626,0,0.0,0.0,0.0,0.9936467059810166,1.0402613042250872,0.005004864525477011,low,-0.03656956434203004,0,1.3539686767596626,0.005004864525477011,0.0033657603108616712
2016-06-24,173.56854248046875,180.06754207953452,173.1244547948989,173.90160498686507,333444400,-0.03656956434203004,178.1221435546875,1.6452038576464507,-2.7678035479037373,1,0.0,-0.0,0.0,0.9936467059810166,1.0022194015277037,0.009709519442464206,high,-0.018072053446378935,0,-2.7678035479037373,0.009709519442464206,-0.003201910230305606
2016-06-27,170.45997619628906,172.16799193761008,169.6486582942608,172.15944351898287,230775800,-0.018072053446378935,177.7142578125,2.368244349450214,-3.0631474399569485,1,1.0,-0.018572053446378935,1.0,0.9751926462507188,0.9841072389382971,0.010310651430781349,high,0.017875022840276793,1,-3.0631474399569485,0.010310651430781349,-0.008100206077921121
2016-06-28,173.5343475341797,173.55996672054923,171.75801010286608,172.06545337042272,159382400,0.017875022840276793,177.4770820617676,2.5401201543963756,-1.5521842621357564,0,1.0,0.017875022840276793,0.0,0.9926242370761205,1.001698178311601,0.011259318580517763,high,0.016884463978595023,1,-1.5521842621357564,0.011259318580517763,-0.0050921441170865625
2016-06-29,176.4892578125,176.71983053966585,174.8324805698264,174.93495733745567,137328600,0.016884463978595023,177.36938400268554,2.533729740296946,-0.34736387870727964,0,0.0,-0.0005,1.0,0.9921279249575825,1.0186113151207274,0.011961720105345866,high,0.013553382563623883,1,-0.34736387870727964,0.011961720105345866,-0.0013887211968454855
2016-06-30,178.89756774902344,178.94880613704242,176.40386629346605,176.9589792362993,165021900,0.013553382563623883,177.35491714477538,2.523611854643129,0.6112867957129656,0,0.0,0.0,0.0,0.9921279249575825,1.0324169439581947,0.01235496729878738,high,0.002097978091208335,1,0.6112867957129656,0.01235496729878738,-0.0012657496811826561
2016-07-01,179.27328491210938,179.76007552914442,178.73525592088592,178.8975194598976,106055300,0.002097978091208335,177.3859992980957,2.5441681196586416,0.7418085304311179,0,0.0,0.0,0.0,0.9921279249575825,1.0345829320876112,0.012344267709429329,high,-0.0072192080946230155,0,0.7418085304311179,0.012344267709429329,0.00646775880546502
2016-07-05,177.98373413085938,178.55591768190934,177.38593139327895,178.4448925195293,109803700,-0.0072192080946230155,177.3071502685547,2.4972257593303175,0.2709341995919991,0,0.0,-0.0,0.0,0.9921279249575825,1.0271140626097255,0.012393346265281492,high,0.005979851522392121,1,0.2709341995919991,0.012393346265281492,0.008638327875816202
2016-07-06,179.05123901367188,179.17079955807648,176.83081401059002,177.4884035203763,96021500,0.005979851522392121,177.26765823364258,2.46102725747524,0.7247302014277838,0,0.0,0.0,0.0,0.9921279249575825,1.0332560522006926,0.012470073854229744,high,-0.000620254764203112,0,0.7247302014277838,0.012470073854229744,0.006259293612239268
2016-07-07,178.94021606445312,179.89670043150437,178.1716144168044,179.23057552857622,85593800,-0.000620254764203112,177.19330062866212,2.38172372191731,0.7334668667551107,0,0.0,-0.0,0.0,0.9921279249575825,1.0326151702116735,0.012443318108902205,high,0.014780785341653727,1,0.7334668667551107,0.012443318108902205,0.0027583498636796415
2016-07-08,181.604736328125,181.85240586419408,180.00774606271716,180.2383317956827,133971000,0.014780785341653727,177.2644889831543,2.494338805297167,1.740039218310445,0,0.0,0.0,0.0,0.9921279249575825,1.0478780333831075,0.012893937390665806,high,0.003520534122926646,1,1.740039218310445,0.012893937390665806,0.0030038304192856104
2016-07-11,182.24520874023438,182.81740527485772,181.86090794309075,182.06587444942394,73633900,0.003520534122926646,177.4530876159668,2.7226912604553712,1.7600677659890394,0,0.0,0.0,0.0,0.9921279249575825,1.051567123756298,0.012694281277492706,high,0.007237289523699811,1,1.7600677659890394,0.012694281277492706,0.003288341625629273
2016-07-12,183.56895446777344,183.86786237841264,182.27085910120599,183.21027279368047,101275600,0.007237289523699811,177.7766876220703,3.0438078943744955,1.9029672852903352,0,0.0,0.0,0.0,0.9921279249575825,1.0591776194845266,0.012590005510576922,high,-0.00013957313669551717,0,1.9029672852903352,0.012590005510576922,0.006179641149293838
2016-07-13,183.5433349609375,183.99595800349357,183.0565573437704,183.9874226176217,87324100,-0.00013957313669551717,178.11642532348634,3.2920905812661796,1.648469112099553,0,0.0,-0.0,0.0,0.9921279249575825,1.0590297867418574,0.012567847030904732,high,0.005567951516401692,1,1.648469112099553,0.012567847030904732,0.004955756217476311
2016-07-14,184.56814575195312,185.03785260793288,184.1753094950419,184.80726687297488,91230900,0.005567951516401692,178.51971969604492,3.5665520855591812,1.6958748704100048,0,0.0,0.0,0.0,0.9921279249575825,1.0649264132488614,0.012568619202235102,high,-0.0013430137558446212,0,1.6958748704100048,0.012568619202235102,0.006193397473597271
2016-07-15,184.3204345703125,185.32815713411082,183.87634703537637,185.13173906391825,107155400,-0.0013430137558446212,178.88429336547853,3.7728478333350353,1.4408588538352627,0,0.0,-0.0,0.0,0.9921279249575825,1.063496202426906,0.012592271026099154,high,0.0026838959960601267,1,1.4408588538352627,0.012592271026099154,0.0029686376540976013
2016-07-18,184.8157958984375,184.97805943448904,184.18382555569,184.44003045308074,58725900,0.0026838959960601267,179.30660018920898,3.9453217603899704,1.3963869219842722,0,0.0,0.0,0.0,0.9921279249575825,1.0663505156264248,0.0125196083459367,high,-0.0010171048020125538,0,1.3963869219842722,0.0125196083459367,0.0028013100287242972
2016-07-19,184.62791442871094,184.66206900073772,184.1496722336013,184.39732871638222,54345700,-0.0010171048020125538,179.6627212524414,4.09287999588156,1.2131294299529274,0,0.0,-0.0,0.0,0.9921279249575825,1.0652659253963526,0.012502458446104914,high,0.004154246483241425,1,1.2131294299529274,0.012502458446104914,0.0011504311635818245
2016-07-20,185.39649963378906,185.63562071011253,184.6278980357667,184.6278980357667,58159500,0.004154246483241425,180.03207702636718,4.265503510526414,1.257629396900872,0,0.0,0.0,0.0,0.9921279249575825,1.0696913026206472,0.01251075707984452,high,-0.0037842254230202126,0,1.257629396900872,0.01251075707984452,0.002009195087569213
2016-07-21,184.6962432861328,185.5075479701267,184.252155646983,185.28551066611325,67777300,-0.0037842254230202126,180.38093948364258,4.3508370516393935,0.9918330085159659,0,0.0,-0.0,0.0,0.9921279249575825,1.0656433495984865,0.012553115724320357,high,0.004475171831489854,1,0.9918330085159659,0.012553115724320357,0.00013875969968483195
2016-07-22,185.52464294433594,185.57588132287663,184.55107465869187,184.81581496856785,62787500,0.004475171831489854,180.65550384521484,4.4985087411472735,1.0823896049336792,0,0.0,0.0,0.0,0.9921279249575825,1.0704122866990242,0.012302471632093755,high,-0.00271964530762661,0,1.0823896049336792,0.012302471632093755,0.001302396817151727
2016-07-25,185.02076721191406,185.37091350436867,184.4400482176101,185.31967512617993,55873100,-0.00271964530762661,181.2281150817871,4.272111934885623,0.887769840288254,0,0.0,-0.0,0.0,0.9921279249575825,1.0675011449462775,0.00854318413695388,medium,0.00046156434686611165,1,0.887769840288254,0.00854318413695388,0.00022168855641437968
2016-07-26,185.10618591308594,185.4648676161722,184.26071352151683,184.9183031594039,70080500,0.00046156434686611165,181.96042556762694,3.5178410892973115,0.8942303718691742,0,0.0,0.0,0.0,0.9921279249575825,1.0679938654150234,0.006976470291207351,medium,-0.0010614710625372677,0,0.8942303718691742,0.006976470291207351,0.0005174223861901127
2016-07-27,184.90980529785156,185.55031126144314,184.14119032286533,185.48198906159146,84083900,-0.0010614710625372677,182.52919845581056,2.9590086396601043,0.8045285201716951,0,0.0,-0.0,0.0,0.9921279249575825,1.066860220831918,0.006259830985206018,low,0.0011536264923790154,1,0.8045285201716951,0.006259830985206018,-0.0005257211229656257
2016-07-28,185.1232452392578,185.4136047179644,184.25215377201522,184.713312177542,65035700,0.0011536264923790154,182.96089782714844,2.644555671143861,0.8176600083348141,0,0.0,0.0,0.0,0.9921279249575825,1.068090979046335,0.005371837724377019,low,0.001613239518842956,1,0.8176600083348141,0.005371837724377019,0.00046184926011421984
2016-07-29,185.42213439941406,185.78081604403943,184.5766751767694,184.85849926135842,79519400,0.001613239518842956,183.28712615966796,2.516245688153749,0.8484895770701246,0,0.0,0.0,0.0,0.9921279249575825,1.0698140656234523,0.0046852761112670446,low,-0.0008292727396431738,0,0.8484895770701246,0.0046852761112670446,-0.00011053720241515982
2016-08-01,185.2684326171875,185.87477078706675,184.81580957844722,185.48193454229607,73311400,-0.0008292727396431738,183.58688354492188,2.3654967077996942,0.7108651078317271,0,0.0,-0.0,0.0,0.9921279249575825,1.0689268979823439,0.004720771937101315,low,-0.006427844592834667,0,0.7108651078317271,0.004720771937101315,0.0002675373111815274
2016-08-02,184.0813751220703,185.17450401147684,183.24445116667687,185.02077583861927,92295500,-0.006427844592834667,183.89176559448242,1.9642340960589157,0.09653102344996838,0,0.0,-0.0,0.0,0.9921279249575825,1.0620560020010126,0.004645279618631011,low,0.002918410179442875,1,0.09653102344996838,0.004645279618631011,-0.0011103444767586283
2016-08-03,184.619384765625,184.67917156164796,183.72268707427097,184.02158196101436,53993600,0.002918410179442875,184.17017288208007,1.6035259803126665,0.2801400719789665,0,0.0,0.0,0.0,0.9921279249575825,1.0651555170483906,0.004545653792783102,low,0.0010633050754123843,1,0.2801400719789665,0.004545653792783102,-0.00031436822836259986
2016-08-04,184.8157958984375,185.13177455425006,182.97113627457105,184.73038992226645,46585500,0.0010633050754123843,184.4639518737793,1.0309136128733913,0.3412934122360866,0,0.0,0.0,0.0,0.9921279249575825,1.0662881023157715,0.004519226743900902,low,0.00814558848353065,1,0.3412934122360866,0.004519226743900902,-0.00033243251175592607
2016-08-05,186.32737731933594,186.37008030679934,184.81579320588517,184.81579320588517,71892200,0.00814558848353065,184.70008392333983,0.8698139130988827,1.8708523415066485,0,0.0,0.0,0.0,0.9921279249575825,1.0749736464021207,0.0036646203863455744,low,-0.0005958625331267381,0,1.8708523415066485,0.0036646203863455744,0.0009740372811816127
2016-08-08,186.2163848876953,186.61776955629065,185.95164458098853,186.51527976931246,39906500,-0.0005958625331267381,184.89864273071288,0.7203505387604165,1.8293068250493874,0,0.0,-0.0,0.0,0.9921279249575825,1.0743331098821312,0.0036479334809451035,low,0.0005958625331267365,1,1.8293068250493874,0.0036479334809451035,0.0010207193224849
2016-08-09,186.32737731933594,186.82270330544242,186.00286328308303,186.28468736299476,51251700,0.0005958625331267365,185.03656387329102,0.7164223942208975,1.8017491586770806,0,0.0,0.0,0.0,0.9921279249575825,1.0749732647304076,0.0033476516766729188,low,-0.002478182913986567,0,1.8017491586770806,0.0033476516766729188,0.0024254607476771805
2016-08-10,185.86619567871094,186.5152367011262,185.5160494688951,186.43837915198242,57941100,-0.002478182913986567,185.1527069091797,0.6464775871903305,1.1036558477334795,0,0.0,-0.0,0.0,0.9921279249575825,1.0723092843527602,0.003420257912116158,low,0.004630126300834458,1,1.1036558477334795,0.003420257912116158,0.001346142128991292
2016-08-11,186.72877502441406,186.97644455037576,186.13097225142164,186.39571254866664,72504300,0.004630126300834458,185.26073837280273,0.7199998230525437,2.038940294995315,-1,0.0,0.0,0.0,0.9921279249575825,1.0772742117728709,0.003354781039400572,low,-0.0008691855881451234,0,2.038940294995315,0.003354781039400572,0.0020595063740757066
2016-08-12,186.56654357910156,186.78004552207213,186.16515888382693,186.42135079049206,61313500,-0.0008691855881451234,185.3730438232422,0.740494176051901,1.6117611649868149,0,-1.0,0.0003691855881451234,1.0,0.9924942042890732,1.0763378605535174,0.003342120913136329,low,0.0028793466198848254,1,1.6117611649868149,0.003342120913136329,0.000256551559740552
2016-08-15,187.10450744628906,187.45465366260393,186.92517316162494,186.93370854575915,49813500,0.0028793466198848254,185.48747940063475,0.8221868103558759,1.9667404357342981,0,0.0,-0.0005,1.0,0.9919979571869287,1.0794370103341564,0.0033487968493332134,low,-0.005171035766245555,0,1.9667404357342981,0.0033487968493332134,0.0009515933903428647
2016-08-16,186.1394805908203,186.75435400270868,186.1394805908203,186.68604487003688,53213600,-0.005171035766245555,185.56305770874025,0.8083721091201214,0.7130662668550979,0,0.0,-0.0,0.0,0.9919979571869287,1.0738552029463093,0.003576452584417518,low,0.0018796412259926994,1,0.7130662668550979,0.003576452584417518,-0.00020178626953159355
2016-08-17,186.48968505859375,186.62632943841794,185.33678231053105,186.17370633248493,75134300,0.0018796412259926994,185.61771697998046,0.8330978271922773,1.0466574874550045,0,0.0,0.0,0.0,0.9919979571869287,1.075873665456514,0.003486066275763433,low,0.0022411029249790122,1,1.0466574874550045,0.003486066275763433,0.0006697785584642598
2016-08-18,186.90809631347656,186.94225088240444,186.3529966083296,186.4640087306862,52989300,0.0022411029249790122,185.72830963134766,0.8509542064773552,1.386427933663786,0,0.0,0.0,0.0,0.9919979571869287,1.0782848090750763,0.003373621119831793,low,-0.00146328694874928,0,1.386427933663786,0.003373621119831793,0.0001919738832931706
2016-08-19,186.63479614257812,186.81414345398696,185.9516005571285,186.43837806331737,75443000,-0.00146328694874928,185.78381729125977,0.8728945748839335,0.9748930464271837,0,0.0,-0.0,0.0,0.9919979571869287,1.0767069689869222,0.0032740227971296615,low,-4.578523227566325e-05,0,0.9748930464271837,0.0032740227971296615,7.315361117233932e-05
2016-08-22,186.62625122070312,186.85683688612406,186.0284485984265,186.3956655552822,61368800,-4.578523227566325e-05,185.8640914916992,0.8728514793521532,0.8731837512260404,0,0.0,-0.0,0.0,0.9919979571869287,1.0766576717082543,0.003198010875282131,low,0.002011590598876694,1,0.8731837512260404,0.003198010875282131,-0.0005118727592597584
2016-08-23,187.00204467773438,187.54007363414905,186.9422578909675,187.24116576255827,53399200,0.002011590598876694,185.95888442993163,0.8890067479430266,1.1733996960275024,0,0.0,0.0,0.0,0.9919979571869287,1.0788234661588711,0.0032174877300752283,low,-0.005127864178774865,0,1.1733996960275024,0.0032174877300752283,0.0009246525137646914
2016-08-24,186.0455780029297,186.95082405730236,185.62710954919459,186.85688269140766,71728900,-0.005127864178774865,186.01567306518555,0.8540546244156458,0.03501525182255907,0,0.0,-0.0,0.0,0.9919979571869287,1.0732914059515333,0.0034425925831405345,low,-0.0006885186267601398,0,0.03501525182255907,0.0034425925831405345,-0.0004768485671888214
2016-08-25,185.9175262451172,186.3359948276282,185.50760608194187,185.66132125645998,69224800,-0.0006885186267601398,186.0553871154785,0.8284556966909767,-0.1664070521959922,0,0.0,-0.0,0.0,0.9919979571869287,1.072552424826594,0.003443368914979536,low,-0.0018853490267214325,0,-0.1664070521959922,0.003443368914979536,-0.0010627728775366517
2016-08-26,185.5673370361328,187.13017277202832,184.6791747157033,186.10536608503304,122506300,-0.0018853490267214325,186.06264724731446,0.8232339206311095,-0.601663997034926,0,0.0,-0.0,0.0,0.9919979571869287,1.0705302891563395,0.003457386220282584,low,0.004912125980305753,1,-0.601663997034926,0.003457386220282584,-0.0011471852931310823
2016-08-29,186.48110961914062,186.7458499037358,185.66125654740873,185.6954241505889,70502200,0.004912125980305753,186.1232810974121,0.8061399994596927,0.4438788820407774,0,0.0,0.0,0.0,0.9919979571869287,1.0757888688024086,0.0036161956377442485,low,-0.0016498855918977518,0,0.4438788820407774,0.0036161956377442485,-0.00015560305061479898
2016-08-30,186.17369079589844,186.6775522444359,185.61859096698421,186.3957281212393,58114500,-0.0016498855918977518,186.2278968811035,0.6473282807235411,-0.08373816936358588,0,0.0,-0.0,0.0,0.9919979571869287,1.0740139402478477,0.003289591320415816,low,-0.002848144839871238,0,-0.08373816936358588,0.003289591320415816,-0.0008878982887696882
2016-08-31,185.64419555664062,185.96017423152927,184.86704543238258,185.8406136763452,85269500,-0.002848144839871238,186.2791374206543,0.5459192301032751,-1.163069239919552,0,0.0,-0.0,0.0,0.9919979571869287,1.070954992985981,0.0033249962921037134,low,4.5945240103907786e-05,1,-1.163069239919552,0.0033249962921037134,-0.0004319544209889628
2016-09-01,185.65272521972656,185.9430846974916,184.4912742775436,185.63564141776308,97844200,4.5945240103907786e-05,186.32098388671875,0.4518109531604824,-1.4790669910005994,0,0.0,0.0,0.0,0.9919979571869287,1.071004198270274,0.0033201087274335895,low,0.00449806970078511,1,-1.4790669910005994,0.0033201087274335895,-0.0002850616476161533
2016-09-02,186.48968505859375,186.91668897220035,185.91750137809592,186.5067688638531,79293900,0.00449806970078511,186.32909927368163,0.45338676586796456,0.3541916019641405,0,0.0,0.0,0.0,0.9919979571869287,1.075821649803927,0.002940677949893491,low,0.0030177493848599778,1,0.3541916019641405,0.002940677949893491,0.0009916220978851552
2016-09-06,187.05331420898438,187.1301717780979,186.0541267171368,186.77149009111085,56702100,0.0030177493848599778,186.3709457397461,0.48026263840381334,1.4208235550160002,0,0.0,0.0,0.0,0.9919979571869287,1.079068209925842,0.0030095318587886,low,-9.144924669043666e-05,0,1.4208235550160002,0.0030095318587886,0.0006127467787960001
2016-09-07,187.0362091064453,187.21555644507737,186.42987097765442,186.89102937094438,76554900,-9.144924669043666e-05,186.40638732910156,0.502517182203177,1.2533338155372793,0,0.0,-0.0,0.0,0.9919979571869287,1.0789695299509166,0.003008988830189692,low,-0.0022854373046786464,0,1.2533338155372793,0.003008988830189692,0.0009244340478374632
2016-09-08,186.60923767089844,186.97646779711627,186.30179434497467,186.7031790491286,74102900,-0.0022854373046786464,186.44353942871095,0.4877274110168233,0.33973534897708085,0,0.0,-0.0,0.0,0.9919979571869287,1.076503612736555,0.0030002899131667156,low,-0.024225926657960733,0,0.33973534897708085,0.0030002899131667156,0.0010369755548759814
2016-09-09,182.1427764892578,185.34530563284395,182.11715729859907,185.29406725152649,221589100,-0.024225926657960733,186.21423950195313,1.0731977771762062,-3.7937676533473033,1,0.0,-0.0,0.0,0.9919979571869287,1.0504243151673696,0.006097323722309959,low,0.014245234636948077,1,-3.7937676533473033,0.006097323722309959,-0.0038173988247369463
2016-09-12,184.75601196289062,185.15739660107457,181.31436217421583,181.38268434998358,168110900,0.014245234636948077,186.12371292114258,1.1173682441114126,-1.2240377918916279,0,1.0,0.013745234636948076,1.0,1.0056332018678362,1.0653878560052843,0.007013906048136179,medium,-0.014479828738702842,0,-1.2240377918916279,0.007013906048136179,-0.0018679658375043533
2016-09-13,182.1000518798828,183.7397450430388,181.47662992931066,183.4750047502392,182828800,-0.014479828738702842,185.87349014282228,1.408571235136283,-2.678911913584814,1,0.0,-0.0005,1.0,1.0051303852669025,1.049961222310034,0.007622963864115597,medium,-0.00037546507195394173,0,-2.678911913584814,0.007622963864115597,-0.005367481462216917
2016-09-14,182.0316925048828,183.3554067295064,181.47659284509885,182.15125303304183,134185500,-0.00037546507195394173,185.6681007385254,1.6470443637830108,-2.2078386676181,1,1.0,-0.0008754650719539417,1.0,1.0042504287218417,1.0495669985441505,0.0075718827821955005,medium,0.009943418179558293,1,-2.2078386676181,0.0075718827821955005,-0.005424284627269618
2016-09-15,183.85073852539062,184.23503930455087,181.69010053449708,181.8694478480362,134427900,0.009943418179558293,185.53615341186523,1.683072851843074,-1.0013915230282309,0,1.0,0.009943418179558293,0.0,1.0142361106916238,1.0600032821181389,0.007945262621138552,medium,-0.0038728404864075516,0,-1.0013915230282309,0.007945262621138552,-0.00297851353042223
2016-09-16,183.1400909423828,183.41476016392667,182.4534440824219,183.23450685016985,155236400,-0.0038728404864075516,185.34775314331054,1.7316093074023342,-1.2749193432319574,0,0.0,-0.0005,1.0,1.013728992636278,1.0558980584914268,0.007943254962186177,medium,0.00018736368232702365,1,-1.2749193432319574,0.007943254962186177,0.001092103703888406
2016-09-19,183.17440795898438,184.43614170473515,182.84824157392163,183.79240053228875,80250500,0.00018736368232702365,185.17473373413085,1.7687221132691677,-1.1309440641578414,0,0.0,0.0,0.0,1.013728992636278,1.0560958954398278,0.007946962377576486,medium,4.698120752552427e-05,1,-1.1309440641578414,0.007946962377576486,-0.0017194704870358043
2016-09-20,183.18301391601562,184.18724872391758,183.14868681099702,184.0327571059094,69665300,4.698120752552427e-05,185.0025718688965,1.787477361337833,-1.017947411383732,0,0.0,0.0,0.0,1.013728992636278,1.0561455121002583,0.007947536204176634,medium,0.011182809488844144,1,-1.017947411383732,0.007947536204176634,0.0011858915022098689
2016-09-21,185.24301147460938,185.42325171278233,183.20020146230988,183.8868615006161,110284400,0.011182809488844144,184.91462020874025,1.7261402155164371,0.19024599677198248,0,0.0,0.0,0.0,1.013728992636278,1.0679561861545732,0.008379126091114665,medium,0.006281339591585748,1,0.19024599677198248,0.008379126091114665,0.003497546414369486
2016-09-22,186.41024780273438,186.71066555155627,186.00684876700922,186.25575622696041,76678700,0.006281339591585748,184.93285369873047,1.740581088592839,0.8487936090344952,0,0.0,0.0,0.0,1.013728992636278,1.074664381628745,0.008433704059002458,medium,-0.0054939287372392336,0,0.8487936090344952,0.008433704059002458,0.002765130696774977
2016-09-23,185.38893127441406,186.1528371565639,185.29451535203816,186.01550252457145,73630900,-0.0054939287372392336,184.90642395019532,1.7288159028448378,0.27909699547809497,0,0.0,-0.0,0.0,1.013728992636278,1.0687602520996273,0.008525242725421342,medium,-0.008135625543379231,0,0.27909699547809497,0.008525242725421342,0.002440913046608641
2016-09-26,183.8867950439453,184.73652491071303,183.6893716775511,184.55628473767885,89827300,-0.008135625543379231,184.82239685058593,1.7358284844719263,-0.5389943851078398,0,0.0,-0.0,0.0,1.013728992636278,1.0600652188928972,0.008705160238741926,medium,0.006189066994253808,1,-0.5389943851078398,0.008705160238741926,0.0007763152014673896
2016-09-27,185.02841186523438,185.12281467748386,183.3546741024381,183.72375923728868,78494800,0.006189066994253808,184.74976196289063,1.6926234328319267,0.16462604554489443,0,0.0,0.0,0.0,1.013728992636278,1.0666260335509035,0.008751156967184264,medium,0.004951098516819631,1,0.16462604554489443,0.008751156967184264,0.0020047323588130465
2016-09-28,185.94677734375,186.10128203089897,184.29022306305555,185.25153899394778,87411000,0.004951098516819631,184.7384162902832,1.6833113612111439,0.7178476194667788,0,0.0,0.0,0.0,1.013728992636278,1.0719070041236187,0.008825343759101255,medium,-0.00908845220070933,0,0.7178476194667788,0.008825343759101255,0.0007583901644081436
2016-09-29,184.26446533203125,186.14419163494298,183.71514006013925,185.74077945591864,128070600,-0.00908845220070933,184.66942977905273,1.6724739993840598,-0.24213497320175084,0,0.0,-0.0,0.0,1.013728992636278,1.0621650285530357,0.009036845835015203,medium,0.007517822265594096,1,-0.24213497320175084,0.009036845835015203,-0.0023155681940508718
2016-09-30,185.6549530029297,186.35876986017539,184.84812865424877,185.0970361399101,117202900,0.007517822265594096,184.6695411682129,1.672543007812993,0.5891698031761252,0,0.0,0.0,0.0,1.013728992636278,1.070150196454427,0.009207905905817992,medium,-0.0024069216384947573,0,0.5891698031761252,0.009207905905817992,0.00028678200651579384
2016-10-03,185.20863342285156,185.43179232349547,184.57347072524445,185.24297362107262,83512100,-0.0024069216384947573,184.6054885864258,1.6229642172555752,0.3716316293440437,0,0.0,-0.0,0.0,1.013728992636278,1.0675744287901414,0.00915972325904729,medium,-0.005110900627099333,0,0.3716316293440437,0.00915972325904729,0.0014325227874926886
2016-10-04,184.26446533203125,185.54336916520916,183.67223445990277,185.32021027557877,119948100,-0.005110900627099333,184.46604614257814,1.5179939469751216,-0.13279421235412217,0,0.0,-0.0,0.0,1.013728992636278,1.0621181619725628,0.009182986981355713,medium,0.004415806902394591,1,-0.13279421235412217,0.009182986981355713,-0.0008274707367779396
2016-10-05,185.07994079589844,185.50910171183054,184.82244162694883,184.89110894513217,72816000,0.004415806902394591,184.36823272705078,1.4022835987925364,0.5075350445947499,0,0.0,0.0,0.0,1.013728992636278,1.06680827068336,0.009255051555253661,medium,0.0006950937247047265,1,0.5075350445947499,0.009255051555253661,-0.0009345290596629475
2016-10-06,185.20863342285156,185.43179232349547,184.31598472332772,184.85671842430108,62927400,0.0006950937247047265,184.29820251464844,1.3168477531706193,0.6913714254446267,0,0.0,0.0,0.0,1.013728992636278,1.0675498024177752,0.009249219611761367,medium,-0.0034354191590192477,0,0.6913714254446267,0.009249219611761367,0.0010221801254198634
2016-10-07,184.57345581054688,185.65494931899855,183.8438903691559,185.48328763260932,89788300,-0.0034354191590192477,184.41973648071288,1.2157338053382645,0.12644160190249817,0,0.0,-0.0,0.0,1.013728992636278,1.063882321373342,0.007413965460835661,medium,0.005194564153629767,1,0.12644160190249817,0.007413965460835661,-0.0011684681595028053
2016-10-10,185.53472900390625,185.99821672739458,185.38881595953134,185.53472900390625,51855000,0.005194564153629767,184.45867233276368,1.2393116115252991,0.868269659652584,0,0.0,0.0,0.0,1.013728992636278,1.0694087263436283,0.006791364517182289,medium,-0.012709624613951673,0,0.868269659652584,0.006791364517182289,0.00035182899892209976
2016-10-11,183.1915740966797,185.1743080081347,182.4620085896904,185.10564070801541,130367400,-0.012709624613951673,184.51324844360352,1.1508543417007484,-1.1484288663069555,0,0.0,-0.0,0.0,1.013728992636278,1.0558169428729167,0.006598635822872724,medium,0.0013111896902782514,1,-1.1484288663069555,0.006598635822872724,-0.0011679157984483682
2016-10-12,183.4319305419922,183.95550728652148,182.83109489319347,183.32892303528274,73866100,0.0013111896902782514,184.583260345459,1.0279756243202014,-1.1199971830345499,0,0.0,0.0,0.0,1.013728992636278,1.0572013191632328,0.006600342604905944,medium,-0.0032807861146355046,0,-1.1199971830345499,0.006600342604905944,-0.0017888392408716362
2016-10-13,182.83111572265625,183.32894392146179,181.28614701244356,182.10155007548934,101357000,-0.0032807861146355046,184.53227920532225,1.0896495049491286,-1.5612024554128758,0,0.0,-0.0,0.0,1.013728992636278,1.0537328677549476,0.006245029345594634,low,0.0005161403265309441,1,-1.5612024554128758,0.006245029345594634,-0.0025840152087396825
2016-10-14,182.92550659179688,184.27307787424564,182.84826078625434,183.8095768470923,93346200,0.0005161403265309441,184.52154998779298,1.1050270913329368,-1.44434775266087,0,0.0,0.0,0.0,1.013728992636278,1.054276741781387,0.006188923298508553,low,-0.0034783719152406047,0,-1.44434775266087,0.006188923298508553,-0.001793703311629644
2016-10-17,182.2903289794922,183.15722900155498,182.11007569726877,182.89972992564168,58275700,-0.0034783719152406047,184.47734603881835,1.1770857934795573,-1.8579929104922535,0,0.0,-0.0,0.0,1.013728992636278,1.0506095751718831,0.006235361725814066,low,0.006243017703345312,1,-1.8579929104922535,0.006235361725814066,-0.0035282905254037183
2016-10-18,183.4319305419922,183.9469156877419,183.0542669102728,183.88683998103164,76869700,0.006243017703345312,184.4897918701172,1.1639223224571609,-0.9088762262860849,0,0.0,0.0,0.0,1.013728992636278,1.0571685493489853,0.006402163351296872,medium,0.002663610777334532,1,-0.9088762262860849,0.006402163351296872,0.0002622379380556785
2016-10-19,183.92117309570312,184.23016943203046,183.33752062539025,183.6980141682805,66519200,0.002663610777334532,184.42369995117187,1.1564057971189374,-0.43455926692925334,0,0.0,0.0,0.0,1.013728992636278,1.0599844348904903,0.0058863526860565285,low,-0.0018685117779731542,0,-0.43455926692925334,0.0058863526860565285,0.0005327221554669347
2016-10-20,183.5778350830078,184.13573890575714,182.91692375835873,183.5692434846294,73639800,-0.0018685117779731542,184.28207931518554,1.0705679727799224,-0.6578229968425375,0,0.0,-0.0,0.0,1.013728992636278,1.0580038414894293,0.0056810515131109855,low,0.00046735150910458403,1,-0.6578229968425375,0.0056810515131109855,0.0008151770227994047
2016-10-21,183.6636505126953,183.7494879106389,182.6164971231346,183.57782621169983,89089100,0.00046735150910458403,184.1958152770996,1.0459119199421585,-0.5088045697325215,0,0.0,0.0,0.0,1.013728992636278,1.0584983011813878,0.005575313516758374,low,0.004243685472959787,1,-0.5088045697325215,0.005575313516758374,0.0008054192593141328
2016-10-24,184.44471740722656,184.81380248424253,184.09280242836073,184.5391333016309,60146600,0.004243685472959787,184.22371139526368,1.0446756746518076,0.211554664596308,0,0.0,0.0,0.0,1.013728992636278,1.0629902350452638,0.005362299502440261,low,-0.003356119680809176,0,0.211554664596308,0.005362299502440261,0.002349830736954211
2016-10-25,183.8267364501953,184.52197485427587,183.66365324984093,184.26447575355573,66542300,-0.003356119680809176,184.16362762451172,1.0304174705699878,-0.32694629500997385,0,0.0,-0.0,0.0,1.013728992636278,1.0594227125969204,0.005219528103572935,low,-0.00200977618868703,0,-0.32694629500997385,0.005219528103572935,0.00043000326012331366
2016-10-26,183.45765686035156,184.0413092406965,182.7624053880732,183.00274747656863,75705500,-0.00200977618868703,184.0391716003418,0.9509670664796244,-0.6114982952490077,0,0.0,-0.0,0.0,1.013728992636278,1.0572935100553889,0.005079336975592032,low,-0.0026704329310721173,0,-0.6114982952490077,0.005079336975592032,-0.0005046741330809988
2016-10-27,182.96839904785156,184.2129626474341,182.89115325338958,184.17863554887782,77220200,-0.0026704329310721173,183.9743682861328,0.9785659774445397,-1.028003488235163,0,0.0,-0.0,0.0,1.013728992636278,1.054470078648328,0.004708975902352069,low,-0.0029595874842672726,0,-1.028003488235163,0.004708975902352069,-0.0006650583637007913
2016-10-28,182.4276885986328,183.62075523934593,181.71529311199853,182.94268685809953,140623200,-0.0029595874842672726,183.81300506591796,0.9525955501366203,-1.4542546068858602,0,0.0,-0.0,0.0,1.013728992636278,1.0513492822010262,0.004356916835530025,low,4.700623009067251e-05,1,-1.4542546068858602,0.004356916835530025,-0.0013504461623751625
2016-10-31,182.43626403808594,182.9855893542831,182.27318083380186,182.76241734970546,61272500,4.700623009067251e-05,183.67438659667968,0.9404551839520432,-1.3165141515737342,0,0.0,0.0,0.0,1.013728992636278,1.0513987021672908,0.00434609817477532,low,-0.007271772145011932,0,-1.3165141515737342,0.00434609817477532,-0.0021897820109489856
2016-11-01,181.11444091796875,182.81392716097056,179.90421738346265,182.7624168621641,122781800,-0.007271772145011932,183.51688537597656,1.0885446435977681,-2.20702427974607,1,0.0,-0.0,0.0,1.013728992636278,1.043753170371569,0.00448475589854151,low,-0.006036711118423604,0,-2.20702427974607,0.00448475589854151,-0.002972912503789537
2016-11-02,180.02439880371094,181.19171684432766,179.58664635288605,180.80546160019983,103330800,-0.006036711118423604,183.26410827636718,1.2771278292154729,-2.5367151185221344,1,1.0,-0.006536711118423605,1.0,1.0071025390590442,1.037452334003097,0.004446194341788403,low,-0.004587948666416842,0,-2.5367151185221344,0.004446194341788403,-0.003778299489736852
2016-11-03,179.20034790039062,180.45350295639042,178.92569185198732,180.23892259794115,88939300,-0.004587948666416842,182.96369400024415,1.4853326750004598,-2.533672195592382,1,1.0,-0.004587948666416842,0.0,1.0024820043080231,1.0326925559508364,0.004472978541951438,low,-0.0011019282983963311,0,-2.533672195592382,0.004472978541951438,-0.0041618026368057965
2016-11-04,179.00299072265625,180.1531386417637,178.85707760727243,179.31198705433658,109122100,-0.0011019282983963311,182.6851707458496,1.6774413983877523,-2.1951169362652108,1,1.0,-0.0011019282983963311,0.0,1.0013773410188431,1.031554602799891,0.004454321306804023,low,0.021817283655929928,1,-2.1951169362652108,0.004454321306804023,-0.0037902707996316084
2016-11-07,182.95126342773438,182.98560362970932,179.00299150234346,179.00299150234346,109794900,0.021817283655929928,182.555997467041,1.540326205806803,0.25661185221888105,0,1.0,0.021817283655929928,0.0,1.023224674514472,1.0540603221757563,0.00673995763425869,medium,0.004493764247849404,1,0.25661185221888105,0.00673995763425869,0.0005637846855362429
2016-11-08,183.77525329589844,184.34174874139194,182.29036047387703,182.5564380960772,106772100,0.004493764247849404,182.58518142700194,1.5584250592266806,0.7636375338362638,0,0.0,-0.0005,1.0,1.0227130621772147,1.0587970207666262,0.006203132325601879,low,0.010546162103863867,1,0.7636375338362638,0.006203132325601879,0.0029168919641085096
2016-11-09,185.7236328125,186.3416254149627,182.25600619902065,182.28175479937755,258429000,0.010546162103863867,182.69976654052735,1.7016305293492047,1.7770404443373147,0,0.0,0.0,0.0,1.0227130621772147,1.0699632657827192,0.006622920738885444,medium,0.002492539921691509,1,1.7770404443373147,0.006622920738885444,0.006233466608566004
2016-11-10,186.1871337890625,187.38020037818183,184.72798957960677,186.51330021241645,172113300,0.002492539921691509,182.86756744384766,1.8721886652181805,1.7730939231105662,0,0.0,0.0,0.0,1.0227130621772147,1.072630191937426,0.0065695186513508395,medium,-0.00230794664148828,0,1.7730939231105662,0.0065695186513508395,0.007649564326187674
2016-11-11,185.75791931152344,185.99824826028976,184.81377361192582,185.46609317329938,100552700,-0.00230794664148828,183.009188079834,1.980780899286995,1.3877007965287251,0,0.0,-0.0,0.0,1.0227130621772147,1.070154618688385,0.006608651505267055,medium,0.0007854753005415888,1,1.3877007965287251,0.006608651505267055,0.007408360657569285
2016-11-14,185.9038848876953,186.4875504259405,185.15714923575797,186.2815485129806,94580000,0.0007854753005415888,183.18986587524415,2.074354539265221,1.308367957876922,0,0.0,0.0,0.0,1.0227130621772147,1.0709951987091253,0.006532785997100415,medium,0.007771977239243851,1,1.308367957876922,0.006532785997100415,0.0032019989864916164
2016-11-15,187.35435485839844,187.35435485839844,186.08404311991143,186.29003183067329,91652600,0.007771977239243851,183.38598709106446,2.274238922999824,1.7449212249430313,0,0.0,0.0,0.0,1.0227130621772147,1.0793189490168322,0.006606132795220143,medium,-0.0018797706719574131,0,1.7449212249430313,0.006606132795220143,0.0038576415847705057
2016-11-16,187.00250244140625,187.23425291532033,186.61626038284734,186.73642486988672,65617700,-0.0018797706719574131,183.5400535583496,2.4125671039668926,1.4351720527746061,0,0.0,-0.0,0.0,1.0227130621772147,1.0772900769107825,0.0066260981651673455,medium,0.005127668562766405,1,1.4351720527746061,0.0066260981651673455,0.0013724550296062496
2016-11-17,187.96385192871094,188.02392763030738,187.04544153003013,187.15702752907129,69797200,0.005127668562766405,183.75935440063478,2.607638859210057,1.6123772328465171,0,0.0,0.0,0.0,1.0227130621772147,1.082814063371138,0.00666068082051297,medium,-0.0022401356764556696,0,1.6123772328465171,0.00666068082051297,0.0018994807578212286
2016-11-18,187.5432586669922,188.20416992760926,187.36300537884298,188.03250823700608,86265800,-0.0022401356764556696,183.9533348083496,2.7410335380005115,1.3096971667341593,0,0.0,-0.0,0.0,1.0227130621772147,1.0803884129568124,0.006703316552989491,medium,0.007523352991528093,1,1.3096971667341593,0.006703316552989491,0.0019130429508277512
2016-11-21,188.95953369140625,188.98528229692252,187.97246888808027,188.11838201832273,72402600,0.007523352991528093,184.1790756225586,2.9607380335836706,1.6146170362331567,0,0.0,0.0,0.0,1.0227130621772147,1.0885165563554435,0.006824696388745044,medium,0.001950992830370577,1,1.6146170362331567,0.006824696388745044,0.003260618489025052
2016-11-22,189.32855224609375,189.50879242128624,188.5989737546482,189.2684634563987,67429000,0.001950992830370577,184.45416641235352,3.174179480532342,1.5356364892519407,0,0.0,0.0,0.0,1.0227130621772147,1.0906402443526326,0.006740503858525514,medium,0.0005438631384463506,1,1.5356364892519407,0.006740503858525514,0.002096421607250397
2016-11-23,189.43154907226562,189.48304626584118,188.61614628111087,188.813556555466,56620200,0.0005438631384463506,184.75286102294922,3.3515890148594085,1.3959611481518912,0,0.0,0.0,0.0,1.0227130621772147,1.0912334033788422,0.0066950620032826405,medium,0.0037089841987980546,1,1.3959611481518912,0.0066950620032826405,0.0025811483693311496
2016-11-25,190.1354522705078,190.16977938047523,189.697699762476,189.7749586795679,37872300,0.0037089841987980546,185.11121368408203,3.52919761992275,1.4236206434185898,0,0.0,0.0,0.0,1.0227130621772147,1.095280770829175,0.006632462600202812,medium,-0.0047064539386420185,0,1.4236206434185898,0.006632462600202812,0.0022974114965374796
2016-11-28,189.24269104003906,190.1010124057284,189.13969666717864,189.82635637911903,76572500,-0.0047064539386420185,185.45196380615235,3.585020489654629,1.0573795170280607,0,0.0,-0.0,0.0,1.0227130621772147,1.090125882331387,0.006711155866762556,medium,0.0019485593114106623,1,1.0573795170280607,0.006711155866762556,0.00180414784410021
2016-11-29,189.61180114746094,190.0667104837631,188.97663853783794,189.27705629439058,69886700,0.0019485593114106623,185.81074066162108,3.626151006292243,1.0482355751991856,0,0.0,0.0,0.0,1.0227130621772147,1.0922500572700136,0.006697966361147123,medium,-0.0024018070935179227,0,1.0482355751991856,0.006697966361147123,0.0006891891080767238
2016-11-30,189.1569366455078,190.39292196424532,189.09684784117636,190.22983874900225,113291800,-0.0024018070935179227,186.21286544799804,3.522395721008657,0.8358150050973604,0,0.0,-0.0,0.0,1.0227130621772147,1.0896266833345671,0.006429001573524937,medium,-0.003682541437629616,0,0.8358150050973604,0.006429001573524937,-0.00018137087670097612
2016-12-01,188.46163940429688,189.45728229215683,188.10113288463475,189.45728229215683,79040500,-0.003682541437629616,186.63472747802734,3.235808482261888,0.5645921062029255,0,0.0,-0.0,0.0,1.0227130621772147,1.0856140879216407,0.006290857652427179,low,0.0005008857071905368,1,0.5645921062029255,0.006290857652427179,-0.0010266517919161693
2016-12-02,188.55606079101562,189.04531033243993,188.1955673327304,188.5474822909184,74840300,0.0005008857071905368,187.1025131225586,2.7432570725354797,0.5298619961685055,0,0.0,0.0,0.0,1.0227130621772147,1.0861578565018055,0.006097979761556807,low,0.005991140641032329,1,0.5298619961685055,0.006097979761556807,-0.001668271490237673
2016-12-05,189.68911743164062,190.0324409121934,189.19128921697322,189.3886995634435,67837800,0.005991140641032329,187.6368194580078,2.0308453191702025,1.0105634113342423,0,0.0,0.0,0.0,1.0227130621772147,1.09266518097847,0.006080981745832042,low,0.0031621196823166885,1,1.0105634113342423,0.006080981745832042,0.0004712474256971964
2016-12-06,190.28988647460938,190.32422667116327,189.39723781842213,189.87789579459584,59877400,0.0031621196823166885,188.00375061035157,1.7881758033207142,1.2784737719928627,0,0.0,0.0,0.0,1.0227130621772147,1.096120319053424,0.004150858571989028,low,0.012996180060004012,1,1.2784737719928627,0.004150858571989028,0.0007139594998784016
2016-12-07,192.77906799316406,192.8391437045344,190.01527094331936,190.13543546301042,110738100,0.012996180060004012,188.45394134521484,1.8009341725186923,2.4016017431110894,-1,0.0,0.0,0.0,1.0227130621772147,1.1103656960872714,0.0048068817398200245,low,0.002445643661410627,1,2.4016017431110894,0.0048068817398200245,0.003793556930582789
2016-12-08,193.25111389160156,193.72319341759456,192.4872081484307,192.75329886086237,99714400,0.002445643661410627,188.83031539916993,1.978157637901082,2.2348059667895344,-1,-1.0,-0.002945643661410627,1.0,1.0197005139281705,1.113081254913755,0.004408369051667257,low,0.006022222683652602,1,2.2348059667895344,0.004408369051667257,0.005019193950390837
2016-12-09,194.41842651367188,194.43559661331304,193.43994038530235,193.4742805845847,88005800,0.006022222683652602,189.24188003540038,2.2384429853599563,2.3125657039860084,-1,-1.0,-0.006022222683652602,0.0,1.01355965036266,1.119784478095845,0.004499405969502558,low,-0.0011483346230006517,0,2.3125657039860084,0.004499405969502558,0.0061234613456832504
2016-12-12,194.19529724121094,194.80471145046042,193.77471486598523,194.32404026579505,102016100,-0.0011483346230006517,189.66374893188475,2.3400495423041074,1.9365181067338588,0,-1.0,0.0011483346230006517,0.0,1.0147235560016479,1.1184985908093488,0.004445913072963033,low,0.006651472336892856,1,1.9365181067338588,0.004445913072963033,0.0046955662928766535
2016-12-13,195.4912872314453,195.98911524024462,194.83896764936995,194.85613774538257,110477500,0.006651472336892856,190.14311904907225,2.5054521197760855,2.1346120088102216,-1,0.0,-0.0005,1.0,1.0142161942236472,1.1259382532449709,0.004538748741669528,low,-0.008288023677464593,0,2.1346120088102216,0.004538748741669528,0.005393436823791888
2016-12-14,193.87774658203125,195.8947951016661,193.43999404990473,195.19097798450633,142501800,-0.008288023677464593,190.46928863525392,2.5475583902720786,1.337931236352667,0,-1.0,0.007788023677464593,1.0,1.0221149339583289,1.1166064503427133,0.004960663365828283,low,0.004108431814423963,1,1.337931236352667,0.004960663365828283,0.0011365960762981665
2016-12-15,194.67591857910156,195.5342401728347,193.88626428450084,194.11801478195426,124972600,0.004108431814423963,190.85295944213868,2.575635685403688,1.4842779041414367,0,0.0,-0.0005,1.0,1.0216038764913498,1.1211939518074925,0.004912995400363877,low,-0.001957585808757285,0,1.4842779041414367,0.004912995400363877,0.0014691537069008338
2016-12-16,194.29519653320312,195.193119883098,193.97574987414254,195.13267690752187,156420200,-0.001957585808757285,191.16952667236328,2.5908933862207197,1.2064062062388436,0,0.0,-0.0,0.0,1.0216038764913498,1.1189991184385697,0.004931823975314549,low,0.0021747544950149332,1,1.2064062062388436,0.004931823975314549,-0.00012680799158114363
2016-12-19,194.71820068359375,195.14126186601032,194.32968209826544,194.47645520053877,90341100,0.0021747544950149332,191.52827377319335,2.5588969681712377,1.2466023251729987,0,0.0,0.0,0.0,1.0216038764913498,1.121432666801312,0.004846298523817156,low,0.0038503319962665964,1,1.2466023251729987,0.004846298523817156,0.0005378098320219734
2016-12-20,195.46937561035156,195.6161619153892,195.0204271537842,195.25353044595224,89838800,0.0038503319962665964,191.85376586914063,2.628047866394852,1.3757777350420997,0,0.0,0.0,0.0,1.0216038764913498,1.1257505548799556,0.004688087803608549,low,-0.0027865656826628164,0,1.3757777350420997,0.004688087803608549,-2.24182361032786e-05
2016-12-21,194.92544555664062,195.5125380525151,194.92544555664062,195.33986456397218,67909000,-0.0027865656826628164,192.13361053466798,2.642948191312526,1.0563336168107706,0,0.0,-0.0,0.0,1.0216038764913498,1.1226135770164885,0.004792911634641493,low,-0.0017288228843849,0,1.0563336168107706,0.004792911634641493,0.0010778733628570767
2016-12-22,194.5887451171875,194.8995626941334,194.1915842011451,194.77868992388466,56219100,-0.0017288228843849,192.39147033691407,2.616898966501675,0.8396483045009546,0,0.0,-0.0,0.0,1.0216038764913498,1.120672776974221,0.004842378180550103,low,0.0014632614278166428,1,0.8396483045009546,0.004842378180550103,-8.957757690469594e-05
2016-12-23,194.87368774414062,194.8823168095182,194.44199734064162,194.6319289979672,36697800,0.0014632614278166428,192.6283821105957,2.616388489052456,0.8581698180296115,0,0.0,0.0,0.0,1.0216038764913498,1.1223126142219717,0.004810561042295085,low,0.002477657821367384,1,0.8581698180296115,0.004810561042295085,0.0005945918704100896
2016-12-27,195.35711669921875,195.75426436649033,195.1240002667776,195.14127156618028,42672500,0.002477657821367384,192.9341033935547,2.5564990880838008,0.9477857109193037,0,0.0,0.0,0.0,1.0216038764913498,1.125093320848618,0.004607844358757857,low,-0.008298780033441122,0,0.9477857109193037,0.004607844358757857,0.0006551725356805798
2016-12-28,193.7425994873047,195.63340509079023,193.63036896881238,195.61614696434052,64095000,-0.008298780033441122,193.14064331054686,2.438084484666695,0.24689717708454056,0,0.0,-0.0,0.0,1.0216038764913498,1.1157564188618017,0.005108405487435653,low,-0.00022251624214225866,0,0.24689717708454056,0.005108405487435653,-0.0017746498702609637
2016-12-29,193.69949340820312,194.16571325719877,193.25916075588654,193.81172395706275,48696100,-0.00022251624214225866,193.36777114868164,2.2519175066050567,0.1473065769720765,0,0.0,-0.0,0.0,1.0216038764913498,1.1155081449363304,0.00505322704170206,low,-0.0036620413491166826,0,0.1473065769720765,0.00505322704170206,-0.0012618399821568524
2016-12-30,192.991455078125,194.11385243836685,192.30074799688836,194.0275091129091,108998300,-0.0036620413491166826,193.59426193237306,1.9384888344476499,-0.3109674110760721,0,0.0,-0.0,0.0,1.0216038764913498,1.111423107984297,0.005052189379156472,low,0.0076210955953756035,1,-0.3109674110760721,0.005052189379156472,-0.001648483675103209
2017-01-03,194.46788024902344,194.9772717176174,193.29368192997538,194.29519356381343,91366500,0.0076210955953756035,193.88985290527344,1.5394684322072507,0.3754720341496275,0,0.0,0.0,0.0,1.0216038764913498,1.1198933697371547,0.005248315804826578,low,0.005931537977784453,1,0.3754720341496275,0.005248315804826578,-0.0004169168415914167
2017-01-04,195.6248016357422,195.77157477463183,194.7873212983205,194.79595036267494,78744400,0.005931537977784453,194.1866371154785,1.227568183353705,1.1715557145955273,0,0.0,0.0,0.0,1.0216038764913498,1.1265360597908196,0.005245673701862115,low,-0.0007948266305961497,0,1.1715557145955273,0.005245673701862115,0.0002738591896919969
2017-01-05,195.46937561035156,195.62479097927357,194.6750669862593,195.35714508328138,78379000,-0.0007948266305961497,194.44561157226562,0.8507255836424719,1.2034010235152313,0,0.0,-0.0,0.0,1.0216038764913498,1.125640658930171,0.005255907928647093,low,0.003571288627201725,1,1.2034010235152313,0.005255907928647093,0.0017746498702609914
2017-01-06,196.168701171875,196.63492087370182,195.03766158158038,195.5815955454964,71559900,0.003571288627201725,194.61509323120117,0.8388003955379302,1.8521783596411938,0,0.0,0.0,0.0,1.0216038764913498,1.1296606466137242,0.004528212182649929,low,-0.0033063802719230056,0,1.8521783596411938,0.004528212182649929,0.0025334108441297876
2017-01-09,195.5211639404297,196.04782659963823,195.48662134112396,195.90968255069856,46939700,-0.0033063802719230056,194.72859573364258,0.7970671271207473,0.9943556569069791,0,0.0,-0.0,0.0,1.0216038764913498,1.1259255589377928,0.004604985788255655,low,0.0,0,0.9943556569069791,0.004604985788255655,0.0026045430595685233
2017-01-10,195.5211639404297,196.3759022481929,195.13263215601918,195.53842206594092,63771900,0.0,194.78373260498046,0.8124738707820305,0.9076369862078523,0,0.0,0.0,0.0,1.0216038764913498,1.1259255589377928,0.004424003440113507,low,0.0028222909824639547,1,0.9076369862078523,0.004424003440113507,0.0010803239404934026
2017-01-11,196.07376098632812,196.07376098632812,194.77004770620948,195.43485452972027,74650000,0.0028222909824639547,194.87765579223634,0.8486412597926911,1.4094355892900776,0,0.0,0.0,0.0,1.0216038764913498,1.1291032484897086,0.00444544068617996,low,-0.002513293897921011,0,1.4094355892900776,0.00444544068617996,0.000458474541429303
2017-01-12,195.5815887451172,195.77153351403453,194.22608817508836,195.55568838336856,72113200,-0.002513293897921011,194.8821708679199,0.8523101149669716,0.8206143103492096,0,0.0,-0.0,0.0,1.0216038764913498,1.1262654801851566,0.00424372208736746,low,0.0022927229389057982,1,0.8206143103492096,0.00424372208736746,0.0001147810879643307
2017-01-13,196.030517578125,196.33269280612407,195.7197001148917,195.75422953341138,62717900,0.0022927229389057982,194.98980941772462,0.8547184510918047,1.2176034799190303,0,0.0,0.0,0.0,1.0216038764913498,1.1288476948868749,0.0037881627544068025,low,-0.003529206451596569,0,1.2176034799190303,0.0037881627544068025,-0.0001409320496948547
2017-01-17,195.33990478515625,195.7974955523788,194.9513860624016,195.3917055249708,61240800,-0.003529206451596569,195.02300872802735,0.854779885662551,0.3707341064574423,0,0.0,-0.0,0.0,1.0216038764913498,1.1248637583192103,0.00379575027507292,low,0.0022072521785244195,1,0.3707341064574423,0.00379575027507292,-0.0001854972856295674
2017-01-18,195.77154541015625,195.81471707374104,195.03766665164105,195.59022969275696,54793300,0.0022072521785244195,195.096826171875,0.8523632990865744,0.7915864502898131,0,0.0,0.0,0.0,1.0216038764913498,1.1273466163003034,0.0037871049487820455,low,-0.003711375040780786,0,0.7915864502898131,0.0037871049487820455,0.0002559531500753165
2017-01-19,195.0463104248047,195.98739209731042,194.61462013384144,195.84924804240805,66608800,-0.003711375040780786,195.11323165893555,0.8478378835595819,-0.07893163944254973,0,0.0,-0.0,0.0,1.0216038764913498,1.1231626102062577,0.0038680145501664483,low,0.0036674148923630597,1,-0.07893163944254973,0.0038680145501664483,-0.0010507800545736317
2017-01-20,195.762939453125,196.25505958847907,195.09813264304947,195.72839684852326,129168600,0.0036674148923630597,195.1279098510742,0.8568217027691408,0.741145561554354,0,0.0,0.0,0.0,1.0216038764913498,1.1272817134894735,0.0038588462532306296,low,-0.002605827855071468,0,0.741145561554354,0.0038588462532306296,0.0001853617034831825
2017-01-23,195.25347900390625,195.82331324958463,194.49371318380827,195.76288347002838,75061600,-0.002605827855071468,195.1443115234375,0.8558812233409376,0.12754980187860618,0,0.0,-0.0,0.0,1.0216038764913498,1.12434421139995,0.0038519976180218817,low,0.006391468586252971,1,0.12754980187860618,0.0038519976180218817,-0.0007943484553122708
2017-01-24,196.50543212890625,196.91985113299535,195.35713433657327,195.46936485746957,95555300,0.006391468586252971,195.24014587402343,0.8967318297930681,1.4109973716164443,0,0.0,0.0,0.0,1.0216038764913498,1.1315304221072482,0.004072497778243037,low,0.00861840318823922,1,1.4109973716164443,0.004072497778243037,0.0011897865522576372
2017-01-25,198.20631408691406,198.20631408691406,197.29111947648914,197.45516391773648,84437700,0.00861840318823922,195.40677719116212,1.1094563368912025,2.5233412101610946,-1,0.0,0.0,0.0,1.0216038764913498,1.141282407504727,0.004458476111510055,low,-0.0010460717289983597,0,2.5233412101610946,0.004458476111510055,0.0024720167542005974
2017-01-26,197.99908447265625,198.327173332776,197.7227963432621,198.05951426712176,59970700,-0.0010460717289983597,195.53887557983398,1.251432129019951,1.965914759395668,0,-1.0,0.0005460717289983597,1.0,1.0221617454865368,1.140088544243433,0.004460304258371522,low,-0.0015708920570716182,0,1.965914759395668,0.004460304258371522,0.0030050774165570828
2017-01-27,197.68829345703125,198.22358531192515,197.50697770100385,198.07681216378148,59711100,-0.0015708920570716182,195.7361602783203,1.264297796831955,1.544045385195278,0,0.0,-0.0005,1.0,1.0216506646137935,1.1382975882049227,0.003975510685063164,low,-0.006220904428704504,0,1.544045385195278,0.003975510685063164,0.001957416026670147
2017-01-30,196.46231079101562,197.02350306168475,195.47805717033017,196.99760269067824,79737300,-0.006220904428704504,195.87430114746093,1.1780482095202425,0.4991388627415889,0,0.0,-0.0,0.0,1.0216506646137935,1.131216347697275,0.004287273092392255,low,-8.815680172525517e-05,0,0.4991388627415889,0.004287273092392255,0.0012344007119435398
2017-01-31,196.4449920654297,196.50543503261844,195.4003088892889,195.97013008802804,75880800,-8.815680172525517e-05,196.04697799682617,0.9675442291904005,0.4113652447046857,0,0.0,-0.0,0.0,1.0216506646137935,1.1311166232820027,0.0041683678717511835,low,0.0003955185847247263,1,0.4113652447046857,0.0041683678717511835,-6.152436565210555e-05
2017-02-01,196.522705078125,197.36018538702106,195.93561254256352,196.44500397914956,79117700,0.0003955185847247263,196.14971923828125,0.8976092860658953,0.41553251022891974,0,0.0,0.0,0.0,1.0216506646137935,1.1315640009280017,0.0038553522995248115,low,0.0006586691566730757,1,0.41553251022891974,0.0038553522995248115,-0.0017061012863550042
2017-02-02,196.65219116210938,196.93710832392662,195.8319822761067,196.52267617538791,69657600,0.0006586691566730757,196.20108871459962,0.8953831658786292,0.5038093909964151,0,0.0,0.0,0.0,1.0216506646137935,1.1323093272342144,0.00364051705053881,low,0.006869460416737176,1,0.5038093909964151,0.00364051705053881,-0.001365153109220717
2017-02-03,198.0077362060547,198.1890519584961,197.24797011152236,197.55878770560432,80563200,0.006869460416737176,196.32800674438477,0.9635164933665513,1.7433323386099018,0,0.0,0.0,0.0,1.0216506646137935,1.140087681337152,0.003916362236483962,low,-0.0017893515362791793,0,1.7433323386099018,0.003916362236483962,0.00032291738554104195
2017-02-06,197.65374755859375,197.9991077609571,197.31702959512992,197.6019468217754,57790100,-0.0017893515362791793,196.4022590637207,1.0068413069252709,1.2429848539834942,0,0.0,-0.0,0.0,1.0216506646137935,1.1380476636930585,0.003888900031753015,low,4.369401560200076e-05,1,1.2429848539834942,0.003888900031753015,0.001209227964026107
2017-02-07,197.66238403320312,198.28401920518414,197.47243922097869,198.042273657652,57931200,4.369401560200076e-05,196.5093200683594,1.0219487080915175,1.12829925388044,0,0.0,0.0,0.0,1.0216506646137935,1.1380973895654316,0.0037928561328687102,low,0.0013093938270445252,1,1.12829925388044,0.0037928561328687102,0.0012355981274915582
2017-02-08,197.92137145996094,198.05087327897783,197.11842065962912,197.66235464778478,51566200,0.0013093938270445252,196.62933044433595,1.0405613583654911,1.2416769133677235,0,0.0,0.0,0.0,1.0216506646137935,1.139587607261904,0.003794261694228289,low,0.00591517823620136,1,1.2416769133677235,0.003794261694228289,0.001418373175955518
2017-02-09,199.0955810546875,199.39775637450677,197.92138285613618,197.92138285613618,65955200,0.00591517823620136,196.7804214477539,1.1673126062626618,1.9833244278462472,0,0.0,0.0,0.0,1.0216506646137935,1.1463284710746244,0.003949044038281403,low,0.003938378183562856,1,1.9833244278462472,0.003949044038281403,0.0024696749918611746
2017-02-10,199.88124084472656,200.10572823541386,199.11283262661516,199.44092147507035,66015900,0.003938378183562856,196.9954040527344,1.3207511094449071,2.1849966820811924,-1,0.0,0.0,0.0,1.0216506646137935,1.1508431461163018,0.003930647134446358,low,0.005427927082645348,1,2.1849966820811924,0.003930647134446358,0.001883458545226311
2017-02-13,200.96913146972656,201.2281483174449,200.34749630486021,200.37339667221764,55182100,0.005427927082645348,197.24233474731446,1.569164958723882,2.375019083680602,-1,-1.0,-0.005927927082645348,1.0,1.0155943939700267,1.1570898387969832,0.004042187705049025,low,0.003987041295806981,1,2.375019083680602,0.004042187705049025,0.0033269142690112163
2017-02-14,201.77200317382812,201.7806454095484,200.44240311274604,200.78775001392222,71109000,0.003987041295806981,197.56393966674804,1.8007798967641435,2.3368005799274165,-1,-1.0,-0.003987041295806981,0.0,1.011545177181478,1.1617032037672255,0.003922684990832815,low,0.005206966000951659,1,2.3368005799274165,0.003922684990832815,0.004115583725052213
2017-02-15,202.8253631591797,203.01530793966828,201.50439193296327,201.55619265961616,86785800,0.005206966000951659,197.91663055419923,2.0975604783832282,2.3402102850278927,-1,-1.0,-0.005206966000951659,0.0,1.0062780958354676,1.1677521528524382,0.004002854724019494,low,-0.000851753772667473,0,2.3402102850278927,0.004002854724019494,0.004895098159833639
2017-02-16,202.65267944335938,203.03256898514903,201.90154259654713,202.85125327687982,84722400,-0.000851753772667473,198.29694900512695,2.2348203531004973,1.9490293401836383,0,-1.0,0.000851753772667473,0.0,1.0071351969999482,1.1667575155507055,0.0038447106417856146,low,0.0015752158513806594,1,1.9490293401836383,0.0038447106417856146,0.0035417117580598726
2017-02-17,202.97215270996094,202.97215270996094,201.9706279997756,201.98789930143897,77204100,0.0015752158513806594,198.65740966796875,2.381195030418856,1.812007410931484,0,0.0,-0.0005,1.0,1.0066316294014483,1.1685954104839185,0.0038228588051257197,low,0.005937166528694976,1,1.812007410931484,0.0038228588051257197,0.0030690792916234335
2017-02-21,204.18081665039062,204.35349007958914,203.3346944512831,203.34333668593283,88946100,0.005937166528694976,199.10377655029296,2.5409086495306896,1.9981198855910858,0,0.0,0.0,0.0,1.0066316294014483,1.1755335560406301,0.0037807408083054533,low,-0.0008882074898183567,0,1.9981198855910858,0.0037807408083054533,0.003170927180833359
2017-02-22,203.99954223632812,204.2240164222622,203.61102364853645,203.77506805039403,62115200,-0.0008882074898183567,199.47848205566407,2.6859984142452626,1.6831954020101019,0,0.0,-0.0,0.0,1.0066316294014483,1.174489438331622,0.0037093046651510823,low,0.000677217512180749,1,1.6831954020101019,0.0037093046651510823,0.0021958774237082913
2017-02-23,204.1377410888672,204.53488884555063,203.37796183379365,204.51763071640397,74615900,0.000677217512180749,199.77505340576172,2.8599627733041557,1.5254351293758932,0,0.0,0.0,0.0,1.0066316294014483,1.1752848231471316,0.003357399688753788,low,0.0012681840931646159,1,1.5254351293758932,0.003357399688753788,0.001289927725954109
2017-02-24,204.39678955078125,204.43994805446658,203.248491426018,203.29166310384977,82381600,0.0012681840931646159,200.09493865966797,3.004980095025708,1.431573839119381,0,0.0,0.0,0.0,1.0066316294014483,1.1767753006647845,0.0033054407199295676,low,0.001561412403058815,1,1.431573839119381,0.0033054407199295676,0.0017139152991205268
2017-02-27,204.7161865234375,204.8888600186721,204.06002197188874,204.31039656385744,56515400,0.001561412403058815,200.4463333129883,3.117544822603429,1.3696204716901241,0,0.0,0.0,0.0,1.0066316294014483,1.1786127322148556,0.003220915263323223,low,-0.0027025337918785606,0,1.3696204716901241,0.003220915263323223,0.001711154609456158
2017-02-28,204.16368103027344,204.5781001705758,203.7751622628558,204.3363545742205,96961900,-0.0027025337918785606,200.83140182495117,3.0748839269098016,1.083708941387957,0,0.0,-0.0,0.0,1.0066316294014483,1.1754274914785066,0.002835915859519989,low,0.013900104774249716,1,1.083708941387957,0.002835915859519989,-1.6785454658549243e-05
2017-03-01,207.02139282226562,207.48762570939044,205.80402305205783,205.82129435228447,149158200,0.013900104774249716,201.36022186279297,3.1881829294025215,1.7756731921695543,0,0.0,0.0,0.0,1.0066316294014483,1.1917660567645914,0.003855554248458391,low,-0.006317085658658467,0,1.7756731921695543,0.003855554248458391,0.0029408769981550654
2017-03-02,205.71774291992188,206.84014057300965,205.66594218078856,206.83149833372394,70246000,-0.006317085658658467,201.81997375488282,3.116042382921574,1.2508716782550746,0,0.0,-0.0,0.0,1.0066316294014483,1.1842375684989277,0.004323360893812614,low,0.0006291635250742849,1,1.2508716782550746,0.004323360893812614,0.0015420163639872223
2017-03-03,205.8472137451172,206.0112581770802,205.25147898657502,205.63136858182762,81974300,0.0006291635250742849,202.27972488403321,2.9891905743755043,1.1934631708215144,0,0.0,0.0,0.0,1.0066316294014483,1.18498264758205,0.004323950543367157,low,-0.0029824118289606696,0,1.1934631708215144,0.004323950543367157,0.0014142122503691562
2017-03-06,205.2342071533203,205.58818318512778,204.62983019715523,205.0528914316423,55391500,-0.0029824118289606696,202.64104843139648,2.8804050300530113,0.9002757233332922,0,0.0,-0.0,0.0,1.0066316294014483,1.1814485413167881,0.004335334661543972,low,-0.0029912586522755414,0,0.9002757233332922,0.004335334661543972,0.0005054474039652592
2017-03-07,204.6212158203125,205.28602261532427,204.41399971982818,204.9320333839673,65103700,-0.0029912586522755414,202.98942184448242,2.658239839079313,0.613862583744608,0,0.0,-0.0,0.0,1.0066316294014483,1.1779145231453558,0.004395508152131103,low,-0.001858317402179773,0,0.613862583744608,0.004395508152131103,0.0004477024318858629
2017-03-08,204.24131774902344,205.17377040129966,204.1031736877656,204.91475357997692,78168800,-0.001858317402179773,203.31836853027343,2.353992519668452,0.39207822923753316,0,0.0,-0.0,0.0,1.0066316294014483,1.1757255840887144,0.004454147607282902,low,0.0012673921379230432,1,0.39207822923753316,0.004454147607282902,-0.002703982003400035
2017-03-09,204.50033569335938,204.82842454711275,203.5333536075299,204.3621916313429,90683900,0.0012673921379230432,203.64731674194337,1.9919530927271094,0.4282324491126282,0,0.0,0.0,0.0,1.0066316294014483,1.1772156894503436,0.0044543201423549224,low,0.0034979438844370716,1,0.4282324491126282,0.0044543201423549224,-0.0011870864440837326
2017-03-10,205.2169189453125,205.50183609925148,204.26719509884924,205.45866443820472,81991700,0.0034979438844370716,203.9533836364746,1.7054321844669138,0.7408886265582348,0,0.0,0.0,0.0,1.0066316294014483,1.1813335238719198,0.004363948117995232,low,0.0005048878783410622,1,0.7408886265582348,0.004363948117995232,-0.0006133303722111753
2017-03-13,205.320556640625,205.36372830929346,204.82843650540687,205.1565122041711,57256800,0.0005048878783410622,204.22534942626953,1.4339673906409318,0.7637601953179357,0,0.0,0.0,0.0,1.0066316294014483,1.1819299648484007,0.004330971381135891,low,-0.003833917708145166,0,0.7637601953179357,0.004330971381135891,8.412956924917089e-05
2017-03-14,204.53488159179688,204.8284410407562,203.92188867522026,204.77662713272062,59880800,-0.003833917708145166,204.40363693237305,1.2123511987985784,0.10825630358091747,0,0.0,-0.0,0.0,1.0066316294014483,1.177398542626381,0.004366159160905547,low,0.008616054289309347,1,0.10825630358091747,0.004366159160905547,-8.440224192475402e-05
2017-03-15,206.30477905273438,206.72784026341827,204.87156418304605,205.10468061947526,96081800,0.008616054289309347,204.63027572631836,1.1142062414117013,1.5028665826664342,0,0.0,0.0,0.0,1.0066316294014483,1.1875430723898037,0.004652848213950262,low,-0.00196881798368237,0,1.5028665826664342,0.004652848213950262,0.00201047209637307
2017-03-16,205.8990020751953,206.52063716195985,205.57092640517246,206.4429360696499,78344000,-0.00196881798368237,204.78395767211913,1.0629464952527143,1.049012728351,0,0.0,-0.0,0.0,1.0066316294014483,1.1852050162324852,0.004596692005538954,low,-0.0017576840692498552,0,1.049012728351,0.004596692005538954,0.0013632300720519872
2017-03-17,205.53741455078125,206.35252518012385,205.53741455078125,206.1617540442583,89002100,-0.0017576840692498552,204.92819442749024,0.9480316264779811,0.6426158223795919,0,0.0,-0.0,0.0,1.0066316294014483,1.1831218002566584,0.004617743027509121,low,-0.001097550143186952,0,0.6426158223795919,0.004617743027509121,0.0003121044813146019
2017-03-20,205.31195068359375,205.823558137421,204.9217418329027,205.53740145185947,52537000,-0.001097550143186952,205.04518432617186,0.8311042833660611,0.32097820064343086,0,0.0,-0.0,0.0,1.0066316294014483,1.181823264755379,0.0046299449436359,low,-0.012922591168447767,0,0.32097820064343086,0.0046299449436359,-8.383122991000892e-06
2017-03-21,202.6758575439453,206.04035217995005,202.54579233129812,205.918953570994,131809300,-0.012922591168447767,204.9699363708496,0.9700050215061725,-2.36501747521077,1,0.0,-0.0,0.0,1.0066316294014483,1.166551045871585,0.005345272750620636,low,0.002350470715476847,1,-2.36501747521077,0.005345272750620636,-0.001826117815051521
2017-03-22,203.15280151367188,203.43895823568278,202.08622699087275,202.71056652408615,97569200,0.002350470715476847,204.9275993347168,1.0311401689770785,-1.721199381462929,0,1.0,0.001850470715476847,1.0,1.0084943717529287,1.1692929899430151,0.005377703492095026,low,-0.0010677314533770997,0,-1.721199381462929,0.005377703492095026,-0.003079234529818021
2017-03-23,202.93600463867188,204.07195161988832,202.56314220179587,203.15278881772713,100410300,-0.0010677314533770997,204.86751251220704,1.1114740277637785,-1.7377894807144076,0,0.0,-0.0005,1.0,1.0079901245670522,1.1680444990394396,0.0053767413510646634,low,-0.0007267512696719581,0,-1.7377894807144076,0.0053767413510646634,-0.002899017223756967
2017-03-24,202.78857421875,203.811789098104,202.00815653895305,203.23948897426524,112504900,-0.0007267512696719581,204.78710174560547,1.2018232260623547,-1.6629130503688387,0,0.0,-0.0,0.0,1.0079901245670522,1.1671956212167294,0.005364702497281127,low,-0.0010267157001315735,0,-1.6629130503688387,0.005364702497281127,-0.0026928306638413875
2017-03-27,202.58047485351562,202.8406185139592,200.83753482201902,201.115011690091,87454500,-0.0010267157001315735,204.68031616210936,1.2993786434629246,-1.6160349557520288,0,0.0,-0.0,0.0,1.0079901245670522,1.1659972431473014,0.005346210764169409,low,0.00725044572339614,1,-1.6160349557520288,0.005346210764169409,-0.0026786637752303118
2017-03-28,204.0546112060547,204.4794997138661,202.1642463510937,202.27697835428734,93483900,0.00725044572339614,204.67486267089845,1.3018875435289292,-0.47642476335743417,0,0.0,0.0,0.0,1.0079901245670522,1.1744512428723703,0.0055904412922149595,low,0.0009343627175089689,1,-0.47642476335743417,0.0055904412922149595,0.0013559436031384694
2017-03-29,204.245361328125,204.47949192913052,203.54298275656367,203.76844675436723,61950400,0.0009343627175089689,204.53606109619142,1.1809064861873344,-0.24616662832039196,0,0.0,0.0,0.0,1.0079901245670522,1.1755486063272422,0.0045443393943535365,low,0.0031790765973514308,1,-0.24616662832039196,0.0045443393943535365,0.0010727220035448939
2017-03-30,204.8957061767578,205.0951571260625,204.01123635075146,204.18466102851025,56737900,0.0031790765973514308,204.4949592590332,1.1515538217728258,0.348005373389887,0,0.0,0.0,0.0,1.0079901245670522,1.1792857653906663,0.004418152850305048,low,-0.002330378942518245,0,0.348005373389887,0.004418152850305048,0.0019220836136905999
2017-03-31,204.4187774658203,205.08646309053063,204.36673815778684,204.55750925954803,73733100,-0.002330378942518245,204.42353744506835,1.1066934593081963,-0.00430108193736955,0,0.0,-0.0,0.0,1.0079901245670522,1.1765375826757885,0.004438428516812698,low,-0.001740811713254046,0,-0.00430108193736955,0.004438428516812698,0.0016013580791213427
2017-04-03,204.063232421875,204.6702253204953,202.83190018997306,204.47078763197425,85546500,-0.001740811713254046,204.3649887084961,1.0924312115502235,-0.27622451961335825,0,0.0,-0.0,0.0,1.0079901245670522,1.174489452270783,0.004408224730000753,low,0.0006373268786804643,1,-0.27622451961335825,0.004408224730000753,0.001458538876496848
2017-04-04,204.19332885742188,204.28004781254936,203.39556474977752,203.77710698201065,56466200,0.0006373268786804643,204.34359436035157,1.0913384707346472,-0.13768918347444115,0,0.0,0.0,0.0,1.0079901245670522,1.175237985967442,0.004365492214718633,low,-0.002976998858117115,0,-0.13768918347444115,0.004365492214718633,0.0001359151075537129
2017-04-05,203.5863494873047,205.8495767604278,203.37823191994707,204.8697080740373,108800600,-0.002976998858117115,204.31084594726562,1.1043188807620086,-0.6560572970200514,0,0.0,-0.0,0.0,1.0079901245670522,1.171739303825201,0.004396202638524355,low,0.0028074285391079226,1,-0.6560572970200514,0.004396202638524355,-0.0006463572075715038
2017-04-06,204.15870666503906,204.67898084784588,203.28288995874092,203.72513823030408,69135800,0.0028074285391079226,204.29376449584962,1.103875662702099,-0.1223487711287647,0,0.0,0.0,0.0,1.0079901245670522,1.1750288781871545,0.004435839679476539,low,-0.0010201210433142354,0,-0.1223487711287647,0.004435839679476539,-0.0007206868192202053
2017-04-07,203.95054626464844,204.64425826097678,203.4649518366553,203.90718678397994,74412300,-0.0010201210433142354,204.2304458618164,1.084282147291434,-0.2581427701887055,0,0.0,-0.0,0.0,1.0079901245670522,1.1738302065020139,0.004358209379378339,low,0.0005951347592648669,1,-0.2581427701887055,0.004358209379378339,-0.00045863523937940355
2017-04-10,204.07196044921875,204.86972467488317,203.54300650018013,204.08930688910144,67615300,0.0005951347592648669,204.1680160522461,1.053728073811611,-0.09115786645019311,0,0.0,0.0,0.0,1.0079901245670522,1.1745287936593782,0.004359143567821241,low,-0.0011903244721282586,0,-0.09115786645019311,0.004359143567821241,8.554055124379047e-06
2017-04-11,203.82919311523438,203.9332453068796,202.33771662151176,203.69044803873487,88045300,-0.0011903244721282586,204.13273162841796,1.0526114158924187,-0.288367111168216,0,0.0,-0.0,0.0,1.0079901245670522,1.1731307232930661,0.004285972034784182,low,-0.004391673216174381,0,-0.288367111168216,0.004285972034784182,-0.0003569762150373655
2017-04-12,202.93600463867188,203.7424486651146,202.7105538557787,203.55167752902952,81864400,-0.004391673216174381,203.96429290771485,0.9514188431340505,-1.0807945170138842,0,0.0,-0.0,0.0,1.0079901245670522,1.1679787165165088,0.003846503692118485,low,-0.006516109143665136,0,-1.0807945170138842,0.003846503692118485,-0.0006399110866488187
2017-04-13,201.61795043945312,203.33489064134773,201.61795043945312,202.59781914979595,92880400,-0.006516109143665136,203.75024032592773,0.9745339438495073,-2.1880098686474168,1,0.0,-0.0,0.0,1.0079901245670522,1.1603680397222091,0.0040469556272673644,low,0.00882073645728668,1,-2.1880098686474168,0.0040469556272673644,-0.002504618623203431
2017-04-17,203.40423583984375,203.40423583984375,201.93877288879145,202.13821059926502,68405400,0.00882073645728668,203.64358139038086,0.8808732679728133,-0.2717139448310473,0,1.0,0.00832073645728668,1.0,1.016377344745122,1.1706033403940572,0.004602782124217371,low,-0.0029886404407889543,0,-0.2717139448310473,0.004602782124217371,-0.0005364471230832477
2017-04-18,202.7972412109375,203.3348749236641,202.11220908904167,202.66717600787345,83225800,-0.0029886404407889543,203.51784591674806,0.8065346269384787,-0.8934578649721445,0,0.0,-0.0005,1.0,1.0158691560727495,1.167104827910833,0.0046345503086860345,low,-0.001840145302809747,0,-0.8934578649721445,0.0046345503086860345,-0.0012532021630940117
2017-04-19,202.42440795898438,203.73377970706045,202.19894393259753,203.3609172502775,68699900,-0.001840145302809747,203.5052734375,0.8221590570731138,-1.3146671185056338,0,0.0,-0.0,0.0,1.0158691560727495,1.1649571854438663,0.0036419462215342155,low,0.008106156118279969,1,-1.3146671185056338,0.0036419462215342155,-0.0013831663292303096
2017-04-20,204.07196044921875,204.51420866175764,202.71922923042013,203.0400655952371,92572200,0.008106156118279969,203.55123138427734,0.8270944654932952,0.6295883803681763,0,0.0,0.0,0.0,1.0158691560727495,1.1744005102601864,0.004047447888910936,low,-0.003191929586239472,0,0.6295883803681763,0.004047447888910936,0.0011163995376605603
2017-04-21,203.42161560058594,204.04595514547796,203.02274008835104,203.99392905531317,110389800,-0.003191929586239472,203.57551193237305,0.8151243122726112,-0.1888010570535407,0,0.0,-0.0,0.0,1.0158691560727495,1.1706519065253922,0.004110554621228054,low,0.010937801082303264,1,-0.1888010570535407,0.004110554621228054,0.0017812354491456932
2017-04-24,205.6588134765625,205.8669310518589,203.39558611710683,205.66748008040375,119209900,0.010937801082303264,203.71902389526366,0.9157420325599751,2.1182707709463973,-1,0.0,0.0,0.0,1.0158691560727495,1.1834562642155861,0.004760323160012203,low,0.005801854123995367,1,2.1182707709463973,0.004760323160012203,0.00220464837414901
2017-04-25,206.85548400878906,207.2023334323872,206.2137980205294,206.3005169921576,76698300,0.005801854123995367,203.93277435302736,1.1135620629580747,2.6246490905031368,-1,-1.0,-0.006301854123995367,1.0,1.0094672968421128,1.1903225048226935,0.004873297042963066,low,-0.0006290483201043949,0,2.6246490905031368,0.004873297042963066,0.003962747287105875
2017-04-26,206.72540283203125,207.70527162641977,206.6820565782447,206.82078840698463,84702500,-0.0006290483201043949,204.06631393432616,1.2770785348773888,2.082165524738372,-1,-1.0,0.0006290483201043949,0.0,1.0101023005493917,1.1895737344506525,0.004658940312835679,low,0.0008382990237515682,1,2.082165524738372,0.004658940312835679,0.004204966683646945
2017-04-27,206.89877319335938,207.2022630280219,206.3611395685679,207.0461848098731,57410300,0.0008382990237515682,204.1989845275879,1.4258220133104786,1.8934962713214811,0,-1.0,-0.0008382990237515682,0.0,1.009255532776952,1.1905709529509232,0.004658681428516646,low,-0.0021814695737739503,0,1.8934962713214811,0.004658681428516646,0.0027513952647412647
2017-04-28,206.4479217529297,207.18498006128496,206.3178432998386,207.15896701695812,63532800,-0.0021814695737739503,204.27659530639647,1.5057473889372208,1.4420257092829956,0,0.0,-0.0005,1.0,1.0087509050105634,1.1879737586416417,0.004659442281636252,low,0.0025166809838929926,1,1.4420257092829956,0.004659442281636252,0.002953487267234369
2017-05-01,206.9681396484375,207.39304130944703,206.551917820817,206.9681396484375,66882500,0.0025166809838929926,204.40406341552733,1.6218485487787548,1.5809591067186306,0,0.0,0.0,0.0,1.0087509050105634,1.190963509609379,0.004637194278838312,low,0.0003775497274221158,1,1.5809591067186306,0.004637194278838312,0.0012692632475523147
2017-05-02,207.04629516601562,207.22838651757766,206.63873973723972,207.10698787271633,57375700,0.0003775497274221158,204.55321655273437,1.7228762865843383,1.4470444759698156,0,0.0,0.0,0.0,1.0087509050105634,1.1914131575578015,0.004604517588708175,low,-0.0012155676731111906,0,1.4470444759698156,0.004604517588708175,0.00018440236823766455
2017-05-03,206.79476928710938,207.1416319274124,206.11840367783955,207.04624635526116,73137700,-0.0012155676731111906,204.68328857421875,1.7911245537063107,1.1788575554510783,0,0.0,-0.0,0.0,1.0087509050105634,1.189964914238155,0.004624982703968827,low,0.0011734118291404701,1,1.1788575554510783,0.004624982703968827,6.709849763630541e-05
2017-05-04,207.03756713867188,207.17631219520794,206.18777682243794,207.09827306270273,61462700,0.0011734118291404701,204.8558494567871,1.8453101751208976,1.1823040436775565,0,0.0,0.0,0.0,1.0087509050105634,1.191361233144784,0.004546934499534633,low,0.003929208196590205,1,1.1823040436775565,0.004546934499534633,0.0001341210587140858
2017-05-05,207.8526611328125,207.87000757135223,206.96817800766829,207.41042618596828,62001300,0.003929208196590205,205.0405471801758,1.9535504839658995,1.4394887543053607,0,0.0,0.0,0.0,1.0087509050105634,1.1960423394671564,0.004579278510201581,low,-0.00016673156216794364,0,1.4394887543053607,0.004579278510201581,0.0013562566127869168
2017-05-08,207.81800842285156,208.04345922726574,207.39310662801898,207.89604755921138,48385700,-0.00016673156216794364,205.23392028808593,2.029897017819814,1.2730144002778252,0,0.0,-0.0,0.0,1.0087509050105634,1.1958429214594781,0.004564430553895364,low,-0.0009185129698517324,0,1.2730144002778252,0.004564430553895364,0.0008195741035747295
2017-05-09,207.62721252441406,208.2775650461545,207.28034990727892,208.07812731096178,51363200,-0.0009185129698517324,205.41168289184571,2.077889394142896,1.0662404066421576,0,0.0,-0.0,0.0,1.0087509050105634,1.1947445242262122,0.0045829480286983465,low,0.0017942956331441127,1,1.0662404066421576,0.0045829480286983465,0.0005603615641199599
2017-05-10,208.00009155273438,208.00009155273438,207.3757520235191,207.58386961040986,54293800,0.0017942956331441127,205.6202278137207,2.1195906775331586,1.1227940206754574,0,0.0,0.0,0.0,1.0087509050105634,1.196888249108754,0.004561089242731456,low,-0.0020447852762882444,0,1.1227940206754574,0.004561089242731456,0.0011623342253710208
2017-05-11,207.57521057128906,207.73996867965013,206.49128957571077,207.54919752591178,62358300,-0.0020447852762882444,205.85218811035156,2.0634847902220943,0.8350061357864673,0,0.0,-0.0,0.0,1.0087509050105634,1.194440869639614,0.004443399780252771,low,-0.0016725672186485786,0,0.8350061357864673,0.004443399780252771,0.0005186948042852776
2017-05-12,207.2283172607422,207.61852611513942,206.9595070106342,207.323702823502,53912700,-0.0016725672186485786,206.13270645141603,1.8251542415210895,0.6002839565017118,0,0.0,-0.0,0.0,1.0087509050105634,1.1924430869964406,0.004125333509346181,low,0.005508361168527356,1,0.6002839565017118,0.004125333509346181,-0.0006016602787624791
2017-05-15,208.37295532226562,208.4943539331432,207.63588382171568,207.65323026082854,61918900,0.005508361168527356,206.38114242553712,1.7715934926661385,1.1243058325592228,0,0.0,0.0,0.0,1.0087509050105634,1.1990114941925307,0.003869098607809042,low,-0.0009162122206145727,0,1.1243058325592228,0.003869098607809042,0.0005333582673765808
2017-05-16,208.18212890625,208.69373625685057,207.79192013429116,208.6677232208168,51241800,-0.0009162122206145727,206.65038681030273,1.5990405046551195,0.9579132557856196,0,0.0,-0.0,0.0,1.0087509050105634,1.1979129452088941,0.00377749316807468,low,-0.017903169207461905,0,0.9579132557856196,0.00377749316807468,0.0005338184172240127
2017-05-17,204.48817443847656,208.18217186348366,204.42746852090303,208.18217186348366,172174100,-0.017903169207461905,206.75357513427736,1.3608238344554695,-1.6647273794313628,0,0.0,-0.0,0.0,1.0087509050105634,1.1764665070550102,0.005700654328892022,low,0.004020386057539954,1,-1.6647273794313628,0.005700654328892022,-0.0034056745508971907
2017-05-18,205.31195068359375,206.16174090554728,204.14997750334095,204.4101211476201,107047700,0.004020386057539954,206.8155746459961,1.2564639942615636,-1.1967107448121015,0,0.0,0.0,0.0,1.0087509050105634,1.1811963565971368,0.005483061230062277,low,0.006482982546051419,1,-1.1967107448121015,0.005483061230062277,-0.002192640284131551
2017-05-19,206.64730834960938,207.31500719544832,205.7454921627825,205.79751823855761,115011400,0.006482982546051419,206.97685928344725,0.9729075919677327,-0.33872788799124626,0,0.0,0.0,0.0,1.0087509050105634,1.1888540319604157,0.005584352103225425,low,0.005064597135052159,1,-0.33872788799124626,0.005584352103225425,-0.0005615303311915515
2017-05-22,207.69654846191406,207.861306522099,207.08955552816983,207.15891480792322,61010600,0.005064597135052159,207.07874603271483,0.9335141314491265,0.6618029747875309,0,0.0,0.0,0.0,1.0087509050105634,1.1948750986846777,0.005160808177123381,low,0.0022105935526691538,1,0.6618029747875309,0.005160808177123381,-0.0006502831378865908
2017-05-23,208.15618896484375,208.3209470718812,207.68792768889972,208.0694699933112,48341700,0.0022105935526691538,207.14378128051757,0.9620145996873434,1.0523828688828756,0,0.0,0.0,0.0,1.0087509050105634,1.197516481874075,0.00502711626296252,low,0.0023301992552194287,1,1.0523828688828756,0.00502711626296252,-2.492198322984534e-05
2017-05-24,208.6417999267578,208.7458521156482,208.05213998297606,208.3903360597866,46927700,0.0023301992552194287,207.2396011352539,1.0122762301735049,1.3851938331729556,0,0.0,0.0,0.0,1.0087509050105634,1.2003069338882508,0.005041446034596339,low,0.004768134291766068,1,1.3851938331729556,0.005041446034596339,0.004021751709306421
2017-05-25,209.63900756835938,209.9164977213546,208.94530864878885,209.15341303207651,64071700,0.004768134291766068,207.3766128540039,1.1409807296003034,1.9828509418805162,0,0.0,0.0,0.0,1.0087509050105634,1.2060301585403679,0.005132667760607804,low,-0.00020702486992936107,0,1.9828509418805162,0.005132667760607804,0.004171301356151644
2017-05-26,209.59561157226562,209.76035642612135,209.37014756859512,209.44818669380922,46629900,-0.00020702486992936107,207.53399734497071,1.2204613897073073,1.6892088882789889,0,0.0,-0.0,0.0,1.0087509050105634,1.2057804803036651,0.005094024176099788,low,-0.0008689672520969935,0,1.6892088882789889,0.005094024176099788,0.002833299872955488
2017-05-30,209.41355895996094,209.665022836249,209.11873559287594,209.27481388199428,35201900,-0.0008689672520969935,207.65626831054686,1.2817452580249398,1.3710139658498983,0,0.0,-0.0,0.0,1.0087509050105634,1.2047326965530636,0.005088707617869716,low,-0.00024878993775215974,0,1.3710139658498983,0.005088707617869716,0.001646586995525658
2017-05-31,209.36146545410156,209.7430076799328,208.6677535190861,209.70831480588197,91796000,-0.00024878993775215974,207.77202682495118,1.3274862792652844,1.1973296100883815,0,0.0,-0.0,0.0,1.0087509050105634,1.2044329711804802,0.0050919927164705696,low,0.007921047682623404,1,1.1973296100883815,0.0050919927164705696,0.0011547102974413948
2017-06-01,211.0264129638672,211.04375940473994,209.53493660379107,209.82109333663263,68962000,0.007921047682623404,207.98360900878907,1.490722767947442,2.0411601811567643,-1,0.0,0.0,0.0,1.0087509050105634,1.2139733421757246,0.005329022522405645,low,0.0033227148631085686,1,2.0411601811567643,0.005329022522405645,0.00227287998292219
2017-06-02,211.728759765625,211.88485124705335,210.78358396801957,211.0784072611607,88666100,0.0033227148631085686,208.21816864013672,1.6898088899248862,2.0775077858918856,-1,-1.0,-0.0038227148631085686,1.0,1.0048947379328053,1.2180070294431895,0.005354044103552984,low,-0.0007375958380769715,0,2.0775077858918856,0.005354044103552984,0.00198379609719069
2017-06-05,211.57264709472656,211.84145730247263,211.373196165825,211.55530065928872,44698800,-0.0007375958380769715,208.40416793823243,1.8450594455045906,1.7172775458340894,0,-1.0,0.0007375958380769715,0.0,1.0056359441092098,1.2171086325275238,0.005326807692285516,low,-0.003201730395229637,0,1.7172775458340894,0.005326807692285516,0.0018776819035611681
2017-06-06,210.89633178710938,211.5640175484556,210.81827942481334,211.00905056561416,50375400,-0.003201730395229637,208.5580841064453,1.920445901167342,1.2175545685732494,0,0.0,-0.0005,1.0,1.0051331261371552,1.213211778824464,0.005401116901357986,low,0.0018482613419246866,1,1.2175545685732494,0.005401116901357986,0.0014111292749346392
2017-06-07,211.28648376464844,211.51193449239145,210.56675887847075,211.23445769143487,54144300,0.0018482613419246866,208.74104766845704,1.9997666471638076,1.2728665616068202,0,0.0,0.0,0.0,1.0051331261371552,1.215454111254833,0.0053919560493161205,low,0.0004926975238011929,1,1.2728665616068202,0.0053919560493161205,0.0018305395308700085
2017-06-08,211.39060974121094,211.86753763132825,210.8616557597095,211.38194313646613,65950700,0.0004926975238011929,208.91057357788085,2.0759100572709595,1.1946741886256855,0,0.0,0.0,0.0,1.0051331261371552,1.2160529624857421,0.005388111396255439,low,-0.0015190876145784594,0,1.1946741886256855,0.005388111396255439,0.0003448694991055663
2017-06-09,211.06973266601562,212.4571433508012,209.80370735008688,211.6593792299721,132256400,-0.0015190876145784594,209.08529968261718,2.104466904951281,0.9429623144605304,0,0.0,-0.0,0.0,1.0051331261371552,1.2142056714917586,0.005374725446364361,low,-0.00020525988094908173,0,0.9429623144605304,0.005374725446364361,-0.0006234909964318393
2017-06-12,211.0264129638672,211.07843905502793,210.17662260150766,210.82697520393188,86108100,-0.00020525988094908173,209.27520446777345,2.099437250834712,0.8341323349376021,0,0.0,-0.0,0.0,1.0051331261371552,1.2139564437801804,0.005348650371064975,low,0.004877949376443158,1,0.8341323349376021,0.005348650371064975,-0.0005170238050062613
2017-06-13,212.0583038330078,212.11032992317647,211.21718009139528,211.5640295134911,60067000,0.004877949376443158,209.45947189331054,2.176399700949542,1.1940968097741569,0,0.0,0.0,0.0,1.0051331261371552,1.2198780618581473,0.0053219040620121815,low,-0.001268374442696164,0,1.1940968097741569,0.0053219040620121815,0.0010989121493282978
2017-06-14,211.7895050048828,212.33579221266734,210.96571442778435,212.32712560765611,78602300,-0.001268374442696164,209.63984069824218,2.214122002369432,0.9708879205121388,0,0.0,-0.0,0.0,1.0051331261371552,1.2183307997012807,0.005328726139939676,low,-0.0019265169143390412,0,0.9708879205121388,0.005328726139939676,0.00047558499240412744
2017-06-15,211.3818817138672,211.50328030230716,210.15921599578732,210.43669281302704,66464900,-0.0019265169143390412,209.98452606201172,1.8815345114017976,0.7426680953167277,0,0.0,-0.0,0.0,1.0051331261371552,1.215983664808396,0.003099144701055382,low,0.00021869932740770808,1,0.7426680953167277,0.003099144701055382,-8.257895223919357e-06
2017-06-16,211.42811584472656,211.5936774103937,210.54804151184246,211.5413976098634,84553100,0.00021869932740770808,210.29033432006835,1.5499386611661141,0.7340816466905766,0,0.0,0.0,0.0,1.0051331261371552,1.2162495996180285,0.0030629870074600084,low,0.008290504411223108,1,0.7340816466905766,0.0030629870074600084,0.00033929949317331414
2017-06-19,213.18824768066406,213.24923634067045,212.16002966360008,212.25588038302146,65123800,0.008290504411223108,210.61738128662108,1.4259061102851631,1.8029703186620327,0,0.0,0.0,0.0,1.0051331261371552,1.2263329222888102,0.0032402895196212977,low,-0.006766711680415619,0,1.8029703186620327,0.0032402895196212977,0.002038452351607752
2017-06-20,211.7505340576172,212.83974097731274,211.73311632000974,212.83103210850902,56906400,-0.006766711680415619,210.82008056640626,1.2682766451420633,0.7336360681046077,0,0.0,-0.0,0.0,1.0051331261371552,1.2180346809794802,0.0036237381270718605,low,-0.00024712501094645804,0,0.7336360681046077,0.0036237381270718605,-0.0002904798597640031
2017-06-21,211.69821166992188,212.25588496879118,211.22768022549286,212.14261651319507,55977600,-0.00024712501094645804,210.99718170166017,1.1147217460581647,0.6288833699895621,0,0.0,-0.0,0.0,1.0051331261371552,1.21773367414561,0.0036210013349767243,low,-0.00045289669733476046,0,0.6288833699895621,0.0036210013349767243,-8.622997341406192e-05
2017-06-22,211.60235595703125,212.2036001689382,211.42808554824168,211.70692883908893,44148100,-0.00045289669733476046,211.14520950317382,0.973048785085365,0.46980835993472625,0,0.0,-0.0,0.0,1.0051331261371552,1.217182166586356,0.003614337625358307,low,0.0011938004947596303,1,0.46980835993472625,0.003614337625358307,0.00020849406998679423
2017-06-23,211.85511779785156,212.18622767710423,211.28001332380447,211.66341630650254,66986800,0.0011938004947596303,211.25601501464843,0.9170726630200735,0.6532773327144992,0,0.0,0.0,0.0,1.0051331261371552,1.2186352392590394,0.0034890261460618324,low,0.0006575848011374967,1,0.6532773327144992,0.0034890261460618324,0.0004035143034571786
2017-06-26,211.99447631835938,212.94427468243464,211.7853571377032,212.5260097291613,56700500,0.0006575848011374967,211.37595825195314,0.8423051396712179,0.7343159115088251,0,0.0,0.0,0.0,1.0051331261371552,1.2194365952705066,0.00348482241502436,low,-0.008088684177948637,0,0.7343159115088251,0.00348482241502436,-0.0011230696185599437
2017-06-27,210.28663635253906,212.07293827520004,210.26920531977657,211.77666390216672,82247700,-0.008088684177948637,211.41961212158202,0.7531540357818163,-1.5043081696652727,0,0.0,-0.0,0.0,1.0051331261371552,1.2095729577763306,0.003980329497731392,low,0.008910543005732047,1,-1.5043081696652727,0.003980329497731392,-0.0013874641180665474
2017-06-28,212.1687774658203,212.36918779574532,211.07084849322783,211.30612088678072,70042600,0.008910543005732047,211.55997772216796,0.5942181950066933,1.0245390477238712,0,0.0,0.0,0.0,1.0051331261371552,1.2203509096351672,0.004426879129687826,low,-0.008827898464536606,0,1.0245390477238712,0.004426879129687826,0.0004440694852691536
2017-06-29,210.30401611328125,212.36914757675268,209.09281890323146,212.31686778719327,106949700,-0.008827898464536606,211.52385787963868,0.6478899091615281,-1.8827917353059276,0,0.0,-0.0,0.0,1.0051331261371552,1.209577775713803,0.00456427574174741,low,0.001862804430388866,1,-1.8827917353059276,0.00456427574174741,-0.0012309308681712156
2017-06-30,210.69613647460938,211.48908210473473,210.50443504104103,211.11438810422226,86820700,0.001862804430388866,211.47222671508788,0.6714198526406199,-1.1558940913442357,0,0.0,0.0,0.0,1.0051331261371552,1.2118309825533025,0.004516881001019554,low,0.0016942975992206154,1,-1.1558940913442357,0.004516881001019554,-0.0010971300810453683
2017-07-03,211.0534210205078,212.07291695089415,211.0534210205078,211.63723424751635,39153800,0.0016942975992206154,211.44626541137694,0.6773447354905184,-0.5799770342713889,0,0.0,0.0,0.0,1.0051331261371552,1.2138841848777038,0.004535601385150079,low,0.0023094286545138065,1,-0.5799770342713889,0.004535601385150079,-0.0008897875214287449
2017-07-05,211.54139709472656,211.75051629633847,210.6090296676008,211.41940646179233,54427600,0.0023094286545138065,211.4785186767578,0.6650262957507708,0.09455027323058826,0,0.0,0.0,0.0,1.0051331261371552,1.2166875637975214,0.0045060183651095065,low,-0.009186605458103809,0,0.09455027323058826,0.0045060183651095065,0.001189835045063744
2017-07-06,209.60694885253906,210.896565916886,209.42395626898553,210.77457529317726,65400800,-0.009186605458103809,211.39454193115233,0.7856540630907071,-2.2752928580054768,1,0.0,-0.0,0.0,1.0051331261371552,1.205510335183132,0.004941974516352976,low,0.006464268667685563,1,-2.2752928580054768,0.004941974516352976,-0.002429594647703427
2017-07-07,210.96629333496094,211.11442386854364,209.6156742045538,210.18206973458612,57972300,0.006464268667685563,211.37332611083986,0.7914734097192404,-0.5142722053332208,0,1.0,0.005964268667685563,1.0,1.0111280101482278,1.2133030778714273,0.0051736477385616675,low,0.00107320673251264,1,-0.5142722053332208,0.0051736477385616675,0.0006288387787410065
2017-07-10,211.1928253173828,211.56751934898887,210.66129189764914,210.96627510253822,36663300,0.00107320673251264,211.3794807434082,0.789464407857989,-0.23643298439740731,0,0.0,-0.0005,1.0,1.0106224461431539,1.214605202903177,0.005168706434682188,low,-0.0007429388896687335,0,-0.23643298439740731,0.005168706434682188,0.00047091923916576134
2017-07-11,211.03598022460938,211.34967228836572,209.86835382461976,211.1928196084974,50354600,-0.0007429388896687335,211.3799591064453,0.789242079701448,-0.43583444254018583,0,0.0,-0.0,0.0,1.0106224461431539,1.2137028254623463,0.005171387460523694,low,0.007486697687829822,1,-0.43583444254018583,0.005171387460523694,-1.6528058612108468e-05
2017-07-12,212.6218719482422,212.78743350586683,212.00320994404407,212.00320994404407,59610400,0.007486697687829822,211.40813751220702,0.8240296888684862,1.472925614733376,0,0.0,0.0,0.0,1.0106224461431539,1.2227894515994477,0.00533126756860204,low,0.0016788934234719538,1,1.472925614733376,0.00533126756860204,0.0010189257480510948
2017-07-13,212.97914123535156,213.092422998322,212.40403684855306,212.63060037449395,39471600,0.0016788934234719538,211.46761932373047,0.8930528200981216,1.6925336078721682,0,0.0,0.0,0.0,1.0106224461431539,1.224842384768029,0.005331234794304328,low,0.004653072829021063,1,1.6925336078721682,0.005331234794304328,0.0031920255243662473
2017-07-14,213.9724578857422,214.32972084467653,212.88325127629287,212.97910198976356,60262700,0.004653072829021063,211.5971481323242,1.0534313478767718,2.254831089093277,-1,0.0,0.0,0.0,1.0106224461431539,1.2305416655884265,0.005390580642977218,low,-0.00012209347825612414,0,2.254831089093277,0.005390580642977218,0.0028297863566333474
2017-07-17,213.9463348388672,214.27745792892873,213.77206442682748,213.89405504485327,33531900,-0.00012209347825612414,211.72305908203126,1.1755775604474634,1.8912199684975954,0,-1.0,-0.00037790652174387587,1.0,1.0102405253297357,1.2303914244763356,0.005392417785355049,low,0.0005295581365133471,1,1.8912199684975954,0.005392417785355049,0.0025907263144795945
2017-07-18,214.05966186523438,214.11194167030587,213.19700519360578,213.5368372225535,42742500,0.0005295581365133471,211.76662979125976,1.2467354468619634,1.8392290680000984,0,0.0,-0.0005,1.0,1.0097354050670708,1.2310429882662635,0.005079425225836364,low,0.005399332028024259,1,1.8392290680000984,0.005079425225836364,0.0028452257197160106
2017-07-19,215.21856689453125,215.22727576286687,214.36461914228397,214.37334130660176,51034300,0.005399332028024259,211.94003143310547,1.466231910987879,2.236027900400047,-1,0.0,0.0,0.0,1.0097354050670708,1.2376897981006842,0.004926895278175661,low,0.000445075990124883,1,2.236027900400047,0.004926895278175661,0.0024277525877548977
2017-07-20,215.3143768310547,215.59320682076344,214.7654124223429,215.4712162072697,47135200,0.000445075990124883,212.1208396911621,1.646699759524594,1.9393560492257345,0,-1.0,-0.000945075990124883,1.0,1.008781128379363,1.2382406641130415,0.0049214899954908705,low,-0.0008905629529579165,0,1.9393560492257345,0.0049214899954908705,0.0021809891010854837
2017-07-21,215.12271118164062,215.1488510820248,214.51274471672465,214.73930824803008,82340800,-0.0008905629529579165,212.29685745239257,1.7717601102882752,1.5949415007363894,0,0.0,-0.0005,1.0,1.0082767378151734,1.2371379328507364,0.004928541558697704,low,-0.0002432507074440466,0,1.5949415007363894,0.004928541558697704,0.001072261944689688
2017-07-24,215.0703887939453,215.20979713639554,214.59984408824064,215.04423560275796,46622300,-0.0002432507074440466,212.45762100219727,1.872571939184885,1.3952829993198324,0,0.0,-0.0,0.0,1.0082767378151734,1.2368369981733647,0.0049333546530287795,low,0.0024280083087410836,1,1.3952829993198324,0.0049333546530287795,0.0010480304988521034
2017-07-25,215.5932159423828,215.92433903415252,215.36666573516052,215.8197661496051,54915600,0.0024280083087410836,212.63755798339844,1.9946493421902958,1.481793263841959,0,0.0,0.0,0.0,1.0082767378151734,1.239840048681488,0.004947413572143002,low,4.0341410066608184e-05,1,1.481793263841959,0.004947413572143002,0.0014277205332976508
2017-07-26,215.60191345214844,215.9156054973058,215.34051449450024,215.8807567349459,47575400,4.0341410066608184e-05,212.9033218383789,2.0188826543163114,1.336675813227692,0,0.0,0.0,0.0,1.0082767378151734,1.239890065577309,0.00448769176061717,low,-0.0009298937119699474,0,1.336675813227692,0.00448769176061717,0.00035592240970612064
2017-07-27,215.40151977539062,216.09861474020028,214.0770406718503,216.06376597515103,70766600,-0.0009298937119699474,213.06495895385743,2.08529642751227,1.1204933700100768,0,0.0,-0.0,0.0,1.0082767378151734,1.2387370996017948,0.004128445990154902,low,-0.0011734957481642765,0,1.1204933700100768,0.004128445990154902,8.092846928715457e-05
2017-07-28,215.14889526367188,215.27959479243242,214.4692311221477,214.92233168584073,50088400,-0.0011734957481642765,213.30720291137695,2.0283141184199454,0.9079916841133089,0,0.0,-0.0,0.0,1.0082767378151734,1.2372834468823188,0.0035002125951850175,low,-0.0005671112121976315,0,0.9079916841133089,0.0035002125951850175,2.4341910245882564e-05
2017-07-31,215.02691650390625,215.64557870225437,214.81778395033186,215.54972794386427,65838700,-0.0005671112121976315,213.52374191284179,1.965077596119686,0.7649441396272024,0,0.0,-0.0,0.0,1.0082767378151734,1.2365817695669252,0.00351589651206543,low,0.002225876779048967,1,0.7649441396272024,0.00351589651206543,-4.0430190704834415e-05
2017-08-01,215.50607299804688,215.662912370428,214.98324849815106,215.62806360855865,55050400,0.002225876779048967,213.74637451171876,1.9222371143960604,0.9154429873137642,0,0.0,0.0,0.0,1.0082767378151734,1.2393342482131997,0.0035232851630128312,low,0.00048503444610453164,1,0.9154429873137642,0.0035232851630128312,-8.085649664325766e-05
2017-08-02,215.61062622070312,215.75004785602735,214.67825899244878,215.63676611532904,47211200,0.00048503444610453164,213.94983596801757,1.8916783510986626,0.8779453714850585,0,0.0,0.0,0.0,1.0082767378151734,1.23993536801382,0.0035123956492428225,low,-0.0019416927497596286,0,0.8779453714850585,0.0035123956492428225,8.08211056432703e-06
2017-08-03,215.1923828125,215.52349258904115,214.91353953122382,215.49735269341895,40856000,-0.0019416927497596286,214.22910766601564,1.607775403815694,0.5991353917955495,0,0.0,-0.0,0.0,1.0082767378151734,1.237527794499577,0.002688665500498827,low,0.0018204561919268295,1,0.5991353917955495,0.002688665500498827,-0.00019427769699360923
2017-08-04,215.58448791503906,215.9155976814008,215.20108506306107,215.68033862803355,60191800,0.0018204561919268295,214.46001739501952,1.437076810654771,0.7824707153316345,0,0.0,0.0,0.0,1.0082767378151734,1.2397806596357555,0.0024062529597222034,low,0.0018577005438083479,1,0.7824707153316345,0.0024062529597222034,0.00040451269102461193
2017-08-07,215.9853515625,215.9853515625,215.54966883401892,215.65424173012192,31995000,0.0018577005438083479,214.69964370727538,1.2511529481687345,1.0276184515302125,0,0.0,0.0,0.0,1.0082767378151734,1.2420838008413637,0.0024124756518849777,low,-0.0024641747272067306,0,1.0276184515302125,0.0024124756518849777,0.000889475042225808
2017-08-08,215.4537811279297,216.89154186277244,215.07910042780605,215.6716224547865,61719400,-0.0024641747272067306,214.9205337524414,0.9151570238706387,0.5826840220631511,0,0.0,-0.0,0.0,1.0082767378151734,1.2390230893302576,0.002511186398460775,low,-4.029832232398502e-05,0,0.5826840220631511,0.002511186398460775,-4.8535259025331724e-05
2017-08-09,215.44509887695312,215.49737867450057,214.40817190565855,214.76543491687417,62632600,-4.029832232398502e-05,215.06169509887695,0.7435875750524192,0.5156134811009232,0,0.0,-0.0,0.0,1.0082767378151734,1.238973158778437,0.0020069293480358096,low,-0.01421588931564027,0,0.5156134811009232,0.0020069293480358096,-0.00015360181271103506
2017-08-10,212.40402221679688,214.73928837081584,212.35174242086774,214.60857558501237,120479500,-0.01421588931564027,215.0329391479492,0.833987997296524,-3.1522239404815107,1,0.0,-0.0,0.0,1.0082767378151734,1.2213600534881937,0.003867098840274872,low,0.0014759101311715532,1,-3.1522239404815107,0.003867098840274872,-0.0026084411258871635
2017-08-11,212.71774291992188,213.31027837749468,212.39534193764374,212.63061434697283,74869900,0.0014759101311715532,214.9702033996582,0.9561980965636279,-2.3556420869600045,1,1.0,0.0009759101311715532,1.0,1.0092607252986316,1.2231626711649453,0.0037226053016680247,low,0.009864340408594642,1,-2.3556420869600045,0.0037226053016680247,-0.0026773503380382187
2017-08-14,214.82644653320312,215.0442879102448,213.9638031895468,213.99865195964117,73291900,0.009864340408594642,215.014208984375,0.9263854652617775,-0.2026828552613418,0,1.0,0.009864340408594642,0.0,1.0192164166540025,1.2352283641284023,0.004361766099924389,low,-0.0001218922451332603,0,-0.2026828552613418,0.004361766099924389,-0.00107602236508096
2017-08-15,214.80026245117188,215.22723624890662,214.4952925636297,215.20980521945344,55242700,-0.0001218922451332603,215.05123901367188,0.9006663915864128,-0.2786565201549663,0,0.0,-0.0005,1.0,1.0187068084456756,1.2350777993698465,0.004361649319009724,low,0.0017428675043383215,1,-0.2786565201549663,0.004361649319009724,-0.0006075658686662659
2017-08-16,215.17495727539062,215.72392168942733,214.74798347603098,215.32308778635706,56715500,0.0017428675043383215,215.04905853271484,0.9002926871552225,0.13984201412721273,0,0.0,0.0,0.0,1.0187068084456756,1.2372303763316979,0.004204852460281506,low,-0.01571376758286479,0,0.13984201412721273,0.004204852460281506,-0.00025093270333380454
2017-08-17,211.82017517089844,214.87867570406235,211.82017517089844,214.5649836826091,128490400,-0.01571376758286479,214.87434844970704,1.150396573064402,-2.6548873234844255,1,0.0,-0.0,0.0,1.0187068084456756,1.2177888257515612,0.005473748012783603,low,-0.0015643434745839734,0,-2.6548873234844255,0.005473748012783603,-0.0005505083567787089
2017-08-18,211.48907470703125,212.77869160921608,211.04466990113158,211.65462294297717,136748000,-0.0015643434745839734,214.69266662597656,1.3742569627908787,-2.331144760903641,1,1.0,-0.0020643434745839734,1.0,1.0166038476931465,1.2158837857485754,0.00547629048669822,low,0.0007825136800078658,1,-2.331144760903641,0.00547629048669822,-0.0011585590779298143
2017-08-21,211.65463256835938,211.91604482560402,210.72227858256187,211.42808236993656,65469700,0.0007825136800078658,214.52187881469726,1.5284438106718634,-1.8759251902610141,0,1.0,0.0007825136800078658,0.0,1.017399354111115,1.2168352314442235,0.005487082233327333,low,0.010402630556688837,1,-1.8759251902610141,0.005487082233327333,-0.0029749244236471693
2017-08-22,213.86788940429688,214.0247287674596,212.22100961119543,212.23844063909527,63140100,0.010402630556688837,214.43561248779298,1.5134097175417995,-0.37512847771206737,0,0.0,-0.0005,1.0,1.0168906544340595,1.2294935188053007,0.00599982501777519,low,-0.003591618737436041,0,-0.37512847771206737,0.00599982501777519,-0.0008700198632827498
2017-08-23,213.10113525390625,213.52810911682874,212.75259438750788,212.90072492052627,50203800,-0.003591618737436041,214.31057357788086,1.5152843655011967,-0.7981593102325546,0,0.0,-0.0,0.0,1.0168906544340595,1.2250776468456033,0.006040566401371134,low,-0.0023335580558905265,0,-0.7981593102325546,0.006040566401371134,-0.0019369171116376226
2017-08-24,212.60443115234375,213.6413447239777,212.39529868708377,213.48450534701752,50741700,-0.0023335580558905265,214.17071914672852,1.5382016257957534,-1.0182592243552482,0,0.0,-0.0,0.0,1.0168906544340595,1.2222188570337154,0.006052946433228106,low,0.0023335580558904727,1,-1.0182592243552482,0.006052946433228106,0.0007391247937572305
2017-08-25,213.10113525390625,214.01607164817918,212.95300472088786,213.39739631994303,64445900,0.0023335580558904727,214.06833114624024,1.5378169031653524,-0.6289408643793488,0,0.0,0.0,0.0,1.0168906544340595,1.2250709756936078,0.006087789238413005,low,4.074156668930553e-05,1,-0.6289408643793488,0.006087789238413005,0.0015187050998521196
2017-08-28,213.1098175048828,213.65876860184878,212.69155258836295,213.63262870656368,40565600,4.074156668930553e-05,213.97247619628905,1.5346666843615224,-0.562114692523697,0,0.0,0.0,0.0,1.0168906544340595,1.225120887004463,0.006088839083772156,low,0.001144453129082199,1,-0.562114692523697,0.006088839083772156,0.0013703506771884076
2017-08-29,213.35385131835938,213.6152503356472,211.68081783182186,211.79409960330165,51135700,0.001144453129082199,213.8648651123047,1.496452111020929,-0.34148355980245393,0,0.0,0.0,0.0,1.0168906544340595,1.2265229804370994,0.006068614502871665,low,0.004726212213429091,1,-0.34148355980245393,0.006068614502871665,-0.0004812848083329199
2017-08-30,214.36459350585938,214.63472794374306,213.15339615295224,213.3363887339727,62030800,0.004726212213429091,213.8025634765625,1.444999111899314,0.38894835620911117,0,0.0,0.0,0.0,1.0168906544340595,1.2323197883272927,0.006178029340704842,low,0.005998091769194363,1,0.38894835620911117,0.006178029340704842,0.0011822813818401063
2017-08-31,215.65423583984375,215.89821709745064,214.3994674887333,214.98328073343416,103803900,0.005998091769194363,213.82565612792968,1.4718204549013927,1.2423931912514308,0,0.0,0.0,0.0,1.0168906544340595,1.239711355506674,0.006319766777720481,low,0.0014129852734548875,1,1.2423931912514308,0.006319766777720481,0.0028486113468570843
2017-09-01,215.95916748046875,216.38614125358123,215.81103697860829,216.02887829828177,62007000,0.0014129852734548875,213.84439010620116,1.4975456372113778,1.4121622217841563,0,0.0,0.0,0.0,1.0168906544340595,1.2414630493953398,0.006314607603036861,low,-0.007207803396761826,0,1.4121622217841563,0.006314607603036861,0.002664496790369967
2017-09-05,214.40817260742188,215.68037196782498,213.4409564616852,215.4538084497364,91398800,-0.007207803396761826,213.76553115844726,1.418300982339424,0.45310653872255435,0,0.0,-0.0,0.0,1.0168906544340595,1.2325148278109537,0.006503349402157519,medium,0.0034079256663167748,1,0.45310653872255435,0.006503349402157519,0.001214787797679741
2017-09-06,215.14010620117188,215.4712292990506,214.55629299426707,215.08782640592375,57916900,0.0034079256663167748,213.74984741210938,1.4002692381003914,0.9928510540933745,0,0.0,0.0,0.0,1.0168906544340595,1.2367151467267667,0.00653613004920378,medium,-0.00012157265665764901,0,0.9928510540933745,0.00653613004920378,0.0016674823051266562
2017-09-07,215.11395263671875,215.46250674286236,214.7044098719873,215.44507571356027,58034700,-0.00012157265665764901,213.73329010009766,1.3809940639257583,0.9997599357496673,0,0.0,-0.0,0.0,1.0168906544340595,1.2365647959808503,0.006536134012950657,medium,-0.0011752074484853694,0,0.9997599357496673,0.006536134012950657,0.0006979253311093081
2017-09-08,214.86129760742188,215.32312023944576,214.61731634129535,214.82643554312847,63832800,-0.0011752074484853694,213.8561538696289,1.3657326008044428,0.7359740385496503,0,0.0,-0.0,0.0,1.0168906544340595,1.235111575822079,0.0056405136063045515,low,0.01060927031979422,1,0.7359740385496503,0.0056405136063045515,-0.0007367345124266384
2017-09-11,217.1529541015625,217.23137378819135,216.1160272584276,216.13344499146996,71364800,0.01060927031979422,214.07791442871093,1.5222670518995065,2.020039564683802,-1,0.0,0.0,0.0,1.0168906544340595,1.2482152084050824,0.006070611938598352,low,0.003364992408514006,1,2.020039564683802,0.006070611938598352,0.0011025224968412282
2017-09-12,217.88490295410156,217.91975171699505,217.33593854267625,217.51893111181127,56896000,0.003364992408514006,214.23083724975587,1.7395370846071965,2.100596610833864,-1,-1.0,-0.003864992408514006,1.0,1.012960379774383,1.2524154431055572,0.005737742471254791,low,0.0004796701955103719,1,2.100596610833864,0.005737742471254791,0.0032170816578963946
2017-09-13,217.98944091796875,218.02430297338424,217.48404748227136,217.59732921840413,59228000,0.0004796701955103719,214.3902961730957,1.930204647123847,1.8646441195942929,0,-1.0,-0.0004796701955103719,0.0,1.0124744928709724,1.2530161894660117,0.005734745527861942,low,-0.00031966120385418803,0,1.8646441195942929,0.005734745527861942,0.002631430563735114
2017-09-14,217.91976928710938,218.12019290184045,217.49280875133618,217.66707917181387,95446300,-0.00031966120385418803,214.52753677368165,2.080648904142746,1.6303723836700703,0,0.0,-0.0005,1.0,1.0119682556245368,1.2526156488024383,0.005734248343780989,low,0.0013453033239866335,1,1.6303723836700703,0.005734248343780989,0.0025918128542958057
2017-09-15,218.213134765625,218.3006957249808,217.67021138693656,217.7752898829497,95432400,0.0013453033239866335,214.84718475341796,2.133236069978617,1.5778610063727154,0,0.0,0.0,0.0,1.0119682556245368,1.2543007967984496,0.004251711639209255,low,0.0021245432742064948,1,1.5778610063727154,0.004251711639209255,0.0030959150087902067
2017-09-18,218.67723083496094,219.02750136678264,218.2919252327785,218.58090443441534,46235200,0.0021245432742064948,215.20659255981445,2.1431911395469903,1.6193787903957455,0,0.0,0.0,0.0,1.0119682556245368,1.2569656131201197,0.004191980776327202,low,0.0010007389732084597,1,1.6193787903957455,0.004191980776327202,0.0013989695996726615
2017-09-19,218.89617919921875,218.98375352353474,218.57217825078814,218.92244882412038,47108100,0.0010007389732084597,215.56866989135742,2.1231397660868603,1.5672587179666633,0,0.0,0.0,0.0,1.0119682556245368,1.258223507597152,0.004189829407527125,low,0.0003598370464194457,1,1.5672587179666633,0.004189829407527125,0.0009261189126115524
2017-09-20,218.97496032714844,219.08880426194065,217.97667462148394,218.98372577564885,59574100,0.0003598370464194457,215.8240234375,2.2130329088533505,1.42380932386634,0,0.0,0.0,0.0,1.0119682556245368,1.2586762630278614,0.0036576975342982937,low,-0.002682829670954119,0,1.42380932386634,0.0036576975342982937,0.0009021522827933672
2017-09-21,218.38827514648438,218.9049289132353,218.21313986171728,218.81736795183463,48211400,-0.002682829670954119,216.0883804321289,2.1862772108646933,1.0519684799924545,0,0.0,-0.0,0.0,1.0119682556245368,1.2552994490032845,0.003600498404238846,low,0.00020050680082142483,1,1.0519684799924545,0.003600498404238846,0.0004295185893733808
2017-09-22,218.43206787109375,218.59845107254785,218.06427975512648,218.09054938041226,51214000,0.00020050680082142483,216.3797622680664,2.0834340775361397,0.985059054738318,0,0.0,0.0,0.0,1.0119682556245368,1.255551145079877,0.0035121699258166376,low,-0.0020467081458315846,0,0.985059054738318,0.0035121699258166376,0.0002005592847403391
2017-09-25,217.98545837402344,218.528395143318,217.24113005139031,218.17811120152052,57064400,-0.0020467081458315846,216.62397842407228,1.9615955887592698,0.6940676038185379,0,0.0,-0.0,0.0,1.0119682556245368,1.252981398323734,0.00358359278282312,low,0.0006024408728776628,1,0.6940676038185379,0.00358359278282312,-0.0006336909992672768
2017-09-26,218.1168212890625,218.65974469994075,217.88038129704904,218.41455262006244,54082000,0.0006024408728776628,216.87432861328125,1.8025571942427572,0.6892944533186994,0,0.0,0.0,0.0,1.0119682556245368,1.2537362455310397,0.0035767760620572468,low,0.003886730785292097,1,0.6892944533186994,0.0035767760620572468,-0.0007133506193334362
2017-09-27,218.9662322998047,219.35153794116275,217.93291141052939,218.81736664054645,81001400,0.003886730785292097,217.15494766235352,1.6566039447806686,1.09337216246396,0,0.0,0.0,0.0,1.0119682556245368,1.2586091807931816,0.0036282928325762315,low,0.0011990574869400069,1,1.09337216246396,0.0036282928325762315,-7.971871558905794e-06
2017-09-28,219.22894287109375,219.30775174481863,218.59844515736341,218.6860061186247,44778800,0.0011990574869400069,217.39816513061524,1.5807173760711877,1.1581942276290007,0,0.0,0.0,0.0,1.0119682556245368,1.2601183255545432,0.003537488749477687,low,0.0035089499614812743,1,1.1581942276290007,0.003537488749477687,0.0007684055600199193
2017-09-29,219.9995574951172,220.07837973679105,219.0363066763297,219.22019406231306,85578000,0.0035089499614812743,217.6154312133789,1.6263705618685902,1.4659182462077247,0,0.0,0.0,0.0,1.0119682556245368,1.2645400177044597,0.0033979386474335092,low,0.004329321628839759,1,1.4659182462077247,0.0033979386474335092,0.0014300941921518893
2017-10-02,220.95407104492188,220.95407104492188,220.0520981995578,220.22724686046223,59023000,0.004329321628839759,217.86517639160155,1.7383052269174792,1.776957582298612,0,0.0,0.0,0.0,1.0119682556245368,1.2700146181536411,0.003478332575006666,low,0.0021377028189049,1,1.776957582298612,0.003478332575006666,0.002705300147086158
2017-10-03,221.42691040039062,221.45318002389556,220.87522158285677,220.95404381533672,66810200,0.0021377028189049,218.21611328125,1.711944664499419,1.8755262279925906,0,0.0,0.0,0.0,1.0119682556245368,1.2727295319829186,0.002872360103386782,low,0.0011855339813555646,1,1.8755262279925906,0.002872360103386782,0.0030123525362916056
2017-10-04,221.6895751953125,221.93476720645015,221.16415610746753,221.27800002762518,55953600,0.0011855339813555646,218.54358673095703,1.7189757822356884,1.830152871766359,0,0.0,0.0,0.0,1.0119682556245368,1.274238396092159,0.0028419945698053965,low,0.00590784195425582,1,1.830152871766359,0.0028419945698053965,0.002472113175504299
2017-10-05,223.00315856933594,223.02066274400573,221.72464563427442,222.0223769472458,63522800,0.00590784195425582,218.93804702758788,1.7940851576819812,2.2658409074630073,-1,0.0,0.0,0.0,1.0119682556245368,1.2817663951483158,0.0029775517262449337,low,-0.001139568104165698,0,2.2658409074630073,0.0029775517262449337,0.003413870068967462
2017-10-06,222.74917602539062,223.03815521855543,222.29382701976476,222.55652322994743,80646000,-0.001139568104165698,219.33244094848632,1.7160231965907955,1.9910774421303237,0,-1.0,0.0006395681041656981,1.0,1.0126154782432626,1.2803057350474134,0.0029756869605745053,low,-0.0016521965287307708,0,1.9910774421303237,0.0029756869605745053,0.0024841664558380673
2017-10-09,222.38145446777344,223.03822191355067,222.11874481706897,222.97693056683477,35803100,-0.0016521965287307708,219.59386596679687,1.7641075921124032,1.5801692104496947,0,0.0,-0.0005,1.0,1.012109170504141,1.278190418356254,0.0022372750903253587,low,0.002634582136681218,1,1.5801692104496947,0.0022372750903253587,0.0012878628243239614
2017-10-10,222.96810913085938,223.34466265344616,222.40766825232924,222.95060495731732,43057400,0.002634582136681218,219.84802627563477,1.8680478050080667,1.6702371571326764,0,0.0,0.0,0.0,1.012109170504141,1.2815579159997323,0.0022056336747222237,low,0.001569894352869226,1,1.6702371571326764,0.0022056336747222237,0.0013872386878792248
2017-10-11,223.31842041015625,223.31842041015625,222.70544021191907,222.8718100527529,47674300,0.001569894352869226,220.11447525024414,1.966453449740045,1.6293012989123412,0,0.0,0.0,0.0,1.012109170504141,1.2835698265349351,0.0022015829316913197,low,-0.0014912658017343225,0,1.6293012989123412,0.0022015829316913197,0.0014641107621819571
2017-10-12,222.9856414794922,223.3534295777759,222.74920150132218,223.0031590161625,47065100,-0.0014912658017343225,220.36776885986328,1.9949350659234966,1.3122595639056778,0,0.0,-0.0,0.0,1.012109170504141,1.2816556827484855,0.0022591929184074882,low,0.0012168249118183275,1,1.3122595639056778,0.0022591929184074882,-1.5710789016071344e-05
2017-10-13,223.25714111328125,223.53736829977106,222.98567937759907,223.4235243350136,54800400,0.0012168249118183275,220.6199691772461,2.0267874030331003,1.3011586375998785,0,0.0,0.0,0.0,1.012109170504141,1.2832152333116273,0.002258788047849397,low,0.0013324106511200101,1,1.3011586375998785,0.002258788047849397,0.0004555678141807337
2017-10-16,223.5548095703125,223.74746236632083,223.14324771916444,223.4847661553676,38221700,0.0013324106511200101,220.86384811401368,2.073631362394185,1.2977048404552856,0,0.0,0.0,0.0,1.012109170504141,1.2849250029561714,0.0022475809497616026,low,0.0007049646806633905,1,1.2977048404552856,0.0022475809497616026,0.00105248925015089
2017-10-17,223.71246337890625,223.75625053916676,223.28337058749773,223.502293026835,31561000,0.0007049646806633905,221.10466232299805,2.112395146188118,1.2345233137910088,0,0.0,0.0,0.0,1.012109170504141,1.2858308297005567,0.0022492616020000195,low,0.0009781576049841324,1,1.2345233137910088,0.0022492616020000195,0.0006665657589473245
2017-10-18,223.931396484375,224.13280139680816,223.7387436596247,224.089014234462,40888300,0.0009781576049841324,221.35248413085938,2.139952462311146,1.2051260011310707,0,0.0,0.0,0.0,1.012109170504141,1.2870885749053513,0.0022429639235415333,low,0.00027347842031250806,1,1.2051260011310707,0.0022429639235415333,0.0005482184093703057
2017-10-19,223.99264526367188,224.02768033167854,222.7316634166635,223.15199069899964,61903800,0.00027347842031250806,221.63270263671876,2.0978937051207702,1.1249104857851975,0,0.0,0.0,0.0,1.012109170504141,1.2874405658556187,0.002069962759223272,low,0.0051473669549842735,1,1.1249104857851975,0.002069962759223272,0.0009011672537796719
2017-10-20,225.14859008789062,225.17488643668273,223.97518233287232,224.78958078944234,89176400,0.0051473669549842735,221.9685287475586,2.096159647566867,1.5170892846941841,0,0.0,0.0,0.0,1.012109170504141,1.2940674948808102,0.002225534850043739,low,-0.0038970234174082793,0,1.5170892846941841,0.002225534850043739,0.0016872756624128613
2017-10-23,224.27288818359375,225.4988752080291,224.1940793132681,225.4726055845872,63915300,-0.0038970234174082793,222.28290023803712,1.9324439696794946,1.0297778237196105,0,0.0,-0.0,0.0,1.012109170504141,1.2890244835495528,0.0024120036668542886,low,0.001755438270198065,1,1.0297778237196105,0.0024120036668542886,0.0006413888487072034
2017-10-24,224.66693115234375,224.90335773374272,224.3078951942681,224.70196622052663,66935900,0.001755438270198065,222.61040573120118,1.734095348153883,1.1859356080575054,0,0.0,0.0,0.0,1.012109170504141,1.291287286459198,0.0024051595710107357,low,-0.0049623825137339065,0,1.1859356080575054,0.0024051595710107357,0.0008514835666141383
2017-10-25,223.5548095703125,224.44801677344535,222.42517577732173,224.33417284072297,103715300,-0.0049623825137339065,222.83983459472657,1.5164673873000973,0.47147402019562434,0,0.0,-0.0,0.0,1.012109170504141,1.284879425008666,0.0027308878277618317,low,0.0012919876846630353,1,0.47147402019562434,0.0027308878277618317,-0.0003366244571294696
2017-10-26,223.8438262939453,224.43928895455974,223.72123025429138,224.1678406117184,69798000,0.0012919876846630353,223.07057876586913,1.2690318779979592,0.6093208070518042,0,0.0,0.0,0.0,1.012109170504141,1.286539473402054,0.0027312571905671805,low,0.008142789908548553,1,0.6093208070518042,0.0027312571905671805,-0.00013292260425936412
2017-10-27,225.67398071289062,225.8316251660089,223.85255793086253,224.58813405767742,85562500,0.008142789908548553,223.35429992675782,1.177306746902689,1.970328287199174,0,0.0,0.0,0.0,1.012109170504141,1.2970154940430219,0.0031203997764060235,low,-0.0037319623344919954,0,1.970328287199174,0.0031203997764060235,0.0004661619864534918
2017-10-30,224.83334350585938,225.5776851387856,224.53561219747496,224.58815144460573,54285700,-0.0037319623344919954,223.5482635498047,1.0762753959867355,1.1940066277149435,0,0.0,-0.0,0.0,1.012109170504141,1.2921750810720007,0.0032238017376240947,low,0.0015570160470606334,1,1.1940066277149435,0.0032238017376240947,0.0004991742030367486
2017-10-31,225.18368530273438,225.43764289349784,224.8859539001567,225.2099549346107,60304800,0.0015570160470606334,223.73610229492186,1.0124956939272656,1.429717693116926,0,0.0,0.0,0.0,1.012109170504141,1.2941870184088418,0.0032143869161123345,low,0.001321018825594618,1,1.429717693116926,0.0032143869161123345,0.0004594897584092622
2017-11-01,225.48135375976562,226.30450429401682,225.1135790161657,225.96299917495975,54202700,0.001321018825594618,223.92569122314453,0.9629055084595911,1.6155921042655286,0,0.0,0.0,0.0,1.012109170504141,1.295896663824,0.003215293435052363,low,0.0003881592993046919,1,1.6155921042655286,0.003215293435052363,0.0017161700262749672
2017-11-02,225.5688934326172,225.70900698329962,224.34293326905495,225.41127570957218,56449500,0.0003881592993046919,224.0539779663086,1.0035843808609783,1.5095048261003652,0,0.0,0.0,0.0,1.012109170504141,1.2963996781650011,0.002986900240946218,low,0.003333434793184947,1,1.5095048261003652,0.002986900240946218,0.0015354043492032984
2017-11-03,226.3220672607422,226.36584106653882,225.31500248806788,225.7265778135099,59589700,0.003333434793184947,224.23262252807618,1.0745842264305145,1.9444215551223885,0,0.0,0.0,0.0,1.012109170504141,1.3007211419580702,0.0030192862098937364,low,0.0015463108537945914,1,1.9444215551223885,0.0030192862098937364,0.0005735333261305773
2017-11-06,226.67230224609375,226.80365036677094,226.1206134153186,226.19065683836942,49652600,0.0015463108537945914,224.4471649169922,1.1131874372921702,1.9988882865173236,0,0.0,0.0,0.0,1.012109170504141,1.30273246117764,0.002967063138019299,low,-0.0006955541081800119,0,1.9988882865173236,0.002967063138019299,0.0016291879637878946
2017-11-07,226.5146942138672,227.11015686909025,226.00677916022886,226.77739046648557,57502200,-0.0006955541081800119,224.62449417114257,1.1471405463322468,1.647749309156714,0,0.0,-0.0,0.0,1.012109170504141,1.3018263402624086,0.0029613153387032538,low,0.0016994797020465646,1,1.647749309156714,0.0029613153387032538,0.0011786739327397657
2017-11-08,226.8999786376953,226.99631841527642,226.05932388502706,226.33955104389406,50469600,0.0016994797020465646,224.80357208251954,1.2103353199852511,1.7320873980619866,0,0.0,0.0,0.0,1.012109170504141,1.3040387677032743,0.0029632548431801475,low,-0.0036343417243850846,0,1.7320873980619866,0.0029632548431801475,0.001254366108030155
2017-11-09,226.07684326171875,226.26949608312867,224.49182016688687,225.69153761889893,95085500,-0.0036343417243850846,224.95813217163087,1.1623907202672694,0.9624225921475515,0,0.0,-0.0,0.0,1.012109170504141,1.2992994451995947,0.0030864850267804875,low,-0.00030991213115250213,0,0.9624225921475515,0.0030864850267804875,0.00044986590329219964
2017-11-10,226.0067901611328,226.18193882069187,225.3762924002271,225.69155464264665,59984700,-0.00030991213115250213,225.09561462402343,1.1121381977914344,0.8193006399014668,0,0.0,-0.0,0.0,1.012109170504141,1.2988967765395276,0.003091603140196612,low,0.0009293135015745938,1,0.8193006399014668,0.003091603140196612,-0.0002788034815752902
2017-11-13,226.2169189453125,226.44460682954087,225.28868995813082,225.3237250304575,50228600,0.0009293135015745938,225.22872009277344,1.0767660621637678,0.917747027198522,0,0.0,0.0,0.0,1.012109170504141,1.3001038588511176,0.0030879715305605236,low,-0.0023252092980055434,0,0.917747027198522,0.0030879715305605236,-0.00040220295201928973
2017-11-14,225.6915283203125,225.79660681421927,224.63192448424843,225.4113011872742,61315200,-0.0023252092980055434,225.32767333984376,1.0195045244199128,0.3568939340173835,0,0.0,-0.0,0.0,1.012109170504141,1.2970808452701441,0.003155724638833237,low,-0.005017733124619752,0,0.3568939340173835,0.003155724638833237,-0.0007281339899843961
2017-11-15,224.56190490722656,225.2449419140767,223.8525982741104,224.7195226648228,80811500,-0.005017733124619752,225.35919876098632,0.9831564426203366,-0.8109531903536978,0,0.0,-0.0,0.0,1.012109170504141,1.2905724397475224,0.0033788630958579854,low,0.008464849434164097,1,-0.8109531903536978,0.0033788630958579854,-0.0020715765553176594
2017-11-16,226.47085571289062,226.83865712881288,225.4638179481447,225.50759174159674,67777000,0.008464849434164097,225.48310928344728,0.9576993152126111,1.0313742672187944,0,0.0,0.0,0.0,1.012109170504141,1.301496941133867,0.0038582680210589937,low,-0.002942744820268349,0,1.0313742672187944,0.0038582680210589937,0.00034826167639217707
2017-11-17,225.80538940429688,226.44465266498656,225.7265805185574,226.12065167119025,75756800,-0.002942744820268349,225.51594924926758,0.9568853999967734,0.3024815249874989,0,0.0,-0.0,0.0,1.012109170504141,1.2976669677517503,0.003774093569184976,low,0.0017048135967749416,1,0.3024815249874989,0.003774093569184976,-0.00017830486143099222
2017-11-20,226.190673828125,226.38332666089917,225.80536816257666,226.05058697150102,48075500,0.0017048135967749416,225.61183853149413,0.9211869077506855,0.6283581450850684,0,0.0,0.0,0.0,1.012109170504141,1.2998792480424592,0.0036645575124029574,low,0.006521350763140207,1,0.6283581450850684,0.0036645575124029574,-2.3204842390922707e-05
2017-11-21,227.67056274414062,227.85447682737197,226.15563662524804,226.9612562057613,69176800,0.006521350763140207,225.76202011108398,1.0004611134981098,1.9076629839049175,0,0.0,0.0,0.0,1.012109170504141,1.3083562165686713,0.003902788098365902,low,-0.000884872174205169,0,1.9076629839049175,0.003902788098365902,0.0017461071698382275
2017-11-22,227.4691925048828,227.81069763269807,227.30280930386726,227.67934950661527,45033400,-0.000884872174205169,225.9577392578125,0.9260574574577269,1.6321376550647801,0,0.0,-0.0,0.0,1.012109170504141,1.3071984885586814,0.0036943383790566517,low,0.002306991883571463,1,1.6321376550647801,0.0036943383790566517,0.0025726793599211437
2017-11-24,227.99456787109375,228.0996730879914,227.8194459574578,227.9595595227246,27856500,0.002306991883571463,226.16527633666993,0.891854244487871,2.051110420486085,-1,0.0,0.0,0.0,1.012109170504141,1.310214184862003,0.00370741922414585,low,-0.000499460401035178,0,2.051110420486085,0.00370741922414585,0.0013411078498026172
2017-11-27,227.88072204589844,228.33607103290558,227.67930381037564,228.0383397655632,52274900,-0.000499460401035178,226.2756134033203,0.9616480672764669,1.6691227250360328,0,-1.0,-5.39598964821998e-07,1.0,1.0121086243710802,1.3095597847597897,0.0033026526485859385,low,0.010093924896542157,1,1.6691227250360328,0.0033026526485859385,0.0018297647336492512
2017-11-28,230.1925811767578,230.21885080268228,228.24854868654762,228.34488846422593,98971700,0.010093924896542157,226.54357528686523,1.2438690860418375,2.9335931979017316,-1,0.0,-0.0005,1.0,1.0116025700588946,1.3227783828746869,0.0037849486898738024,low,-0.0006090320534128497,0,2.9335931979017316,0.0037849486898738024,0.0035075869936026945
2017-11-29,230.05242919921875,230.8580754663208,229.6058456330416,230.32389086310647,77512100,-0.0006090320534128497,226.78701248168946,1.4267098221141143,2.2887742601298986,-1,-1.0,0.00010903205341284967,1.0,1.011712867164346,1.3219727684399545,0.0038044672627554153,low,0.008717117581051407,1,2.2887742601298986,0.0038044672627554153,0.002081510430292083
2017-11-30,232.06658935546875,232.97728761182418,230.89316809429405,230.97197697855933,127894400,0.008717117581051407,227.11627426147462,1.8162343676913801,2.725592677935333,-1,-1.0,-0.008717117581051407,0.0,1.0028936471430119,1.3334965605013935,0.004171914544837835,low,-0.002077809033657905,0,2.725592677935333,0.004171914544837835,0.004001908381343398
2017-12-01,231.58489990234375,232.32924152209492,228.3448639162651,231.84762285727766,164390900,-0.002077809033657905,227.41707458496094,2.0318522698812402,2.0512442657193835,-1,-1.0,0.002077809033657905,0.0,1.0049774686228439,1.3307258093016319,0.004240493244714072,low,-0.0012103797711181452,0,2.0512442657193835,0.004240493244714072,0.0031249481978975245
2017-12-04,231.3047637939453,233.6340756201483,231.2521978092026,233.2049960822589,94040600,-0.0012103797711181452,227.66620941162108,2.1898542656901947,1.6615509257084906,0,-1.0,0.0012103797711181452,0.0,1.0061938730212945,1.3291151257011484,0.004248433348762459,low,-0.003603341486637339,0,1.6615509257084906,0.004248433348762459,0.0029827643238809314
2017-12-05,230.47279357910156,232.18913805211622,230.34144545788914,230.47279357910156,77994500,-0.003603341486637339,227.8562339782715,2.26274924665038,1.1563630414211603,0,0.0,-0.0005,1.0,1.005690776084784,1.3243258700281924,0.004373460814047148,low,0.00019006069984262104,1,1.1563630414211603,0.004373460814047148,0.0002433110472450319
2017-12-06,230.5166015625,230.945707787336,230.0524869827699,230.56914081877625,75898600,0.00019006069984262104,228.05632934570312,2.3142318554351236,1.0631053284565122,0,0.0,0.0,0.0,1.005690776084784,1.3245775723298696,0.004361654626387319,low,0.0031479869432788194,1,1.0631053284565122,0.004361654626387319,0.000403129597896126
2017-12-07,231.243408203125,231.55864369859842,230.25387446911444,231.243408203125,77218600,0.0031479869432788194,228.27350082397462,2.4021346668670507,1.236361732801535,0,0.0,0.0,0.0,1.005690776084784,1.328747325232924,0.004388000936143212,low,0.005438058255874059,1,1.236361732801535,0.004388000936143212,-0.0007106965296583914
2017-12-08,232.5043487548828,232.51308747840685,231.20831855688746,232.19785205733845,76563900,0.005438058255874059,228.59487609863282,2.5198568946725333,1.5514661425874512,0,0.0,0.0,0.0,1.005690776084784,1.3359731305948774,0.00435818896564085,low,0.003008777454536069,1,1.5514661425874512,0.00435818896564085,0.0007924769282480013
2017-12-11,233.2049560546875,233.2662607564171,232.4781452556727,233.2049560546875,83077500,0.003008777454536069,228.95478439331055,2.64184809110193,1.608787301469776,0,0.0,0.0,0.0,1.005690776084784,1.3399927764300772,0.0043527657018396,low,0.0017633749964693617,1,1.608787301469776,0.0043527657018396,0.001636308373378844
2017-12-12,233.61654663085938,234.0894266518244,233.2400063937643,233.99308686795445,85195800,0.0017633749964693617,229.32476577758788,2.7540043653844655,1.5583783770336717,0,0.0,0.0,0.0,1.005690776084784,1.3423556861874837,0.004350323011769364,low,-0.00011241434908819592,0,1.5583783770336717,0.004350323011769364,0.0027096516700001842
2017-12-13,233.5902862548828,234.29959295245607,233.50271191806013,233.86174799227823,102905400,-0.00011241434908819592,229.7197036743164,2.7718604100419655,1.3963843801599685,0,0.0,-0.0,0.0,1.005690776084784,1.342204786146776,0.004272432127237936,low,-0.004094775250205755,0,1.3963843801599685,0.004272432127237936,0.0026491566602140208
2017-12-14,232.6357421875,234.0018160595599,232.58320294041542,233.8879721162332,100666700,-0.004094775250205755,230.12339553833007,2.5610651833045504,0.9809772377320904,0,0.0,-0.0,0.0,1.005690776084784,1.3367087592077547,0.0042001996488422065,low,0.00829300477863896,1,0.9809772377320904,0.0042001996488422065,0.0012006042215171064
2017-12-15,234.57301330566406,235.0395001397508,233.5872318344265,233.6400396374906,144610300,0.00829300477863896,230.52850341796875,2.5934923194066615,1.5594840429759262,0,0.0,0.0,0.0,1.005690776084784,1.347794091335513,0.004185926536376073,low,0.006321300592675054,1,1.5594840429759262,0.004185926536376073,0.0017715935260700865
2017-12-18,236.06051635742188,236.4125773620688,235.86687877578615,235.97249439112693,83653600,0.006321300592675054,231.041259765625,2.624127178606265,1.9127337397049173,0,0.0,0.0,0.0,1.005690776084784,1.3563139029238762,0.004150852163866173,low,-0.003847938474205452,0,1.9127337397049173,0.004150852163866173,0.0024340981536978834
2017-12-19,235.15391540527344,236.35092803483727,235.08348709734065,236.3069304877763,82382900,-0.003847938474205452,231.48942184448242,2.515254439732042,1.4569077000342778,0,0.0,-0.0,0.0,1.005690776084784,1.3510948904737157,0.004367239630683968,low,-0.0005241121052625416,0,1.4569077000342778,0.004367239630683968,0.0013118354595629204
2017-12-20,235.03070068359375,236.17490561659116,234.73144749897182,236.12209781110093,76751500,-0.0005241121052625416,231.85742874145507,2.4650395801127614,1.2873107465453046,0,0.0,-0.0,0.0,1.005690776084784,1.35038676528626,0.00426137878462207,low,0.0020574844499449316,1,1.2873107465453046,0.00426137878462207,0.0012294959083280512
2017-12-21,235.5147705078125,236.22772957066448,235.2683251398561,235.65560026957766,67032300,0.0020574844499449316,232.25970764160155,2.365708392369715,1.3759357986426946,0,0.0,0.0,0.0,1.005690776084784,1.353165165057248,0.0042220191358408226,low,-0.0002616525974747119,0,1.3759357986426946,0.0042220191358408226,0.002459947848358189
2017-12-22,235.45315551757812,235.56758136623222,234.91624042632304,235.53236721421683,78720900,-0.0002616525974747119,232.63263702392578,2.2426501398713845,1.2576720922747673,0,0.0,-0.0,0.0,1.005690776084784,1.3528111058769985,0.0042428151336449255,low,-0.0011970358519502887,0,1.2576720922747673,0.0042428151336449255,0.000749016373135454
2017-12-26,235.17147827148438,235.39151969904776,234.90743930261863,235.04824217899647,45244400,-0.0011970358519502887,232.99717483520507,2.0100716922576436,1.0817044211180347,0,0.0,-0.0,0.0,1.005690776084784,1.3511917424823472,0.004263879726156969,low,0.00048670373161967154,1,1.0817044211180347,0.004263879726156969,-0.0007546509157896145
2017-12-27,235.2859649658203,235.64683622362304,235.0131156739141,235.33877277325166,57751000,0.00048670373161967154,233.2518440246582,1.958020787806411,1.0388658556791728,0,0.0,0.0,0.0,1.005690776084784,1.351849372545547,0.003765655033936989,low,0.0020551898361968776,1,1.0388658556791728,0.003765655033936989,0.00011227752537541014
2017-12-28,235.77001953125,235.81404393961793,235.40036491992626,235.7876400388091,45116100,0.0020551898361968776,233.53772354125977,1.8822365392024576,1.1859805840004063,0,0.0,0.0,0.0,1.005690776084784,1.3546276796360717,0.003749317339375091,low,-0.0037775876527621566,0,1.1859805840004063,0.003749317339375091,0.0006281379136672939
2017-12-29,234.8810577392578,236.36854024997027,234.68744702855656,236.35094660186965,96007400,-0.0037775876527621566,233.6784469604492,1.8716404676310339,0.6425436934107165,0,0.0,-0.0,0.0,1.005690776084784,1.3495104548393886,0.0034659272199446894,low,0.007131711347599209,1,0.6425436934107165,0.0034659272199446894,-0.0005388765068741237
2018-01-02,236.56214904785156,236.59736320030115,235.35632621660366,235.74360131196434,86655700,0.007131711347599209,233.92730941772462,1.9091451759329203,1.380114861531895,0,0.0,0.0,0.0,1.005690776084784,1.3591347738638706,0.0036952433948354495,low,0.006305106355093952,1,1.380114861531895,0.0036952433948354495,0.0009397962821406606
2018-01-03,238.05841064453125,238.2080506275682,236.72935188296796,236.72935188296796,90070400,0.006305106355093952,234.2649917602539,2.015199288318752,1.8824038427693826,0,0.0,0.0,0.0,1.005690776084784,1.3677042631639886,0.0038314874778410083,low,0.004206340648852283,1,1.8824038427693826,0.0038314874778410083,0.002440224723549509
2018-01-04,239.06187438964844,239.54598180601522,238.12011718356536,238.70102996688468,80636400,0.004206340648852283,234.69444580078124,2.0787171615624773,2.101021086285929,-1,0.0,0.0,0.0,1.005690776084784,1.373457293201744,0.0036857414893470566,low,0.006641580006200814,1,2.101021086285929,0.0036857414893470566,0.0031841521069960314
2018-01-05,240.6549072265625,240.77811645182302,239.36106262844297,239.8539532505338,83524000,0.006641580006200814,235.20136108398438,2.2364644508652933,2.4384676181497675,-1,-1.0,-0.007141580006200814,1.0,0.9985085549458763,1.3825792196996431,0.003814767927029359,low,0.0018271912399841577,1,2.4384676181497675,0.003814767927029359,0.004101430140996819
2018-01-08,241.09503173828125,241.25345513837206,240.2676737237684,240.55811662393486,57319200,0.0018271912399841577,235.69394226074218,2.3979259680858998,2.2524004282961223,-1,-1.0,-0.0018271912399841577,0.0,0.9966840888612299,1.3851054563384624,0.003808045940254909,low,0.002260676014525483,1,2.2524004282961223,0.003808045940254909,0.005222385919546081
2018-01-09,241.64068603515625,242.26559612820049,241.23579049496502,241.5174499506135,57254000,0.002260676014525483,236.15075912475587,2.6184321530355605,2.096646615050112,-1,-1.0,-0.002260676014525483,0.0,0.9944309090474821,1.388236731021195,0.0037262411617820512,low,-0.001530644769931713,0,2.096646615050112,0.0037262411617820512,0.004248178852931336
2018-01-10,241.27110290527344,241.53516882518736,240.21491980722283,240.88382771116105,69574300,-0.001530644769931713,236.55406646728517,2.7582849392259887,1.710133848358659,0,-1.0,0.001530644769931713,0.0,0.9959530295174741,1.3861118337294303,0.003794515888722017,low,0.007269265816174644,1,1.710133848358659,0.003794515888722017,0.002681028627926203
2018-01-11,243.03135681152344,243.03135681152344,241.6583004230254,241.8255340603897,62361500,0.007269265816174644,237.02480697631836,3.021405347381518,1.9879986776387408,0,0.0,-0.0005,1.0,0.9954550530027154,1.3961878490997548,0.003993835386114931,low,0.006498087226211394,1,1.9879986776387408,0.003993835386114931,0.003293613661390675
2018-01-12,244.61573791503906,244.78294473745254,242.99620889486286,243.29548896158266,90816100,0.006498087226211394,237.57607955932616,3.3497618603924706,2.1015399449583887,-1,0.0,0.0,0.0,0.9954550530027154,1.4052603995273816,0.004084460756927086,low,-0.0034240783958762355,0,2.1015399449583887,0.004084460756927086,0.003264915105392791
2018-01-16,243.7795867919922,246.52570051228253,243.08424810623418,245.874386244416,106555100,-0.0034240783958762355,238.13327178955078,3.411007652595857,1.65532170475913,0,-1.0,0.0029240783958762355,1.0,0.9983658416172664,1.4004486777527796,0.004031552944538834,low,0.009486270386632441,1,1.65532170475913,0.004031552944538834,0.002214661178220712
2018-01-17,246.1031494140625,246.49042451957706,243.77952564150394,244.71249925191754,113258800,0.009486270386632441,238.70977859497071,3.736454820301813,1.9787127570552518,0,0.0,-0.0005,1.0,0.9978666586964579,1.4137337125725444,0.004131877404002621,low,-0.0016818428737048565,0,1.9787127570552518,0.004131877404002621,0.003659780052642104
2018-01-18,245.68959045410156,246.41130627853872,245.1966727015151,245.988843719949,100728000,-0.0016818428737048565,239.19123229980468,3.9889586271064297,1.6290863761128445,0,0.0,-0.0,0.0,0.9978666586964579,1.411356034602738,0.0041195631830387765,low,0.004539378081060385,1,1.6290863761128445,0.0041195631830387765,0.003629540431887475
2018-01-19,246.80740356445312,246.80740356445312,245.68960217746184,246.27048822324036,140920100,0.004539378081060385,239.77390670776367,4.213012270013181,1.6694698248926412,0,0.0,0.0,0.0,0.9978666586964579,1.417762713250786,0.003914844177498718,low,0.00809781152732255,1,1.6694698248926412,0.003914844177498718,0.003083562884864623
2018-01-22,248.81411743164062,248.8141174316406,246.54327421248192,246.59610888178338,91322400,0.00809781152732255,240.46307754516602,4.512953596040081,1.8504599501759293,0,0.0,0.0,0.0,0.9978666586964579,1.4292434884931562,0.004046275262918088,low,0.00212042915496009,1,1.8504599501759293,0.004046275262918088,0.0034035077450868547
2018-01-23,249.34226989746094,249.63271290103532,248.5325052411439,248.85816241078558,97084700,0.00212042915496009,241.15445251464843,4.767006013735423,1.7176016474954146,0,0.0,0.0,0.0,0.9978666586964579,1.432274098055694,0.004045651235148767,low,-0.00038873234908807765,0,1.7176016474954146,0.004045651235148767,0.00451240925525412
2018-01-24,249.245361328125,250.58323062359455,248.06594230116605,249.98469742589643,134816100,-0.00038873234908807765,241.84406280517578,4.894730524747313,1.5120951981991502,0,0.0,-0.0,0.0,0.9978666586964579,1.4317173267810188,0.004050896291552481,low,0.0004236747450830465,1,1.5120951981991502,0.004050896291552481,0.002537408708110016
2018-01-25,249.35098266601562,250.20474464268864,248.5588387473728,250.10793928909638,84587300,0.0004236747450830465,242.55303802490235,4.904277914991829,1.3861254926709432,0,0.0,0.0,0.0,0.9978666586964579,1.4323239092544737,0.003981369091172279,low,0.011511155538224665,1,1.3861254926709432,0.003981369091172279,0.0029585122318675967
2018-01-26,252.23788452148438,252.28190892455098,249.93185459343374,250.18711017753503,107743100,0.011511155538224665,243.40063400268554,5.045083158603616,1.751656066110281,0,0.0,0.0,0.0,0.9978666586964579,1.44881161255502,0.00436989251618309,low,-0.006651510400983379,0,1.751656066110281,0.00436989251618309,0.004352867723300452
2018-01-29,250.56568908691406,252.10597982452657,250.40726562900323,251.6658967566373,90118300,-0.006651510400983379,244.14041748046876,4.951185731113291,1.297723809080489,0,0.0,-0.0,0.0,0.9978666586964579,1.4391748270450448,0.004918413703428502,low,-0.010310522607478055,0,1.297723809080489,0.004918413703428502,0.001403003337639267
2018-01-30,247.99549865722656,250.61837527818918,247.52020165362248,248.7348346292075,131796400,-0.010310522607478055,244.7961395263672,4.509037957657383,0.7095436234742971,0,0.0,-0.0,0.0,0.9978666586964579,1.4243361824546836,0.005569135145546612,low,0.0004970881752898758,1,0.7095436234742971,0.005569135145546612,-0.001083187014848362
2018-01-31,248.11880493164062,249.35103203354984,247.04500127271908,248.84935779742213,108364800,0.0004970881752898758,245.37397232055665,4.1222166635427735,0.6658632563784205,0,0.0,0.0,0.0,0.9978666586964579,1.4250442031286195,0.005489328110396978,low,-0.0011358963885913754,0,0.6658632563784205,0.005489328110396978,-0.0009060229099727712
2018-02-01,247.83712768554688,249.1397830207494,247.04498366652595,247.38826129573783,90102500,-0.0011358963885913754,245.86290817260743,3.7740754222970074,0.5231001747542917,0,0.0,-0.0,0.0,0.9978666586964579,1.4234255005647025,0.005461734601994819,low,-0.022010470980587723,0,0.5231001747542917,0.005461734601994819,-0.0012179371367076557
2018-02-02,242.44171142578125,246.648903414558,242.40649726832018,246.51685703921194,173174800,-0.022010470980587723,246.03190002441406,3.5206804240279896,-1.0197428241797912,0,0.0,-0.0,0.0,0.9978666586964579,1.3920952348914946,0.007625164321882747,medium,-0.0427224016758984,0,-1.0197428241797912,0.007625164321882747,-0.007922262440470134
2018-02-05,232.30215454101562,242.7937427585855,231.75645603942664,240.68135019801932,294681800,-0.0427224016758984,245.61426239013673,4.5399632385133595,-2.932206088408822,1,0.0,-0.0,0.0,0.9978666586964579,1.332621583095356,0.012211457128386966,high,0.01951073165485414,1,-2.932206088408822,0.012211457128386966,-0.015136440695453137
2018-02-06,236.87904357910156,237.38074456875086,227.69892005236255,228.79031712974927,355026800,0.01951073165485414,245.40346298217773,4.848254879297873,-1.7582448974528084,0,1.0,0.01901073165485414,1.0,1.0168368339722622,1.3586220052005964,0.013093662378892965,high,-0.005439621752859247,0,-1.7582448974528084,0.013093662378892965,-0.009172189842986699
2018-02-07,235.59400939941406,239.72196260327064,235.51477083413027,236.32453525026932,167376100,-0.005439621752859247,245.10112915039062,5.265801815491183,-1.8054457961194184,0,0.0,-0.0005,1.0,1.016328415555276,1.351231615387194,0.013109589679638973,high,-0.038230509915651315,0,-1.8054457961194184,0.013109589679638973,-0.010359531828616523
2018-02-08,226.7571258544922,236.03408117347925,226.72191170053435,235.89325141817721,246449500,-0.038230509915651315,244.37543029785155,6.64175502262487,-2.652657977197792,1,0.0,-0.0,0.0,1.016328415555276,1.2995733417167923,0.015499144841888336,high,0.014909739428464904,1,-2.652657977197792,0.015499144841888336,-0.017778454534028508
2018-02-09,230.16334533691406,232.02048219017414,222.61152153411334,229.54721856312062,283565300,0.014909739428464904,243.7320297241211,7.362932858387819,-1.8428369031981136,0,1.0,0.014409739428464904,1.0,1.0309734431971722,1.318949641609969,0.01585823442354816,high,0.014577610585328946,1,-1.8428369031981136,0.01585823442354816,-0.010394412452217986
2018-02-12,233.54315185546875,235.01304031908876,230.3041486890838,232.21409312002078,143736000,0.014577610585328946,243.17840042114258,7.70148655923238,-1.2510894476759555,0,0.0,-0.0005,1.0,1.0304579564755736,1.3381767758670184,0.016204547174415548,high,0.002484450954519921,1,-1.2510894476759555,0.016204547174415548,0.0010655900000274845
2018-02-13,234.1240997314453,234.66979822260853,231.75645161163467,232.33736425528434,81223600,0.002484450954519921,242.69562606811525,7.960106200120835,-1.0768105501582148,0,0.0,0.0,0.0,1.0304579564755736,1.3415014104351375,0.016237110827419618,high,0.013405955912160882,1,-1.0768105501582148,0.016237110827419618,-0.0023396661400393592
2018-02-14,237.2838897705078,237.64476096412412,232.62780526622583,232.63661551940828,120735700,0.013405955912160882,242.2546630859375,8.00555475245153,-0.6209155354171413,0,0.0,0.0,0.0,1.0304579564755736,1.3594855191995325,0.016406087469370917,high,0.012679269021986331,1,-0.6209155354171413,0.016406087469370917,0.0014294493929646666
2018-02-15,240.31163024902344,240.32044050103426,236.56211592374362,239.02659590009435,111200300,0.012679269021986331,241.9857650756836,7.974366032474835,-0.2099395512875128,0,0.0,0.0,0.0,1.0304579564755736,1.3767228018289581,0.016723866188125793,high,0.0002929903802982586,1,-0.2099395512875128,0.016723866188125793,0.011611405180492196
2018-02-16,240.38204956054688,242.32723516288615,239.6427135708152,239.68673797361885,160420100,0.0002929903802982586,241.66449737548828,7.898964641718331,-0.16235644456086895,0,0.0,0.0,0.0,1.0304579564755736,1.3771261683662313,0.016675299006139573,high,-0.006280696440664977,0,-0.16235644456086895,0.016675299006139573,0.008688055370858866
2018-02-20,238.87701416015625,240.87500789598906,238.08487024125643,239.43152296154543,86369700,-0.006280696440664977,241.16764221191406,7.736430907242584,-0.2960833075641377,0,0.0,-0.0,0.0,1.0304579564755736,1.3684768569422268,0.01655748064992689,high,-0.004986720370279429,0,-0.2960833075641377,0.01655748064992689,0.004516393965660082
2018-02-21,237.6887664794922,241.7991526348577,237.59196113335105,239.31707860169553,98883700,-0.004986720370279429,240.58496704101563,7.52428605438809,-0.3849136702922675,0,0.0,-0.0,0.0,1.0304579564755736,1.361652645523457,0.01653979559228985,high,0.001295160043921214,1,-0.3849136702922675,0.01653979559228985,0.0030221597007002122
2018-02-22,237.99681091308594,240.3292447538347,237.32790321531238,238.6129376757864,110511300,0.001295160043921214,240.02253952026368,7.258578810256117,-0.2790806106996395,0,0.0,0.0,0.0,1.0304579564755736,1.3634162036236386,0.016554815376996098,high,0.01581391980488331,1,-0.2790806106996395,0.016554815376996098,0.0006000005270522789
2018-02-23,241.79039001464844,241.79039001464844,238.74502323006428,239.22032038251334,92766400,0.01581391980488331,239.6445098876953,6.9369327225035065,0.3093413490939397,0,0.0,0.0,0.0,1.0304579564755736,1.3849771581284211,0.01703912968279598,high,0.011545131720349931,1,0.3093413490939397,0.01703912968279598,0.0012269306836316745
2018-02-26,244.5980682373047,244.6949004419044,242.2744445137796,242.86414055255415,86491400,0.011545131720349931,239.26251907348632,6.396240640726235,0.8341695479444262,0,0.0,0.0,0.0,1.0304579564755736,1.4009669018486897,0.017040500961107236,high,-0.012565153563571142,0,0.8341695479444262,0.017040500961107236,0.003477358951642009
2018-02-27,241.54388427734375,245.49584682465152,241.48226622730925,244.7828878438035,99099200,-0.012565153563571142,238.81142883300782,5.852122058154821,0.466917028931121,0,0.0,-0.0,0.0,1.0304579564755736,1.3833635375894804,0.01718459919718105,high,-0.01018152508187339,0,0.466917028931121,0.01718459919718105,0.002220467527060775
2018-02-28,239.09707641601562,243.093037374543,238.7802295651227,242.64414414191137,121907800,-0.01018152508187339,238.36650772094725,5.44094941005951,0.13427228228177557,0,0.0,-0.0,0.0,1.0304579564755736,1.3692787870341638,0.017181273954899358,high,-0.014647451798982776,0,0.13427228228177557,0.017181273954899358,0.0011815065847419835
2018-03-01,235.6204376220703,240.43494648514266,234.124144749757,238.88584580420968,176855100,-0.014647451798982776,237.74158935546876,4.958235148697005,-0.42780377892240046,0,0.0,-0.0,0.0,1.0304579564755736,1.3492223420017113,0.017405716887583286,high,0.005141787064277776,1,-0.42780377892240046,0.017405716887583286,-0.002007015783838815
2018-03-02,236.83506774902344,237.39838691130663,233.08557865965315,233.9481241936622,139083200,0.005141787064277776,237.19148635864258,4.352539737188217,-0.08188750273177069,0,0.0,0.0,0.0,1.0304579564755736,1.3561597559866503,0.017489612539331113,high,0.011491379289461237,1,-0.08188750273177069,0.017489612539331113,-0.004141442331959922
2018-03-05,239.57232666015625,240.18845345256145,235.54115233150563,235.6467947883253,97307400,0.011491379289461237,237.04801712036132,4.2155059005339055,0.5988153259316318,0,0.0,0.0,0.0,1.0304579564755736,1.3717439021197961,0.017099463216882986,high,0.002531979632791939,1,0.5988153259316318,0.017099463216882986,-0.004152192818137661
2018-03-06,240.1796875,240.62858072756487,238.68339464847247,240.5493421552027,79213200,0.002531979632791939,237.44189376831054,4.115571722258134,0.6652280452027429,0,0.0,0.0,0.0,1.0304579564755736,1.3752171297413698,0.013932412474607,high,-0.00036695724267023455,0,0.6652280452027429,0.013932412474607,-0.001132766178865044
2018-03-07,240.09156799316406,240.44362885622,237.82075259500968,238.01439009876876,87063500,-0.00036695724267023455,237.60251998901367,4.154950369750952,0.5990560133452532,0,0.0,-0.0,0.0,1.0304579564755736,1.374712483855367,0.013286576282416286,high,0.004827966719025237,1,0.5990560133452532,0.013286576282416286,0.0008301473889755871
2018-03-08,241.25352478027344,241.37673406240083,239.7748522315242,240.76941732621154,66901200,0.004827966719025237,237.88549575805663,4.203399967236649,0.8012630367009718,0,0.0,0.0,0.0,1.0304579564755736,1.3813495499756492,0.013236207293776336,high,0.017252543931404456,1,0.8012630367009718,0.013236207293776336,0.004725231092577191
2018-03-09,245.45187377929688,245.45187377929688,242.3448890552754,242.66176276423687,113625300,0.017252543931404456,238.8202331542969,3.6392425040173486,1.8222585105772262,0,0.0,0.0,0.0,1.0304579564755736,1.4051813437712297,0.009945109680720599,high,-0.0012562956387613608,0,1.8222585105772262,0.009945109680720599,0.007147382466002526
2018-03-12,245.14370727539062,246.3671503226627,244.75643227197514,245.74224028281935,71924800,-0.0012562956387613608,239.5692512512207,3.2884301977570116,1.6951723737278004,0,0.0,-0.0,0.0,1.0304579564755736,1.4034160205773811,0.009661315699295948,medium,-0.0064834202447496955,0,1.6951723737278004,0.009661315699295948,0.004597847480358006
2018-03-13,243.55947875976562,246.80729267739554,242.9521622151338,246.30559172999912,91968900,-0.0064834202447496955,240.07006759643554,3.0783915105701927,1.1335176670506624,0,0.0,-0.0,0.0,1.0304579564755736,1.3943170847377637,0.009496897312842357,medium,-0.005144675990615916,0,1.1335176670506624,0.009496897312842357,0.0027947675048496795
2018-03-14,242.30966186523438,244.70371419100942,241.75517991030418,244.51888687269934,105895100,-0.005144675990615916,240.479345703125,2.775498711182084,0.6594548773289965,0,0.0,-0.0,0.0,1.0304579564755736,1.3871437751086078,0.009632874424178556,medium,-0.0010902662566833767,0,0.6594548773289965,0.009632874424178556,0.001839223755260543
2018-03-15,242.04562377929688,243.46267799273133,241.5439227671176,242.8201740730757,83433000,-0.0010902662566833767,240.71743240356446,2.6898743042025073,0.49377451342515344,0,0.0,-0.0,0.0,1.0304579564755736,1.3856314190574384,0.009244718737797813,medium,0.0010836541466415297,1,0.49377451342515344,0.009244718737797813,0.0006555771601188203
2018-03-16,242.3080596923828,243.35965403873402,242.2550403949287,242.5731561796535,100343700,0.0010836541466415297,240.81725387573243,2.7109833614290433,0.549913303733642,0,0.0,0.0,0.0,1.0304579564755736,1.3871329642904167,0.00882746456424502,medium,-0.013622488332971448,0,0.549913303733642,0.00882746456424502,-0.002578200796833765
2018-03-19,239.02960205078125,242.48483756083203,237.37710397382494,241.55697267350652,109208400,-0.013622488332971448,240.74963150024413,2.7391318781391014,-0.6279469284375714,0,0.0,-0.0,0.0,1.0304579564755736,1.3682367616680904,0.009369254203823152,medium,0.0016989661010373674,1,-0.6279469284375714,0.009369254203823152,-0.005051439335675782
2018-03-20,239.43605041503906,240.07230891591502,238.75559119009515,239.4272048766045,59757300,0.0016989661010373674,240.77758331298827,2.7218144002544364,-0.49288184301758425,0,0.0,0.0,0.0,1.0304579564755736,1.3705613495443576,0.009269739614612875,medium,-0.0019209498971319919,0,-0.49288184301758425,0.009269739614612875,-0.003414962066518369
2018-03-21,238.97654724121094,241.4862264091591,238.76447003403774,239.39188308399758,78709600,-0.0019209498971319919,240.84197235107422,2.6594144735028995,-0.7014420386327371,0,0.0,-0.0,0.0,1.0304579564755736,1.3679285698609374,0.009206031960527742,medium,-0.025314849578863607,0,-0.7014420386327371,0.009206031960527742,-0.002770216847821585
2018-03-22,233.00282287597656,237.5979999945079,232.72885384939002,236.74966416722836,148785900,-0.025314849578863607,240.59227294921874,3.132911430154206,-2.42249110530029,1,0.0,-0.0,0.0,1.0304579564755736,1.3332996638802777,0.010829800994393261,high,-0.021545203830329245,0,-2.42249110530029,0.010829800994393261,-0.007615133512257631
2018-03-23,228.0364227294922,233.77159492761265,227.8420096555202,233.44463361413833,183534800,-0.021545203830329245,239.90457458496093,4.187970592494048,-2.8338670469032445,1,1.0,-0.022045203830329246,1.0,1.007741300786485,1.3045734508550677,0.01098686141747907,high,0.02699155058589596,1,-2.8338670469032445,0.01098686141747907,-0.012140905107651786
2018-03-26,234.27529907226562,234.55808665375656,229.23827674648547,231.64191725294216,141956100,0.02699155058589596,239.388436126709,4.215102783037324,-1.2130515713685492,0,1.0,0.02699155058589596,0.0,1.03494180108416,1.339785911146839,0.01249694431808935,high,-0.017158223079869646,0,-1.2130515713685492,0.01249694431808935,-0.004018097323878304
2018-03-27,230.2898406982422,235.7421981357411,228.7345361738358,235.21200520069758,129941400,-0.017158223079869646,238.82573394775392,4.641804011580875,-1.8389172029270213,0,0.0,-0.0005,1.0,1.034424330183618,1.316797565604115,0.012738173884958638,high,-0.002959197022200475,0,-1.8389172029270213,0.012738173884958638,-0.007789535160059707
2018-03-28,229.609375,232.09257102680974,228.50476146968228,230.4223824242795,146452300,-0.002959197022200475,238.35134887695312,5.077024443341355,-1.7218695664186614,0,0.0,-0.0,0.0,1.034424330183618,1.3129009021691385,0.012607235214643913,high,0.012696902244013352,1,-1.7218695664186614,0.012607235214643913,-0.007997184585073404
2018-03-29,232.5432891845703,234.40789128155768,229.61827403229532,230.7493974721348,111601600,0.012696902244013352,238.19749145507814,5.209048836048076,-1.0854577195320498,0,0.0,0.0,0.0,1.034424330183618,1.329570676580057,0.012648904085066155,high,-0.021821063671467505,0,-1.0854577195320498,0.012648904085066155,-0.00039483422049801166
2018-04-02,227.52391052246094,232.52560454766385,225.04957315969895,232.0130486932908,186286300,-0.021821063671467505,237.73193359375,5.7275137201506485,-1.7822782397491255,0,0.0,-0.0,0.0,1.034424330183618,1.3005580301906874,0.01341214488665161,high,0.012735466256343793,1,-1.7822782397491255,0.01341214488665161,-0.0004500061887256636
2018-04-03,230.4400634765625,230.91726410781752,226.96716475422534,228.76105618064247,119956900,0.012735466256343793,237.27532043457032,5.933394637225634,-1.1519976970896177,0,0.0,0.0,0.0,1.034424330183618,1.3171212430985977,0.01348074603308822,high,0.010642263592733306,1,-1.1519976970896177,0.01348074603308822,-0.0033012230546360976
2018-04-04,232.9055633544922,233.6125052626878,226.75508245525387,226.88763069202741,123715300,0.010642263592733306,236.91161422729493,5.96883154960671,-0.6711616569354695,0,0.0,0.0,0.0,1.034424330183618,1.3311383945512414,0.01374190295466023,high,0.007861273746254057,1,-0.6711616569354695,0.01374190295466023,0.0022588742798844933
2018-04-05,234.74371337890625,235.62740446622072,233.57723467130435,234.66415744910958,82652600,0.007861273746254057,236.64422149658202,5.938588180485528,-0.3200269255781915,0,0.0,0.0,0.0,1.034424330183618,1.3416028378649578,0.013901047191154566,high,-0.022538053412934706,0,-0.3200269255781915,0.013901047191154566,0.0044229684335754
2018-04-06,229.51222229003906,234.27530264645085,227.99227272647158,232.78188970165434,179521200,-0.022538053412934706,236.05715637207032,6.03845827606321,-1.0838750195518863,0,0.0,-0.0,0.0,1.034424330183618,1.3113657214462127,0.014612734100378185,high,0.004916255035092807,1,-1.0838750195518863,0.014612734100378185,-0.002624022697814212
2018-04-09,230.64334106445312,234.03671112210202,229.70663080225304,230.970302405471,105442900,0.004916255035092807,235.3167297363281,5.725660787645231,-0.8162182227000202,0,0.0,0.0,0.0,1.034424330183618,1.3178127297771207,0.013982074531231969,high,0.0157751452321837,1,-0.8162182227000202,0.013982074531231969,0.0027234410434978503
2018-04-10,234.3106231689453,235.09712096907836,232.39302912916128,233.5329709070938,103529000,0.0157751452321837,234.77507553100585,5.238800661045343,-0.08865623872924094,0,0.0,0.0,0.0,1.034424330183618,1.3386014169781753,0.014605743355720492,high,-0.005255852689006776,0,-0.08865623872924094,0.014605743355720492,0.0033313768386658317
2018-04-11,233.0823516845703,234.7436951143563,232.75539032260153,232.82607373811788,91140200,-0.005255852689006776,234.2512191772461,4.82137062465028,-0.2424346899820777,0,0.0,-0.0,0.0,1.034424330183618,1.3315659251212422,0.014589630727217069,high,0.008193422593498098,1,-0.2424346899820777,0.014589630727217069,0.00015175358231781527
2018-04-12,234.99993896484375,235.94549479836687,234.23113211691503,234.4078811025094,68890500,0.008193422593498098,233.88573303222657,4.440348253443385,0.2509276004991594,0,0.0,0.0,0.0,1.034424330183618,1.3424760074568627,0.014751815513047436,high,-0.0029375699044913704,0,0.2509276004991594,0.014751815513047436,0.00021818335176662356
2018-04-13,234.3106231689453,236.42265724229674,233.3032296247137,236.3077731170544,85079200,-0.0029375699044913704,233.49898300170898,4.008033791007806,0.20250332446230443,0,0.0,-0.0,0.0,1.034424330183618,1.3385323903398556,0.014754689969674497,high,0.008188368550374145,1,0.20250332446230443,0.014754689969674497,0.004138280053455291
2018-04-16,236.23712158203125,237.00595546518431,235.12368917353777,235.94551539526447,63405300,0.008188368550374145,233.1954360961914,3.5039610577717593,0.8680705737563532,0,0.0,0.0,0.0,1.034424330183618,1.3494927868685715,0.014908039078810931,high,0.01064176786678976,1,0.8680705737563532,0.014908039078810931,0.0047927027565115585
2018-04-17,238.7645263671875,239.3654299080255,237.49200888769818,238.004537915327,64682000,0.01064176786678976,233.18218231201172,3.481158908649647,1.6035878285548277,0,0.0,0.0,0.0,1.034424330183618,1.363853775844334,0.014836916994580009,high,0.0007396447678781603,1,1.6035878285548277,0.014836916994580009,0.00376602728343277
2018-04-18,238.94119262695312,239.74532760470183,238.48165610469013,239.20628910663888,57303900,0.0007396447678781603,233.1574394226074,3.435832611449995,1.6833629161884132,0,0.0,0.0,0.0,1.034424330183618,1.3648625431537884,0.014832496580458182,high,-0.0055630286870428855,0,1.6833629161884132,0.014832496580458182,0.004965126774809757
2018-04-19,237.6156463623047,238.49049167681346,236.58171619852686,238.28723307214477,77655900,-0.0055630286870428855,233.08939437866212,3.3262509296795284,1.3607668451155168,0,0.0,-0.0,0.0,1.034424330183618,1.3572697736723536,0.014878272100994525,high,-0.008515202928848609,0,1.3607668451155168,0.014878272100994525,0.0022138365187015603
2018-04-20,235.60089111328125,237.76594527827746,234.71719993868925,237.54502248462947,99953100,-0.008515202928848609,233.21929779052735,3.373094651185943,0.7060558831091676,0,0.0,-0.0,0.0,1.034424330183618,1.345712346120341,0.013827978019061387,high,-0.00015020227300021922,0,0.7060558831091676,0.013827978019061387,0.0010983099138301127
2018-04-23,235.5655059814453,236.73198452248616,234.4874019301393,236.1752549020754,65558000,-0.00015020227300021922,233.595751953125,3.178759500161006,0.6196612320688478,0,0.0,-0.0,0.0,1.034424330183618,1.3455102170671494,0.012819109487195621,high,-0.013558973338578936,0,0.6196612320688478,0.012819109487195621,-0.0005694042508447601
2018-04-24,232.39303588867188,236.81149026125064,230.89075061475296,236.5905675426217,112885500,-0.013558973338578936,233.50163879394532,3.1854382756154185,-0.34802209597335987,0,0.0,-0.0,0.0,1.034424330183618,1.3272664799071503,0.011758691005444749,high,0.00246863315524944,1,-0.34802209597335987,0.011758691005444749,-0.0054095524919185
2018-04-25,232.96743774414062,233.40928319691392,230.5107781054454,232.33117921342284,103840900,0.00246863315524944,233.63551864624023,3.098425496623446,-0.21561948248478283,0,0.0,0.0,0.0,1.034424330183618,1.3305430139453003,0.01108657564160312,high,0.0101146097776642,1,-0.21561948248478283,0.01108657564160312,-0.005063754814444243
2018-04-26,235.3357696533203,236.16644142701392,233.5507233779955,233.9925689185512,67731900,0.0101146097776642,233.92183837890624,2.968660974466043,0.4762858698165709,0,0.0,0.0,0.0,1.034424330183618,1.344000937323754,0.011251245481719109,high,0.0009380305624844136,1,0.4762858698165709,0.011251245481719109,-0.0019282271215028258
2018-04-27,235.55662536621094,236.2459031345323,234.619915244341,235.9454514886593,57053600,0.0009380305624844136,234.07250518798827,2.9714796288656995,0.4994549394872344,0,0.0,0.0,0.0,1.034424330183618,1.3452616512789715,0.010923035944771651,high,-0.0077199877757465184,0,0.4994549394872344,0.010923035944771651,-3.7580423236221476e-05
2018-04-30,233.74513244628906,236.73201256361304,233.6744220588823,236.1752828772571,82182300,-0.0077199877757465184,234.3835662841797,2.5448816870221225,-0.2508697520778226,0,0.0,-0.0,0.0,1.034424330183618,1.334876247775917,0.009793348716892844,high,0.0017751384189203397,1,-0.2508697520778226,0.009793348716892844,-0.0015515375237854813
2018-05-01,234.16043090820312,234.26646950425766,231.62421530140028,233.179519958485,74203400,0.0017751384189203397,234.56958465576173,2.371525730620171,-0.1725276442400684,0,0.0,0.0,0.0,1.034424330183618,1.3372458378878485,0.0094222666580175,medium,-0.006740076144266956,0,-0.1725276442400684,0.0094222666580175,0.0015152848277143738
2018-05-02,232.5874786376953,234.7790150265446,232.19865244584616,233.96603442039367,86368900,-0.006740076144266956,234.55368041992188,2.3843047095349537,-0.8246436683883663,0,0.0,-0.0,0.0,1.034424330183618,1.3282326991168802,0.009267105489466772,medium,-0.0022059558301072957,0,-0.8246436683883663,0.009267105489466772,-0.0003264570321889055
2018-05-03,232.07496643066406,232.72888925449539,228.9201825401397,231.75685056008035,136311500,-0.0022059558301072957,234.42024307250978,2.4469644999000995,-0.9584432638648674,0,0.0,-0.0,0.0,1.034424330183618,1.3253026764505242,0.009085352451296278,medium,0.012863102172331636,1,-0.9584432638648674,0.009085352451296278,-0.002790570153743205
2018-05-04,235.07945251464844,235.75991179330262,230.77588198168894,231.10284331231682,91222100,0.012863102172331636,234.69860458374023,2.158962427215111,0.17640322319062612,0,0.0,0.0,0.0,1.034424330183618,1.3423501801869717,0.007959237236933111,medium,0.0033776099067490046,1,0.17640322319062612,0.007959237236933111,-0.0004055558317737604
2018-05-07,235.8748016357422,236.84684011200807,235.1589871513474,235.8482919858096,55304900,0.0033776099067490046,234.96017761230468,1.948428851384373,0.4694161774435152,0,0.0,0.0,0.0,1.034424330183618,1.3468841154538975,0.007928787377430694,medium,0.0,0,0.4694161774435152,0.007928787377430694,0.0018139637047253445
2018-05-08,235.8748016357422,236.2370911954513,234.31065138539753,235.5036395685785,67499200,0.0,235.03838653564452,1.9523724866346965,0.42840959182916777,0,0.0,0.0,0.0,1.034424330183618,1.3468841154538975,0.007139700819338798,medium,0.009619337008942805,1,0.42840959182916777,0.007139700819338798,0.0014589360209412764
2018-05-09,238.1547088623047,238.4816701959383,236.02501045597168,236.54638487556414,59666100,0.009619337008942805,235.29200439453126,2.0134071717115702,1.4218209351762068,0,0.0,0.0,0.0,1.034424330183618,1.3598402476724403,0.007299885170475274,medium,0.009307063302139556,1,1.4218209351762068,0.007299885170475274,0.004730818651583229
2018-05-10,240.38157653808594,240.7085648074664,238.79094378719134,238.89698237483702,72063900,0.009307063302139556,235.56108627319335,2.3100774831347106,2.0867223286170096,-1,0.0,0.0,0.0,1.034424330183618,1.3724963669383248,0.007361020632092971,medium,0.0030467742766564043,1,2.0867223286170096,0.007361020632092971,0.007033422478032599
2018-05-11,241.11508178710938,241.38017828562056,239.99277701782748,240.505332872426,59871500,0.0030467742766564043,235.90130920410155,2.5991990357641765,2.0059150958691205,-1,-1.0,-0.0035467742766564043,1.0,1.0307554605781752,1.376678053563917,0.0073083255738874186,medium,0.00047648021286297686,1,2.0059150958691205,0.0073083255738874186,0.005070156898897552
2018-05-14,241.22999572753906,242.20203432090474,240.68208461608054,241.5481115650527,54790600,0.00047648021286297686,236.15095291137695,2.859854315603837,1.775979562472822,0,-1.0,-0.00047648021286297686,0.0,1.0302643259969093,1.3773340134159229,0.007134428679051624,medium,-0.006910933249086926,0,1.775979562472822,0.007134428679051624,0.004489930960120347
2018-05-15,239.56861877441406,240.01928281464853,238.62306299805707,240.00161870440058,87036100,-0.006910933249086926,236.19115753173827,2.9038442119257923,1.1631000137007705,0,0.0,-0.0005,1.0,1.029749193833911,1.3678153499875085,0.0069695629595836785,medium,0.00419637069643879,1,1.1631000137007705,0.0069695629595836785,0.003107744310302962
2018-05-16,240.5760498046875,241.0355864236159,239.57747457430713,239.60401119596355,53942600,0.00419637069643879,236.272900390625,3.0065267796337283,1.4312692782955094,0,0.0,0.0,0.0,1.029749193833911,1.3735552102403352,0.007027106093309833,medium,-0.000845446006603117,0,1.4312692782955094,0.007027106093309833,0.0020231510478021593
2018-05-17,240.37274169921875,241.45084554749067,239.59508948497634,240.31087687124426,56536400,-0.000845446006603117,236.4107551574707,3.13192824019416,1.2650310728391492,0,0.0,-0.0,0.0,1.029749193833911,1.3723939434729886,0.006896460084071593,medium,-0.002502769386215763,0,1.2650310728391492,0.006896460084071593,-7.350813946375273e-06
2018-05-18,239.7718963623047,240.39049092487784,239.4184253128825,240.02817433458355,64368000,-0.002502769386215763,236.6193054199219,3.212983870765457,0.981203476017367,0,0.0,-0.0,0.0,1.029749193833911,1.3689591579254365,0.006604119970039358,medium,0.007490352585413805,1,0.981203476017367,0.006604119970039358,-0.0011172595465208089
2018-05-21,241.57461547851562,242.1136810367539,240.8676734332078,241.25649964856024,58025900,0.007490352585413805,236.91976089477538,3.385582251059226,1.3749051827891376,0,0.0,0.0,0.0,1.029749193833911,1.3792131446933291,0.0067606807002984865,medium,-0.002784219840206036,0,1.3749051827891376,0.0067606807002984865,0.0002855149279893568
2018-05-22,240.9029541015625,242.35222006688994,240.57599279594973,242.0959421646103,52966400,-0.002784219840206036,237.34525680541992,3.3208656911720205,1.0713162250434083,0,0.0,-0.0,0.0,1.029749193833911,1.375373112092001,0.005891071338188856,low,0.002747520954840426,1,1.0713162250434083,0.005891071338188856,0.0011108576097655348
2018-05-23,241.5657501220703,241.5922867405001,239.47140684233702,239.63049171237495,64694200,0.002747520954840426,237.7751724243164,3.2806092594647556,1.1554493077216899,0,0.0,0.0,0.0,1.029749193833911,1.3791519785381978,0.005893071517448168,low,-0.002050770566786048,0,1.1554493077216899,0.005893071517448168,0.000821087661445862
2018-05-24,241.07086181640625,241.44202385280352,239.2858159433283,241.16808183683872,76043800,-0.002050770566786048,238.0619270324707,3.3067066119794797,0.9099491237096273,0,0.0,-0.0,0.0,1.029749193833911,1.376323654253487,0.005612153359515765,low,-0.0023853624233613267,0,0.9099491237096273,0.005612153359515765,0.0005800227494092758
2018-05-25,240.4965057373047,241.1239188105329,239.99279538347892,240.4965057373047,56374800,-0.0023853624233613267,238.30892105102538,3.2941924964006017,0.6640731191846171,0,0.0,-0.0,0.0,1.029749193833911,1.3730406235262473,0.005669348735295254,low,-0.01156762748709751,0,0.6640731191846171,0.005669348735295254,0.000603504141980163
2018-05-29,237.73056030273438,239.63051766461524,236.61712790053178,238.87052932624067,115908600,-0.01156762748709751,238.50819244384766,3.119501755341493,-0.24928087948075517,0,0.0,-0.0,0.0,1.029749193833911,1.3571578010686436,0.006035621642967804,low,0.013256239522404385,1,-0.24928087948075517,0.006035621642967804,-0.0032080918725221003
2018-05-30,240.9029541015625,241.34479953468355,238.967695915149,239.03837931848213,69678400,0.013256239522404385,238.84531860351564,2.986401680122894,0.6890015873424601,0,0.0,0.0,0.0,1.029749193833911,1.375148609949309,0.006644036519437706,medium,-0.006144894405272257,0,0.6890015873424601,0.006644036519437706,-1.5959455978986624e-17
2018-05-31,239.4271697998047,240.79687965125052,238.82626657259624,240.4964280376463,93519900,-0.006144894405272257,239.1873031616211,2.5985038805043703,0.09230951701986347,0,0.0,-0.0,0.0,1.029749193833911,1.3666984669496138,0.006606794785691849,medium,0.009770166454401185,1,0.09230951701986347,0.006606794785691849,-0.0017784830720225526
2018-06-01,241.7778778076172,242.0783295298531,240.6555729092625,240.72628329573612,71258400,0.009770166454401185,239.67244873046874,2.048242438947882,1.0279198580759492,0,0.0,0.0,0.0,1.029749193833911,1.3800513384646864,0.00679803882083222,medium,0.004739980052190686,1,1.0279198580759492,0.00679803882083222,0.0005857043322148941
2018-06-04,242.92662048339844,243.18289839279595,242.36107233671052,242.59965916870462,45385200,0.004739980052190686,240.06480712890624,1.865557091735576,1.5340261454179245,0,0.0,0.0,0.0,1.029749193833911,1.3865927542800083,0.006345464824453656,medium,0.0007272907742087344,1,1.5340261454179245,0.006345464824453656,0.002010772827325297
2018-06-05,243.10336303710938,243.48334363778017,242.2903555730624,243.0591623128724,51135000,0.0007272907742087344,240.4262351989746,1.7043262747588968,1.5707836449998323,0,0.0,0.0,0.0,1.029749193833911,1.3876012103977806,0.006334972273514699,medium,0.008325640653554001,1,1.5707836449998323,0.006334972273514699,0.004469756479586546
2018-06-06,245.13580322265625,245.24184179540956,243.09447979285272,243.71307409138146,62732200,0.008325640653554001,240.8892852783203,1.6601523223608419,2.5579086250935883,-1,0.0,0.0,0.0,1.029749193833911,1.399153879445989,0.006501921464220751,medium,-0.00010781634927106716,0,2.5579086250935883,0.006501921464220751,0.0034836367058164687
2018-06-07,245.109375,245.91353706797386,244.1991743240489,245.62193089603647,72969400,-0.00010781634927106716,241.23701858520508,1.781171834333242,2.174049881180884,-1,-1.0,-0.00039218365072893286,1.0,1.029345343035738,1.3990030277826386,0.006255247078378151,low,0.002952156628788154,1,2.174049881180884,0.006255247078378151,0.004691052317016707
2018-06-08,245.83404541015625,245.887064722189,244.48199901709302,244.64990249456807,72139700,0.002952156628788154,241.5096420288086,2.041584687111502,2.11816017657634,-1,-1.0,-0.002952156628788154,0.0,1.0263065543579828,1.403133103844802,0.005990346411088305,low,0.0013288929693497102,1,2.11816017657634,0.005990346411088305,0.0033274503518941007
2018-06-11,246.16094970703125,246.87673722150333,245.9400269687841,246.05491110756986,58892500,0.0013288929693497102,241.76193542480468,2.2872557544406282,1.9232717083282178,0,-1.0,-0.0013288929693497102,0.0,1.024942702793499,1.4049977175615633,0.005973579454311668,low,0.0012915953516281769,1,1.9232717083282178,0.005973579454311668,0.0026452329353259052
2018-06-12,246.47909545898438,246.8413850221631,245.8339913469702,246.57628852029868,72329000,0.0012915953516281769,242.02439041137694,2.513021094275672,1.772649285656479,0,0.0,-0.0005,1.0,1.0244302314421023,1.406812406082614,0.005972344763373995,low,-0.0031962242262841166,0,1.772649285656479,0.005972344763373995,0.002758093850809794
2018-06-13,245.6925506591797,246.97391309919198,245.48929206780932,246.71763521756895,79070600,-0.0031962242262841166,242.33058700561523,2.5704769531763203,1.3079143345012698,0,0.0,-0.0,0.0,1.0244302314421023,1.4023159181884557,0.005765038075870565,low,0.002514829064590531,1,1.3079143345012698,0.005765038075870565,0.0004537208748421701
2018-06-14,246.3112030029297,246.84139603030306,245.7191181648838,246.55863540507366,77097600,0.002514829064590531,242.61734466552736,2.681927698186245,1.3773146606079065,0,0.0,0.0,0.0,1.0244302314421023,1.4058425030172539,0.0057321598179978835,low,-0.001276658948790287,0,1.3773146606079065,0.0057321598179978835,0.0009782499576144895
2018-06-15,245.9969482421875,246.3342630036423,244.41691627211264,245.52649004573834,120041600,-0.001276658948790287,242.89855499267577,2.728638375345816,1.1355089327727619,0,0.0,-0.0,0.0,1.0244302314421023,1.4040477216051872,0.0057409753751558506,low,-0.0020586681219564493,0,1.1355089327727619,0.0057409753751558506,0.00013248684209880146
2018-06-18,245.4910430908203,245.61532839019964,244.0619246832231,244.5412411800012,52917600,-0.0020586681219564493,243.18451232910155,2.683021163066777,0.8596766933743917,0,0.0,-0.0,0.0,1.0244302314421023,1.401157253319013,0.005726919047553938,low,-0.003840350772628488,0,0.8596766933743917,0.005726919047553938,-0.0005450253761624304
2018-06-19,244.55007934570312,244.77199411824915,242.80138985447235,243.21859071042707,97531500,-0.003840350772628488,243.33328552246093,2.671524154110066,0.45546802239096185,0,0.0,-0.0,0.0,1.0244302314421023,1.3957763179786555,0.005629281139860447,low,0.001704622502137934,1,0.45546802239096185,0.005629281139860447,-0.0015714146010137632
2018-06-20,244.96730041503906,245.63304478761074,244.62998559866284,245.2335873283846,53785500,0.001704622502137934,243.53650283813477,2.6312027779970055,0.5437808096240636,0,0.0,0.0,0.0,1.0244302314421023,1.3981555896982332,0.005575975602958656,low,-0.006288692851712612,0,0.5437808096240636,0.005575975602958656,-0.0005912452553293533
2018-06-21,243.43161010742188,244.97615528081644,242.93452320471235,244.95838476265965,71061400,-0.006288692851712612,243.62979583740236,2.590411445297916,-0.0765074329563454,0,0.0,-0.0,0.0,1.0244302314421023,1.3893630186357158,0.005775505428578381,low,0.001821697459999126,1,-0.0765074329563454,0.005775505428578381,-0.002351949638589982
2018-06-22,243.87547302246094,244.80753140955053,243.65355822875506,244.69213138255017,54898500,0.001821697459999126,243.77002639770507,2.5195375454662656,0.041851579050931266,0,0.0,0.0,0.0,1.0244302314421023,1.3918940177177812,0.0057544321858548795,low,-0.013706478109032262,0,0.041851579050931266,0.0057544321858548795,-0.0017322783568320993
2018-06-25,240.55560302734375,242.88126540868595,238.86905624683794,242.72149328077796,137854200,-0.013706478109032262,243.77298126220703,2.51552782870338,-1.2790072119860671,0,0.0,-0.0,0.0,1.0244302314421023,1.3728160528338396,0.006561532383306285,medium,0.0022120701118038626,1,-1.2790072119860671,0.006561532383306285,-0.004061840354247262
2018-06-26,241.08831787109375,241.94046337873118,240.36931586633446,241.12383183493367,68547400,0.0022120701118038626,243.940869140625,2.1808082103993347,-1.3080248212239267,0,0.0,0.0,0.0,1.0244302314421023,1.3758528181933178,0.005979223303448999,low,-0.008319275117310064,0,-1.3080248212239267,0.005979223303448999,-0.002851356177360791
2018-06-27,239.09095764160156,243.10316657911685,238.94004369199013,241.6740485885047,105110700,-0.008319275117310064,243.85026931762695,2.345108142109867,-2.029463627098873,1,0.0,-0.0,0.0,1.0244302314421023,1.3644067200778414,0.005523818964083779,low,0.005701351716246244,1,-2.029463627098873,0.005523818964083779,-0.004856135701250391
2018-06-28,240.45799255371094,241.22136639578738,238.3275889896138,239.03773254071504,76650500,0.005701351716246244,243.90181045532228,2.252270366664623,-1.529042850530984,0,1.0,0.0052013517162462445,1.0,1.0297586533845882,1.3721856826730152,0.005507946432074692,low,0.0014384912814195345,1,-1.529042850530984,0.005507946432074692,-0.0024581267876586195
2018-06-29,240.80413818359375,242.91677098828745,240.68873817656709,241.54976851068503,97592500,0.0014384912814195345,243.8531234741211,2.3103746501246656,-1.3196930161793607,0,0.0,-0.0005,1.0,1.029243774057896,1.374159559814029,0.005042627048570745,low,0.0021357490347138413,1,-1.3196930161793607,0.005042627048570745,-0.002534768023374538
2018-07-02,241.31898498535156,241.47878420787828,238.99332252521182,239.23300781439923,63554800,0.0021357490347138413,243.77274169921876,2.3714642928007543,-1.034701100630636,0,0.0,0.0,0.0,1.029243774057896,1.3770944197674446,0.004940901399566099,low,-0.00353749927677868,0,-1.034701100630636,0.004940901399566099,0.0006336774053746824
2018-07-03,240.46682739257812,242.31317335709,240.04076839246304,242.21551677676098,42187100,-0.00353749927677868,243.6409149169922,2.4813668829462987,-1.2791689718391215,0,0.0,-0.0,0.0,1.029243774057896,1.3722229492534612,0.004984615427552892,low,0.00812485109501723,1,-1.2791689718391215,0.004984615427552892,-0.0005162364723418261
2018-07-05,242.4285430908203,242.49068572392176,240.52008160667532,241.594168530159,56925900,0.00812485109501723,243.50555191040038,2.4693398017676325,-0.43615253713122637,0,0.0,0.0,0.0,1.029243774057896,1.383372056385311,0.004965975672056756,low,0.008422806826638056,1,-0.43615253713122637,0.004965975672056756,0.0027725887701236327
2018-07-06,244.47909545898438,244.85189713270944,242.07351965385934,242.4552336768545,66493700,0.008422806826638056,243.47403793334962,2.451753593682305,0.40993415008122885,0,0.0,0.0,0.0,1.029243774057896,1.3950239319856135,0.005357357990956552,low,0.008964155583884668,1,0.40993415008122885,0.005357357990956552,0.0033168797922019945
2018-07-09,246.6804962158203,246.73375360283254,245.43777870351792,245.48215082962477,50550400,0.008964155583884668,243.5163604736328,2.501438885678119,1.2649262631614286,0,0.0,0.0,0.0,1.029243774057896,1.407529143555175,0.005697210710245401,low,0.0035914873408654326,1,1.2649262631614286,0.005697210710245401,0.004822012652695022
2018-07-10,247.5680389404297,247.66569549679943,246.8401522082092,247.13309478812107,51966800,0.0035914873408654326,243.58671493530272,2.597670866232922,1.532651444368925,0,0.0,0.0,0.0,1.029243774057896,1.4125842666561526,0.0057436698887099735,low,-0.007341073187462579,0,1.532651444368925,0.0057436698887099735,0.00511316031392534
2018-07-11,245.7572784423828,246.804736738426,245.45547760766024,246.01470715904813,77054700,-0.007341073187462579,243.55062408447264,2.5601132223158527,0.8619362373020558,0,0.0,-0.0,0.0,1.029243774057896,1.4022143821711717,0.005983409610911493,low,0.00902499463346752,1,0.8619362373020558,0.005983409610911493,0.004352445531788561
2018-07-12,247.9852752685547,248.03853263814824,246.41412868714167,247.0177302686697,60124700,0.00902499463346752,243.6652603149414,2.7081248793095822,1.5952052235916976,0,0.0,0.0,0.0,1.029243774057896,1.4148693594452375,0.0062726374866786195,low,0.0007875331044518722,1,1.5952052235916976,0.0062726374866786195,0.004532474239478617
2018-07-13,248.18064880371094,248.48244970085963,247.35513219481496,247.80784708514344,48216000,0.0007875331044518722,243.75873260498048,2.8336125909207377,1.5605224979938508,0,0.0,0.0,0.0,1.029243774057896,1.4159836159042751,0.006254786330226335,low,-0.0008947259011986141,0,1.5605224979938508,0.006254786330226335,0.003005419495041381
2018-07-16,247.9586944580078,248.3670100667939,247.5148648995688,248.2250084465951,48201000,-0.0008947259011986141,243.8568199157715,2.946858219140022,1.3919483861131812,0,0.0,-0.0,0.0,1.029243774057896,1.4147166986874526,0.006250049631297998,low,0.004037199898085785,1,1.3919483861131812,0.006250049631297998,0.0010336431980247248
2018-07-17,248.96177673339844,249.35234894826192,247.1332009498144,247.18645833464043,52315500,0.004037199898085785,244.03035659790038,3.1437749101964414,1.5686301584453812,0,0.0,0.0,0.0,1.029243774057896,1.4204281927992137,0.006272581097548422,low,0.0021013751585648686,1,1.5686301584453812,0.006272581097548422,0.0011227857094687952
2018-07-18,249.48548889160156,249.59200365975133,248.59782970474203,249.0416592981718,44593500,0.0021013751585648686,244.27712707519532,3.372126740075742,1.5445332331397639,0,0.0,0.0,0.0,1.029243774057896,1.423413045318087,0.0061862365835173615,low,-0.0037785634409293273,0,1.5445332331397639,0.0061862365835173615,0.003011275378674285
2018-07-19,248.54457092285156,249.2014300488867,248.06522737966486,248.81974310209378,61412100,-0.0037785634409293273,244.45599060058595,3.502994439431772,1.1671672316239334,0,0.0,-0.0,0.0,1.029243774057896,1.4180345888237063,0.00627419624891797,low,-0.001143721993679744,0,1.1671672316239334,0.00627419624891797,0.00045056376379491584
2018-07-20,248.26046752929688,248.97061099686556,248.1006954075452,248.3403535901727,82337700,-0.001143721993679744,244.6974334716797,3.593907321809682,0.9914095547191382,0,0.0,-0.0,0.0,1.029243774057896,1.41641275147667,0.006073771221855125,low,0.0018576468131034866,1,0.9914095547191382,0.006073771221855125,6.431274416859264e-05
2018-07-23,248.72207641601562,248.9262206602363,247.71013209713192,248.05633212913037,47047600,0.0018576468131034866,244.93976364135742,3.697473394402555,1.0229452307578706,0,0.0,0.0,0.0,1.029243774057896,1.4190439461104898,0.006074038076022039,low,0.0050196956759634825,1,1.0229452307578706,0.006074038076022039,0.0006147872870290127
2018-07-24,249.97372436523438,250.81701154231217,249.10383558173544,250.13352362824696,68026900,0.0050196956759634825,245.41066970825196,3.7094454568338917,1.230117738643636,0,0.0,0.0,0.0,1.029243774057896,1.4261671148707826,0.005046786823777504,low,0.008485967008395663,1,1.230117738643636,0.005046786823777504,0.0008112864426045522
2018-07-25,252.10401916503906,252.42356337421796,249.6807005552971,249.72507266572734,78882900,0.008485967008395663,245.96145477294922,3.8490644396015785,1.5958590687366259,0,0.0,0.0,0.0,1.029243774057896,1.4382695219560349,0.005256508557671073,low,-0.002361839232864788,0,1.5958590687366259,0.005256508557671073,0.002088204812570711
2018-07-26,251.50929260253906,252.19278026627643,251.28737785713315,251.38503443149696,57919500,-0.002361839232864788,246.5823715209961,3.680350853807948,1.3387096168956882,0,0.0,-0.0,0.0,1.029243774057896,1.4348725605716455,0.004773629636328795,low,-0.006799170142439931,0,1.3387096168956882,0.004773629636328795,0.002371549654183619
2018-07-27,249.80503845214844,251.9354148965734,248.88186539352202,251.83775830816563,76768700,-0.006799170142439931,247.04972381591796,3.447835833787368,0.7991432217362364,0,0.0,-0.0,0.0,1.029243774057896,1.4251166178996004,0.005141016202220068,low,-0.005236939439171798,0,0.7991432217362364,0.005141016202220068,0.0012404600244315816
2018-07-30,248.500244140625,250.04476273033924,247.9765012892581,249.88499054986124,63742500,-0.005236939439171798,247.43452911376954,3.1288053359475008,0.34061404032115195,0,0.0,-0.0,0.0,1.029243774057896,1.417653368477903,0.0053839728461363085,low,0.004916814377506644,1,0.34061404032115195,0.0053839728461363085,-0.00017845722602347538
2018-07-31,249.72508239746094,250.33756924478948,248.88182264202132,249.2635094920372,68570500,0.004916814377506644,247.854833984375,2.8126842812004162,0.6649336456232957,0,0.0,0.0,0.0,1.029243774057896,1.4246237069423557,0.005434944535784586,low,-0.0016721799366203008,0,0.6649336456232957,0.005434944535784586,-0.000199033485714843
2018-08-01,249.30784606933594,250.43519012087674,248.6598724603188,249.92921808621028,53853300,-0.0016721799366203008,248.2968849182129,2.223476256545331,0.45467593735127,0,0.0,-0.0,0.0,1.029243774057896,1.422241479762373,0.005355543585500124,low,0.00543309734930153,1,0.45467593735127,0.005355543585500124,-0.0022306628747180363
2018-08-02,250.66604614257812,250.8346764359806,247.79889772747592,248.00306905621076,63426400,0.00543309734930153,248.7087600708008,1.8022756504299426,1.0860081649055244,0,0.0,0.0,0.0,1.029243774057896,1.4299686561761367,0.0052204914573419255,low,0.004275573966896486,1,1.0860081649055244,0.0052204914573419255,-0.0006716755582847724
2018-08-03,251.74008178710938,251.79333915658174,250.61273759180847,250.79028021618376,53935400,0.004275573966896486,249.07180938720703,1.6283428026996662,1.6386429168836933,0,0.0,0.0,0.0,1.029243774057896,1.4360825929359613,0.005016560822775651,low,0.003660938816325896,1,1.6386429168836933,0.005016560822775651,0.001543273263582511
2018-08-06,252.6633758544922,252.97403496234404,251.38514419569398,251.7757164852831,39400900,0.003660938816325896,249.37095336914064,1.713256885302785,1.9217331117100278,0,0.0,0.0,0.0,1.029243774057896,1.4413400034438903,0.00473126803872136,low,0.0032964807823051357,1,1.9217331117100278,0.00473126803872136,0.00332284891468205
2018-08-07,253.49765014648438,253.8793641115752,253.19584933141965,253.32901985532757,43196600,0.0032964807823051357,249.66743392944335,1.888898946167873,2.0277507300280013,-1,0.0,0.0,0.0,1.029243774057896,1.4460913530660107,0.004723868049334587,low,-0.0004199344729140975,0,2.0277507300280013,0.004723868049334587,0.002998782195641748
2018-08-08,253.39122009277344,253.79067761960602,252.92964700178607,253.32910452861861,42114600,-0.0004199344729140975,250.04913101196288,1.8274840275634197,1.8287924985404946,0,-1.0,-8.006552708590253e-05,1.0,1.029161367112626,1.4454840894558751,0.00430111260726836,low,-0.001367589091889575,0,1.8287924985404946,0.00430111260726836,0.0032492312883829885
2018-08-09,253.044921875,253.84380944427295,252.91177846165436,253.45323737232636,35717000,-0.001367589091889575,250.30211334228517,1.8762998403260163,1.4618178149171808,0,0.0,-0.0005,1.0,1.0286467864290698,1.4435072611826354,0.0039623389669721275,low,-0.006722375877106546,0,1.4618178149171808,0.0039623389669721275,0.0018890940001447677
2018-08-10,251.3495635986328,252.14845140127855,250.63942003800895,251.6069923324344,77076000,-0.006722375877106546,250.46055908203124,1.8206991127985435,0.4882764594942384,0,0.0,-0.0,0.0,1.0286467864290698,1.4338034627916332,0.004323868409247048,low,-0.0037504880014687545,0,0.4882764594942384,0.004323868409247048,-0.0003104959686558386
2018-08-13,250.4086456298828,252.23722126791043,250.11570294744925,251.62473430195678,65732900,-0.0037504880014687545,250.583056640625,1.7233262711504402,-0.10120603025783657,0,0.0,-0.0,0.0,1.0286467864290698,1.428426000107969,0.004423038363833436,low,0.006360352597376374,1,-0.10120603025783657,0.004423038363833436,-0.0017927813322147685
2018-08-14,252.00640869140625,252.24609398133148,250.74594796127278,251.13652012561974,43842000,0.006360352597376374,250.73528823852538,1.7069688221308532,0.7446653016743988,0,0.0,0.0,0.0,1.0286467864290698,1.4375112931279155,0.004549743938525761,low,-0.007495555740551985,0,0.7446653016743988,0.004549743938525761,-0.0011800069692005212
2018-08-15,250.12454223632812,250.79917171871017,248.68653904636793,250.65714303351385,102925400,-0.007495555740551985,250.76724090576172,1.68822082378816,-0.3806958546995426,0,0.0,-0.0,0.0,1.0286467864290698,1.4267363471026022,0.004878151921039411,low,0.008059049547723641,1,-0.3806958546995426,0.004878151921039411,-0.0025951312227280986
2018-08-16,252.14845275878906,253.0183684667841,251.52708052604874,251.56259447657288,69967900,0.008059049547723641,250.9474349975586,1.6298173543652237,0.7369032842936215,0,0.0,0.0,0.0,1.0286467864290698,1.4382344860154406,0.005092651728814864,low,0.0035139821463829476,1,0.7369032842936215,0.005092651728814864,-0.0007098034948054555
2018-08-17,253.0360565185547,253.47988599074597,251.53591073541207,251.94422626485172,65618500,0.0035139821463829476,251.18621444702148,1.5639360051513522,1.1828118704602506,0,0.0,0.0,0.0,1.0286467864290698,1.443288416321611,0.005109418767443218,low,0.0021381612803571025,1,1.1828118704602506,0.005109418767443218,0.0013374681098924433
2018-08-20,253.57766723632812,253.84395421488645,253.03618092764017,253.48889588040385,39807500,0.0021381612803571025,251.42899398803712,1.5379455337848214,1.3971062050573448,0,0.0,0.0,0.0,1.0286467864290698,1.4463743997297778,0.005112417860565291,low,0.0023420565023297094,1,1.3971062050573448,0.005112417860565291,0.0025151979662576146
2018-08-21,254.17225646972656,255.0332867211678,253.61302700580478,254.092370416195,67272000,0.0023420565023297094,251.63892059326173,1.613537281379921,1.5700510336509153,0,0.0,0.0,0.0,1.0286467864290698,1.4497618902974683,0.0050351703382257584,low,-0.0005936049199524465,0,1.5700510336509153,0.0050351703382257584,0.001711538747248282
2018-08-22,254.02142333984375,254.54513897210413,253.49768061837668,253.76399460900163,44993300,-0.0005936049199524465,251.73479080200195,1.6974086957412016,1.347131391266557,0,0.0,-0.0,0.0,1.0286467864290698,1.4489013045066281,0.004707485451129741,low,-0.0013287656596273477,0,1.347131391266557,0.004707485451129741,0.0030919289113681895
2018-08-23,253.68411254882812,254.704915139344,253.36454117286772,253.84388469220477,49204900,-0.0013287656596273477,251.8435317993164,1.7510183964877017,1.0511487219115905,0,0.0,-0.0,0.0,1.0286467864290698,1.4469760542090104,0.004681425757902177,low,0.005999969545248824,1,1.0511487219115905,0.004681425757902177,0.0012143658698979918
2018-08-24,255.21078491210938,255.35281356783872,254.2077261548432,254.26098351459217,57487400,0.005999969545248824,252.11381912231445,1.8349971566251606,1.6877223916197854,0,0.0,0.0,0.0,1.0286467864290698,1.4556578664669688,0.004512901272324535,low,0.007864604102333224,1,1.6877223916197854,0.004512901272324535,0.001711563349671167
2018-08-27,257.225830078125,257.33234482639574,256.24939973697053,256.40917185937667,57072400,0.007864604102333224,252.55009841918945,1.9634156073701186,2.381427366363059,-1,0.0,0.0,0.0,1.0286467864290698,1.4671060392951785,0.004500023794691065,low,0.00048322742768425425,1,2.381427366363059,0.004500023794691065,0.0028568519140663912
2018-08-28,257.35015869140625,257.79398827676107,256.88855858554405,257.6874464213411,46943500,0.00048322742768425425,252.9313522338867,2.120052007399498,2.0842915372343818,-1,-1.0,-0.0009832274276842543,1.0,1.0276353926952535,1.4678149851726872,0.0044433880406701785,low,0.005366082787964324,1,2.0842915372343818,0.0044433880406701785,0.0024850860991373004
2018-08-29,258.7348327636719,258.9656056631164,257.3234583260667,257.56311648329,61485500,0.005366082787964324,253.4027015686035,2.3113561204557076,2.3069275858784954,-1,-1.0,-0.005366082787964324,0.0,1.0221210161022085,1.4756914019005383,0.0044573007344206,low,-0.004056470341889888,0,2.3069275858784954,0.0044573007344206,0.0036770236407206542
2018-08-30,257.6874084472656,258.6283248624232,257.09269206048697,258.25552323561953,61229500,-0.004056470341889888,253.7537696838379,2.4051417386876235,1.6355122445191654,0,-1.0,0.004056470341889888,0.0,1.0262672196898495,1.4697053034949468,0.004560341960454161,low,3.446215034812093e-05,1,1.6355122445191654,0.004560341960454161,0.0031314827042681465
2018-08-31,257.6962890625,258.1401185744521,256.790886610231,257.27908823769684,66140800,3.446215034812093e-05,254.05158004760742,2.509184484110263,1.452547247112828,0,0.0,-0.0005,1.0,1.0257540860800045,1.4697559527000832,0.004517074780440623,low,-0.0017238522590779716,0,1.452547247112828,0.004517074780440623,0.0019383812252880058
2018-09-04,257.25244140625,257.6074995729283,256.2493824457125,257.27907009152085,57594400,-0.0017238522590779716,254.28103332519532,2.5842595921650706,1.1498102164594293,0,0.0,-0.0,0.0,1.0257540860800045,1.4672223105807278,0.0045212179973671135,low,-0.0026949623562522087,0,1.1498102164594293,0.0045212179973671135,2.0689953005766917e-05
2018-09-05,256.5600891113281,257.10157520760544,255.54817190054018,256.897403877992,72452400,-0.0026949623562522087,254.4341552734375,2.625793460082166,0.8096348285611501,0,0.0,-0.0,0.0,1.0257540860800045,1.4632682016854595,0.004552457241362763,low,-0.0030146044689696398,0,0.8096348285611501,0.004552457241362763,-0.0006149480037815257
2018-09-06,255.78782653808594,256.9684011158249,254.75813882384264,256.66660029963003,65909900,-0.0030146044689696398,254.55398559570312,2.630374804033366,0.46907419448014204,0,0.0,-0.0,0.0,1.0257540860800045,1.4588570268253573,0.004619541567926029,low,-0.0019453016944426566,0,0.46907419448014204,0.004619541567926029,-0.0022910854551683184
2018-09-07,255.2907257080078,256.2671559948301,254.50069622028732,254.74038147976307,73524800,-0.0019453016944426566,254.66627578735353,2.61042335265149,0.23921404166876298,0,0.0,-0.0,0.0,1.0257540860800045,1.4560191097791244,0.004633426451482302,low,0.0017369679253327196,1,0.23921404166876298,0.004633426451482302,-0.001868851725678872
2018-09-10,255.7345428466797,256.56894440702337,255.53925679874393,256.30263047481964,50210900,0.0017369679253327196,254.88552474975586,2.498958774098566,0.33974874084511025,0,0.0,0.0,0.0,1.0257540860800045,1.4585481682714823,0.004320564169634555,low,0.00329204524650337,1,0.33974874084511025,0.004320564169634555,-0.0015283505706819521
2018-09-11,256.57781982421875,257.0216493185275,254.7403863055744,255.08655922474992,50530500,0.00329204524650337,255.19398345947266,2.2892148112781947,0.6045026259346173,0,0.0,0.0,0.0,1.0257540860800045,1.4633497748356366,0.00421019738310996,low,0.0002424909433071169,1,0.6045026259346173,0.00421019738310996,-0.0005251710695656841
2018-09-12,256.6400451660156,257.2436469713986,255.8500424979255,256.58678777667075,59810800,0.0002424909433071169,255.42566528320313,2.1815797848964635,0.5566516023021033,0,0.0,0.0,0.0,1.0257540860800045,1.4637046239029248,0.004035450404445705,low,0.005896786395725112,1,0.5566516023021033,0.004035450404445705,6.231959034618104e-05
2018-09-13,258.1578674316406,258.3442953348075,257.4211223455566,257.70517974058833,51034200,0.005896786395725112,255.82733154296875,1.871712193022107,1.245135815944513,0,0.0,0.0,0.0,1.0257540860800045,1.4723357774165156,0.0036608347367325746,low,0.00017186671884678316,1,1.245135815944513,0.0036608347367325746,0.0018445977632851316
2018-09-14,258.2022399902344,258.548412894725,257.4210957791152,258.3620120999993,55079900,0.00017186671884678316,256.130020904541,1.7295641095019882,1.198116377594135,0,0.0,0.0,0.0,1.0257540860800045,1.472588822935621,0.003336690784784585,low,-0.005308262293889479,0,1.198116377594135,0.003336690784784585,0.0022680314459430193
2018-09-17,256.83526611328125,258.1844981163113,256.5600939750923,258.149011258561,68244000,-0.005308262293889479,256.31998138427736,1.5734558625110402,0.3274859761122021,0,0.0,-0.0,0.0,1.0257540860800045,1.4647719352124287,0.0035865646987218135,low,0.005411557237209241,1,0.3274859761122021,0.0035865646987218135,0.0008589854020985795
2018-09-18,258.2289123535156,258.82362878130147,257.02168188962406,257.04831057908905,61930400,0.005411557237209241,256.5525436401367,1.4882262521893077,1.1264206036634719,0,0.0,0.0,0.0,1.0257540860800045,1.4726986323792886,0.0037254786633576947,low,0.0010655368724934342,1,1.1264206036634719,0.0037254786633576947,0.0012828878002397537
2018-09-19,258.50421142578125,258.921412491703,258.15801120355667,258.2822965415509,49080600,0.0010655368724934342,256.76914138793944,1.4379531985144742,1.2066248328765363,0,0.0,0.0,0.0,1.0257540860800045,1.4742678470741593,0.003710536481849482,low,0.008070486722585465,1,1.2066248328765363,0.003710536481849482,0.001447496986077017
2018-09-20,260.5989074707031,260.9184787850341,258.52178873975845,259.7645329642432,100360600,0.008070486722585465,257.09801559448243,1.5259245260274894,2.2942759071673926,-1,0.0,0.0,0.0,1.0257540860800045,1.4861659061595058,0.004026089163565072,low,-0.0009139579199821902,0,2.2942759071673926,0.004026089163565072,0.0018822370514490878
2018-09-21,260.36083984375,261.45761269257395,260.200344464458,261.34169029247494,105479700,-0.0009139579199821902,257.43185195922854,1.469027985679009,1.9938271517459452,0,-1.0,0.0004139579199821902,1.0,1.0261787051078914,1.4848076130591639,0.004012999756246217,low,-0.003327452911073249,0,1.9938271517459452,0.004012999756246217,0.0016650721236832929
2018-09-24,259.4959411621094,259.9239561004905,258.9163563078542,259.78128445436346,53409600,-0.003327452911073249,257.6461097717285,1.4402488534379765,1.2843831716756389,0,0.0,-0.0005,1.0,1.0256656157553377,1.4798669856447064,0.003979770207778006,low,-0.0009282030537754654,0,1.2843831716756389,0.003979770207778006,0.0020612340002465392
2018-09-25,259.25518798828125,260.05769215619654,259.0144449014566,259.95069522871887,44370000,-0.0009282030537754654,257.7475776672363,1.4800178065520488,1.018643366566754,0,0.0,-0.0,0.0,1.0256656157553377,1.4784933685894495,0.00363258542719994,low,-0.0029966195979185682,0,1.018643366566754,0.00363258542719994,0.0007932819420495979
2018-09-26,258.4794616699219,260.58380737485373,258.06037218301276,259.397888348233,79739700,-0.0029966195979185682,257.8040428161621,1.485589507953419,0.4546470274216177,0,0.0,-0.0,0.0,1.0256656157553377,1.4740628863857417,0.003710534309152756,low,0.0027903660168864955,1,0.4546470274216177,0.003710534309152756,-1.9149352032802464e-05
2018-09-27,259.20172119140625,260.28956877338703,258.6756347591469,258.95205259284523,59249500,0.0027903660168864955,257.8273872375488,1.5045332063419543,0.9134620279993224,0,0.0,0.0,0.0,1.0256656157553377,1.478176061370666,0.003564301192652236,low,0.0001031321080835518,1,0.9134620279993224,0.003564301192652236,-0.0010751734931725965
2018-09-28,259.22845458984375,259.7277917564604,258.5418727887045,258.57752029215237,70091400,0.0001031321080835518,257.90443954467776,1.5361167327145318,0.861923457357485,0,0.0,0.0,0.0,1.0256656157553377,1.478328508783994,0.0034283743323243613,low,0.003468033725216412,1,0.861923457357485,0.0034283743323243613,-0.0008717554875594481
2018-10-01,260.1290283203125,261.1990247523705,259.4602703458394,260.46784283610697,62078900,0.003468033725216412,258.02607650756835,1.6131530957562146,1.303628166648578,0,0.0,0.0,0.0,1.0256656157553377,1.4834554019094057,0.003499703742976723,low,-0.000583118552997574,0,1.303628166648578,0.003499703742976723,0.0004873418396984841
2018-10-02,259.9773864746094,260.69071730657924,259.6028973119646,259.9773864746094,47258200,-0.000583118552997574,258.16232376098634,1.6588015384102393,1.0942012480664527,0,0.0,-0.0,0.0,1.0256656157553377,1.482590371542008,0.00347125077543337,low,0.00054874405764964,1,1.0942012480664527,0.00347125077543337,0.0005563587398540623
2018-10-03,260.1200866699219,261.448677055501,259.7634212147403,261.0295876624094,64694600,0.00054874405764964,258.340323638916,1.6687976910116251,1.066494183562166,0,0.0,0.0,0.0,1.0256656157553377,1.4834039341983203,0.003387565877933264,low,-0.007846045827788323,0,1.066494183562166,0.003387565877933264,0.0012654314709677039
2018-10-04,258.087158203125,259.6921669454175,256.4999732159816,259.6386684681304,111545900,-0.007846045827788323,258.45529022216795,1.5593070984765682,-0.2360869256624358,0,0.0,-0.0,0.0,1.0256656157553377,1.4717650789494787,0.0038113395029591764,low,-0.005612861140114749,0,-0.2360869256624358,0.0038113395029591764,-0.0008618508979672598
2018-10-05,256.6426086425781,258.82720205480575,255.2159192888122,258.3100411101316,105951700,-0.005612861140114749,258.5228843688965,1.4396143579206013,-1.306096814034458,0,0.0,-0.0,0.0,1.0256656157553377,1.4635042659304653,0.004015296064809803,low,0.0,0,-1.306096814034458,0.004015296064809803,-0.00200504954760692
2018-10-08,256.6426086425781,256.9992741780606,254.57391044020932,255.95599959464238,87742200,0.0,258.5682876586914,1.359114643688294,-1.4168628268822754,0,0.0,0.0,0.0,1.0256656157553377,1.4635042659304653,0.004000519144982869,low,-0.0014604582088896098,0,-1.4168628268822754,0.004000519144982869,-0.0026986562926502025
2018-10-09,256.26806640625,257.56990772534647,255.7063053186593,256.2591681367459,74339000,-0.0014604582088896098,258.552799987793,1.3845181173889574,-1.6502012886994402,0,0.0,-0.0,0.0,1.0256656157553377,1.4613668791115422,0.00394654754910172,low,-0.0321753426399171,0,-1.6502012886994402,0.00394654754910172,-0.0028741242238286093
2018-10-10,248.15379333496094,255.83114939791164,247.77930409003628,255.75979997194213,214731000,-0.0321753426399171,258.12848739624025,2.688188617095933,-3.710563313096323,1,0.0,-0.0,0.0,1.0256656157553377,1.414346899053502,0.008190692997292116,medium,-0.02227263477818756,0,-3.710563313096323,0.008190692997292116,-0.009418941563341958
2018-10-11,242.68785095214844,248.68882246381915,241.07388981647085,247.06596305815177,274840500,-0.02227263477818756,257.3549865722656,4.375452595530471,-3.3521413613530306,1,1.0,-0.02277263477818756,1.0,1.0023085072831965,1.3828456671212213,0.00918110752569223,medium,0.013792709755284746,1,-3.3521413613530306,0.00918110752569223,-0.012304259353421804
2018-10-12,246.05836486816406,247.07486285260504,242.86614485598972,246.7895195822303,183186500,0.013792709755284746,256.74779281616213,5.043334638913624,-2.1195158983740687,1,1.0,0.013792709755284746,0.0,1.0161330576094065,1.4019188560441775,0.009911888730963147,high,-0.005632713048662067,0,-2.1195158983740687,0.009911888730963147,-0.008423145174341905
2018-10-15,244.67628479003906,247.03032630002048,244.58711160341807,245.70170840659046,102263700,-0.005632713048662067,256.13984375,5.719729817079397,-2.0042133678640193,1,1.0,-0.005632713048662067,0.0,1.0104094716766332,1.394022249410572,0.009917148222953516,high,0.021630086631207156,1,-2.0042133678640193,0.009917148222953516,-0.00954968778407432
2018-10-16,250.02630615234375,250.4008225865687,246.1653554678994,246.63794334214083,118255800,0.021630086631207156,255.7297134399414,5.854543315959813,-0.9741848304460997,0,1.0,0.021630086631207156,0.0,1.032264716081991,1.424175071431153,0.011174991811919515,high,0.00017849311764190655,1,-0.9741848304460997,0.011174991811919515,-0.0049315788160549665
2018-10-17,250.07093811035156,250.69509596423816,247.4939773585941,250.06201262855035,110626000,0.00017849311764190655,255.30804977416992,5.947161045615559,-0.8806070028453867,0,0.0,-0.0005,1.0,1.0317485837239502,1.4244292768797204,0.011165553564588862,high,-0.014546565923062022,0,-0.8806070028453867,0.011165553564588862,0.0015391883354568352
2018-10-18,246.4595947265625,249.73206231706183,245.18450274712131,249.13462656631208,134557500,-0.014546565923062022,254.6010841369629,6.1229152794537445,-1.3296753325528192,0,0.0,-0.0,0.0,1.0317485837239502,1.40370872250085,0.0112731647583726,high,-0.0005427434090264249,0,-1.3296753325528192,0.0112731647583726,0.003084402106481942
2018-10-19,246.32586669921875,249.04547171831402,245.6303594581884,247.11054711716747,139901600,-0.0005427434090264249,253.89933547973632,6.231360217943853,-1.2153797109512265,0,0.0,-0.0,0.0,1.0317485837239502,1.4029468688435198,0.0112767198226614,high,-0.004498802240748833,0,-1.2153797109512265,0.0112767198226614,0.0002173114736197088
2018-10-22,245.22018432617188,247.31560422320294,244.68517250087024,246.99461345512103,82415800,-0.004498802240748833,253.18554763793946,6.3725685190518595,-1.249945494968599,0,0.0,-0.0,0.0,1.0317485837239502,1.3966352883263151,0.011282803972728815,high,-0.005103616259212463,0,-1.249945494968599,0.011282803972728815,0.00044409363520235556
2018-10-23,243.97186279296875,245.09538512809797,239.5134753828841,241.60002463722046,146352700,-0.005103616259212463,252.42138137817383,6.521040496806727,-1.295731653459706,0,0.0,-0.0,0.0,1.0317485837239502,1.389507397760623,0.011284406785899738,high,-0.03076718683559215,0,-1.295731653459706,0.011284406785899738,-0.004902646942881568
2018-10-24,236.579833984375,244.1055927711054,236.02699839773905,243.72215084103613,177806700,-0.03076718683559215,251.32639999389647,7.248339252362035,-2.034475139214265,1,0.0,-0.0,0.0,1.0317485837239502,1.3467561640442844,0.012875445593246979,high,0.017781315752838135,1,-2.034475139214265,0.012875445593246979,-0.01109178293352838
2018-10-25,240.82415771484375,242.36676901273205,237.39122238530192,238.4166456867947,138061500,0.017781315752838135,250.40752182006835,7.3614203556055156,-1.3018362818973026,0,1.0,0.017281315752838134,1.0,1.0495785567768274,1.3707032606392369,0.013725951537680319,high,-0.01774384345355384,0,-1.3018362818973026,0.013725951537680319,-0.004626206598348348
2018-10-26,236.5886993408203,241.64452103456355,233.87802024719272,237.1148128348693,201574600,-0.01774384345355384,249.2755340576172,7.667919354392382,-1.6545341872341857,0,0.0,-0.0005,1.0,1.049053767498439,1.3463817165611784,0.014043719117971499,high,-0.005555783630292128,0,-1.6545341872341857,0.014043719117971499,-0.00806642660725383
2018-10-29,235.2779083251953,240.97573809899973,231.7023016311721,239.68279540948294,160749100,-0.005555783630292128,248.03297805786133,7.828420010878928,-1.6293287425739376,0,0.0,-0.0,0.0,1.049053767498439,1.3389015110601834,0.013916286073529256,high,0.014709969526845185,1,-1.6293287425739376,0.013916286073529256,-0.008277822885162489
2018-10-30,238.76441955566406,239.07651205137157,234.6181255750687,235.10856441456093,157116000,0.014709969526845185,246.97232971191406,7.557278901392561,-1.0860933231850876,0,0.0,0.0,0.0,1.049053767498439,1.3585967114873256,0.014577388854903409,high,0.010624126487589753,1,-1.0860933231850876,0.014577388854903409,-0.00431510572795096
2018-10-31,241.31460571289062,243.63297188220236,240.85984163174297,241.33242946068574,128296300,0.010624126487589753,246.0320556640625,6.983442242740877,-0.6755192908018339,0,0.0,0.0,0.0,1.049053767498439,1.3730306147957905,0.014922182782732892,high,0.010585895252179124,1,-0.6755192908018339,0.014922182782732892,0.003963156936685421
2018-11-01,243.88270568847656,244.07887581404464,241.09175094319107,242.17959851009834,99495000,0.010585895252179124,245.32183303833008,6.389986945561399,-0.22521600781253007,0,0.0,0.0,0.0,1.049053767498439,1.3875653730620539,0.015222196297671598,high,-0.005940554928618685,0,-0.22521600781253007,0.015222196297671598,0.002524072836553618
2018-11-02,242.43820190429688,245.41640140740168,240.3873273833,244.98838642284932,122634100,-0.005940554928618685,244.61161270141602,5.830382490931102,-0.3727732786827947,0,0.0,-0.0,0.0,1.049053767498439,1.3793224647463294,0.015225524764665379,high,0.005501432224504136,1,-0.3727732786827947,0.015225524764665379,0.004884730541540649
2018-11-05,243.775634765625,244.32847025758082,241.95660571803845,242.92853056870712,65622500,0.005501432224504136,243.96826400756837,5.096695961502533,-0.037794925064860437,0,0.0,0.0,0.0,1.049053767498439,1.3869107138018673,0.015329008985599805,high,0.0063079606247191415,1,-0.037794925064860437,0.015329008985599805,0.007096173712499902
2018-11-06,245.31822204589844,245.47871740787724,243.65079006885313,243.71321400245424,60085900,0.0063079606247191415,243.42077178955077,4.218332034040128,0.44981055095617384,0,0.0,0.0,0.0,1.049053767498439,1.3956592919745305,0.015456542871136328,high,0.021183275623641917,1,0.44981055095617384,0.015456542871136328,0.005415771932074693
2018-11-07,250.57029724121094,250.65054494895162,247.0659840655122,247.49399905196626,102752100,0.021183275623641917,243.54159698486328,4.392064761511713,1.600317991196569,0,0.0,0.0,0.0,1.049053767498439,1.4252239274331238,0.014587875919845202,high,-0.0018168445974454967,0,1.600317991196569,0.014587875919845202,0.007527601759285127
2018-11-08,250.11546325683594,250.75747195152988,248.97411748980556,249.7676960751215,65584900,-0.0018168445974454967,243.91297760009766,4.623980904866947,1.3413735446463202,0,0.0,-0.0,0.0,1.049053767498439,1.4226345170404169,0.013591409265985406,high,-0.009816338609048037,0,1.3413735446463202,0.013591409265985406,0.005047053789360202
2018-11-09,247.67225646972656,248.9919212498932,246.26339131943897,248.80467666575584,98812600,-0.009816338609048037,243.9936721801758,4.677167651404142,0.7864982749648528,0,0.0,-0.0,0.0,1.049053767498439,1.4086694549042287,0.01349313137716779,high,-0.018861730829849224,0,0.7864982749648528,0.01349313137716779,0.004271897053274331
2018-11-12,243.0445098876953,247.4047981237727,242.52732176890174,247.1640550275417,99673600,-0.018861730829849224,243.9120834350586,4.678865484187001,-0.18542391318908416,0,0.0,-0.0,0.0,1.049053767498439,1.3820995108175946,0.014110770305550484,high,-0.0018729665719398082,0,-0.18542391318908416,0.014110770305550484,-0.0006007355575963408
2018-11-13,242.5897216796875,245.5054966258056,241.86746525072402,243.50814820119857,98176600,-0.0018729665719398082,243.54025421142578,4.4576583651519295,-0.21323584130384088,0,0.0,-0.0,0.0,1.049053767498439,1.379510884634739,0.013129844771825579,high,-0.00686015717162128,0,-0.21323584130384088,0.013129844771825579,-0.0022369209969281306
2018-11-14,240.93121337890625,244.86348626076756,239.37077812959166,244.4622478094711,125335900,-0.00686015717162128,243.08326797485353,4.21478711067238,-0.5105962743641309,0,0.0,-0.0,0.0,1.049053767498439,1.3700472231461824,0.013176461386881671,high,0.010382423851935938,1,-0.5105962743641309,0.013176461386881671,-0.00784560755598077
2018-11-15,243.44569396972656,243.9093835190534,238.08673262015606,239.6649914330321,135101400,0.010382423851935938,242.9325729370117,4.140949342947969,0.12391386375896964,0,0.0,0.0,0.0,1.049053767498439,1.384271634114054,0.013092186261813812,high,0.0025974017814268486,1,0.12391386375896964,0.013092186261813812,-0.005405753866104484
2018-11-16,244.07884216308594,244.98834323159878,241.8317979051343,242.3489859884349,126668000,0.0025974017814268486,242.8202217102051,4.073979060839896,0.30894131611500464,0,0.0,0.0,0.0,1.049053767498439,1.3878671437224803,0.01311191516974473,high,-0.017059214937546852,0,0.30894131611500464,0.01311191516974473,-0.0029230057880095064
2018-11-19,239.9503631591797,243.7667408556487,239.03193664286542,243.4724721125767,103061700,-0.017059214937546852,242.55673065185547,4.0809990982816045,-0.6386591689699849,0,0.0,-0.0,0.0,1.049053767498439,1.3641912198129593,0.013607086139481781,high,-0.01867970156287087,0,-0.6386591689699849,0.013607086139481781,-0.002562502609549032
2018-11-20,235.509765625,238.07780018311473,234.64483769691037,236.6154365884777,136021300,-0.01867970156287087,242.13362579345704,4.355959510300915,-1.5206431907351359,0,0.0,-0.0,0.0,1.049053767498439,1.3387085349521644,0.014146003038437672,high,0.0034020557282999704,1,-1.5206431907351359,0.014146003038437672,-0.005923849607735244
2018-11-21,236.31234741210938,238.2116247297562,236.30344914168026,237.061353202817,75563700,0.0034020557282999704,242.12025146484376,4.374281191677702,-1.3277390726010543,0,0.0,0.0,0.0,1.049053767498439,1.3432628959920223,0.012416617023237361,high,-0.006701180335050501,0,-1.3277390726010543,0.012416617023237361,-0.003871407027750995
2018-11-23,234.73406982421875,236.13400983891086,234.57357442697398,234.6716458769011,42807900,-0.006701180335050501,241.8157470703125,4.671153045004171,-1.516044791910139,0,0.0,-0.0,0.0,1.049053767498439,1.3342614490885976,0.011754655361165555,high,0.016014960046821555,1,-1.516044791910139,0.011754655361165555,-0.007288127865148282
2018-11-26,238.52359008789062,238.74650933096342,236.59756456232307,236.98990460707694,79981400,0.016014960046821555,241.91249160766603,4.576270741827069,-0.7405378114543958,0,0.0,0.0,0.0,1.049053767498439,1.3556295928877657,0.011689823951073729,high,0.0033592055029973847,1,-0.7405378114543958,0.011689823951073729,-0.00460461621206934
2018-11-27,239.32618713378906,239.32618713378906,236.88299998591717,237.48933403239405,75502400,0.0033592055029973847,242.1149055480957,4.351374081715581,-0.6408822505113474,0,0.0,0.0,0.0,1.049053767498439,1.3601834312762204,0.011620241167099862,high,0.022764474591302427,1,-0.6408822505113474,0.011620241167099862,-0.0005209321239604934
2018-11-28,244.83680725097656,244.83680725097656,239.26382261935314,240.396270512076,127629600,0.022764474591302427,242.41852493286132,4.317004135789501,0.5601760484931725,0,0.0,0.0,0.0,1.049053767498439,1.3911472924370185,0.012248358512527245,high,-0.002187847130012909,0,0.5601760484931725,0.012248358512527245,0.007767903106874166
2018-11-29,244.30172729492188,245.70163980786214,242.91961131776668,244.06095703708348,82346400,-0.002187847130012909,242.5678810119629,4.328459299158767,0.4005689237498319,0,0.0,-0.0,0.0,1.049053767498439,1.388103674825835,0.0120662804986405,high,0.006077037551254519,1,0.4005689237498319,0.0120662804986405,0.00664992253521159
2018-11-30,245.79087829589844,246.352639431055,243.82920427573268,244.15019508905894,98204200,0.006077037551254519,242.66328964233398,4.379693149623409,0.7141113650469751,0,0.0,0.0,0.0,1.049053767498439,1.396539232982786,0.011911310718599072,high,0.013154531382870555,1,0.7141113650469751,0.011911310718599072,0.009205566112472596
2018-12-03,249.04550170898438,250.0263523495367,247.44941866082354,249.91935540908307,103176300,0.013154531382870555,242.99365463256837,4.605212581245273,1.3141297974087354,0,0.0,0.0,0.0,1.049053767498439,1.4149100521504678,0.012140288309881711,high,-0.03293904254910569,0,1.3141297974087354,0.012140288309881711,0.008633480379682394
2018-12-04,240.97581481933594,248.64424582117104,240.66372229024648,248.21623087740545,177986000,-0.03293904254910569,242.8536636352539,4.622712295927833,-0.4062222988811487,0,0.0,-0.0,0.0,1.049053767498439,1.3683042697395262,0.014298579986933575,high,-0.0015185728640263033,0,-0.4062222988811487,0.014298579986933575,0.0013738307692617788
2018-12-06,240.6101531982422,240.72607557889205,234.01174788671224,237.11479409155834,204185400,-0.0015185728640263033,242.6182601928711,4.610462391214798,-0.4355543596788362,0,0.0,-0.0,0.0,1.049053767498439,1.3662264000057684,0.014207022713712276,high,-0.023510093933533677,0,-0.4355543596788362,0.014207022713712276,-0.0034827787218039675
2018-12-07,235.0193634033203,241.84068846167355,234.18118466811578,240.27132790012834,161018900,-0.023510093933533677,241.84071350097656,4.508983242804097,-1.512835539706755,0,0.0,-0.0,0.0,1.049053767498439,1.3341062890071593,0.014053396359460589,high,0.0018952011265476686,1,-1.512835539706755,0.014053396359460589,-0.00774722808250812
2018-12-10,235.46519470214844,236.4371195433173,230.60554328447682,234.84100980401226,151445900,0.0018952011265476686,241.1082000732422,4.278046195647419,-1.3190613455355091,0,0.0,0.0,0.0,1.049053767498439,1.33663468874902,0.014097119163439375,high,0.00022730216596687468,1,-1.3190613455355091,0.014097119163439375,-0.00858359536744949
2018-12-11,235.5187225341797,238.85358682830298,234.04746047570356,238.6663422202357,121504400,0.00022730216596687468,240.50052337646486,4.158073372286933,-1.1981031589024573,0,0.0,0.0,0.0,1.049053767498439,1.336938508708879,0.014020881045875256,high,0.005022882584159148,1,-1.1981031589024573,0.014020881045875256,-0.011169041210830228
2018-12-12,236.70468139648438,239.86122709730182,236.6244336937308,238.49696172682033,97976700,0.005022882584159148,240.18353195190429,4.19541596281537,-0.8292027742310915,0,0.0,0.0,0.0,1.049053767498439,1.3436537938603645,0.013565116520786916,high,-0.0003390060244398112,0,-0.8292027742310915,0.013565116520786916,-0.0035766561841772586
2018-12-13,236.62445068359375,238.51480260463467,235.5098538233727,237.64987435262964,96662700,-0.0003390060244398112,239.8852684020996,4.227272820534627,-0.7713762174671871,0,0.0,-0.0,0.0,1.049053767498439,1.3431982871294845,0.013566171288288898,high,-0.018637441274250103,0,-0.7713762174671871,0.013566171288288898,-0.0033407428162599596
2018-12-14,232.25521850585938,235.42958794178887,231.7023828597577,234.47548657224678,116961100,-0.018637441274250103,239.45146865844725,4.547335198009931,-1.5825202759931145,0,0.0,-0.0,0.0,1.049053767498439,1.3181645079334354,0.014069029069001118,high,-0.019813382177029076,0,-1.5825202759931145,0.014069029069001118,-0.002366212284403245
2018-12-17,227.69874572753906,232.41571327641336,226.0669744218753,231.30111650527016,165492300,-0.019813382177029076,238.66412124633788,5.14352547621239,-2.1318793052568976,1,0.0,-0.0,0.0,1.049053767498439,1.2920472107655547,0.014307263648345102,high,-0.0010972704615162185,0,-2.1318793052568976,0.014307263648345102,-0.006707928945118594
2018-12-18,227.44903564453125,230.0081586162255,225.84401386571423,229.33940067554468,134515100,-0.0010972704615162185,237.83263092041017,5.550214084879177,-1.8708459019927983,0,1.0,-0.0015972704615162185,1.0,1.0473781449030715,1.2906294855262972,0.014250256900702401,high,-0.015088812660065405,0,-1.8708459019927983,0.014250256900702401,-0.006972843470615211
2018-12-19,224.04286193847656,231.30111553755748,222.3397684197925,227.52932388944615,214992800,-0.015088812660065405,237.037255859375,6.317532664433415,-2.056877995115808,1,0.0,-0.0005,1.0,1.04685445583062,1.2711554190056342,0.014158300719131782,high,-0.01641202478828109,0,-2.056877995115808,0.014158300719131782,-0.010995182519460123
2018-12-20,220.3958740234375,224.36383524071718,218.14884344413474,222.79448810925254,252053400,-0.01641202478828109,236.28156127929688,7.332315055480368,-2.166530916314895,1,1.0,-0.01691202478828109,1.0,1.02915002732389,1.2502931847591559,0.01403831853021664,high,-0.020702353605891306,0,-2.166530916314895,0.01403831853021664,-0.01420978627222838
2018-12-21,215.88006591796875,223.96100288010308,215.234308074358,221.29725519655113,255345600,-0.020702353605891306,235.25994720458985,8.63542336213611,-2.2442305922829906,1,1.0,-0.020702353605891306,0.0,1.007844199544718,1.2244091731372357,0.01445955942704486,high,-0.02677833334019712,0,-2.2442305922829906,0.01445955942704486,-0.014622768738556618
2018-12-24,210.17587280273438,216.00562100861876,210.11309801537055,214.39122646068466,147311600,-0.02677833334019712,234.03203735351562,10.299767973254083,-2.3161846570456466,1,1.0,-0.02677833334019712,0.0,0.9808558116143254,1.1916215361541718,0.015291821793009171,high,0.04928999117037982,1,-2.3161846570456466,0.015291821793009171,-0.016015758971190227
2018-12-26,220.7949981689453,220.7949981689453,209.65569540447513,211.63781597827943,218485400,0.04928999117037982,233.14560775756837,10.649806515641249,-1.159702720465753,0,1.0,0.04928999117037982,0.0,1.0292021859082114,1.2503565511496455,0.019095793176941937,high,0.007648137776538327,1,-1.159702720465753,0.019095793176941937,-0.005938306644811021
2018-12-27,222.49014282226562,222.68744482025036,214.31952454087468,217.55727810910773,186267300,0.007648137776538327,232.30380554199218,10.799892664549546,-0.9086815049504818,0,0.0,-0.0005,1.0,1.0286875848152575,1.2599194503226352,0.019204922580941128,high,-0.0012908576895096335,0,-0.9086815049504818,0.019204922580941128,-0.0013909165574902736
2018-12-28,222.203125,225.47674780536732,221.03717246474218,223.844425204303,153100200,-0.0012908576895096335,231.17212142944337,10.6015127686971,-0.8460110009890252,0,0.0,-0.0,0.0,1.0286875848152575,1.2582930736120235,0.018190213276610048,high,0.00872064324628743,1,-0.8460110009890252,0.018190213276610048,0.0016333168622640177
2018-12-31,224.14935302734375,224.3915156531046,221.9519889312692,223.82647408811934,144299400,0.00872064324628743,230.16450271606445,10.239439240216972,-0.5874491315008025,0,0.0,0.0,0.0,1.0286875848152575,1.2692661986062683,0.0184361184615693,high,0.0010397692570294611,1,-0.5874491315008025,0.0184361184615693,0.007517916232699764
2019-01-02,224.38253784179688,225.30634138582334,220.5887205734624,220.6156260112586,126925200,0.0010397692570294611,229.09408569335938,9.620175770150196,-0.4897569404273931,0,0.0,0.0,0.0,1.0286875848152575,1.2705859425785657,0.018320874297372093,high,-0.024152151555336867,0,-0.4897569404273931,0.018320874297372093,0.013081536752145082
2019-01-03,219.02813720703125,222.93855359314486,218.54381198522043,222.63360250759496,144140700,-0.024152151555336867,227.5932174682617,8.634752501380516,-0.9919311827248187,0,0.0,-0.0,0.0,1.0286875848152575,1.2398985583293276,0.018321914533170097,high,0.03294701266162063,1,-0.9919311827248187,0.018321914533170097,-0.0016068917929982572
2019-01-04,226.36465454101562,227.0104124077604,221.68291684980105,222.0596066578405,142628800,0.03294701266162063,226.8626594543457,8.040559090318409,-0.06193660263373016,0,0.0,0.0,0.0,1.0286875848152575,1.2807495118297292,0.019205050439190973,high,0.007853658297146442,1,-0.06193660263373016,0.019205050439190973,0.003452883184018204
2019-01-07,228.14944458007812,229.55754588854347,225.7368234968738,226.63370784391665,103139100,0.007853658297146442,226.2396240234375,7.374422325176383,0.25897900505650057,0,0.0,0.0,0.0,1.0286875848152575,1.290808080859877,0.01936009180705622,high,0.00935160138590887,1,0.25897900505650057,0.01936009180705622,0.005281786381349419
2019-01-08,230.2930145263672,230.77733980190953,227.8086544085286,230.33787517212102,102512600,0.00935160138590887,226.00330657958983,7.150595191555298,0.5999092148082176,0,0.0,0.0,0.0,1.0286875848152575,1.3028792034977887,0.01888599088628871,high,0.004662433767929863,1,0.5999092148082176,0.01888599088628871,0.005407978009273706
2019-01-09,231.36924743652344,232.21232088082903,229.77279445340503,231.0015215835189,95006600,0.004662433767929863,225.7985092163086,6.920284354944633,0.8049868956951869,0,0.0,0.0,0.0,1.0286875848152575,1.3089537914917104,0.018918548068066164,high,0.003521520650635562,1,0.8049868956951869,0.018918548068066164,0.0061325109114537864
2019-01-10,232.18545532226562,232.43658187833222,229.15398144284202,229.83562239676925,96823900,0.003521520650635562,225.6318458557129,6.710837172705366,0.9765710742033614,0,0.0,0.0,0.0,1.0286875848152575,1.3135632992991761,0.018942996716764054,high,0.0003864135317390152,1,0.9765710742033614,0.018942996716764054,0.011667245352648275
2019-01-11,232.2751922607422,232.30209770492004,230.52625627694192,231.1092258146264,73858100,0.0003864135317390152,225.41037139892578,6.391675183832488,1.074025300781981,0,0.0,0.0,0.0,1.0286875848152575,1.3140708779328212,0.018897426274651793,high,-0.006119899771132907,0,1.074025300781981,0.018897426274651793,0.005155125526671951
2019-01-14,230.8580322265625,231.6652226884312,229.97012545558084,230.37370700114573,70908200,-0.006119899771132907,225.1220504760742,5.9757209503643836,0.9598811253290748,0,0.0,-0.0,0.0,1.0286875848152575,1.3060288958677078,0.018931856497399327,high,0.01139560221803181,1,0.9598811253290748,0.018931856497399327,0.0023604139130160807
2019-01-15,233.50384521484375,233.81776021044035,231.22575130966445,231.23472891177062,85208300,0.01139560221803181,225.18448181152343,6.060093885518381,1.3728109762789071,0,0.0,0.0,0.0,1.0286875848152575,1.3209118816502714,0.018668000379752046,high,0.0024171392694296158,1,1.3728109762789071,0.018668000379752046,0.0027692140794406688
2019-01-16,234.06893920898438,234.95684615293632,233.72811870139842,233.93438463017836,77636700,0.0024171392694296158,225.50299148559571,6.359216734634331,1.3470130176151673,0,0.0,0.0,0.0,1.0286875848152575,1.3241047096308645,0.018061348431487698,high,0.007558030920873069,1,1.3470130176151673,0.018061348431487698,0.0023201551797406195
2019-01-17,235.84474182128906,236.70577065320762,233.15408830571525,233.1989489534206,96118400,0.007558030920873069,225.9227767944336,6.758984002246951,1.4679669346098503,0,0.0,0.0,0.0,1.0286875848152575,1.3341123339687282,0.01810252389426314,high,0.01322228748147257,1,1.4679669346098503,0.01810252389426314,0.003127457233788121
2019-01-18,238.98385620117188,239.45025369746918,235.88064323534442,237.65648454739053,127900300,0.01322228748147257,226.66982650756836,7.34090730099972,1.677453370365613,0,0.0,0.0,0.0,1.0286875848152575,1.351752350781041,0.0178159981857404,high,-0.013602980913032445,0,1.677453370365613,0.0178159981857404,0.005694632023734832
2019-01-22,235.75497436523438,237.72813060952987,234.14059370770855,237.5128871540556,115531200,-0.013602980913032445,227.4377815246582,7.452558069099129,1.1160185218901049,0,0.0,-0.0,0.0,1.0286875848152575,1.3333644893542196,0.0176634371566734,high,0.002090311089765005,1,1.1160185218901049,0.0176634371566734,0.004198015795354924
2019-01-23,236.248291015625,237.48599569891365,233.78185925046566,236.78642705671606,86030300,0.002090311089765005,228.45619277954103,7.176617263015585,1.085761989320546,0,0.0,0.0,0.0,1.0286875848152575,1.3361516359330154,0.016739806088261335,high,0.0005312238098723743,1,1.085761989320546,0.016739806088261335,0.002336957569701563
2019-01-24,236.3738250732422,236.9568217124363,235.05540417590225,236.06888772313602,59204100,0.0005312238098723743,229.7660903930664,5.950564055448316,1.1104383750185434,0,0.0,0.0,0.0,1.0286875848152575,1.336861431495623,0.015085527482807781,high,0.008425770682276781,1,1.1104383750185434,0.015085527482807781,0.0019597744777901144
2019-01-25,238.37387084960938,239.19901631958422,236.4724808105271,238.2213884993513,96883400,0.008425770682276781,230.6450340270996,5.853193412866616,1.3204478781651194,0,0.0,0.0,0.0,1.0286875848152575,1.3481255193513855,0.0111495039780209,high,-0.0076289799488668516,0,1.3204478781651194,0.0111495039780209,0.0021333224300708565
2019-01-28,236.56224060058594,236.62500170748643,234.79537721909938,236.23039774840024,85613700,-0.0076289799488668516,231.34863891601563,5.664048560027178,0.9204726317786531,0,0.0,-0.0,0.0,1.0286875848152575,1.3378406967956982,0.011394796886124825,high,-0.0013280145432821916,0,0.9204726317786531,0.011394796886124825,-0.0020369310559970274
2019-01-29,236.248291015625,237.2707248600356,235.41419520583867,236.7057107561628,66136300,-0.0013280145432821916,232.05089721679687,5.331388222520693,0.7872984715496094,0,0.0,-0.0,0.0,1.0286875848152575,1.3360640248937585,0.011395547706419203,high,0.01570695221762649,1,0.7872984715496094,0.011395547706419203,0.0004180622179530233
2019-01-30,239.9883270263672,240.83140059178444,237.00171387664844,237.764071126748,92473700,0.01570695221762649,232.84284591674805,5.271946827772228,1.3553780686818144,0,0.0,0.0,0.0,1.0286875848152575,1.3570495186924545,0.011681541640519976,high,0.008744343338681328,1,1.3553780686818144,0.011681541640519976,0.00314139044352532
2019-01-31,242.0960693359375,242.5803947154089,239.71035285948292,239.92562378966332,104012100,0.008744343338681328,233.72852249145507,5.263738489169602,1.5896585405409231,0,0.0,0.0,0.0,1.0286875848152575,1.3689160256114936,0.01172608254219839,high,0.00048097571256379136,1,1.5896585405409231,0.01172608254219839,0.004784014349287111
2019-02-01,242.21253967285156,243.23500077689712,241.42327721444443,242.29325596463417,85782500,0.00048097571256379136,234.8877426147461,4.32516083609557,1.6935317172430866,0,0.0,0.0,0.0,1.0286875848152575,1.3695744409723523,0.009765450605027703,high,0.007011179050845306,1,1.6935317172430866,0.009765450605027703,0.003195055355344513
2019-02-04,243.9167022705078,243.9794907548244,241.58479708379406,242.2574604624186,60744800,0.007011179050845306,235.7653450012207,4.2852787914076975,1.9021766531575917,0,0.0,0.0,0.0,1.0286875848152575,1.3791767726014708,0.007265232752817086,medium,0.004182896513289882,1,1.9021766531575917,0.007265232752817086,0.006123087155286944
2019-02-05,244.93911743164062,245.24405482113798,243.8449174478029,244.34717048588536,79552800,0.004182896513289882,236.60482864379884,4.3587188951929265,1.9120959594419753,0,0.0,0.0,0.0,1.0286875848152575,1.384945726314796,0.0072017708809216366,medium,-0.00131912065255003,0,1.9120959594419753,0.0072017708809216366,0.007225269366601358
2019-02-06,244.61622619628906,245.15436227457596,243.8808018390595,244.66108683574342,58347800,-0.00131912065255003,237.32098922729492,4.442947998338651,1.6419811736986456,0,0.0,-0.0,0.0,1.0286875848152575,1.3831188158045533,0.007144414496967653,medium,-0.009578532524775222,0,1.6419811736986456,0.007144414496967653,0.003820054792566055
2019-02-07,242.2843475341797,243.54893036100768,240.625106039328,243.00184405429718,95482000,-0.009578532524775222,237.86674423217772,4.342632455540111,1.0172639170432694,0,0.0,-0.0,0.0,1.0286875848152575,1.3698705672417408,0.007662648693065538,medium,0.0012208551649255568,1,1.0172639170432694,0.007662648693065538,0.00015547961987474496
2019-02-08,242.580322265625,242.67896641065443,240.21253433604474,241.03768001867587,75788900,0.0012208551649255568,238.3864875793457,4.247902191207793,0.9872719515434234,0,0.0,0.0,0.0,1.0286875848152575,1.3715429807990374,0.007660691346768056,medium,0.0005543275213873006,1,0.9872719515434234,0.007660691346768056,0.000303455510347098
2019-02-11,242.71482849121094,243.49511346448097,242.18567003084087,243.23503672054903,68021400,0.0005543275213873006,238.90846939086913,4.096121990385043,0.929259213782352,0,0.0,0.0,0.0,1.0286875848152575,1.37230326482006,0.00765870263995184,medium,0.01277780450644656,1,0.929259213782352,0.00765870263995184,-0.0009879147955445028
2019-02-12,245.83609008789062,246.21276631641123,244.25756433209642,244.32933043231301,72270200,0.01277780450644656,239.65737228393556,3.9118670395193735,1.5794805246535697,0,0.0,0.0,0.0,1.0286875848152575,1.389838287661489,0.007743721361337103,medium,0.0032412581022905535,1,1.5794805246535697,0.007743721361337103,0.0007310668030868324
2019-02-13,246.6342010498047,247.47727446830802,246.24854737579935,246.67008408505103,65277200,0.0032412581022905535,240.3138900756836,3.9265714452825486,1.6096258688262075,0,0.0,0.0,0.0,1.0286875848152575,1.3943431122722454,0.007497088640201001,medium,-0.002220434675418393,0,1.6096258688262075,0.007497088640201001,0.0016431425540549493
2019-02-14,246.08717346191406,247.21725669042593,244.7328691084272,245.54903728782543,83234400,-0.002220434675418393,240.91480178833007,3.8392076689802295,1.347249776399275,0,0.0,-0.0,0.0,1.0286875848152575,1.3912470644763253,0.007578723506027542,medium,0.01083817087210857,1,1.347249776399275,0.007578723506027542,0.003114762123926316
2019-02-15,248.76881408691406,248.80469712563044,247.65668622335585,247.8629521118126,97088700,0.01083817087210857,241.56100540161134,4.024132557106546,1.7911459384144448,0,0.0,0.0,0.0,1.0286875848152575,1.4063256378864393,0.0077278865814809135,medium,0.0017293789526502627,1,1.7911459384144448,0.0077278865814809135,0.005038225265362918
2019-02-19,249.19940185546875,249.8541101231767,247.9616966771346,247.9706742821433,59120800,0.0017293789526502627,242.07178268432617,4.317435567070815,1.6508918454985424,0,0.0,0.0,0.0,1.0286875848152575,1.4087577078451725,0.007318171006852118,medium,0.0020132758912285264,1,1.6508918454985424,0.007318171006852118,0.00527323555161551
2019-02-20,249.7016143798828,250.15903422884998,248.66122508601669,249.16347821122895,76610800,0.0020132758912285264,242.76911468505858,4.369460846048178,1.5865801157353572,0,0.0,0.0,0.0,1.0286875848152575,1.4115939257749597,0.006320435365117833,low,-0.003562155677637806,0,1.5865801157353572,0.006320435365117833,0.003120329828571904
2019-02-21,248.813720703125,249.4235956203003,247.8540476779926,249.06484727906448,64214700,-0.003562155677637806,243.3973861694336,4.285060909976924,1.2640040941029658,0,0.0,-0.0,0.0,1.0286875848152575,1.4065656084577414,0.006481629827122962,medium,0.00618081109659642,1,1.2640040941029658,0.006481629827122962,0.0017596470725862322
2019-02-22,250.35635375976562,250.55364207487054,248.79575610960802,249.43253644408577,78114600,0.00618081109659642,244.09651260375978,4.218970048108613,1.4837368088953768,0,0.0,0.0,0.0,1.0286875848152575,1.4152593247785878,0.0065101802448679575,medium,0.0013604758555641736,1,1.4837368088953768,0.0065101802448679575,0.003439896226989195
2019-02-25,250.6971893310547,252.30262052999672,250.61647299645952,251.7824394723564,69030700,0.0013604758555641736,244.71267852783203,4.239051239196045,1.4117571280779448,0,0.0,0.0,0.0,1.0286875848152575,1.417184750919311,0.006383501103662701,medium,-0.0007157899631429647,0,1.4117571280779448,0.006383501103662701,0.0015443572236803153
2019-02-26,250.51780700683594,251.3967363763881,250.1411034407813,250.3473967472809,56844100,-0.0007157899631429647,245.41045684814452,3.966660661908693,1.2875692160251095,0,0.0,-0.0,0.0,1.0286875848152575,1.4161703442986837,0.00597938473369976,low,-0.0004301100228024391,0,1.2875692160251095,0.00597938473369976,0.0010553234405216699
2019-02-27,250.4100799560547,250.7598505617869,248.86743803495978,249.8001778974014,56921600,-0.0004301100228024391,246.11854629516603,3.4790854402213003,1.2335235034111958,0,0.0,-0.0,0.0,1.0286875848152575,1.4155612352396052,0.0059495341982880225,low,-0.001864037914656918,0,1.2335235034111958,0.0059495341982880225,0.0005666462577154767
2019-02-28,249.94374084472656,250.63435935779663,249.6208755950367,250.19486738473202,69268300,-0.001864037914656918,246.61631698608397,3.2612048657426724,1.020305069943785,0,0.0,-0.0,0.0,1.0286875848152575,1.4129225754266,0.005212150548189413,low,0.006224303405420297,1,1.020305069943785,0.005212150548189413,0.0009062698103116544
2019-03-01,251.5043182373047,251.916877369195,250.06929782160273,251.5222460706085,78880500,0.006224303405420297,247.08672943115235,3.2534018341479167,1.357836821687699,0,0.0,0.0,0.0,1.0286875848152575,1.421717034224423,0.00506986702845336,low,-0.0036441068116130886,0,1.357836821687699,0.00506986702845336,0.0009149682720764298
2019-03-04,250.5894775390625,252.80478293969955,248.2934558328238,252.56263402289468,106494600,-0.0036441068116130886,247.50557632446288,3.129744486805737,0.9853523914174526,0,0.0,-0.0,0.0,1.0286875848152575,1.4165361454958194,0.005212797712403265,low,-0.0013607561595005593,0,0.9853523914174526,0.005212797712403265,-8.594826135902264e-05
2019-03-05,250.24871826171875,250.91243144340865,249.7016318220463,250.71511574681074,59114600,-0.0013607561595005593,247.82217712402343,3.0672360255161486,0.791116535378783,0,0.0,-0.0,0.0,1.0286875848152575,1.4146085852106807,0.005098748328644572,low,-0.006075686907898427,0,0.791116535378783,0.005098748328644572,-0.00021494150063054154
2019-03-06,248.73289489746094,250.37420838863676,248.41002970815518,250.36523078757773,75039800,-0.006075686907898427,248.01186599731446,2.9960371737931735,0.24066086577744636,0,0.0,-0.0,0.0,1.0286875848152575,1.4060138663497155,0.005303395643503326,low,-0.008400336249267563,0,0.24066086577744636,0.005303395643503326,-0.001344056877649739
2019-03-07,246.65220642089844,248.42802015111022,245.80913283091718,248.28451535167278,94885100,-0.008400336249267563,248.11366500854493,2.907880218339041,-0.5025855530188461,0,0.0,-0.0,0.0,1.0286875848152575,1.3942028771012451,0.005673559495416775,low,-0.0020023623225456436,0,-0.5025855530188461,0.005673559495416775,-0.0026513165445718684
2019-03-08,246.1588134765625,246.32922365287365,244.32918953732477,244.79555943680523,85795800,-0.0020023623225456436,248.30738830566406,2.6132205165895015,-0.8221942294811211,0,0.0,-0.0,0.0,1.0286875848152575,1.3914111777901528,0.005204794602633492,low,0.014397601636705877,1,-0.8221942294811211,0.005204794602633492,-0.004296649690165057
2019-03-11,249.72854614257812,249.88997879896743,246.84955428732036,246.87645973005192,65098900,0.014397601636705877,248.66479949951173,2.2526599112448262,0.47221803777675675,0,0.0,0.0,0.0,1.0286875848152575,1.411444161640835,0.00603028413021175,low,0.0037636045890412995,1,0.47221803777675675,0.00603028413021175,-0.0006883080005012632
2019-03-12,250.67019653320312,251.19040478031002,250.09620478585603,250.28454283427982,79667500,0.0037636045890412995,249.06256790161132,1.804528296256254,0.8908857982039174,0,0.0,0.0,0.0,1.0286875848152575,1.416756279364762,0.00604781130739069,low,0.006597346880134936,1,0.8908857982039174,0.00604781130739069,0.0003365641492071085
2019-03-13,252.3294219970703,253.26218931927139,251.39665467486924,251.5581146482741,80639200,0.006597346880134936,249.38723449707032,1.7774039866325126,1.655328514016831,0,0.0,0.0,0.0,1.0286875848152575,1.4261031119843408,0.005587673194164011,low,-0.000639632275000887,0,1.655328514016831,0.005587673194164011,0.002871170906813781
2019-03-14,252.16807556152344,252.7779505160485,251.72861086940182,252.3564136623262,67518400,-0.000639632275000887,249.66392822265624,1.7568936284287573,1.425326666536285,0,0.0,-0.0,0.0,1.0286875848152575,1.4251909304064365,0.005584224531302564,low,0.004928387993533913,1,1.425326666536285,0.005584224531302564,0.004423311701667116
2019-03-15,253.41392517089844,254.22467127987898,252.53109685725386,252.72029202601735,81309000,0.004928387993533913,250.03026580810547,1.7355731219904047,1.949591935897516,0,0.0,0.0,0.0,1.0286875848152575,1.4322148242763453,0.00558865476891527,low,0.0036191631052146923,1,1.949591935897516,0.00558865476891527,0.005809461764883028
2019-03-18,254.33273315429688,254.63002409907617,253.40487420504172,253.6300829547765,62199800,0.0036191631052146923,250.3084617614746,1.9548074642634408,2.058653584248816,-1,0.0,0.0,0.0,1.0286875848152575,1.4373982433271077,0.005168906388703167,low,0.00024775022824674223,1,2.058653584248816,0.005168906388703167,0.0036537740585847905
2019-03-19,254.395751953125,256.16138053249057,253.50393426352406,255.39569291563592,90268100,0.00024775022824674223,250.56827926635742,2.136524437186928,1.7914481202036006,0,-1.0,-0.0007477502282467422,1.0,1.0279183834389174,1.4377543590699735,0.005170118645843791,low,-0.003014240711226934,0,1.7914481202036006,0.005170118645843791,0.0029506031864258795
2019-03-20,253.63009643554688,255.38673577336675,252.52208692239324,254.1796201095849,84609200,-0.003014240711226934,250.76470336914062,2.231142786393654,1.2842714880824742,0,0.0,-0.0005,1.0,1.027404424247198,1.4334206213481209,0.005241618079706544,low,0.0112313080545795,1,1.2842714880824742,0.005241618079706544,0.0010282856681535055
2019-03-21,256.4947509765625,256.90011021839473,252.76528100389675,252.81033924719029,79550400,0.0112313080545795,251.1487548828125,2.5200163475807003,2.1214132594347346,-1,0.0,0.0,0.0,1.027404424247198,1.4495198099182682,0.005626229475266947,low,-0.01943408054201399,0,2.1214132594347346,0.005626229475266947,0.0034024737340695825
2019-03-22,251.55813598632812,255.65692362450096,251.4950709478828,255.1344514991071,122659300,-0.01943408054201399,251.20884399414064,2.514449241478988,0.13891391658478525,0,-1.0,0.018934080542013988,1.0,1.046857382365116,1.4213497251850717,0.007203757654454745,medium,-0.0007523704437229933,0,0.13891391658478525,0.007203757654454745,-0.0014700199730399981
2019-03-25,251.3689422607422,252.4048967493941,250.1077790792835,251.21578825346356,85575200,-0.0007523704437229933,251.242431640625,2.511740046182022,0.05036772030190399,0,0.0,-0.0005,1.0,1.0463339536739333,1.4202803436616487,0.00720194463331599,medium,0.0074268339422985516,1,0.05036772030190399,0.00720194463331599,-0.002344326682827535
2019-03-26,253.24276733398438,254.19765037243081,251.83746673056106,253.12565436848135,68125900,0.0074268339422985516,251.37867965698243,2.5440634169448124,0.7327206014544033,0,0.0,0.0,0.0,1.0463339536739333,1.4308285299255343,0.007379358068210841,medium,-0.0052430708208958746,0,0.7327206014544033,0.007379358068210841,-0.0009085099400171732
2019-03-27,251.91847229003906,253.81924820944926,250.36903517466789,253.23368353605088,72224700,-0.0052430708208958746,251.45409927368163,2.536183861981214,0.18309911332480014,0,0.0,-0.0,0.0,1.0463339536739333,1.4233265946105764,0.007490334444742784,medium,0.003783447130366835,1,0.18309911332480014,0.007490334444742784,-0.0013542759619509614
2019-03-28,252.87339782714844,253.3238153497246,251.3960426485766,252.54911040671945,56238500,0.003783447130366835,251.60058212280273,2.5289526056611815,0.5032975712935245,0,0.0,0.0,0.0,1.0463339536739333,1.4287116755305307,0.0075108712722428824,medium,0.0062859009683466915,1,0.5032975712935245,0.0075108712722428824,-0.0028438481467934944
2019-03-29,254.4679412841797,254.79222876556543,253.26082539572883,254.38686941383324,82186800,0.0062859009683466915,251.74876327514647,2.6085865612022174,1.0423951612247933,0,0.0,0.0,0.0,1.0463339536739333,1.4376924156352362,0.007513318652146063,medium,0.011789037436828577,1,1.0423951612247933,0.007513318652146063,0.0023001481552786416
2019-04-01,257.4856262207031,257.78291713150287,256.19743891736897,256.4677058809414,77617900,0.011789037436828577,252.09357070922852,2.888084074485685,1.867000881002689,0,0.0,0.0,0.0,1.0463339536739333,1.4546414253458044,0.007841396595841862,medium,0.0004896108864413066,1,1.867000881002689,0.007841396595841862,0.004808429731388957
2019-04-02,257.6117248535156,257.84595069509163,256.81898584322386,257.674789886447,40070400,0.0004896108864413066,252.46172103881835,3.101912942109873,1.6602670386984875,0,0.0,0.0,0.0,1.0463339536739333,1.4553536336235224,0.007818520628685032,medium,0.0015725500569120177,1,1.6602670386984875,0.007818520628685032,0.0034209851202175066
2019-04-03,258.01715087890625,259.22426637741154,257.4135793840035,258.82789681177695,68243200,0.0015725500569120177,252.92593383789062,3.2074272356464224,1.587321135280422,0,0.0,0.0,0.0,1.0463339536739333,1.457642250062904,0.007615467906664643,medium,0.002649919344620046,1,1.587321135280422,0.007615467906664643,0.004784109295779085
2019-04-04,258.7017822265625,258.9540149205968,257.6478206980734,258.34145373384234,48997500,0.002649919344620046,253.52841262817384,3.096733041013099,1.6705894663416605,0,0.0,0.0,0.0,1.0463339536739333,1.4615048844588814,0.00722483811474846,medium,0.004828400271902887,1,1.6705894663416605,0.00722483811474846,0.0045574037386297275
2019-04-05,259.95391845703125,260.00796634856,259.08010755558655,259.3683813046049,58621700,0.004828400271902887,254.21816787719726,2.898876755689702,1.9786113944224366,0,0.0,0.0,0.0,1.0463339536739333,1.46856161504039,0.007167756646048875,medium,0.0007619625580027235,1,1.9786113944224366,0.007167756646048875,0.004265903599340967
2019-04-08,260.1520690917969,260.26016486067243,258.8728716804163,259.5304909294682,53566300,0.0007619625580027235,254.7393440246582,2.984946717499404,1.813340598479124,0,0.0,0.0,0.0,1.0463339536739333,1.4696806040051706,0.006627307065174851,medium,-0.005137836164889803,0,1.813340598479124,0.006627307065174851,0.0020604886235757965
2019-04-09,258.8188781738281,259.51251116404137,258.2693820694969,259.18822378928195,66142300,-0.005137836164889803,255.14677810668945,2.9562851703741897,1.2421332366504678,0,0.0,-0.0,0.0,1.0463339536739333,1.4621296258470757,0.0068023728730418785,medium,0.003405241264300522,1,1.2421332366504678,0.0068023728730418785,0.0009349992133095746
2019-04-10,259.70172119140625,259.791810186664,258.818893023963,259.2332694125867,52601500,0.003405241264300522,255.51539306640626,3.044799617025826,1.3749108813568536,0,0.0,0.0,0.0,1.0463339536739333,1.4671085299827664,0.006715834126814697,medium,-0.0002775974091498363,0,1.3749108813568536,0.006715834126814697,0.0013015374547872755
2019-04-11,259.629638671875,260.1971691008526,259.0621082428974,260.1881519539477,55093100,-0.0002775974091498363,255.88847122192382,3.070093652524095,1.2185841454300117,0,0.0,-0.0,0.0,1.0463339536739333,1.4667012644559017,0.006710419672908896,medium,0.006743091608645516,1,1.2185841454300117,0.006710419672908896,0.0007160341040332991
2019-04-12,261.3862609863281,261.6655176093397,259.67468015426687,261.24212410166086,69727800,0.006743091608645516,256.28708801269534,3.2444968216427497,1.5716375308547792,0,0.0,0.0,0.0,1.0463339536739333,1.476591365444644,0.006771802205185691,medium,-0.0006548473211750647,0,1.5716375308547792,0.006771802205185691,0.0010989723713818247
2019-04-15,261.21514892578125,261.5574706543688,260.4133925097416,261.45836450021216,49596700,-0.0006548473211750647,256.6312088012695,3.388108710081771,1.3529495411028618,0,0.0,-0.0,0.0,1.0463339536739333,1.4756244235445124,0.006770464799263663,medium,0.0006548473211751761,1,1.3529495411028618,0.006770464799263663,0.000815610395546267
2019-04-16,261.3862609863281,262.15197615867913,260.7917066463132,262.0979282633414,52153200,0.0006548473211751761,256.98073425292966,3.503954346095089,1.2573014081385252,0,0.0,0.0,0.0,1.0463339536739333,1.476590732245331,0.006767635233540424,medium,-0.00244990376932217,0,1.2573014081385252,0.006767635233540424,0.0019741470927592633
2019-04-17,260.7466735839844,262.53030909690517,260.3322697350052,262.5032851494761,58268300,-0.00244990376932217,257.33656311035156,3.5071315830617746,0.9723360509490033,0,0.0,-0.0,0.0,1.0463339536739333,1.4729732270446572,0.006749610099423503,medium,0.001967131173861043,1,0.9723360509490033,0.006749610099423503,0.0008031180860347247
2019-04-18,261.2601013183594,261.53036825574327,260.0349791743683,261.3321834981804,68708500,0.001967131173861043,257.57483062744143,3.6073721524880327,1.0215942617332083,0,0.0,0.0,0.0,1.0463339536739333,1.4758707585978392,0.00634391466021021,medium,0.0008617971015922221,1,1.0215942617332083,0.00634391466021021,0.0012520638026369004
2019-04-22,261.4853515625,261.63850560047865,260.404366115119,260.49445510855935,40160100,0.0008617971015922221,258.07119140625,3.4137001241029914,1.0001347605619304,0,0.0,0.0,0.0,1.0463339536739333,1.4771426597399238,0.004166038708560498,low,0.008951625177935487,1,1.0001347605619304,0.004166038708560498,7.58049012262417e-05
2019-04-23,263.8365783691406,264.07080428337645,261.62053180568597,261.8547302286173,52246600,0.008951625177935487,258.69457321166993,3.2602959820878703,1.5771590020418293,0,0.0,0.0,0.0,1.0463339536739333,1.4903654871642544,0.004395334619316942,low,-0.0022221454239655706,0,1.5771590020418293,0.004395334619316942,0.001997099401048352
2019-04-24,263.2509460449219,264.08871575545896,263.10680918752394,263.7554113001675,50392900,-0.0022221454239655706,259.1949821472168,3.145516708768301,1.2894428080444884,0,0.0,-0.0,0.0,1.0463339536739333,1.4870536783169161,0.004346167124277842,low,-0.0006161035605995996,0,1.2894428080444884,0.004346167124277842,0.0014217008520202024
2019-04-25,263.08880615234375,263.7464254877272,261.89972504731713,263.151871189565,57770900,-0.0006161035605995996,259.75349884033204,2.7526703177784992,1.2116624684293529,0,0.0,-0.0,0.0,1.0463339536739333,1.4861374992509024,0.004057350823242478,low,0.004646362526413013,1,1.2116624684293529,0.004057350823242478,0.0017884608937647167
2019-04-26,264.3140563964844,264.38611111550864,262.3592319380115,263.1339644968907,50916400,0.004646362526413013,260.32553176879884,2.4157939256784737,1.6510202237408813,0,0.0,0.0,0.0,1.0463339536739333,1.493042632836519,0.004079944168252854,low,0.0015665972752891219,1,1.6510202237408813,0.004079944168252854,0.0023243071642751107
2019-04-29,264.72845458984375,265.25095443801234,264.31407806603835,264.40416709068575,57197700,0.0015665972752891219,260.838557434082,2.1848232730329653,1.780417301378242,0,0.0,0.0,0.0,1.0463339536739333,1.4953816293570112,0.003966859398592328,low,0.0005100938413566807,1,1.780417301378242,0.003966859398592328,0.002465267199014491
2019-04-30,264.863525390625,265.1517992196518,262.9717936794869,264.3860838887455,81111700,0.0005100938413566807,261.20745239257815,2.211598034701445,1.6531363026556518,0,0.0,0.0,0.0,1.0463339536739333,1.4961444143166243,0.00323213251311952,low,-0.007545348150881268,0,1.6531363026556518,0.00323213251311952,0.0007769609316987294
2019-05-01,262.87255859375,265.70119260753455,262.86354144998256,265.4939907399268,71671900,-0.007545348150881268,261.47049407958986,2.0697273532457277,0.6774150768995926,0,0.0,-0.0,0.0,1.0463339536739333,1.484855483826609,0.0038020137468918786,low,-0.002161076709354365,0,0.6774150768995926,0.0038020137468918786,-0.0002876796136844099
2019-05-02,262.3050842285156,263.67437079078803,260.8096950831011,262.7555016521478,65030200,-0.002161076709354365,261.6848907470703,1.9090270028298637,0.3248741272522405,0,0.0,-0.0,0.0,1.0463339536739333,1.4816465972237542,0.00386413360482226,low,0.009740068537290033,1,0.3248741272522405,0.00386413360482226,-0.0005966742434353631
2019-05-03,264.8724365234375,265.15169309250166,262.4131477954623,263.7824341896292,56543700,0.009740068537290033,261.99342346191406,1.9001518050418014,1.5151489759314793,0,0.0,0.0,0.0,1.0463339536739333,1.496077936628756,0.004336784281200452,low,-0.004123549596772133,0,1.5151489759314793,0.004336784281200452,0.00042206695874004094
2019-05-06,263.782470703125,264.22387098797896,260.25118595039874,260.56648365013655,107198100,-0.004123549596772133,262.1848510742187,1.8765755417382817,0.8513484234300471,0,0.0,-0.0,0.0,1.0463339536739333,1.489908785056431,0.0044017428398422645,low,-0.016840485292006185,0,0.8513484234300471,0.0044017428398422645,-0.0007159624156722101
2019-05-07,259.37744140625,261.9718508694648,257.46767541007944,261.3772964098693,144729900,-0.016840485292006185,262.14611968994143,1.9280276745985656,-1.4360158415609336,0,0.0,-0.0,0.0,1.0463339536739333,1.4648179980752574,0.005900026810368707,low,-0.0013906135780718096,0,-1.4360158415609336,0.005900026810368707,-0.004186078242344783
2019-05-08,259.0169982910156,260.7285787101996,258.42244409442253,259.0169982910156,91568300,-0.0013906135780718096,262.1560256958008,1.9104618566691463,-1.6430725344383488,0,0.0,-0.0,0.0,1.0463339536739333,1.46278100227773,0.005791771879424847,low,-0.003030223464652114,0,-1.6430725344383488,0.005791771879424847,-0.0029551313277828917
2019-05-09,258.2333068847656,258.8368508052138,255.206487663427,256.9451197195856,103471100,-0.003030223464652114,262.0826049804688,2.0339710427391684,-1.8925038827097858,0,0.0,-0.0,0.0,1.0463339536739333,1.4583484489609806,0.00577360630959134,low,0.005010830600020619,1,-1.8925038827097858,0.00577360630959134,-0.0031289606788424415
2019-05-10,259.530517578125,260.28721552924605,254.3056591185317,257.2964373238889,112429300,0.005010830600020619,262.07764892578126,2.040373301756223,-1.2483653581743368,0,0.0,0.0,0.0,1.0463339536739333,1.465655985994527,0.005893742187984408,low,-0.025451396452981417,0,-1.2483653581743368,0.005893742187984408,-0.0040748082662963245
2019-05-13,253.00845336914062,255.3776533351691,252.1706835876977,254.41378097488916,127290500,-0.025451396452981417,261.65875854492185,2.877885268351658,-3.0057852795277658,1,0.0,-0.0,0.0,1.0463339536739333,1.428352994431295,0.007977727002713927,medium,0.009002987598761428,1,-3.0057852795277658,0.007977727002713927,-0.008340377637538181
2019-05-14,255.29656982421875,256.82799993876176,253.90028691900858,254.02638949207804,77003200,0.009002987598761428,261.3628295898437,3.2109305556644467,-1.8892528693662978,0,1.0,0.008502987598761428,1.0,1.0552309183061859,1.4412124387268135,0.008324540125005228,medium,0.0058401434398336945,1,-1.8892528693662978,0.008324540125005228,-0.0031716830593846584
2019-05-15,256.7919006347656,257.4314854826764,253.45880172522786,253.66600357344205,73956400,0.0058401434398336945,261.13311157226565,3.369592047482777,-1.2883491165475311,0,0.0,-0.0005,1.0,1.0547033028470327,1.4496293260962505,0.008463169141942012,medium,0.00921929687542188,1,-1.2883491165475311,0.008463169141942012,-0.001725531655803558
2019-05-16,259.1702880859375,260.5305304916225,257.4226656657311,257.4947203827888,76749600,0.00921929687542188,261.0542922973633,3.397429004103087,-0.5545382137935732,0,0.0,0.0,0.0,1.0547033028470327,1.4629938892128496,0.00874720267424274,medium,-0.006486467339856873,0,-0.5545382137935732,0.00874720267424274,0.0007243724122112407
2019-05-17,257.49462890625,259.9809418767313,256.84602671792,256.8640610092583,100353000,-0.006486467339856873,260.8660186767578,3.4885365646951803,-0.966419502271255,0,0.0,-0.0,0.0,1.0547033028470327,1.4535042271320602,0.008835522669420726,medium,-0.006633919670975707,0,-0.966419502271255,0.008835522669420726,-0.0015750871757642577
2019-05-20,255.79208374023438,257.60274321559893,255.04437536966267,255.89116238452957,62877600,-0.006633919670975707,260.5813552856445,3.6632487558177247,-1.3073836544144448,0,0.0,-0.0,0.0,1.0547033028470327,1.4438617968478424,0.008923174077499088,medium,0.008975567347898054,1,-1.3073836544144448,0.008923174077499088,0.0021884081806368846
2019-05-21,258.0982971191406,258.4766325009276,257.2334755495828,257.48570830121014,46847100,0.008975567347898054,260.29444122314453,3.619327826826093,-0.6067823112695975,0,0.0,0.0,0.0,1.0547033028470327,1.456821275646507,0.00892459513642131,medium,-0.00307660667519182,0,-0.6067823112695975,0.00892459513642131,0.00218292413046421
2019-05-22,257.3054504394531,258.2603331360052,256.8280090911771,257.1433067720303,49482500,-0.00307660667519182,259.9971664428711,3.60786307715732,-0.7460693340776159,0,0.0,-0.0,0.0,1.0547033028470327,1.4523392095852916,0.008932294260483772,medium,-0.012293714196815395,0,-0.7460693340776159,0.008932294260483772,0.000399574107459107
2019-05-23,254.1615753173828,255.12544778002413,252.74725790735332,255.08041703093522,98733800,-0.012293714196815395,259.55080490112306,3.754491758010787,-1.435408553565604,0,0.0,-0.0,0.0,1.0547033028470327,1.4344845664258212,0.009271328412888627,medium,0.002265643390261355,1,-1.435408553565604,0.009271328412888627,-0.0039030281069883472
2019-05-24,254.73806762695312,256.01726515912264,254.1164894059316,255.60286135091042,55268100,0.002265643390261355,259.0720054626465,3.7255649947700746,-1.1632967997544812,0,0.0,0.0,0.0,1.0547033028470327,1.4377345969021758,0.009200216118517094,medium,-0.009343758049195652,0,-1.1632967997544812,0.009200216118517094,-0.002152605960964702
2019-05-28,252.3689422607422,255.97228258212718,252.35093545600503,255.01739959626457,70029400,-0.009343758049195652,258.4540298461914,3.7628000379362407,-1.6171700659349095,0,0.0,-0.0,0.0,1.0547033028470327,1.424300752689764,0.0093100787762978,medium,-0.00673374702843453,0,-1.6171700659349095,0.0093100787762978,-0.0026945736366086907
2019-05-29,250.67526245117188,251.65716897670137,249.26996251635043,251.25180985586445,104972900,-0.00673374702843453,257.74461669921874,3.827716559751537,-1.8468855093350347,0,0.0,-0.0,0.0,1.0547033028470327,1.4147098717287423,0.009332170242521446,medium,0.0027279112531390284,1,-1.8468855093350347,0.009332170242521446,-0.0058364365118752076
2019-05-30,251.36001586914062,252.26986811379584,250.26099595179164,251.43207058068407,62523800,0.0027279112531390284,257.16898956298826,3.8812455601166618,-1.4966777040700894,0,0.0,0.0,0.0,1.0547033028470327,1.4185690747077582,0.009337225134060005,medium,-0.013567016201007623,0,-1.4966777040700894,0.009337225134060005,-0.004675532926209038
2019-05-31,247.97283935546875,249.63938959568011,247.94581540525135,248.81063679481224,86862800,-0.013567016201007623,256.45237731933594,4.193581078214047,-2.022027905438384,1,0.0,-0.0,0.0,1.0547033028470327,1.3993233250889496,0.009674440690987085,medium,-0.0025460742410021407,0,-2.022027905438384,0.009674440690987085,-0.004930193327047484
2019-06-03,247.34228515625,249.12592095273772,246.00903939141855,248.00889429301378,96428000,-0.0025460742410021407,255.57586975097655,4.173017302946152,-1.9730530685587229,0,1.0,-0.0030460742410021407,1.0,1.0514905982843306,1.3957605440161072,0.00921478410932365,medium,0.02147441679527168,1,-1.9730530685587229,0.00921478410932365,-0.0058925368533001826
2019-06-04,252.7112579345703,252.8463776951236,249.1889895558583,249.63940708523882,77231900,0.02147441679527168,255.02230911254884,3.738818479748282,-0.6181233966015166,0,0.0,-0.0005,1.0,1.0509648529851885,1.4257336876847042,0.01076055017965505,high,0.008624980542012845,1,-0.6181233966015166,0.01076055017965505,0.00027109811559328305
2019-06-05,254.9003143310547,254.92733828674892,252.52212375603878,254.33278377016796,71169700,0.008624980542012845,254.79845275878907,3.595625858371024,0.028329302401826385,0,0.0,0.0,0.0,1.0509648529851885,1.438030612999077,0.010431612028449062,high,0.0064811990619036445,1,0.028329302401826385,0.010431612028449062,0.003342843629682758
2019-06-06,256.5577392578125,257.2333653557435,254.54889525439398,255.19749740805958,69430400,0.0064811990619036445,254.6754898071289,3.484088235202856,0.5402416137644105,0,0.0,0.0,0.0,1.0509648529851885,1.4473507756590351,0.010558688451936082,high,0.009957533787972681,1,0.5402416137644105,0.010558688451936082,0.004093501191435681
2019-06-07,259.12518310546875,260.2061961055513,257.4045849508437,257.5757458007118,74272200,0.009957533787972681,254.72008361816407,3.5373234135922744,1.2453199700027289,0,0.0,0.0,0.0,1.0509648529851885,1.4617628199107084,0.010790245396143747,high,0.004578120080083726,1,1.2453199700027289,0.010790245396143747,0.008798411189231742
2019-06-10,260.314208984375,261.98075870724784,260.22412001451545,260.6745373725193,60799100,0.004578120080083726,254.75926818847657,3.5972484867519245,1.5442193710988736,0,0.0,0.0,0.0,1.0509648529851885,1.4684549456288614,0.010780462608760736,high,-0.00024211674166767995,0,1.5442193710988736,0.010780462608760736,0.010223250053448917
2019-06-11,260.2511901855469,262.50327737561093,259.60258797515644,262.1339317774846,58641300,-0.00024211674166767995,255.12140502929688,3.772035117978856,1.3599515900049872,0,0.0,-0.0,0.0,1.0509648529851885,1.46809940810214,0.008947383934999144,medium,-0.0017670571754444691,0,1.3599515900049872,0.008947383934999144,0.005879943346061044
2019-06-12,259.7917175292969,260.5754392750437,259.27823518163797,260.0169261914674,47096300,-0.0017670571754444691,255.34616241455078,3.914262370464143,1.1357325324666363,0,0.0,-0.0,0.0,1.0509648529851885,1.4655051925087872,0.00878912217077772,medium,0.004118325662090557,1,1.1357325324666363,0.00878912217077772,0.0038015358025695807
2019-06-13,260.86383056640625,261.2241866193491,259.99903652021897,260.7016868373662,48945200,0.004118325662090557,255.5497589111328,4.095138455059263,1.2976537212577677,0,0.0,0.0,0.0,1.0509648529851885,1.471540620151023,0.008746232628474432,medium,-0.0011060179959641995,0,1.2976537212577677,0.008746232628474432,0.0033289611226069633
2019-06-14,260.5754699707031,261.179013861294,259.809754930864,260.5754699707031,52324700,-0.0011060179959641995,255.6200180053711,4.171859573368421,1.1878280843789109,0,0.0,-0.0,0.0,1.0509648529851885,1.4699130697433436,0.008524196745220728,medium,0.0003804377749982835,1,1.1878280843789109,0.008524196745220728,0.0011162507658195868
2019-06-17,260.67462158203125,261.4403368362566,260.5034607313937,260.8097413348233,39205700,0.0003804377749982835,255.77901763916014,4.305523180598795,1.13705204629516,0,0.0,0.0,0.0,1.0509648529851885,1.4704722802010377,0.008374699847591113,medium,0.010416206436427763,1,1.13705204629516,0.008374699847591113,0.0002767143048024984
2019-06-18,263.404052734375,264.45804139734327,262.1338725472256,262.4942284092509,85434800,0.010416206436427763,256.1596160888672,4.630885746790188,1.5643738674678243,0,0.0,0.0,0.0,1.0509648529851885,1.4857890230306563,0.008465415620943412,medium,0.002254725846776508,1,1.5643738674678243,0.008465415620943412,0.002408378940421587
2019-06-19,263.9986267089844,264.53011590663687,262.56630277131865,263.53919219436335,78674400,0.002254725846776508,256.4546325683594,4.938611897979295,1.5275535507683289,0,0.0,0.0,0.0,1.0509648529851885,1.4891390699437401,0.008283067121174586,medium,0.009509352828518117,1,1.5275535507683289,0.008283067121174586,0.0032127355448657823
2019-06-20,266.52105712890625,266.92644391683694,264.0617949221299,266.6832283388617,116570000,0.009509352828518117,256.91541290283203,5.42785459288745,1.7696944643029417,0,0.0,0.0,0.0,1.0509648529851885,1.5032998187705666,0.008423551705749667,medium,-0.001454908055282109,0,1.7696944643029417,0.008423551705749667,0.004290940978151294
2019-06-21,266.1335754394531,267.5094941837973,265.9163323811376,266.2512579710432,83309500,-0.001454908055282109,257.51401290893557,5.758266204278759,1.4969024051219915,0,0.0,-0.0,0.0,1.0509648529851885,1.5011126557547332,0.007797214583439753,medium,-0.0012249685335945521,0,1.4969024051219915,0.007797214583439753,0.004221162966287713
2019-06-24,265.8077697753906,266.65864781741556,265.653870824963,266.3418441621465,47582700,-0.0012249685335945521,258.06749801635743,6.004158994423368,1.2891516973854817,0,0.0,-0.0,0.0,1.0509648529851885,1.499273839986053,0.007837022068043611,medium,-0.009856928667931844,0,1.2891516973854817,0.007837022068043611,0.003900081704569145
2019-06-25,263.2005920410156,265.88908445192766,263.0919705496653,265.8619290790901,82028700,-0.009856928667931844,258.6090805053711,5.9513707580424775,0.7715048721237426,0,0.0,-0.0,0.0,1.0509648529851885,1.4844956046916142,0.007877290296749847,medium,-0.0009973019617167626,0,0.7715048721237426,0.007877290296749847,-0.000154545316302776
2019-06-26,262.938232421875,264.60382743242513,262.829610864124,264.0969084129105,51584900,-0.0009973019617167626,259.22222900390625,5.718090083548246,0.6498679390624184,0,0.0,-0.0,0.0,1.0509648529851885,1.4830151143128953,0.007639513679460972,medium,0.00353935834911574,1,0.6498679390624184,0.007639513679460972,-0.00080495087800143
2019-06-27,263.8705139160156,264.3774327619087,263.31834531156267,263.6985206334799,40355200,0.00353935834911574,259.84775390625,5.492583799262478,0.7323984770711751,0,0.0,0.0,0.0,1.0509648529851885,1.4882640362396033,0.0076435673450379145,medium,0.005132696973044706,1,0.7323984770711751,0.0076435673450379145,-0.0019989497738819055
2019-06-28,265.2283630371094,265.72622092796087,264.33220778357355,264.8481600545442,59350900,0.005132696973044706,260.71053009033204,4.846326678395465,0.9322179965534452,0,0.0,0.0,0.0,1.0509648529851885,1.4959028445535016,0.006665015703246899,medium,0.009037279223338933,1,0.9322179965534452,0.006665015703246899,-0.0006814287682165427
2019-07-01,267.63616943359375,268.77675044875934,266.4322166675855,268.5594798208704,78705600,0.009037279223338933,261.72522430419923,3.9397647802015805,1.500329450910032,0,0.0,0.0,0.0,1.0509648529851885,1.5094217362507185,0.006627629396249139,medium,0.0026013177718904224,1,1.500329450910032,0.006627629396249139,0.0013710207831701545
2019-07-02,268.3332824707031,268.38759324301185,266.7491538200057,267.5909984158022,61504500,0.0026013177718904224,262.50632553100587,3.591844889041417,1.6222741013886985,0,0.0,0.0,0.0,1.0509648529851885,1.5133482218385053,0.005187104425637281,low,0.007962984083541392,1,1.6222741013886985,0.005187104425637281,0.003862670071134608
2019-07-03,270.4785461425781,270.4966681436764,268.8672626699249,269.01210055370296,40898900,0.007962984083541392,263.28523712158204,3.544428349862185,2.029469440756441,-1,0.0,0.0,0.0,1.0509648529851885,1.525398989641861,0.005151303928203282,low,-0.0011382932555732384,0,2.029469440756441,0.005151303928203282,0.005654727280186239
2019-07-05,270.17083740234375,270.333797324257,267.95307413888946,269.2475267615392,51677300,-0.0011382932555732384,263.9658920288086,3.4912139035282217,1.777303122923648,0,-1.0,0.0006382932555732384,1.0,1.0516356767626935,1.5236626382598935,0.005159399488168693,low,-0.00550992540906932,0,1.777303122923648,0.005159399488168693,0.004719196959248443
2019-07-08,268.6863098144531,269.9898235013948,268.1431745073926,268.8583031221058,45841800,-0.00550992540906932,264.44394836425784,3.447821889685098,1.230446811329561,0,0.0,-0.0005,1.0,1.0511098589243122,1.5152673707744957,0.005155381762643279,low,0.0012457718445934172,1,1.230446811329561,0.005155381762643279,0.002590672482825638
2019-07-09,269.021240234375,269.31994946484144,267.47332806284766,267.52763883202334,41101300,0.0012457718445934172,264.8792999267578,3.4486326331941277,1.2010384254181652,0,0.0,0.0,0.0,1.0511098589243122,1.5171550482020377,0.005114957380664005,low,0.0047666841269327406,1,1.2010384254181652,0.005114957380664005,0.0010323710070765347
2019-07-10,270.306640625,271.25713436614035,269.5553232105845,270.08939754131563,58448500,0.0047666841269327406,265.38207244873047,3.471305660903394,1.4186501153539823,0,0.0,0.0,0.0,1.0511098589243122,1.5243868470883981,0.0051402530076647595,low,0.0023413962956005748,1,1.4186501153539823,0.0051402530076647595,0.0014654442780849982
2019-07-11,270.9402770996094,271.1846755452837,269.93550030905135,270.9493381022296,50826100,0.0023413962956005748,265.9395004272461,3.4211136123855668,1.4617394331070408,0,0.0,0.0,0.0,1.0511098589243122,1.527956040805233,0.005067764245413451,low,0.004467056088863466,1,1.4617394331070408,0.005067764245413451,0.0003411267204968348
2019-07-12,272.1532897949219,272.225722572846,271.12135752209366,271.42912776574457,40326000,0.004467056088863466,266.50397338867185,3.4705718314977334,1.6277768277200726,0,0.0,0.0,0.0,1.0511098589243122,1.5347815061408279,0.005075664620425426,low,0.00033264560348734523,1,1.6277768277200726,0.005075664620425426,0.0014621965893841756
2019-07-15,272.24383544921875,272.58782210519985,271.7369164693559,272.58782210519985,33900000,0.00033264560348734523,267.08739166259767,3.401577296400382,1.5158978724598542,0,0.0,0.0,0.0,1.0511098589243122,1.5352920444611593,0.005037615193825447,low,-0.00323067739937381,0,1.5158978724598542,0.005037615193825447,0.0026307107918955084
2019-07-16,271.36572265625,272.3614660428078,271.05795245040616,272.15325636311616,36650100,-0.00323067739937381,267.62194671630857,3.173155061485728,1.1798276060888515,0,0.0,-0.0,0.0,1.0511098589243122,1.5303320111516803,0.005168899954349634,low,-0.006828166500612646,0,1.1798276060888515,0.005168899954349634,0.0017354209431020631
2019-07-17,269.51910400390625,271.5015299968323,269.51910400390625,271.33859768577247,36036300,-0.006828166500612646,267.92769927978514,3.0370365695423773,0.5239991971387091,0,0.0,-0.0,0.0,1.0511098589243122,1.519882649378319,0.005130937824414489,low,0.003654146198544547,1,0.5239991971387091,0.005130937824414489,-0.0005835491824070142
2019-07-18,270.5057678222656,270.88597081349883,268.5776803578232,269.0212274934216,51392600,0.003654146198544547,268.25305633544923,2.9409979799176393,0.765968389709496,0,0.0,0.0,0.0,1.0511098589243122,1.5254365227837787,0.0051563110514938545,low,-0.005570242727394611,0,0.765968389709496,0.0051563110514938545,-0.0003209992018182198
2019-07-19,269.003173828125,271.62829590298804,268.83118049951213,271.60114051557616,58678600,-0.005570242727394611,268.37716217041014,2.9163308154311856,0.21465728593012792,0,0.0,-0.0,0.0,1.0511098589243122,1.5169394710866402,0.004979492274980054,low,0.0024532273654945475,1,0.21465728593012792,0.004979492274980054,-0.002328458965069835
2019-07-22,269.6639099121094,270.2070451761584,268.88543721281127,269.40138946990106,43638100,0.0024532273654945475,268.55367889404295,2.879999984764571,0.3854968833123748,0,0.0,0.0,0.0,1.0511098589243122,1.5206608685089087,0.004976928888682874,low,0.007124685673690976,1,0.3854968833123748,0.004976928888682874,-0.0019043426126683944
2019-07-23,271.592041015625,271.592041015625,269.95360174897894,270.78641288658775,44564500,0.007124685673690976,268.8428924560547,2.880171194999268,0.9545087334890174,0,0.0,0.0,0.0,1.0511098589243122,1.5314950992133167,0.005157509292282288,low,0.00468867839232193,1,0.9545087334890174,0.005157509292282288,0.00016673000194456256
2019-07-24,272.8684387207031,272.8684387207031,270.7411746175419,270.8317017841682,47213200,0.00468867839232193,269.32628479003904,2.6882633987658475,1.3176364831996186,0,0.0,0.0,0.0,1.0511098589243122,1.538675787192945,0.004520891281243206,low,-0.004788351566650642,0,1.3176364831996186,0.004520891281243206,0.002470098980531478
2019-07-25,271.5649719238281,272.47018849690755,270.759315913779,272.41587771252415,55394100,-0.004788351566650642,269.7576217651367,2.268687508631492,0.7966501123733997,0,0.0,-0.0,0.0,1.0511098589243122,1.5313080665767722,0.004719619593613583,low,0.0066773316213091,1,0.7966501123733997,0.004719619593613583,0.0007815994274924399
2019-07-26,273.3843688964844,273.58351757677167,272.12610504716736,272.2528485823537,45084100,0.0066773316213091,270.23331451416016,1.9434302463031154,1.6213879496412607,0,0.0,0.0,0.0,1.0511098589243122,1.541533118351691,0.004837673641148019,low,-0.0018228848597718905,0,1.6213879496412607,0.004837673641148019,0.003231114297233182
2019-07-29,272.886474609375,273.384360106589,272.3343059738363,273.2666775777019,38126500,-0.0018228848597718905,270.61622009277346,1.635444360720041,1.3881575987103647,0,0.0,-0.0,0.0,1.0511098589243122,1.5387230809694108,0.0048332989976835414,low,-0.0024576291574565146,0,1.3881575987103647,0.0048332989976835414,0.002375891852179895
2019-07-30,272.2166442871094,272.62400266829127,271.10321830355207,271.48342130098905,45849000,-0.0024576291574565146,270.8452438354492,1.512239626297773,0.9068671576988145,0,0.0,-0.0,0.0,1.0511098589243122,1.534941470260369,0.004555711008316268,low,-0.011000877467255095,0,0.9068671576988145,0.004555711008316268,0.0004594288859503965
2019-07-31,269.2384338378906,272.6511164157316,267.21981949609557,272.461001133541,104245200,-0.011000877467255095,270.89050140380857,1.4451630499879644,-1.1431703612486528,0,0.0,-0.0,0.0,1.0511098589243122,1.5180557672266264,0.00524364080594356,low,-0.008745850014722006,0,-1.1431703612486528,0.00524364080594356,-0.002678482285965009
2019-08-01,266.89398193359375,272.35243534985585,266.0973871356964,269.3923878679063,142646600,-0.008745850014722006,270.7112731933594,1.6989382797577244,-2.24686870926823,1,0.0,-0.0,0.0,1.0511098589243122,1.5047790791724784,0.005267416862360408,low,-0.00755812116304285,0,-2.24686870926823,0.005267416862360408,-0.003469981975579281
2019-08-02,264.8843688964844,266.24219324196565,263.32739587533223,265.99779480478156,116749700,-0.00755812116304285,270.4469497680664,2.141136437891382,-2.5979572217546965,1,1.0,-0.00805812116304285,1.0,1.0426398883254313,1.4934057765684807,0.005488609415709825,low,-0.030534640241075862,0,-2.5979572217546965,0.005488609415709825,-0.006317072532449672
2019-08-05,256.91845703125,260.89234160663744,255.01749757121055,260.7837200874932,178745400,-0.030534640241075862,269.8585571289062,3.6999358770769564,-3.4973849622170308,1,1.0,-0.030534640241075862,0.0,1.0108032544344188,1.4478051684470177,0.008564348978831127,medium,0.01392564754521574,1,-3.4973849622170308,0.008564348978831127,-0.012059423608710465
2019-08-06,260.521240234375,260.73851093150165,257.33488880161246,258.81039579143163,120711700,0.01392564754521574,269.4335571289063,4.248670823744266,-2.0976717811894474,1,1.0,0.01392564754521574,0.0,1.0248793442932294,1.4679667929369524,0.009275701151718125,medium,0.0005905649259331342,1,-2.0976717811894474,0.009275701151718125,-0.008782768268176014
2019-08-07,260.6751403808594,261.4445797648899,255.30721432375586,257.4435115429368,140572300,0.0005905649259331342,268.95198211669924,4.669510122485285,-1.7725289203216519,0,1.0,0.0005905649259331342,0.0,1.0254846020872823,1.4688337226372956,0.009171126521768958,medium,0.019430103604329063,1,-1.7725289203216519,0.009171126521768958,-0.006464479789538369
2019-08-08,265.78961181640625,265.78961181640625,261.61657783559,262.1687465315291,87713900,0.019430103604329063,268.69444885253904,4.696039609298968,-0.6185716641701046,0,0.0,-0.0005,1.0,1.0249718597862387,1.4973733140456704,0.010304645396578035,high,-0.0068347998464333305,0,-0.6185716641701046,0.010304645396578035,-0.0008292890657281553
2019-08-09,263.97918701171875,265.4456330756324,262.1959097009694,264.8481869708878,93730000,-0.0068347998464333305,268.2857437133789,4.73471106202997,-0.9095711745108589,0,0.0,-0.0,0.0,1.0249718597862387,1.4871390671487776,0.010301277047621219,high,-0.012248130547284441,0,-0.9095711745108589,0.010301277047621219,-0.0006846248024062514
2019-08-12,260.7656555175781,263.9701011986558,259.8151618664045,262.4764998896778,65527600,-0.012248130547284441,267.7118347167969,4.921649774390593,-1.4113517860134306,0,0.0,-0.0,0.0,1.0249718597862387,1.4689243937123726,0.010562687005427975,high,0.015432163270991802,1,-1.4113517860134306,0.010562687005427975,0.002972677136352033
2019-08-13,264.821044921875,266.26939667676976,260.1229696286607,260.46695627826205,94299800,0.015432163270991802,267.3846008300781,4.8833456055703754,-0.5249589349725514,0,0.0,0.0,0.0,1.0249718597862387,1.4915930747888844,0.011263653962233085,high,-0.03001324130858816,0,-0.5249589349725514,0.011263653962233085,0.003273980281507245
2019-08-14,256.9909973144531,261.3722425156289,256.8642813504828,260.76576283980523,135622100,-0.03001324130858816,266.7581954956055,5.373998996852432,-1.8174916271612713,0,0.0,-0.0,0.0,1.0249718597862387,1.4468255319010266,0.01293957508042102,high,0.002638338871501706,1,-1.8174916271612713,0.01293957508042102,-0.0028467809653970138
2019-08-15,257.669921875,258.5661051712595,255.6241509676761,257.8781316559534,99556600,0.002638338871501706,266.1164031982422,5.66165268388361,-1.4918755697052661,0,0.0,0.0,0.0,1.0249718597862387,1.4506427479421222,0.012916616907191529,high,0.014646935061588186,1,-1.4918755697052661,0.012916616907191529,-0.006205133911962485
2019-08-16,261.4717712402344,261.906257446476,257.7241619613219,259.32641272187715,83018300,0.014646935061588186,265.73983306884764,5.709802150016635,-0.7474973241587425,0,0.0,0.0,0.0,1.0249718597862387,1.4718902180687943,0.013438540582858712,high,0.011975638041582899,1,-0.7474973241587425,0.013438540582858712,-0.0019087869303581815
2019-08-19,264.62188720703125,265.30079947919467,263.81625900906977,264.4951712812332,53571800,0.011975638041582899,265.48773193359375,5.638286859473707,-0.15356521371516743,0,0.0,0.0,0.0,1.0249718597862387,1.4895170425573327,0.013748105133159912,high,-0.007692178201224414,0,-0.15356521371516743,0.013748105133159912,0.002935966787415286
2019-08-20,262.59417724609375,264.6490081776248,262.46746133677397,264.11493390797597,51596400,-0.007692178201224414,265.0378387451172,5.482399048555304,-0.44572849903499656,0,0.0,-0.0,0.0,1.0249718597862387,1.478059412032221,0.013689533050149326,high,0.008102536461038297,1,-0.44572849903499656,0.013689533050149326,-0.0016889015070279574
2019-08-21,264.7304992675781,265.1016136143309,264.0696814702971,264.75765464965775,49524700,0.008102536461038297,264.6309417724609,5.163343194166062,0.019281595542534898,0,0.0,0.0,0.0,1.0249718597862387,1.490035442309793,0.013794066975666097,high,-0.0003076087651246867,0,0.019281595542534898,0.013794066975666097,0.005934254046897335
2019-08-22,264.6490783691406,266.07027488099453,262.874861793045,265.4366399163249,51666400,-0.0003076087651246867,264.28514709472654,4.899356678967715,0.07428144106682286,0,0.0,-0.0,0.0,1.0249718597862387,1.489577094347392,0.01377445842824538,high,-0.026023357772055226,0,0.07428144106682286,0.01377445842824538,0.0053450645195720565
2019-08-23,257.8508605957031,265.01112462198813,256.60165772038295,263.34552999656404,149161500,-0.026023357772055226,263.5084716796875,4.6032593306241365,-1.2290446133125574,0,0.0,-0.0,0.0,1.0249718597862387,1.4508132966921314,0.014689385781560352,high,0.010997789160838775,1,-1.2290446133125574,0.014689385781560352,-0.002788994047156626
2019-08-26,260.7023010253906,260.7023010253906,258.5116653687146,260.04148316459356,72423800,0.010997789160838775,262.8992630004883,4.0724677849533215,-0.5394669991534041,0,0.0,0.0,0.0,1.0249718597862387,1.466769035440893,0.01501611522064639,high,-0.003931304554880964,0,-0.5394669991534041,0.01501611522064639,-0.002984563823305451
2019-08-27,259.6794128417969,262.46749470133955,258.9190344141973,262.0963526786402,66668900,-0.003931304554880964,262.2724014282227,3.4853801100465884,-0.7439614918761741,0,0.0,-0.0,0.0,1.0249718597862387,1.461002719650906,0.015020627874353095,high,0.007017016286606789,1,-0.7439614918761741,0.015020627874353095,-0.002232389094036761
2019-08-28,261.50799560546875,261.670927937777,258.21299444093967,259.0186503479312,59696700,0.007017016286606789,261.88587951660156,3.0769118206128527,-0.12281272040404018,0,0.0,0.0,0.0,1.0249718597862387,1.471254599529473,0.015015269487475806,high,0.01269199371831587,1,-0.12281272040404018,0.015015269487475806,-0.0024494931289230624
2019-08-29,264.84820556640625,265.373246555172,263.0649281304495,264.06973271239076,57899400,0.01269199371831587,261.78359069824216,2.932264855235692,1.0451357634669585,0,0.0,0.0,0.0,1.0249718597862387,1.4899277536647444,0.015231165399698075,high,-0.0004445280737007855,0,1.0451357634669585,0.015231165399698075,0.00015042736776504882
2019-08-30,264.7304992675781,266.3508164400091,263.7981276495006,266.33272206029176,62901200,-0.0004445280737007855,261.77589721679686,2.923890948826437,1.0105035045739825,0,0.0,-0.0,0.0,1.0249718597862387,1.4892654389504545,0.01513760653988659,high,-0.005864287417490962,0,1.0105035045739825,0.01513760653988659,0.005266193307435937
2019-09-03,263.1825866699219,263.9429650713282,261.8519175612082,263.0287153639879,69101400,-0.005864287417490962,262.08910369873047,2.7033674067998987,0.404489219053585,0,0.0,-0.0,0.0,1.0249718597862387,1.4805319583755132,0.013429784850654058,high,0.011286413062711812,1,0.404489219053585,0.013429784850654058,0.0018937779917699896
2019-09-04,266.1697998046875,266.1878941850872,264.60376571235577,265.35511068657013,46887300,0.011286413062711812,262.3715316772461,2.8233452069277076,1.345307728619766,0,0.0,0.0,0.0,1.0249718597862387,1.4972418536102847,0.013310645151240494,high,0.012773256105140301,1,1.345307728619766,0.013310645151240494,0.004937321515288545
2019-09-05,269.5914611816406,270.50571064288545,266.13352910544006,268.6590897186863,83258100,0.012773256105140301,262.81734771728514,3.2177867907108597,2.1052089230744127,-1,0.0,0.0,0.0,1.0249718597862387,1.5163665072577839,0.013563780481591984,high,0.0007722872719785669,1,2.1052089230744127,0.013563780481591984,0.006088569478995247
2019-09-06,269.79974365234375,270.4424672022714,269.22948051122984,269.908392828045,49584300,0.0007722872719785669,263.01785430908205,3.5231887921007936,1.924929302246621,0,-1.0,-0.0012722872719785668,1.0,1.0236678011348965,1.5175375778109939,0.01290442567099567,high,0.0005031085348753052,1,1.924929302246621,0.01290442567099567,0.003704628189727787
2019-09-09,269.9355163574219,270.8769214356232,268.99408365421084,270.7864219040724,51260300,0.0005031085348753052,263.3156707763672,3.84571067087163,1.721358195559285,0,0.0,-0.0005,1.0,1.0231559672343291,1.5183010639183845,0.012781190442273941,high,-0.00023506911270152375,0,1.721358195559285,0.012781190442273941,0.0038941555114430045
2019-09-10,269.8720703125,269.9354420671524,267.91680029395496,269.17503626132765,57947100,-0.00023506911270152375,263.77099151611327,4.060968112820433,1.5023705251774053,0,0.0,-0.0,0.0,1.0231559672343291,1.5179441582344755,0.012396595618890355,high,0.007086086718509838,1,1.5023705251774053,0.012396595618890355,0.005019999172400893
2019-09-11,271.79119873046875,271.8726648838631,269.5281579417055,270.1799147938697,68821100,0.007086086718509838,264.11949920654297,4.43745859968241,1.7288498250946718,0,0.0,0.0,0.0,1.0231559672343291,1.5287004421735804,0.012046101896999147,high,0.00345772648148162,1,1.7288498250946718,0.012046101896999147,0.004179933903560498
2019-09-12,272.73260498046875,273.7916924968806,271.9360102800866,272.6963885963586,72908700,0.00345772648148162,264.9065795898438,4.502104063106534,1.7383039754138594,0,0.0,0.0,0.0,1.0231559672343291,1.5339862701747367,0.009529046443017893,medium,-0.0006640970508518105,0,1.7383039754138594,0.009529046443017893,0.0023168279788287616
2019-09-13,272.5515441894531,273.5291931620798,272.180402229938,273.1761455816851,62104800,-0.0006640970508518105,265.6506607055664,4.4728009216981235,1.5428550487033015,0,0.0,-0.0,0.0,1.0231559672343291,1.5329675544166665,0.009563692107909758,medium,-0.003093358132918742,0,1.5428550487033015,0.009563692107909758,0.002029551114262686
2019-09-16,271.7097473144531,272.5968692967688,271.0670514305876,271.4200714477773,58191200,-0.003093358132918742,266.16255950927734,4.554475065271602,1.217964249595684,0,0.0,-0.0,0.0,1.0231559672343291,1.528225536764711,0.009224478348901794,medium,0.0025286463113355904,1,1.217964249595684,0.009224478348901794,0.0013102577807038765
2019-09-17,272.3976745605469,272.4881740817053,271.33855943792975,271.51055272814114,41475500,0.0025286463113355904,266.5513488769531,4.743979366660631,1.2323674349597964,0,0.0,0.0,0.0,1.0231559672343291,1.53208987863114,0.0089193135903408,medium,0.0005978543725123162,1,1.2323674349597964,0.0089193135903408,0.0018630008655112994
2019-09-18,272.5605773925781,272.6691989062345,269.9716449420855,272.0083811981535,73375800,0.0005978543725123162,267.04966888427737,4.82911470494965,1.1411840150850625,0,0.0,0.0,0.0,1.0231559672343291,1.5330058452641615,0.008661079650941548,medium,-6.606225306033092e-05,0,1.1411840150850625,0.008661079650941548,0.0005653543963117952
2019-09-19,272.5425720214844,273.9456741733288,272.20764633604875,272.94993049702333,76560500,-6.606225306033092e-05,267.44027252197264,4.946176838123269,1.0315643104761494,0,0.0,-0.0,0.0,1.0231559672343291,1.5329045714440686,0.008543133938252494,medium,-0.0047360361632727156,0,1.0315643104761494,0.008543133938252494,-0.000139403350596595
2019-09-20,271.2548522949219,273.4283237750673,270.4636815896256,273.1463852597346,89565000,-0.0047360361632727156,267.7705612182617,4.970476428256484,0.7009974047663589,0,0.0,-0.0,0.0,1.0231559672343291,1.5256446799588634,0.008647943032958948,medium,-0.00023482589658071224,0,0.7009974047663589,0.008647943032958948,-0.0009537911730807759
2019-09-23,271.191162109375,271.90959322004414,270.336327054296,270.5909570013887,43476800,-0.00023482589658071224,268.4375762939453,4.435555802973322,0.6207983706537642,0,0.0,-0.0,0.0,1.0231559672343291,1.5252864190790285,0.005835281906551558,low,-0.007877890963992556,0,0.6207983706537642,0.005835281906551558,-0.00038208472581316997
2019-09-24,269.0631408691406,272.67344612254635,268.09918278912005,272.2824122840167,94869400,-0.007877890963992556,268.8556182861328,4.0449488693489135,0.05130413009181116,0,0.0,-0.0,0.0,1.0231559672343291,1.5132703789806652,0.005918165052419884,low,0.005897400317151624,1,0.05130413009181116,0.005918165052419884,-0.002463392180878799
2019-09-25,270.65460205078125,271.1001974881487,267.6626795721894,269.14500041802086,71854000,0.005897400317151624,269.40437774658204,3.4326717619266613,0.3642131817163584,0,0.0,0.0,0.0,1.0231559672343291,1.522194740193602,0.005844190430922587,low,-0.0020853158202546115,0,0.3642131817163584,0.005844190430922587,-0.0014034829919509378
2019-09-26,270.0907897949219,270.87285754850967,268.6812361680686,270.6637140924757,56179700,-0.0020853158202546115,269.83351745605466,2.8865984886069267,0.08912647182579589,0,0.0,-0.0,0.0,1.0231559672343291,1.519020483420368,0.005792843847683356,low,-0.005402044486916676,0,0.08912647182579589,0.005792843847683356,-0.001807333705389794
2019-09-27,268.63568115234375,270.9546585387981,267.0806211361253,270.84550766263965,84746600,-0.005402044486916676,270.02289123535155,2.6574700519364205,-0.5220040323679215,0,0.0,-0.0,0.0,1.0231559672343291,1.5108146671923934,0.005369215615682994,low,0.004627084340605475,1,-0.5220040323679215,0.005369215615682994,-0.001940535370118586
2019-09-30,269.8815612792969,270.59088936551007,269.1085965366539,269.1540552559003,51662400,0.004627084340605475,270.2804443359375,2.3492964667537843,-0.16978830142786663,0,0.0,0.0,0.0,1.0231559672343291,1.5178053340805164,0.005431225390620494,low,-0.011965832913313226,0,-0.16978830142786663,0.005431225390620494,-0.0009681533226813487
2019-10-01,266.67144775390625,271.4184990741899,266.4532014526551,270.7637324178549,88242400,-0.011965832913313226,270.4548873901367,1.87646573144221,-2.016258316277698,1,0.0,-0.0,0.0,1.0231559672343291,1.4996435290579735,0.005978707992588587,low,-0.017822667762430622,0,-2.016258316277698,0.005978707992588587,-0.0017857417125454827
2019-10-02,261.96075439453125,265.0981834304404,260.66942690190984,265.08908058458655,122539500,-0.017822667762430622,270.2444351196289,2.511068819961653,-3.298866466441238,1,1.0,-0.018322667762430623,1.0,1.0044090203775462,1.4729158806774942,0.006748825177361032,medium,0.008159372472771643,1,-3.298866466441238,0.006748825177361032,-0.006529755328461932
2019-10-03,264.10693359375,264.13421437759865,259.01430783890055,261.733394388604,85278800,0.008159372472771643,269.9702087402344,2.8611960475375775,-2.0492392164215696,1,1.0,0.008159372472771643,0.0,1.0126043676898182,1.4849339499690022,0.006326163968289647,medium,0.013441443467683759,1,-2.0492392164215696,0.006326163968289647,-0.004480817669856681
2019-10-04,267.6808776855469,267.93550760720115,264.7071332315853,264.7617225564784,65091200,0.013441443467683759,269.86426544189453,2.9067065130664362,-0.7511552152006866,0,1.0,0.013441443467683759,0.0,1.0262152320532505,1.504893605710755,0.007102545796613505,medium,-0.004323941610138445,0,-0.7511552152006866,0.007102545796613505,-0.0007121200789365938
2019-10-07,266.52593994140625,268.5084455962607,266.2440292191831,266.88061793215365,59610500,-0.004323941610138445,269.69378662109375,3.0007717621022088,-1.0556773159809547,0,0.0,-0.0005,1.0,1.025702124437224,1.498386533630191,0.007152288681978415,medium,-0.01564643415720414,0,-1.0556773159809547,0.007152288681978415,-0.002502325269085378
2019-10-08,262.3882141113281,265.4074176476115,262.35183047463295,264.67080858188825,95708100,-0.01564643415720414,269.31959381103513,3.41534610741456,-2.02948090228961,1,0.0,-0.0,0.0,1.025702124437224,1.4749421273897048,0.007898165579145171,medium,0.009451540920410888,1,-2.02948090228961,0.007898165579145171,-0.0032384455178635606
2019-10-09,264.87994384765625,265.81662125732413,263.7795817068035,264.4070675955947,62359400,0.009451540920410888,268.97403106689455,3.500680989028823,-1.1695116556090726,0,1.0,0.008951540920410887,1.0,1.0348837389762762,1.4888826032619662,0.008048311180753808,medium,0.006740686668906684,1,-1.1695116556090726,0.008048311180753808,0.0022163962187047416
2019-10-10,266.67144775390625,267.55356355823847,264.63440826867793,264.7980929946163,55296300,0.006740686668906684,268.6709732055664,3.419593012527467,-0.5847261485021744,0,0.0,-0.0005,1.0,1.0343662971067882,1.4989186943773412,0.008182552368083431,medium,0.010313194844005773,1,-0.5847261485021744,0.008182552368083431,0.0019326590579317494
2019-10-11,269.4359130859375,271.67302003413994,269.3086120454655,269.4268102428429,98720400,0.010313194844005773,268.51519165039065,3.302468415372667,0.278797953452328,0,0.0,0.0,0.0,1.0343662971067882,1.5143773349277776,0.008573815428059392,medium,-0.001113672119036595,0,0.278797953452328,0.008573815428059392,0.0013070093331961521
2019-10-14,269.1360168457031,269.7907837072383,268.7904415920332,269.11781114650563,40394800,-0.001113672119036595,268.3865051269531,3.2205645848793294,0.23272680891697853,0,0.0,-0.0,0.0,1.0343662971067882,1.5126908151121676,0.00855461535641821,medium,0.00985158719372882,1,0.23272680891697853,0.00855461535641821,0.0019490632314165227
2019-10-15,271.800537109375,272.5462491928704,270.0635857818824,270.18181181372796,46754500,0.00985158719372882,268.35664825439454,3.183981239674826,1.081629757131413,0,0.0,0.0,0.0,1.0343662971067882,1.5275932205743978,0.008841872533988849,medium,-0.0016077842317781992,0,1.081629757131413,0.008841872533988849,0.007048667501603115
2019-10-16,271.3638916015625,272.0550417754018,270.9273990728866,271.3366108185202,48928200,-0.0016077842317781992,268.29681396484375,3.1112350201666823,0.9858071205930413,0,0.0,-0.0,0.0,1.0343662971067882,1.525137180281787,0.008846336577231054,medium,0.0029449224608005054,1,0.9858071205930413,0.008846336577231054,0.004836802471165297
2019-10-17,272.1642150878906,273.0372280587811,271.4730647866204,272.5279681797132,45736600,0.0029449224608005054,268.27789611816405,3.085100492571859,1.2597057953489186,0,0.0,0.0,0.0,1.0343662971067882,1.5296285910198006,0.00887466987224265,medium,-0.004386573498552309,0,1.2597057953489186,0.00887466987224265,0.004077649629544062
2019-10-18,270.97296142578125,272.2733921690983,270.11812622676183,271.6277282217836,64304000,-0.004386573498552309,268.26380157470703,3.0713976909797203,0.8820609128640863,0,0.0,-0.0,0.0,1.0343662971067882,1.5229187627798053,0.008865337502460827,medium,0.006755971355003271,1,0.8820609128640863,0.008865337502460827,0.0011376959610324454
2019-10-21,272.8098449707031,273.009913309205,271.85498975437696,272.29151006181155,39048600,0.006755971355003271,268.34473571777346,3.17226679616547,1.407545310604688,0,0.0,0.0,0.0,1.0343662971067882,1.5332075583171425,0.008994622029860327,medium,-0.0032718850522163684,0,1.407545310604688,0.008994622029860327,0.0027116246558404186
2019-10-22,271.918701171875,273.6374464088708,271.82775595636684,273.34643282027804,48594700,-0.0032718850522163684,268.48751373291014,3.2690870105508703,1.049585840906287,0,0.0,-0.0,0.0,1.0343662971067882,1.5281910794251397,0.008831771382930587,medium,0.002905239786797677,1,1.049585840906287,0.008831771382930587,8.693020665138116e-05
2019-10-23,272.7098388671875,272.76440043938345,271.45486720152144,271.6640383966591,34352200,0.002905239786797677,268.5902755737305,3.3714921389108565,1.2218813284220866,0,0.0,0.0,0.0,1.0343662971067882,1.5326308409509148,0.008761085625712794,medium,0.001632702348066732,1,1.2218813284220866,0.008761085625712794,0.0009895350103665563
2019-10-24,273.15545654296875,273.792045273886,272.32790229380925,273.64653848531685,35453100,0.001632702348066732,268.74350891113284,3.510075354207501,1.2569381527799242,0,0.0,0.0,0.0,1.0343662971067882,1.5351331709236549,0.008745492543907428,medium,0.004086598917607787,1,1.2569381527799242,0.008745492543907428,0.0007270909878198017
2019-10-25,274.2740173339844,274.8196608389771,272.527963668524,272.58252524376513,45205400,0.004086598917607787,269.02542572021486,3.7210447436233123,1.410515587796663,0,0.0,0.0,0.0,1.0343662971067882,1.5414066444783352,0.008661772318599227,medium,0.005620503750537301,1,1.410515587796663,0.008661772318599227,0.0024217254710518213
2019-10-28,275.8199157714844,276.32010044076753,275.4652656084277,275.4925463902013,42147000,0.005620503750537301,269.32234344482424,4.018026682172907,1.6171053207507107,0,0.0,0.0,0.0,1.0343662971067882,1.5500701263047287,0.008686247498985365,medium,-0.0002965675536776827,0,1.6171053207507107,0.008686247498985365,0.002194631950158627
2019-10-29,275.7381286621094,276.66573093338,275.419834309273,275.54716315144003,44284900,-0.0002965675536776827,269.7756774902344,4.210082177033066,1.4162315416077824,0,0.0,-0.0,0.0,1.0343662971067882,1.5496104257993417,0.008137848867445825,medium,0.0030626890083514783,1,1.4162315416077824,0.008137848867445825,0.0027896954498663642
2019-10-30,276.58392333984375,276.9567515614426,274.62869824917215,275.93823170639735,49643900,0.0030626890083514783,270.5068359375,4.0481209537451575,1.5012119133252368,0,0.0,0.0,0.0,1.0343662971067882,1.554356400617664,0.0067213766278659435,medium,-0.002667100758216427,0,1.5012119133252368,0.0067213766278659435,0.0028211852941771244
2019-10-31,275.84722900390625,276.57476285774817,274.39221680138,276.57476285774817,69053800,-0.002667100758216427,271.09385070800784,3.92044373928548,1.2124592551262428,0,0.0,-0.0,0.0,1.0343662971067882,1.550210775483038,0.0066958257890983655,medium,0.009221358483640465,1,1.2124592551262428,0.0066958257890983655,0.0019612246729204925
2019-11-01,278.4026794433594,278.4481381708568,277.1295020424609,277.29321451712957,71141500,0.009221358483640465,271.62994079589845,4.155215138702266,1.6299369398177903,0,0.0,0.0,0.0,1.0343662971067882,1.5645058247689694,0.006381192092404928,medium,0.004009621361356996,1,1.6299369398177903,0.006381192092404928,0.0029881765861270284
2019-11-04,279.5212097167969,280.09413397670744,279.1483538055443,279.9577300463906,60606900,0.004009621361356996,272.27970428466796,4.327560956192203,1.6733456802652824,0,0.0,0.0,0.0,1.0343662971067882,1.5707789007439303,0.006219038613370024,low,-0.0011069134933076894,0,1.6733456802652824,0.006219038613370024,0.0026660001082909673
2019-11-05,279.21197509765625,280.02135121348886,278.9209615895428,279.72123486056694,42933200,-0.0011069134933076894,273.1208923339844,3.919524318954846,1.5540362217464365,0,0.0,-0.0,0.0,1.0343662971067882,1.5690401843836939,0.004653686386857443,low,0.00022819018833132327,1,1.5540362217464365,0.004653686386857443,0.002503930920364966
2019-11-06,279.27569580078125,279.5485036742687,278.32991558505597,279.2120313794404,46487100,0.00022819018833132327,273.84067993164064,3.638227134025787,1.4938638157883881,0,0.0,0.0,0.0,1.0343662971067882,1.569398223958868,0.004444189727311419,low,0.0035104875516602588,1,1.4938638157883881,0.004444189727311419,0.0019370311563609347
2019-11-07,280.2578125,281.5946264927241,279.78493630115787,280.6124904635661,54272300,0.0035104875516602588,274.51999816894534,3.4947289024246495,1.641848192308639,0,0.0,0.0,0.0,1.0343662971067882,1.5749075768876732,0.004345146654078298,low,0.0024630207426163163,1,1.641848192308639,0.004345146654078298,0.003172548818336272
2019-11-08,280.9489440917969,281.0035056590973,279.2119935258601,279.91221880793387,49032100,0.0024630207426163163,275.0956497192383,3.5607908814578013,1.6438186255302454,0,0.0,0.0,0.0,1.0343662971067882,1.5787866069172514,0.003936057632971742,low,-0.001911530589436914,0,1.6438186255302454,0.003936057632971742,0.0018208812701314425
2019-11-11,280.41241455078125,280.585202104894,279.4302507955533,279.5666824717528,35797300,-0.001911530589436914,275.6594696044922,3.458766964308434,1.3741732228090116,0,0.0,-0.0,0.0,1.0343662971067882,1.5757687080239358,0.003974118438176329,low,0.00210573004353013,1,1.3741732228090116,0.003974118438176329,0.0006366508799726604
2019-11-12,281.0035095214844,281.9038031468933,280.230516970667,280.7761604037485,46484600,0.00210573004353013,276.11961822509767,3.529805249779613,1.3836149449581214,0,0.0,0.0,0.0,1.0343662971067882,1.5790868515340764,0.0035262299554503916,low,0.0003235819727058004,1,1.3836149449581214,0.0035262299554503916,0.0012791795873402243
2019-11-13,281.0944519042969,281.49458856771133,279.78491877904554,280.0122678945048,53917700,0.0003235819727058004,276.60614624023435,3.5103517679008918,1.2785914235445481,0,0.0,0.0,0.0,1.0343662971067882,1.5795978155725696,0.0034576664475118265,low,0.0014547161359036956,1,1.2785914235445481,0.0034576664475118265,0.0012982579442151196
2019-11-14,281.503662109375,281.5855322127574,280.1759510531311,280.8125396739401,51219900,0.0014547161359036956,277.07311859130857,3.509554379769718,1.26242338446317,0,0.0,0.0,0.0,1.0343662971067882,1.5818956820031214,0.0034468619356446306,low,0.007210255561870287,1,1.26242338446317,0.0034468619356446306,0.000887103661063807
2019-11-15,283.54071044921875,283.5861691680478,282.14933507162783,282.84045746173746,62023600,0.007210255561870287,277.70150604248045,3.484876182707321,1.6755844685999601,0,0.0,0.0,0.0,1.0343662971067882,1.593301554142583,0.003345304693445451,low,0.0007373187142533394,1,1.6755844685999601,0.003345304693445451,0.0018365506249146013
2019-11-18,283.7498474121094,283.98629935082965,282.84955388017454,283.3042520684366,49228000,0.0007373187142533394,278.2485061645508,3.5348846536584646,1.556300073855282,0,0.0,0.0,0.0,1.0343662971067882,1.5944763251959013,0.003187195219873442,low,-0.0002883857939912126,0,1.556300073855282,0.003187195219873442,0.0023663204856526517
2019-11-19,283.66802978515625,284.35917997236,283.02236607228707,284.3500771269776,67804700,-0.0002883857939912126,278.83597259521486,3.401356151089866,1.4206266486951393,0,0.0,-0.0,0.0,1.0343662971067882,1.5940165008748595,0.0029930480653711147,low,-0.0037253954293902567,0,1.4206266486951393,0.0029930480653711147,0.0018874973181483832
2019-11-20,282.61322021484375,283.59538425396653,281.05815953091707,283.0770214417954,79406200,-0.0037253954293902567,279.33114166259764,3.1759746675133003,1.0334082906322049,0,0.0,-0.0,0.0,1.0343662971067882,1.5880781590881277,0.0032565470642242586,low,-0.0016105750903291176,0,1.0334082906322049,0.0032565470642242586,0.0010777018377291718
2019-11-21,282.1584167480469,282.8313889694195,281.35817121201325,282.72226583962293,54664700,-0.0016105750903291176,279.7812896728516,2.8786987171135965,0.8257644542874494,0,0.0,-0.0,0.0,1.0343662971067882,1.5855204399636045,0.0033440302346428572,low,0.0022215752712631126,1,0.8257644542874494,0.0033440302346428572,0.00046464359248260935
2019-11-22,282.78594970703125,283.04057963659153,281.7765328353182,282.9041757015737,44850200,0.0022215752712631126,280.2068862915039,2.6410375098941676,0.9765341862299762,0,0.0,0.0,0.0,1.0343662971067882,1.5890427929651099,0.0032973453523473567,low,0.0077201168575975416,1,0.9765341862299762,0.0032973453523473567,-0.0005330924656388256
2019-11-25,284.9775390625,284.9775390625,283.71349252607234,283.71349252607234,48647200,0.0077201168575975416,280.6647674560547,2.634258287156196,1.6371863106488167,0,0.0,0.0,0.0,1.0343662971067882,1.6013103890185236,0.003463721795332851,low,0.0022630909228263368,1,1.6371863106488167,0.003463721795332851,0.0008634671630300149
2019-11-26,285.6231994628906,285.80508983778327,284.69562515711766,285.01391943689237,37569000,0.0022630909228263368,281.1590209960938,2.5881873830840085,1.7248281542418569,0,0.0,0.0,0.0,1.0343662971067882,1.6049343000245389,0.0034358453683147575,low,0.004447904927991157,1,1.7248281542418569,0.0034358453683147575,0.0013737625063935247
2019-11-27,286.8964538574219,286.8964538574219,285.88700918425144,286.1052554908473,44444600,0.004447904927991157,281.67464752197264,2.6551317507142542,1.9666844532458765,0,0.0,0.0,0.0,1.0343662971067882,1.6120728952067198,0.003477177475071641,low,-0.003715532994519128,0,1.9666844532458765,0.003477177475071641,0.0030084225778698073
2019-11-29,285.83245849609375,286.57817040881315,285.6051093338683,286.3326155519564,36592700,-0.003715532994519128,282.17390899658204,2.4310287271311104,1.5049388181558885,0,0.0,-0.0,0.0,1.0343662971067882,1.6060831851750093,0.003555568665108831,low,-0.008531017650583471,0,1.5049388181558885,0.003555568665108831,0.002587430997031805
2019-12-02,283.4043884277344,286.15075634985016,282.976970887455,286.08709192303365,75767800,-0.008531017650583471,282.42399444580076,2.2749108186078835,0.43095930350956,0,0.0,-0.0,0.0,1.0343662971067882,1.5923816611739758,0.0038065856783767644,low,-0.006729355296988856,0,0.43095930350956,0.0038065856783767644,0.0004369124126624886
2019-12-03,281.503662109375,281.5855322127574,279.30293822530007,280.6852108487473,73941700,-0.006729355296988856,282.5231170654297,2.1831111548219684,-0.4669734538266438,0,0.0,-0.0,0.0,1.0343662971067882,1.5816659592075268,0.004090262985246756,low,0.006151473918927536,1,-0.4669734538266438,0.004090262985246756,-0.0024529820182547907
2019-12-04,283.24066162109375,283.8408667166338,282.2039639124934,282.5495390662209,49080000,0.006151473918927536,282.72455139160155,2.042872143193165,0.25263951599314444,0,0.0,0.0,0.0,1.0343662971067882,1.5913955361040473,0.004271855454828253,low,0.0017961003571962358,1,0.25263951599314444,0.004271855454828253,-0.0016753054190345507
2019-12-05,283.7498474121094,283.9590185696369,282.4403144097088,283.9408406330334,40709000,0.0017961003571962358,282.948258972168,1.8841294330124796,0.42544234270558956,0,0.0,0.0,0.0,1.0343662971067882,1.5942538421948842,0.0042768106892802065,low,0.009092840458857944,1,0.42544234270558956,0.0042768106892802065,-0.002205666333193535
2019-12-06,286.3417053222656,286.7418420497151,285.65055501983795,285.6596578667379,48927000,0.009092840458857944,283.25245361328126,1.917718202835974,1.610899716348259,0,0.0,0.0,0.0,1.0343662971067882,1.6087501380328835,0.004630884978521151,low,-0.0031489886019673377,0,1.610899716348259,0.004630884978521151,0.0003560083574818794
2019-12-09,285.4414367675781,286.62364136052076,285.3686694911169,285.9506966924689,34838500,-0.0031489886019673377,283.4770782470703,1.8966949872205905,1.0356744409317835,0,0.0,-0.0,0.0,1.0343662971067882,1.6036842021848046,0.004711598551417796,low,-0.0011160523823481587,0,1.0356744409317835,0.004711598551417796,0.0014324141672051062
2019-12-10,285.123046875,286.0506211948081,284.4682803690839,285.3867795968124,52649800,-0.0011160523823481587,283.7126098632813,1.7853074617184175,0.7900247111279841,0,0.0,-0.0,0.0,1.0343662971067882,1.6018944066104222,0.004690876369550461,low,0.002835134846021234,1,0.7900247111279841,0.004690876369550461,0.0025550747501332455
2019-12-11,285.93255615234375,286.18718614809717,285.04133729091274,285.577878076515,53429100,0.002835134846021234,283.95906219482424,1.7310370143267746,1.1400645631410886,0,0.0,0.0,0.0,1.0343662971067882,1.6064359932622498,0.004704109320073704,low,0.008581837145354066,1,1.1400645631410886,0.004704109320073704,0.0018918069355519853
2019-12-12,288.3969421386719,289.17900987699994,285.7051360299545,285.94156026923116,96389600,0.008581837145354066,284.32418670654295,1.8603305005275153,2.1892644511144974,-1,0.0,0.0,0.0,1.0343662971067882,1.6202221653408617,0.005006403319162747,low,0.0005988561614066004,1,2.1892644511144974,0.005006403319162747,0.003248954293183551
2019-12-13,288.5697021484375,289.79739296590316,287.3874700546423,288.16046262508945,81503900,0.0005988561614066004,284.67748870849607,1.964532328505414,1.98124173548346,0,-1.0,-0.0010988561614066004,1.0,1.0332296773280611,1.6211924453674236,0.005008509831497992,low,0.0068465402466617005,1,1.98124173548346,0.005008509831497992,0.0015501574336932822
2019-12-16,290.55218505859375,291.14328723980907,288.5060429102938,290.2975551457974,82749700,0.0068465402466617005,285.02806243896487,2.340603967381298,2.3601269999594816,-1,0.0,-0.0005,1.0,1.0327130624893972,1.6322920046922156,0.004986300450833428,low,0.000219074914519615,1,2.3601269999594816,0.004986300450833428,0.0035492632034190897
2019-12-17,290.6158447265625,291.2342276828815,290.5340023722772,290.93413905050215,61097700,0.000219074914519615,285.3713623046875,2.629013152785892,1.994848301278959,0,-1.0,-0.000719074914519615,1.0,1.0319704644322643,1.6326495989236147,0.004990293298944831,low,6.237401160473036e-05,1,1.994848301278959,0.004990293298944831,0.0038162886627926447
2019-12-18,290.63397216796875,291.2341770810207,290.5794106079253,291.0068279966483,48133000,6.237401160473036e-05,285.71965942382815,2.844107446984657,1.7278927873666627,0,0.0,-0.0005,1.0,1.0314544792000482,1.6327514338286446,0.004985417943595852,low,0.00409085185128873,1,1.7278927873666627,0.004985417943595852,0.003261736495909344
2019-12-19,291.8253479003906,291.8981151659742,290.57037621858717,290.825006142969,85310500,0.00409085185128873,286.18026580810545,3.052835598335663,1.849127445763129,0,0.0,0.0,0.0,1.0314544792000482,1.6394307780544168,0.004883231474998561,low,0.004374819676308161,1,1.849127445763129,0.004883231474998561,0.002363539437096277
2019-12-20,293.1048278808594,294.2380150219777,291.8802483824502,292.85806572727074,147142100,0.004374819676308161,286.7275863647461,3.26753885187659,1.9516956967323358,0,0.0,0.0,0.0,1.0314544792000482,1.6466029920801946,0.004859217983810335,low,0.0015264581536440112,1,1.9516956967323358,0.004859217983810335,0.003118732140076589
2019-12-23,293.5525817871094,293.945538202169,293.4063596093835,293.89070837165036,52990000,0.0015264581536440112,287.26591796875,3.4649176908153616,1.8143760918257235,0,0.0,0.0,0.0,1.0314544792000482,1.6491164626432702,0.00485930597903384,low,3.118736213495146e-05,1,1.8143760918257235,0.00485930597903384,0.0020547157214730514
2019-12-24,293.5617370605469,293.82673861863617,293.2601450957839,293.7810563883531,20270000,3.118736213495146e-05,287.6951278686523,3.6908398326336953,1.589505223180677,0,0.0,0.0,0.0,1.0314544792000482,1.6491678942355934,0.004672539506965795,low,0.005308755595584586,1,1.589505223180677,0.004672539506965795,0.002017138210996119
2019-12-26,295.12432861328125,295.13347621140264,293.9363121962845,293.94543190538724,30911200,0.005308755595584586,288.17018432617186,4.007954185850938,1.7350857731007063,0,0.0,0.0,0.0,1.0314544792000482,1.657922923522175,0.004748288245772985,low,-0.00024737735659489675,0,1.7350857731007063,0.004748288245772985,0.00306641452779209
2019-12-27,295.05133056640625,295.9103684888994,294.52129953864886,295.8555386546152,42528800,-0.00024737735659489675,288.5779281616211,4.277314220809523,1.5134269007620347,0,0.0,-0.0,0.0,1.0314544792000482,1.657512790931916,0.004717928476739234,low,-0.005528458791320225,0,1.5134269007620347,0.004717928476739234,0.0021987686862153643
2019-12-30,293.4246520996094,295.27068284889134,292.9403032957844,295.13360826083357,49729100,-0.005528458791320225,288.95753784179686,4.356990638093883,1.0252751563787628,0,0.0,-0.0,0.0,1.0314544792000482,1.6483492997711628,0.004837320561995449,low,0.002425983487235878,1,1.0252751563787628,0.004837320561995449,0.00021811299268968722
2019-12-31,294.1373596191406,294.38412167588007,292.5746541122148,292.9219282002029,57077300,0.002425983487235878,289.4941864013672,4.297595611065092,1.0804118483876382,0,0.0,0.0,0.0,1.0314544792000482,1.6523481679536043,0.004248679273857554,low,0.00930861108696972,1,1.0804118483876382,0.004248679273857554,0.0003980180594080606
2020-01-02,296.8881530761719,296.90644827655234,294.74970630853255,295.672721478946,59151200,0.00930861108696972,290.263410949707,4.166946182697779,1.5898314583405184,0,0.0,0.0,0.0,1.0314544792000482,1.6677292344293515,0.004051400129471409,low,-0.00760126062876332,0,1.5898314583405184,0.004051400129471409,0.002253502804375014
2020-01-03,294.6399841308594,295.764051043722,293.4428200990633,293.49764991051813,77709700,-0.00760126062876332,290.8333770751953,3.928596416653042,0.9689483601644944,0,0.0,-0.0,0.0,1.0314544792000482,1.655052389860246,0.0045625650365693545,low,0.0038080590567041617,1,0.9689483601644944,0.0045625650365693545,-0.00032850044049456716
2020-01-06,295.7641296386719,295.8463743777095,292.76661707449347,292.8854243272233,55653900,0.0038080590567041617,291.43409118652346,3.7003719996300086,1.1701630140378765,0,0.0,0.0,0.0,1.0314544792000482,1.6613549271027734,0.004580607231855694,low,-0.0028154668718652067,0,1.1701630140378765,0.004580607231855694,0.0004825868421652445
2020-01-07,294.9325866699219,295.6728174108507,294.4847724506809,295.1975882711692,40496400,-0.0028154668718652067,291.86363525390624,3.5746123861833468,0.858541034512665,0,0.0,-0.0,0.0,1.0314544792000482,1.6566774373431057,0.004390161605487488,low,0.005315537992579158,1,0.858541034512665,0.004390161605487488,0.0010251852260562482
2020-01-08,296.5044860839844,297.71991826235205,294.877802146772,295.12453646865583,68296000,0.005315537992579158,292.4167877197266,3.379135131781982,1.2096877469656409,0,0.0,0.0,0.0,1.0314544792000482,1.6654835692027516,0.00432818990082535,low,0.006757270054618347,1,1.2096877469656409,0.00432818990082535,0.001603096127124904
2020-01-09,298.51483154296875,298.58795656529105,297.4821567426061,298.0670453650865,48473300,0.006757270054618347,293.086376953125,3.1786542888171336,1.7077838911081515,0,0.0,0.0,0.0,1.0314544792000482,1.6767376914513843,0.004396818938498833,low,-0.0028818592091293996,0,1.7077838911081515,0.004396818938498833,0.0010928279206546298
2020-01-10,297.6557922363281,299.25506045062673,297.18973874984056,299.09971858480566,53029300,-0.0028818592091293996,293.6725387573242,2.854393745522872,1.3954814346309634,0,0.0,-0.0,0.0,1.0314544792000482,1.6719055694939806,0.004543251504593153,low,0.006854031105383145,1,1.3954814346309634,0.004543251504593153,0.002036708204581414
2020-01-13,299.70294189453125,299.71206160755526,297.84779146443003,298.2773104255387,47086800,0.006854031105383145,294.2378387451172,2.8740789849751107,1.901514599280016,0,0.0,0.0,0.0,1.0314544792000482,1.6833648622725557,0.0044266224084379855,low,-0.0015257034828957373,0,1.901514599280016,0.0044266224084379855,0.0026459026143172107
2020-01-14,299.24603271484375,300.3152424603211,298.688558835081,299.26430003143014,62832800,-0.0015257034828957373,294.7716552734375,2.754912386296728,1.624145095743285,0,0.0,-0.0,0.0,1.0314544792000482,1.680796546639202,0.004485168346354348,low,0.0022567511661817866,1,1.624145095743285,0.004485168346354348,0.0029038552921111043
2020-01-15,299.922119140625,300.6806167479877,299.07222922310575,299.1544739355414,72056600,0.0022567511661817866,295.2401519775391,2.7960015509502867,1.6745223769617146,0,0.0,0.0,0.0,1.0314544792000482,1.6845896862059444,0.004328953394873299,low,0.008284399382891886,1,1.6745223769617146,0.004328953394873299,0.00229209792683163
2020-01-16,302.4171142578125,302.4171142578125,301.0737276112458,301.30219453828755,54050300,0.008284399382891886,295.83021545410156,3.0060985440913237,2.1911786014659773,-1,0.0,0.0,0.0,1.0314544792000482,1.698545499962775,0.004564097131778748,low,0.003107903366773436,1,2.1911786014659773,0.004564097131778748,0.002597523792486338
2020-01-17,303.35845947265625,303.5686312399201,302.3531992084545,303.12999249847564,95846000,0.003107903366773436,296.46643981933596,3.189405368888685,2.1609105322732125,-1,-1.0,-0.003607903366773436,1.0,1.0277330911118687,1.703824415240727,0.0045471643088369,low,-0.0019600805512700542,0,2.1609105322732125,0.0045471643088369,0.003795476307666905
2020-01-21,302.7644348144531,303.5686430571204,302.3257960559335,302.39889321934146,77742400,-0.0019600805512700542,297.0133941650391,3.288061748424231,1.7490671068358667,0,-1.0,0.0019600805512700542,0.0,1.0297475307556538,1.7004847821416345,0.004611553358488009,low,0.0001202429271419085,1,1.7490671068358667,0.004611553358488009,0.002032653976336265
2020-01-22,302.80084228515625,304.2721834050225,302.64550043407195,303.62331742525095,48914900,0.0001202429271419085,297.4981948852539,3.3945209858671337,1.5621194925527286,0,0.0,-0.0005,1.0,1.029232656990276,1.7006892534093994,0.0045865309598628065,low,0.0011466710631140278,1,1.5621194925527286,0.0045865309598628065,0.002361843258343794
2020-01-23,303.14825439453125,303.5595060963151,301.03722182198095,302.15214175160344,51963000,0.0011466710631140278,297.977978515625,3.4844326340621428,1.483821448681229,0,0.0,0.0,0.0,1.029232656990276,1.702639384563633,0.004587756264248599,low,-0.008933168074529109,0,1.483821448681229,0.004587756264248599,0.0021398272377302426
2020-01-24,300.4522399902344,303.88839108132504,299.1636833310754,303.80614634423307,87578400,-0.008933168074529109,298.3225036621094,3.363339306865337,0.6332207766780186,0,0.0,-0.0,0.0,1.029232656990276,1.6874294207710132,0.0051530226422537165,low,-0.01615905877781173,0,0.6332207766780186,0.0051530226422537165,-0.0013036862537539565
2020-01-27,295.63623046875,297.1166918283268,294.86858487078547,295.20671149130214,84062500,-0.01615905877781173,298.3480987548828,3.3395840618724293,-0.8120377376014692,0,0.0,-0.0,0.0,1.029232656990276,1.6601621495773655,0.006342070399393858,medium,0.010424338103580401,1,-0.8120377376014692,0.006342070399393858,-0.00515707868267099
2020-01-28,298.7341613769531,299.6114663707145,295.72752948381543,297.0617682289767,63834000,0.010424338103580401,298.53224029541013,3.2485285263248778,0.062157706145012266,0,0.0,0.0,0.0,1.029232656990276,1.6774682411313269,0.006748400195679579,medium,-0.0008260705162131389,0,0.062157706145012266,0.006748400195679579,-0.002680194951700898
2020-01-29,298.48748779296875,300.3243709426531,298.28643576718724,300.0959039992209,53888900,-0.0008260705162131389,298.78538208007814,3.0187026185560852,-0.09868288624332133,0,0.0,-0.0,0.0,1.029232656990276,1.6760825340754444,0.006603256455047792,medium,0.0032401724039817967,1,-0.09868288624332133,0.006603256455047792,-0.0028694576403719076
2020-01-30,299.4562072753906,299.6664069187532,295.67280891809725,296.4221593516263,75491800,0.0032401724039817967,299.05132446289065,2.8150921375220355,0.14382577646512573,0,0.0,0.0,0.0,1.029232656990276,1.6815133304491516,0.00661594665597448,medium,-0.0183247919138503,0,0.14382577646512573,0.00661594665597448,-0.002450757372198354
2020-01-31,294.0187072753906,298.9901505066073,293.104839444491,298.8347807041798,113845600,-0.0183247919138503,298.90785217285156,2.998301014166223,-1.6306384430252165,0,0.0,-0.0,0.0,1.029232656990276,1.6506999485683056,0.007581606786582528,medium,0.0074008202276699105,1,-1.6306384430252165,0.007581606786582528,-0.004329082140062593
2020-02-03,296.2027587890625,298.067056481467,295.3802835359217,295.499090784858,69083000,0.0074008202276699105,298.9859909057617,2.899973591703686,-0.9597439523799572,0,0.0,0.0,0.0,1.029232656990276,1.6629164821374836,0.007582682726573593,medium,0.015126254189688727,1,-0.9597439523799572,0.007582682726573593,0.000382893661033735
2020-02-04,300.7172546386719,301.5854399692841,299.492675464825,299.8125346860519,62573200,0.015126254189688727,299.23364715576173,2.8207623227196916,0.5259597630613899,0,0.0,0.0,0.0,1.029232656990276,1.6880701795425184,0.00825372108088964,medium,0.011482044280859964,1,0.5259597630613899,0.00825372108088964,0.0013232768782554002
2020-02-05,304.19000244140625,304.4002020615823,302.1886577494263,303.65082382168174,65951100,0.011482044280859964,299.69651794433594,2.837332426033385,1.58370039965752,0,0.0,0.0,0.0,1.029232656990276,1.7074526760932247,0.008535678328336122,medium,0.0033591207079369198,1,1.58370039965752,0.008535678328336122,0.0037848998376700206
2020-02-06,305.2135314941406,305.40543589404376,304.1351464583818,305.14955406449695,50359700,0.0033591207079369198,300.13197021484376,2.9860610221670285,1.7017606946321209,0,0.0,0.0,0.0,1.029232656990276,1.7131882157353118,0.008501337667564047,medium,-0.005343793400698534,0,1.7017606946321209,0.008501337667564047,0.003808689498461046
2020-02-07,303.5868835449219,305.22268676878366,303.0385573065691,304.1534770985751,64139400,-0.005343793400698534,300.3855728149414,3.05605224528867,1.0475314140704752,0,0.0,-0.0,0.0,1.029232656990276,1.704033291853911,0.008534103283879388,medium,0.007437341156347207,1,1.0475314140704752,0.008534103283879388,0.006404889201091399
2020-02-10,305.8531799316406,305.91715735245873,302.66379115886144,302.70035366918944,42070000,0.007437341156347207,300.79544219970705,3.21618291667375,1.5725901986832262,0,0.0,0.0,0.0,1.029232656990276,1.716706768787202,0.00860870451654761,medium,0.0017317523499307556,1,1.5725901986832262,0.00860870451654761,0.006412193386826859
2020-02-11,306.38330078125,307.9916890041701,305.85324188570775,307.20577615157714,54864500,0.0017317523499307556,301.129460144043,3.43612438798435,1.5290018765266389,0,0.0,0.0,0.0,1.029232656990276,1.7196796797681912,0.008512255326078686,medium,0.006421943000591326,1,1.5290018765266389,0.008512255326078686,0.0037332930188752637
2020-02-12,308.3572082519531,308.5673799444257,307.4524603916157,307.81800184241695,43992700,0.006421943000591326,301.58501892089845,3.7618195011907614,1.800243028383211,0,0.0,0.0,0.0,1.029232656990276,1.730723364650938,0.008568442556208065,medium,-0.0010673483499117167,0,1.800243028383211,0.008568442556208065,0.0027212727628215362
2020-02-13,308.02825927734375,308.9969568539677,306.6574576626084,306.93160682994335,54501900,-0.0010673483499117167,301.9903259277344,4.002230091804207,1.508642234731555,0,0.0,-0.0,0.0,1.029232656990276,1.728876079923524,0.008585206603196139,medium,0.0016007439896934988,1,1.508642234731555,0.008585206603196139,0.0018359789512518091
2020-02-14,308.521728515625,308.6405357740244,307.24231936560784,308.4394837726626,64582200,0.0016007439896934988,302.295556640625,4.260916779111042,1.461228228047896,0,0.0,0.0,0.0,1.029232656990276,1.7316435679173865,0.008429058935156575,medium,-0.002580173230584192,0,1.461228228047896,0.008429058935156575,0.0032248864293302156
2020-02-18,307.7267150878906,308.58575305311757,306.3376181795073,307.52566305583684,57226200,-0.002580173230584192,302.5139694213867,4.4269893593291,1.1774922511433112,0,0.0,-0.0,0.0,1.029232656990276,1.7271756275385326,0.00845010064583247,medium,0.004769642946853787,1,1.1774922511433112,0.00845010064583247,0.0012213835519439358
2020-02-19,309.1979675292969,309.8742206443196,308.41205476200304,308.6953514933789,48814700,0.004769642946853787,302.8356460571289,4.673047251038972,1.3614930751563528,0,0.0,0.0,0.0,1.029232656990276,1.7354136385883996,0.008471939684184282,medium,-0.0041167156860833784,0,1.3614930751563528,0.008471939684184282,0.0018289616713285418
2020-02-20,307.9277038574219,309.4721423570291,304.9393389090685,308.64963919276863,74163400,-0.0041167156860833784,303.0919891357422,4.809659400668459,1.005417290257099,0,0.0,-0.0,0.0,1.029232656990276,1.7282694340405798,0.00854907103479247,medium,-0.010351629379187618,0,1.005417290257099,0.00854907103479247,-0.0002787700660063988
2020-02-21,304.756591796875,306.8858911350751,303.93408860649663,306.5751794829659,113788200,-0.010351629379187618,303.1724060058594,4.824073656582023,0.3283917087074597,0,0.0,-0.0,0.0,1.029232656990276,1.7103790293920134,0.008906478587774517,medium,-0.03372779704731472,0,0.3283917087074597,0.008906478587774517,-0.002135626271861579
2020-02-24,294.64923095703125,304.82970245486194,293.5708458942109,295.307216805096,161088400,-0.03372779704731472,302.8822555541992,5.159169202328711,-1.5958043387008518,0,0.0,-0.0,0.0,1.029232656990276,1.6526917126146963,0.011578850651827607,high,-0.030770936895666304,0,-1.5958043387008518,0.011578850651827607,-0.009201334479263223
2020-02-25,285.7206726074219,296.6505202633772,284.84336760311373,296.0382446469935,218913200,-0.030770936895666304,302.3864776611328,6.252673725451119,-2.665388565834453,1,0.0,-0.0,0.0,1.029232656990276,1.6018368402178387,0.012965314148302542,high,-0.003684967370230512,0,-2.665388565834453,0.012965314148302542,-0.014839487212279645
2020-02-26,284.66973876953125,290.71038982346295,283.938655892988,287.1188970838777,194773800,-0.003684967370230512,301.6832565307617,7.375191948158656,-2.306857622258654,1,1.0,-0.004184967370230512,1.0,1.0249253519043962,1.5959341237292028,0.012650593017251254,high,-0.04595148849911592,0,-2.306857622258654,0.012650593017251254,-0.016530409275696507
2020-02-27,271.8847351074219,284.72456262234533,271.8847351074219,279.14996516623097,284353500,-0.04595148849911592,300.3531188964844,9.936189272290676,-2.8651209240199424,1,1.0,-0.04595148849911592,0.0,0.977828506383909,1.5225985751973137,0.015947512157878402,high,-0.0042103890338355205,0,-2.8651209240199424,0.015947512157878402,-0.024897363838303013
2020-02-28,270.7424011230469,272.2320096468705,260.9457401669116,263.83356488451,384975800,-0.0042103890338355205,298.9174285888672,11.944158033059573,-2.3588960718567384,1,1.0,-0.0042103890338355205,0.0,0.9737114679636584,1.5161878428533693,0.015839726879858636,high,0.04239524378221341,1,-2.3588960718567384,0.015839726879858636,-0.023669115769232592
2020-03-02,282.4673767089844,282.53135414421934,269.0974871963839,272.5244912250123,238703600,0.04239524378221341,298.33986206054686,12.461583885361968,-1.2737133174705941,0,1.0,0.04239524378221341,0.0,1.0149922030215146,1.5804669960707662,0.018717167406751157,high,-0.02905059568207593,0,-1.2737133174705941,0.018717167406751157,-0.008444507603326967
2020-03-03,274.37957763671875,286.80818159326185,271.9395669552168,282.8419998690826,300139100,-0.02905059568207593,297.2487030029297,13.565136900008989,-1.685875014368324,0,0.0,-0.0005,1.0,1.0144847069200038,1.5345534883790493,0.019511057534477894,high,0.04117369395348592,1,-1.685875014368324,0.019511057534477894,-0.008100439360608893
2020-03-04,285.91259765625,286.1319448399597,277.20344073550206,279.7531390923097,176613400,0.04117369395348592,296.5084701538086,13.768314852677221,-0.7695838314954186,0,0.0,0.0,0.0,1.0144847069200038,1.5977367240648224,0.021600240761647214,high,-0.03380639793679135,0,-0.7695838314954186,0.021600240761647214,0.0008712929041343936
2020-03-05,276.4084777832031,281.9008327977847,274.1695181571032,278.7114427448358,186366800,-0.03380639793679135,295.11939392089846,14.342018655469554,-1.3046222144300192,0,0.0,-0.0,0.0,1.0144847069200038,1.5437230005728617,0.022413206985956752,high,-0.016669374757278237,0,-1.3046222144300192,0.022413206985956752,0.003300311016599308
2020-03-06,271.839111328125,273.0454235323544,265.2318649017043,267.90034329272197,228667200,-0.016669374757278237,293.45067291259767,15.03078215449863,-1.4378201588135218,0,0.0,-0.0,0.0,1.0144847069200038,1.5179901033548826,0.02247735002840845,high,-0.08131286669438105,0,-1.4378201588135218,0.02247735002840845,0.0008085138719107647
2020-03-09,250.60989379882812,259.71200626207275,249.89707826656843,251.5877108251812,309417300,-0.08131286669438105,290.801823425293,17.59908093938283,-2.283751621172686,1,0.0,-0.0,0.0,1.0144847069200038,1.3945579764373972,0.02811098665517168,high,0.050450902091895775,1,-2.283751621172686,0.02811098665517168,-0.023933108223408127
2020-03-10,263.5777587890625,263.66912325632626,249.94283916733423,260.12333967774066,276444100,0.050450902091895775,288.68805236816405,18.223858204512567,-1.3778802105079908,0,1.0,0.049950902091895774,1.0,1.0651591331890906,1.4649146843681127,0.0309810361629348,high,-0.049977012068425586,0,-1.3778802105079908,0.0309810361629348,-0.008032808668613787
2020-03-11,250.7286834716797,257.65581500361225,247.54844229941548,256.5226281848996,255316300,-0.049977012068425586,285.9053215026855,19.578440342336695,-1.7967027718208677,0,0.0,-0.0005,1.0,1.0646265536224961,1.3917026255082336,0.032304861592933574,high,-0.10056881455786804,0,-1.7967027718208677,0.032304861592933574,-0.02626294987299609
2020-03-12,226.73968505859375,243.69193139870373,226.34671474938688,233.95009968243195,392220700,-0.10056881455786804,281.8244453430176,22.880013699793427,-2.407549270170288,1,0.0,-0.0,0.0,1.0646265536224961,1.251740742243798,0.037825204457080194,high,0.08202807388781233,1,-2.407549270170288,0.037825204457080194,-0.039615433197211426
2020-03-13,246.12281799316406,248.09677526977262,227.11436995312613,240.42941305337604,329566100,0.08202807388781233,278.7291732788086,23.33143086600201,-1.3975291731103272,0,1.0,0.08152807388781233,1.0,1.151423505949158,1.3544186243369574,0.04360179855641629,high,-0.11588650567543266,0,-1.3975291731103272,0.04360179855641629,-0.019875943468193314
2020-03-16,219.19114685058594,234.7725780910604,216.91561153342053,220.4065784730682,297240000,-0.11588650567543266,274.2626441955566,25.752813092373692,-2.1384653065835075,1,0.0,-0.0005,1.0,1.1508477941961834,1.1974597827408209,0.049322901170856324,high,0.052584907861366895,1,-2.1384653065835075,0.049322901170856324,-0.026790671264403633
2020-03-17,231.02572631835938,234.1054695359692,216.65059323263955,223.93410499439116,262070500,0.052584907861366895,270.4275947570801,26.214073363834213,-1.5030807265947772,0,1.0,0.052084907861366894,1.0,1.210789595519349,1.2604280950839395,0.05166409055756451,high,-0.051959620924943384,0,-1.5030807265947772,0.05166409055756451,-0.02636387011050941
2020-03-18,219.3282470703125,226.97731522464503,208.38011597518343,215.90124320983887,327597100,-0.051959620924943384,265.93410873413086,26.911696146855586,-1.7318069217745637,0,0.0,-0.0005,1.0,1.2101842007215895,1.1949367290602295,0.0521153565337977,high,0.0021227780792283397,1,-1.7318069217745637,0.0521153565337977,-0.026760391881812968
2020-03-19,219.79432678222656,226.07260768556657,212.21836929617308,218.64285844118245,289322000,0.0021227780792283397,261.5274398803711,26.88923795672036,-1.5520377767981441,0,0.0,0.0,0.0,1.2101842007215895,1.1974733145547434,0.0522161910287646,high,-0.044050189936439485,0,-1.5520377767981441,0.0522161910287646,-0.006222073354393692
2020-03-20,210.32249450683594,224.7270096285625,210.0467192036726,222.9436785648229,347158800,-0.044050189936439485,256.8057350158691,27.18831807839429,-1.7096769419500049,0,0.0,-0.0,0.0,1.2101842007215895,1.1447243876047892,0.05253787659624373,high,-0.025901099217212998,0,-1.7096769419500049,0.05253787659624373,-0.03143772611924406
2020-03-23,204.94485473632812,211.13134505091108,200.63361059089686,209.76168442600684,326025200,-0.025901099217212998,252.32051620483398,28.003726369867493,-1.691762761954527,0,0.0,-0.0,0.0,1.2101842007215895,1.1150747676650743,0.052447894272862054,high,0.08673095953972589,1,-1.691762761954527,0.052447894272862054,-0.013440644827600124
2020-03-24,223.51351928710938,224.38680975426712,214.91862144024043,215.48854656490403,235494500,0.08673095953972589,249.21015853881835,27.549717019140335,-0.9327369582001904,0,0.0,0.0,0.0,1.2101842007215895,1.2117862722232031,0.05731527226469117,high,0.014859170790179045,1,-0.9327369582001904,0.05731527226469117,-0.0066114344919283256
2020-03-25,226.8595428466797,235.64750101500516,220.38809059178988,225.09460132261881,299430300,0.014859170790179045,246.31964874267578,26.651571004259804,-0.7301673095700709,0,0.0,0.0,0.0,1.2101842007215895,1.229792411403362,0.05761082129354277,high,0.056748923799230716,1,-0.7301673095700709,0.05761082129354277,0.006752323851096161
2020-03-26,240.1058807373047,241.57664463189138,228.93708857476466,229.36913318338085,257632800,0.056748923799230716,244.73070602416993,25.986191672988614,-0.1779724149296,0,0.0,0.0,0.0,1.2101842007215895,1.2995818072469636,0.058926334668953195,high,-0.03023835413154616,0,-0.1779724149296,0.058926334668953195,0.017677552995096636
2020-03-27,232.9541473388672,239.74734053233655,230.77554977075565,232.8162667433577,224341200,-0.03023835413154616,242.84129333496094,25.361639538971104,-0.38984648373781206,0,0.0,-0.0,0.0,1.2101842007215895,1.2602845923365151,0.05916666042676178,high,0.03195952872271229,1,-0.38984648373781206,0.05916666042676178,0.020439920156075302
2020-03-30,240.51950073242188,241.23650788451303,233.0552652380832,235.05001734341474,171369500,0.03195952872271229,240.7438995361328,23.58436755271133,-0.009514726363104384,0,0.0,0.0,0.0,1.2101842007215895,1.3005626939640857,0.05874786171817384,high,-0.015017592802548009,0,-0.009514726363104384,0.05874786171817384,0.03201204574406036
2020-03-31,236.93446350097656,242.06381801054945,235.52802532472109,239.51752951061562,194881100,-0.015017592802548009,238.87164382934571,22.22051162108664,-0.08717982562250377,0,0.0,-0.0,0.0,1.2101842007215895,1.2810313730119482,0.05856721546036809,high,-0.04604878274094276,0,-0.08717982562250377,0.05856721546036809,0.01166233527560558
2020-04-01,226.2713165283203,236.85179642878717,224.20302290730638,227.95353035659332,189554600,-0.04604878274094276,235.88957977294922,19.397957553598694,-0.4958389674816323,0,0.0,-0.0,0.0,1.2101842007215895,1.2220414376317894,0.05800965409050929,high,0.022812978686587326,1,-0.4958389674816323,0.05800965409050929,-0.0005192554306187828
2020-04-02,231.49256896972656,232.27391576246694,224.8372560253544,225.38880648912135,177660400,0.022812978686587326,233.6437843322754,16.899104698465727,-0.12729759362601906,0,0.0,0.0,0.0,1.2101842007215895,1.24991984290261,0.05825496102888304,high,-0.014559741780717768,0,-0.12729759362601906,0.05825496102888304,-0.007306444453147461
2020-04-03,228.14651489257812,232.8622275477319,225.41636693712175,230.50895788891833,135561200,-0.014559741780717768,231.45915451049805,14.330497237476724,-0.23116013094484977,0,0.0,-0.0,0.0,1.2101842007215895,1.2317213327433527,0.05824199752792574,high,0.06500683301140847,1,-0.23116013094484977,0.05824199752792574,-0.0041707219829817815
2020-04-06,243.47027587890625,245.43746603844804,228.12814793015815,237.01721102821946,188061200,0.06500683301140847,231.10217361450196,13.911122744859043,0.8890800901728085,0,0.0,0.0,0.0,1.2101842007215895,1.3117916357375892,0.05783732032887728,high,0.0010187169990237938,1,0.8890800901728085,0.05783732032887728,0.0024387388747574555
2020-04-07,243.7184295654297,252.8189120484477,243.49782064921604,252.06512751403002,201427200,0.0010187169990237938,230.1092071533203,12.056127549609748,1.1288220331204029,0,0.0,0.0,0.0,1.2101842007215895,1.3131279801760924,0.05654465021886614,high,0.0330173052992827,1,1.1288220331204029,0.05654465021886614,0.005646000835071816
2020-04-08,251.89967346191406,253.71057980948646,243.8287365741532,246.31987245584386,153774500,0.0330173052992827,230.16775665283203,12.163896267625327,1.7865917573567576,0,0.0,0.0,0.0,1.2101842007215895,1.3564839275945968,0.056029514992158545,high,0.015102991417733896,1,1.7865917573567576,0.056029514992158545,0.021459218443116906
2020-04-09,255.7329864501953,258.49071084159345,253.22344715493466,255.16303317810022,189999200,0.015102991417733896,231.6174217224121,13.39883301917504,1.799825752979493,0,0.0,0.0,0.0,1.2101842007215895,1.376970892711352,0.050802995674425984,high,-0.00917210151325132,0,1.799825752979493,0.050802995674425984,0.019917220989346222
2020-04-13,253.39810180664062,255.09870410198187,249.4913256390023,254.75858925351815,114839100,-0.00917210151325132,231.98118591308594,13.90265180208551,1.5404914255524962,0,0.0,-0.0,0.0,1.2101842007215895,1.3643411759026112,0.04761413730432939,high,0.029066252442884907,1,1.5404914255524962,0.04761413730432939,0.02099474904283951
2020-04-14,260.87152099609375,261.8918654699185,253.26020343605688,258.2884549436128,134143400,0.029066252442884907,234.06520462036133,14.967674815051275,1.790947271835194,0,0.0,0.0,0.0,1.2101842007215895,1.4039974609396189,0.03907977783289154,high,-0.02147729172202716,0,1.790947271835194,0.03907977783289154,0.0138066329291348
2020-04-15,255.3284454345703,261.00934933443597,253.21417383658718,255.15378736181907,121775000,-0.02147729172202716,235.28034057617188,15.677591067249114,1.278774575277667,0,0.0,-0.0,0.0,1.2101842007215895,1.3738433978940332,0.03820202262039576,high,0.004812759778631524,1,1.278774575277667,0.03820202262039576,0.009307431184924608
2020-04-16,256.56024169921875,257.4151293397029,253.48997925212333,256.60619254108764,131798300,0.004812759778631524,237.14194030761718,15.89273949613883,1.2218347501586675,0,0.0,0.0,0.0,1.2101842007215895,1.3804553761415561,0.03577918727869537,high,0.026657325628350867,1,1.2218347501586675,0.03577918727869537,0.0036665220807943722
2020-04-17,263.4914245605469,264.09809932728353,259.5938211171872,262.3331711725406,146684800,0.026657325628350867,239.3267951965332,16.378561103831863,1.4753817023865556,0,0.0,0.0,0.0,1.2101842007215895,1.4172546246187692,0.03599281882418424,high,-0.01777512148288983,0,1.4753817023865556,0.03599281882418424,0.005977388922917767
2020-04-20,258.8492126464844,263.6292797051415,258.6286036617239,259.786828884741,100109300,-0.01777512148288983,241.7531311035156,15.42216658055375,1.1085395462221046,0,0.0,-0.0,0.0,1.2101842007215895,1.3920627514939832,0.03439610730961223,high,-0.030834041086916755,0,1.1085395462221046,0.03439610730961223,0.004256784928990065
2020-04-21,250.98963928222656,255.58584554188414,250.0519952513257,254.3816417460952,126385700,-0.030834041086916755,244.05537033081055,12.862591585775567,0.5391035628531079,0,0.0,-0.0,0.0,1.2101842007215895,1.3491398314188512,0.03468642681251355,high,0.021951836941455794,1,0.5391035628531079,0.03468642681251355,-0.007723273776970269
2020-04-22,256.56024169921875,258.30679448549233,254.54710109226127,255.87081075308308,92951600,0.021951836941455794,245.70770645141602,12.189898437201524,0.8902892262566042,0,0.0,0.0,0.0,1.2101842007215895,1.378755929009381,0.029843897459551367,high,-7.137193273222e-05,0,0.8902892262566042,0.029843897459551367,0.0009625519557263228
2020-04-23,256.54193115234375,261.00945987704335,256.2385937703153,257.8380651634286,104709700,-7.137193273222e-05,247.19182586669922,11.565269694671665,0.8084640940065841,0,0.0,-0.0,0.0,1.2101842007215895,1.3786575245339616,0.029820912668208265,high,0.013842471542264652,1,0.8084640940065841,0.029820912668208265,-1.4274386546425959e-05
2020-04-24,260.1177978515625,260.78885432168994,256.00878675884167,258.05870563521063,85063200,0.013842471542264652,248.19242172241212,11.783574855540932,1.0120338076812716,0,0.0,0.0,0.0,1.2101842007215895,1.397741552083852,0.027437160314154663,high,0.01431534975728243,1,1.0120338076812716,0.027437160314154663,-0.002577245203763669
2020-04-27,263.8682556152344,264.98973134296574,261.6345055515394,262.09412629154366,77896600,0.01431534975728243,249.73812713623047,11.706819309741007,1.2069997926120297,0,0.0,0.0,0.0,1.2101842007215895,1.4177507112722192,0.02629569126956713,high,-0.004609032271365145,0,1.2069997926120297,0.02629569126956713,0.003840849044270783
2020-04-28,262.6548767089844,267.86696016171067,262.35151131258954,267.51764391278255,105270000,-0.004609032271365145,250.8448959350586,11.835057983400544,0.9978811080173896,0,0.0,-0.0,0.0,1.2101842007215895,1.4112162524912146,0.025676579096591413,high,0.025841386497593374,1,0.9978811080173896,0.025676579096591413,0.009085850807381106
2020-04-29,269.53070068359375,271.06584580976937,266.9568365802622,267.9863822215948,118745600,0.025841386497593374,252.47470779418944,12.060891096110522,1.4141569435864187,0,0.0,0.0,0.0,1.2101842007215895,1.4476840371035253,0.0256756104960574,high,-0.009354094378470528,0,1.4141569435864187,0.0256756104960574,0.009863760718608621
2020-04-30,267.021240234375,269.6318823292637,265.28386059929,268.1518891527446,122901700,-0.009354094378470528,254.5122039794922,10.774709337174144,1.160962756714467,0,0.0,-0.0,0.0,1.2101842007215895,1.4341422639902537,0.02288667314556472,high,-0.026830284879038227,0,1.160962756714467,0.02288667314556472,0.008007216229460958
2020-05-01,259.9522399902344,267.18666411275467,258.78478565307967,262.268717832664,125180000,-0.026830284879038227,255.93518753051757,9.361133581819505,0.4291203009343257,0,0.0,-0.0,0.0,1.2101842007215895,1.3956638184903263,0.023897220267627903,high,0.0027546765383068684,1,0.4291203009343257,0.023897220267627903,-0.00012733505479961687
2020-05-04,260.6693115234375,260.9726488665371,256.58787713450204,258.06784244223917,80873200,0.0027546765383068684,257.5613273620605,6.73678278972922,0.4613454609395087,0,0.0,0.0,0.0,1.2101842007215895,1.3995084208664854,0.023429982326707646,high,0.009196934936434163,1,0.4613454609395087,0.023429982326707646,-0.0024394696985947286
2020-05-05,263.0777282714844,265.8906050294555,260.7979992424974,263.4913981694902,79569900,0.009196934936434163,258.5416999816895,5.960179008218028,0.761055713853648,0,0.0,0.0,0.0,1.2101842007215895,1.4123796087561864,0.019024947043964315,high,-0.006802130888389447,0,0.761055713853648,0.019024947043964315,0.000321723742965133
2020-05-06,261.2943115234375,265.16430912686474,260.86226703661674,264.7782435319276,73632600,-0.006802130888389447,259.42049407958984,4.852307565674571,0.3861703773897434,0,0.0,-0.0,0.0,1.2101842007215895,1.4027724177933345,0.019166545176100783,high,0.011994801423170685,1,0.3861703773897434,0.019166545176100783,-0.006206979734231431
2020-05-07,264.4473571777344,266.3777697134358,263.9417856328459,264.51171080796263,75250400,0.011994801423170685,260.04787826538086,4.635034077196922,0.9491794103516364,0,0.0,0.0,0.0,1.2101842007215895,1.4195983943866668,0.018002625365056563,high,0.016410959392907612,1,0.9491794103516364,0.018002625365056563,-0.0019372005739031885
2020-05-08,268.822998046875,269.2918202089729,266.4513391653479,267.5820163579853,76452400,0.016410959392907612,260.70237884521487,4.909734115758966,1.6539834969056804,0,0.0,0.0,0.0,1.2101842007215895,1.4428953659911832,0.018053387749618486,high,0.00020500142244696872,1,1.6539834969056804,0.018053387749618486,0.006711048280485979
2020-05-11,268.87811279296875,270.2569749098558,266.4697047839562,266.89254797828886,79514200,0.00020500142244696872,261.47637939453125,4.917813582342963,1.505086208434753,0,0.0,0.0,0.0,1.2101842007215895,1.4431911615936537,0.017855088652273508,high,-0.020132877344072375,0,1.505086208434753,0.017855088652273508,0.006201113257313999
2020-05-12,263.5189514160156,270.47758767684087,263.3810427599695,270.0639458677684,95870800,-0.020132877344072375,261.60875091552737,4.936271342517513,0.38697234571267525,0,0.0,-0.0,0.0,1.2101842007215895,1.4141355709532395,0.01745440781693289,high,-0.01784409926573353,0,0.38697234571267525,0.01745440781693289,0.00033515080121269134
2020-05-13,258.8583984375,263.9969547866996,256.4315875392969,262.95820745768185,144721100,-0.01784409926573353,261.78524856567384,4.759853458499138,-0.6149034111434021,0,0.0,-0.0,0.0,1.2101842007215895,1.3889015954499453,0.01723106127251186,high,0.0118963869721816,1,-0.6149034111434021,0.01723106127251186,-0.0018732428742561254
2020-05-14,261.9562683105469,262.08494754129237,250.94374432958452,256.42244422191715,121977900,0.0118963869721816,262.05504989624023,4.598286808094711,-0.02148225846188339,0,0.0,0.0,0.0,1.2101842007215895,1.4054245062956983,0.01739238538378692,high,0.004586390636178675,1,-0.02148225846188339,0.01739238538378692,-0.001892925764453943
2020-05-15,263.16046142578125,263.2064122806066,258.6194060692483,259.5662237134552,111146300,0.004586390636178675,262.03850173950195,4.5934385438362595,0.24425268251053603,0,0.0,0.0,0.0,1.2101842007215895,1.411870332091229,0.016350455640614166,high,0.030005084889110276,1,0.24425268251053603,0.016350455640614166,-0.00425783951579973
2020-05-18,271.17626953125,272.7849423166049,269.0620250917087,269.383737206358,119703800,0.030005084889110276,262.65485458374025,4.955715967122441,1.7195123780384354,0,0.0,0.0,0.0,1.2101842007215895,1.4542336212580425,0.017099736307305963,high,-0.01032443817432905,0,1.7195123780384354,0.017099736307305963,0.0017021771775329313
2020-05-19,268.39093017578125,272.28850498888653,268.3725554456711,270.5787293388812,95189300,-0.01032443817432905,263.524919128418,4.281590722087639,1.1364960742886385,0,0.0,-0.0,0.0,1.2101842007215895,1.439219476144333,0.01555131548992626,high,0.01684540229214792,1,1.1364960742886385,0.01555131548992626,0.0036638650114815966
2020-05-20,272.95037841796875,273.81446769296434,271.7002234133943,271.9300337939139,85861700,0.01684540229214792,264.3444259643555,4.443854924209929,1.9365961761551698,0,0.0,0.0,0.0,1.2101842007215895,1.4634637072066787,0.015269225059085864,high,-0.006928096171944414,0,1.9365961761551698,0.015269225059085864,0.010601765323057887
2020-05-21,271.0658874511719,273.63057861267043,269.97198802595636,272.82164175506375,78293900,-0.006928096171944414,265.07062377929685,4.285599749588763,1.3989322433692777,0,0.0,-0.0,0.0,1.2101842007215895,1.4533246898990004,0.015420320562194166,high,0.0018973718905409063,1,1.3989322433692777,0.015420320562194166,0.006836868694232684
2020-05-22,271.5806884765625,271.75534659131654,269.5399713937195,270.78095292638466,63958200,0.0018973718905409063,265.6437683105469,4.354317299065797,1.3634560272604317,0,0.0,0.0,0.0,1.2101842007215895,1.4560821873134437,0.015197944089519001,high,0.012245436620046124,1,1.3634560272604317,0.015197944089519001,0.0062990649451051305
2020-05-26,274.9267578125,277.7856136973342,271.59910780063615,277.5466019109484,88951400,0.012245436620046124,266.19669342041016,4.796645916392915,1.8200351963137744,0,0.0,0.0,0.0,1.2101842007215895,1.4739125494517686,0.015117620036256982,high,0.01476907252671096,1,1.8200351963137744,0.015117620036256982,0.0027471352912922997
2020-05-27,279.0173034667969,279.05408097269293,272.89515320041767,277.72116990088165,104817400,0.01476907252671096,267.01481475830076,5.503996417779442,2.180686141023772,-1,0.0,0.0,0.0,1.2101842007215895,1.4956808707926512,0.015288207822401034,high,-0.0018462068517474631,0,2.180686141023772,0.015288207822401034,0.007765837431500303
2020-05-28,278.5026550292969,282.060115869461,277.8315984987038,280.04697433071186,90405200,-0.0018462068517474631,267.4634124755859,6.057624810867027,1.8223714571934513,0,-1.0,0.001346206851747463,1.0,1.2118133589844773,1.4929195345209663,0.014337073522584842,high,0.004445627468632095,1,1.8223714571934513,0.014337073522584842,0.004027515602721225
2020-05-29,279.7435302734375,280.3318301412633,275.2852041805372,278.03372679987336,119090800,0.004445627468632095,268.0995269775391,6.647969584299691,1.751512721026538,0,0.0,-0.0005,1.0,1.2112074523049852,1.4995564986120902,0.014110535781677794,high,0.004033794097096943,1,1.751512721026538,0.014110535781677794,0.006302260330836527
2020-06-01,280.8742370605469,281.4809398340968,278.5853346376734,279.1001076480142,55758300,0.004033794097096943,269.1456268310547,6.938234746914603,1.6904314508395424,0,0.0,0.0,0.0,1.2112074523049852,1.505605400764455,0.012329165301053819,high,0.008246175197388336,1,1.6904314508395424,0.012329165301053819,0.006729544772147734
2020-06-02,283.199951171875,283.2459300855402,280.46062904766694,281.7935125894445,74267200,0.008246175197388336,270.27215881347655,7.30874584963647,1.7688113151508018,0,0.0,0.0,0.0,1.2112074523049852,1.5180208866772928,0.012364107998463715,high,0.01322024175453993,1,1.7688113151508018,0.012364107998463715,0.005929692487616177
2020-06-03,286.9687805175781,287.92479945173847,284.9096887083299,285.18544991384636,92567600,0.01322024175453993,271.4667114257812,7.9914947506116265,1.9398209691135007,0,0.0,0.0,0.0,1.2112074523049852,1.5380894897876078,0.01248278929685623,high,-0.002630167302939162,0,1.9398209691135007,0.01248278929685623,0.005619926333181971
2020-06-04,286.2149963378906,287.7225657388418,284.119127013096,285.98518598186917,75794400,-0.002630167302939162,272.7127456665039,8.260234290440682,1.634608680169334,0,0.0,-0.0,0.0,1.2112074523049852,1.534044057102574,0.012320489441974431,high,0.02530654835626827,1,1.634608680169334,0.012320489441974431,0.005463134242943631
2020-06-05,293.550537109375,295.32466622909004,291.54659764607965,291.61095127500704,150524700,0.02530654835626827,274.16790466308595,9.233648681135515,2.0991303779932697,-1,0.0,0.0,0.0,1.2112074523049852,1.5728654172142862,0.013079747773311206,high,0.012015292938408325,1,2.0991303779932697,0.013079747773311206,0.009635318420470867
2020-06-08,297.0989074707031,297.2919403590866,293.8172081030423,294.3595573009957,73641200,0.012015292938408325,275.58170013427736,10.456002058011707,2.0578809392963566,-1,-1.0,-0.012515292938408326,1.0,1.196048836230205,1.5917638559548077,0.012917739574673672,high,-0.007484796706987377,0,2.0578809392963566,0.012917739574673672,0.011231618188733142
2020-06-09,294.88348388671875,297.17238620785696,293.5689472426089,294.43303648292283,77479200,-0.007484796706987377,276.88196868896483,11.171011376262195,1.6114490077421442,0,-1.0,0.007484796706987377,0.0,1.205001018621017,1.5798498270874555,0.013179774356095792,high,-0.005595511841590793,0,1.6114490077421442,0.013179774356095792,0.008085423807858
2020-06-10,293.2380676269531,296.35431008693706,292.52106030785467,295.4626446212481,95000800,-0.005595511841590793,278.36792449951173,11.276031535534829,1.3187390511085597,0,0.0,-0.0005,1.0,1.2043985181117065,1.5710097586720524,0.012099631937494953,high,-0.05937722463456226,0,1.3187390511085597,0.012099631937494953,0.004322273088631855
2020-06-11,276.333251953125,286.9413097162619,275.7817293396606,286.3070306577456,209243600,-0.05937722463456226,279.24166717529295,10.321359091847006,-0.2817860706411568,0,0.0,-0.0,0.0,1.2043985181117065,1.4777275593282924,0.018276292680535502,high,0.011904054292996345,1,-0.2817860706411568,0.018276292680535502,-0.0070271383776927656
2020-06-12,279.64239501953125,284.11909577413104,274.4854646628665,283.34693642916073,194678900,0.011904054292996345,280.1259735107422,9.486317658239923,-0.05097641768203989,0,0.0,0.0,0.0,1.2043985181117065,1.495318508424793,0.018276483313108438,high,0.009292497083551517,1,-0.05097641768203989,0.018276483313108438,-0.00970763719034715
2020-06-15,282.2530822753906,283.38375938311225,272.7757049594633,273.9523329194972,135782700,0.009292497083551517,281.08060455322266,8.609308959351962,0.1361872047691297,0,0.0,0.0,0.0,1.2043985181117065,1.509213751303311,0.018324599880292492,high,0.019064863876525482,1,0.1361872047691297,0.018324599880292492,-0.010252196361318511
2020-06-16,287.6858215332031,290.149410155266,282.82305403498947,290.0023281440216,137627500,0.019064863876525482,281.9060821533203,8.39858568342205,0.6881800814738877,0,0.0,0.0,0.0,1.2043985181117065,1.537986706032489,0.017642402910759577,high,-0.004162407155049101,0,0.6881800814738877,0.017642402910759577,-0.004942264244615939
2020-06-17,286.4908447265625,289.0003844313553,285.7554346036974,288.70622038220927,83398900,-0.004162407155049101,282.8110778808594,7.820919846605684,0.47050307609278846,0,0.0,-0.0,0.0,1.2043985181117065,1.531584979162929,0.01745105749007447,high,0.00038468346840312654,1,0.47050307609278846,0.01745105749007447,-0.004655643307307601
2020-06-18,286.60107421875,287.07906963373426,284.51440640064004,284.9740270872474,80828700,0.00038468346840312654,283.4936126708984,7.504323530104318,0.41408949592667527,0,0.0,0.0,0.0,1.2043985181117065,1.5321741545848675,0.01716254684934224,high,-0.005731014958777051,0,0.41408949592667527,0.01716254684934224,0.007296738313285476
2020-06-19,284.9632568359375,290.2629141511341,283.0151069995311,290.0690318089014,135549600,-0.005731014958777051,284.18848114013673,6.913134780177249,0.11207299154970403,0,0.0,-0.0,0.0,1.2043985181117065,1.52339324158549,0.017130212971692756,high,0.006394597492011931,1,0.11207299154970403,0.017130212971692756,0.0037697244629307973
2020-06-22,286.79132080078125,287.18832733403883,283.21820564851276,284.36307218217655,74649400,0.006394597492011931,284.94901275634766,6.258835392573304,0.2943531709780489,0,0.0,0.0,0.0,1.2043985181117065,1.5331347281874805,0.017151390860770277,high,0.004592962747940907,1,0.2943531709780489,0.017151390860770277,0.0031901445446228804
2020-06-23,288.111572265625,290.3736357062622,287.70532390749855,289.4411072237713,68471200,0.004592962747940907,285.6082534790039,5.827121754245849,0.42959781727524166,0,0.0,0.0,0.0,1.2043985181117065,1.54017635888162,0.01701261623699745,high,-0.02583973606558279,0,0.42959781727524166,0.01701261623699745,0.0002957643189059656
2020-06-24,280.76220703125,286.68971915216207,278.9248757908203,286.07110475847367,132813500,-0.02583973606558279,285.69549865722655,5.735590276258968,-0.8601192533568288,0,0.0,-0.0,0.0,1.2043985181117065,1.5003786082736685,0.017853924789896423,high,0.010663682520520506,1,-0.8601192533568288,0.017853924789896423,-0.004039701463200773
2020-06-25,283.7721862792969,284.0399473243526,278.1678289833196,280.1898292059112,89468000,0.010663682520520506,285.95897521972654,5.504145105916561,-0.3972985628738282,0,0.0,0.0,0.0,1.2043985181117065,1.5163781694128793,0.017992939769371552,high,-0.02403835510434234,0,-0.3972985628738282,0.017992939769371552,-0.0019839016527772963
2020-06-26,277.0321044921875,282.8857657278593,276.45045766240185,282.6733996882287,127961000,-0.02403835510434234,285.8234039306641,5.695364353254894,-1.5435885912114415,0,0.0,-0.0,0.0,1.2043985181117065,1.4799269325040598,0.018809396642269976,high,0.0145907785369671,1,-1.5435885912114415,0.018809396642269976,-0.005645369681890355
2020-06-29,281.1038513183594,281.24233868339707,275.9980771665016,278.2878382488589,79773300,0.0145907785369671,285.8348846435547,5.685084896032688,-0.8321834082894424,0,0.0,0.0,0.0,1.2043985181117065,1.5015202186271195,0.019088993493237144,high,0.012728151517620597,1,-0.8321834082894424,0.019088993493237144,-0.004006133472899321
2020-06-30,284.70465087890625,286.4035230684894,280.5129498778858,280.66989282570773,113394800,0.012728151517620597,285.9101196289063,5.65827276569466,-0.21304535852506373,0,0.0,0.0,0.0,1.2043985181117065,1.5206317954765762,0.019216275390795467,high,0.006980253245620267,1,-0.21304535852506373,0.019216275390795467,-0.002379095718963383
2020-07-01,286.69891357421875,287.9638397462947,285.3601650563241,285.8218083059018,72396500,0.006980253245620267,285.8966262817383,5.6559365864626026,0.14184870714440465,0,0.0,0.0,0.0,1.2043985181117065,1.531246190502345,0.019044751295550017,high,0.005492020343058432,1,0.14184870714440465,0.019044751295550017,0.0041849021432772285
2020-07-02,288.2778015136719,291.4816073233506,287.61303399713563,290.1335885242947,69344200,0.005492020343058432,285.99976654052733,5.680801613488673,0.4010059016557637,0,0.0,0.0,0.0,1.2043985181117065,1.5396558257308144,0.019073346891502106,high,0.015319027053649544,1,0.4010059016557637,0.019073346891502106,0.0031505697077848136
2020-07-06,292.7279357910156,293.3096107192115,291.3522480999561,292.10010781436097,61713800,0.015319027053649544,285.95863647460936,5.625968567361662,1.2032238067730217,0,0.0,0.0,0.0,1.2043985181117065,1.5632418549784939,0.018508169918455317,high,-0.01036702989840446,0,1.2032238067730217,0.018508169918455317,0.01102204613938319
2020-07-07,289.7088928222656,293.16197598302176,289.3303419029436,291.1861571430053,82910000,-0.01036702989840446,285.5891357421875,5.071110607515229,0.8123974014632513,0,0.0,-0.0,0.0,1.2043985181117065,1.5470356799294946,0.018410914184294074,high,0.007619336330010876,1,0.8123974014632513,0.018410914184294074,0.006030484452308879
2020-07-08,291.9247131347656,292.0355030043778,288.7116942101427,290.4751465955823,54638600,0.007619336330010876,285.44119720458986,4.822774972799065,1.3443538142964269,0,0.0,0.0,0.0,1.2043985181117065,1.5588230650894044,0.01845184896651108,high,-0.005709052750015417,0,1.3443538142964269,0.01845184896651108,0.005008721414786935
2020-07-09,290.2628479003906,292.7741885974815,286.84667618527334,292.53412506328704,83354200,-0.005709052750015417,285.29243621826174,4.610848424924878,1.0779820163378855,0,0.0,-0.0,0.0,1.2043985181117065,1.5499236619828682,0.018453515229904238,high,0.010158884672335342,1,1.0779820163378855,0.018453515229904238,0.0024708602156597982
2020-07-10,293.22662353515625,293.49438457109676,288.7671611130503,290.19824424631554,57550400,0.010158884672335342,286.1371047973633,4.42691282633529,1.6014588531353213,0,0.0,0.0,0.0,1.2043985181117065,1.5656691577158757,0.012304918107101628,high,-0.00869685724757865,0,1.6014588531353213,0.012304918107101628,0.0034042330815151796
2020-07-13,290.6875305175781,297.95379107027304,290.03200496438967,295.57172419762725,102997500,-0.00869685724757865,286.6893615722656,4.259842809651625,0.9385719436064063,0,0.0,-0.0,0.0,1.2043985181117065,1.552052756554284,0.012379440123460579,high,0.012876092437157705,1,0.9385719436064063,0.012379440123460579,-0.0013989437787304594
2020-07-14,294.45465087890625,295.2302084419288,288.0654935599894,289.2657551792314,93657000,0.012876092437157705,287.29944000244143,4.460081334474876,1.6042781151001737,0,0.0,0.0,0.0,1.2043985181117065,1.5720371313150228,0.012516682527832598,high,0.009145003319198758,1,1.6042781151001737,0.012516682527832598,0.0032496806883819734
2020-07-15,297.1597900390625,298.25850331831754,294.77769489481517,297.6768282673625,87196500,0.009145003319198758,287.77313842773435,4.976489953494297,1.8861992486767118,0,0.0,0.0,0.0,1.2043985181117065,1.5864134160988022,0.011995400613814697,high,-0.003298842472643098,0,1.8861992486767118,0.011995400613814697,0.00355481408621955
2020-07-16,296.1811218261719,296.6335232521369,294.61152330631586,295.2578352089557,54622500,-0.003298842472643098,288.25765228271484,5.305897548291408,1.493332555207088,0,0.0,-0.0,0.0,1.2043985181117065,1.5811800881426046,0.011975027711803794,high,0.0028950569496831884,1,1.493332555207088,0.011975027711803794,0.004036856141694013
2020-07-17,297.0398254394531,297.8246248415815,295.21170746259276,297.18755470615184,62774900,0.0028950569496831884,288.77958984375,5.637432997323203,1.4652476756043586,0,0.0,0.0,0.0,1.2043985181117065,1.5857576945454825,0.01197407749801127,high,0.008048970617455724,1,1.4652476756043586,0.01197407749801127,0.002584090597163583
2020-07-20,299.4403381347656,300.18819807974637,296.02416620162734,296.7720261466081,56308800,0.008048970617455724,289.5034439086914,6.036905043315172,1.646024602801666,0,0.0,0.0,0.0,1.2043985181117065,1.5985214116352835,0.011914920457392834,high,0.002125223827416269,1,1.646024602801666,0.011914920457392834,0.005933256170170458
2020-07-21,300.077392578125,301.8500871049481,299.0894691350206,301.4069275614781,57292200,0.002125223827416269,290.1677474975586,6.440280400424668,1.5386977684873737,0,0.0,0.0,0.0,1.2043985181117065,1.601918627427926,0.01187924426016857,high,0.005675955649874594,1,1.5386977684873737,0.01187924426016857,0.0037830824482221713
2020-07-22,301.78546142578125,302.09940368262994,299.6065184526506,299.7173083426101,57792900,0.005675955649874594,290.85144195556643,6.918555063554082,1.5803906118798718,0,0.0,0.0,0.0,1.2043985181117065,1.611011046511915,0.011892878378890354,high,-0.012003304674532962,0,1.5803906118798718,0.011892878378890354,0.0030892729143573382
2020-07-23,298.1846923828125,302.12714499020143,296.81824597309316,301.42543801668506,75738000,-0.012003304674532962,291.72256622314455,6.673862725354077,0.968273760729039,0,0.0,-0.0,0.0,1.2043985181117065,1.5916735900865944,0.010488158845306335,high,-0.006461269295282519,0,0.968273760729039,0.010488158845306335,0.0013483804739793655
2020-07-24,296.2642517089844,297.28908645899844,294.75928982435465,296.32888854271727,73766600,-0.006461269295282519,292.34716949462893,6.472143591562647,0.6052217721902703,0,0.0,-0.0,0.0,1.2043985181117065,1.5813893583908556,0.010529406151654189,high,0.007266089914223567,1,0.6052217721902703,0.010529406151654189,-0.000522884775013776
2020-07-27,298.4247741699219,298.6002009240035,296.16271013664567,296.9567514724589,48293000,0.007266089914223567,293.41680297851565,5.503051581619775,0.9100352989844546,0,0.0,0.0,0.0,1.2043985181117065,1.59287987565832,0.008576574377239672,medium,-0.006362912019768866,0,0.9100352989844546,0.008576574377239672,-0.0006794609156602074
2020-07-28,296.5319519042969,298.81247079634437,296.2364934476947,297.6952737904054,57495000,-0.006362912019768866,294.1882080078125,4.710469958391898,0.49756052308728144,0,0.0,-0.0,0.0,1.2043985181117065,1.5827445211514457,0.008457637038152555,medium,0.012223735851927275,1,0.49756052308728144,0.008457637038152555,-0.0023770880850972342
2020-07-29,300.1789245605469,300.74214401894255,297.37212550366144,297.40906485580297,48454200,0.012223735851927275,294.96192169189453,4.32593275033859,1.2059833496588706,0,0.0,0.0,0.0,1.2043985181117065,1.602091572099086,0.008426765470518625,medium,-0.0035741982312317584,0,1.2059833496588706,0.008426765470518625,-0.0010675320446866983
2020-07-30,299.1079406738281,299.5234309444589,295.1193636875488,297.2059723944225,61861700,-0.0035741982312317584,295.582373046875,3.952169035488538,0.8920589163305722,0,0.0,-0.0,0.0,1.2043985181117065,1.5963653792358181,0.008471435526904054,medium,0.007870857927773969,1,0.8920589163305722,0.008471435526904054,0.0006182892439735427
2020-07-31,301.4714660644531,301.5730422205113,296.6796073803487,300.8990330030166,84986800,0.007870857927773969,296.24205627441404,3.765453587610182,1.3887861497605212,0,0.0,0.0,0.0,1.2043985181117065,1.6089301443366002,0.008537732835538455,medium,0.006928233238808309,1,1.3887861497605212,0.008537732835538455,0.0034847146885848405
2020-08-03,303.5673828125,304.3336982264849,302.58870135537785,303.13343702102367,53077900,0.006928233238808309,296.7840286254883,4.005462449282555,1.693525846990953,0,0.0,0.0,0.0,1.2043985181117065,1.6200771876415136,0.008053511032463405,medium,0.0038553169869341634,1,1.693525846990953,0.008053511032463405,0.0034171433535017887
2020-08-04,304.739990234375,304.739990234375,302.70874832852365,302.70874832852365,41917900,0.0038553169869341634,297.53558349609375,4.01820818431252,1.792940138444783,0,0.0,0.0,0.0,1.2043985181117065,1.6263230987431725,0.007531980047049752,medium,0.006191760689390409,1,1.792940138444783,0.007531980047049752,0.005460789154842395
2020-08-05,306.6327209472656,306.89126826301356,305.7740711107244,306.0418321331255,42697700,0.006191760689390409,298.27098388671874,4.274980530212899,1.955970793656565,0,0.0,0.0,0.0,1.2043985181117065,1.636392902174218,0.0074878374005464595,medium,0.006662047735743173,1,1.955970793656565,0.0074878374005464595,0.004254394122335021
2020-08-06,308.6823425292969,308.80237427451436,305.7278428325198,306.05099872122855,43679400,0.006662047735743173,299.19195861816405,4.439867054848876,2.13753785730322,-1,0.0,0.0,0.0,1.2043985181117065,1.6472946298029338,0.007285941873564679,medium,0.0007177917228864343,1,2.13753785730322,0.007285941873564679,0.006301643315730007
2020-08-07,308.90399169921875,309.19020827921787,306.8081131712944,307.71294414525704,57308300,0.0007177917228864343,299.9758270263672,4.7071353458410625,1.8967299677796459,0,-1.0,-0.0012177917228864343,1.0,1.2029318115652934,1.6484770442533616,0.007106545274580704,medium,0.002984526635021206,1,1.8967299677796459,0.007106545274580704,0.0048710300747525
2020-08-10,309.8273010253906,310.0119414454086,307.4175082706169,309.356415827872,44282100,0.002984526635021206,300.9328155517578,4.664806010977042,1.9067214054995323,0,0.0,-0.0005,1.0,1.202330345659511,1.653396967899157,0.006590119663859733,medium,-0.008288939862840643,0,1.9067214054995323,0.006590119663859733,0.00408228875399508
2020-08-11,307.269775390625,311.64617312266336,306.5403992490115,311.00910310173,69601100,-0.008288939862840643,301.5735717773438,4.607927716328043,1.2361746893504673,0,0.0,-0.0,0.0,1.202330345659511,1.6396920598628377,0.006651631928788269,medium,0.013846130977921065,1,1.2361746893504673,0.006651631928788269,0.0016534373840401192
2020-08-12,311.5538635253906,312.3294209653016,309.67959266815404,309.70729014184826,53774400,0.013846130977921065,302.2932754516602,4.990476432827986,1.855652100230977,0,0.0,0.0,0.0,1.202330345659511,1.6623954508871557,0.006987175633075434,medium,-0.001809551367407735,0,1.855652100230977,0.006987175633075434,0.0031843114417462503
2020-08-13,310.9906005859375,312.30167990291056,310.06731402303166,310.7874764150394,41816100,-0.001809551367407735,303.03374938964845,5.132513773143092,1.5502834571871724,0,0.0,-0.0,0.0,1.202330345659511,1.6593872609258304,0.006931348995120169,medium,2.9733016647773354e-05,1,1.5502834571871724,0.006931348995120169,0.0014899916211160691
2020-08-14,310.9998474121094,311.53536940593125,309.8734366603985,310.60284094610125,47260400,2.9733016647773354e-05,303.73175048828125,5.222918813457662,1.3915776184574693,0,0.0,0.0,0.0,1.202330345659511,1.6594365995148848,0.0069510232345425076,medium,0.003171640401105806,1,1.3915776184574693,0.0069510232345425076,0.0013523798798683365
2020-08-17,311.98779296875,312.3847994629521,311.0091113811264,312.0154904409857,35481000,0.003171640401105806,304.35912322998047,5.429804804179233,1.4049620592065974,0,0.0,0.0,0.0,1.202330345659511,1.6646997356769797,0.00682295443586504,medium,0.002158241883031972,1,1.4049620592065974,0.00682295443586504,0.0013898026330852564
2020-08-18,312.661865234375,313.08656928621576,310.7875659224632,312.38486227984396,38733900,0.002158241883031972,304.988346862793,5.632876631802182,1.3622734657916618,0,0.0,0.0,0.0,1.202330345659511,1.66829256036919,0.006822976967412553,medium,-0.004172159820775373,0,1.3622734657916618,0.006822976967412553,0.0034792389822597795
2020-08-19,311.360107421875,313.5575069707862,310.7968876598225,313.04046846792653,68054200,-0.004172159820775373,305.46707916259766,5.751950923199763,1.0245268671379937,0,0.0,-0.0,0.0,1.202330345659511,1.6613321771795193,0.006902731618881781,medium,0.00310798454717154,1,1.0245268671379937,0.006902731618881781,-0.0001244191774795081
2020-08-20,312.3293151855469,312.80941395913743,309.50406111970256,309.6333065610113,42207800,0.00310798454717154,306.1743103027344,5.6785258342180205,1.0839089338509758,0,0.0,0.0,0.0,1.202330345659511,1.666495571913912,0.0061227393602768295,low,0.0035413627820048746,1,1.0839089338509758,0.0061227393602768295,0.0008590880054363469
2020-08-21,313.4373474121094,313.658927181265,311.6553828469121,311.9970225596553,55106600,0.0035413627820048746,307.0329650878906,5.392314917727055,1.1876869993561725,0,0.0,0.0,0.0,1.202330345659511,1.672397237308664,0.005766072118860935,low,0.010081990402796516,1,1.1876869993561725,0.005766072118860935,0.0015614139585077673
2020-08-24,316.6134033203125,316.68725383901455,313.40959819669,315.87475725095965,48588700,0.010081990402796516,307.94239654541013,5.397887879304956,1.6063703005292627,0,0.0,0.0,0.0,1.202330345659511,1.6892583302048731,0.00591292615846328,low,0.0034934322419134674,1,1.6063703005292627,0.00591292615846328,0.002943483958845909
2020-08-25,317.7214050292969,317.804497448592,316.01331905096947,317.176669274047,38463400,0.0034934322419134674,309.00186920166016,5.1123575333466755,1.705580208497017,0,0.0,0.0,0.0,1.202330345659511,1.695159639720532,0.005490842079863642,low,0.00997591728098315,1,1.705580208497017,0.005490842079863642,0.003210522030622208
2020-08-26,320.9068298339844,321.1745627439463,317.767660055857,318.31239593759705,50790200,0.00997591728098315,310.038264465332,5.326148129708503,2.040605162299004,-1,0.0,0.0,0.0,1.202330345659511,1.7120704120644454,0.005322240282966153,low,0.002184010028215699,1,2.040605162299004,0.005322240282966153,0.006040137450973914
2020-08-27,321.60845947265625,323.0580264245903,319.9465546023267,321.7746725008695,58034100,0.002184010028215699,311.1632904052734,5.271936581670206,1.981277450054927,0,-1.0,-0.002684010028215699,1.0,1.1991032789545326,1.7158095910134057,0.005078784421655328,low,0.006438705989869858,1,1.981277450054927,0.005078784421655328,0.005855342547182745
2020-08-28,323.6858825683594,323.8151562485118,321.4423023469517,322.6333502400912,48588900,0.006438705989869858,312.2740112304688,5.459336915110553,2.0903401851430723,-1,0.0,-0.0005,1.0,1.1985037273150554,1.7268571845045397,0.005025610175462333,low,-0.003629532518373123,0,2.0903401851430723,0.005025610175462333,0.006434811188755741
2020-08-31,322.51318359375,324.3505145899838,322.28236198411395,323.47340937924645,66099200,-0.003629532518373123,313.22130126953124,5.512526096920337,1.6855942558548291,0,-1.0,0.003129532518373123,1.0,1.2022544837030793,1.720589500198794,0.005203955747207923,low,0.009374819669649632,1,1.6855942558548291,0.005203955747207923,0.0036925066045218136
2020-09-01,325.5509033203125,325.6524513348711,322.4486452873158,323.3442345333608,54908700,0.009374819669649632,314.2618469238281,5.784747094946506,1.951521166127798,0,0.0,-0.0005,1.0,1.2016533564612277,1.7367197164886505,0.0053931105507057115,low,0.014360216912083053,1,1.951521166127798,0.0053931105507057115,0.004868784090069046
2020-09-02,330.2596130371094,331.2290526523332,326.31716140186785,327.46205589368293,69540000,0.014360216912083053,315.4431915283203,6.511593450612187,2.2753910576828313,-1,0.0,0.0,0.0,1.2016533564612277,1.761659388332919,0.005908104077517686,low,-0.035020157435879606,0,2.2753910576828313,0.005908104077517686,0.005745644016289027
2020-09-03,318.89404296875,329.04095593493463,316.3088230099574,328.57007064811114,148011100,-0.035020157435879606,315.95377655029296,6.351964019676808,0.4628909120626041,0,-1.0,0.034520157435879606,1.0,1.2431346195096225,1.699965799205105,0.010432153298995588,high,-0.008198484259338477,0,0.4628909120626041,0.010432153298995588,-0.0016951894765300346
2020-09-04,316.290283203125,321.14675134230083,309.18096542994215,319.5771810982591,139156300,-0.008198484259338477,316.3230911254883,6.131400614481542,-0.005350803906992489,0,0.0,-0.0005,1.0,1.2425130521998677,1.6860286563589082,0.010661071844319666,high,-0.027703012885865522,0,-0.005350803906992489,0.010661071844319666,-0.004622627526371701
2020-09-08,307.6483459472656,316.3549607309717,307.3436737413122,310.8798493187982,114465300,-0.027703012885865522,316.21414337158205,6.270674936521993,-1.366008844506843,0,0.0,-0.0,0.0,1.2425130521998677,1.6393205827658588,0.012446703610990097,high,0.019555148583858845,1,-1.366008844506843,0.012446703610990097,-0.009437323599870182
2020-09-09,313.7236633300781,316.1888235718107,310.7875895768576,311.6554815161175,91462300,0.019555148583858845,316.5368377685547,5.943701034720342,-0.4733034891969317,0,0.0,0.0,0.0,1.2425130521998677,1.6713777403384231,0.0130546870440254,high,-0.017516264614787436,0,-0.4733034891969317,0.0130546870440254,-0.00740125781702834
2020-09-10,308.2762451171875,316.2534284676327,307.3160189497297,315.59790272492,90569500,-0.017516264614787436,316.37295684814455,6.130571697110688,-1.3207107152458553,0,0.0,-0.0,0.0,1.2425130521998677,1.64210144556739,0.013316368354476783,high,0.0005086021315445285,1,-1.3207107152458553,0.013316368354476783,-0.013776554122402437
2020-09-11,308.4330749511719,311.11984195166,305.60782061590953,310.0580681497682,84680200,0.0005086021315445285,316.2450805664063,6.273751484394125,-1.2451888849385666,0,0.0,0.0,0.0,1.2425130521998677,1.6429366218628179,0.01331472243076628,high,0.013085426057931074,1,-1.2451888849385666,0.01331472243076628,-0.006670802208917611
2020-09-14,312.4955749511719,314.2682976219797,308.58084878107974,311.59998582152673,65605700,0.013085426057931074,316.3198669433594,6.216589255849788,-0.6151752729342487,0,0.0,0.0,0.0,1.2425130521998677,1.664435147546071,0.013653302872775618,high,0.0050397918381290705,1,-0.6151752729342487,0.013653302872775618,-0.0024140201454637003
2020-09-15,314.074462890625,315.7825208192452,312.5048641612994,314.95156838815086,52920900,0.0050397918381290705,316.4242004394531,6.157284613466504,-0.38161912211903065,0,0.0,0.0,0.0,1.2425130521998677,1.672823554217769,0.013680778465091763,high,-0.003976377553707673,0,-0.38161912211903065,0.013680778465091763,0.004134540799335219
2020-09-16,312.82806396484375,316.74279127603273,312.55106099803675,315.3117078985403,82096000,-0.003976377553707673,316.43251037597656,6.152049605666908,-0.5858935870433502,0,0.0,-0.0,0.0,1.2425130521998677,1.6661717761854637,0.013706455533563028,high,-0.008834362308847052,0,-0.5858935870433502,0.013706455533563028,-0.0005717644281780851
2020-09-17,310.07659912109375,311.79392701921023,307.4452264147787,307.97150659133644,91523300,-0.008834362308847052,316.3683349609375,6.214128804309376,-1.0124888038176074,0,0.0,-0.0,0.0,1.2425130521998677,1.6514522110458663,0.013820791991708744,high,-0.011579601243358814,0,-1.0124888038176074,0.013820791991708744,0.001164616033009992
2020-09-18,306.5067443847656,310.9933360912378,304.0224381842765,310.8821027224487,105877900,-0.011579601243358814,316.07720642089845,6.541103683404661,-1.4631264843598035,0,0.0,-0.0,0.0,1.2425130521998677,1.632329052969492,0.014024125358492602,high,-0.011191957606362287,0,-1.4631264843598035,0.014024125358492602,-0.0012530246419706766
2020-09-21,303.095458984375,303.2437795741085,298.2380798999571,301.9182014330189,99450800,-0.011191957606362287,315.5601119995117,7.141958630997737,-1.745270962651235,0,0.0,-0.0,0.0,1.2425130521998677,1.614060095409024,0.014162562159938588,high,0.010133013052879078,1,-1.745270962651235,0.014162562159938588,-0.006108501374829349
2020-09-22,306.1823425292969,306.7385377490843,302.06653750783966,304.57868073084774,63612100,0.010133013052879078,315.03855895996094,7.435818982322625,-1.1910209825868794,0,0.0,0.0,0.0,1.2425130521998677,1.630415387423935,0.014164796344683438,high,-0.023464253817115085,0,-1.1910209825868794,0.014164796344683438,-0.005089857131879347
2020-09-23,299.0816345214844,307.01660211722344,298.58105607201094,306.7384904056228,93112200,-0.023464253817115085,314.1065704345703,8.209719519197161,-1.8301399795635447,0,0.0,-0.0,0.0,1.2425130521998677,1.59215890694609,0.01491009708274301,high,0.0026618807553317955,1,-1.8301399795635447,0.01491009708274301,-0.00898743238456083
2020-09-24,299.8788146972656,302.937845386202,296.448968406663,297.7652958983576,76681300,0.0026618807553317955,313.0551696777344,8.628798268117444,-1.527020863282214,0,0.0,0.0,0.0,1.2425130521998677,1.5963970440999198,0.014662126959173495,high,0.01603791827602372,1,-1.527020863282214,0.014662126959173495,-0.006688183771725061
2020-09-25,304.7270202636719,305.5149328939257,298.15471659342495,299.02605426843746,71069400,0.01603791827602372,312.21109771728516,8.573573806038482,-0.8729238964901831,0,0.0,0.0,0.0,1.2425130521998677,1.6219999294292802,0.015254543762630645,high,0.01647289774835112,1,-0.8729238964901831,0.015254543762630645,-0.001164679867848553
2020-09-28,309.788330078125,310.50209652529975,307.8972775754779,308.88915578763124,64584600,0.01647289774835112,311.51622009277344,8.147195855139985,-0.21208401582224498,0,0.0,0.0,0.0,1.2425130521998677,1.6487189684146013,0.015728433882705048,high,-0.005460969671439806,0,-0.21208401582224498,0.015728433882705048,0.004368291203094128
2020-09-29,308.1011962890625,310.3259488282698,307.40595935248126,309.5843740782885,51304000,-0.005460969671439806,310.7956207275391,7.751071634476007,-0.3476196022356493,0,0.0,-0.0,0.0,1.2425130521998677,1.6397153641313615,0.015742555231679455,high,0.007553321426617649,1,-0.3476196022356493,0.015742555231679455,0.001249494658230352
2020-09-30,310.43719482421875,313.58892978637374,308.5739508757094,308.76860928712824,104081100,0.007553321426617649,310.03993530273436,6.930071821922721,0.057324012173681674,0,0.0,0.0,0.0,1.2425130521998677,1.6521006613248093,0.015676676063575957,high,0.0063992992160474904,1,0.057324012173681674,0.015676676063575957,0.007453009706976899
2020-10-01,312.4301452636719,314.00599831587897,310.54837218800964,313.0326781450821,88698700,0.0063992992160474904,309.1484619140625,5.0963106036278685,0.6439331518124597,0,0.0,0.0,0.0,1.2425130521998677,1.6626729477916566,0.015326495243522996,high,-0.009539668096809268,0,0.6439331518124597,0.015326495243522996,0.008200493399120037
2020-10-02,309.4638366699219,312.40238366370073,307.00733868479756,307.48010881582076,89431100,-0.009539668096809268,308.6769515991211,4.554650169740273,0.1727652051146805,0,0.0,-0.0,0.0,1.2425130521998677,1.6468115997161807,0.013449067133775632,high,0.017577635604098762,1,0.1727652051146805,0.013449067133775632,0.00308497612455344
2020-10-05,314.9515686035156,315.13694812133673,311.47538439020013,311.5217221973405,45713100,0.017577635604098762,308.6100158691406,4.445401632473367,1.4265421346972056,0,0.0,0.0,0.0,1.2425130521998677,1.6757586539245948,0.013997334900890694,high,-0.014318029673206912,0,1.4265421346972056,0.013997334900890694,0.0033059236957029684
2020-10-06,310.4742126464844,317.1855845500535,309.96438363528426,315.0905952451243,90128900,-0.014318029673206912,308.7513092041016,4.458117742193026,0.3864643201494438,0,0.0,-0.0,0.0,1.2425130521998677,1.651765091792569,0.012889920070713682,high,0.017256925867422165,1,0.3864643201494438,0.012889920070713682,0.0015345116953495472
2020-10-07,315.8785400390625,316.68501022213155,313.403484518265,313.43129285943087,56999600,0.017256925867422165,308.85905303955076,4.608130123122903,1.5232831564996423,0,0.0,0.0,0.0,1.2425130521998677,1.6802694795320292,0.012719826381855476,high,0.008823539979338121,1,1.5232831564996423,0.012719826381855476,0.00347523258351045
2020-10-08,318.67803955078125,318.7429351145588,316.8982207211978,317.81595262377294,45242500,0.008823539979338121,309.37914276123047,5.099666480644776,1.8234323410842108,0,0.0,0.0,0.0,1.2425130521998677,1.6950954044607418,0.012123056657575853,high,0.008890552506217984,1,1.8234323410842108,0.012123056657575853,0.003960080736168577
2020-10-09,321.5238952636719,321.9873865273389,319.7070174310904,320.3280798824177,59528600,0.008890552506217984,310.03368377685547,5.768137783430017,1.9920140465132516,0,0.0,0.0,0.0,1.2425130521998677,1.7101657391571488,0.012225634018087801,high,0.015959561532588283,1,1.9920140465132516,0.012225634018087801,0.0076461248567740265
2020-10-12,326.6964416503906,328.1703404575897,323.5725150946358,324.0638146970355,80388500,0.015959561532588283,310.7437271118164,6.858188410987406,2.3260828636636206,-1,0.0,0.0,0.0,1.2425130521998677,1.7374592345021516,0.01237777230688781,high,-0.006547381475814581,0,2.3260828636636206,0.01237777230688781,0.0073225100424719304
2020-10-13,324.5644226074219,326.7335584990035,323.60035278140873,326.55742954167613,73255500,-0.006547381475814581,311.2682250976562,7.497634987614199,1.7733855451392937,0,-1.0,0.006047381475814581,1.0,1.2500270026151992,1.7260834260951892,0.012509419534996574,high,-0.006303316968485337,0,1.7733855451392937,0.012509419534996574,0.008876639681950396
2020-10-14,322.5250244140625,326.23295452878085,321.7927285846741,325.13912193436175,57727900,-0.006303316968485337,311.75307312011716,7.906216605348208,1.3624659975364934,0,0.0,-0.0005,1.0,1.2494019891138917,1.7152033751464622,0.01257508056434406,high,-0.001236701382553245,0,1.3624659975364934,0.01257508056434406,0.004164591114768897
2020-10-15,322.12640380859375,322.60842450210197,318.07549499777156,318.61313237555913,60357700,-0.001236701382553245,312.3555633544922,8.224458049832753,1.1880224076649362,0,0.0,-0.0,0.0,1.2494019891138917,1.7130821807610586,0.012358513451178143,high,-0.0006044209337904735,0,1.1880224076649362,0.012358513451178143,0.0021525428423906237
2020-10-16,321.9317626953125,325.13911424772533,321.7556337558863,323.4798076396234,89501900,-0.0006044209337904735,313.1268142700195,8.369087370971545,1.0520798786057897,0,0.0,-0.0,0.0,1.2494019891138917,1.7120467580297032,0.01196560237099139,high,-0.015320004622007803,0,1.0520798786057897,0.01196560237099139,0.0002535481543889325
2020-10-19,317.037353515625,323.8228451922091,316.13817918991043,323.19250376305786,68425600,-0.015320004622007803,313.823908996582,8.064660570416889,0.39845998365147145,0,0.0,-0.0,0.0,1.2494019891138917,1.6858181937835948,0.01224572191092692,high,0.003997608855890324,1,0.39845998365147145,0.01224572191092692,-0.006002365076530285
2020-10-20,318.3072814941406,321.5517205103544,317.62132344041964,318.3814276529497,60051900,0.003997608855890324,314.4301559448242,7.9143195865321125,0.48988741317878626,0,0.0,0.0,0.0,1.2494019891138917,1.6925574355244852,0.012113952759457265,high,-0.0018948377282586805,0,0.48988741317878626,0.012113952759457265,-0.003893367010189304
2020-10-21,317.7047119140625,320.43004263717467,317.39879185718223,318.26087876428136,63575000,-0.0018948377282586805,315.36130981445314,7.063238008657658,0.3317744774757659,0,0.0,-0.0,0.0,1.2494019891138917,1.6893503138384087,0.010598407423617182,high,0.005470025945714603,1,0.3317744774757659,0.010598407423617182,-0.0030116711621439728
2020-10-22,319.44732666015625,320.0313299802922,315.776485019769,317.91781166743255,55399300,0.005470025945714603,316.33973541259763,6.094600016060348,0.5098925670871861,0,0.0,0.0,0.0,1.2494019891138917,1.6985911038865058,0.010612001696985772,high,0.0033896620870915058,1,0.5098925670871861,0.010612001696985772,-0.0016703256964904032
2020-10-23,320.531982421875,320.7266408105194,318.0754846485953,320.67102412804957,49143900,0.0033896620870915058,317.12998352050784,5.505828386332078,0.6178904721789811,0,0.0,0.0,0.0,1.2494019891138917,1.7043487537528208,0.010171962805618386,high,-0.01865288964771027,0,0.6178904721789811,0.010171962805618386,-0.0008715090923140072
2020-10-26,314.6085510253906,317.9364142426399,311.11380948653715,317.14847359309897,91473000,-0.01865288964771027,317.3709945678711,5.267900801504847,-0.5243917162774476,0,0.0,-0.0,0.0,1.2494019891138917,1.672557724527857,0.010658346389880084,high,-0.003453203427929875,0,-0.5243917162774476,0.010658346389880084,-0.0015380860974545003
2020-10-27,313.5240173339844,315.2852783983385,313.3108011782151,314.9515782824497,65994100,-0.003453203427929875,317.6421356201172,4.89180045715267,-0.8418410199278267,0,0.0,-0.0,0.0,1.2494019891138917,1.6667820424601067,0.010605875982799929,high,-0.03477647629462346,0,-0.8418410199278267,0.010605875982799929,-0.0030282485542185407
2020-10-28,302.80816650390625,313.55189240092136,302.3168668136809,307.85095456057604,127094300,-0.03477647629462346,317.26068420410155,5.711898415874327,-2.530247677379787,1,0.0,-0.0,0.0,1.2494019891138917,1.6088172362721889,0.013126556498342018,high,0.010112149520611624,1,-2.530247677379787,0.013126556498342018,-0.009604576267491496
2020-10-29,305.8857421875,309.05600697903935,301.3527834922928,303.0398986890324,90597700,0.010112149520611624,316.93346405029297,6.172108850546795,-1.7899428105215993,0,1.0,0.009612149520611624,1.0,1.261411427844604,1.6250858367167103,0.013265858151391436,high,-0.010479768622578921,0,-1.7899428105215993,0.013265858151391436,-0.008676151552512092
2020-10-30,302.6968688964844,305.61685806950385,299.0445556385391,304.30980936954535,120287300,-0.010479768622578921,316.5951156616211,6.760564213944575,-2.055782080505901,1,0.0,-0.0005,1.0,1.2607807221306817,1.608055313156089,0.013299115180042514,high,0.011146195618287353,1,-2.055782080505901,0.013299115180042514,-0.011450037694446177
2020-11-02,306.08966064453125,308.0919181320214,303.34577182679664,306.08966064453125,86068300,0.011146195618287353,316.1520202636719,7.15297512219739,-1.406737678691868,0,1.0,0.010646195618287353,1.0,1.2742032403302503,1.6259790122415534,0.01289520423151774,high,0.01750187235223737,1,-1.406737678691868,0.01289520423151774,-0.005490220641246654
2020-11-03,311.49395751953125,313.55185999385526,306.173086523715,309.3248216610703,93294200,0.01750187235223737,316.20300750732423,7.113900640321522,-0.6619504862215996,0,0.0,-0.0005,1.0,1.2735661387100854,1.654436689361222,0.013180808176087603,high,0.022103207983006076,1,-0.6619504862215996,0.013180808176087603,-0.0012992054852132041
2020-11-04,318.45562744140625,322.5343454427772,314.79403465889675,315.9712924400372,126959700,0.022103207983006076,316.3318618774414,7.131033041507884,0.2978201827986185,0,0.0,0.0,0.0,1.2735661387100854,1.691005047600889,0.01355093166052509,high,0.019314989660765634,1,0.2978201827986185,0.01355093166052509,0.010076731370312703
2020-11-05,324.6663818359375,326.4740092498404,323.38714130170024,323.7393992214774,82039700,0.019314989660765634,316.6312789916992,7.356871738077477,1.0921901496053594,0,0.0,0.0,0.0,1.2735661387100854,1.7236667926116027,0.014086411843590028,high,-0.00022853216130273293,0,1.0921901496053594,0.014086411843590028,0.011917299398343505
2020-11-06,324.5921936035156,325.843625628691,322.2654584902254,324.3789774456897,74973000,-0.00022853216130273293,316.7846939086914,7.494964689979254,1.0416993298531259,0,0.0,-0.0,0.0,1.2735661387100854,1.7232728793141214,0.013962246524195046,high,0.012487614465815788,1,1.0416993298531259,0.013962246524195046,0.013967546690598742
2020-11-09,328.6709899902344,337.77396706375197,328.2074986315738,337.3939007549382,172304200,0.012487614465815788,316.88342132568357,7.643923515695953,1.542083543921696,0,0.0,0.0,0.0,1.2735661387100854,1.7447924466503923,0.013779981642170704,high,-0.001467851128527945,0,1.542083543921696,0.013779981642170704,0.014235830460104428
2020-11-10,328.18890380859375,329.24564918548936,324.9166565996286,327.6790464420353,85552000,-0.001467851128527945,317.0646453857422,7.8750808779299355,1.4125897365736886,0,0.0,-0.0,0.0,1.2735661387100854,1.7422313510885294,0.013693650984606233,high,0.007401064213047144,1,1.4125897365736886,0.013693650984606233,0.010441885763951365
2020-11-11,330.6268615722656,331.4518612889709,329.1344050330131,330.3765581914952,58649000,0.007401064213047144,317.46973724365233,8.363948508283,1.573075720825338,0,0.0,0.0,0.0,1.2735661387100854,1.7551257171919195,0.013675255704798656,high,-0.009748226130908281,0,1.573075720825338,0.013675255704798656,0.00750145700995958
2020-11-12,327.41949462890625,330.67321239286036,325.6118956516911,329.6164387197169,67546200,-0.009748226130908281,317.734391784668,8.59947778812833,1.126243137415698,0,0.0,-0.0,0.0,1.2735661387100854,1.73801635481256,0.013887201177900552,high,0.013749631655934642,1,1.126243137415698,0.013887201177900552,0.0016888138516247965
2020-11-13,331.9524841308594,332.69405891618226,328.8099994489029,329.32910745648184,62892200,0.013749631655934642,318.2354278564453,9.132316333942255,1.5020347273157433,0,0.0,0.0,0.0,1.2735661387100854,1.761913439503223,0.014177861515655131,high,0.01240538275261052,1,1.5020347273157433,0.014177861515655131,0.004484446615072271
2020-11-16,336.09613037109375,336.2907888205987,333.33371169129214,334.62223124630657,74541100,0.01240538275261052,319.18836669921876,9.957785354791383,1.697944178294573,0,0.0,0.0,0.0,1.2735661387100854,1.783770650097229,0.013793581665499936,high,-0.005393063179297985,0,1.697944178294573,0.013793581665499936,0.004468000272431218
2020-11-17,334.2884216308594,335.49351584362677,332.17490268135197,333.68588866910596,66111000,-0.005393063179297985,319.9874237060547,10.509288623494518,1.3607960002957222,0,0.0,-0.0,0.0,1.2735661387100854,1.7741506622838772,0.01391423075819486,high,-0.012107827265952614,0,1.3607960002957222,0.01391423075819486,0.00368295786227721
2020-11-18,330.26531982421875,335.1041695450707,330.2282326036911,334.55725327164475,70591300,-0.012107827265952614,320.6154541015625,10.738503600554044,0.8986229442767423,0,0.0,-0.0,0.0,1.2735661387100854,1.7526695525211686,0.014265037617320515,high,0.004201513864013963,1,0.8986229442767423,0.014265037617320515,-0.0002188204335227418
2020-11-19,331.6558532714844,332.0266406757399,328.29090170656616,329.63503787241615,59940900,0.004201513864013963,321.2258804321289,11.012115858677944,0.9471361338008684,0,0.0,0.0,0.0,1.2735661387100854,1.7600334179451214,0.014251323610686246,high,-0.006871462245470999,0,0.9471361338008684,0.014251323610686246,0.0025711275654617073
2020-11-20,329.38470458984375,331.6002065139429,329.31055843142065,331.39626921670055,70417300,-0.006871462245470999,321.6685165405273,11.159686848824443,0.6914341014980406,0,0.0,-0.0,0.0,1.2735661387100854,1.7479394147629441,0.014378074909479803,high,0.005976484280326713,1,0.6914341014980406,0.014378074909479803,-0.0015530912148194209
2020-11-23,331.3591613769531,332.6198723058136,328.9582800615384,331.1923113139346,63230600,0.005976484280326713,322.5060470581055,11.230292534095781,0.7883244618934998,0,0.0,0.0,0.0,1.2735661387100854,1.7583859471982384,0.013607676691248688,high,0.015985235667749287,1,0.7883244618934998,0.013607676691248688,-0.0028388709092761824
2020-11-24,336.6985778808594,337.2454941499389,333.05554351994675,333.9083515604822,62415900,0.015985235667749287,323.6647750854492,11.448208313022349,1.1385015400693053,0,0.0,0.0,0.0,1.2735661387100854,1.7864941609590608,0.013845167436578432,high,-0.0015426643271475944,0,1.1385015400693053,0.013845167436578432,0.0014367888601332722
2020-11-25,336.1795654296875,336.64305680181974,335.0857325808797,336.61524845106254,45330900,-0.0015426643271475944,325.3333450317383,10.652667915182548,1.0181693904576514,0,0.0,-0.0,0.0,1.2735661387100854,1.7837382001462918,0.010619840800358446,high,0.0027809144712757877,1,1.0181693904576514,0.010619840800358446,0.0035498214478942767
2020-11-27,337.1157531738281,337.5884950330975,336.1053173094643,337.2733243638305,28514100,0.0027809144712757877,326.8948455810547,9.915319211999897,1.0308198227651293,0,0.0,0.0,0.0,1.2735661387100854,1.7886986235200462,0.010568759853424328,high,-0.004437161156153667,0,1.0308198227651293,0.010568759853424328,0.003265701569346641
2020-11-30,335.62322998046875,336.60582901594785,332.9442656786078,336.3369962113714,83872700,-0.004437161156153667,328.5411636352539,8.285665816165997,0.8547371451304706,0,0.0,-0.0,0.0,1.2735661387100854,1.7807618794676974,0.010186598965072699,high,0.010878085261290351,1,0.8547371451304706,0.010186598965072699,0.0037525617872101085
2020-12-01,339.2940979003906,340.83289212462,338.2836904492131,338.87697278160647,74231400,0.010878085261290351,330.2013854980469,6.731003594602177,1.350870234215223,0,0.0,0.0,0.0,1.2735661387100854,1.8001331590226028,0.010178483691070073,high,0.002101587844617078,1,1.350870234215223,0.010178483691070073,0.004732881983402835
2020-12-02,340.0079040527344,340.16547522877676,337.6070228786699,338.18174747696014,45927000,0.002101587844617078,331.62708282470703,5.4597545041566224,1.5350179612740562,0,0.0,0.0,0.0,1.2735661387100854,1.803916296988297,0.00976911913353781,high,-0.0002724450406113727,0,1.5350179612740562,0.00976911913353781,0.001956152418776394
2020-12-03,339.915283203125,341.3057572313504,338.8121715442582,339.90600432370485,62882000,-0.0002724450406113727,332.70006561279297,4.8043327648643,1.5018147042393362,0,0.0,-0.0,0.0,1.2735661387100854,1.8034248289395043,0.00887264558362021,medium,0.008580609828978692,1,1.5018147042393362,0.00887264558362021,0.002210196276083638
2020-12-04,342.8445129394531,342.8445129394531,340.4065442272832,340.4992481431544,50749900,0.008580609828978692,333.6089721679688,4.9225483719599925,1.8761706485389136,0,0.0,0.0,0.0,1.2735661387100854,1.818899313752527,0.008145234480030471,medium,-0.002057154896330824,0,1.8761706485389136,0.008145234480030471,0.0033701353476242187
2020-12-07,342.13995361328125,342.63125318672655,340.8699921662204,342.07505805149833,48944300,-0.002057154896330824,334.48636016845705,4.7929626135521834,1.596839796576658,0,0.0,-0.0,0.0,1.2735661387100854,1.815157556123308,0.008190259459327618,medium,0.0029220749696166276,1,1.596839796576658,0.008190259459327618,0.0038461365995887875
2020-12-08,343.14117431640625,343.7066201446968,340.82371772977626,340.87005554580287,42458900,0.0029220749696166276,335.2098693847656,4.958221707890608,1.599626922494933,0,0.0,0.0,0.0,1.2735661387100854,1.8204615825839663,0.007856986507822926,medium,-0.009009384236344219,0,1.599626922494933,0.007856986507822926,0.0022549345412540426
2020-12-09,340.0635681152344,343.95687801184386,339.2292894437654,343.7993068138485,74098300,-0.009009384236344219,335.80360260009763,4.7810444724972125,0.8910114807845945,0,0.0,-0.0,0.0,1.2735661387100854,1.804060344698964,0.008212877165417439,medium,-0.0003271587423579685,0,0.8910114807845945,0.008212877165417439,3.274012506178335e-05
2020-12-10,339.95233154296875,340.99979809475724,337.82025463669373,338.6916205245105,57735400,-0.0003271587423579685,336.26987609863284,4.703718704528878,0.7828817315946931,0,0.0,-0.0,0.0,1.2735661387100854,1.8034701305854544,0.008115577158788228,medium,-0.001173265949896434,0,0.7828817315946931,0.008115577158788228,2.179738471246419e-05
2020-12-11,339.5537109375,339.961585539684,336.7357042360189,338.2559409711253,57698600,-0.001173265949896434,336.8765869140625,4.264089846697286,0.6278301160823436,0,0.0,-0.0,0.0,1.2735661387100854,1.8013541804895832,0.007712635477120622,medium,-0.004487203212888007,0,0.6278301160823436,0.007712635477120622,-0.0019289777710625611
2020-12-14,338.0334777832031,342.7981536293505,337.8573488263368,341.7228787095807,69216200,-0.004487203212888007,337.1806365966797,4.108460246004448,0.2075817059086436,0,0.0,-0.0,0.0,1.2735661387100854,1.793271138223341,0.007294653448247166,medium,0.01342873201472742,1,0.2075817059086436,0.007294653448247166,-0.0024149874343739977
2020-12-15,342.60345458984375,342.60345458984375,339.2014446984404,340.5733606765333,63865300,0.01342873201472742,337.50600280761716,4.272451558508427,1.1930976191117255,0,0.0,0.0,0.0,1.2735661387100854,1.8173524957682876,0.007382606420908301,medium,0.0015682801267592205,1,1.1930976191117255,0.007382606420908301,-0.00031365602535183906
2020-12-16,343.14117431640625,344.0588780721469,341.93607991779965,342.81672473642504,58420500,0.0015682801267592205,337.94864044189455,4.378817263257727,1.1858302281946758,0,0.0,0.0,0.0,1.2735661387100854,1.8202026135707172,0.007229896436130846,medium,0.005576358462835792,1,1.1858302281946758,0.007229896436130846,0.0018018768472688486
2020-12-17,345.05999755859375,345.2639348642844,343.956885989985,344.78191409140845,64119500,0.005576358462835792,338.6883743286133,4.260594421952454,1.4954775317620133,0,0.0,0.0,0.0,1.2735661387100854,1.8303527158189783,0.006552596363331892,medium,-0.004000943982049887,0,1.4954775317620133,0.006552596363331892,0.0029825802883076008
2020-12-18,343.68218994140625,345.5161309651634,341.67136919379556,345.3485696719916,136542300,-0.004000943982049887,339.28969116210936,4.059756506891778,1.081961140240862,0,0.0,-0.0,0.0,1.2735661387100854,1.8230295771355938,0.0066756804229251235,medium,-0.0035818639576516067,0,1.081961140240862,0.0066756804229251235,0.00241704468187691
2020-12-21,342.453369140625,352.3212752668946,337.0260363965949,339.7629846416698,96386700,-0.0035818639576516067,339.94312438964846,3.375698249077482,0.7436223755078063,0,0.0,-0.0,0.0,1.2735661387100854,1.816499733199519,0.00648919654960897,medium,-0.0016868454214003638,0,0.7436223755078063,0.00648919654960897,0.00259811253292419
2020-12-22,341.8761901855469,342.8909048278069,340.74976800980517,342.7791972943252,47949000,-0.0016868454214003638,340.46897583007814,2.7244831699895076,0.5165068997193174,0,0.0,-0.0,0.0,1.2735661387100854,1.8134355789415963,0.006464851758266865,medium,0.000898138043490881,1,0.5165068997193174,0.006464851758266865,-0.0004250029543013664
2020-12-23,342.1833801269531,344.0917832562604,341.8575475802829,342.84433524058835,46201400,0.000898138043490881,340.7432159423828,2.5981014418557886,0.5543140700240117,0,0.0,0.0,0.0,1.2735661387100854,1.8150642944244637,0.005501820505891255,low,0.003882962843004411,1,0.5543140700240117,0.005501820505891255,-0.0005590313709550344
2020-12-24,343.5146484375,343.5425753213041,342.0717120912017,342.6581766510882,26457900,0.003882962843004411,341.10997009277344,2.4324154215584315,0.988596899778699,0,0.0,0.0,0.0,1.2735661387100854,1.822112121637378,0.005513567770327144,low,0.008553887188696678,1,0.988596899778699,0.005513567770327144,-0.0008977104949213107
2020-12-28,346.46563720703125,346.85661348489737,345.4416043676414,346.0653140903759,39000400,0.008553887188696678,341.5774642944336,2.521221881601848,1.938811077386012,0,0.0,0.0,0.0,1.2735661387100854,1.837698263171021,0.005753249581389884,low,-0.0019096021626727512,0,1.938811077386012,0.005753249581389884,0.0016132557392280022
2020-12-29,345.8046569824219,348.1692367590177,345.21816415032754,347.9923570664862,53680500,-0.0019096021626727512,342.08653564453124,2.271190445038555,1.6370803892790762,0,0.0,-0.0,0.0,1.2735661387100854,1.8341889905933297,0.005645779845930086,low,0.0014261763586110052,1,1.6370803892790762,0.005645779845930086,0.0019477080982237733
2020-12-30,346.2981872558594,347.3315389411196,345.90721082024635,346.6240198921074,49455300,0.0014261763586110052,342.4367401123047,2.356349228767768,1.638741446476509,0,0.0,0.0,0.0,1.2735661387100854,1.8368048675689386,0.005196673881987406,low,0.005067815912143052,1,1.638741446476509,0.005196673881987406,0.0025703124542260473
2020-12-31,348.0576171875,348.7837445893019,345.59064770765076,346.10265005654054,78520700,0.005067815912143052,342.83922576904297,2.5950395239150854,2.0109101885986482,-1,0.0,0.0,0.0,1.2735661387100854,1.8461134565043065,0.005270914503923192,low,-0.013707454539136256,0,2.0109101885986482,0.005270914503923192,0.0034042480279564817
2021-01-04,343.3191833496094,349.51920765992713,339.6233739583343,349.38886325350404,110210800,-0.013707454539136256,343.00942077636716,2.503176558978146,0.12374779243245328,0,-1.0,0.013207454539136255,1.0,1.2903867055896823,1.820807940225186,0.006232766424341376,low,0.006863574429284903,1,0.12374779243245328,0.006232766424341376,-0.00011383544847165216
2021-01-05,345.6836853027344,346.7728905061342,342.6302231348059,342.67678687742756,66426200,0.006863574429284903,343.15137939453126,2.5728687245319644,0.9842344011017392,0,0.0,-0.0005,1.0,1.2897415122368876,1.8333051910443545,0.006126497361123563,low,0.005960643541932353,1,0.9842344011017392,0.006126497361123563,-0.00045189800035400714
2021-01-06,347.7503356933594,350.9434604581976,343.62630546858566,344.17555304257576,107997700,0.005960643541932353,343.43189849853513,2.7561129528944703,1.5668578424149917,0,0.0,0.0,0.0,1.2897415122368876,1.844232869791744,0.00621803904521152,low,0.014748256482928511,1,1.5668578424149917,0.00621803904521152,0.0011221511405670136
2021-01-07,352.91705322265625,353.66178899148537,349.9473717579539,350.12425147477427,68766800,0.014748256482928511,343.92069244384766,3.4749650717220946,2.588906821544037,-1,0.0,0.0,0.0,1.2897415122368876,1.8714320891696798,0.006948534903772465,medium,0.005681408944288648,1,2.588906821544037,0.006948534903772465,0.003786567165430515
2021-01-08,354.9278259277344,355.1419225171707,351.0551379514854,354.3040877879952,71677200,0.005681408944288648,344.66390533447264,4.1337158903082525,2.4829767854452975,-1,-1.0,-0.006181408944288648,1.0,1.2817690925173262,1.8820644601797174,0.006555074302832975,medium,-0.006763417709900569,0,2.4829767854452975,0.006555074302832975,0.0039092857718596346
2021-01-11,352.535400390625,354.2948508857765,351.6323932699845,351.7534192361298,51034700,-0.006763417709900569,345.29305877685545,4.331702958658293,1.671938653894404,0,-1.0,0.006763417709900569,0.0,1.290438232297661,1.8693352720785636,0.006834556291844518,medium,0.00021111217894883235,1,1.671938653894404,0.006834556291844518,0.005298093137706772
2021-01-12,352.6098327636719,353.6245473333701,350.3662785938468,352.7215686990142,52547700,0.00021111217894883235,345.94586486816405,4.404431452734815,1.5130143281875825,0,0.0,-0.0005,1.0,1.2897930131815123,1.869729911521038,0.006809639507008493,medium,0.0026892266391802854,1,1.5130143281875825,0.006809639507008493,0.003967600687639557
2021-01-13,353.5593566894531,354.5554342663169,351.7533428404121,352.53532382507234,45303600,0.0026892266391802854,346.72215881347654,4.303536211529261,1.588739478399088,0,0.0,0.0,0.0,1.2897930131815123,1.8747580390071725,0.00664315168971785,medium,-0.0035078703572757205,0,1.588739478399088,0.00664315168971785,0.0033133173070891433
2021-01-14,352.3212890625,354.80689545132014,351.9861664446019,354.3041831146207,49989100,-0.0035078703572757205,347.2080505371094,4.36223490690128,1.1721602881360669,0,0.0,-0.0,0.0,1.2897930131815123,1.868181630855075,0.006207745458877213,low,-0.007319576199660113,0,1.1721602881360669,0.006207745458877213,-0.00033790806095170266
2021-01-15,349.7518615722656,351.50199335982205,347.88999385755534,350.70140387922305,107160000,-0.007319576199660113,347.53858489990233,4.287676388055493,0.5161948972009609,0,0.0,-0.0,0.0,1.2897930131815123,1.854507333053226,0.006505916975985505,medium,0.007821231920826758,1,0.5161948972009609,0.006505916975985505,-0.0029381050897414546
2021-01-19,352.4980773925781,353.03803490563877,350.72930885602966,352.2094901876076,51233300,0.007821231920826758,347.9104888916016,4.382898142125198,1.046702056998318,0,0.0,0.0,0.0,1.2897930131815123,1.8690118650039094,0.006608417343514661,medium,0.013744069139986484,1,1.046702056998318,0.006608417343514661,-2.1175163595989545e-05
2021-01-20,357.37628173828125,358.21411669110563,354.3972814506253,354.7882578373456,61836100,0.013744069139986484,348.59519348144534,4.742486806338437,1.851578847852523,0,0.0,0.0,0.0,1.2897930131815123,1.894699693299978,0.00706755181259164,medium,0.0009111593833207939,1,1.851578847852523,0.00706755181259164,0.002685416228611541
2021-01-21,357.7020568847656,358.36304045364824,356.78044135246313,357.934790375537,47840100,0.0009111593833207939,349.35762786865234,4.9253333949398765,1.6941856209543236,0,0.0,0.0,0.0,1.2897930131815123,1.8964260667041035,0.0069528165404689505,medium,-0.003545768563455791,0,1.6941856209543236,0.0069528165404689505,0.002329802777439643
2021-01-22,356.43597412109375,357.5996414893799,355.4677949159223,355.8494812219019,52860500,-0.003545768563455791,350.0856170654297,4.8365439075614995,1.3129948113850167,0,0.0,-0.0,0.0,1.2897930131815123,1.889701778773866,0.007019312179456373,medium,0.003936096721281599,1,1.3129948113850167,0.007019312179456373,0.0023222231362036287
2021-01-25,357.8417053222656,358.1954363497445,352.3212455515999,357.1714317593944,70402000,0.003936096721281599,350.8685333251953,4.756731415614061,1.4659587409498789,0,0.0,0.0,0.0,1.2897930131815123,1.8971398277494977,0.007025138205739508,medium,-0.001562056769805111,0,1.4659587409498789,0.007025138205739508,0.004573357720391971
2021-01-26,357.2831726074219,359.2008944003585,357.0504391042999,358.79128116207573,42665300,-0.001562056769805111,351.5569595336914,4.631089122409014,1.2364722255122167,0,0.0,-0.0,0.0,1.2897930131815123,1.8941763876382947,0.0070634050875294134,medium,-0.024744034139975495,0,1.2364722255122167,0.0070634050875294134,0.002696699982265597
2021-01-27,348.551025390625,354.0528491035127,346.31678932489797,353.95975001538807,123351100,-0.024744034139975495,351.6612289428711,4.532858849143393,-0.6861461289124109,0,0.0,-0.0,0.0,1.2897930131815123,1.8473068224354372,0.009068337073307484,medium,0.008563460530684543,1,-0.6861461289124109,0.009068337073307484,-0.005000920673726798
2021-01-28,351.54864501953125,355.55165024335554,349.9288287937746,350.36634054269865,94198100,0.008563460530684543,351.94842834472655,4.319191857050626,-0.09255975155229489,0,0.0,0.0,0.0,1.2897930131815123,1.8631261614974275,0.009234879978822682,medium,-0.020222733817483452,0,-0.09255975155229489,0.009234879978822682,-0.0034704604442540483
2021-01-29,344.5107727050781,350.65494315277493,342.83507435942295,349.68676378038657,126765100,-0.020222733817483452,351.8590576171875,4.45850282975122,-1.6481507790182093,0,0.0,-0.0,0.0,1.2897930131815123,1.8254486570650754,0.010360687098783487,high,0.016508319328542676,1,-1.6481507790182093,0.010360687098783487,-0.00680585349505958
2021-02-01,350.2452697753906,351.2785927627981,344.7993008040637,347.90861660624154,75817600,0.016508319328542676,351.968440246582,4.386587049060333,-0.3928271460064885,0,0.0,0.0,0.0,1.2897930131815123,1.855583746413765,0.010968257538334967,high,0.014041179625076821,1,-0.3928271460064885,0.010968257538334967,-0.004291408973607365
2021-02-02,355.19781494140625,356.7524870405597,350.32904887111556,353.4290462295083,64450700,0.014041179625076821,352.5623718261719,3.9347633812743474,0.6697843961282405,0,0.0,0.0,0.0,1.2897930131815123,1.8816383311065337,0.010855814741899231,high,0.0007860904738586358,1,0.6697843961282405,0.010855814741899231,-0.0011707616946309792
2021-02-03,355.4771423339844,357.19937586145977,354.2017673399159,356.026389967423,52427100,0.0007860904738586358,353.0520446777344,3.6313609400396194,0.6678206039809224,0,0.0,0.0,0.0,1.2897930131815123,1.8831174690738637,0.010788542116802842,high,0.011301527864077643,1,0.6678206039809224,0.010788542116802842,0.003935263228135847
2021-02-04,359.5173645019531,359.56389983293474,355.5888223142449,356.5104377825251,47142600,0.011301527864077643,353.64039611816406,3.6800883655392105,1.5969639313071122,0,0.0,0.0,0.0,1.2897930131815123,1.9043995736219332,0.010971994174587463,high,0.003928130695767018,1,1.5969639313071122,0.010971994174587463,0.004482876694814467
2021-02-05,360.932373046875,361.63989189934597,359.47082842089645,361.3885499748435,48669800,0.003928130695767018,354.041162109375,4.018086689061797,1.715047850077381,0,0.0,0.0,0.0,1.2897930131815123,1.9118803040440833,0.010551579384682984,high,0.00719597697775244,1,1.715047850077381,0.010551579384682984,0.00931304959746456
2021-02-08,363.53900146484375,363.58553679527535,361.52818085884974,362.3846241257551,38365200,0.00719597697775244,354.47172088623046,4.544925189960659,1.9950340653883853,0,0.0,0.0,0.0,1.2897930131815123,1.925638150696203,0.010591377710551958,high,-0.0006659959927842583,0,1.9950340653883853,0.010591377710551958,0.007450581127306513
2021-02-09,363.2969665527344,363.89277790526904,362.29157040764335,362.7011552001997,35551100,-0.0006659959927842583,355.0097991943359,4.924779521454385,1.6827489072954651,0,0.0,-0.0,0.0,1.2897930131815123,1.9243556834042868,0.010436757772934747,high,-0.00043572795066633375,0,1.6827489072954651,0.010436757772934747,0.004509146003734298
2021-02-10,363.1387023925781,365.18676844469576,360.73690530404883,365.0378156036463,59154400,-0.00043572795066633375,355.53624267578124,5.209262938664506,1.459411783645907,0,0.0,-0.0,0.0,1.2897930131815123,1.9235171878460038,0.010441974336086875,high,0.0016136623582026386,1,1.459411783645907,0.010441974336086875,0.004264782318829304
2021-02-11,363.72515869140625,364.63748409725014,361.29543496551975,364.21855249837824,42913300,0.0016136623582026386,356.0445327758789,5.494375486323713,1.3979069931870367,0,0.0,0.0,0.0,1.2897930131815123,1.9266210951273866,0.010438139726748214,high,0.004927786702675245,1,1.3979069931870367,0.010438139726748214,0.0023272092176543032
2021-02-12,365.5219421386719,365.7639656617887,362.8501376743546,362.92462830443,50593300,0.004927786702675245,356.7045654296875,5.807531227042624,1.5182659144261685,0,0.0,0.0,0.0,1.2897930131815123,1.936115072941049,0.010399007274953171,high,-0.0008665884202896934,0,1.5182659144261685,0.010399007274953171,0.002527140419035948
2021-02-16,365.205322265625,366.94619235443565,364.48851345953494,366.75067579926497,50972400,-0.0008665884202896934,357.4772384643555,5.86157542857707,1.3184311786883471,0,0.0,-0.0,0.0,1.2897930131815123,1.93443725803849,0.010198050706888393,high,0.00022977129168137432,1,1.3184311786883471,0.010198050706888393,0.0009146273394275217
2021-02-17,365.28924560546875,365.5405875852445,362.44056111873977,363.45530428971625,52290600,0.00022977129168137432,358.116796875,5.986203326134393,1.1981632329719747,0,0.0,0.0,0.0,1.2897930131815123,1.9348817361859463,0.010117276561246549,high,-0.0042652956309614486,0,1.1981632329719747,0.010117276561246549,0.0010937807963206482
2021-02-18,363.7344970703125,364.47923283154506,360.9603038015021,362.6825372104316,59712800,-0.0042652956309614486,358.43470764160156,6.112312090237887,0.8670678706303875,0,0.0,-0.0,0.0,1.2897930131815123,1.9266288935701652,0.009792843870919436,high,-0.001767503001228456,0,0.8670678706303875,0.009792843870919436,0.0003278672602616252
2021-02-19,363.0921630859375,365.27986352452217,362.645304567679,364.9912762762247,83241000,-0.001767503001228456,358.70421295166017,6.196557934694041,0.708127024797032,0,0.0,-0.0,0.0,1.2897930131815123,1.9232235712185266,0.00981072167239872,high,-0.007721320274609474,0,0.708127024797032,0.00981072167239872,-0.00034836581162459365
2021-02-22,360.2994079589844,362.71052376422216,360.02942912693527,360.3273348443789,67414200,-0.007721320274609474,358.8973846435547,6.182329267186404,0.22677914016503886,0,0.0,-0.0,0.0,1.2897930131815123,1.9083737460654702,0.009950336056461591,high,0.0012136158556859563,1,0.22677914016503886,0.009950336056461591,-0.0028781872070815376
2021-02-23,360.7369384765625,362.0868041909318,353.9411313866223,358.0930892269746,107284100,0.0012136158556859563,359.04214630126955,6.190200612829955,0.2737863086020637,0,0.0,0.0,0.0,1.2897930131815123,1.9106897787022699,0.009919993138957835,high,0.010958774979343128,1,0.2737863086020637,0.009919993138957835,-0.0024621463518864077
2021-02-24,364.7119140625,365.1401640532169,358.6608445373059,359.64763206401153,72433900,0.010958774979343128,359.41358337402346,6.300985958540786,0.8408732733795131,0,0.0,0.0,0.0,1.2897930131815123,1.931628598042399,0.01018111140935422,high,-0.024390680414171872,0,0.8408732733795131,0.01018111140935422,-0.00031634561435405666
2021-02-25,355.9239501953125,364.81438610383606,354.4810139951626,363.4459121163381,146670500,-0.024390680414171872,359.7822296142578,5.830096278501353,-0.6617865700044813,0,0.0,-0.0,0.0,1.2897930131815123,1.884514862228672,0.010134231239743417,high,-0.005165977217727388,0,-0.6617865700044813,0.010134231239743417,-0.004341422570996142
2021-02-26,354.0899963378906,358.9494723193458,352.1071310412466,357.8044418312601,152701600,-0.005165977217727388,359.90929718017577,5.6666016492910085,-1.026947225593887,0,0.0,-0.0,0.0,1.2897930131815123,1.8747795013839301,0.010063009080791309,high,0.02395109453137888,1,-1.026947225593887,0.010063009080791309,-0.005021117414295928
2021-03-01,362.6732177734375,363.92069420530373,354.28552261817083,358.95880058810565,105348800,0.02395109453137888,360.8174194335937,4.377743297971731,0.4239166651693785,0,0.0,0.0,0.0,1.2897930131815123,1.9196825224470677,0.010154931460011134,high,-0.007833819385727627,0,0.4239166651693785,0.010154931460011134,0.001313365546901743
2021-03-02,359.84320068359375,363.1293962418053,359.34048841861335,362.89666276485025,79595300,-0.007833819385727627,361.2973159790039,3.6179438124237597,-0.40191760038307,0,0.0,-0.0,0.0,1.2897930131815123,1.9046440762882795,0.00985048590942458,high,-0.013334156968907204,0,-0.40191760038307,0.00985048590942458,-0.0004961215013809736
2021-03-03,355.07684326171875,360.11317098093735,354.97442575307235,359.1450201183431,119940200,-0.013334156968907204,361.29126739501953,3.6287627830601186,-1.712546260205024,0,0.0,-0.0,0.0,1.2897930131815123,1.8792472532051523,0.00989628413552126,high,-0.012452026908997983,0,-1.712546260205024,0.00989628413552126,-0.00535470789103104
2021-03-04,350.6828308105469,357.47863729094,346.19572234702065,354.8906420427798,183433000,-0.012452026908997983,361.05155181884766,4.153477127793445,-2.4963953548503626,1,0.0,-0.0,0.0,1.2897930131815123,1.8558468158395813,0.010275197700197141,high,0.018229297235245683,1,-2.4963953548503626,0.010275197700197141,-0.002966977189996262
2021-03-05,357.1341552734375,358.18611506318695,346.90320141461257,354.1830824863514,152039600,0.018229297235245683,360.93239135742186,4.233229160807406,-0.8972432012775619,0,1.0,0.017729297235245682,1.0,1.3126601368841504,1.8896775990686052,0.010803518333967251,high,-0.004991169779852764,0,-0.8972432012775619,0.010803518333967251,0.0017120777005983517
2021-03-08,355.3560791015625,360.9044370293171,355.07681030362994,358.09302696069,123149200,-0.004991169779852764,360.65357666015626,4.413047992491238,-1.2004169380454068,0,0.0,-0.0005,1.0,1.3120038068157085,1.8802458973424692,0.010802474906814321,high,0.014176654273111952,1,-1.2004169380454068,0.010802474906814321,-0.004076375161647977
2021-03-09,360.4297180175781,362.9804680067196,358.69816605856334,359.2008783576128,113633600,0.014176654273111952,360.498112487793,4.360504034767034,-0.015684991842579314,0,0.0,0.0,0.0,1.3120038068157085,1.9069014933775303,0.011179878255829768,high,0.0062052215351282225,1,-0.015684991842579314,0.011179878255829768,0.00032571957011993843
2021-03-10,362.6732177734375,364.3675242968636,361.36062596963234,362.7756352759854,109899400,0.0062052215351282225,360.4669250488281,4.341622053825343,0.5081724519676842,0,0.0,0.0,0.0,1.3120038068157085,1.9187342395896048,0.011277379606190201,high,0.010088307794463151,1,0.5081724519676842,0.011277379606190201,0.004233595270927024
2021-03-11,366.3504943847656,368.32407012659996,364.68411439488114,365.1402914215212,86245000,0.010088307794463151,360.6275146484375,4.5020823993087,1.2711850270014793,0,0.0,0.0,0.0,1.3120038068157085,1.9380910211743598,0.011503457810983915,high,0.001345747554892839,1,1.2711850270014793,0.011503457810983915,0.00874166221161925
2021-03-12,366.8438415527344,366.98347596763745,364.18138400908146,364.99129202536955,64653600,0.001345747554892839,360.78344879150393,4.666042982057774,1.29882917592794,0,0.0,0.0,0.0,1.3120038068157085,1.940699202427265,0.011502175419620748,high,0.0059455673326842635,1,1.29882917592794,0.011502175419620748,0.005364952275548682
2021-03-15,369.03143310546875,369.29209340626124,364.9539389353393,367.0950750911458,73427200,0.0059455673326842635,360.95892333984375,4.913072169961474,1.6430676135759474,0,0.0,0.0,0.0,1.3120038068157085,1.9522377602077827,0.011525364909252383,high,-0.0012618334749355717,0,1.6430676135759474,0.011525364909252383,0.007552299698056086
2021-03-16,368.5660705566406,370.353447865086,367.7933794539433,369.645957368341,73722500,-0.0012618334749355717,361.12696075439453,5.119104250823109,1.4532053730005494,0,0.0,-0.0,0.0,1.3120038068157085,1.9497743612509193,0.011528129906800053,high,0.0034040208973261567,1,1.4532053730005494,0.011528129906800053,0.004464602148446583
2021-03-17,369.82281494140625,370.6234044689322,366.13629619510306,367.28135513431295,97959300,0.0034040208973261567,361.35363922119143,5.405479386692542,1.5667760644994093,0,0.0,0.0,0.0,1.3120038068157085,1.956411433921688,0.011546657926312844,high,-0.014656550146809322,0,1.5667760644994093,0.011546657926312844,0.0039043620208861693
2021-03-18,364.4420166015625,369.32010118927036,363.76242462104625,367.23481832610025,115349100,-0.014656550146809322,361.3890151977539,5.424163782996814,0.5628519945099871,0,0.0,-0.0,0.0,1.3120038068157085,1.9277371916326236,0.012002676884541881,high,-0.0018520685162355603,0,0.5628519945099871,0.012002676884541881,-0.001044609567368325
2021-03-19,363.7676696777344,365.71969051583625,361.59147356195604,364.141257136667,113624500,-0.0018520685162355603,361.42279052734375,5.437414106273987,0.43124895484509346,0,0.0,-0.0,0.0,1.3120038068157085,1.9241668902724245,0.012003383212065854,high,0.007953312479717659,1,0.43124895484509346,0.012003383212065854,-0.0016841727815940049
2021-03-22,366.67236328125,368.05466830965446,364.2253325103038,364.28136920712717,73778600,0.007953312479717659,361.741438293457,5.553610816044824,0.8878773020153224,0,0.0,0.0,0.0,1.3120038068157085,1.939470390813888,0.011978008812047617,high,-0.007901887364342825,0,0.8878773020153224,0.011978008812047617,-0.0012826237521873258
2021-03-23,363.786376953125,367.48494163658637,363.0018346568089,366.0372793939017,90686600,-0.007901887364342825,361.89391021728517,5.566426942956897,0.3399787251738456,0,0.0,-0.0,0.0,1.3120038068157085,1.9241449142391986,0.01213688606029406,high,-0.00509645431123626,0,0.3399787251738456,0.01213688606029406,-0.0026106345300687768
2021-03-24,361.93707275390625,366.8218139815274,361.8903850062456,365.1873437728255,97588600,-0.00509645431123626,361.75516815185546,5.526933095653573,0.032912394433333006,0,0.0,-0.0,0.0,1.3120038068157085,1.914338597595581,0.011932445058165965,high,0.0056098054566563645,1,0.032912394433333006,0.011932445058165965,-0.00431072957178126
2021-03-25,363.9731750488281,364.76703777153006,358.556056717537,360.4987572580339,116128600,0.0056098054566563645,362.1576293945312,5.370826409672909,0.33803841640219146,0,0.0,0.0,0.0,1.3120038068157085,1.9250776647062606,0.010562489236299289,high,0.015986669083707866,1,0.33803841640219146,0.010562489236299289,-0.0002574584510881226
2021-03-26,369.8386535644531,370.24025947344177,364.5242872244289,365.12202161175344,114409100,0.015986669083707866,362.9450622558594,5.27945456250864,1.3057393007125526,0,0.0,0.0,0.0,1.3120038068157085,1.9558532442923566,0.010951971947450631,high,-0.0005053726801806917,0,1.3057393007125526,0.010951971947450631,0.0033102890689005625
2021-03-29,369.65179443359375,370.5577590931056,366.877863754709,368.3628933197625,108107600,-0.0005053726801806917,363.2939910888672,5.487073323756927,1.158687513286857,0,0.0,-0.0,0.0,1.3120038068157085,1.9548648094962484,0.00968473225916705,medium,-0.002656515031972525,0,1.158687513286857,0.00968473225916705,0.0016185520369208927
2021-03-30,368.6711120605469,369.34358094645273,367.07398064220894,368.381579616897,76262200,-0.002656515031972525,363.73538665771486,5.549586869898199,0.889386096396498,0,0.0,-0.0,0.0,1.3120038068157085,1.9496716817443476,0.009505032740407648,medium,0.0040450780958406225,1,0.889386096396498,0.009505032740407648,0.0026676265033949527
2021-03-31,370.1654357910156,371.7251997987825,369.21278347970974,369.2408018270159,112734200,0.0040450780958406225,364.4898162841797,5.331891394415097,1.0644664504571224,0,0.0,0.0,0.0,1.3120038068157085,1.9575582559582523,0.008879032138590757,medium,0.010741079059167253,1,1.0644664504571224,0.008879032138590757,0.004495932984810329
2021-04-01,374.162841796875,374.21890698843123,371.8932703973553,372.09874775674973,99682900,0.010741079059167253,365.66381683349607,4.676488110465195,1.817394754914385,0,0.0,0.0,0.0,1.3120038068157085,1.9785845439484255,0.008381712064545582,medium,0.01425121747162962,1,1.817394754914385,0.008381712064545582,0.005522187705312507
2021-04-05,379.5332946777344,380.0750207457854,376.7500437520767,376.82474984617124,91684800,0.01425121747162962,366.7837738037109,5.181152569087659,2.4607499400984643,-1,0.0,0.0,0.0,1.3120038068157085,2.0067817825702394,0.00804784708858559,medium,-0.0005905311219514608,0,2.4607499400984643,0.00804784708858559,0.005175097382896858
2021-04-06,379.3092346191406,380.3552911930234,378.636765606944,378.9730143644943,62021000,-0.0005905311219514608,367.98143157958987,5.168985324484373,2.191494525220141,-1,-1.0,9.053112195146079e-05,1.0,1.312122583992344,2.005596715472666,0.007874971119676376,medium,0.0011566052131899106,1,2.191494525220141,0.007874971119676376,0.0051580656945427045
2021-04-07,379.7481994628906,380.09376866239757,378.6834735104342,379.1411161256836,55836300,0.0011566052131899106,368.94735565185545,5.479233709576815,1.9712325451927795,0,-1.0,-0.0011566052131899106,0.0,1.3106049761713543,2.0079163990893383,0.007451965653108998,medium,0.00473531126386211,1,1.9712325451927795,0.007451965653108998,0.005920689743575192
2021-04-08,381.5506896972656,381.60672639186373,380.06566028462163,380.9996431984528,57863100,0.00473531126386211,369.8912292480469,5.947486485770872,1.9604013354403627,0,0.0,-0.0005,1.0,1.3099496736832688,2.0174245082308397,0.0074218348795867025,medium,0.007243757527552831,1,1.9604013354403627,0.0074218348795867025,0.006058736377179489
2021-04-09,384.3245849609375,384.4927235322592,381.3078386668728,381.42926099503524,61104600,0.007243757527552831,370.7899337768555,6.6952884912131125,2.0215187443894114,-1,0.0,0.0,0.0,1.3099496736832688,2.0320382421986065,0.007295695196415366,medium,0.0003647234505447232,1,2.0215187443894114,0.007295695196415366,0.005359272070856604
2021-04-12,384.46478271484375,384.73561726762654,383.11984489042715,383.7269281507639,56704900,0.0003647234505447232,371.6709808349609,7.282335668171092,1.756826719180319,0,-1.0,-0.0008647234505447232,1.0,1.3088169294814016,2.03277937419794,0.007306409849864826,medium,0.0029592287785939297,1,1.756826719180319,0.007306409849864826,0.002581973266639625
2021-04-13,385.60418701171875,386.2299681294225,383.979065799831,384.36200222963515,56551000,0.0029592287785939297,372.49961853027344,7.884194904131447,1.6621314719881297,0,0.0,-0.0005,1.0,1.308162521016661,2.0387948334225987,0.007259334870950255,medium,-0.0034207525113722024,0,1.6621314719881297,0.007259334870950255,0.0032919252467487033
2021-04-14,384.2873840332031,386.63166239167407,383.74565783673273,385.57625685642705,61659900,-0.0034207525113722024,373.2856842041016,8.246755941006708,1.334063952880668,0,0.0,-0.0,0.0,1.308162521016661,2.0318206208759957,0.007329181882230209,medium,0.010684809023937071,1,1.334063952880668,0.007329181882230209,0.0023764537018362802
2021-04-15,388.4154357910156,388.6862987931113,386.37936005791016,386.42604779835347,60229800,0.010684809023937071,374.215315246582,8.860926438163553,1.6025548393308435,0,0.0,0.0,0.0,1.308162521016661,2.053530236180953,0.007574667548835814,medium,0.003337083429225764,1,1.6025548393308435,0.007574667548835814,0.0035663532538512724
2021-04-16,389.7137756347656,390.3208589152381,388.2847827117887,389.7044266833597,82037300,0.003337083429225764,375.47890319824216,9.189685715020172,1.5490053607880336,0,0.0,0.0,0.0,1.308162521016661,2.0603830379035264,0.006415474273900146,medium,-0.004925131853240179,0,1.5490053607880336,0.006415474273900146,0.002785018434185859
2021-04-19,387.7991027832031,389.22809574117946,386.4728627845068,388.77980210912494,78498500,-0.004925131853240179,376.68047485351565,9.148813514279801,1.2153081831139216,0,0.0,-0.0,0.0,1.308162521016661,2.050235379773672,0.006581336676723819,medium,-0.007348573532341184,0,1.2153081831139216,0.006581336676723819,0.0017270473734288783
2021-04-20,384.95977783203125,387.68699217501296,383.4840687603821,386.5848990980943,81851800,-0.007348573532341184,377.5948455810547,9.008703597608758,0.8175351948455132,0,0.0,-0.0,0.0,1.308162521016661,2.0351690743267974,0.006882067100099274,medium,0.009417665405723937,1,0.8175351948455132,0.006882067100099274,-0.00033451308875814405
2021-04-21,388.6023254394531,388.80780284580254,384.2032448539139,384.34336511048394,66793000,0.009417665405723937,378.8356430053711,8.710783733252693,1.1212174166141382,0,0.0,0.0,0.0,1.308162521016661,2.054335615712884,0.00659686462222318,medium,-0.009175114184216815,0,1.1212174166141382,0.00659686462222318,0.002233170494661084
2021-04-22,385.05316162109375,389.26543407718646,383.9884358212958,388.43420402767475,97582800,-0.009175114184216815,379.99144744873047,7.840701816969133,0.6455690179938401,0,0.0,-0.0,0.0,1.308162521016661,2.0354868518660147,0.006924958253760393,medium,0.010783953533362929,1,0.6455690179938401,0.006924958253760393,-0.0017388141469696933
2021-04-23,389.22802734375,390.6383506535276,385.5388119647193,385.6135180559668,73209200,0.010783953533362929,381.2541900634766,7.1262837215756525,1.1189334570179539,0,0.0,0.0,0.0,1.308162521016661,2.057437447494309,0.007117795879916905,medium,0.002085524295580139,1,1.1189334570179539,0.007117795879916905,-0.00024944012614226024
2021-04-26,390.0406188964844,390.61036333622997,389.293443913069,389.88185775138544,52182400,0.002085524295580139,382.2642883300781,6.849415502687273,1.1353276149410614,0,0.0,0.0,0.0,1.308162521016661,2.0617282832776946,0.006468413829679378,medium,-0.00021558008713506603,0,1.1353276149410614,0.006468413829679378,0.0011526911036218034
2021-04-27,389.95654296875,390.53563632822335,388.81708265316865,390.3394793906885,51303100,-0.00021558008713506603,383.27952575683594,6.369569928157538,1.0482681385437678,0,0.0,-0.0,0.0,1.308162521016661,2.0612838157147366,0.006461272532148535,medium,-0.000287408054100125,0,1.0482681385437678,0.006461272532148535,0.0025792897926630266
2021-04-28,389.844482421875,391.34820981136744,389.37749094113417,390.22741885643023,51238900,-0.000287408054100125,384.3381942749023,5.5161691750757935,0.9982087155434317,0,0.0,-0.0,0.0,1.308162521016661,2.060691386144314,0.00637961055366648,medium,0.006352513510926626,1,0.9982087155434317,0.00637961055366648,0.0006382751006982145
2021-04-29,392.328857421875,392.94528956050897,388.9478438608281,392.57170209849045,78544300,0.006352513510926626,385.4463653564453,4.682313174172057,1.4698914424165304,0,0.0,0.0,0.0,1.308162521016661,2.0737819560166457,0.006424170414447178,medium,-0.0065919267382809395,0,1.4698914424165304,0.006424170414447178,0.003743800639726903
2021-04-30,389.75115966796875,390.9093181635924,388.85454381886,390.05939007113057,85527000,-0.0065919267382809395,386.22578125,3.9444874525428326,0.8937481638320555,0,0.0,-0.0,0.0,1.308162521016661,2.060111737291415,0.006480669626997067,medium,0.0021542991346214456,1,0.8937481638320555,0.006480669626997067,0.00026862458539812887
2021-05-03,390.5917053222656,392.1234226337819,390.09669546817264,391.740486180178,68128300,0.0021542991346214456,386.77870178222656,3.7259978401253107,1.0233509796964417,0,0.0,0.0,0.0,1.308162521016661,2.0645498342242856,0.005810996726448755,low,-0.006188463064610221,0,1.0233509796964417,0.005810996726448755,0.00028237955320639023
2021-05-04,388.1820068359375,389.0973204297574,384.49279111679294,388.6023105837801,101591200,-0.006188463064610221,387.2223403930664,3.2928803518510854,0.2914367788467042,0,0.0,-0.0,0.0,1.308162521016661,2.0517734438301414,0.00604389643495036,low,0.00031284541965714613,1,0.2914367788467042,0.00604389643495036,-0.0009121970422886407
2021-05-05,388.303466796875,390.05935955355847,387.74307124643747,389.8258637827846,60162200,0.00031284541965714613,387.6501037597656,2.7877984232007,0.23436523662254374,0,0.0,0.0,0.0,1.308162521016661,2.0524153317542178,0.006046837033015071,low,0.007953946252319611,1,0.23436523662254374,0.006046837033015071,-0.0007921463475371867
2021-05-06,391.4043273925781,391.53507021269667,386.3701445084863,388.37820259005775,74321400,0.007953946252319611,388.1427856445313,2.509992821413645,1.2994227394682067,0,0.0,0.0,0.0,1.308162521016661,2.0687401329904276,0.00618943884226589,low,0.007251623171198401,1,1.2994227394682067,0.00618943884226589,-0.0004718597992585897
2021-05-07,394.2529602050781,394.9067598070732,391.488378079509,392.17019603570935,67733800,0.007251623171198401,388.63920440673826,2.690413392791579,2.0865774060524656,-1,0.0,0.0,0.0,1.308162521016661,2.083741856874009,0.006189838308918258,low,-0.009951838724839557,0,2.0865774060524656,0.006189838308918258,0.0022968501826372786
2021-05-10,390.348876953125,394.8319841776763,390.2274545965479,394.60783736731895,81852400,-0.009951838724839557,388.9334091186523,2.526639288211927,0.5602176143925907,0,-1.0,0.009451838724839557,1.0,1.3205270621911898,2.063004793970201,0.006680155336927157,medium,-0.008964968048478588,0,0.5602176143925907,0.006680155336927157,-0.00012437738925492222
2021-05-11,386.86505126953125,387.85507086903533,382.9890279126543,385.82834392591514,116888000,-0.008964968048478588,388.99645233154297,2.4538810418436903,-0.8685836948356386,0,0.0,-0.0005,1.0,1.3198667986600943,2.0445100219084,0.0069980472219347695,medium,-0.021474044952649,0,-0.8685836948356386,0.0069980472219347695,-0.0006796783860285954
2021-05-12,378.64605712890625,385.35204832878026,377.3291376588085,384.0818451111226,134811000,-0.021474044952649,388.7143859863281,3.2263164537348543,-3.120688562886185,1,0.0,-0.0,0.0,1.3198667986600943,2.0006061217917974,0.008489966625703732,medium,0.01194078069511424,1,-3.120688562886185,0.008489966625703732,-0.005037056460489824
2021-05-13,383.1944885253906,385.1278398956935,380.1496952660477,380.19641151101195,106394000,0.01194078069511424,388.4533386230469,3.454899050818899,-1.522142910777601,0,1.0,0.01144078069511424,1.0,1.334967105250327,2.024494920749416,0.008583051809507877,medium,0.015238750667450904,1,-1.522142910777601,0.008583051809507877,-0.004239689571930898
2021-05-14,389.07861328125,389.9285412046908,385.9030768823611,385.93109523135814,82201600,0.015238750667450904,388.4215805053711,3.4456098455903397,0.1906869336119939,0,0.0,-0.0005,1.0,1.3342996216977019,2.055345694074237,0.009261732264473785,medium,-0.0025478477130399875,0,0.1906869336119939,0.009261732264473785,-0.0026422640726803974
2021-05-17,388.08856201171875,388.9011510722619,386.0711555395105,387.96716817788194,65129200,-0.0025478477130399875,388.43605346679686,3.4434648280843265,-0.10091331621686131,0,0.0,-0.0,0.0,1.3342996216977019,2.0501089862480835,0.009211416847603383,medium,-0.008652881012190307,0,-0.10091331621686131,0.009211416847603383,-0.0011614658703204838
2021-05-18,384.7449645996094,388.59297005214694,384.5861749461466,388.3501253478743,59810200,-0.008652881012190307,388.4253128051758,3.455193557859425,-1.065164120022984,0,0.0,-0.0,0.0,1.3342996216977019,2.0323696371280566,0.009270885047235196,medium,-0.0026251729969705884,0,-1.065164120022984,0.009270885047235196,-0.0010990484630628277
2021-05-19,383.73626708984375,383.9137261518179,378.5713418982046,380.0564000490199,106467100,-0.0026251729969705884,388.1820098876953,3.6099335026525217,-1.2315303854170416,0,0.0,-0.0,0.0,1.3342996216977019,2.027034315236805,0.009012600242953946,medium,0.010700387322812099,1,-1.2315303854170416,0.009012600242953946,0.0026707259280728543
2021-05-20,387.86444091796875,389.1253236094422,384.49277612741383,384.61416996928796,78022200,0.010700387322812099,388.32257385253905,3.5356587414865177,-0.12957498674707663,0,0.0,0.0,0.0,1.3342996216977019,2.04872436752647,0.009115981418811958,medium,-0.0008190902794541077,0,-0.12957498674707663,0.009115981418811958,0.0024226472536124258
2021-05-21,387.546875,390.59166843930177,387.089232490251,389.34945519441624,76578700,-0.0008190902794541077,388.23851623535154,3.5329823469525787,-0.19576696610106875,0,0.0,-0.0,0.0,1.3342996216977019,2.047046277311748,0.008780982970908404,medium,0.010142704013398285,1,-0.19576696610106875,0.008780982970908404,-0.0007889209357685766
2021-05-24,391.4976501464844,392.5717248506236,389.54560067622776,389.78844536691764,51376700,0.010142704013398285,388.3113677978516,3.58671198101189,0.8883574609561711,0,0.0,0.0,0.0,1.3342996216977019,2.06780886180425,0.00907215025324977,medium,-0.002221336543636548,0,0.8883574609561711,0.00907215025324977,0.0017491894095190779
2021-05-25,390.62896728515625,392.9359060011208,390.04990249459644,392.5809879674503,57451400,-0.002221336543636548,388.34498901367186,3.60604472180502,0.6333749156447323,0,0.0,-0.0,0.0,1.3342996216977019,2.063215562414269,0.009087900789752157,medium,0.0019829344012850803,1,0.6333749156447323,0.009087900789752157,0.0030354983032298295
2021-05-26,391.4043273925781,391.9086577739116,390.1808117404293,391.2175193605187,43088600,0.0019829344012850803,388.42298126220703,3.6566955689548717,0.8153115494991011,0,0.0,0.0,0.0,1.3342996216977019,2.067306783530247,0.009097163890819144,medium,0.000524596739014849,1,0.8153115494991011,0.009097163890819144,0.0039571197828809634
2021-05-27,391.6097106933594,392.9452994425397,391.3294987126263,392.4316202322079,56707700,0.000524596739014849,388.38702392578125,3.619614289484184,0.8903398290090673,0,0.0,0.0,0.0,1.3342996216977019,2.0683912859274303,0.008982319421459616,medium,0.001787251849362965,1,0.8903398290090673,0.008982319421459616,0.0019219616661215137
2021-05-28,392.31024169921875,393.44035318988387,392.07674594064906,393.1788390804018,58520200,0.001787251849362965,388.5149780273438,3.714366637379568,1.0217794963160882,0,0.0,0.0,0.0,1.3342996216977019,2.07208802207841,0.008857725592416267,medium,-0.000881431085166742,0,1.0217794963160882,0.008857725592416267,0.002443230091884928
2021-06-01,391.964599609375,394.81323593275704,391.5256265248219,394.6731442042603,54216600,-0.000881431085166742,388.58362274169923,3.767078455348397,0.8975063587740122,0,0.0,-0.0,0.0,1.3342996216977019,2.0702616192845484,0.00885077638668631,medium,0.0015715738025738639,1,0.8975063587740122,0.00885077638668631,0.00023840307217192256
2021-06-02,392.5810852050781,393.4216927574089,391.6097633493774,392.6184525081131,49097100,0.0015715738025738639,388.80357666015624,3.8694317410327015,0.9762437478516466,0,0.0,0.0,0.0,1.3342996216977019,2.0735151882098903,0.008726329399200526,medium,-0.0037183972143232814,0,0.9762437478516466,0.008726329399200526,0.000996985141414005
2021-06-03,391.1240234375,392.2634837583409,388.79841505022597,390.26477509890356,58138800,-0.0037183972143232814,388.9446044921875,3.9015120169837076,0.5586087998256134,0,0.0,-0.0,0.0,1.3342996216977019,2.0658050351101935,0.00877882155635807,medium,0.009104246509664694,1,0.5586087998256134,0.00877882155635807,-0.00014328118170766737
2021-06-04,394.701171875,395.0000532381176,391.1893871156072,392.9732978416649,55938800,0.009104246509664694,389.1094467163086,4.076624612953222,1.371655643966839,0,0.0,0.0,0.0,1.3342996216977019,2.0846126333907433,0.00883476923115356,medium,-0.0009705821264434888,0,1.371655643966839,0.00883476923115356,0.0015726487724223015
2021-06-07,394.3182678222656,394.86931434784225,393.38428486307185,394.69185530536356,51555000,-0.0009705821264434888,389.11271209716796,4.080985236526837,1.275563478766198,0,0.0,-0.0,0.0,1.3342996216977019,2.082589345628216,0.008690231093707987,medium,0.00021311833998785597,1,1.275563478766198,0.008690231093707987,0.0010210819772610107
2021-06-08,394.4023132324219,395.2709105225555,392.5717146579376,395.17750652833854,47134300,0.00021311833998785597,389.3153839111328,4.243041540970998,1.198887466023947,0,0.0,0.0,0.0,1.3342996216977019,2.0830331836124323,0.008368342139211744,medium,-0.0014929380543909263,0,1.198887466023947,0.008368342139211744,0.0012399918622919303
2021-06-09,393.8139343261719,395.31766180851946,393.58978752250255,395.24292720536323,48436300,-0.0014929380543909263,389.66282806396487,4.315718552388058,0.9618575010898328,0,0.0,-0.0,0.0,1.3342996216977019,2.079923344104058,0.008084753206298553,medium,0.004637532783854424,1,0.9618575010898328,0.008084753206298553,0.0006270894908989725
2021-06-10,395.6445007324219,396.59718157596666,393.72049815041606,395.0374175201594,51020100,0.004637532783854424,390.51275024414065,3.6551831812041806,1.4039653374063183,0,0.0,0.0,0.0,1.3342996216977019,2.0895690568002445,0.00616312197482079,low,0.001651151406353639,1,1.4039653374063183,0.00616312197482079,0.0022982754905345134
2021-06-11,396.2983093261719,396.410382721431,394.90668383020704,396.1955848814836,45570800,0.001651151406353639,391.1679412841797,3.442590449093349,1.4902638341262313,0,0.0,0.0,0.0,1.3342996216977019,2.0930192516870534,0.005720386878799834,low,0.0022366172811414367,1,1.4902638341262313,0.005720386878799834,0.0008076564698723023
2021-06-14,397.1856689453125,397.288393406657,395.16826199483984,396.4104469975744,42358500,0.0022366172811414367,391.5732940673828,3.6544038906668677,1.5357839598035086,0,0.0,0.0,0.0,1.3342996216977019,2.0977005347151385,0.004756065222543377,low,-0.00183603228156927,0,1.5357839598035086,0.004756065222543377,0.0014490963513892874
2021-06-15,396.45709228515625,397.3723773329353,395.5791460332352,397.33503853707737,51508500,-0.00183603228156927,391.99172058105466,3.7130296943514223,1.2026221365519079,0,0.0,-0.0,0.0,1.3342996216977019,2.0938490888163366,0.004730467803789323,low,-0.0055989261372259656,0,1.2026221365519079,0.004730467803789323,0.0010392662270778622
2021-06-16,394.2435607910156,396.8213630595682,392.19816419002484,396.59721625461583,80386100,-0.0055989261372259656,392.466650390625,3.324465499641094,0.5344950641185723,0,0.0,-0.0,0.0,1.3342996216977019,2.082125782425556,0.004440620480115571,low,-0.00033167057055249447,0,0.5344950641185723,0.004440620480115571,0.00021806861051085427
2021-06-17,394.1128234863281,395.0934942745737,391.6377741374557,393.8326399762295,90949700,-0.00033167057055249447,392.98547821044923,2.6267449684647826,0.42917956992900563,0,0.0,-0.0,0.0,1.3342996216977019,2.081435202579337,0.004365083454883326,low,-0.013582306625654251,0,0.42917956992900563,0.004365083454883326,-0.0007757720603705294
2021-06-18,388.7960510253906,391.52280806426444,388.5899013988071,390.82940868218697,118676300,-0.013582306625654251,393.0320587158203,2.537911239956618,-1.6690921351930716,0,0.0,-0.0,0.0,1.3342996216977019,2.0531645114364734,0.004959381334054664,low,0.014214429641767534,1,-1.6690921351930716,0.004959381334054664,-0.003822463666772107
2021-06-21,394.3620300292969,394.5494491775668,389.74243684552914,390.5576558078238,72822000,0.014214429641767534,393.37281646728513,2.1973445956756805,0.45018590345751375,0,0.0,0.0,0.0,1.3342996216977019,2.082349073927261,0.005865985807638188,low,0.005331957578048244,1,0.45018590345751375,0.005865985807638188,-0.001426901194646888
2021-06-22,396.4703674316406,397.3043454678535,393.6311417670724,394.352679752593,57700300,0.005331957578048244,393.62145233154297,2.2545896995959547,1.263606899565012,0,0.0,0.0,0.0,1.3342996216977019,2.093452070852129,0.005556269642033419,low,-0.001206049741483679,0,1.263606899565012,0.005556269642033419,6.696777276614559e-06
2021-06-23,395.99249267578125,397.35118140093033,395.908162638729,396.5453419827774,49445400,-0.001206049741483679,393.8896286010742,2.1981908217454755,0.9566339982428193,0,0.0,-0.0,0.0,1.3342996216977019,2.0909272635232696,0.005533428176424732,low,0.005898238377917145,1,0.9566339982428193,0.005533428176424732,0.0008852720564250719
2021-06-24,398.3350524902344,398.756702636822,397.88526373773,398.13828242182683,45110300,0.005898238377917145,394.23616485595704,2.3282265537450173,1.7605192362762796,0,0.0,0.0,0.0,1.3342996216977019,2.103260050954416,0.0056499142851779375,low,0.003545783809148451,1,1.7605192362762796,0.0056499142851779375,0.0021312538461189996
2021-06-25,399.7499694824219,400.1997582443463,398.75671098813206,399.0846801731096,58129500,0.003545783809148451,394.64317779541017,2.5462328020104548,2.0056263838009967,-1,0.0,0.0,0.0,1.3342996216977019,2.1107177563895188,0.005680285376405986,low,0.002014001218127651,1,2.0056263838009967,0.005680285376405986,0.00555687193307954
2021-06-28,400.5558776855469,400.72453776466034,399.07536933086004,400.274777553691,53159600,0.002014001218127651,395.0554595947266,2.8031995974486925,1.9621928084701663,0,-1.0,-0.002514001218127651,1.0,1.3309451908234067,2.114968744522011,0.005682105122386732,low,0.000537971585941287,1,1.9621928084701663,0.005682105122386732,0.0031167862483515636
2021-06-29,400.77142333984375,401.5772628150839,400.2373044711945,400.9400834258965,35970500,0.000537971585941287,395.49580078125,2.9783556974935355,1.7713205185779155,0,0.0,-0.0005,1.0,1.330279718227995,2.1161065376117176,0.0056656834434626775,low,0.0008412998071305154,1,1.7713205185779155,0.0056656834434626775,0.0021579890499301723
2021-06-30,401.1087341308594,401.78340305544015,400.2841356012442,400.3122456149289,64827900,0.0008412998071305154,395.92218322753905,3.144877745445344,1.6492058907001679,0,0.0,0.0,0.0,1.330279718227995,2.117886817633678,0.0056649120085695654,low,0.005521369188621763,1,1.6492058907001679,0.0056649120085695654,0.0025674589596530106
2021-07-01,403.32952880859375,403.4888379572731,401.80215127327483,401.8677508401516,53441000,0.005521369188621763,396.53245849609374,3.342805139088144,2.0333432640211053,-1,0.0,0.0,0.0,1.330279718227995,2.1295804526535487,0.00563012556282684,low,0.007614451150416773,1,2.0333432640211053,0.00563012556282684,0.002492085121793935
2021-07-02,406.4123840332031,406.7684632777236,403.4138490651717,404.4914663355306,57697700,0.007614451150416773,397.1180191040039,3.971704335075283,2.340145223580205,-1,-1.0,-0.008114451150416773,1.0,1.3194852284380438,2.1457960389811617,0.005533760376829096,low,-0.001823123319616894,0,2.340145223580205,0.005533760376829096,0.0033058185900475988
2021-07-06,405.672119140625,406.68413685470637,402.9359824093808,406.4686076794865,68710400,-0.001823123319616894,397.6857116699219,4.344402293022729,1.838321345960428,0,-1.0,0.001823123319616894,0.0,1.3218908127278992,2.141883988183354,0.005556720741680424,low,0.0035278684326599955,1,1.838321345960428,0.005556720741680424,0.0025383936824986903
2021-07-07,407.1058044433594,407.38693319644403,404.3415575796705,406.35618496076756,63549500,0.0035278684326599955,398.3208862304688,4.748912908856977,1.8498798317623932,0,0.0,-0.0005,1.0,1.3212298673215352,2.149440273091686,0.005568271397003304,low,-0.00818147686746667,0,1.8498798317623932,0.005568271397003304,0.003136373051842432
2021-07-08,403.7886657714844,404.5476647115918,400.60271181491555,401.7833895422592,97595200,-0.00818147686746667,398.8196228027344,4.774386357778278,1.0407710219460105,0,0.0,-0.0,0.0,1.3212298673215352,2.131854677219385,0.005950594433238471,low,0.010618302627448116,1,1.0407710219460105,0.005950594433238471,0.001331817716922995
2021-07-09,408.09906005859375,408.3989192878367,403.5919064673389,405.2973236629894,76238600,0.010618302627448116,399.44235076904295,5.136921513068136,1.6851939955727298,0,0.0,0.0,0.0,1.3212298673215352,2.1544913553398413,0.006271385797354656,low,0.003575404888188731,1,1.6851939955727298,0.006271385797354656,0.0023512044046882655
2021-07-12,409.560791015625,409.8138097220538,407.58365342944904,408.01468314938586,52889600,0.003575404888188731,400.1054748535156,5.549179433877513,1.7039124927885878,0,0.0,0.0,0.0,1.3212298673215352,2.1621945342632833,0.0062877633647899795,low,-0.003414715945780677,0,1.7039124927885878,0.0062877633647899795,0.0015433951522426572
2021-07-13,408.1646423339844,410.2729791942714,407.90227266855015,408.7737117077264,52911300,-0.003414715945780677,400.65442352294923,5.783244748050459,1.2986168039260058,0,0.0,-0.0,0.0,1.3212298673215352,2.1548112541092546,0.006386035196845452,medium,0.00149110378701062,1,1.2986168039260058,0.006386035196845452,0.0012250766270099005
2021-07-14,408.7737121582031,410.34795874869207,407.52746339505444,409.8606803722424,64130400,0.00149110378701062,401.27025451660154,5.965659528850592,1.2577750381687105,0,0.0,0.0,0.0,1.3212298673215352,2.15802430133055,0.006341485471640384,medium,-0.0034213770291313356,0,1.2577750381687105,0.006341485471640384,0.0008177236978800255
2021-07-15,407.3775329589844,408.10842192602513,405.4753457373174,407.43375298751454,55126400,-0.0034213770291313356,401.926953125,5.873634859013238,0.9279738977339242,0,0.0,-0.0,0.0,1.3212298673215352,2.1506408865576705,0.00623037173792279,low,-0.007874613387546678,0,0.9279738977339242,0.00623037173792279,0.0017697436655470925
2021-07-16,404.18218994140625,408.60501287947545,403.78864977864345,408.55817239214764,75874700,-0.007874613387546678,402.43042144775393,5.593454853341654,0.31318184191757187,0,0.0,-0.0,0.0,1.3212298673215352,2.1337054210405784,0.006574700976047763,medium,-0.0148779052565373,0,0.31318184191757187,0.006574700976047763,-0.0019288395374518665
2021-07-19,398.21331787109375,404.24784908958907,395.40220190953943,399.35650617263855,147987000,-0.0148779052565373,402.9012847900391,4.712255392233,-0.9948456797720051,0,0.0,-0.0,0.0,1.3212298673215352,2.1019603539409766,0.006733126480373175,medium,0.014228657774678551,1,-0.9948456797720051,0.006733126480373175,-0.005619501566397072
2021-07-20,403.91986083984375,405.19424821912867,398.0821000063619,398.87858854389634,99608200,0.014228657774678551,403.3791763305664,4.264002848579368,0.12680209851583335,0,0.0,0.0,0.0,1.3212298673215352,2.1318684284731453,0.006734574896293999,medium,0.008063643787483954,1,0.12680209851583335,0.006734574896293999,-0.002090826822305227
2021-07-21,407.1900939941406,407.33067265477706,403.8729980876093,405.1192467876088,64724400,0.008063643787483954,403.91516265869143,4.01640394093944,0.815388935875605,0,0.0,0.0,0.0,1.3212298673215352,2.1490590560821357,0.006849561438524123,medium,0.002091972657947517,1,0.815388935875605,0.006849561438524123,-0.0007763188222105605
2021-07-22,408.0428161621094,408.28645534613815,406.3842681533673,407.36814723384765,47878500,0.002091972657947517,404.51767883300784,3.6527338046065054,0.9650682249705543,0,0.0,0.0,0.0,1.3212298673215352,2.153554828867774,0.0068248483793941165,medium,0.010235420573850263,1,0.9650682249705543,0.0068248483793941165,0.00032635111520520996
2021-07-23,412.2407531738281,412.5780733348413,409.28908738037114,409.9731072389194,63766600,0.010235420573850263,405.2129638671875,3.7364450026826397,1.8808758864629083,0,0.0,0.0,0.0,1.3212298673215352,2.1755973682700818,0.00703758744678628,medium,0.0024518519297256776,1,1.8808758864629083,0.00703758744678628,0.003948357907484598
2021-07-26,413.25274658203125,413.2621261186514,411.60357811733337,411.65041860813767,43719200,0.0024518519297256776,405.88810272216796,3.9131152812802323,1.8820411182606005,0,0.0,0.0,0.0,1.3212298673215352,2.180931610875781,0.007026858200536628,medium,-0.00456797409234226,0,1.8820411182606005,0.007026858200536628,0.007414309344737194
2021-07-27,411.36932373046875,412.2407627628377,408.5394488652319,412.21265274876606,67397100,-0.00456797409234226,406.42877502441405,3.8845278926011146,1.2718530649413005,0,0.0,-0.0,0.0,1.3212298673215352,2.17096917178013,0.007162282224103046,medium,-0.0004102549548300776,0,1.2718530649413005,0.007162282224103046,0.0036549829713330316
2021-07-28,411.2005920410156,412.57803977875034,409.7763038167769,411.9970804846023,52472400,-0.0004102549548300776,406.95023345947266,3.7838146554325562,1.123299888761882,0,0.0,-0.0,0.0,1.3212298673215352,2.170078520920624,0.007170947540421434,medium,0.004138972230701811,1,1.123299888761882,0.007170947540421434,0.001960203222870225
2021-07-29,412.90606689453125,413.9836556005954,412.1189578762892,412.12833741336397,47435300,0.004138972230701811,407.54010009765625,3.744594687291754,1.432990014936941,0,0.0,0.0,0.0,1.3212298673215352,2.1790604156571574,0.00719808149928346,medium,-0.004868259833408705,0,1.432990014936941,0.00719808149928346,0.002369603137421084
2021-07-30,410.90081787109375,412.35321630587856,410.20738984106623,410.33858897512397,68951200,-0.004868259833408705,407.9186645507813,3.6786517162420176,0.8106647626209478,0,0.0,-0.0,0.0,1.3212298673215352,2.1684521833610426,0.007263352144093314,medium,-0.002100181035934999,0,0.8106647626209478,0.007263352144093314,-0.0006511329440307094
2021-08-02,410.03875732421875,413.1684631203234,409.68267804628834,412.6156137242241,58783300,-0.002100181035934999,408.09998321533203,3.6898543242307986,0.5254337809910377,0,0.0,-0.0,0.0,1.3212298673215352,2.163898041208216,0.007116137393622855,medium,0.00810252628145019,1,0.5254337809910377,0.007116137393622855,-0.0015615395371628448
2021-08-03,413.3746032714844,413.49642287388605,408.6425694296475,410.8352364844253,58053900,0.00810252628145019,408.485107421875,3.8226895562723917,1.279072176181959,0,0.0,0.0,0.0,1.3212298673215352,2.1814310819574843,0.007293590463172981,medium,-0.004931055541085301,0,1.279072176181959,0.007293590463172981,0.0009725605375956452
2021-08-04,411.34124755859375,413.3464954516936,411.1069878900075,412.09086705960937,46732200,-0.004931055541085301,408.6968795776367,3.859399082513102,0.6851760920342876,0,0.0,-0.0,0.0,1.3212298673215352,2.170674324133302,0.007380396937689172,medium,0.0063129990911605415,1,0.6851760920342876,0.007380396937689172,6.84004203446005e-05
2021-08-05,413.9462585449219,414.030588603164,412.1846210718982,412.50321082397534,38969700,0.0063129990911605415,409.2047592163086,3.8478349791707442,1.2322512151067118,0,0.0,0.0,0.0,1.3212298673215352,2.184377789168761,0.007190439478443295,medium,0.001650928152631122,1,1.2322512151067118,0.007190439478443295,0.0005032057924363465
2021-08-06,414.6302185058594,415.0518973321597,413.98365955681214,414.26478830639564,46930000,0.001650928152631122,409.53131713867185,4.02224788457046,1.2676745724069267,0,0.0,0.0,0.0,1.3212298673215352,2.187984039956882,0.0068463648093431495,medium,-0.0008140003794557318,0,1.2676745724069267,0.0068463648093431495,0.0018070433896443118
2021-08-09,414.2928466796875,414.92064647614995,413.5244682278816,414.60205680992107,41222600,-0.0008140003794557318,409.767919921875,4.160862512899833,1.087497302250192,0,0.0,-0.0,0.0,1.3212298673215352,2.1862030201181137,0.0068228191638444406,medium,0.0012431546482350904,1,1.087497302250192,0.0068228191638444406,0.0020642795209401656
2021-08-10,414.8081970214844,415.5203554334606,414.0585776586694,414.742597463298,43339300,0.0012431546482350904,410.10009765625,4.289336922419328,1.0976287128731428,0,0.0,0.0,0.0,1.3212298673215352,2.188920808564559,0.006758682081097846,medium,0.00248190274398372,1,1.0976287128731428,0.006758682081097846,0.0006924051942971455
2021-08-11,415.8389892578125,415.9326988371535,414.75202104898426,415.87647880877864,44034300,0.00248190274398372,410.45336151123047,4.461823351305818,1.207046384973051,0,0.0,0.0,0.0,1.3212298673215352,2.1943534971256984,0.006767583519972371,medium,0.0029922430270014244,1,1.207046384973051,0.006767583519972371,0.0021749968513109495
2021-08-12,417.08514404296875,417.22572267838126,414.7894171451749,415.6889659926469,38909400,0.0029922430270014244,410.93874206542966,4.634296729502373,1.3262858069511403,0,0.0,0.0,0.0,1.3212298673215352,2.200919536076249,0.006705864980143529,medium,0.0018183440743750985,1,1.3262858069511403,0.006705864980143529,0.0015108456384791261
2021-08-13,417.84423828125,417.86296875743454,417.0477498031309,417.5349995492506,39470300,0.0018183440743750985,411.62184448242186,4.592669906346119,1.354853260895166,0,0.0,0.0,0.0,1.3212298673215352,2.2049215650728495,0.006358484191634108,medium,0.0023521969707063577,1,1.354853260895166,0.006358484191634108,0.0015443288228279217
2021-08-16,418.8282470703125,418.959417636537,414.986382147335,416.54187003697587,73740000,0.0023521969707063577,412.6525909423828,3.6393652394924088,1.6969047406714894,0,0.0,0.0,0.0,1.3212298673215352,2.210107974898859,0.005027477358497565,low,-0.006577246166242712,0,1.6969047406714894,0.005027477358497565,0.0021775682928603397
2021-08-17,416.0825500488281,416.94460938558365,413.0933951867882,416.26994057605424,92673900,-0.006577246166242712,413.260725402832,3.075900395095732,0.9173979269599503,0,0.0,-0.0,0.0,1.3212298673215352,2.195571550693973,0.004613538706959902,low,-0.011005170888928164,0,0.9173979269599503,0.004613538706959902,0.0006134881299647788
2021-08-18,411.5285949707031,416.6354666486862,411.2849843863083,415.07059964436183,89351900,-0.011005170888928164,413.47765045166017,2.7622329084311628,-0.7056086671793464,0,0.0,-0.0,0.0,1.3212298673215352,2.1714089105797165,0.005124206243023597,low,0.001546971009466029,1,-0.7056086671793464,0.005124206243023597,-0.002083926596617598
2021-08-19,412.16571044921875,413.36514709295125,408.6611958687614,408.8017459141539,92812200,0.001546971009466029,413.6837951660156,2.474103049783074,-0.613589929865681,0,0.0,0.0,0.0,1.3212298673215352,2.1747680172140793,0.00511690610698746,low,0.00792572916060314,1,-0.613589929865681,0.00511690610698746,-0.002372981000124677
2021-08-20,415.4454040527344,415.7733732693985,412.0252190130029,412.51249736786883,72008700,0.00792572916060314,413.8440277099609,2.4794942017501,0.6458479885305439,0,0.0,0.0,0.0,1.3212298673215352,2.1920046395056603,0.004907461914842019,low,0.008758216386891596,1,0.6458479885305439,0.004907461914842019,-0.0011515039828790686
2021-08-23,419.0999450683594,420.00887376629044,415.5204503118759,417.13215804647064,54973000,0.008758216386891596,414.13638763427736,2.737416240803405,1.8132271446688226,0,0.0,0.0,0.0,1.3212298673215352,2.2112026904595212,0.005238537796433802,low,0.0015860054200692523,1,1.8132271446688226,0.005238537796433802,0.00012969990035797927
2021-08-24,419.7651672363281,420.2992860816183,419.24980746387826,419.7651672363281,38744700,0.0015860054200692523,414.5561798095703,2.927883316491711,1.7790966591521777,0,0.0,0.0,0.0,1.3212298673215352,2.2147096699114615,0.005091336154712624,low,0.0020959686436646434,1,1.7790966591521777,0.005091336154712624,0.0017623502176203718
2021-08-25,420.6459045410156,421.16126421394017,419.57766705673146,419.95250528737705,40529700,0.0020959686436646434,415.0284454345703,3.1139887706079703,1.8039432766960748,0,0.0,0.0,0.0,1.3212298673215352,2.2193516319344164,0.0050853738220298025,low,-0.005920540567028491,0,1.8039432766960748,0.0050853738220298025,0.004382578124138933
2021-08-26,418.1628112792969,420.59908850889707,418.06910170981706,420.36482888327043,57829600,-0.005920540567028491,415.2912826538086,3.1470929418734452,0.9124384562277585,0,0.0,-0.0,0.0,1.3212298673215352,2.2062118705650478,0.00526691225777283,low,0.008901280983883394,1,0.9124384562277585,0.00526691225777283,0.0028890758088400297
2021-08-27,421.901611328125,422.27642103261843,418.9124560362428,418.96867606210947,77235100,0.008901280983883394,415.84132232666013,3.2971205703334756,1.8380550156380602,0,0.0,0.0,0.0,1.3212298673215352,2.225849982334926,0.005408085032045362,low,0.004387940296165535,1,1.8380550156380602,0.005408085032045362,0.00308418617349608
2021-08-30,423.7569580078125,424.5440669661629,422.33264109600447,422.5762802722132,48357400,0.004387940296165535,416.52723236083983,3.4498447957491734,2.095666928518345,-1,0.0,0.0,0.0,1.3212298673215352,2.2356168791656326,0.005386615826845892,low,-0.0014826982428528823,0,2.095666928518345,0.005386615826845892,0.0022101309553508677
2021-08-31,423.1291198730469,424.0005588501911,422.5294300788062,423.6632387027082,59300200,-0.0014826982428528823,417.014958190918,3.6635866235918315,1.6689005366370961,0,-1.0,0.0009826982428528823,1.0,1.322528237590557,2.2323021339472016,0.005205230368683533,low,0.0005314814935248494,1,1.6689005366370961,0.005205230368683533,0.0015963902227664408
2021-09-01,423.35406494140625,424.5815833267058,423.11980527098797,424.0662234902461,48721400,0.0005314814935248494,417.61559906005857,3.6691700266419005,1.563968374231935,0,0.0,-0.0005,1.0,1.3218669734717616,2.2334885612193505,0.0050080402279474795,low,0.003071874874471178,1,1.563968374231935,0.0050080402279474795,0.0012834927927384819
2021-09-02,424.65655517578125,425.462394702092,423.45714682758916,424.7783747777005,42501000,0.003071874874471178,418.15111389160154,3.880917183477331,1.6762638769711613,0,0.0,0.0,0.0,1.3218669734717616,2.2403495586129787,0.004893152518491187,low,-0.0002428584167138645,0,1.6762638769711613,0.004893152518491187,0.0030819758810384157
2021-09-03,424.5534362792969,425.068824666954,423.11976836523195,423.52271669627993,47170500,-0.0002428584167138645,418.64727478027345,4.038227598476573,1.462562808805411,0,0.0,-0.0,0.0,1.3218669734717616,2.2398054708662882,0.004903852317285499,low,-0.0035820139344291315,0,1.462562808805411,0.004903852317285499,0.0012531480009189638
2021-09-07,423.035400390625,424.30040810634716,422.3607315153163,424.20669853552585,51671500,-0.0035820139344291315,419.0844024658203,4.015177459697976,0.9840157662924085,0,0.0,-0.0,0.0,1.3218669734717616,2.2317824564592343,0.005001259251093484,low,-0.0012188907756500366,0,0.9840157662924085,0.005001259251093484,-0.00034084284519996953
2021-09-08,422.52008056640625,423.23223905655976,420.5991342695839,422.5013500889307,56181900,-0.0012188907756500366,419.4699966430664,3.9527182135749284,0.7716421354967496,0,0.0,-0.0,0.0,1.3218669734717616,2.2290621574097984,0.00502634062432754,low,-0.0042895342797688646,0,0.7716421354967496,0.00502634062432754,-0.0002880813517594004
2021-09-09,420.7115478515625,424.0755125696742,420.467908695529,422.3232551840981,57970400,-0.0042895342797688646,419.71362457275393,3.866358191616223,0.25810419763291953,0,0.0,-0.0,0.0,1.3218669734717616,2.2195005188738537,0.005142388508836158,low,-0.007915692968124428,0,0.25810419763291953,0.005142388508836158,-0.0012522845064181433
2021-09-10,417.39447021484375,423.06354222411983,417.27265062322766,422.64189201792766,89948200,-0.007915692968124428,419.72909088134764,3.855894807461773,-0.6054679349618227,0,0.0,-0.0,0.0,1.3218669734717616,2.2019316342238553,0.005443013562807305,low,0.0025559567737338013,1,-0.6054679349618227,0.005443013562807305,-0.0034497980749372643
2021-09-13,418.4626770019531,420.6553724465294,416.1481905625877,420.3930027876443,83738600,0.0025559567737338013,419.7600128173828,3.8424401651011384,-0.3376333162485377,0,0.0,0.0,0.0,1.3218669734717616,2.2075596762996486,0.005458196099749157,low,-0.005411274551063128,0,-0.3376333162485377,0.005458196099749157,-0.0028900350368477315
2021-09-14,416.2043762207031,420.11181049925545,415.314178264794,419.9056608987367,78197100,-0.005411274551063128,419.62881927490236,3.9199403279140603,-0.8735957100707954,0,0.0,-0.0,0.0,1.3218669734717616,2.195613964803335,0.005562704162580359,low,0.008318033394530444,1,-0.8735957100707954,0.005562704162580359,-0.003255887160174531
2021-09-15,419.6808166503906,420.1774459218341,415.5203633365021,416.6260619263352,78792200,0.008318033394530444,419.8087326049805,3.8301574345146516,-0.033397048757625204,0,0.0,0.0,0.0,1.3218669734717616,2.2138771550840666,0.005676019969902288,low,-0.0015863244402553932,0,-0.033397048757625204,0.005676019969902288,-0.0013485023261384343
2021-09-16,419.0155944824219,420.1306441908273,416.063899796155,419.15614456363676,77786700,-0.0015863244402553932,420.1830825805664,3.3086620307804524,-0.35285806990360463,0,0.0,-0.0,0.0,1.3218669734717616,2.2103652276452337,0.0050313929835149405,low,-0.009788983265311036,0,-0.35285806990360463,0.0050313929835149405,-0.0008078603582357402
2021-09-17,414.9338684082031,418.6658303177403,414.5766484303606,418.24282930799984,118425000,-0.009788983265311036,420.3214904785156,2.9990393449198485,-1.7964492794796851,0,0.0,-0.0,0.0,1.3218669734717616,2.188727999421589,0.005565058184110833,low,-0.01681465639693142,0,-1.7964492794796851,0.005565058184110833,-0.001182518417673062
2021-09-20,408.0152282714844,410.3841202455259,403.145796182089,408.8048589294982,166445500,-0.01681465639693142,419.9499816894531,3.945670498184857,-3.0247719426797404,1,0.0,-0.0,0.0,1.3218669734717616,2.151925290164972,0.006465695488584864,medium,-0.0009451097749132758,0,-3.0247719426797404,0.006465695488584864,-0.005056641051806106
2021-09-21,407.6297912597656,411.6531636956014,407.10337084294684,410.3559031370975,92526100,-0.0009451097749132758,419.37647399902346,4.813819505896359,-2.4402000791408027,1,1.0,-0.0014451097749132759,1.0,1.3199567305872626,2.149891484538354,0.006053563479629874,low,0.00970753344878748,1,-2.4402000791408027,0.006053563479629874,-0.0041634080965761355
2021-09-22,411.60614013671875,413.64604074631075,407.74258725869817,409.9046690416803,102350100,0.00970753344878748,418.968522644043,5.115419549650434,-1.439252916767571,0,1.0,0.00970753344878748,0.0,1.3327702547003906,2.1707616280357738,0.006518100652181409,medium,0.012076763168670925,1,-1.439252916767571,0.006518100652181409,-0.003885508085724728
2021-09-23,416.6071472167969,418.21463714747955,413.2418148065021,413.4768249344985,76396000,0.012076763168670925,418.766584777832,5.125425435763662,-0.42131869599882066,0,0.0,-0.0005,1.0,1.3321038695730405,2.1969774021132005,0.007120364447575702,medium,0.0016458040405700597,1,-0.42131869599882066,0.007120364447575702,-0.001152890563939464
2021-09-24,417.2933654785156,418.00780541065916,414.7552447526697,414.97146438680744,62094800,0.0016458040405700597,418.72311248779295,5.134495147222674,-0.2784591217406628,0,0.0,0.0,0.0,1.3321038695730405,2.2005931963986396,0.007016467065398993,medium,-0.002864884915846565,0,-0.2784591217406628,0.007016467065398993,0.001134066897236755
2021-09-27,416.0995788574219,417.4250108387706,415.40392931593607,416.2593696919336,61371100,-0.002864884915846565,418.4330108642578,5.109303499305838,-0.45670256369639706,0,0.0,-0.0,0.0,1.3321038695730405,2.1942887501443624,0.006708160969075249,medium,-0.020357783801627942,0,-0.45670256369639706,0.006708160969075249,0.003924021193453726
2021-09-28,407.71435546875,413.65541814858807,406.9811250466519,413.3263982451864,130436300,-0.020357783801627942,417.63088073730466,5.475647369568307,-1.811023354730104,0,0.0,-0.0,0.0,1.3321038695730405,2.149617894170579,0.007898334666650885,medium,0.0016817457709054444,1,-1.811023354730104,0.007898334666650885,4.1486388110791723e-05
2021-09-29,408.4006042480469,410.83530568589765,407.8365742138815,409.09622503378733,82329200,0.0016817457709054444,416.8944549560547,5.683737095525075,-1.494413018275458,0,0.0,0.0,0.0,1.3321038695730405,2.1532330049731634,0.00793934880562375,medium,-0.01229756302932009,0,-1.494413018275458,0.00793934880562375,-0.0015636711474656157
2021-09-30,403.4090270996094,410.58151260645667,403.0705975741562,409.8764821735044,140506000,-0.01229756302932009,415.89720306396487,6.215568131008378,-2.009176908874054,1,0.0,-0.0,0.0,1.3321038695730405,2.1267534863776936,0.008255455964554188,medium,0.011814127380039894,1,-2.009176908874054,0.008255455964554188,-0.006438536387063818
2021-10-01,408.2032165527344,409.88589724112427,401.613551525623,405.138703737529,129240100,0.011814127380039894,415.0745361328125,6.082624165591565,-1.1296636768959185,0,1.0,0.011314127380039894,1.0,1.347175462436834,2.1518792229717034,0.008776171659607535,medium,-0.012979955976193456,0,-1.1296636768959185,0.008776171659607535,-0.004404871719169852
2021-10-04,402.9389953613281,407.9399892875987,400.79567536580527,407.037558391636,128570000,-0.012979955976193456,413.9938140869141,6.228248960124196,-1.7749481108355565,0,0.0,-0.0005,1.0,1.3465018747056157,2.123947925391445,0.009099970420994629,medium,0.010351280340229958,1,-1.7749481108355565,0.009099970420994629,-0.00642788593123923
2021-10-05,407.131591796875,409.3782739253751,403.64404918460883,404.4430607487151,90682500,0.010351280340229958,413.19862365722656,6.025052402295003,-1.006967484306123,0,0.0,0.0,0.0,1.3465018747056157,2.1459335057952216,0.009544346213767768,medium,0.004147482448252757,1,-1.006967484306123,0.009544346213767768,-0.0002860731028676497
2021-10-06,408.82366943359375,409.03047952232674,401.9049840791868,403.53123602954014,113032200,0.004147482448252757,412.51380310058596,5.678189825578991,-0.6498785317759145,0,0.0,0.0,0.0,1.3465018747056157,2.154833727345625,0.009639927908867842,medium,0.008608415272690604,1,-0.6498785317759145,0.009639927908867842,0.00020707423260181277
2021-10-07,412.3581848144531,415.1970969045478,411.92577420062315,412.1043841974191,72437500,0.008608415272690604,412.0961349487305,5.340644641545987,0.04906708521366585,0,0.0,0.0,0.0,1.3465018747056157,2.173383430914216,0.00988226882675868,high,-0.0018254306983716384,0,0.04906708521366585,0.00988226882675868,0.004388269893003951
2021-10-08,411.60614013671875,413.51444998736724,410.9763290353788,413.1290299205683,74557400,-0.0018254306983716384,411.80671844482424,5.193212770060157,-0.038623163923084944,0,0.0,-0.0,0.0,1.3465018747056157,2.1694160700800933,0.009751002694681777,high,-0.007265994509828535,0,-0.038623163923084944,0.009751002694681777,0.0016603582773216455
2021-10-11,408.6262512207031,413.8622842543227,408.56044149355773,410.9481526531211,65233300,-0.007265994509828535,411.31489715576174,4.991548343630469,-0.5386396664853499,0,0.0,-0.0,0.0,1.3465018747056157,2.1536531048253575,0.009825533491397316,high,-0.0024648225102105728,0,-0.5386396664853499,0.009825533491397316,0.002803150570594629
2021-10-12,407.62030029296875,409.9516107361224,406.8306698253898,409.5474002624371,71181200,-0.0024648225102105728,410.885693359375,4.917499712062789,-0.6640352328635922,0,0.0,-0.0,0.0,1.3465018747056157,2.148344732173399,0.009780886564262056,high,0.003591458131819966,1,-0.6640352328635922,0.009780886564262056,0.0002399300005065233
2021-10-13,409.0868835449219,409.9047143211053,405.665150493523,408.6450632915193,72974000,0.003591458131819966,410.3559967041016,4.470512846224312,-0.28388536233635314,0,0.0,0.0,0.0,1.3465018747056157,2.156060422331716,0.009598219758005988,medium,0.016680667065448428,1,-0.28388536233635314,0.009598219758005988,0.0001287251372199651
2021-10-14,415.96795654296875,416.11836647826146,412.2829848477017,412.7530051375808,70236800,0.016680667065448428,410.20361480712893,4.203790718895373,1.3712247162852371,0,0.0,0.0,0.0,1.3465018747056157,2.1920249484096215,0.010402777313336392,high,0.007587041601472927,1,1.3712247162852371,0.010402777313336392,0.0017431754957715298
2021-10-15,419.13592529296875,419.5025549212031,417.46265406245044,418.0830843417794,66260200,0.007587041601472927,410.41371765136716,4.543898622496416,1.9195427464905914,0,0.0,0.0,0.0,1.3465018747056157,2.208655932884672,0.01029937344450215,high,0.0029559640777602676,1,1.9195427464905914,0.01029937344450215,0.0036256699557404423
2021-10-18,420.376708984375,420.71510979062344,416.6917376412568,417.34977745930763,62213200,0.0029559640777602676,411.0317916870117,5.0166114263901775,1.862794723985158,0,0.0,0.0,0.0,1.3465018747056157,2.2151846404824114,0.00946462901990703,medium,0.007685291846690236,1,1.862794723985158,0.00946462901990703,0.005670061673258203
2021-10-19,423.619873046875,423.68565408047556,421.39195292020696,422.0030022074686,46996800,0.007685291846690236,411.8312957763672,5.676653311229669,2.0766773350747707,-1,0.0,0.0,0.0,1.3465018747056157,2.2322089809388244,0.00954405905229828,medium,0.003920143425428553,1,2.0766773350747707,0.00954405905229828,0.007700084544638365
2021-10-20,425.2837829589844,425.58460284430237,423.9677318204224,424.0805321054758,49571600,0.003920143425428553,412.51517791748046,6.422937040014151,1.9879698278150622,0,-1.0,-0.004420143425428553,1.0,1.3405501432968085,2.2409595602996344,0.009382001375700824,medium,0.002604726526760538,1,1.9879698278150622,0.009382001375700824,0.007765821603360083
2021-10-21,426.3929748535156,426.618575397613,424.2496836213109,424.68209422675085,41305400,0.002604726526760538,413.0044692993164,7.089240171979761,1.8885670719857033,0,0.0,-0.0005,1.0,1.3398798682251603,2.2467966471117444,0.009060705544606591,medium,-0.0010368208348533463,0,1.8885670719857033,0.009060705544606591,0.004950633495622504
2021-10-22,425.95111083984375,427.4081907045908,424.0052202839226,425.96052042413305,58845100,-0.0010368208348533463,413.43735656738284,7.610111926385192,1.6443587681114376,0,0.0,-0.0,0.0,1.3398798682251603,2.2444671215363403,0.009072997120880067,medium,0.005348568671572571,1,1.6443587681114376,0.009072997120880067,0.00322586100835725
2021-10-25,428.2354431152344,428.56446303148596,425.26494034706053,427.0416019944035,45214500,0.005348568671572571,414.0441497802734,8.28725795868511,1.7124232654165634,0,0.0,0.0,0.0,1.3398798682251603,2.2564718080669643,0.00907346170727826,medium,0.0008996538328789838,1,1.7124232654165634,0.00907346170727826,0.0037043819271197096
2021-10-26,428.6208801269531,430.99918156529145,428.2448696453988,429.78654991386077,56075100,0.0008996538328789838,415.08947601318357,8.752307599206416,1.546038454475305,0,0.0,0.0,0.0,1.3398798682251603,2.258501851577875,0.0074934725648394315,medium,-0.004440158552793164,0,1.546038454475305,0.0074934725648394315,0.0023472543243574597
2021-10-27,426.7219543457031,429.7488856725393,426.64673504629013,429.0814650009743,72438000,-0.004440158552793164,416.0055435180664,8.97143076985416,1.194504098905387,0,0.0,-0.0,0.0,1.3398798682251603,2.2484737452650925,0.007652025964380593,medium,0.009602725978338012,1,1.194504098905387,0.007652025964380593,0.0006751939287131164
2021-10-28,430.8393859863281,430.9145766067055,428.1414742340312,428.15085513172806,51437900,0.009602725978338012,417.37706146240237,9.040826284336502,1.4890590860317305,0,0.0,0.0,0.0,1.3398798682251603,2.2700652225103606,0.007009055387952862,medium,0.002027021792453333,1,1.4890590860317305,0.007009055387952862,0.0020747938190286115
2021-10-29,431.7135925292969,432.00500278448646,428.244840846289,428.53625110147857,70162400,0.002027021792453333,418.55258026123045,9.309683871179931,1.413690566745138,0,0.0,0.0,0.0,1.3398798682251603,2.2746666941866795,0.006718160706065822,medium,0.00171881940749781,1,1.413690566745138,0.006718160706065822,0.002687562344489947
2021-11-01,432.4562683105469,433.07669852419264,430.7265971184563,432.70065934906575,48433600,0.00171881940749781,420.02844390869143,9.03996710425177,1.3747643391324138,0,0.0,0.0,0.0,1.3398798682251603,2.2785764354462366,0.005614376535006345,low,0.0040348315186510535,1,1.3747643391324138,0.005614376535006345,0.0019616124916749947
2021-11-02,434.2046813964844,434.51491081247156,432.4938008795022,432.62542031361994,48908400,0.0040348315186510535,421.38209838867186,9.034111978512973,1.4193517900054993,0,0.0,0.0,0.0,1.3398798682251603,2.2877701074656307,0.005383669388980292,low,0.006086715506235633,1,1.4193517900054993,0.005383669388980292,0.002588648028829409
2021-11-03,436.8556213378906,437.25983186693117,433.19885003088245,433.6406702124122,52509800,0.006086715506235633,422.78369598388673,9.15686301095898,1.5367626814076547,0,0.0,0.0,0.0,1.3398798682251603,2.301695113253444,0.005418621827157026,low,0.004701438195077292,1,1.5367626814076547,0.005418621827157026,0.004694022840635168
2021-11-04,438.914306640625,438.99890684181076,437.1094162853852,437.4572266750685,52847100,0.004701438195077292,424.1115020751953,9.485053617807148,1.5606453228307606,0,0.0,0.0,0.0,1.3398798682251603,2.3125163905723167,0.005286596167408887,low,0.003463734737197471,1,1.5606453228307606,0.005286596167408887,0.003713765283983024
2021-11-05,440.4372253417969,442.43010684262913,438.9237737315892,441.14225579847414,66390600,0.003463734737197471,425.55305633544924,9.673463946556009,1.5386596868070992,0,0.0,0.0,0.0,1.3398798682251603,2.320526333924681,0.005156854020128346,low,0.0008532797799302222,1,1.5386596868070992,0.005156854020128346,0.004001107872931852
2021-11-08,440.8132019042969,442.0352718144265,440.1269906728055,441.53705147758245,50405200,0.0008532797799302222,427.1624038696289,9.382227071087373,1.4549635103945389,0,0.0,0.0,0.0,1.3398798682251603,2.3225063921242146,0.004559193719485301,low,-0.0033108699178455393,0,1.4549635103945389,0.004559193719485301,0.0038279999474183342
2021-11-09,439.35614013671875,441.41483115793073,437.946079365355,441.1798210293701,51149100,-0.0033108699178455393,428.7491958618164,8.549954530123594,1.240584875338396,0,0.0,-0.0,0.0,1.3398798682251603,2.3148168755765264,0.004623761142813559,low,-0.008077295240810987,0,1.240584875338396,0.004623761142813559,0.0023588596601190155
2021-11-10,435.8216247558594,439.3561866436364,434.336373208753,437.6640963262321,69429700,-0.008077295240810987,430.08593292236327,7.314758449477373,0.7841259384178175,0,0.0,-0.0,0.0,1.3398798682251603,2.2961194162440832,0.005327317359924244,low,0.00032345437226502,1,0.7841259384178175,0.005327317359924244,-0.00047394248929030823
2021-11-11,435.9626159667969,437.3914960298939,435.94382548251065,437.31627671722447,34848500,0.00032345437226502,431.0856658935547,6.616713123406113,0.7370653649756046,0,0.0,0.0,0.0,1.3398798682251603,2.29686210610851,0.004299682133836864,low,0.007518413984299827,1,0.7370653649756046,0.004299682133836864,-0.0013495392538527625
2021-11-12,439.2527160644531,439.80733651939306,436.2821846286871,437.2316347180003,53466700,0.007518413984299827,432.0915054321289,6.22180843196403,1.150985394460895,0,0.0,0.0,0.0,1.3398798682251603,2.3141308662870848,0.004295305702285203,low,0.0003423197629242965,1,1.150985394460895,0.004295305702285203,-0.0005386034044322912
2021-11-15,439.4031066894531,440.7003671182999,438.2750753466251,440.5405763047511,46980500,0.0003423197629242965,433.04282531738284,5.774854610925874,1.1013751515123522,0,0.0,0.0,0.0,1.3398798682251603,2.3149230390166076,0.00431541876378506,low,0.0039501384121104375,1,1.1013751515123522,0.00431541876378506,-0.0006407954078334764
2021-11-16,441.1422424316406,442.2796835013746,439.0647607814874,439.1399514053057,48857500,0.0039501384121104375,433.91894378662107,5.596459531303996,1.2906907670136407,0,0.0,0.0,0.0,1.3398798682251603,2.3240673054341063,0.004143544664992539,low,-0.0024322985787128028,0,1.2906907670136407,0.004143544664992539,0.0008114062581577189
2021-11-17,440.070556640625,441.0575876528418,439.4501264917785,440.87897766963937,47858300,-0.0024322985787128028,434.6582824707031,5.367694451730949,1.0083051892375434,0,0.0,-0.0,0.0,1.3398798682251603,2.318414479830266,0.004233252720174273,low,0.0033906538324595943,1,1.0083051892375434,0.004233252720174273,0.0019404055905773558
2021-11-18,441.5652160644531,441.8284262460176,438.37846513160173,441.10457673089655,50625600,0.0033906538324595943,435.41689453125,5.207844828057092,1.1805884653243168,0,0.0,0.0,0.0,1.3398798682251603,2.326275420771532,0.004245635645042111,low,-0.001789811848249736,0,1.1805884653243168,0.004245635645042111,0.0025538454826162706
2021-11-19,440.7756042480469,442.70267579983584,440.4089746825623,441.4524058684626,57315600,-0.001789811848249736,436.15811920166016,4.831027655768457,0.9557976843442908,0,0.0,-0.0,0.0,1.3398798682251603,2.322111825461143,0.004274870759451072,low,-0.0028191092583243543,0,0.9557976843442908,0.004274870759451072,0.0006922003161063579
2021-11-22,439.5347595214844,445.1468026589416,439.3279494564215,442.6557009805207,72762000,-0.0028191092583243543,436.7230850219727,4.505475685627291,0.6240571907825602,0,0.0,-0.0,0.0,1.3398798682251603,2.315565538515121,0.004299101738111849,low,0.001325055970313354,1,0.6240571907825602,0.004299101738111849,5.991451185662772e-05
2021-11-23,440.1175537109375,440.9729939884895,436.6018115031317,439.2057132997234,73206500,0.001325055970313354,437.29791870117185,4.135564177552377,0.6818017781154206,0,0.0,0.0,0.0,1.3398798682251603,2.318633792456582,0.004298057606142881,low,0.002666363651179356,1,0.6818017781154206,0.004298057606142881,-0.00046510197650278894
2021-11-24,441.2926330566406,441.4148429167893,437.2974607646824,438.115291443818,61858800,0.002666363651179356,438.0264526367188,3.3907491572093003,0.9632621785004077,0,0.0,0.0,0.0,1.3398798682251603,2.3248161133211847,0.004084964360000214,low,-0.022555645634815567,0,0.9632621785004077,0.004084964360000214,0.0005546304694756428
2021-11-26,431.4504089355469,436.08480192497507,430.32234880945094,434.6183409737067,112669600,-0.022555645634815567,438.0570037841797,3.3246936809081173,-1.9871288854581868,0,0.0,-0.0,0.0,1.3398798682251603,2.2723783849030026,0.006447611176023458,medium,0.01219209141104323,1,-1.9871288854581868,0.006447611176023458,-0.004634629423979389
2021-11-29,436.7428894042969,438.5853610359219,434.0449773431906,436.2446690099577,86268800,0.01219209141104323,438.3084686279297,2.9933392044717944,-0.5230209864936061,0,0.0,0.0,0.0,1.3398798682251603,2.3000834298922186,0.0069879345152329886,medium,-0.019649574180629015,0,-0.5230209864936061,0.0069879345152329886,-0.0018382487721207963
2021-11-30,428.2448425292969,436.2069866122317,428.0004228222706,434.29870556860726,148559600,-0.019649574180629015,438.0978973388672,3.5272102336153175,-2.793441319620789,1,0.0,-0.0,0.0,1.3398798682251603,2.254887769914916,0.008312526476394034,medium,-0.011169323546637926,0,-2.793441319620789,0.008312526476394034,-0.005204341756581729
2021-12-01,423.4882507324219,436.8086374124799,423.290850257439,433.9603158081163,131939200,-0.011169323546637926,437.56207580566405,4.75131880801539,-2.9620881363506664,1,1.0,-0.011669323546637926,1.0,1.3242443765292142,2.2297021988513794,0.008568302908131098,medium,0.015200246574059228,1,-2.9620881363506664,0.008568302908131098,-0.007703217659971985
2021-12-02,429.97454833984375,431.54442870471775,423.3096641820062,423.7044938415965,127637800,0.015200246574059228,437.21802215576173,5.045214589051269,-1.4357117399202806,0,1.0,0.015200246574059228,0.0,1.3443732175767698,2.2635942220606426,0.009198174894871191,medium,-0.008739223529615054,0,-1.4357117399202806,0.009198174894871191,-0.00519644107539601
2021-12-03,426.2332763671875,432.7007324303802,422.00309312240216,431.6385105133021,137331600,-0.008739223529615054,436.58397064208987,5.588411163376971,-1.8521712115125826,0,0.0,-0.0005,1.0,1.3437010309679815,2.2438121661737096,0.009266295910507405,medium,0.01177356522917862,1,-1.8521712115125826,0.009266295910507405,-0.002433156654355908
2021-12-06,431.2812194824219,433.16130061518345,426.3647969926562,428.78070813331755,98977500,0.01177356522917862,436.1261703491211,5.631006375436293,-0.8604058570833741,0,0.0,0.0,0.0,1.3437010309679815,2.2702298350741805,0.009676203952502202,medium,0.02047369094645938,1,-0.8604058570833741,0.009676203952502202,-0.0025168618907288305
2021-12-07,440.2021484375,440.76617845486504,431.14955415645403,436.5641964227451,95484700,0.02047369094645938,436.0956176757812,5.60583852812427,0.7325453170148356,0,0.0,0.0,0.0,1.3437010309679815,2.3167098190949207,0.010807802145743022,high,0.002644625200387425,1,0.7325453170148356,0.010807802145743022,0.005507791134688848
2021-12-08,441.36785888671875,441.81908870916527,438.83914733929845,440.5970473857132,72238800,0.002644625200387425,436.1962036132812,5.684911963009585,0.9097159827783253,0,0.0,0.0,0.0,1.3437010309679815,2.322836648264484,0.010795827812453255,high,-0.006774380377843144,0,0.9097159827783253,0.010795827812453255,0.00827058088409392
2021-12-09,438.3879699707031,441.471302205169,438.19056946357745,440.08003169302344,61272600,-0.006774380377843144,436.32452087402345,5.704940059527492,0.36169514055342766,0,0.0,-0.0,0.0,1.3437010309679815,2.307100869253546,0.010746890618170676,high,0.009369204252583049,1,0.36169514055342766,0.010746890618170676,0.0038756554937134447
2021-12-10,442.5146179199219,442.66502782958105,438.5382653053805,441.0951763940727,77159800,0.009369204252583049,436.65212097167966,5.868831006926169,0.9989207290725387,0,0.0,0.0,0.0,1.3437010309679815,2.3287165685288946,0.01093688255209553,high,-0.008897686179433078,0,0.9989207290725387,0.01093688255209553,0.007497341050153065
2021-12-13,438.5947265625,442.3454791791736,438.3126971846737,441.99766876550603,87724700,-0.008897686179433078,436.61922149658204,5.855314025939882,0.33738669816276057,0,0.0,-0.0,0.0,1.3437010309679815,2.307996379301278,0.01101756576618407,high,-0.006903952918865981,0,0.33738669816276057,0.01101756576618407,0.0033630907684307253
2021-12-14,435.5771179199219,437.8144187233226,432.65360596586527,435.3233173325535,97264100,-0.006903952918865981,436.4279220581055,5.821979217175171,-0.1461365811258282,0,0.0,-0.0,0.0,1.3437010309679815,2.292062080961669,0.011121775760614901,high,0.015504429059627067,1,-0.1461365811258282,0.011121775760614901,-0.0021124380046343466
2021-12-15,442.38311767578125,442.6275087271845,433.1143023252697,435.6336329677367,116899300,0.015504429059627067,436.4899658203125,5.8811740136197646,1.0020366412932638,0,0.0,0.0,0.0,1.3437010309679815,2.3275991948962003,0.01164925415736067,high,-0.008857747816092061,0,1.0020366412932638,0.01164925415736067,0.00045952276721358197
2021-12-16,438.4819030761719,444.5169470262026,436.93081329963405,444.23494635106454,116568600,-0.008857747816092061,436.41053314208983,5.840858535453567,0.35463449790967966,0,0.0,-0.0,0.0,1.3437010309679815,2.306981908210871,0.011811416162407676,high,-0.010699937243698556,0,0.35463449790967966,0.011811416162407676,4.284927956379851e-05
2021-12-17,433.815185546875,438.4092618245341,432.1077368438548,435.39999504107936,135511600,-0.010699937243698556,436.0230316162109,5.737039694417666,-0.3848406472564978,0,0.0,-0.0,0.0,1.3437010309679815,2.2822973465706666,0.012005811018174911,high,-0.01069037391887689,0,-0.3848406472564978,0.012005811018174911,-0.003970979019692522
2021-12-20,429.2022399902344,429.5984279577143,425.5798060591172,428.73056845563246,107134800,-0.01069037391887689,435.4443634033203,5.815577893278848,-1.073345336892498,0,0.0,-0.0,0.0,1.3437010309679815,2.2578987345417656,0.012204420686169042,high,0.017603197916428136,1,-1.073345336892498,0.012204420686169042,-0.004329516567581284
2021-12-21,436.824462890625,436.9659586009306,430.4568968299471,432.62657449075914,69806300,0.017603197916428136,435.30884857177733,5.7464131935224385,0.2637496239490961,0,0.0,0.0,0.0,1.3437010309679815,2.297644972841157,0.012907404027608798,high,0.009949041511768586,1,0.2637496239490961,0.012907404027608798,0.0005719135994775387
2021-12-22,441.192138671875,441.30533523820264,436.37164043974565,436.56976321936594,58890200,0.009949041511768586,435.3625778198242,5.798528614941868,1.005351743376582,0,0.0,0.0,0.0,1.3437010309679815,2.3205043380552604,0.013107377897937884,high,0.006202836396704126,1,1.005351743376582,0.013107377897937884,-0.0005391639100941574
2021-12-23,443.9372863769531,445.4371985113299,442.0883418877811,442.19209581442925,56439700,0.006202836396704126,435.4948104858398,5.96854081628026,1.4144957957035234,0,0.0,0.0,0.0,1.3437010309679815,2.3348980468220595,0.013167227450985558,high,0.014052981556473764,1,1.4144957957035234,0.013167227450985558,0.00247295293246508
2021-12-27,450.219970703125,450.26712634622396,445.26741905868244,445.3145747017814,56808600,0.014052981556473764,436.43328857421875,6.7266338148939,2.0495663222190292,-1,0.0,0.0,0.0,1.3437010309679815,2.3677103260102967,0.012341601231951379,high,-0.0008176701279524188,0,2.0495663222190292,0.012341601231951379,0.0074235366924995435
2021-12-28,449.85198974609375,451.68207754216996,449.087884188701,450.653837085784,47274600,-0.0008176701279524188,437.08874359130857,7.3666307016356045,1.7325758099902266,0,-1.0,0.0003176701279524188,1.0,1.3441278846464189,2.3657743200050736,0.012124239502575091,high,0.0012784253809726522,1,1.7325758099902266,0.012124239502575091,0.009398077450684437
2021-12-29,450.4274597167969,451.4462575660911,448.9558468297353,449.9557881814939,54503000,0.0012784253809726522,438.19787445068357,7.630206752419371,1.6027855683249437,0,0.0,-0.0005,1.0,1.3434558207040956,2.3687987859414212,0.011061273543626857,high,-0.0027683328018175105,0,1.6027855683249437,0.011061273543626857,0.006133122943593342
2021-12-30,449.1822509765625,451.8613419081985,448.72002207295793,450.8519578886304,55329000,-0.0027683328018175105,439.4825744628906,7.172518686702274,1.3523389672940007,0,0.0,-0.0,0.0,1.3434558207040956,2.362241162561394,0.01066632201539958,high,-0.002523358583628981,0,1.3523389672940007,0.01066632201539958,0.0035896480808761217
2021-12-31,448.05023193359375,449.84257807075835,447.77668316160356,448.6917271226337,65237400,-0.002523358583628981,440.3863586425781,7.049155002814704,1.0872045355727729,0,0.0,-0.0,0.0,1.3434558207040956,2.356280381047243,0.01032536187353599,high,0.005773363258765292,1,1.0872045355727729,0.01032536187353599,0.0018444090848095003
2022-01-03,450.64447021484375,450.77655208082115,447.0031792958626,449.3143528535199,72668200,0.005773363258765292,441.60691833496094,6.566441536936545,1.3763241215270332,0,0.0,0.0,0.0,1.3434558207040956,2.3698840436265307,0.01003235274246276,high,-0.00033499850796674623,0,1.3763241215270332,0.01003235274246276,0.00018848542526780609
2022-01-04,450.4935302734375,452.7858761115812,448.6351430318022,452.0689260726104,71178700,-0.00033499850796674623,442.5675338745117,6.378999696196022,1.2425139953607929,0,0.0,-0.0,0.0,1.3434558207040956,2.369090136007862,0.009824548648088263,high,-0.019388991521527052,0,1.2425139953607929,0.009824548648088263,0.00028501974926494064
2022-01-05,441.8430480957031,450.89914766079016,441.74870802750024,450.12559940549204,104538900,-0.019388991521527052,442.6495788574219,6.357491681601292,-0.12686304632578246,0,0.0,-0.0,0.0,1.3434558207040956,2.323155867447072,0.00996033612126211,high,-0.0009397082758978932,0,-0.12686304632578246,0.00996033612126211,-0.0038484636312350004
2022-01-06,441.42803955078125,444.1448726975174,439.06023879788046,441.3808839040391,86858900,-0.0009397082758978932,442.652587890625,6.356867319594802,-0.19263393087804842,0,0.0,-0.0,0.0,1.3434558207040956,2.320972778652231,0.009946006519468899,high,-0.003961457426807058,0,-0.19263393087804842,0.009946006519468899,-0.003482738726051077
2022-01-07,439.68280029296875,442.61661242591146,438.3243838694435,441.43743350191716,85111600,-0.003961457426807058,442.71732940673826,6.317620818638577,-0.48032783240438887,0,0.0,-0.0,0.0,1.3434558207040956,2.311778343800822,0.009864622608610044,high,-0.0012451939950104626,0,-0.48032783240438887,0.009864622608610044,-0.0037703584946866923
2022-01-10,439.1356506347656,439.35260112059655,430.73046025596256,436.48485885738484,119362000,-0.0012451939950104626,442.54838104248046,6.368304670859067,-0.535893080513446,0,0.0,-0.0,0.0,1.3434558207040956,2.308899731289326,0.009624996291239534,medium,0.009067016828771453,1,-0.535893080513446,0.009624996291239534,-0.005174069945441844
2022-01-11,443.1354064941406,443.2297465587139,435.87165335018614,438.8715061877595,74303100,0.009067016828771453,442.7754150390625,6.300514221530972,0.05713683715654361,0,0.0,0.0,0.0,1.3434558207040956,2.329834564008872,0.009626843368651116,medium,0.0026999477897833354,1,0.05713683715654361,0.009626843368651116,-0.0032936668780942035
2022-01-12,444.3334655761719,446.38997545502053,442.3713245554861,444.87117806328797,67605400,0.0026999477897833354,443.213232421875,6.074153475806809,0.18442621819793598,0,0.0,0.0,0.0,1.3434558207040956,2.3361249956905286,0.0094756417774169,medium,-0.01387445472861851,0,0.18442621819793598,0.0094756417774169,0.0011241209841678743
2022-01-13,438.2111511230469,446.08807144277097,437.18291064083445,445.4371624273771,91173100,-0.01387445472861851,443.00463409423827,6.174961879652262,-0.7762773381625048,0,0.0,-0.0,0.0,1.3434558207040956,2.3037125351974264,0.009384756283147892,medium,0.0004089891327453702,1,-0.7762773381625048,0.009384756283147892,-0.0014628283063762492
2022-01-14,438.3904113769531,438.739443721602,433.8434906759854,435.0604113490844,95890900,0.0004089891327453702,443.0000595092773,6.178521654955779,-0.7460762282231069,0,0.0,0.0,0.0,1.3434558207040956,2.3046547285892918,0.009175464800010562,medium,-0.01786832402931926,0,-0.7460762282231069,0.009175464800010562,-0.0005887389944657635
2022-01-18,430.6266784667969,433.9000801446297,429.51354052849086,433.6925435130348,109709100,-0.01786832402931926,442.84063415527345,6.46260004227404,-1.8899445437720084,0,0.0,-0.0,0.0,1.3434558207040956,2.2634744111231555,0.009737781552630108,high,-0.010437839621807705,0,-1.8899445437720084,0.009737781552630108,-0.003913365001327523
2022-01-19,426.1552429199219,433.5699058238336,425.88166536173696,432.17377646871046,109357600,-0.010437839621807705,442.6882843017578,6.826693206354552,-2.421822818468877,1,0.0,-0.0,0.0,1.3434558207040956,2.2398486282317864,0.009723847274952893,high,-0.011129823761487335,0,-2.421822818468877,0.009723847274952893,-0.007814336291443355
2022-01-20,421.4385070800781,432.74918102362534,419.31598522013365,428.04190842212745,122379700,-0.011129823761487335,441.91898651123046,8.242391423415974,-2.4847739423013726,1,1.0,-0.011629823761487336,1.0,1.3278316662779626,2.2149195077471577,0.009028495990003374,medium,-0.01982579244638391,0,-2.4847739423013726,0.009028495990003374,-0.01058029060169749
2022-01-21,413.1654357910156,422.6743219055185,413.1371366485651,420.31596407281415,202271200,-0.01982579244638391,440.5176513671875,10.45734916264265,-2.615597428254923,1,1.0,-0.01982579244638391,0.0,1.3015063512585996,2.171006973301116,0.009436065680390507,medium,0.004237826350383479,1,-2.615597428254923,0.009436065680390507,-0.01177055814525057
2022-01-24,414.9200744628906,415.42948785761394,396.92109866435106,407.5525662882195,251783900,0.004237826350383479,439.06679077148436,11.874805237377142,-2.0334410397392895,1,1.0,0.004237826350383479,0.0,1.3070219091691548,2.1802073238594377,0.009341873684685701,medium,-0.01228408272082829,0,-2.0334410397392895,0.009341873684685701,-0.011004790701722948
2022-01-25,409.8543395996094,414.8068916212734,402.9490601572942,408.52422217345065,167997300,-0.01228408272082829,437.0485092163086,13.23216507973449,-2.0551564655392665,1,1.0,-0.01228408272082829,0.0,1.290966343918986,2.1534254767445926,0.008580394205439375,medium,-0.0025120678325289323,0,-2.0551564655392665,0.008580394205439375,-0.009887942440024753
2022-01-26,408.8260498046875,418.8820910132849,404.56212043743244,415.7501849161173,186391100,-0.0025120678325289323,434.9972122192383,14.281263720085171,-1.8325522816124225,0,1.0,-0.0025120678325289323,0.0,1.2877233488935498,2.1480159258747142,0.008548383188355326,medium,-0.004950196014499439,0,-1.8325522816124225,0.008548383188355326,-0.008302788082169
2022-01-27,406.8072814941406,416.5708886311564,405.11871802199556,413.4295686804275,149878300,-0.004950196014499439,432.81620330810546,15.107647130284901,-1.7215732926292113,0,0.0,-0.0005,1.0,1.2870794872191031,2.137382825999368,0.008428613345636207,medium,0.024532060881209364,1,-1.7215732926292113,0.008428613345636207,-0.00706686253277142
2022-01-28,416.9105224609375,416.95767810367454,403.5810789597359,408.1657129140467,164457400,0.024532060881209364,431.2026168823242,14.990609303138273,-0.9534031694358593,0,0.0,0.0,0.0,1.2870794872191031,2.189817231613236,0.010723208064910467,high,0.017850787812803946,1,-0.9534031694358593,0.010723208064910467,0.0018047081327472348
2022-01-31,424.4195251464844,424.7685575099905,414.8917534598383,416.2407272712182,152251400,0.017850787812803946,430.0210815429688,14.516590624315874,-0.3858727260036916,0,0.0,0.0,0.0,1.2870794872191031,2.2289071943635856,0.011761194722513503,high,0.0067342623715123465,1,-0.3858727260036916,0.011761194722513503,0.004527300425231328
2022-02-01,427.2873229980469,427.92878947837016,421.617821033728,425.14591546405666,123155400,0.0067342623715123465,428.8532241821289,13.685890011808182,-0.11441719776579744,0,0.0,0.0,0.0,1.2870794872191031,2.2439172402121814,0.011799569926410517,high,0.009666972223697329,1,-0.11441719776579744,0.011799569926410517,0.008330969443699456
2022-02-02,431.43792724609375,432.16429099295607,427.38153506884584,429.6927369366117,117361000,0.009666972223697329,427.9004440307617,12.729969125437975,0.2778862368380115,0,0.0,0.0,0.0,1.2870794872191031,2.265609125845588,0.01211118631226104,high,-0.023785460684694358,0,0.2778862368380115,0.01211118631226104,0.010766777454944707
2022-02-03,421.29705810546875,427.3061493870198,420.45746888036115,425.4006065808514,118024400,-0.023785460684694358,426.87314453125,12.369512131574462,-0.45079275289667153,0,0.0,-0.0,0.0,1.2870794872191031,2.2117205690559034,0.012474780821975263,high,0.0046911674735265595,1,-0.45079275289667153,0.012474780821975263,0.006999724520905723
2022-02-04,423.278076171875,427.12690349554987,418.68397092224063,421.0612140470099,118454400,0.0046911674735265595,425.9656463623047,11.902455001156214,-0.22579965143061978,0,0.0,0.0,0.0,1.2870794872191031,2.2220961206499883,0.012572178804801413,high,-0.0032144670700940173,0,-0.22579965143061978,0.012572178804801413,0.003031545839369162
2022-02-07,421.9196472167969,425.43829858096694,420.58952998140325,424.04216920738406,84472900,-0.0032144670700940173,425.0774887084961,11.480265866176799,-0.2750669303750947,0,0.0,-0.0,0.0,1.2870794872191031,2.214953265843575,0.01256746417594978,high,0.008194125815924349,1,-0.2750669303750947,0.01256746417594978,-0.0011815051372104305
2022-02-08,425.39111328125,426.3155998254575,419.995189934305,421.4196471387826,81012000,0.008194125815924349,424.3902618408203,10.995583829018049,0.09102303761155346,0,0.0,0.0,0.0,1.2870794872191031,2.23310287158029,0.01277527755128785,high,0.014530255176303521,1,0.09102303761155346,0.01277527755128785,-0.00088953244832803
2022-02-09,431.6172790527344,431.9380123033958,429.23062177963686,429.42871580152007,92589900,0.014530255176303521,423.81435546875,10.237625078724086,0.7621810257732968,0,0.0,0.0,0.0,1.2870794872191031,2.2655504261392876,0.01307014382082194,high,-0.018129034094069817,0,0.7621810257732968,0.01307014382082194,8.31241421932083e-05
2022-02-10,423.86297607421875,431.7776105996194,421.86309308439786,425.7685189857641,140103700,-0.018129034094069817,422.7908309936523,9.030319733041457,0.11872725576299446,0,0.0,-0.0,0.0,1.2870794872191031,2.224478185221974,0.013554119438575476,high,-0.01991586748403545,0,0.11872725576299446,0.013554119438575476,0.0012144094603181166
2022-02-11,415.5048828125,426.0231523425291,414.0710117021737,423.94781485036305,153214600,-0.01991586748403545,421.655517578125,8.394568582733541,-0.7326921812606307,0,0.0,-0.0,0.0,1.2870794872191031,2.180175772463966,0.013887500799094352,high,-0.00327470133291322,0,-0.7326921812606307,0.013887500799094352,-0.0037069975311942852
2022-02-14,414.1464538574219,416.5802950386649,410.67495835599806,414.99548562999905,123006300,-0.00327470133291322,420.4433197021484,7.55975405408637,-0.8329458603647052,0,0.0,-0.0,0.0,1.2870794872191031,2.173036347955893,0.013869066635717745,high,0.015998304985389927,1,-0.8329458603647052,0.013869066635717745,-0.0037190443837581263
2022-02-15,420.82537841796875,420.99517327307245,418.0708037959125,418.5896597934599,88482700,0.015998304985389927,419.95325469970703,7.172644101789122,0.1215902679521181,0,0.0,0.0,0.0,1.2870794872191031,2.2078012461948298,0.01400499616619764,high,0.0011202165299681794,1,0.1215902679521181,0.01400499616619764,-0.0021582085498650107
2022-02-16,421.29705810546875,422.6743310487677,416.90107555558865,418.7783192186944,84863600,0.0011202165299681794,419.71034545898436,7.032446218600887,0.2256274128748424,0,0.0,0.0,0.0,1.2870794872191031,2.2102744616457017,0.01383910584681534,high,-0.021592897407145,0,0.2256274128748424,0.01383910584681534,-0.004840216279132078
2022-02-17,412.29754638671875,421.2687487717077,411.693821753136,418.10854352626,102259100,-0.021592897407145,419.25329742431643,7.209043610961157,-0.9648646079795726,0,0.0,-0.0,0.0,1.2870794872191031,2.1625482319537537,0.01444373139674779,high,-0.006496178543603928,0,-0.9648646079795726,0.01444373139674779,-0.005532988941747115
2022-02-18,409.62786865234375,413.80687151261105,407.3544084156553,412.55220911710694,132642900,-0.006496178543603928,419.0764190673828,7.406956142442026,-1.275632018515493,0,0.0,-0.0,0.0,1.2870794872191031,2.148499932529827,0.013828442231038345,high,-0.010789682000024389,0,-1.275632018515493,0.013828442231038345,-0.0028490511536608107
2022-02-22,405.23187255859375,410.82588982072514,401.7320491873631,407.42043529880675,124391800,-0.010789682000024389,418.59200897216795,7.987161380289437,-1.6727014489207748,0,0.0,-0.0,0.0,1.2870794872191031,2.125318301480756,0.013969016705453165,high,-0.01789778025456571,0,-1.6727014489207748,0.013969016705453165,-0.004352047287083044
2022-02-23,398.04364013671875,408.71284849771104,397.477628508236,408.1468368692283,132578000,-0.01789778025456571,418.00147399902346,9.035060818903276,-2.20893187797349,1,0.0,-0.0,0.0,1.2870794872191031,2.0872798215498465,0.014257275343248277,high,0.014936847792506917,1,-2.20893187797349,0.014257275343248277,-0.011131264335074172
2022-02-24,404.0337829589844,404.4677414533899,387.374371425244,387.7328175718437,213942900,0.014936847792506917,417.7618606567383,9.349286065600795,-1.4683557227181427,0,1.0,0.014436847792506917,1.0,1.3056608578729432,2.1184572025447075,0.01471612926584502,high,0.021824359090470632,1,-1.4683557227181427,0.01471612926584502,-0.008367938082566424
2022-02-25,412.948486328125,413.0333837616076,403.61880824968927,405.26965885180056,121804500,0.021824359090470632,418.0689208984375,9.067158484707868,-0.5647231796982851,0,0.0,-0.0005,1.0,1.3050080274440068,2.1646911732508367,0.015495754434147474,high,-0.002561902100373401,0,-0.5647231796982851,0.015495754434147474,0.0003155132169567018
2022-02-28,411.89190673828125,413.37296233027865,406.29788900505855,407.5525226744369,145615000,-0.002561902100373401,417.8179901123047,9.169767799836867,-0.646263188270577,0,0.0,-0.0,0.0,1.3050080274440068,2.1591454463874253,0.014456618531441827,high,-0.015347288669063798,0,-0.646263188270577,0.014456618531441827,0.001102368505602807
2022-03-01,405.6187438964844,412.40138421552143,402.91132456726035,410.39205847249923,137785900,-0.015347288669063798,416.87795104980466,9.417721434116643,-1.1955341036668041,0,0.0,-0.0,0.0,1.3050080274440068,2.126008417943223,0.014128099095932985,high,0.01822891213060028,1,-1.1955341036668041,0.014128099095932985,0.00019084717179492506
2022-03-02,413.0805358886719,414.8068411449072,407.1186004140651,407.8732634005898,117726500,0.01822891213060028,416.16761169433596,9.122412425485495,-0.33840563895572734,0,0.0,0.0,0.0,1.3050080274440068,2.164763238582826,0.014734274249419059,high,-0.004990926977705525,0,-0.33840563895572734,0.014734274249419059,0.007416185648828124
2022-03-03,411.0240173339844,416.1180643570966,409.22222854392,415.5143397383029,105501700,-0.004990926977705525,415.1469161987305,8.440464569251505,-0.48846823903103254,0,0.0,-0.0,0.0,1.3050080274440068,2.153959063335038,0.014502322591720159,high,-0.008157810848962787,0,-0.48846823903103254,0.014502322591720159,0.003430630694785635
2022-03-04,407.6846008300781,408.8165952787163,403.63765086397046,407.2883840604993,113978200,-0.008157810848962787,414.46629333496094,8.46722584372894,-0.8009344063859499,0,0.0,-0.0,0.0,1.3050080274440068,2.1363874727199414,0.013688971275402159,high,-0.02992245220983871,0,-0.8009344063859499,0.013688971275402159,-0.002565803293101049
2022-03-07,395.6663818359375,407.80720269087345,395.60034091096946,407.09969537962036,137896600,-0.02992245220983871,413.08570861816406,9.17620844956261,-1.898314197848989,0,0.0,-0.0,0.0,1.3050080274440068,2.072461520665781,0.014973881719593865,high,-0.007610569585069231,0,-1.898314197848989,0.014973881719593865,-0.008037913314994111
2022-03-08,392.66656494140625,403.0055972451965,391.60058263341585,395.84562657872834,164772700,-0.007610569585069231,411.62305450439453,9.9893865911561,-1.8976630236506238,0,0.0,-0.0,0.0,1.3050080274440068,2.0566889080503756,0.015003669748024933,high,0.02645785240367425,1,-1.8976630236506238,0.015003669748024933,-0.006490569498195198
2022-03-09,403.1943359375,405.1753624907321,398.8643939390567,401.05295715574266,116990800,0.02645785240367425,410.51321563720705,9.60487281172373,-0.7619965243864149,0,0.0,0.0,0.0,1.3050080274440068,2.1111044796198466,0.016261870792191185,high,-0.004525861914013862,0,-0.7619965243864149,0.016261870792191185,-0.004844781443580403
2022-03-10,401.3736572265625,402.26981595352635,396.6191996494863,398.5813407511495,93972700,-0.004525861914013862,409.00103454589845,8.414380719919155,-0.9064692427429445,0,0.0,-0.0,0.0,1.3050080274440068,2.1015499122590313,0.01575068308686391,high,-0.012796575518480938,0,-0.9064692427429445,0.01575068308686391,-0.004751768430842071
2022-03-11,396.2701721191406,404.4772404206204,395.7607587468195,403.86407311815816,95636300,-0.012796575518480938,407.6213943481445,8.105760348528896,-1.4003895675331695,0,0.0,-0.0,0.0,1.3050080274440068,2.0746572701009516,0.015536042089908516,high,-0.007335203435420879,0,-1.4003895675331695,0.015536042089908516,-0.0056795213647457005
2022-03-14,393.37408447265625,400.4963135753872,392.2326473482891,397.04370305998077,95729200,-0.007335203435420879,406.51485443115234,8.475076470049439,-1.5505193380773634,0,0.0,-0.0,0.0,1.3050080274440068,2.059439236965986,0.015078633774064255,high,0.021752245715656017,1,-1.5505193380773634,0.015078633774064255,-0.0011620716098621345
2022-03-15,402.02459716796875,402.6566210107506,394.71368713234256,395.9871774625465,106219100,0.021752245715656017,405.9087615966797,8.332831806197301,-0.46612778453325143,0,0.0,0.0,0.0,1.3050080274440068,2.1042366652849336,0.01603948858801036,high,0.021931648495548246,1,-0.46612778453325143,0.01603948858801036,0.004710491450282915
2022-03-16,410.9390563964844,410.99565467110665,400.7320786409721,405.5337196502568,144954800,0.021931648495548246,405.4144454956055,7.668105758410711,0.7204661848617895,0,0.0,0.0,0.0,1.3050080274440068,2.1503860441794074,0.016430004206546323,high,0.01243332841942974,1,0.7204661848617895,0.016430004206546323,0.0038052506686577143
2022-03-17,416.0802917480469,416.0802917480469,408.64674451932643,409.02407595057997,102676900,0.01243332841942974,405.1536071777344,7.172092232820498,1.5235002863335263,0,0.0,0.0,0.0,1.3050080274440068,2.1771225000952485,0.016706103338235283,high,0.01089326856338767,1,1.5235002863335263,0.016706103338235283,0.007197088735346436
2022-03-18,420.6375427246094,420.95927229277345,413.72975679136624,414.4678490660908,106345500,0.01089326856338767,405.5706069946289,7.8222955594818595,1.9261527022866003,0,0.0,0.0,0.0,1.3050080274440068,2.20083848018418,0.016129254186734162,high,-0.0002922772152624677,0,1.9261527022866003,0.016129254186734162,0.011935057551720156
2022-03-21,420.5146179199219,422.47338269242965,417.00392141262006,420.46728690424806,88349800,-0.0002922772152624677,406.1149444580078,8.471356920679202,1.6998071969749504,0,0.0,-0.0,0.0,1.3050080274440068,2.2001952252419494,0.0160368663540036,high,0.011633357548998156,1,1.6998071969749504,0.0160368663540036,0.013343642795751839
2022-03-22,425.4351806640625,426.37198236705336,421.90556943878335,421.90556943878335,74650400,0.011633357548998156,407.12510986328124,9.502345698303333,1.9269000920531199,0,0.0,0.0,0.0,1.3050080274440068,2.2257908829747874,0.015929784703471096,high,-0.012961871421244869,0,1.9269000920531199,0.015929784703471096,0.011319865162420267
2022-03-23,419.9563293457031,424.3943560786695,419.8711681632906,422.8992560796724,79426100,-0.012961871421244869,408.22074432373046,9.662068279248452,1.214603818022853,0,0.0,-0.0,0.0,1.3050080274440068,2.1969404677390894,0.015633717651139935,high,0.014961640909646657,1,1.214603818022853,0.015633717651139935,0.004341161179061643
2022-03-24,426.28680419921875,426.2962761766024,420.86467470667094,421.98127067470915,64736900,0.014961640909646657,409.33339538574216,10.407102158630433,1.6290230032398991,0,0.0,0.0,0.0,1.3050080274440068,2.229810302117273,0.015634741689548214,high,0.004871721821424084,1,1.6290230032398991,0.015634741689548214,0.004846823677105027
2022-03-25,428.3686218261719,428.6430492710812,424.33748682777303,426.9208242937579,77101300,0.004871721821424084,410.10440216064455,11.22785461449629,1.6266882937677494,0,0.0,0.0,0.0,1.3050080274440068,2.2406733176237337,0.01498843218752224,high,0.00708791832168418,1,1.6266882937677494,0.01498843218752224,0.0036425143287123095
2022-03-28,431.4156494140625,431.4156494140625,425.8799424500739,427.77248986490883,68529800,0.00708791832168418,411.0805892944336,12.198241732916742,1.6670484619726056,0,0.0,0.0,0.0,1.3050080274440068,2.2565550270846275,0.014994824979093237,high,0.012294949005717933,1,1.6670484619726056,0.014994824979093237,0.005118553436101639
2022-03-29,436.75262451171875,437.24470532869987,432.6174129701443,435.30482687325934,86581500,0.012294949005717933,412.6372833251953,13.392654383058318,1.800639402524215,0,0.0,0.0,0.0,1.3050080274440068,2.28429925607123,0.01454839195332936,high,-0.00619389286505945,0,1.800639402524215,0.01454839195332936,0.005250871727445594
2022-03-30,434.0557861328125,436.42147053755207,431.94558524771077,435.60766008577025,79666900,-0.00619389286505945,413.68604583740233,14.224623518469302,1.432005583062499,0,0.0,-0.0,0.0,1.3050080274440068,2.2701505512073896,0.014287131769200268,high,-0.015510860321904575,0,1.432005583062499,0.014287131769200268,0.006604467438682679
2022-03-31,427.3751525878906,434.1126180491866,426.9209307256282,433.2893643872006,121699900,-0.015510860321904575,414.5036026000977,14.530178463188928,0.8858494078652931,0,0.0,-0.0,0.0,1.3050080274440068,2.234938563097917,0.014762274607350467,high,0.0028299928621281093,1,0.8858494078652931,0.014762274607350467,0.0005099671923724312
2022-04-01,428.5863342285156,429.0973012788602,425.00942048618305,428.9553659870978,89048800,0.0028299928621281093,415.5486892700195,14.763710950014156,0.8830872537831429,0,0.0,0.0,0.0,1.3050080274440068,2.2412634232787787,0.01456948620495358,high,0.008530000574634137,1,0.8830872537831429,0.01456948620495358,0.00010162140051323664
2022-04-04,432.2578125,432.36191762304253,427.96175071510544,428.78500420961205,59601000,0.008530000574634137,417.37826080322264,14.433728900710525,1.0308875689112384,0,0.0,0.0,0.0,1.3050080274440068,2.260381401567253,0.012448527472498487,high,-0.012711712843689561,0,1.0308875689112384,0.012448527472498487,0.000390037851103228
2022-04-05,426.7978515625,433.2325015603828,425.6528684021026,430.7627409154782,74214500,-0.012711712843689561,419.08482513427737,13.334031670069008,0.578446685823922,0,0.0,-0.0,0.0,1.3050080274440068,2.2316480822733133,0.012756498252888908,high,-0.010049604928193068,0,0.578446685823922,0.012756498252888908,-0.0046112945187782705
2022-04-06,422.5301818847656,424.81070528964915,419.64405824278475,422.8803274607899,106898000,-0.010049604928193068,420.05161743164064,12.812002391446233,0.19345644633814382,0,0.0,-0.0,0.0,1.3050080274440068,2.209220900707707,0.011987849194856499,high,0.005026108263646538,1,0.19345644633814382,0.011987849194856499,-0.005382436931404994
2022-04-07,424.6592102050781,426.4760682966739,419.7007455820255,421.65006696641547,78097200,0.005026108263646538,421.2158950805664,12.061364078301763,0.2854830599721486,0,0.0,0.0,0.0,1.3050080274440068,2.2203246841329745,0.011889701046571907,high,-0.002677413413566235,0,0.2854830599721486,0.011889701046571907,-0.0012750432142947716
2022-04-08,423.52374267578125,426.4193379958125,421.98131186663085,423.9022463943376,79272700,-0.002677413413566235,422.5785736083984,10.538033313488869,0.08969122029373376,0,0.0,-0.0,0.0,1.3050080274440068,2.2143799570412046,0.011395208982094654,high,-0.017240177962157124,0,0.08969122029373376,0.011395208982094654,-0.00237652446943364
2022-04-11,416.2846984863281,421.09175571037406,415.78317462902817,420.2495583375235,89770500,-0.017240177962157124,423.724104309082,8.177049534990736,-0.909790969336755,0,0.0,-0.0,0.0,1.3050080274440068,2.1762036525059805,0.012077729321562094,high,-0.0037121581387022243,0,-0.909790969336755,0.012077729321562094,-0.007530560176791892
2022-04-12,414.74224853515625,421.80144123818826,413.19034602845363,419.2748781154879,84363600,-0.0037121581387022243,424.35998687744143,6.7750969424707215,-1.4195720627988258,0,0.0,-0.0,0.0,1.3050080274440068,2.168125240405857,0.011294869201381532,high,0.011388608698786632,1,-1.4195720627988258,0.011294869201381532,-0.005730649235794425
2022-04-13,419.4925842285156,420.24959162395425,414.3164660258067,414.49626033587003,74070400,0.011388608698786632,424.787663269043,6.121785621304745,-0.8649566267233657,0,0.0,0.0,0.0,1.3050080274440068,2.192817170378802,0.010512869206632839,high,-0.012529781111373848,0,-0.8649566267233657,0.010512869206632839,-0.0014430065103984853
2022-04-14,414.26922607421875,420.8363687322028,414.1651209368808,419.71974367105213,97869500,-0.012529781111373848,424.6971099853516,6.268988539856208,-1.6634077163860965,0,0.0,-0.0,0.0,1.3050080274440068,2.1653416512166936,0.010569479881436953,high,0.0004109721065234946,1,-1.6634077163860965,0.010569479881436953,-0.004954184385402563
2022-04-18,414.43951416015625,416.1238802748247,412.2062931005156,413.341833148195,66002500,0.0004109721065234946,424.38720855712893,6.623409587883261,-1.5018993261674172,0,0.0,0.0,0.0,1.3050080274440068,2.166231546236437,0.0102443907507389,high,0.01601374998197996,1,-1.5018993261674172,0.0102443907507389,-0.004336507281384617
2022-04-19,421.1296691894531,421.8488175877449,414.1650795150678,414.33540185587515,77821000,0.01601374998197996,424.41796112060547,6.605887433485615,-0.49778201101093655,0,0.0,0.0,0.0,1.3050080274440068,2.200921036620945,0.010909361458535336,high,-0.0007417470294147928,0,-0.49778201101093655,0.010909361458535336,0.0023142783074428007
2022-04-20,420.8174133300781,423.5237714134591,419.6535150384919,422.90869921932216,65224400,-0.0007417470294147928,424.18707275390625,6.649021482928804,-0.5067902747012686,0,0.0,-0.0,0.0,1.3050080274440068,2.199288509980055,0.010564677694938372,high,-0.015066653839393153,0,-0.5067902747012686,0.010564677694938372,0.002908360529300287
2022-04-21,414.5246276855469,425.83260921448067,413.6162130786086,424.44158581105347,85417300,-0.015066653839393153,423.9154876708984,6.935677148648045,-1.3539932416234337,0,0.0,-0.0,0.0,1.3050080274440068,2.166152591307231,0.010704429128789363,high,-0.02782256675753243,0,-1.3539932416234337,0.010704429128789363,-0.00238269197833567
2022-04-22,403.15045166015625,414.54356611501663,402.5826816695929,413.43644206750025,132471800,-0.02782256675753243,422.7586700439453,8.312222360079396,-2.3589622046157293,1,0.0,-0.0,0.0,1.3050080274440068,2.1058846662285835,0.011653175355980563,high,0.005780947991233292,1,-2.3589622046157293,0.011653175355980563,-0.005441249107567386
2022-04-25,405.48779296875,405.6581153210633,396.33731266857023,400.9078312682018,119647700,0.005780947991233292,421.61462860107423,9.04201534996827,-1.7835443767943637,0,1.0,0.005280947991233293,1.0,1.3118997069650804,2.1180586759595865,0.01168636517009573,high,-0.029388530299774795,0,-1.7835443767943637,0.01168636517009573,-0.004367253930625427
2022-04-26,393.7445068359375,403.1504700703284,393.71611977901205,402.95173179386785,103996300,-0.029388530299774795,419.73107147216797,10.670003993641224,-2.4354784357828856,1,0.0,-0.0005,1.0,1.311243757111598,2.055812044384447,0.012858625421634347,high,0.002807973139921195,1,-2.4354784357828856,0.012858625421634347,-0.013447709986976378
2022-04-27,394.8516845703125,400.198155000715,392.71312527613804,394.823297509531,122030000,0.002807973139921195,417.63602447509766,11.249788081272886,-2.0253128094664663,1,1.0,0.002307973139921195,1.0,1.3142700724829008,2.061584709385805,0.012369481189778531,high,0.024945522054222142,1,-2.0253128094664663,0.012369481189778531,-0.012737765953109178
2022-04-28,404.8253479003906,406.5570449371299,395.1639015423122,399.6019274903522,105449100,0.024945522054222142,416.17450256347655,10.897563322620854,-1.0414396619772488,0,1.0,0.024945522054222142,0.0,1.3470552255612271,2.1130120162204356,0.014061090102633485,high,-0.03765593853601581,0,-1.0414396619772488,0.014061090102633485,-0.0047353307743861215
2022-04-29,389.8647155761719,402.98952553103885,389.1171513609566,400.8320229203481,145491100,-0.03765593853601581,414.2989807128906,12.03674096289221,-2.029973496318196,1,0.0,-0.0005,1.0,1.3463816979484466,2.033444565611776,0.015819781026053713,high,0.006001483494678924,1,-2.029973496318196,0.015819781026053713,-0.006702005130082797
2022-05-02,392.2115173339844,393.5741537158079,383.25974771045304,389.93099434604335,158312500,0.006001483494678924,412.48023986816406,12.503369503702375,-1.6210608290971416,0,1.0,0.005501483494678924,1.0,1.3537887946372478,2.0456482496096395,0.01591372143193449,high,0.004573718453542564,1,-1.6210608290971416,0.01591372143193449,-0.00665789802939367
2022-05-03,394.0094909667969,396.4224776148035,391.1517255979903,392.7131004763314,100028200,0.004573718453542564,410.5678237915039,12.241474392496228,-1.3526420342681047,0,0.0,-0.0005,1.0,1.3531119002399292,2.0550044687583364,0.01576800694809961,high,0.02999838141596469,1,-1.3526420342681047,0.01576800694809961,0.0001345517212698011
2022-05-04,406.0082092285156,406.5759792490273,391.48290152050896,394.67183940897127,144247900,0.02999838141596469,409.52834167480466,11.659615487109583,-0.30190810753414304,0,0.0,0.0,0.0,1.3531119002399292,2.116651276623661,0.017421667578558758,high,-0.036189889345896224,0,-0.30190810753414304,0.017421667578558758,0.0055726333764785
2022-05-05,391.5775146484375,402.16631958492377,387.44230322988835,401.7404848718178,172929100,-0.036189889345896224,407.98070831298827,11.894861770995616,-1.3790150722514702,0,0.0,-0.0,0.0,1.3531119002399292,2.0400499011388007,0.018933104278584977,high,-0.005986610931687468,0,-1.3790150722514702,0.018933104278584977,-0.006654448903545174
2022-05-06,389.24029541015625,392.5143949581733,383.9317127901109,389.01319891928415,151770800,-0.005986610931687468,406.2097625732422,11.917639886038259,-1.4238949427366059,0,0.0,-0.0,0.0,1.3531119002399292,2.027836916099455,0.018822604226639325,high,-0.032541251107919,0,-1.4238949427366059,0.018822604226639325,-0.0003205833826795044
2022-05-09,376.7778015136719,384.575087347115,375.1975117716512,383.3354711443122,155586100,-0.032541251107919,403.8724655151367,12.887733749326296,-2.102360626660307,1,0.0,-0.0,0.0,1.3531119002399292,1.9618485658067546,0.019839627699052415,high,0.002307994726084814,1,-2.102360626660307,0.019839627699052415,-0.00802913030319909
2022-05-10,377.6484069824219,384.26285159656214,373.60782825671424,382.75827972149085,132497200,0.002307994726084814,401.9406509399414,13.793170526357562,-1.761179122022681,0,1.0,0.001807994726084814,1.0,1.3555583194193654,1.966376501950014,0.01973005437195482,high,-0.01601363329379288,0,-1.761179122022681,0.01973005437195482,-0.00848227504869064
2022-05-11,371.6490478515625,382.3324875102671,370.90148343777554,376.6832315730373,142361000,-0.01601363329379288,399.7859909057617,15.001102818460978,-1.8756583029064182,0,0.0,-0.0005,1.0,1.3548805402596558,1.934887669730255,0.0198832015999252,high,-0.0010446245368980255,0,-1.8756583029064182,0.0198832015999252,-0.017684677990642154
2022-05-12,371.2610168457031,374.5351157341159,364.4573066901353,368.4505828254061,125090800,-0.0010446245368980255,397.3744125366211,15.533730276502139,-1.6810769355522852,0,0.0,-0.0,0.0,1.3548805402596558,1.9328664385943135,0.01951888747418879,high,0.023626653161612055,1,-1.6810769355522852,0.01951888747418879,-0.010655625028842514
2022-05-13,380.1371154785156,381.51866715299093,374.35536749244255,375.396274457315,104174400,0.023626653161612055,395.6678070068359,15.454650784374929,-1.0049202498979946,0,0.0,0.0,0.0,1.3548805402596558,1.9785336035467016,0.020540368174874857,high,-0.004065869163981289,0,-1.0049202498979946,0.020540368174874857,-0.004732972210182609
2022-05-16,378.59466552734375,382.26621234005705,376.2384531036934,378.4905892750784,78622400,-0.004065869163981289,393.8755645751953,15.24009755861502,-1.0026772459349171,0,0.0,-0.0,0.0,1.3548805402596558,1.9704891447781403,0.020510708839712698,high,0.02036152376840047,1,-1.0026772459349171,0.020510708839712698,0.0009621041786049328
2022-05-17,386.3824462890625,386.6190146909032,380.9508161457749,384.6886084460492,83029700,0.02036152376840047,392.1382034301758,13.890441671365656,-0.414368187656585,0,0.0,0.0,0.0,1.3548805402596558,2.0106113063349156,0.02076133934769212,high,-0.04114651850091006,0,-0.414368187656585,0.02076133934769212,0.004572809987068064
2022-05-18,370.8067932128906,382.1053033485448,369.5671769928699,381.82143279357103,117674500,-0.04114651850091006,389.6376724243164,12.923707105928807,-1.457080314268886,0,0.0,-0.0,0.0,1.3548805402596558,1.9278816510206669,0.022304768733752242,high,-0.006143387050517464,0,-1.457080314268886,0.022304768733752242,-0.00045376705435537236
2022-05-19,368.5357666015625,372.96434969897865,366.3120175133911,367.7409001168937,98510700,-0.006143387050517464,387.3382293701172,12.340781818244414,-1.523603856342182,0,0.0,-0.0,0.0,1.3548805402596558,1.9160379278508564,0.02220976866155943,high,0.0004363838559870019,1,-1.523603856342182,0.02220976866155943,-0.00147351955707926
2022-05-20,368.6966247558594,375.6990443299585,360.09500032544264,372.12213091455766,131432200,0.0004363838559870019,385.6155380249023,12.42182451479723,-1.362031257879119,0,0.0,0.0,0.0,1.3548805402596558,1.9168740558700295,0.021631701287244554,high,0.01853712520641608,1,-1.362031257879119,0.021631701287244554,-0.00611157341820427
2022-05-23,375.5949401855469,376.36141951205695,369.40630258818845,371.7246556441584,76414900,0.01853712520641608,384.1208953857422,11.681202834110263,-0.7298867523555609,0,0.0,0.0,0.0,1.3548805402596558,1.952407390248623,0.022132028855711274,high,-0.007662926496432258,0,-0.7298867523555609,0.022132028855711274,-0.0015909745441247964
2022-05-24,372.727783203125,373.9200684973476,366.17008413397616,371.46922293735594,91448800,-0.007662926496432258,383.07005920410154,11.715180137953698,-0.8828098142059841,0,0.0,-0.0,0.0,1.3548805402596558,1.9374462359260565,0.021330131311945975,high,0.008796064928439842,1,-0.8828098142059841,0.021330131311945975,-0.007195864597091342
2022-05-25,376.0207824707031,377.9890479746067,370.83522098115014,371.2326397707966,91472900,0.008796064928439842,382.1285140991211,11.472665294262796,-0.5323725108124884,0,0.0,0.0,0.0,1.3548805402596558,1.9544881388126232,0.021453812971689187,high,0.019784407666236133,1,-0.5323725108124884,0.021453812971689187,0.002792652088778639
2022-05-26,383.5342102050781,385.1712741839689,377.04278616008014,377.25096753960395,82168300,0.019784407666236133,381.06395721435547,10.169570243601378,0.24290633050859964,0,0.0,0.0,0.0,1.3548805402596558,1.9931565289297153,0.021135711103620548,high,0.024252732029554705,1,0.24290633050859964,0.021135711103620548,0.007978211032129357
2022-05-27,392.9496765136719,393.06322475181946,385.79584873051925,385.99455814727753,84768700,0.024252732029554705,381.2182052612305,10.332178009986873,1.1354306169620765,0,0.0,0.0,0.0,1.3548805402596558,2.0414960201188053,0.020262373677662007,high,-0.005626939975643027,0,1.1354306169620765,0.020262373677662007,0.012741480666842896
2022-05-31,390.7447814941406,394.0851264101224,388.0005936135915,391.3314665518741,95937000,-0.005626939975643027,381.1448684692383,10.254958556364638,0.9361240196279711,0,0.0,-0.0,0.0,1.3548805402596558,2.0300086445530825,0.020259839499077295,high,-0.00812126755061988,0,0.9361240196279711,0.020259839499077295,0.007908667630431077
2022-06-01,387.58428955078125,393.8770046632853,385.06719773018256,392.8645136255513,86585800,-0.00812126755061988,380.8236083984375,9.926102738848378,0.6811012670545984,0,0.0,-0.0,0.0,1.3548805402596558,2.0135224012205954,0.02030164940210848,high,0.018864183880515632,1,0.6811012670545984,0.02030164940210848,0.007816999419593554
2022-06-02,394.96514892578125,395.01245105424977,385.1712114606002,387.4233472328848,79609600,0.018864183880515632,380.2714553833008,8.680420759068724,1.6927397818970302,0,0.0,0.0,0.0,1.3548805402596558,2.051505858044758,0.019550786724534846,high,-0.016547643900818896,0,1.6927397818970302,0.019550786724534846,0.009830623210008712
2022-06-03,388.4831848144531,391.7951425251517,387.50852412899536,390.2432399078514,71874300,-0.016547643900818896,380.1167388916016,8.493871372077493,0.9849979539783417,0,0.0,-0.0,0.0,1.3548805402596558,2.0175582696453893,0.01815347243254425,high,0.0030403504486153543,1,0.9849979539783417,0.01815347243254425,0.0025642128965977055
2022-06-06,389.6661071777344,394.22712507510215,388.492707995611,392.4954566785765,57508900,0.0030403504486153543,380.13802947998045,8.518442074502456,1.1185235063432,0,0.0,0.0,0.0,1.3548805402596558,2.0236923538356133,0.018119361871076753,high,0.009546505290261768,1,1.1185235063432,0.018119361871076753,-0.0016782634195901646
2022-06-07,393.40386962890625,393.85809145966977,385.71065883338656,386.17435264332806,59272400,0.009546505290261768,380.9693328857422,8.972423623698809,1.3858615313615827,0,0.0,0.0,0.0,1.3548805402596558,2.043011543597367,0.01650669130100895,high,-0.01093187851373986,0,1.3858615313615827,0.01650669130100895,0.0013564256335907945
2022-06-08,389.12664794921875,393.479512475004,388.3317815558461,391.69104143143073,64350000,-0.01093187851373986,381.54324493408205,9.114791528013903,0.8319886408624318,0,0.0,-0.0,0.0,1.3548805402596558,2.0206775896005924,0.016763889701670965,high,-0.024070164125992385,0,0.8319886408624318,0.016763889701670965,0.0007943034409667981
2022-06-09,379.87213134765625,389.61873928900354,379.87213134765625,387.34768809546443,86289800,-0.024070164125992385,381.9543991088867,8.825875823502177,-0.23592760683145536,0,0.0,-0.0,0.0,1.3548805402596558,1.9720395483731914,0.017295185182326405,high,-0.02942435537861418,0,-0.23592760683145536,0.017295185182326405,-0.007792566160334804
2022-06-10,368.85748291015625,374.5162101273659,368.8101807755536,373.6645695586442,132893900,-0.02942435537861418,381.8342224121094,8.993908868336101,-1.442836445412403,0,0.0,-0.0,0.0,1.3548805402596558,1.9140135558811768,0.01859525178690291,high,-0.03870768000028027,0,-1.442836445412403,0.01859525178690291,-0.010367908455893863
2022-06-13,354.8526611328125,361.2967831487457,353.2439841844837,359.4420946590602,170004900,-0.03870768000028027,380.5699996948242,10.833857342543782,-2.3737933543781837,1,0.0,-0.0,0.0,1.3548805402596558,1.8399265316439297,0.01956794560864255,high,-0.0030178417195840814,0,-2.3737933543781837,0.01956794560864255,-0.018717514545672987
2022-06-14,353.78338623046875,357.63472758428236,350.6796092755737,356.6032925923492,104011800,-0.0030178417195840814,379.32943572998045,12.381900139553123,-2.0631768316323766,1,1.0,-0.0035178417195840814,1.0,1.3501142849700776,1.834373924595765,0.019567588770015413,high,0.014155544082227217,1,-2.0631768316323766,0.019567588770015413,-0.021230383947642158
2022-06-15,358.8269958496094,363.27446487884,352.1273619331276,357.08582684228884,125666800,0.014155544082227217,377.9516632080078,13.069767265086783,-1.4632752803093956,0,1.0,0.014155544082227217,0.0,1.3692258872470162,1.8603404855486685,0.019217203354729942,high,-0.033656135716517994,0,-1.4632752803093956,0.019217203354729942,-0.016212899428448745
2022-06-16,346.95123291015625,351.01075501197846,344.51930266450194,350.60386426743156,134473300,-0.033656135716517994,376.7588851928711,14.738207836568952,-2.022474687102395,1,0.0,-0.0005,1.0,1.3685412743033927,1.7977286136881094,0.018508931997189868,high,0.0021532101162813773,1,-2.022474687102395,0.018508931997189868,-0.018130093746553864
2022-06-17,347.6990966796875,351.044386299525,344.1922909177631,347.36649349824506,111113900,0.0021532101162813773,375.71705169677733,16.029945534327727,-1.7478509179641368,0,1.0,0.0016532101162813773,1.0,1.3708037605826198,1.801599501125431,0.018535391412263236,high,0.02486222138145391,1,-1.7478509179641368,0.018535391412263236,-0.011814580647574752
2022-06-21,356.4520263671875,357.83954577017596,353.35383919081494,353.4298843377524,76811900,0.02486222138145391,375.1048217773438,16.53796624018544,-1.1278772213739334,0,0.0,-0.0005,1.0,1.3701183587023285,1.8463912667631286,0.01954471482724988,high,-0.001814796527195639,0,-1.1278772213739334,0.01954471482724988,0.0008993996287720845
2022-06-22,355.80572509765625,359.92077611859435,351.8046837716352,352.22284499812065,90059400,-0.001814796527195639,374.11536102294923,17.089880792871973,-1.071372945616435,0,0.0,-0.0,0.0,1.3701183587023285,1.8430404423043625,0.01895721296020193,high,0.009755042443142757,1,-1.071372945616435,0.01895721296020193,0.0011400086672497729
2022-06-23,359.2936096191406,360.0253774175742,354.380257681737,357.944112743824,79292100,0.009755042443142757,373.44365234375,17.408333721545006,-0.8128315409703402,0,0.0,0.0,0.0,1.3701183587023285,1.86101938004347,0.019116940520732068,high,0.03129884132728644,1,-0.8128315409703402,0.019116940520732068,0.0002599083394328808
2022-06-24,370.7169189453125,370.72643183907684,362.43928023680013,362.4677899153683,98050300,0.03129884132728644,373.17845916748047,17.407406927985473,-0.14140763367866177,0,0.0,0.0,0.0,1.3701183587023285,1.9192671303264557,0.02039507555347992,high,-0.0038268164859098994,0,-0.14140763367866177,0.02039507555347992,0.013250903748193769
2022-06-27,369.30096435546875,371.93345521638525,368.20805445306024,371.6388454775464,66009600,-0.0038268164859098994,372.466796875,17.2520061766539,-0.18350518120120896,0,0.0,-0.0,0.0,1.3701183587023285,1.9119224472312575,0.019821610958453056,high,-0.020644732547838496,0,-0.18350518120120896,0.019821610958453056,0.012054898427755513
2022-06-28,361.7550048828125,373.64403342980467,361.6409661729738,370.85948192125505,86548900,-0.020644732547838496,370.90706329345704,16.704145999296657,-0.5478914283334149,0,0.0,-0.0,0.0,1.3701183587023285,1.8724513196559593,0.019238751423837394,high,-0.0008146568458758538,0,-0.5478914283334149,0.019238751423837394,0.0029535076418970322
2022-06-29,361.4604187011719,363.2946090766125,359.6357412197438,362.3062541919747,65676000,-0.0008146568458758538,369.4428451538086,16.14794546681323,-0.49433077842887024,0,0.0,-0.0,0.0,1.3701183587023285,1.8709259143698322,0.01924920964643764,high,-0.008157402734400358,0,-0.49433077842887024,0.01924920964643764,0.003153535578160989
2022-06-30,358.5238342285156,361.7645700473963,354.06663699104956,357.5639599441416,112508300,-0.008157402734400358,367.9898223876953,15.731721230795372,-0.6017134438315432,0,0.0,-0.0,0.0,1.3701183587023285,1.8556640182000912,0.019249628889286278,high,0.010520970634796302,1,-0.6017134438315432,0.019249628889286278,-0.0004289534573476344
2022-07-01,362.3157653808594,362.7529525002182,355.2450743514729,357.8680810567147,74839700,0.010520970634796302,366.3573532104492,14.424908233901387,-0.2801811813326696,0,0.0,0.0,0.0,1.3701183587023285,1.8751874048436226,0.018815927544051304,high,0.0018867225966198826,1,-0.2801811813326696,0.018815927544051304,-0.0045845275958456624
2022-07-05,363.0,363.01902578805715,354.3897288005455,357.22181596212545,81438000,0.0018867225966198826,365.08319396972655,13.460920697707992,-0.15475865407046482,0,0.0,0.0,0.0,1.3701183587023285,1.8787253632932381,0.01863576315237152,high,0.003371672235782716,1,-0.15475865407046482,0.01863576315237152,-0.003441819779339706
2022-07-06,364.2259826660156,366.7159247303021,360.75716958402745,363.1425568197513,70426200,0.003371672235782716,363.8111877441406,12.15424233330617,0.034127583645287445,0,0.0,0.0,0.0,1.3701183587023285,1.8850598094393145,0.018641928649834213,high,0.014866212092818154,1,0.034127583645287445,0.018641928649834213,0.0013614611773845359
2022-07-07,369.68109130859375,370.47939144659864,364.24502265222054,366.00319713599873,64525900,0.014866212092818154,362.625048828125,10.097881391656411,0.6987646424822306,0,0.0,0.0,0.0,1.3701183587023285,1.913083508374087,0.018872534339768092,high,-0.0008229601799537799,0,0.6987646424822306,0.018872534339768092,0.0044976349651233375
2022-07-08,369.3769836425781,371.2491967887842,366.516386504775,368.04645446042775,72397800,-0.0008229601799537799,361.63756561279297,8.14709625104328,0.9499603038069032,0,0.0,-0.0,0.0,1.3701183587023285,1.9115091168257687,0.018787192911305844,high,-0.01148957272740109,0,0.9499603038069032,0.018787192911305844,0.005964523476012653
2022-07-11,365.15728759765625,367.6662260380733,364.4635134934426,366.69686807289065,58366900,-0.01148957272740109,360.90182342529295,6.996958335906678,0.6081877250183559,0,0.0,-0.0,0.0,1.3701183587023285,1.8895466938089087,0.01823309066333644,high,-0.008888344492235354,0,0.6081877250183559,0.01823309066333644,0.0015624148035731748
2022-07-12,361.926025390625,366.9914665812052,360.17736434820023,364.606050804625,62219200,-0.008888344492235354,360.5552505493164,6.749445629450724,0.2030944342046906,0,0.0,-0.0,0.0,1.3701183587023285,1.8727517518601708,0.017152137382359548,high,-0.005265367481981477,0,0.2030944342046906,0.017152137382359548,-0.0005925986141978729
2022-07-13,360.0253601074219,362.9620020597862,356.0623697104502,356.4805310045145,84224600,-0.005265367481981477,360.8138854980469,6.617237167493943,-0.11916232872814485,0,0.0,-0.0,0.0,1.3701183587023285,1.8628910256841025,0.014737496856818355,high,-0.002431303209626531,0,-0.11916232872814485,0.014737496856818355,-0.002320006557750712
2022-07-14,359.1510925292969,360.2344894812079,352.6221141267699,355.06452096685234,89704800,-0.002431303209626531,361.08227081298827,6.423087771331666,-0.3006619794782928,0,0.0,-0.0,0.0,1.3701183587023285,1.8583617727541724,0.014730241532332431,high,0.018924848943719916,1,-0.3006619794782928,0.014730241532332431,-0.005779509618239648
2022-07-15,366.0126953125,366.12673404152474,361.650539910931,363.56074662755304,79060400,0.018924848943719916,361.4415557861328,6.490909353990712,0.704237153390036,0,0.0,0.0,0.0,1.3701183587023285,1.8935309885863287,0.0149948617112276,high,-0.00829124736431608,0,0.704237153390036,0.0149948617112276,-0.0018299477935049095
2022-07-18,362.99053955078125,369.7761047012278,361.7645652536722,369.1013562443131,63203600,-0.00829124736431608,362.24352111816404,5.525410708098527,0.1351969060910376,0,0.0,-0.0,0.0,1.3701183587023285,1.8778312547679614,0.012826000505665895,high,0.026660611928545384,1,0.1351969060910376,0.012826000505665895,-0.0011902827208879075
2022-07-19,372.7982482910156,373.3684709198661,366.25978635540963,366.91550902545094,78506000,0.026660611928545384,363.4984786987305,4.858182025346219,1.9142488988198,0,0.0,0.0,0.0,1.3701183587023285,1.9278953851186234,0.013937804688812208,high,0.006352808306881676,1,1.9142488988198,0.013937804688812208,0.00591950856326824
2022-07-20,375.1741027832031,376.59016077722407,371.6197609648057,372.98828349436786,71843800,0.006352808306881676,364.43458251953126,5.219289219965789,2.057659541569198,-1,0.0,0.0,0.0,1.3701183587023285,1.940142934936004,0.013028499727165318,high,0.010131840913602438,1,2.057659541569198,0.013028499727165318,0.00824314372104087
2022-07-21,378.99462890625,379.04213537491796,372.1900378364041,374.5944510061109,64903900,0.010131840913602438,365.5940277099609,5.750195084358718,2.330460271294179,-1,-1.0,-0.010631840913602439,1.0,1.3555514782797993,1.9598001545024253,0.01309110472219771,high,-0.009321429255034227,0,2.330460271294179,0.01309110472219771,0.010755772545686665
2022-07-22,375.478271484375,380.31560739398503,373.2544293512537,379.1181717855212,72197300,-0.009321429255034227,366.4032608032227,5.952160021652316,1.5246583842067312,0,-1.0,0.009321429255034227,0.0,1.3681871554861416,1.941532016008226,0.013278672005537836,high,0.0012141844338793672,1,1.5246583842067312,0.013278672005537836,0.005106516905935836
2022-07-25,375.9344482421875,376.78976766133366,373.6915803624673,376.10550632547137,53631500,0.0012141844338793672,366.6641372680664,6.257672033825165,1.4814312613399134,0,0.0,-0.0005,1.0,1.3675030619083985,1.9438893939599415,0.011377024428066335,high,-0.011901658797280645,0,1.4814312613399134,0.011377024428066335,0.007007603265574926
2022-07-26,371.4867248535156,374.49935379005854,370.59338295368127,374.2902731538691,52946400,-0.011901658797280645,366.77342529296874,6.324872966721648,0.7452006681155395,0,0.0,-0.0,0.0,1.3675030619083985,1.9207538856533777,0.01168518460680257,high,0.025635094293004316,1,0.7452006681155395,0.01168518460680257,-0.0007048508795902797
2022-07-27,381.1329345703125,382.8815960228277,374.4898888264092,374.78449853291994,82342100,0.025635094293004316,367.74232177734376,6.967262160246667,1.9219332479509657,0,0.0,0.0,0.0,1.3675030619083985,1.9699925926257567,0.011900638130690727,high,0.0124643496352547,1,1.9219332479509657,0.011900638130690727,0.003151606317634248
2022-07-28,385.9132385253906,386.60698374585616,378.38636390787866,381.9407350618802,73966600,0.0124643496352547,368.9649627685547,7.891150898385483,2.1477571491255496,-1,0.0,0.0,0.0,1.3675030619083985,1.9945472690791062,0.012068809519593434,high,0.014473336954361708,1,2.1477571491255496,0.012068809519593434,0.0036181080619647013
2022-07-29,391.539306640625,392.527690422346,386.5784199514736,387.34821021334864,87003700,0.014473336954361708,370.61573638916013,8.97135134060752,2.33226516910082,-1,-1.0,-0.014973336954361708,1.0,1.3470269777763226,2.02341502377589,0.012001431835814237,high,-0.0029655869647308092,0,2.33226516910082,0.012001431835814237,0.00837706130384389
2022-08-01,390.3798828125,392.88885045045953,388.1275312754867,388.84030221771746,69997500,-0.0029655869647308092,372.01894226074216,9.764516813441043,1.8803736941170148,0,-1.0,0.0029655869647308092,0.0,1.3510217034227567,2.01741441055714,0.012018552765291702,high,-0.006619044230752618,0,1.8803736941170148,0.012018552765291702,0.007541107024121853
2022-08-02,387.8044738769531,392.49926155328086,386.6260350117583,388.81185464934134,63435400,-0.006619044230752618,373.25916595458983,10.127213406116837,1.4362596440969562,0,0.0,-0.0005,1.0,1.3503461925710454,2.0040610553419045,0.012235749659393527,high,0.015538131788419222,1,1.4362596440969562,0.012235749659393527,0.00859762993742746
2022-08-03,393.8772888183594,395.04621476373677,389.6481690410905,389.9332658563709,67820600,0.015538131788419222,374.74173126220705,10.87778317286418,1.759141293042875,0,0.0,0.0,0.0,1.3503461925710454,2.0352004201318454,0.012537950071526173,high,-0.0006758531798872055,0,1.759141293042875,0.012537950071526173,0.00657823743651044
2022-08-04,393.6111755371094,394.48549174301655,391.96703995040895,393.80123040665455,45656600,-0.0006758531798872055,375.9382354736328,11.584950701358903,1.5255084392723015,0,0.0,-0.0,0.0,1.3503461925710454,2.0338249234561916,0.012302798567754777,high,-0.001691789383838016,0,1.5255084392723015,0.012302798567754777,0.003950196873482058
2022-08-05,392.9458312988281,393.59206992913533,389.2679382377692,389.3249575873421,56814900,-0.001691789383838016,377.11667785644534,12.070940166313909,1.311343874154628,0,0.0,-0.0,0.0,1.3503461925710454,2.0303841200421036,0.01231903723058688,high,-0.0011614339986095283,0,1.311343874154628,0.01231903723058688,0.0007171716058421136
2022-08-08,392.4897155761719,396.88989316531894,391.387292955347,394.63754145835884,53886100,-0.0011614339986095283,378.4832992553711,12.192306732840999,1.1487913343808294,0,0.0,-0.0,0.0,1.3503461925710454,2.0280259628948496,0.011884391206741316,high,-0.003978636815031303,0,1.1487913343808294,0.011884391206741316,0.0010780021990663697
2022-08-09,390.9312438964844,392.261744315299,389.8573306647053,391.7580538352216,44931800,-0.003978636815031303,379.9335601806641,11.839135367641063,0.9289262580677443,0,0.0,-0.0,0.0,1.3503461925710454,2.019957184137037,0.011661268842514639,high,0.020786152971757118,1,0.9289262580677443,0.011661268842514639,0.001606083682210633
2022-08-10,399.1422424316406,399.284819832152,396.0345713490144,397.9923133525369,68665700,0.020786152971757118,381.889404296875,11.605960171026474,1.4865498313389196,0,0.0,0.0,0.0,1.3503461925710454,2.061944323162909,0.012037853883724707,high,0.0,0,1.4865498313389196,0.012037853883724707,0.002655687918878212
2022-08-11,399.1422424316406,403.8560554717358,398.40096176043045,401.99332639825303,59489700,0.0,383.8889617919922,10.906137616466484,1.3985960177706247,0,0.0,0.0,0.0,1.3503461925710454,2.061944323162909,0.011969268801002209,high,0.016787228869896288,1,1.3985960177706247,0.011969268801002209,0.0027908585548556534
2022-08-12,405.8992919921875,406.00381780743163,400.13059229638225,401.08095353775815,61694500,0.016787228869896288,385.88329162597654,11.110165139277091,1.8015934160555014,0,0.0,0.0,0.0,1.3503461925710454,2.096558654432828,0.011849950137925143,high,0.004112427598065457,1,1.8015934160555014,0.011849950137925143,0.006486662205602514
2022-08-15,407.57196044921875,408.09467660080554,403.6279665910464,403.68498595264106,54048300,0.004112427598065457,388.11236267089845,10.741519843211004,1.811624245205804,0,0.0,0.0,0.0,1.3503461925710454,2.1051806001042803,0.01142522555381937,high,0.0019568543925627233,1,1.811624245205804,0.01142522555381937,0.00754143452493751
2022-08-16,408.37030029296875,410.29953275176706,405.69027421639345,406.4980871972697,59289000,0.0019568543925627233,389.8909652709961,11.013910141696277,1.677817848904894,0,0.0,0.0,0.0,1.3503461925710454,2.109300132008732,0.010333586558909156,high,-0.007123406165329616,0,1.677817848904894,0.010333586558909156,0.008728532766456316
2022-08-17,405.4716491699219,408.1801847177208,403.4664007169476,404.76839107782297,63563400,-0.007123406165329616,391.40584259033204,10.96667852369326,1.2825949579173839,0,0.0,-0.0,0.0,1.3503461925710454,2.0942747304438507,0.010644988151049858,high,0.0029022694575680102,1,1.2825949579173839,0.010644988151049858,0.0031466209390389687
2022-08-18,406.650146484375,407.3343788381746,404.3787688555106,405.67124641632466,49023200,0.0029022694575680102,392.78861846923826,11.062506407907541,1.2530187557883306,0,0.0,0.0,0.0,1.3503461925710454,2.1003528800297744,0.01054389501112074,high,-0.0135291941343732,0,1.2530187557883306,0.01054389501112074,0.0037270748305525707
2022-08-19,401.185546875,404.1506695923492,400.3112016877868,403.8845695793236,68016900,-0.0135291941343732,394.07398223876953,10.420170232950097,0.6824806579207953,0,0.0,-0.0,0.0,1.3503461925710454,2.071936798165162,0.010851149087477002,high,-0.02104237770938069,0,0.6824806579207953,0.010851149087477002,-0.0023362097703013263
2022-08-22,392.83184814453125,396.5192546194772,391.92899331076484,396.34816754384633,77695600,-0.02104237770938069,394.9188522338867,9.51796944098629,-0.2192698875842558,0,0.0,-0.0,0.0,1.3503461925710454,2.028338321468206,0.012141992299414218,high,-0.0024220763222357307,0,-0.2192698875842558,0.012141992299414218,-0.007367170831790557
2022-08-23,391.88153076171875,394.7991472328157,391.33030490584025,392.40421793285645,49105200,-0.0024220763222357307,395.9385925292969,7.815660480104536,-0.5190939112447069,0,0.0,-0.0,0.0,1.3503461925710454,2.0234255312462945,0.01174101371592519,high,0.0031959965399203033,1,-0.5190939112447069,0.01174101371592519,-0.008242956974750247
2022-08-24,393.135986328125,394.50447996842576,390.9691636437866,391.6533959625738,49177800,0.0031959965399203033,396.5387451171875,7.041418283460724,-0.48324906319726496,0,0.0,0.0,0.0,1.3503461925710454,2.0298923922429437,0.01043018479563986,high,0.014018884257446074,1,-0.48324906319726496,0.01043018479563986,-0.0061790764337002636
2022-08-25,398.6861267089844,398.73363317866927,393.53515507562247,394.62806490293383,50942300,0.014018884257446074,397.17738952636716,6.591870516227042,0.22887846156916916,0,0.0,0.0,0.0,1.3503461925710454,2.0583492187448678,0.010521192692667271,high,-0.034435117582438675,0,0.22887846156916916,0.010521192692667271,-0.003955753473724651
2022-08-26,385.1910095214844,399.1137994167783,385.13399015284614,398.5721154147152,103087000,-0.034435117582438675,396.85997467041017,7.0167943810422075,-1.6630051438378612,0,0.0,-0.0,0.0,1.3503461925710454,1.9874697213716674,0.012812755884732779,high,-0.00663433409100638,0,-1.6630051438378612,0.012812755884732779,-0.008136938163337746
2022-08-29,382.64398193359375,385.69463364222986,381.28497221012304,382.2353335276929,65370800,-0.00663433409100638,396.47317962646486,7.583164577628338,-1.823671048056857,0,0.0,-0.0,0.0,1.3503461925710454,1.9742841832443285,0.012871259513860752,high,-0.011038508453755095,0,-1.823671048056857,0.012871259513860752,-0.005255329439662883
2022-08-30,378.4433898925781,384.04103223682625,376.3430994030369,383.80344189629403,85652400,-0.011038508453755095,396.00512542724607,8.392128765208579,-2.092643717226313,1,0.0,-0.0,0.0,1.3503461925710454,1.952491030597471,0.013009979467354509,high,-0.0076381824013399624,0,-2.092643717226313,0.013009979467354509,-0.006978615865966755
2022-08-31,375.56378173828125,381.3229690519403,375.4307462340977,380.07799803546214,76029700,-0.0076381824013399624,395.0894500732422,9.555049078952623,-2.0434922074833795,1,1.0,-0.008138182401339962,1.0,1.3393568289509472,1.9375775479687873,0.012459095482592046,high,0.0031329477988358695,1,-2.0434922074833795,0.012459095482592046,-0.009145451654218808
2022-09-01,376.74224853515625,377.08436469022797,370.678938652205,373.3874742240931,78740100,0.0031329477988358695,394.24600372314455,10.399612262225029,-1.683116134201269,0,1.0,0.0031329477988358695,0.0,1.3435529639800647,1.9436478772827697,0.012515505119963204,high,-0.010600421542084884,0,-1.683116134201269,0.012515505119963204,-0.01132263894594085
2022-09-02,372.76971435546875,381.62708880615634,370.95452075647603,380.4106274783638,99632100,-0.010600421542084884,393.23719787597656,11.457182396377576,-1.7864325461885837,0,0.0,-0.0005,1.0,1.3428811874980748,1.9230443904541938,0.012654594017934164,high,-0.0037802272959487904,0,-1.7864325461885837,0.012654594017934164,-0.006555699737870091
2022-09-06,371.36322021484375,374.5564205138696,369.1393780774377,373.61557203339373,76637400,-0.0037802272959487904,392.18087310791014,12.459765287626405,-1.6707901322780192,0,0.0,-0.0,0.0,1.3428811874980748,1.9157748455580776,0.012652086636008964,high,0.01780553389929912,1,-1.6707901322780192,0.012652086636008964,-0.005984878378858574
2022-09-07,378.0347595214844,378.8045499413538,370.8310328137159,371.0495973756983,70964200,0.01780553389929912,391.53604888916016,12.855275919584553,-1.0502527874261376,0,0.0,0.0,0.0,1.3428811874980748,1.9498862395140864,0.01345448823270367,high,0.006515027517807074,1,-1.0502527874261376,0.01345448823270367,-0.0002160699082477305
2022-09-08,380.5057067871094,380.9618617031352,374.5564350669581,375.7634126219765,80821700,0.006515027517807074,390.6042221069336,12.950010168753368,-0.7798075204752031,0,0.0,0.0,0.0,1.3428811874980748,1.9625898020211139,0.012548362695585518,high,0.015415743744738392,1,-0.7798075204752031,0.012548362695585518,0.0026145720755816762
2022-09-09,386.41693115234375,387.28176346215974,382.4824212375365,382.74852125573165,76706900,0.015415743744738392,389.96795654296875,12.820401999529063,-0.27698237471457143,0,0.0,0.0,0.0,1.3428811874980748,1.9928445834851083,0.013161432051582564,high,0.010690310269610287,1,-0.27698237471457143,0.013161432051582564,0.005071131264762181
2022-09-12,390.57000732421875,391.2922912350759,388.1845910416869,388.488713636019,69256300,0.010690310269610287,389.2014923095703,12.26397614901198,0.11158819929364336,0,0.0,0.0,0.0,1.3428811874980748,2.0141487104016766,0.012777655362641282,high,-0.0444563051240652,0,0.11158819929364336,0.012777655362641282,0.009329277627101215
2022-09-13,373.5870056152344,383.090617922909,372.46558632358233,381.8836405980916,122947100,-0.0444563051240652,387.5022445678711,11.934660593131277,-1.165951795951813,0,0.0,-0.0,0.0,1.3428811874980748,1.9246071007668173,0.01582241379816047,high,0.00380871122565776,1,-1.165951795951813,0.01582241379816047,0.0011940620614779337
2022-09-14,375.0126037597656,376.5331877578143,371.7053357392143,374.8890521407821,85023700,0.00380871122565776,385.83435974121096,11.17130941734056,-0.9687097167541853,0,0.0,0.0,0.0,1.3428811874980748,1.9319373734364884,0.01586664128498321,high,-0.011418319781930029,0,-0.9687097167541853,0.01586664128498321,-0.0016053024732503383
2022-09-15,370.75494384765625,376.3050503313671,369.48146319239925,373.4539664457312,87633800,-0.011418319781930029,384.09852447509763,10.644168391099386,-1.2536048037908942,0,0.0,-0.0,0.0,1.3428811874980748,1.9098778947079287,0.015936336526789902,high,-0.0076582544202901,0,-1.2536048037908942,0.015936336526789902,-0.005191971933197759
2022-09-16,367.92645263671875,368.5848978908551,364.634226366037,366.57141249187293,103084800,-0.0076582544202901,382.16233978271487,9.815809275855859,-1.4503019308873912,0,0.0,-0.0,0.0,1.3428811874980748,1.8952515638785674,0.015853759651686516,high,0.007725254137582826,1,-1.4503019308873912,0.015853759651686516,-0.009806771566203456
2022-09-19,370.77978515625,370.77978515625,364.70111961719556,364.77747715242447,73278500,0.007725254137582826,380.64205169677734,9.03824257347704,-1.0911708178167758,0,0.0,0.0,0.0,1.3428811874980748,1.9098928638641806,0.015964168261527443,high,-0.011545097202213209,0,-1.0911708178167758,0.015964168261527443,-0.01039978279260895
2022-09-20,366.5237121582031,368.4608693228223,363.7659009113071,367.44935055441204,77274900,-0.011545097202213209,379.32664489746094,9.085086740188766,-1.4092251516568128,0,0.0,-0.0,0.0,1.3428811874980748,1.8878429651050552,0.015564957074597456,high,-0.017597703527831545,0,-1.4092251516568128,0.015564957074597456,-0.0038175412082385512
2022-09-21,360.1301574707031,371.50498233585387,360.1206054997159,368.45132204995605,106746600,-0.017597703527831545,377.7390762329102,9.538591161631198,-1.8460712346115218,0,0.0,-0.0,0.0,1.3428811874980748,1.854621264298034,0.015878142119370504,high,-0.008435285856364707,0,-1.8460712346115218,0.015878142119370504,-0.008098824158936414
2022-09-22,357.1051330566406,360.99852235439477,356.3608073472819,359.3571850053135,89472600,-0.008435285856364707,375.9375335693359,9.874191124164664,-1.9072347573471222,0,0.0,-0.0,0.0,1.3428811874980748,1.8389770037783877,0.01580488004841605,high,-0.01689654785098204,0,-1.9072347573471222,0.01580488004841605,-0.007502217373823348
2022-09-23,351.1219787597656,353.6698511651654,346.6750983342068,353.63167239360894,122346900,-0.01689654785098204,373.559326171875,9.834657350788527,-2.281456954909607,1,0.0,-0.0,0.0,1.3428811874980748,1.8079046408371906,0.015372721558055665,high,-0.009942124423273071,0,-2.281456954909607,0.015372721558055665,-0.009349876059961737
2022-09-26,347.64837646484375,353.27853570562985,346.42691809015844,349.6523393463072,92581200,-0.009942124423273071,371.682194519043,11.010277522374652,-2.1828530666333026,1,1.0,-0.010442124423273072,1.0,1.3288586550525472,1.7899302279525746,0.013925222969830288,high,-0.00255607812109835,0,-2.1828530666333026,0.013925222969830288,-0.012883351772132918
2022-09-27,346.7608947753906,353.4598260291323,344.3656797923764,351.1886701822386,108294100,-0.00255607812109835,369.88804016113284,12.0083931430118,-1.9259150754237997,0,1.0,-0.00255607812109835,0.0,1.3254619885183352,1.7853550264586124,0.013931852956725482,high,0.019485385676782676,1,-1.9259150754237997,0.013931852956725482,-0.011085547955909944
2022-09-28,353.58392333984375,355.27296245080464,346.01660643811806,347.71519752115427,110802200,0.019485385676782676,368.6450668334961,12.357736068629317,-1.2187623533962482,0,0.0,-0.0005,1.0,1.3247992575240761,1.820143357719141,0.014867214960160578,high,-0.021110268437741775,0,-1.2187623533962482,0.014867214960160578,-0.0036689301149870996
2022-09-29,346.1979064941406,350.3203103402681,343.24923029563433,350.03404240715685,112952300,-0.021110268437741775,367.17677307128906,13.20774859100461,-1.5883756745215833,0,0.0,-0.0,0.0,1.3247992575240761,1.7817196428425173,0.01536629486389456,high,-0.015584375183420452,0,-1.5883756745215833,0.01536629486389456,-0.006203926631262515
2022-09-30,340.8444519042969,349.17519794486384,340.7108699138818,345.25315265968237,153711200,-0.015584375183420452,365.3818832397461,14.238398899242052,-1.7233279885672703,0,0.0,-0.0,0.0,1.3247992575240761,1.7539526554567895,0.015474062582130622,high,0.026058661150273558,1,-1.7233279885672703,0.015474062582130622,-0.005941492097750196
2022-10-03,349.8431396484375,351.69441640615145,342.7815832218094,344.5660544284427,89756500,0.026058661150273558,364.23555450439454,14.532176954094123,-0.9903825766381337,0,0.0,0.0,0.0,1.3247992575240761,1.7996583133789605,0.016883598377985466,high,0.030516305419650728,1,-0.9903825766381337,0.016883598377985466,0.001258665016959129
2022-10-04,360.6836242675781,360.71225105913686,349.80500664731017,355.3683600338881,103602800,0.030516305419650728,363.7015747070312,14.452479435658406,-0.20881887103793098,0,0.0,0.0,0.0,1.3247992575240761,1.8545772361210462,0.0184845663821031,high,-0.0023307687087076403,0,-0.20881887103793098,0.0184845663821031,0.007873141725108944
2022-10-05,359.84393310546875,362.10553742457495,353.984758743087,356.3131686288688,88065700,-0.0023307687087076403,362.79203338623046,14.07032146874076,-0.2095261495845234,0,0.0,-0.0,0.0,1.3247992575240761,1.8502546455312139,0.017919806781408656,high,-0.010369516028349584,0,-0.2095261495845234,0.017919806781408656,0.003509910848010881
2022-10-06,356.1318054199219,361.3993391526018,355.6355688484854,358.441111032702,82333500,-0.010369516028349584,361.5733383178711,13.49928855095665,-0.40309775418228294,0,0.0,-0.0,0.0,1.3247992575240761,1.8310684003278497,0.01787210345604131,high,-0.02829030664944674,0,-0.40309775418228294,0.01787210345604131,0.005658061329889319
2022-10-07,346.1979064941406,356.2176918591457,344.432509914981,352.09525889115315,107789500,-0.02829030664944674,359.56238708496096,12.567096423589483,-1.063450151121153,0,0.0,-0.0,0.0,1.3247992575240761,1.779266913786463,0.018132087961489483,high,-0.007664556424822958,0,-1.063450151121153,0.018132087961489483,0.0031168750366840623
2022-10-10,343.5545959472656,347.5529700367685,341.31209570408595,347.3144037026543,76042800,-0.007664556424822958,357.2116165161133,10.723708992927815,-1.2735351712597136,0,0.0,-0.0,0.0,1.3247992575240761,1.765629622130926,0.017729793103590373,high,-0.0063532849612114905,0,-1.2735351712597136,0.017729793103590373,-0.0036277684783352416
2022-10-11,341.3788146972656,346.4268856317471,339.441657555121,341.85594728520135,92482800,-0.0063532849612114905,355.60120697021483,10.552167709233311,-1.3478171182310146,0,0.0,-0.0,0.0,1.3247992575240761,1.7544120740055722,0.01530856096064495,high,-0.0033038611104884816,0,-1.3478171182310146,0.01530856096064495,-0.011001686554507685
2022-10-12,340.2528076171875,343.36372158176107,340.0046893387279,341.7891897787711,76991800,-0.0033038611104884816,353.86321716308595,10.036710222968418,-1.3560628177499665,0,0.0,-0.0,0.0,1.3247992575240761,1.7486157401824938,0.015187326550442888,high,0.02604903483021522,1,-1.3560628177499665,0.015187326550442888,-0.011196305034863853
2022-10-13,349.2325134277344,350.70209031395274,332.1893180537023,333.23901582957257,147254500,0.02604903483021522,352.78709564208987,9.253527708638655,-0.38413266013534514,0,0.0,0.0,0.0,1.3247992575240761,1.79416549250317,0.01658292505249446,high,-0.02305256115960326,0,-0.38413266013534514,0.01658292505249446,-0.003912594863150893
2022-10-14,341.2738952636719,353.32627035722425,340.6345247152281,351.6944557677686,123737000,-0.02305256115960326,351.4544677734375,8.86971024879193,-1.1477908775151067,0,0.0,-0.0,0.0,1.3247992575240761,1.7528053827567909,0.017158293950388457,high,0.025372291652890663,1,-1.1477908775151067,0.017158293950388457,-0.0028650457651821968
2022-10-17,350.0435791015625,351.1505302643893,340.9398806417008,347.36209613161253,93168200,0.025372291652890663,350.41765747070315,7.6150358221290455,-0.049123651927360366,0,0.0,0.0,0.0,1.3247992575240761,1.7972780721388528,0.018201992897707246,high,0.01168114467046805,1,-0.049123651927360366,0.018201992897707246,0.0037423238503605273
2022-10-18,354.1564636230469,358.27889645424324,350.71155095897484,357.97352458781444,97162900,0.01168114467046805,349.79929504394534,6.683494488212723,0.6519297033589263,0,0.0,0.0,0.0,1.3247992575240761,1.8182723373125669,0.018360131101310146,high,-0.0071116568663077365,0,0.6519297033589263,0.018360131101310146,0.007349209776696436
2022-10-19,351.6467590332031,354.8435535760599,348.8316647816131,352.11433970586495,79746900,-0.0071116568663077365,349.3751251220703,6.248371893895235,0.3635561310542749,0,0.0,-0.0,0.0,1.3247992575240761,1.8053414083601005,0.0180294864393494,high,-0.008420583706257914,0,0.3635561310542749,0.0180294864393494,0.0065876506255325845
2022-10-20,348.6981201171875,355.6260961767777,347.9346903310534,351.1982907828058,88283100,-0.008420583706257914,348.9547744750977,5.977907990628145,-0.042933808668943786,0,0.0,-0.0,0.0,1.3247992575240761,1.7901393799126308,0.01802917586238873,high,0.02401080227800209,1,-0.042933808668943786,0.01802917586238873,-0.0003062730817620429
2022-10-21,357.1719665527344,357.65862205185954,346.91361459894165,348.4213409562037,131038400,0.02401080227800209,349.2572738647461,6.240646257688512,1.2682488898064597,0,0.0,0.0,0.0,1.3247992575240761,1.8331220626137783,0.01846872676897555,high,0.012162097128427515,1,1.2682488898064597,0.01846872676897555,0.009106399605759027
2022-10-24,361.5424499511719,362.67802786353946,356.0458731062238,358.6987583066402,85436900,0.012162097128427515,349.9519775390625,6.800357518803163,1.7043916264786683,0,0.0,0.0,0.0,1.3247992575240761,1.8554166711875504,0.018450021088974485,high,0.01584249538619977,1,1.7043916264786683,0.018450021088974485,0.006464360700866398
2022-10-25,367.3157958984375,367.63069061993605,361.351638036336,361.46614520779,78846300,0.01584249538619977,350.97972259521487,7.775962848118732,2.1008425094488308,-1,0.0,0.0,0.0,1.3247992575240761,1.8848111012403173,0.018670392941109754,high,-0.007562711374135041,0,2.1008425094488308,0.018670392941109754,0.007296630844012742
2022-10-26,364.5483703613281,369.8540823855379,363.9090290046154,364.1666701170704,104087300,-0.007562711374135041,351.52794494628904,8.335598206832689,1.5620265147096755,0,-1.0,0.007062711374135042,1.0,1.3341559323086372,1.870556818886871,0.01838160223923686,high,-0.005354301848791594,0,1.5620265147096755,0.01838160223923686,0.007206419942447281
2022-10-27,362.6016845703125,367.3920851710098,361.9813889212359,365.55036040862007,81971800,-0.005354301848791594,352.34813385009767,8.58678897906834,1.1941076862619413,0,0.0,-0.0005,1.0,1.333488854342483,1.8605412930532355,0.017684782537935213,high,0.023512134089945097,1,1.1941076862619413,0.017684782537935213,0.007819676313940545
2022-10-28,371.2282409667969,371.7053735710983,362.31540741307015,362.49672013245373,100302000,0.023512134089945097,353.86732330322263,9.115894069348451,1.9044668061632153,0,0.0,0.0,0.0,1.333488854342483,1.904286589415383,0.017762771891444967,high,-0.007249501005257878,0,1.9044668061632153,0.017762771891444967,0.007719942676329146
2022-10-31,368.5467529296875,370.63659603718315,367.6402184672529,368.7662444084812,96631300,-0.007249501005257878,354.80250396728513,9.62642009091919,1.42776326324753,0,0.0,-0.0,0.0,1.333488854342483,1.8904814618711172,0.017163695244334802,high,-0.004385358275205532,0,1.42776326324753,0.017163695244334802,0.0038376230495920675
2022-11-01,366.93408203125,372.5356437948338,365.76035435229414,372.29707747025043,85407600,-0.004385358275205532,355.1150268554687,9.924253944631046,1.190926314634996,0,0.0,-0.0,0.0,1.333488854342483,1.882191023348178,0.015904507291180914,high,-0.025416643352107596,0,1.190926314634996,0.015904507291180914,-0.00020794768268899336
2022-11-02,357.7253723144531,370.85607010454953,357.6204171263898,366.3423854587386,126990400,-0.025416643352107596,355.009098815918,9.882340562564556,0.27486135307102266,0,0.0,-0.0,0.0,1.333488854342483,1.8343520453871989,0.016951483404039066,high,-0.01035013367654543,0,0.27486135307102266,0.016951483404039066,-0.0037787340782835044
2022-11-03,354.0419616699219,357.08607016392386,351.92349163838855,354.4809155332156,87100100,-0.01035013367654543,354.904606628418,9.88089319607129,-0.0873043500600835,0,0.0,-0.0,0.0,1.333488854342483,1.8153662565075968,0.016950877687260908,high,0.014290510428249177,1,-0.0873043500600835,0.016950877687260908,-0.004777900443834271
2022-11-04,359.1377258300781,361.5424637304622,353.0781357834755,359.75799240640606,103505200,0.014290510428249177,355.55159759521484,9.702820212419182,0.36959648394527556,0,0.0,0.0,0.0,1.333488854342483,1.8413087669273103,0.015890405153642984,high,0.009520128124571606,1,0.36959648394527556,0.015890405153642984,-0.006622225176173455
2022-11-07,362.5730895996094,363.16472938893213,358.3552244250396,360.435515659066,68286900,0.009520128124571606,356.50252227783204,9.39215189681121,0.6463446703665844,0,0.0,0.0,0.0,1.333488854342483,1.8588382623053552,0.015814145026092446,high,0.005381094433918724,1,0.6463446703665844,0.015814145026092446,-0.003268299350207559
2022-11-08,364.5293884277344,367.50669186220006,360.445133617555,363.6800782301254,84641100,0.005381094433918724,357.6600509643555,8.840529943052509,0.7770277921831232,0,0.0,0.0,0.0,1.333488854342483,1.8688408465322017,0.015677907277019322,high,-0.02081745452846972,0,0.7770277921831232,0.015677907277019322,-0.0013150088083827072
2022-11-09,357.0192565917969,363.7086651999319,356.52302003221314,362.5539832992573,78495500,-0.02081745452846972,358.4983734130859,7.841479552004524,-0.18862726242918426,0,0.0,-0.0,0.0,1.333488854342483,1.8299363371885708,0.016530940369971246,high,0.05349730669750436,1,-0.18862726242918426,0.016530940369971246,-0.000395171043655132
2022-11-10,376.6389465332031,376.9729451885855,368.00285783726986,370.3026114178393,141455800,0.05349730669750436,359.8686950683594,8.503732409036651,1.9721047956568478,0,0.0,0.0,0.0,1.333488854342483,1.9278330026560557,0.01947451582991932,high,0.009632028202071397,1,1.9721047956568478,0.01947451582991932,0.012374317031154826
2022-11-11,380.2842712402344,381.085850591747,375.60834800694585,377.4978037709963,93839900,0.009632028202071397,361.8192138671875,8.488055172966137,2.175416747037271,-1,0.0,0.0,0.0,1.333488854342483,1.9464019445065228,0.01844892054109679,high,-0.008543144554003701,0,2.175416747037271,0.01844892054109679,0.011442620585919269
2022-11-14,377.0492858886719,381.8778657875463,376.77254080840333,378.5188625471577,71903500,-0.008543144554003701,363.169499206543,8.662437488069788,1.6022957396511806,0,-1.0,0.008043144554003701,1.0,1.3442142979591123,1.9297735513344096,0.018072499148001533,high,0.00849290717838081,1,1.6022957396511806,0.018072499148001533,0.007829966050204208
2022-11-15,380.2651672363281,383.91046764433503,376.44810606485254,382.8035164099832,93194500,0.00849290717838081,364.47493438720704,9.184261355270873,1.719270852419615,0,0.0,-0.0005,1.0,1.3435421908101328,1.946162938981187,0.01801250413063455,high,-0.007657976681930145,0,1.719270852419615,0.01801250413063455,0.008452328599096625
2022-11-16,377.3642272949219,379.5876526465697,376.73440869768956,378.63338733958733,68508500,-0.007657976681930145,365.760807800293,9.0935629525119,1.2760036473298622,0,0.0,-0.0,0.0,1.3435421908101328,1.9312592685752323,0.018029939705552254,high,-0.0030644203346304045,0,1.2760036473298622,0.018029939705552254,0.01108422416840454
2022-11-17,376.2095947265625,376.8871441512699,372.29712975146606,372.6024725571936,74496300,-0.0030644203346304045,367.1363815307617,8.433525303200884,1.075850592676485,0,0.0,-0.0,0.0,1.3435421908101328,1.925341078401167,0.0178822758876397,high,0.004529929795507552,1,1.075850592676485,0.0178822758876397,-0.00022812123802241302
2022-11-18,377.91766357421875,379.61625454437336,375.0644198124641,379.54944898801807,92922500,0.004529929795507552,368.1736663818359,8.41924459405417,1.157348154401433,0,0.0,0.0,0.0,1.3435421908101328,1.934062738318731,0.017242395601381324,high,-0.0036428053133231333,0,1.157348154401433,0.017242395601381324,-0.0012485409193351822
2022-11-21,376.5434875488281,377.71724418435815,374.7017627716494,376.5912182801427,51243200,-0.0036428053133231333,368.92371826171876,8.4654692714222,0.9001000467667212,0,0.0,-0.0,0.0,1.3435421908101328,1.9270173242992832,0.017153794222994782,high,0.013367320299647286,1,0.9001000467667212,0.017153794222994782,-0.0002684730711990686
2022-11-22,381.61065673828125,381.7728946397623,377.07789693039774,378.49021994388283,60429000,0.013367320299647286,369.6384613037109,8.91413741430954,1.3430570876495347,0,0.0,0.0,0.0,1.3435421908101328,1.9527763820961612,0.017057576389572802,high,0.0062821378079707104,1,1.3430570876495347,0.017057576389572802,0.000706409553054227
2022-11-23,384.0155334472656,384.50218904701484,381.04775261339324,381.2767670132752,68261600,0.0062821378079707104,370.6118194580078,9.379759077455763,1.42900407980346,0,0.0,0.0,0.0,1.3435421908101328,1.9650439924366399,0.01693343915446229,high,-0.0002240500266425612,0,1.42900407980346,0.01693343915446229,0.003494432451034398
2022-11-25,383.92950439453125,384.4829945177539,383.17565585566234,383.45237179541095,30545400,-0.0002240500266425612,371.67821044921874,9.63019484663196,1.272175084764484,0,0.0,-0.0,0.0,1.3435421908101328,1.9646037242777805,0.016845211796068432,high,-0.016085549114989488,0,1.272175084764484,0.016845211796068432,0.004062506512631967
2022-11-28,377.8031921386719,382.4790864541177,377.0397623978261,380.837748913633,67881600,-0.016085549114989488,372.0069580078125,9.7257764726233,0.5959662086800949,0,0.0,-0.0,0.0,1.3435421908101328,1.933001994579419,0.01661531363911089,high,-0.001719267811533712,0,0.5959662086800949,0.01661531363911089,-6.05892694674412e-05
2022-11-29,377.1542053222656,379.12951194332857,375.3124515497512,377.9366805703356,52310000,-0.001719267811533712,372.4373306274414,9.755000218004662,0.48353404299452235,0,0.0,-0.0,0.0,1.3435421908101328,1.929678646470508,0.01651867632724235,high,0.03101479455380454,1,0.48353404299452235,0.01651867632724235,0.0003241182308904427
2022-11-30,389.03485107421875,389.03485107421875,375.48430196447526,377.4023553187591,144566700,0.03101479455380454,373.54236907958983,10.33341614698157,1.4992604356841208,0,0.0,0.0,0.0,1.3435421908101328,1.9895272332456546,0.017744928830410865,high,-0.0007360001499922081,0,1.4992604356841208,0.017744928830410865,0.0038536130817218932
2022-12-01,388.7486267089844,391.2487972907091,386.2389041546695,390.07504041496463,76398200,-0.0007360001499922081,375.0935317993164,10.161177575844407,1.3438496481086468,0,0.0,-0.0,0.0,1.3435421908101328,1.9880629409035722,0.016483640609007325,high,-0.0011547256053062384,0,1.3438496481086468,0.016483640609007325,0.0024499854901293095
2022-12-02,388.29998779296875,389.2065221005512,383.74815407270614,383.8531092477688,85342700,-0.0011547256053062384,376.8064331054687,9.274476356720706,1.239267236815076,0,0.0,-0.0,0.0,1.3435421908101328,1.9857672737207503,0.01618316590812265,high,-0.018152953932471308,0,1.239267236815076,0.01618316590812265,0.002263850374396574
2022-12-05,381.3147888183594,386.41056097115313,379.9597486810331,385.4753998086811,77289800,-0.018152953932471308,377.9152862548828,8.328307057535197,0.40818650657228206,0,0.0,-0.0,0.0,1.3435421908101328,1.9497197318802884,0.016777712736716913,high,-0.014519636282816628,0,0.40818650657228206,0.016777712736716913,0.00185036941090021
2022-12-06,375.8182373046875,381.69651421862574,373.728423384414,381.15260520692095,77972200,-0.014519636282816628,378.5775436401367,7.532722264791281,-0.36630931533829114,0,0.0,-0.0,0.0,1.3435421908101328,1.921410510519956,0.017142863048843854,high,-0.0017023267205424164,0,-0.36630931533829114,0.017142863048843854,-0.0007097042833563733
2022-12-07,375.17901611328125,377.545604965489,374.0434378729196,374.9690765447639,65927900,-0.0017023267205424164,379.1100250244141,6.8311391730814615,-0.575454373206628,0,0.0,-0.0,0.0,1.3435421908101328,1.918139642066767,0.01713802374281112,high,0.0078031389081468965,1,-0.575454373206628,0.01713802374281112,-0.0072531285382257645
2022-12-08,378.1180419921875,379.1868143806111,375.2838731198775,377.06837354618364,60737900,0.0078031389081468965,380.1649642944336,4.456508125393334,-0.45931079774828276,0,0.0,0.0,0.0,1.3435421908101328,1.9331071521390373,0.016358926032942187,high,-0.007498236569890407,0,-0.45931079774828276,0.016358926032942187,-0.005545300726597943
2022-12-09,375.2934265136719,379.4349340954439,375.1693673749268,376.87751028175563,81447700,-0.007498236569890407,380.09768829345705,4.522210606684406,-1.0623701984785638,0,0.0,-0.0,0.0,1.3435421908101328,1.9186122573973516,0.01133956741496174,high,0.014314246366646487,1,-1.0623701984785638,0.01133956741496174,-0.006814002919514778
2022-12-12,380.7041015625,380.7041015625,375.417464361826,376.08543250830934,75405800,0.014314246366646487,380.1186798095703,4.5240962903036035,0.12940081628775182,0,0.0,0.0,0.0,1.3435421908101328,1.9460757459318052,0.011598165024286547,high,0.007541405104515755,1,0.12940081628775182,0.011598165024286547,-0.00032056285969121815
2022-12-13,383.58599853515625,391.7163278716569,380.8186351718438,391.45868674150205,123782500,0.007541405104515755,380.44551544189454,4.526798491828772,0.6937536757888665,0,0.0,0.0,0.0,1.3435421908101328,1.9607518914959496,0.01152801690601102,high,-0.006413936785704565,0,0.6937536757888665,0.01152801690601102,0.0040916454177752585
2022-12-14,381.1335754394531,386.9545999060633,378.1848989989114,383.2424937114521,108111300,-0.006413936785704565,380.48893585205076,4.529141789110457,0.14233150945998016,0,0.0,-0.0,0.0,1.3435421908101328,1.948175752811444,0.011490335747171631,high,-0.024765955907687976,0,0.14233150945998016,0.011490335747171631,0.0031493234047428294
2022-12-15,371.81036376953125,377.17332966722427,370.1499515992905,376.2667660559643,117705900,-0.024765955907687976,380.21124267578125,4.8869370527487055,-1.7190479057889325,0,0.0,-0.0,0.0,1.3435421908101328,1.8999273180168892,0.012675099487495492,high,-0.011876477755225023,0,-1.7190479057889325,0.012675099487495492,-0.003364495558424146
2022-12-16,367.4206848144531,370.59380455921166,365.28292038092803,369.25170439241776,119858000,-0.011876477755225023,379.7717971801758,5.607719578803322,-2.2025196146413517,1,0.0,-0.0,0.0,1.3435421908101328,1.8773628734879173,0.012911065603427554,high,-0.008515727880631301,0,-2.2025196146413517,0.012911065603427554,-0.004240143795491069
2022-12-19,364.30511474609375,367.9479918227815,362.63707790509415,367.6124594366193,79878100,-0.008515727880631301,379.0911697387695,6.585467407075853,-2.245255207973342,1,1.0,-0.009015727880631302,1.0,1.3314291800216413,1.8613757621240943,0.012936822231722324,high,0.0013673522104122062,1,-2.245255207973342,0.012936822231722324,-0.008806138644946625
2022-12-20,364.8035888671875,366.42370486544144,362.2248257341367,363.54776346105064,74427200,0.0013673522104122062,378.5041748046875,7.308078658839137,-1.8747179083696826,0,1.0,0.0013673522104122062,0.0,1.3332497126539513,1.8639209183868426,0.012948460837466938,high,0.014841941081805289,1,-1.8747179083696826,0.012948460837466938,-0.010040949223767337
2022-12-21,370.25836181640625,371.3895586231339,366.864742140629,367.40158229485894,78167400,0.014841941081805289,377.9365600585937,7.49263403837094,-1.0247662174431895,0,0.0,-0.0005,1.0,1.3325830877976244,1.8915851228386844,0.013041936692248476,high,-0.01436890132760952,0,-1.0247662174431895,0.013041936692248476,-0.005789773650265366
2022-12-22,364.9761962890625,370.23916053307846,359.2722332289845,367.209831595386,100120900,-0.01436890132760952,376.9845932006836,7.879166484882391,-1.5240694475312067,0,0.0,-0.0,0.0,1.3325830877976244,1.8644051228558414,0.013208970548392982,high,0.005735747036456844,1,-1.5240694475312067,0.013208970548392982,-0.003710362734249674
2022-12-23,367.07562255859375,367.21941379519086,362.39741929068407,363.950423157118,59857300,0.005735747036456844,376.1418991088867,7.997688042513136,-1.133612176681506,0,0.0,0.0,0.0,1.3325830877976244,1.8750988790140166,0.013330692479709663,high,-0.003951318206589722,0,-1.133612176681506,0.013330692479709663,-0.00018791777591330058
2022-12-27,365.6280517578125,367.3056844290648,363.9504190865602,366.96058546509136,51638200,-0.003951318206589722,375.53314208984375,8.321394923259122,-1.190316097646747,0,0.0,-0.0,0.0,1.3325830877976244,1.8676897666742127,0.012937944574924825,high,-0.012505651599524761,0,-1.190316097646747,0.012937944574924825,0.0007249641588950152
2022-12-28,361.0841064453125,367.5358135013805,360.854040448147,365.56097308852884,70911500,-0.012505651599524761,374.7296371459961,8.911556769503857,-1.5312173903643658,0,0.0,-0.0,0.0,1.3325830877976244,1.8443330891561873,0.013164352061077194,high,0.0178401612171221,1,-1.5312173903643658,0.013164352061077194,-0.002049636603092378
2022-12-29,367.5837097167969,368.45608223881914,363.40399242752494,363.93126597675223,66970900,0.0178401612171221,373.657080078125,8.373889862260484,-0.7252746884932914,0,0.0,0.0,0.0,1.3325830877976244,1.8772362888048066,0.011659673781414267,high,-0.0026376011737972277,0,-0.7252746884932914,0.011659673781414267,-0.0014499925760290161
2022-12-30,366.6154479980469,366.7592392294088,362.78085913190785,364.8994905444754,84022200,-0.0026376011737972277,372.5504211425781,7.7107393314963675,-0.7697022152322545,0,0.0,-0.0,0.0,1.3325830877976244,1.8722848881659604,0.011649397605938909,high,-0.0042187362369113185,0,-0.7697022152322545,0.011649397605938909,0.0008962674547334417
2023-01-03,365.0720520019531,370.45004902050835,362.20567683665195,368.4752380300906,74850700,-0.0042187362369113185,371.38902435302737,6.922711763312633,-0.9124996918911824,0,0.0,-0.0,0.0,1.3325830877976244,1.8643862120624333,0.011644955309400204,high,0.007690527707405432,1,-0.9124996918911824,0.011644955309400204,-0.0010946291999401904
2023-01-04,367.8904724121094,369.9227998702252,364.2859494452824,367.33444063245616,85934100,0.007690527707405432,370.71780853271486,6.550465137817778,-0.43162371848716974,0,0.0,0.0,0.0,1.3325830877976244,1.8787243258836042,0.01131400264281134,high,-0.011478870232432723,0,-0.43162371848716974,0.01131400264281134,0.0012337399828588403
2023-01-05,363.691650390625,366.0499147712704,363.09729369153195,365.93488176571645,76970500,-0.011478870232432723,370.1114791870117,6.6144303807900515,-0.9705792376364673,0,0.0,-0.0,0.0,1.3325830877976244,1.8571586931442716,0.011153255066202196,high,0.02267293833193275,1,-0.9705792376364673,0.011153255066202196,0.0014390962562772479
2023-01-06,372.03179931640625,373.15342943340613,363.7203443233328,366.787997866155,104189600,0.02267293833193275,369.954118347168,6.524349317046194,0.3184502956961383,0,0.0,0.0,0.0,1.3325830877976244,1.8992659376665446,0.012407367042986934,high,-0.0005669844693943789,0,0.3184502956961383,0.012407367042986934,0.002405651679239378
2023-01-09,371.8209228515625,377.4194487549502,371.6388067821009,374.2271369047477,73978100,-0.0005669844693943789,369.6392623901367,6.256063040251222,0.3487273781272806,0,0.0,-0.0,0.0,1.3325830877976244,1.898189083376638,0.012255591577308773,high,0.006988263631786612,1,0.3487273781272806,0.012255591577308773,0.002819775020119948
2023-01-10,374.42840576171875,374.4955180862106,370.29663872249137,371.2361234986063,65358100,0.006988263631786612,369.59601135253905,6.217788910439831,0.7771885599181377,0,0.0,0.0,0.0,1.3325830877976244,1.9114541291142533,0.012269429401269535,high,0.012568543158967225,1,0.7771885599181377,0.012269429401269535,0.005061174993859534
2023-01-11,379.16412353515625,379.24083169297677,375.1953394078577,376.01019536505663,68881100,0.012568543158967225,369.5190124511719,6.081021407328088,1.5861004982421687,0,0.0,0.0,0.0,1.3325830877976244,1.935478322832412,0.012167156996440824,high,0.003634273532492544,1,1.5861004982421687,0.012167156996440824,0.006036778084171892
2023-01-12,380.54461669921875,382.0113458697923,376.19237910493234,380.26663005159156,90157700,0.003634273532492544,369.366943359375,5.739149749723217,1.9476183454496578,0,0.0,0.0,0.0,1.3325830877976244,1.942512380473795,0.012067229823832883,high,0.003872062300808127,1,1.9476183454496578,0.012067229823832883,0.009059406837156945
2023-01-13,382.0209655761719,382.5961598321735,377.0743417835104,377.34276186889844,63903900,0.003872062300808127,369.41131286621095,5.837493296909211,2.160114293687906,-1,0.0,0.0,0.0,1.3325830877976244,1.9500339094310806,0.012016425053110924,high,-0.0018335127858764093,0,2.160114293687906,0.012016425053110924,0.005299231630932022
2023-01-17,381.3211669921875,383.67946066780075,380.64053552756593,382.00182771240605,62677300,-0.0018335127858764093,369.88685302734376,6.403192637090199,1.785720751022076,0,-1.0,0.0013335127858764093,1.0,1.3343601043834452,1.9464584973252461,0.010517844897040409,high,-0.01591427153008227,0,1.785720751022076,0.010517844897040409,0.0050459259676356154
2023-01-18,375.3007507324219,383.5738800387548,375.0994430292772,382.50979578083036,99632300,-0.01591427153008227,370.2808563232422,6.485368851942701,0.7740337556399715,0,0.0,-0.0005,1.0,1.3336929243312536,1.9154820282767762,0.010817804429591937,high,-0.0073062693838991544,0,0.7740337556399715,0.010817804429591937,0.0004654189352618389
2023-01-19,372.5686950683594,374.9077675297641,371.2457571335137,373.2588930285292,86958900,-0.0073062693838991544,370.6940353393555,6.34636470541613,0.2953911122384785,0,0.0,-0.0,0.0,1.3336929243312536,1.9014870005781686,0.010764701753556375,high,0.018457686070809245,1,0.2953911122384785,0.010764701753556375,-0.003509543573311437
2023-01-20,379.5093078613281,379.6626949440639,372.31945292080763,373.9683274907241,91806400,0.018457686070809245,371.4293212890625,6.478504196865571,1.2471994038646887,0,0.0,0.0,0.0,1.3336929243312536,1.9365840507025651,0.011442250252188367,high,0.011927050640439226,1,1.2471994038646887,0.011442250252188367,-0.0005448610656480967
2023-01-23,384.0628356933594,385.9992925218667,379.3558743905331,380.31452159871134,84178800,0.011927050640439226,372.11954498291016,7.056746235129472,1.6924642480402432,0,0.0,0.0,0.0,1.3336929243312536,1.9596817867447616,0.01128726080555659,high,-0.0010737611081045148,0,1.6924642480402432,0.01128726080555659,0.001066136602278123
2023-01-24,383.6506652832031,384.56136267462904,381.1965305092897,382.38524381226813,59524900,-0.0010737611081045148,373.0532684326172,7.293321372903286,1.4530275451673103,0,0.0,-0.0,0.0,1.3336929243312536,1.9575775566578943,0.010656911349591625,high,0.00037474686932039954,1,1.4530275451673103,0.010656911349591625,0.0012180869378325021
2023-01-25,383.7944641113281,384.12999652768013,377.28524055423935,379.57642171380235,84800300,0.00037474686932039954,373.8892105102539,7.526525890371914,1.31604590821181,0,0.0,0.0,0.0,1.3336929243312536,1.958311152718704,0.010638513932231149,high,0.010930348828184406,1,1.31604590821181,0.010638513932231149,0.004475890617713036
2023-01-26,388.0124816894531,388.1754645974599,383.4876654146606,386.4594777963223,72287400,0.010930348828184406,375.00843200683596,7.889000194442051,1.6483774067820105,0,0.0,0.0,0.0,1.3336929243312536,1.9797161767320435,0.010703875676976992,high,0.0022949183058919888,1,1.6483774067820105,0.010703875676976992,0.00812321426012975
2023-01-27,388.9039611816406,391.2814165991372,386.75660096944296,386.9675045085401,68346200,0.0022949183058919888,376.39942474365233,7.756124337774052,1.612214540848503,0,0.0,0.0,0.0,1.3336929243312536,1.9842594636264963,0.010070441993830321,high,-0.012626059456591746,0,1.612214540848503,0.010070441993830321,0.004890660707146296
2023-01-30,384.0245056152344,388.3767724039486,383.7273273025726,386.1431078861568,74202000,-0.012626059456591746,377.2214645385742,7.64302870695668,0.8900975434604943,0,0.0,-0.0,0.0,1.3336929243312536,1.9592060856614433,0.010124809637060023,high,0.014596243779882587,1,0.8900975434604943,0.010124809637060023,-1.9961312259897736e-05
2023-01-31,389.6709289550781,389.71884961340345,384.19703231489694,384.5421605238492,86811800,0.014596243779882587,378.3742385864258,7.6976609085034,1.467548454384782,0,0.0,0.0,0.0,1.3336929243312536,1.9878031353027872,0.0104215352993961,high,0.010571754215758228,1,1.467548454384782,0.0104215352993961,0.003114039665337523
2023-02-01,393.8122863769531,396.5636286134995,385.7117345077939,388.45345165426824,101459200,0.010571754215758228,379.8112503051758,7.766021754180387,1.802858209126272,0,0.0,0.0,0.0,1.3336929243312536,2.0088177014785216,0.010403390027044629,high,0.01445206801788799,1,1.802858209126272,0.010403390027044629,0.005153441134625089
2023-02-02,399.5450134277344,401.01174260046105,395.8062948752539,397.704397771963,101654500,0.01445206801788799,381.393977355957,8.407786951134042,2.1588363474563472,-1,0.0,0.0,0.0,1.3336929243312536,2.0378492715358263,0.010643934245008587,high,-0.010686048722100425,0,2.1588363474563472,0.010643934245008587,0.005857784972565805
2023-02-03,395.2981872558594,399.72713273402843,394.09028239614366,394.56960600643197,94736800,-0.010686048722100425,382.97430419921875,7.857724195839776,1.5683781651645943,0,-1.0,0.010186048722100424,1.0,1.3472779854388124,2.0160727149318975,0.010584062233290685,high,-0.006130013958457813,0,1.5683781651645943,0.010584062233290685,0.003261591566967323
2023-02-06,392.8824157714844,394.2820619137646,391.22397464206705,392.8440909429574,60295300,-0.006130013958457813,384.01683502197267,7.71133005358125,1.1496824397231458,0,0.0,-0.0005,1.0,1.346604346446093,2.0037141610480993,0.00986883991414975,high,0.012993850593399522,1,1.1496824397231458,0.00986883991414975,0.004560800666594108
2023-02-07,398.0207824707031,399.2670122823971,390.7158945853212,391.9621243970152,90990700,0.012993850593399522,385.3268280029297,7.75573217889875,1.636719032448059,0,0.0,0.0,0.0,1.346604346446093,2.029750123488637,0.010093930568516459,high,-0.010994990703114728,0,1.636719032448059,0.010093930568516459,0.004240322029297495
2023-02-08,393.66851806640625,397.38807436741587,392.9782908223468,396.0459739638543,76227500,-0.010994990703114728,386.28883361816406,7.522511271187796,0.981013411905057,0,0.0,-0.0,0.0,1.346604346446093,2.0074330397512337,0.010548626049969824,high,-0.008706969580099635,0,0.981013411905057,0.010548626049969824,-7.302695447709528e-05
2023-02-09,390.2557373046875,397.4264298512411,389.02866989488314,397.2730427680662,78694900,-0.008706969580099635,386.8434143066406,7.377058952442386,0.46255872700015876,0,0.0,-0.0,0.0,1.346604346446093,1.9899543813400327,0.010553163768049342,high,0.002330893598459686,1,0.46255872700015876,0.010553163768049342,-0.0047048344740746205
2023-02-10,391.16644287109375,391.54989593055205,388.26174279369724,389.0765695741987,70769700,0.002330893598459686,387.3745056152344,7.281452797770057,0.5207665779307986,0,0.0,0.0,0.0,1.346604346446093,1.9945927532687249,0.0105429304696158,high,0.011670595963810631,1,0.5207665779307986,0.0105429304696158,-0.002101446009962598
2023-02-13,395.7583312988281,395.8925559564968,391.358143932513,391.8183051444725,64913500,0.011670595963810631,388.0613739013672,7.396883850898682,1.0405675623155566,0,0.0,0.0,0.0,1.346604346446093,2.017870839404469,0.010781597901033549,high,-0.00046023110861619527,0,1.0405675623155566,0.010781597901033549,0.001458675974491091
2023-02-14,395.57623291015625,397.88654714068605,391.6170149103328,394.23410329587506,88389300,-0.00046023110861619527,388.7741271972656,7.400022385802357,0.9192006940331856,0,0.0,-0.0,0.0,1.346604346446093,2.0169421524710054,0.010761819441001207,high,0.003242093624473707,1,0.9192006940331856,0.010761819441001207,-0.0012321403659120525
2023-02-15,396.8608093261719,396.9374882356896,392.5373007553342,393.38091503799455,61555700,0.003242093624473707,389.8521301269531,6.88655074864414,1.0177343426386085,0,0.0,0.0,0.0,1.346604346446093,2.023481267764464,0.009918378474281918,high,-0.013864540236871099,0,1.0177343426386085,0.009918378474281918,0.0016152764996056341
2023-02-16,391.396484375,395.83502566820573,391.2622889776,391.88540381719497,76431500,-0.013864540236871099,390.7935195922852,5.558353898551955,0.10847901981770242,0,0.0,-0.0,0.0,1.346604346446093,1.9954266303089885,0.010368060483157774,high,-0.002501316758741902,0,0.10847901981770242,0.010368060483157774,0.0005837623682513414
2023-02-17,390.418701171875,390.6583629922171,387.34142233465536,389.26831273199565,89257800,-0.002501316758741902,391.3389892578125,4.887508107455311,-0.18829392518729743,0,0.0,-0.0,0.0,1.346604346446093,1.9904354362377568,0.009704503637623051,high,-0.020264859418918597,0,-0.18829392518729743,0.009704503637623051,-0.0003826797031889759
2023-02-21,382.5865478515625,387.44689668905306,382.3277236123021,386.39237880681736,82655900,-0.020264859418918597,391.26517486572266,5.012724981669062,-1.731319201810764,0,0.0,-0.0,0.0,1.346604346446093,1.9500995419399647,0.010506134481323303,high,-0.001379075778169668,0,-1.731319201810764,0.010506134481323303,-0.0067697707797348215
2023-02-22,382.0592956542969,384.54218860202,380.6021330632425,382.9987512663258,83742300,-0.001379075778169668,391.1856063842773,5.1506854735606495,-1.7718633329150772,0,0.0,-0.0,0.0,1.346604346446093,1.9474102068966557,0.01050770397610899,high,0.005305201417099301,1,-1.7718633329150772,0.01050770397610899,-0.006953539713645515
2023-02-23,384.0915832519531,385.56790810303414,379.8639456708509,384.95435986418846,96242400,0.005305201417099301,391.2004623413086,5.128626687100824,-1.3861174780444134,0,0.0,0.0,0.0,1.346604346446093,1.9577416102859575,0.010579681769800012,high,-0.010739564720371105,0,-1.3861174780444134,0.010579681769800012,-0.006540918155120397
2023-02-24,379.9886779785156,380.82269657268154,377.3619933475842,379.06838462518755,108194400,-0.010739564720371105,390.79927215576174,5.675780673773387,-1.9046884998921196,0,0.0,-0.0,0.0,1.346604346446093,1.936716317556528,0.010514969483365224,high,0.0033997562224900055,1,-1.9046884998921196,0.010514969483365224,-0.005915923051820398
2023-02-27,381.2827453613281,384.69552690942936,380.34326061280535,383.3342350701894,80444700,0.0033997562224900055,390.41821136474607,6.053025215327347,-1.5092397071608599,0,0.0,0.0,0.0,1.346604346446093,1.943300680908339,0.01053631918007381,high,-0.0037026579242884945,0,-1.5092397071608599,0.01053631918007381,-0.004735708455574016
2023-02-28,379.87359619140625,382.7687005643169,379.76812977335084,380.80348526155615,96438600,-0.0037026579242884945,390.2106658935547,6.347776669954033,-1.628455164636925,0,0.0,-0.0,0.0,1.346604346446093,1.9361053032428985,0.010201232776457342,high,-0.0038432658714878574,0,-1.628455164636925,0.010201232776457342,-0.0014232681566479957
2023-03-01,378.41644287109375,380.2858168924637,377.1126965271028,379.05874946346245,99706800,-0.0038432658714878574,389.64794158935547,6.875089711455737,-1.63365122342288,0,0.0,-0.0,0.0,1.346604346446093,1.9286643358073385,0.00957496111256888,medium,0.007747202206473183,1,-1.63365122342288,0.00957496111256888,-0.0019161061753116336
2023-03-02,381.3594970703125,382.20311141280865,376.10609910014693,376.4416315212209,85127800,0.007747202206473183,389.0253021240234,7.040010687903947,-1.0888911101913823,0,0.0,0.0,0.0,1.346604346446093,1.9436060884052515,0.009407438184436815,medium,0.015910508179933922,1,-1.0888911101913823,0.009407438184436815,-0.001427706017436857
2023-03-03,387.47564697265625,387.7249046275864,382.5290234904316,383.1808966203792,90120000,0.015910508179933922,388.42183380126954,6.5939640823760595,-0.14349286965972446,0,0.0,0.0,0.0,1.346604346446093,1.974529848973393,0.009543142647657545,medium,0.0006924543112189763,1,-0.14349286965972446,0.009543142647657545,0.003902308562624148
2023-03-06,387.7440490722656,390.6008283701899,387.3030795348652,388.3000515971973,72795900,0.0006924543112189763,388.0441268920898,6.392630581154986,-0.04694121082310056,0,0.0,0.0,0.0,1.346604346446093,1.9758971206799452,0.009304995756129777,medium,-0.01544737632692189,0,-0.04694121082310056,0.009304995756129777,0.003360848180369942
2023-03-07,381.8004455566406,387.9358116155142,381.1869265041094,387.69614979307676,108310600,-0.01544737632692189,387.49002838134766,6.431349221387102,-0.8846639529053457,0,0.0,-0.0,0.0,1.346604346446093,1.9453746942735208,0.009797426867283219,high,0.0016308543946762654,1,-0.8846639529053457,0.009797426867283219,0.0010119044998432632
2023-03-08,382.4236145019531,383.1809248459443,380.18994978883694,381.91553257565727,74746600,0.0016308543946762654,386.71016998291014,6.0196650930442805,-0.7120920208518132,0,0.0,0.0,0.0,1.346604346446093,1.948547317142969,0.00922996665039915,medium,-0.01862218659620222,0,-0.7120920208518132,0.00922996665039915,0.002106728553076088
2023-03-09,375.3679504394531,384.87774493306273,374.38054484861016,383.20967866619384,111945300,-0.01862218659620222,385.7951416015625,6.2910662896865945,-1.6574600682881708,0,0.0,-0.0,0.0,1.346604346446093,1.9122611054116034,0.009763386962338026,high,-0.01453464467455934,0,-1.6574600682881708,0.009763386962338026,-0.003167149207458993
2023-03-10,369.9515686035156,376.901761257044,368.4273229667233,374.82148382483746,189253000,-0.01453464467455934,384.7799331665039,7.117368356606525,-2.0834055257550634,1,0.0,-0.0,0.0,1.346604346446093,1.8844670697194656,0.010045046121213581,high,-0.0014264568683087402,0,-2.0834055257550634,0.010045046121213581,-0.009256179778357645
2023-03-13,369.4242248535156,374.24624775320325,364.9090052964785,366.02103942039264,157790000,-0.0014264568683087402,383.692822265625,7.725064413015264,-1.8470522249716796,0,1.0,-0.0019264568683087402,1.0,1.3440101712539876,1.8817789587247626,0.009981499535587609,high,0.016395070393902193,1,-1.8470522249716796,0.009981499535587609,-0.00967996201426319
2023-03-14,375.5308837890625,377.17975816787913,371.0443925918974,374.35173718346283,149752400,0.016395070393902193,382.6814498901367,7.378628575135711,-0.9690914820092706,0,0.0,-0.0005,1.0,1.3433381661683608,1.912630857218819,0.010390972573882672,high,-0.006273806100307342,0,-0.9690914820092706,0.010390972573882672,-0.003311472670098372
2023-03-15,373.1822509765625,373.3835587348281,367.84257804775535,369.9324515707467,172996900,-0.006273806100307342,381.561750793457,7.0087308817029035,-1.1955801925238925,0,0.0,-0.0,0.0,1.3433381661683608,1.9006313820791636,0.010408582182779381,high,0.01739295103099869,1,-1.1955801925238925,0.010408582182779381,-0.0048924047690950935
2023-03-16,379.7297668457031,380.0748950855989,370.31587262158683,370.82395451887174,143254200,0.01739295103099869,380.70519866943357,6.017278652455477,-0.16210514421372202,0,0.0,0.0,0.0,1.3433381661683608,1.933688970635646,0.011292500340479746,high,-0.011761671147282101,0,-0.16210514421372202,0.011292500340479746,0.002310622756345088
2023-03-17,375.2896728515625,379.5334454433477,373.9039499902757,378.39793151645165,140553400,-0.011761671147282101,379.89985809326174,5.5724796815197974,-0.8273130644133445,0,0.0,-0.0,0.0,1.3433381661683608,1.910945556861903,0.011187540325973317,high,0.00956968335153458,1,-0.8273130644133445,0.011187540325973317,0.0028652174618005364
2023-03-20,378.8983154296875,379.3121292855333,375.3666692245707,376.06913373609086,93055800,0.00956968335153458,379.32383880615237,4.993254027238423,-0.08521965318480043,0,0.0,0.0,0.0,1.3433381661683608,1.9292327007430934,0.011486428462991038,high,0.013045211250179671,1,-0.08521965318480043,0.011486428462991038,0.0050644455057692
2023-03-21,383.8735046386719,384.3546576570402,380.66900909067914,382.2664406357319,91524200,0.013045211250179671,379.3881866455078,5.045532186286039,0.8889682649048103,0,0.0,0.0,0.0,1.3433381661683608,1.9543999488750419,0.011027782245351296,high,-0.01719346803393808,0,0.8889682649048103,0.011027782245351296,0.004394473677024695
2023-03-22,377.3298034667969,387.318544760657,377.29133237000224,383.70029405624626,111746600,-0.01719346803393808,379.15171203613284,5.024540926765633,-0.36260199606111043,0,0.0,-0.0,0.0,1.3433381661683608,1.9207970358285287,0.011691533497482148,high,0.002699771352528637,1,-0.36260199606111043,0.011691533497482148,0.0022105412902985477
2023-03-23,378.3498840332031,384.2391923827506,375.6361739137841,380.19749521054143,119351300,0.002699771352528637,378.8646270751953,4.889658603902238,-0.10527177533036368,0,0.0,0.0,0.0,1.3433381661683608,1.9259827486398806,0.011636390215476048,high,0.006540550967437167,1,-0.10527177533036368,0.011636390215476048,-0.000728094645395463
2023-03-24,380.8326110839844,380.91921510254883,374.7219619246639,377.069990985465,107682400,0.006540550967437167,378.9068237304688,4.903491363373306,0.39273799234159895,0,0.0,0.0,0.0,1.3433381661683608,1.9385797369697646,0.0114965511644611,high,0.001868096956708889,1,0.39273799234159895,0.0114965511644611,0.00293234977754839
2023-03-27,381.5447082519531,383.8831342228275,380.64977069262744,383.1132717788515,74010400,0.001868096956708889,378.919921875,4.910516766608673,0.5345234527660251,0,0.0,0.0,0.0,1.3433381661683608,1.9422011918767352,0.011478577358414992,high,-0.0022472018537220955,0,0.5345234527660251,0.011478577358414992,0.0013920324985832522
2023-03-28,380.6882629394531,381.54470001628135,378.850254938649,380.85183851528325,62871700,-0.0022472018537220955,378.96065521240234,4.9222089324049305,0.35098220144155756,0,0.0,-0.0,0.0,1.3433381661683608,1.9378366737580486,0.011458233960505044,high,0.014430197527832148,1,0.35098220144155756,0.011458233960505044,-0.0016664501221971008
2023-03-29,386.22149658203125,386.46207306808367,383.6521267894026,384.8550092196648,77497900,0.014430197527832148,379.35090789794924,5.179475597625811,1.3265027616369844,0,0.0,0.0,0.0,1.3433381661683608,1.9658000397370547,0.011848563398125601,high,0.005838070750485066,1,1.3265027616369844,0.011848563398125601,0.004658282990156945
2023-03-30,388.4828796386719,389.1083725616801,386.6160039583287,388.85816364557934,69840000,0.005838070750485066,379.7070770263672,5.556095421440401,1.5794909818214726,0,0.0,0.0,0.0,1.3433381661683608,1.9772765194503459,0.011799107815306124,high,0.013996462903162855,1,1.5794909818214726,0.011799107815306124,0.005285942869748231
2023-03-31,393.95849609375,394.2568086260701,389.3009088717674,389.4067778104378,112062600,0.013996462903162855,380.0312194824219,6.186507517843236,2.251234088241035,-1,0.0,0.0,0.0,1.3433381661683608,2.0049513969041275,0.011678310379380715,high,0.0038030555911896333,1,2.251234088241035,0.011678310379380715,0.006777125256893368
2023-04-03,395.4595947265625,395.86374673169445,393.0441976826668,393.43874659917225,67391100,0.0038030555911896333,380.41699676513673,6.892998622756485,2.182301025240926,-1,-1.0,-0.004303055591189634,1.0,1.3375577073615716,2.012576338524187,0.01169708554549145,high,-0.005563422934004616,0,2.182301025240926,0.01169708554549145,0.007164116983789518
2023-04-04,393.2655944824219,396.3930888912914,391.88947462341105,396.10437947935486,66601500,-0.005563422934004616,380.9902542114258,7.466963100712013,1.6439535197148043,0,-1.0,0.005563422934004616,0.0,1.3449991065862617,2.0013795251660067,0.011162874302581711,high,-0.0026216719936703508,0,1.6439535197148043,0.011162874302581711,0.006500872767733014
2023-04-05,392.2359313964844,393.2944738697264,390.5807639021192,392.53424390704595,65200200,-0.0026216719936703508,381.48087005615236,7.877188506215534,1.3653426386642502,0,0.0,-0.0005,1.0,1.3443266070329687,1.9961325645161736,0.01120027436289347,high,0.003893199863327592,1,1.3653426386642502,0.01120027436289347,0.0030904988634325135
2023-04-06,393.7659606933594,394.0450376322365,390.3882575257403,391.437167451645,63743300,0.003893199863327592,382.40077056884763,8.193653523324933,1.3870723349673466,0,0.0,0.0,0.0,1.3443266070329687,2.0039039075435316,0.010181146140047167,high,0.0010259076645685896,1,1.3870723349673466,0.010181146140047167,0.0027015246860010184
2023-04-10,394.1701354980469,394.2471364215444,390.6673570273508,391.2832175790923,63681000,0.0010259076645685896,383.61169891357423,8.045239112888082,1.3123831916392072,0,0.0,0.0,0.0,1.3443266070329687,2.0059597279213395,0.009382772118179622,medium,0.0002685420709274223,1,1.3123831916392072,0.009382772118179622,0.00010741363828216548
2023-04-11,394.2760009765625,395.6809594619992,393.5061679518089,394.7956544202573,59297900,0.0002685420709274223,384.8542877197266,7.648026765635269,1.2319142630580633,0,0.0,0.0,0.0,1.3443266070329687,2.0064984125008722,0.009346649966040328,medium,-0.004084373336845933,0,1.2319142630580633,0.009346649966040328,-0.0005994890657702767
2023-04-12,392.6689147949219,396.63363981226826,392.0819222861502,396.3449304189456,86420400,-0.004084373336845933,385.71118927001953,7.507227692387746,0.9268035831599204,0,0.0,-0.0,0.0,1.3443266070329687,1.99830312388443,0.008944517111346683,medium,0.013195322146545865,1,0.9268035831599204,0.008944517111346683,-0.0003036791463385401
2023-04-13,397.8846435546875,398.2406920585318,392.6111963601302,393.75634279356007,85814800,0.013195322146545865,386.9463088989258,7.368207556748211,1.4845312881752057,0,0.0,0.0,0.0,1.3443266070329687,2.024671377350534,0.009029203431856415,medium,-0.0024456391089094144,0,1.4845312881752057,0.009029203431856415,0.002859719681704703
2023-04-14,396.9127502441406,399.443619886818,394.6032215680084,397.2495632394048,78161500,-0.0024456391089094144,387.80545806884766,7.483342545263237,1.2170085921107072,0,0.0,-0.0,0.0,1.3443266070329687,2.019719761847396,0.008460271141952974,medium,0.0035817576989653553,1,1.2170085921107072,0.008460271141952974,0.0015919518872573018
2023-04-17,398.3369445800781,398.356180127704,395.59436663010166,396.82611712486937,66436400,0.0035817576989653553,388.95782165527345,7.224652201316441,1.2982109952774832,0,0.0,0.0,0.0,1.3443266070329687,2.0269539086541455,0.007795963097039368,medium,0.0006519893852460119,1,1.2982109952774832,0.007795963097039368,0.002103121894136655
2023-04-18,398.59674072265625,400.0498321097644,397.2206502574761,399.9150951800139,63560000,0.0006519893852460119,389.9427429199219,7.123091014822707,1.214921694068758,0,0.0,0.0,0.0,1.3443266070329687,2.0282754610869707,0.007652943232160333,medium,-0.000168911223618204,0,1.214921694068758,0.007652943232160333,0.002179811357000373
2023-04-19,398.5294189453125,399.43395956292494,396.6240425026219,396.68177851295354,55227300,-0.000168911223618204,390.67553863525393,7.219074321566517,1.0879345412188945,0,0.0,-0.0,0.0,1.3443266070329687,2.027932862597004,0.0072579390097472956,medium,-0.005472018617389205,0,1.0879345412188945,0.0072579390097472956,0.0029629037796459184
2023-04-20,396.3546142578125,398.10601828904817,394.8052862710272,395.70985629299514,75840400,-0.005472018617389205,391.6267791748047,6.594382492155611,0.7169488710477161,0,0.0,-0.0,0.0,1.3443266070329687,2.016835976218058,0.006001823042545519,low,0.000776430539855671,1,0.7169488710477161,0.006001823042545519,-0.0007705643731410956
2023-04-21,396.6624755859375,397.124363590132,394.70899592221565,396.6528431301023,73457400,0.000776430539855671,392.5424087524414,5.887303340683421,0.6998224136040201,0,0.0,0.0,0.0,1.3443266070329687,2.018401909263873,0.006013168386781669,low,0.0010427067764691223,1,0.6998224136040201,0.006013168386781669,-0.00012615044338807853
2023-04-24,397.0762939453125,397.4997108968018,395.1228141148149,396.4604040641478,64332100,0.0010427067764691223,393.35459289550784,5.275516256803402,0.7054667010086626,0,0.0,0.0,0.0,1.3443266070329687,2.0205065106123006,0.005937344359676513,low,-0.01600119295758875,0,0.7054667010086626,0.005937344359676513,-0.0006339606278873251
2023-04-25,390.7731628417969,395.661693208056,390.7154268377835,395.103539346267,97766700,-0.01600119295758875,393.816015625,4.540592071655366,-0.6701444955159268,0,0.0,-0.0,0.0,1.3443266070329687,1.988175996063929,0.007185545657804018,medium,-0.004244498012556534,0,-0.6701444955159268,0.007185545657804018,-0.003964597096454277
2023-04-26,389.1180419921875,392.46687746099377,388.5599174310108,391.38909943441206,80447000,-0.004244498012556534,394.23750457763674,3.5385289673313056,-1.4467770739517918,0,0.0,-0.0,0.0,1.3443266070329687,1.9797371870000229,0.007249497367073109,medium,0.019712400777345162,1,-1.4467770739517918,0.007249497367073109,-0.0047797144542419435
2023-04-27,396.8645935058594,397.1340379925136,391.4083059420538,391.65851488224934,92968400,0.019712400777345162,394.7696594238281,3.0338788291112917,0.6905134318251391,0,0.0,0.0,0.0,1.3443266070329687,2.0187625598639816,0.007833575015906716,medium,0.008499007166065206,1,0.6905134318251391,0.007833575015906716,0.0002571694247049297
2023-04-28,400.2519226074219,400.26155506482286,395.92154566069996,395.97928167060974,89433100,0.008499007166065206,395.3581115722656,2.8881799511289263,1.69442732723194,0,0.0,0.0,0.0,1.3443266070329687,2.0359200373268496,0.007935581283092914,medium,-0.0010104638710035283,0,1.69442732723194,0.007935581283092914,0.0018016847499468368
2023-05-01,399.8476867675781,401.87813788092586,399.61671340908117,399.8091863132883,62122300,-0.0010104638710035283,395.652571105957,3.0344800888158203,1.3824825139182984,0,0.0,-0.0,0.0,1.3443266070329687,2.0338628136848786,0.007381140552214834,medium,-0.011302655880933144,0,1.3824825139182984,0.007381140552214834,0.0013910506204523067
2023-05-02,395.3537902832031,399.1837787040956,392.4476367591756,399.13564578414,103998500,-0.011302655880933144,395.64728088378905,3.0349264202214328,-0.09670435455384536,0,0.0,-0.0,0.0,1.3443266070329687,2.010874762192772,0.007811715900281397,medium,-0.006887681351490425,0,-0.09670435455384536,0.007811715900281397,0.002330758035783428
2023-05-03,392.64007568359375,398.26957154429016,392.3994991884123,395.8541741351487,91531800,-0.006887681351490425,395.61600494384766,3.063847585018455,-0.9713046023586649,0,0.0,-0.0,0.0,1.3443266070329687,1.997024497593034,0.007866653680503202,medium,-0.007108196442641487,0,-0.9713046023586649,0.007866653680503202,0.0018021213679966497
2023-05-04,389.8590087890625,391.91832822239473,388.5213894409254,391.59114772802405,94901900,-0.007108196442641487,395.4971588134766,3.2427384297095916,-1.7387002210101192,0,0.0,-0.0,0.0,1.3443266070329687,1.9828292551633753,0.008005699371368264,medium,0.018343280572803582,1,-1.7387002210101192,0.008005699371368264,-0.0035619980760006804
2023-05-05,397.0762939453125,398.12520386737816,393.23670274642825,393.4965147709688,87891800,0.018343280572803582,395.66267547607424,3.2341956086754604,0.4370850252366754,0,0.0,0.0,0.0,1.3443266070329687,2.0192008485188,0.008995306408872287,medium,0.0002666537377177357,1,0.4370850252366754,0.008995306408872287,-0.0015931433946530043
2023-05-08,397.18218994140625,397.6633429667236,395.77723133030975,397.40353090526224,50046800,0.0002666537377177357,395.8132781982422,3.231164271949901,0.42365897489265364,0,0.0,0.0,0.0,1.3443266070329687,2.019739275972261,0.008994210507544353,medium,-0.00439509088922007,0,0.42365897489265364,0.008994210507544353,-0.0013377198729087516
2023-05-09,395.44036865234375,396.55664705489033,395.20942462672946,395.6328415851866,49220100,-0.00439509088922007,395.8714965820312,3.2124435785591223,-0.1342056036610147,0,0.0,-0.0,0.0,1.3443266070329687,2.0108623382818354,0.009057500636594381,medium,0.004661366282698765,1,-0.1342056036610147,0.009057500636594381,4.379312543386325e-05
2023-05-10,397.2879638671875,398.91426305321323,393.45797612938696,398.27913768761357,96142900,0.004661366282698765,396.10244903564455,3.1351920105160653,0.3781314916491528,0,0.0,0.0,0.0,1.3443266070329687,2.0202357041846515,0.009053556737666163,medium,-0.001745447820413835,0,0.3781314916491528,0.009053556737666163,0.002353602652271701
2023-05-11,396.5951232910156,396.8838033054011,394.5165390857067,396.42191528238436,70157100,-0.001745447820413835,396.03797302246096,3.1097682889307996,0.17916134476572984,0,0.0,-0.0,0.0,1.3443266070329687,2.0167094881780603,0.008561272091773518,medium,-0.0013111458887834168,0,0.17916134476572984,0.008561272091773518,0.003426152376717231
2023-05-12,396.0754699707031,398.04821462684833,393.65046974768575,397.8365061605119,70481500,-0.0013111458887834168,395.99610900878906,3.10300055401981,0.025575555186818654,0,0.0,-0.0,0.0,1.3443266070329687,2.0140652878237653,0.008549096891245226,medium,0.003444125869193695,1,0.025575555186818654,0.008549096891245226,-0.0005047329156001683
2023-05-15,397.44195556640625,397.8461075849292,394.766746430572,396.6817257085728,54289400,0.003444125869193695,395.9513595581055,3.0737817197809516,0.48493879663224587,0,0.0,0.0,0.0,1.3443266070329687,2.021001982183804,0.00854602739126697,medium,-0.006704871948630037,0,0.48493879663224587,0.00854602739126697,0.0001307615106950236
2023-05-16,394.78607177734375,397.259205466478,394.77643931896347,396.3353704795069,57705500,-0.006704871948630037,395.76082611083984,3.0187862790413127,-0.3228961057175767,0,0.0,-0.0,0.0,1.3443266070329687,2.0074514226853344,0.008668838132921785,medium,0.01206573352967729,1,-0.3228961057175767,0.008668838132921785,-0.00033119470118696986
2023-05-17,399.57830810546875,400.18453618231763,395.1613273420889,396.8068622851723,87287000,0.01206573352967729,395.81327056884766,3.077946987033124,1.2232301441456164,0,0.0,0.0,0.0,1.3443266070329687,2.031672796625227,0.009112305887768783,medium,0.009587159551169577,1,1.2232301441456164,0.009112305887768783,0.0011496787482087353
2023-05-18,403.42755126953125,403.850968255046,399.03943829896787,399.26074988190857,97177200,0.009587159551169577,396.1669174194336,3.5182553327747255,2.063702933229529,-1,0.0,0.0,0.0,1.3443266070329687,2.0511507678822443,0.009246113648490822,medium,-0.0014561812900801081,0,2.063702933229529,0.009246113648490822,0.0034162002225254172
2023-05-19,402.84051513671875,404.86136352045077,401.6183971431854,404.3321069908471,103793300,-0.0014561812900801081,396.47581939697267,3.8221460705414896,1.6652152016901818,0,-1.0,0.0009561812900801081,1.0,1.3456120269823704,2.0481639205109206,0.009260951085379351,medium,0.00040619681320240293,1,1.6652152016901818,0.009260951085379351,0.0033871931422660797
2023-05-22,403.0041809082031,404.5438765457276,401.6184577711563,402.8598408662715,60745400,0.00040619681320240293,396.7722137451172,4.091513381394134,1.5231447589601816,0,0.0,-0.0005,1.0,1.3449392209688793,2.048995878168348,0.009261068237077702,medium,-0.01128646004061544,0,1.5231447589601816,0.009261068237077702,0.002779607331067821
2023-05-23,398.48126220703125,402.9367433972177,398.08671324851565,401.35854756315524,86383500,-0.01128646004061544,397.1576187133789,3.8527546424653525,0.3435576922192388,0,0.0,-0.0,0.0,1.3449392209688793,2.025869968066015,0.008863967140228675,medium,-0.0072710554601397885,0,0.3435576922192388,0.008863967140228675,0.0018632897126707403
2023-05-24,395.5943908691406,397.25919090910776,394.4300087705914,396.8742743622671,89213700,-0.0072710554601397885,397.48143615722654,3.3852806854317947,-0.5574265366551787,0,0.0,-0.0,0.0,1.3449392209688793,2.011139755173175,0.008982833575798039,medium,0.0086224749660422,1,-0.5574265366551787,0.008982833575798039,-0.0020040680852926756
2023-05-25,399.0201416015625,400.4732329300767,396.86458575045214,399.10674560980397,90961600,0.0086224749660422,397.5892135620117,3.3988944121367055,0.42099808527186455,0,0.0,0.0,0.0,1.3449392209688793,2.028480757365368,0.00804938529109339,medium,0.012867511911098898,1,0.42099808527186455,0.00804938529109339,-0.00219700500231815
2023-05-26,404.1877136230469,404.90944304818487,399.5975250513779,399.6744966018046,93830000,0.012867511911098898,397.78600311279297,3.6647168507069865,1.7468499671451854,0,0.0,0.0,0.0,1.3449392209688793,2.0545822576722013,0.00833849256618988,medium,0.0003809179912875713,1,1.7468499671451854,0.00833849256618988,0.0006677336379176509
2023-05-30,404.3417053222656,406.6512337191027,402.955982410714,406.1219771957275,72216000,0.0003809179912875713,398.01070404052734,3.9262257499352184,1.6124903877070087,0,0.0,0.0,0.0,1.3449392209688793,2.0553648850187285,0.008331122591618972,medium,-0.005560635073297694,0,1.6124903877070087,0.008331122591618972,0.0006626778735346844
2023-05-31,402.09954833984375,403.41790279671176,400.5309849376734,402.51333285149997,110811800,-0.005560635073297694,398.3479919433594,3.9754107272203694,0.9436902634479445,0,0.0,-0.0,0.0,1.3449392209688793,2.0439357509506686,0.00799292092970726,medium,0.009456137556354185,1,0.9436902634479445,0.00799292092970726,0.0018078428669982337
2023-06-01,405.9198913574219,406.9784337458306,401.0794937409788,402.3304796935779,88865000,0.009456137556354185,399.0119827270508,4.079535551760581,1.6933076186552356,0,0.0,0.0,0.0,1.3449392209688793,2.0632634885680083,0.007996116602393766,medium,0.014357703211042622,1,1.6933076186552356,0.007996116602393766,0.005153281470297028
2023-06-02,411.7900085449219,412.5790771690053,407.96965243794403,408.4989090066005,91426200,0.014357703211042622,400.10853271484376,4.4228007941001275,2.641194205640196,-1,0.0,0.0,0.0,1.3449392209688793,2.0928872133830483,0.008194981722912829,medium,-0.0019182378661929715,0,2.641194205640196,0.008194981722912829,0.006300327119297113
2023-06-05,411.0008544921875,413.4258547804784,410.298360615152,412.13636840253633,65460200,-0.0019182378661929715,400.8047607421875,4.981099555456993,2.0469564272871765,-1,-1.0,0.0014182378661929714,1.0,1.3468466646997854,2.088872557880666,0.007375500041030709,medium,0.0021753649943733726,1,2.0469564272871765,0.007375500041030709,0.003343177163838739
2023-06-06,411.8959045410156,412.42516118217964,409.932791751542,410.5871822595355,64022200,0.0021753649943733726,401.54044647216796,5.4795384195720045,1.8898413106950185,0,-1.0,-0.0021753649943733726,0.0,1.343916781612609,2.093416618120787,0.007368004223527102,medium,-0.0034639448740923385,0,1.8898413106950185,0.007368004223527102,0.003702066564455899
2023-06-07,410.4715881347656,413.4258744271593,410.0481711705742,412.2903604628489,85373300,-0.0034639448740923385,402.29200744628906,5.6276523504489475,1.453462328358651,0,0.0,-0.0005,1.0,1.3432448232218028,2.086165138357108,0.007329514526436032,medium,0.006030403988823777,1,1.453462328358651,0.007329514526436032,0.0041214046042969705
2023-06-08,412.9543762207031,413.40666121291997,409.7691457275,410.53897877639116,61952800,0.006030403988823777,403.07532806396483,5.9741230605585915,1.653639882639877,0,0.0,0.0,0.0,1.3432448232218028,2.0987455569288014,0.007363316524315093,medium,0.001792698837420878,1,1.653639882639877,0.007363316524315093,0.0034362578907908893
2023-06-09,413.6953430175781,415.7065590310339,412.70416901348756,413.7530790281272,85742800,0.001792698837420878,403.93033905029296,6.216631210297308,1.570787076947767,0,0.0,0.0,0.0,1.3432448232218028,2.10250797564875,0.007312596859797294,medium,0.00903082240555067,1,1.570787076947767,0.007312596859797294,0.0009232570160665402
2023-06-12,417.4482727050781,417.52527361997466,413.9551270818145,414.67685648093624,76104300,0.00903082240555067,404.99897918701174,6.619267313936124,1.8807660920198515,0,0.0,0.0,0.0,1.3432448232218028,2.1214953517830875,0.00742272024192441,medium,0.006571485831661007,1,1.8807660920198515,0.00742272024192441,0.0031130690704152682
2023-06-13,420.2005615234375,420.84529012852545,418.247081424966,418.9110749460117,95899700,0.006571485831661007,406.1369094848633,7.18390411364494,1.95766143535547,0,0.0,0.0,0.0,1.3432448232218028,2.135436728429265,0.007473588700433798,medium,0.0011899985359819978,1,1.95766143535547,0.007473588700433798,0.003992293237872795
2023-06-14,420.7008972167969,422.5100370544421,417.2462224703346,420.5373216552151,100612100,0.0011899985359819978,407.4326507568359,7.363674715800949,1.801851245749624,0,0.0,0.0,0.0,1.3432448232218028,2.1379778950097776,0.0071473925605961735,medium,0.012321418523166911,1,1.801851245749624,0.0071473925605961735,0.004923081919887663
2023-06-15,425.9165954589844,427.167581376933,419.78671159999425,419.8829186958016,110303100,0.012321418523166911,408.7495651245117,8.19348472010576,2.095205022149729,-1,0.0,0.0,0.0,1.3432448232218028,2.1643208154474722,0.007164333264858561,medium,-0.0034120568042967513,0,2.095205022149729,0.007164333264858561,0.006181284826756289
2023-06-16,424.4658203125,428.47421834147775,423.9925483177265,427.9043524050704,114165800,-0.0034120568042967513,409.80147857666014,8.802144035340216,1.6659965659461122,0,-1.0,0.0029120568042967513,1.0,1.3471564284491024,2.1569360298824436,0.007143212405456344,medium,-0.005201623470322938,0,1.6659965659461122,0.007143212405456344,0.005140333698412764
2023-06-20,422.2636413574219,423.41304154167295,420.1870041214196,422.52444796434224,76160400,-0.005201623470322938,410.7726348876953,9.06138321702925,1.2681294008326778,0,0.0,-0.0005,1.0,1.346482850234878,2.145716460805422,0.00730089750763165,medium,-0.005136850883914143,0,1.2681294008326778,0.00730089750763165,0.0022938445232380416
2023-06-21,420.10009765625,422.08014103507514,419.5108951805997,421.2784731312149,76982300,-0.005136850883914143,411.62743072509767,9.096279795683316,0.9314430867851139,0,0.0,-0.0,0.0,1.346482850234878,2.1346942353071046,0.007481720464604658,medium,0.003603160666744423,1,0.9314430867851139,0.007481720464604658,-4.782281987698849e-05
2023-06-22,421.61651611328125,421.7227488220665,418.80580025695025,419.14386433493524,70637200,0.003603160666744423,412.78419342041013,8.802816229472484,1.0033519344979442,0,0.0,0.0,0.0,1.346482850234878,2.1423858816112893,0.00679085956349033,medium,-0.00758876491294197,0,1.0033519344979442,0.00679085956349033,0.0004348096062754965
2023-06-23,418.4290771484375,420.21596194306784,417.71433502111864,418.1586317913709,92074500,-0.00758876491294197,413.925927734375,7.889387120166046,0.5707857081257918,0,0.0,-0.0,0.0,1.346482850234878,2.126127818802935,0.006816036710820709,medium,-0.004094041748098782,0,0.5707857081257918,0.006816036710820709,-0.0035472270809462796
2023-06-26,416.7195129394531,419.7813378209466,416.4780427984246,417.8592449307871,72823600,-0.004094041748098782,414.8108963012695,7.080605178856061,0.2695555803454602,0,0.0,-0.0,0.0,1.346482850234878,2.1174233627509618,0.006837974138092755,medium,0.010903741976396453,1,0.2695555803454602,0.006837974138092755,-0.003683624069706686
2023-06-27,421.2881774902344,421.90632578060763,417.14454123449,417.59850632056305,72813700,0.010903741976396453,415.6659194946289,6.755295359316154,0.832274193289252,0,0.0,0.0,0.0,1.346482850234878,2.140511200753192,0.0066887528245010725,medium,0.0005042636747515117,1,0.832274193289252,0.0066887528245010725,-0.0004625509803628077
2023-06-28,421.50067138671875,422.5148342796088,419.5882170864921,420.20636537536024,75636000,0.0005042636747515117,416.52386779785155,6.316775033449376,0.7878709567007542,0,0.0,0.0,0.0,1.346482850234878,2.1415905827971304,0.0066871683059849946,medium,0.003933467805390439,1,0.7878709567007542,0.0066871683059849946,0.0006656719313703233
2023-06-29,423.1618957519531,423.32610840810986,420.679605245235,421.0852585523664,67882300,0.003933467805390439,417.57698516845704,5.4865989321747985,1.0179185051680668,0,0.0,0.0,0.0,1.346482850234878,2.15001446040689,0.006449121943067115,medium,0.011731579036419118,1,1.0179185051680668,0.006449121943067115,0.0007317333590995264
2023-06-30,428.1554870605469,429.1406745135059,426.05951350289007,426.3782705598957,104964000,0.011731579036419118,418.68876495361326,5.2477983822606,1.8039416565496227,0,0.0,0.0,0.0,1.346482850234878,2.1752375249785976,0.006595722419128479,medium,0.001149960870416442,1,1.8039416565496227,0.006595722419128479,0.004595802148971744
2023-07-03,428.64813232421875,428.92821645735074,427.5277073626863,427.8078209721531,32793400,0.001149960870416442,419.53167114257815,5.432042898271458,1.6782748870671789,0,0.0,0.0,0.0,1.346482850234878,2.1777389630161843,0.0059976387622976066,low,-0.0014883693720549526,0,1.6782748870671789,0.0059976387622976066,0.005644602672674789
2023-07-05,428.0106201171875,428.7446987114959,426.8225765200303,426.83224475721846,58418400,-0.0014883693720549526,420.3821594238281,5.35716857454182,1.4239724935315894,0,0.0,-0.0,0.0,1.346482850234878,2.1744976830433003,0.005983588768690769,low,-0.00786137902732072,0,1.4239724935315894,0.005983588768690769,0.003166180402984508
2023-07-06,424.6590576171875,425.0840474287703,422.1477622241082,424.42725571135543,80658300,-0.00786137902732072,421.0203170776367,5.044101714316787,0.7213852427326876,0,0.0,-0.0,0.0,1.346482850234878,2.157403132562866,0.006378406558948435,medium,-0.0025281246950539836,0,0.7213852427326876,0.006378406558948435,0.0014930518625700616
2023-07-07,423.5868225097656,427.53729914392636,423.3453524183848,423.664109445752,86134200,-0.0025281246950539836,421.6760787963867,4.413657506866697,0.4329161722236495,0,0.0,-0.0,0.0,1.346482850234878,2.151948948426247,0.006343211458991118,medium,0.0025281246950541194,1,0.4329161722236495,0.006343211458991118,0.000200733362481177
2023-07-10,424.6590576171875,424.83290904656155,422.659677750378,423.2295437531058,62443500,0.0025281246950541194,422.2613128662109,3.9477319782341076,0.6073727305188383,0,0.0,0.0,0.0,1.346482850234878,2.157389343705259,0.006261486037546998,low,0.006348226134462634,1,0.6073727305188383,0.006261486037546998,-0.001639957505791823
2023-07-11,427.36346435546875,427.85607282742535,424.44651594855435,425.4220646553444,64463800,0.006348226134462634,422.9447189331055,3.549813938739607,1.2447822614421795,0,0.0,0.0,0.0,1.346482850234878,2.17108493911918,0.006358723922769337,medium,0.008013807430665085,1,1.2447822614421795,0.006358723922769337,-0.0006003044529825842
2023-07-12,430.8020324707031,432.2122392972248,429.729919208418,431.15943303446664,91924500,0.008013807430665085,423.6124069213867,3.7136498636808764,1.9359998419964777,0,0.0,0.0,0.0,1.346482850234878,2.1884835957368987,0.006300181618113322,low,0.007905609561008093,1,1.9359998419964777,0.006300181618113322,0.0013001309075614232
2023-07-13,434.2212829589844,435.0133121303779,432.1832890285731,432.61791761555475,72425200,0.007905609561008093,424.3134429931641,4.311009413932278,2.2982645163799087,-1,0.0,0.0,0.0,1.346482850234878,2.205784892575466,0.006362628677866056,medium,-0.0006230257344811731,0,2.2982645163799087,0.006362628677866056,0.004453528625227186
2023-07-14,433.9508361816406,435.9598548665001,433.18778225181745,435.1099046958951,69815800,-0.0006230257344811731,424.97593994140624,4.724861777580366,1.8995045067393468,0,-1.0,0.00012302573448117306,1.0,1.3466485022764942,2.2044106318226615,0.006382279237108999,medium,0.003466210653215088,1,1.8995045067393468,0.006382279237108999,0.004834548417341748
2023-07-17,435.4576110839844,436.5104174127122,433.7576517763609,433.80596349270843,52680200,0.003466210653215088,425.45299072265624,5.274522206887909,1.8967822996864574,0,0.0,-0.0005,1.0,1.3459751780253562,2.212051583438746,0.005883393342113608,low,0.007402935096637092,1,1.8967822996864574,0.005883393342113608,0.005022165608973942
2023-07-18,438.6932373046875,439.3403606896483,434.6944781535629,435.12913614001786,80668200,0.007402935096637092,426.16436157226565,6.038472097305988,2.074842034628512,-1,0.0,0.0,0.0,1.3459751780253562,2.2284272577413566,0.005942822734434043,low,0.0022214457254261855,1,2.074842034628512,0.005942822734434043,0.005233107401408833
2023-07-19,439.6688537597656,440.8568680135883,438.61601798371265,439.48533409064345,65891700,0.0022214457254261855,427.0346221923828,6.66810310057518,1.8947264877012782,0,-1.0,-0.0027214457254261856,1.0,1.3423121796305892,2.2333775879474893,0.005720119097104556,low,-0.006656487389331872,0,1.8947264877012782,0.005720119097104556,0.004074635060361054
2023-07-20,436.7519226074219,439.5723071871459,436.0371803304328,438.6740452212532,70591600,-0.006656487389331872,427.8672134399414,6.795054367706826,1.3075258396319298,0,0.0,-0.0005,1.0,1.341641023540774,2.2185111381977003,0.005829235402113503,low,0.0,0,1.3075258396319298,0.005829235402113503,0.0011622156702930605
2023-07-21,436.7519226074219,438.6740452212532,436.74228384444865,438.47118905372434,71275600,0.0,428.6239837646484,6.904214299502963,1.1772431286437028,0,0.0,0.0,0.0,1.341641023540774,2.2185111381977003,0.005830925473958583,low,0.004457093441271115,1,1.1772431286437028,0.005830925473958583,0.0012868208171892951
2023-07-24,438.7029113769531,439.51424741630717,436.86771494424903,437.90121409817567,54023400,0.004457093441271115,429.6376754760742,6.816360234026243,1.329923241971078,0,0.0,0.0,0.0,1.341641023540774,2.228399249641148,0.00542183977927074,low,0.0027264961811098256,1,1.329923241971078,0.00542183977927074,0.0014849973748005004
2023-07-25,439.9006652832031,441.1562982796933,438.38422565839835,438.43253737447066,55191200,0.0027264961811098256,430.7967330932617,6.466001429418862,1.407969405716578,0,0.0,0.0,0.0,1.341641023540774,2.2344749716852825,0.005204278607857168,low,0.00015365114872323122,1,1.407969405716578,0.005204278607857168,0.0005497095916950471
2023-07-26,439.96826171875,441.39774607749916,437.91093141721467,438.9637376866275,71052900,0.00015365114872323122,431.7307373046875,6.368637570373636,1.293451593537485,0,0.0,0.0,0.0,1.341641023540774,2.234818301331475,0.004856660286619582,low,-0.006651942405334452,0,1.293451593537485,0.004856660286619582,0.0001361506763544563
2023-07-27,437.05133056640625,443.76421294632905,436.14340038757626,443.3585300993958,92194400,-0.006651942405334452,432.5082702636719,5.992076608134093,0.7581779406103194,0,0.0,-0.0,0.0,1.341641023540774,2.2199524187046307,0.005234686300426889,low,0.009742560802221427,1,0.7581779406103194,0.005234686300426889,0.00013705967315394036
2023-07-28,441.33013916015625,442.16078225681895,437.05126606431355,440.3256151682766,80011800,0.009742560802221427,433.416682434082,5.876631063008613,1.3465975047994316,0,0.0,0.0,0.0,1.341641023540774,2.2415804401218993,0.00551242133906233,low,0.0019022098824401747,1,1.3465975047994316,0.00551242133906233,0.0020855718335982256
2023-07-31,442.1704406738281,442.52781174126136,440.4897885662861,441.8034013690048,62040400,0.0019022098824401747,434.11743011474607,6.049307140343048,1.3312285807702233,0,0.0,0.0,0.0,1.341641023540774,2.2458443965873838,0.0050253446599316095,low,-0.0028655748670867462,0,1.3312285807702233,0.0050253446599316095,0.0015745951218320378
2023-08-01,440.9051818847656,441.64889932682564,439.94894005773267,440.70232573811046,55291500,-0.0028655748670867462,434.73028259277345,6.086814106001372,1.014471476285756,0,0.0,-0.0,0.0,1.341641023540774,2.2394087613291354,0.005123959269346952,low,-0.014008573561272816,0,1.014471476285756,0.005123959269346952,0.0004561809121927236
2023-08-02,434.77178955078125,438.0461090832154,434.01840394785836,437.78533196247287,93933400,-0.014008573561272816,435.06834106445314,5.878144183040263,-0.050449853633652376,0,0.0,-0.0,0.0,1.341641023540774,2.2080378389622974,0.00615728120180203,low,-0.002869990854906357,0,-0.050449853633652376,0.00615728120180203,-0.0023762640298064857
2023-08-03,433.5257873535156,435.40926606374575,432.10594188115226,432.75309476673715,64276100,-0.002869990854906357,435.51167755126954,5.363592408423804,-0.37025374907962294,0,0.0,-0.0,0.0,1.341641023540774,2.2017007905571884,0.005883504414317795,low,-0.004532926560469058,0,-0.37025374907962294,0.005883504414317795,-0.001619873719720867
2023-08-04,431.5650939941406,437.44730311288595,431.0435102343316,435.34169055011716,100128900,-0.004532926560469058,435.9105911254883,4.683594324700179,-0.9278124513112767,0,0.0,-0.0,0.0,1.341641023540774,2.191720642565466,0.00596390352569388,low,0.008690605770042596,1,-0.9278124513112767,0.00596390352569388,-0.004474971192258963
2023-08-07,435.3320007324219,435.4865451527169,432.7048045400754,433.40023969323573,58357500,0.008690605770042596,436.44423828125,3.871809280497398,-0.28726558263873536,0,0.0,0.0,0.0,1.341641023540774,2.210768022628067,0.0062049728303074985,low,-0.004358110775238125,0,-0.28726558263873536,0.0062049728303074985,-0.0031172920147384793
2023-08-08,433.43890380859375,435.32238270202885,430.07762882885913,432.7917508600607,71361300,-0.004358110775238125,436.7480102539063,3.3210117906597025,-0.9964151451131058,0,0.0,-0.0,0.0,1.341641023540774,2.2011332506870995,0.006203011000265202,low,-0.006707688508654268,0,-0.9964151451131058,0.006203011000265202,-0.003415799196368755
2023-08-09,430.541259765625,433.87355948928627,429.77820586959297,433.7093468244431,78789600,-0.006707688508654268,436.73497161865237,3.346002852309192,-1.8510778760253812,0,0.0,-0.0,0.0,1.341641023540774,2.1863687344754488,0.006163501531905713,low,0.0003589523406888451,1,-1.8510778760253812,0.006163501531905713,-0.0019556221858450457
2023-08-10,430.6958312988281,436.28828834846206,429.5271240006527,432.89803793591824,93005500,0.0003589523406888451,436.5586990356445,3.5707150346876895,-1.6419310081766791,0,0.0,0.0,0.0,1.341641023540774,2.1871535366502974,0.005876410926354255,low,-0.0005834604857231539,0,-1.6419310081766791,0.005876410926354255,-0.001309833546726005
2023-08-11,430.4446105957031,431.45880273974404,428.22309738246776,428.8219385368356,68690900,-0.0005834604857231539,436.38338775634764,3.785127121644134,-1.5689769378379324,0,0.0,-0.0,0.0,1.341641023540774,2.1858774189854526,0.005876341249614849,low,0.005505064193674394,1,-1.5689769378379324,0.005876341249614849,-0.0005199403317768241
2023-08-14,432.8207702636719,432.8207702636719,429.21805425124865,429.5271431380979,47867400,0.005505064193674394,436.25154571533204,3.8641680093797524,-0.8878432416324595,0,0.0,0.0,0.0,1.341641023540774,2.197910814496471,0.005964075132902481,low,-0.011717243162409158,0,-0.8878432416324595,0.005964075132902481,-0.0011570486470504646
2023-08-15,427.7789001464844,431.400952625637,427.20900461725313,431.0435520209029,75707500,-0.011717243162409158,435.70582885742186,4.252379030905583,-1.8641162166697487,0,0.0,-0.0,0.0,1.341641023540774,2.172157359033727,0.006191810505343273,low,-0.007365262956927906,0,-1.8641162166697487,0.006191810505343273,-0.002628875124484671
2023-08-16,424.6397705078125,429.02484730566357,424.5335083117714,427.3635314579317,80107200,-0.007365262956927906,434.9543746948242,4.806958962510345,-2.1457649768711744,1,0.0,-0.0,0.0,1.341641023540774,2.156158848900618,0.006278602682335022,low,-0.007649164489400564,0,-2.1457649768711744,0.006278602682335022,-0.0027603900141393986
2023-08-17,421.4040222167969,426.3686327842003,420.8824384802807,426.1078556541094,95711300,-0.007649164489400564,434.18697967529295,5.655147661242224,-2.2604109077654275,1,1.0,-0.008149164489400564,1.0,1.3307077701542125,2.1396660352001002,0.0063232869973619986,medium,0.00048117963061039564,1,-2.2604109077654275,0.0063232869973619986,-0.00436201338015728
2023-08-18,421.6068420410156,422.6403412596287,418.2359284981317,418.58363133261804,98852000,0.00048117963061039564,433.42972564697266,6.273777774543578,-1.884491933062955,0,1.0,0.00048117963061039564,0.0,1.3313480796275057,2.140695598912547,0.006331360983965709,medium,0.0064853030373349715,1,-1.884491933062955,0.006331360983965709,-0.004149085356890571
2023-08-21,424.3499755859375,425.09369303000517,420.4671462190992,422.6210410735604,68719000,0.0064853030373349715,432.7120788574219,6.457066707592784,-1.2950312657683238,0,0.0,-0.0005,1.0,1.330682405587692,2.1545786585821847,0.00645136575021131,medium,-0.002712321488407705,0,-1.2950312657683238,0.00645136575021131,-0.003953037588158455
2023-08-22,423.2005615234375,426.12717844156236,422.64036376815267,426.12717844156236,64994200,-0.002712321488407705,431.87707366943357,6.557554955020663,-1.3231322048400174,0,0.0,-0.0,0.0,1.330682405587692,2.1487347485880477,0.00637071636536814,medium,0.011076179475242897,1,-1.3231322048400174,0.00637071636536814,-0.0021520532533581644
2023-08-23,427.9140625,428.5322402058597,424.1181589807745,424.2630351692306,68441000,0.011076179475242897,431.2743637084961,6.32456347698408,-0.5313095869342859,0,0.0,0.0,0.0,1.330682405587692,2.1725345203081,0.006996618525668593,medium,-0.013956196844887428,0,-0.5313095869342859,0.006996618525668593,0.0015362352330759957
2023-08-24,421.9834899902344,430.029260521669,421.9544852817897,429.5173451034184,88517300,-0.013956196844887428,430.5209716796875,6.4953301350540995,-1.314403042176084,0,0.0,-0.0,0.0,1.330682405587692,2.142214200890367,0.007461017506755137,medium,0.00702531788094724,1,-1.314403042176084,0.007461017506755137,0.0002748287619786231
2023-08-25,424.95849609375,426.2431043443279,420.15806824986475,423.712501844876,102325100,0.00702531788094724,429.7023895263672,6.079726690066214,-0.7802807057705966,0,0.0,0.0,0.0,1.330682405587692,2.157263936620701,0.007262752821845674,medium,0.006321217458420001,1,-0.7802807057705966,0.007262752821845674,0.0015836564120459916
2023-08-28,427.65325927734375,428.2714074691659,424.95844443108183,427.1509825528838,61595400,0.006321217458420001,428.97653045654295,5.333645260188204,-0.24809883572056363,0,0.0,0.0,0.0,1.330682405587692,2.1709004710792876,0.007449025367896533,medium,0.014351391732318478,1,-0.24809883572056363,0.007449025367896533,0.001550839296262998
2023-08-29,433.8349304199219,434.1150440450923,427.3635186603017,427.54703833096477,83081900,0.014351391732318478,428.6230178833008,4.6978134106723335,1.10943370479143,0,0.0,0.0,0.0,1.330682405587692,2.2020559141516216,0.008254747285409996,medium,0.00411023859268069,1,1.10943370479143,0.008254747285409996,0.004963581940408235
2023-08-30,435.62176513671875,436.2592497912926,433.4678410527647,434.17294441532357,69053900,0.00411023859268069,428.66551666259767,4.759801594504711,1.4614576544854758,0,0.0,0.0,0.0,1.330682405587692,2.2111068893532084,0.007705793930031091,medium,-0.0014643851015756755,0,1.4614576544854758,0.007705793930031091,0.0035703937638957932
2023-08-31,434.98431396484375,437.3796788770793,434.8007943012341,436.2399468961714,66084600,-0.0014643851015756755,428.7384429931641,4.848532693539018,1.2881981759146823,0,0.0,-0.0,0.0,1.330682405587692,2.207868977366448,0.007683681289395627,medium,0.0018634100627396785,1,1.2881981759146823,0.007683681289395627,0.006068756112558143
2023-09-01,435.7956237792969,438.1910180232257,434.3371347964679,437.7080777747482,58944100,0.0018634100627396785,428.94996948242186,5.065757552220462,1.3513584545463238,0,0.0,0.0,0.0,1.330682405587692,2.2119831426360834,0.007610488232884918,medium,-0.004331169025553532,0,1.3513584545463238,0.007610488232884918,0.005036374548916631
2023-09-05,433.9122009277344,435.6701107330132,433.8446116862524,435.35138309753785,55166200,-0.004331169025553532,428.8789794921875,4.980851324645847,1.0105142891219987,0,0.0,-0.0,0.0,1.330682405587692,2.2024026697636514,0.0074265807563862205,medium,-0.006745167387561416,0,1.0105142891219987,0.0074265807563862205,0.002905897252121924
2023-09-06,430.9952392578125,433.2071140684911,428.6674634922226,433.1008518755981,70758500,-0.006745167387561416,428.7567962646484,4.892291408288831,0.45754490204152043,0,0.0,-0.0,0.0,1.330682405587692,2.1875470951012836,0.007516183918157447,medium,-0.0030749951638414873,0,0.45754490204152043,0.007516183918157447,-0.0013134145718540545
2023-09-07,429.6719665527344,430.34806524877047,427.6436115119561,427.99131435968866,70355400,-0.0030749951638414873,428.7133316040039,4.879447943235179,0.19646381309581018,0,0.0,-0.0,0.0,1.330682405587692,2.1808203983631715,0.007395674177367953,medium,0.0015048874412468115,1,0.19646381309581018,0.007395674177367953,-0.0027504613231584896
2023-09-08,430.3190612792969,431.85480770691146,429.3628490355431,429.72022009729625,61659700,0.0015048874412468115,428.69449310302736,4.872112895977509,0.33344222741857815,0,0.0,0.0,0.0,1.330682405587692,2.184102287592283,0.007403860023013822,medium,0.006555164988900833,1,0.33344222741857815,0.007403860023013822,-0.0021566068145939922
2023-09-11,433.1491394042969,433.4581987746905,431.23668532604137,432.94628326819304,60180100,0.006555164988900833,428.82971954345703,4.959984274058633,0.8708535394821663,0,0.0,0.0,0.0,1.330682405587692,2.1984194384400864,0.007547157849761608,medium,-0.005500595945337886,0,0.8708535394821663,0.007547157849761608,-0.0012182558293617617
2023-09-12,430.7731018066406,433.2264469118444,430.1935969975154,431.70036845391746,67565400,-0.005500595945337886,428.72733612060546,4.893959958557439,0.41801847652186036,0,0.0,-0.0,0.0,1.330682405587692,2.1863268213908507,0.007549904759795963,medium,0.00116526710458604,1,0.41801847652186036,0.007549904759795963,-0.0014521412133186324
2023-09-13,431.2753601074219,432.4343991522864,429.89412843469466,430.9952464774697,60199300,0.00116526710458604,428.9021591186523,4.92067427595448,0.4822918274364373,0,0.0,0.0,0.0,1.330682405587692,2.1888744761156915,0.00705204502197918,medium,0.008585367569750917,1,0.4822918274364373,0.00705204502197918,0.00012994568511085877
2023-09-14,434.99395751953125,435.6893927060478,432.4440481531944,433.74799281245487,83430800,0.008585367569750917,429.4198684692383,4.992780382049516,1.1164298494549099,0,0.0,0.0,0.0,1.330682405587692,2.207666768057191,0.007028706019439866,medium,-0.012121678802559693,0,1.1164298494549099,0.007028706019439866,0.0024620182318293394
2023-09-15,429.7529296875,433.73671609676853,429.31676812610004,433.4071619458322,111848900,-0.012121678802559693,429.8373138427734,4.622605717437247,-0.01825467289046844,0,0.0,-0.0,0.0,1.330682405587692,2.1809061405917167,0.007387227137902022,medium,0.0005865283928402458,1,-0.01825467289046844,0.007387227137902022,-0.00026329501693196124
2023-09-18,430.00506591796875,431.30390776198857,428.9679210789831,429.4428625408151,55752200,0.0005865283928402458,430.2572250366211,4.197506498058352,-0.06007355051599931,0,0.0,0.0,0.0,1.330682405587692,2.1821853039652934,0.007386889596037137,medium,-0.0020760468943669466,0,-0.06007355051599931,0.007386889596037137,-0.0014570223361440788
2023-09-19,429.11328125,429.6754845917088,426.42836539622306,429.08420380682946,66514600,-0.0020760468943669466,430.4953903198242,3.9738666871361095,-0.3477995561094818,0,0.0,-0.0,0.0,1.330682405587692,2.177654984942063,0.007298986246494013,medium,-0.009235913718130824,0,-0.3477995561094818,0.007298986246494013,-0.0007721125259498909
2023-09-20,425.16827392578125,430.7901294710478,424.96470225740006,430.3733429544115,82562600,-0.009235913718130824,430.5937759399414,3.8045039776119616,-1.426073424048741,0,0.0,-0.0,0.0,1.330682405587692,2.1575423513932805,0.007592684358644983,medium,-0.01666642699448665,0,-1.426073424048741,0.007592684358644983,-0.0028523486904932635
2023-09-21,418.1409606933594,422.5802845540439,417.98587113932,422.31858757052555,104095800,-0.01666642699448665,430.10512084960936,4.691127276133646,-2.550380633908245,1,0.0,-0.0,0.0,1.330682405587692,2.1215838293062714,0.008028904974660177,medium,-0.00225102111755633,0,-2.550380633908245,0.008028904974660177,-0.007902707603340779
2023-09-22,417.2007751464844,420.7677463582612,416.78395900410345,419.16842775985725,100829700,-0.00225102111755633,429.86598510742186,5.219116478177046,-2.4266961685747326,1,1.0,-0.00275102111755633,1.0,1.3270216701891597,2.116808099303837,0.0074526133934147264,medium,0.004196339490439463,1,-2.4266961685747326,0.0074526133934147264,-0.005928576066340105
2023-09-25,418.9551696777344,418.9939198820318,415.5529609010411,415.98915213200996,70874500,0.004196339490439463,429.5658187866211,5.669423102376063,-1.8715571085953666,0,1.0,0.004196339490439463,0.0,1.3325903036284434,2.1256909447246275,0.007326652346283938,medium,-0.014800218495059041,0,-1.8715571085953666,0.007326652346283938,-0.005206613846820261
2023-09-26,412.8002014160156,416.6191968671865,411.9665987111882,415.91160628125357,96168400,-0.014800218495059041,428.8231658935547,6.794355953021476,-2.358275690636077,1,0.0,-0.0005,1.0,1.3319240084766293,2.0942302542897346,0.00776852310878195,medium,0.0003990587470160937,1,-2.358275690636077,0.00776852310878195,-0.00775144816695868
2023-09-27,412.9649658203125,414.5352365633177,409.320464597115,413.9730331962355,104705800,0.0003990587470160937,427.77966766357423,7.545263897190342,-1.963443829814665,0,1.0,-0.00010094125298390629,1.0,1.3317895623983342,2.095065975190975,0.006812497662565775,medium,0.005780687260504063,1,-1.963443829814665,0.006812497662565775,-0.005824453673929296
2023-09-28,415.3591003417969,417.0359784928409,411.8212066146307,412.4124874162186,92258300,0.005780687260504063,426.76653442382815,7.79315610301628,-1.4637758991656942,0,0.0,-0.0005,1.0,1.3311236676171352,2.107176896383677,0.006906940316248512,medium,-0.002429975572948729,0,-1.4637758991656942,0.006906940316248512,-0.0013350308229311534
2023-09-29,414.35101318359375,418.5867946420908,412.8292247753013,418.41232999892884,115111300,-0.002429975572948729,425.7348693847656,8.010713125818862,-1.4210790003802796,0,0.0,-0.0,0.0,1.3311236676171352,2.102056507997583,0.006903565861101174,medium,-0.0003977972691960831,0,-1.4210790003802796,0.006903565861101174,-0.0013708217140096333
2023-10-02,414.18621826171875,415.43660735581716,411.4237431106989,413.517407554199,83798600,-0.0003977972691960831,424.6543991088867,8.039583696779172,-1.30207996358838,0,0.0,-0.0,0.0,1.3311236676171352,2.1012203156590057,0.0068478457130169345,medium,-0.013476436366882926,0,-1.30207996358838,0.0068478457130169345,-0.0022896490659367425
2023-10-03,408.64190673828125,414.2443872113326,407.27520783651096,412.00533549021924,103760600,-0.013476436366882926,423.39088439941406,8.481642229617712,-1.738929474015032,0,0.0,-0.0,0.0,1.3311236676171352,2.0729033537822255,0.007266105930040777,medium,0.007255708220654778,1,-1.738929474015032,0.007266105930040777,-0.0020248926403015196
2023-10-04,411.61767578125,412.3640165843667,407.64359070503724,409.107224446792,87453000,0.007255708220654778,422.42200622558596,8.671898272591873,-1.245901428350905,0,0.0,0.0,0.0,1.3311236676171352,2.087943735686886,0.007555011654480586,medium,-0.00037700182555318936,0,-1.245901428350905,0.007555011654480586,-0.0006535627455737826
2023-10-05,411.4625244140625,412.3057997665852,408.2348102060782,411.32680997189277,70142700,-0.00037700182555318936,421.5115341186523,8.825214179703947,-1.138670348386596,0,0.0,-0.0,0.0,1.3311236676171352,2.08715657708688,0.007564528484844531,medium,0.011802897995405327,1,-1.138670348386596,0.007564528484844531,-0.0018851005627852334
2023-10-06,416.3477478027344,417.88891132912596,407.6823154616602,409.0102345616155,113273300,0.011802897995405327,420.8129684448242,8.642416741231616,-0.5166634259589641,0,0.0,0.0,0.0,1.3311236676171352,2.1117910732666756,0.008154932664072927,medium,0.006381831896792151,1,-0.5166634259589641,0.008154932664072927,0.000961474150885578
2023-10-09,419.0133056640625,419.5851817448939,413.89546879833836,414.44794019758774,80374400,0.006381831896792151,420.1061767578125,8.144105255562287,-0.13419167108671204,0,0.0,0.0,0.0,1.3311236676171352,2.1252681688974095,0.008145840370995418,medium,0.005191367728654039,1,-0.13419167108671204,0.008145840370995418,0.002317399984083225
2023-10-10,421.1942138671875,423.79189736248946,419.245936455557,419.64334789466267,78607300,0.005191367728654039,419.62723236083986,7.756204097047665,0.20202943176084076,0,0.0,0.0,0.0,1.3311236676171352,2.1363012174841596,0.00823085578630189,medium,0.0040878701581288845,1,0.20202943176084076,0.00823085578630189,0.0060509608031906175
2023-10-11,422.9195251464844,423.17151977952034,419.8759482263836,422.2604167519184,62451700,0.0040878701581288845,419.20944061279295,7.307835199641012,0.5076858511907442,0,0.0,0.0,0.0,1.3311236676171352,2.1450341394798875,0.008299304662687773,medium,-0.006114964894474204,0,0.5076858511907442,0.008299304662687773,0.005417393190685439
2023-10-12,420.3412780761719,423.9082494629408,417.98591622949925,423.53024266819244,81154200,-0.006114964894474204,418.476806640625,6.308222212311381,0.29556210494742835,0,0.0,-0.0,0.0,1.3311236676171352,2.1319173310195194,0.008055102914676506,medium,-0.004993445515495732,0,0.29556210494742835,0.008055102914676506,0.004269800576901237
2023-10-13,418.24755859375,423.0455435777595,416.67731756779995,421.8436069564154,95143100,-0.004993445515495732,417.9015380859375,5.723279367343737,0.06045843398574214,0,0.0,-0.0,0.0,1.3311236676171352,2.1212717179835323,0.0077211017084493055,medium,0.0104664195377695,1,0.06045843398574214,0.0077211017084493055,0.0009105318747210243
2023-10-16,422.6481018066406,423.71432390212686,420.2539606569009,420.4962825158612,75433200,0.0104664195377695,417.53368988037107,5.107738415713621,1.0013065490071695,0,0.0,0.0,0.0,1.3311236676171352,2.143473837737553,0.008155802422861265,medium,-4.585163473257235e-05,0,1.0013065490071695,0.008155802422861265,0.0017274494029164943
2023-10-17,422.62872314453125,424.68363748247594,419.1683892665842,419.51731856642147,75324700,-4.585163473257235e-05,417.20946197509767,4.504154782139583,1.2031693917186614,0,0.0,-0.0,0.0,1.3311236676171352,2.143375555958086,0.008152541478998222,medium,-0.01341465486220435,0,1.2031693917186614,0.008152541478998222,0.000680005530239172
2023-10-18,416.9971618652344,421.8145218630585,415.91156461169203,420.85493671578564,93559800,-0.01341465486220435,416.8009063720703,4.096370831428388,0.04790960126420986,0,0.0,-0.0,0.0,1.3311236676171352,2.114622912634823,0.008429988986533162,medium,-0.008825168820850613,0,0.04790960126420986,0.008429988986533162,-0.002820499473827475
2023-10-19,413.3332824707031,419.52704410810907,412.6547989345063,417.71448112410957,121323000,-0.008825168820850613,416.5605224609375,4.154248346893483,-0.776852927593426,0,0.0,-0.0,0.0,1.3311236676171352,2.095961008438382,0.007821985089182647,medium,-0.012364199277791426,0,-0.776852927593426,0.007821985089182647,-0.003362540259102756
2023-10-20,408.25421142578125,413.4399055549237,408.14757441721036,412.8971069121286,123919900,-0.012364199277791426,416.11319427490236,4.544983565581296,-1.729155394232092,0,0.0,-0.0,0.0,1.3311236676171352,2.070046128851569,0.00825094200194896,medium,-0.0017346899075486066,0,-1.729155394232092,0.00825094200194896,-0.004836691011561895
2023-10-23,407.546630859375,411.4141082592817,404.9683224528733,406.72273053416484,92035100,-0.0017346899075486066,415.5427673339844,4.8735704153825745,-1.6407142593797306,0,0.0,-0.0,0.0,1.3311236676171352,2.0664552407236902,0.008157227515635546,medium,0.007511207965012094,1,-1.6407142593797306,0.008157227515635546,-0.007276912900625515
2023-10-24,410.61932373046875,411.7727783774384,407.81806827916796,409.6694112034611,78564200,0.007511207965012094,415.43372344970703,4.961763804645894,-0.9703000603798129,0,0.0,0.0,0.0,1.3311236676171352,2.081976815787155,0.007740349802476582,medium,-0.01445631354679231,0,-0.9703000603798129,0.007740349802476582,-0.005765500980676583
2023-10-25,404.7259826660156,408.9617938766799,404.21226147565824,408.93271643497314,94223200,-0.01445631354679231,415.0217742919922,5.49128403781849,-1.8749333589501862,0,0.0,-0.0,0.0,1.3311236676171352,2.051879106140984,0.008361156561971334,medium,-0.012046806235743003,0,-1.8749333589501862,0.008361156561971334,-0.005973832717594175
2023-10-26,399.87957763671875,404.512771066671,398.9587721877273,403.65982284727204,115156800,-0.012046806235743003,414.24779815673827,6.448669209184844,-2.228090797331464,1,0.0,-0.0,0.0,1.3311236676171352,2.027160516130134,0.008547579495012175,medium,-0.004543148007225397,0,-2.228090797331464,0.008547579495012175,-0.006618160200572654
2023-10-27,398.0669860839844,401.8666061249316,396.64213226616755,401.46919469761593,107367700,-0.004543148007225397,413.4335968017578,7.393706092571655,-2.0783366995358428,1,1.0,-0.005043148007225396,1.0,1.3244106139454213,2.0179508258709515,0.008567525889614019,medium,0.011884911489636885,1,-2.0783366995358428,0.008567525889614019,-0.0050539499464594476
2023-10-30,402.8262023925781,403.88272225418063,399.5597081383843,400.85854988329856,86562700,0.011884911489636885,412.86559600830077,7.760116605695623,-1.2937168506403784,0,1.0,0.011884911489636885,0.0,1.3401511168680982,2.0419339928268676,0.009111711399709883,medium,0.006260603846441421,1,-1.2937168506403784,0.009111711399709883,-0.002330029667022349
2023-10-31,405.3560485839844,405.67590044700427,401.48857130380884,403.39806888205027,79665200,0.006260603846441421,412.70130310058596,7.88797450227992,-0.9311965339744103,0,0.0,-0.0005,1.0,1.3394810413096643,2.054717732636539,0.008797234379834578,medium,0.010608301333944867,1,-0.9311965339744103,0.008797234379834578,-0.002580150490736484
2023-11-01,409.6790771484375,410.4932751362608,405.7922246289102,406.32535052662286,98068100,0.010608301333944867,412.6043731689453,7.913859882408239,-0.3696421296275989,0,0.0,0.0,0.0,1.3394810413096643,2.0765147975005473,0.008980888405407658,medium,0.01898301144418693,1,-0.3696421296275989,0.008980888405407658,0.0024327724854109516
2023-11-02,417.5303039550781,417.68539350879695,413.4592845158063,413.4786596174057,94938900,0.01898301144418693,412.9077621459961,7.983781140313983,0.5789915489717714,0,0.0,0.0,0.0,1.3394810413096643,2.1159333016655237,0.009955380454845128,high,0.009082104868248753,1,0.5789915489717714,0.009955380454845128,0.008638736021396937
2023-11-03,421.3396301269531,422.89049620638866,419.71123405468535,419.83724617580907,100167800,0.009082104868248753,413.15735626220703,8.172777072648598,1.001162003075953,0,0.0,0.0,0.0,1.3394810413096643,2.1351504298054698,0.009813716261118585,high,0.0022977311270342814,1,1.001162003075953,0.009813716261118585,0.011363786596491768
2023-11-06,422.3088684082031,422.75473237061436,420.3605910898025,422.0956239774314,67831700,0.0022977311270342814,413.32213439941404,8.328790937010663,1.078996228474738,0,0.0,0.0,0.0,1.3394810413096643,2.1400564314089343,0.009729112297426337,high,0.0028420611716656165,1,1.078996228474738,0.009729112297426337,0.009446350523971248
2023-11-07,423.51080322265625,424.1505365569555,421.1651439105342,422.308896123232,64256100,0.0028420611716656165,413.4379638671875,8.4591197094175,1.1907668529923658,0,0.0,0.0,0.0,1.3394810413096643,2.146138602697815,0.009682182389646193,medium,0.0007321351155159147,1,1.1907668529923658,0.009682182389646193,0.008762641989016088
2023-11-08,423.82098388671875,424.6351818841711,421.5140747704494,424.11175832141294,61746000,0.0007321351155159147,413.48303680419923,8.514519759448568,1.2141550403999584,0,0.0,0.0,0.0,1.3394810413096643,2.147709866131614,0.009641607657643424,medium,-0.007829448823276262,0,1.2141550403999584,0.009641607657643424,0.006787408745330295
2023-11-09,420.5156555175781,425.0034610559801,420.08916668151153,424.9646812762545,83174400,-0.007829448823276262,413.4917556762695,8.521998221924912,0.8242080857559809,0,0.0,-0.0,0.0,1.3394810413096643,2.130894481647491,0.00970723257863946,high,0.01548446355915794,1,0.8242080857559809,0.00970723257863946,0.0014249166918376573
2023-11-10,427.0777893066406,427.38796843360757,420.5060206531149,422.59001262842264,89462200,0.01548446355915794,413.9332672119141,8.99686676421833,1.4610110874381241,0,0.0,0.0,0.0,1.3394810413096643,2.1638902395969724,0.010217102415538375,high,-0.0009536157387016402,0,1.4610110874381241,0.010217102415538375,0.002705388430019495
2023-11-13,426.67071533203125,427.7756878254619,424.95508691156584,425.74020750909324,52236100,-0.0009536157387016402,414.13439788818357,9.243529149197814,1.3562263115636548,0,0.0,-0.0,0.0,1.3394810413096643,2.16182671980767,0.00997917975114122,high,0.01921483409103666,1,1.3562263115636548,0.00997917975114122,0.002055119056872311
2023-11-14,434.9483947753906,436.23753414765645,432.3894615518305,432.61240832792026,97176900,0.01921483409103666,414.75038146972656,10.200345662137671,1.980130279372434,0,0.0,0.0,0.0,1.3394810413096643,2.2033658615623444,0.010820328438804422,high,0.002114950828744994,1,1.980130279372434,0.010820328438804422,0.00532967364074652
2023-11-15,435.8692626953125,437.51706352995177,435.01628483174915,436.2860492849091,77327600,0.002114950828744994,415.6939865112305,11.23913579160928,1.7950914161161855,0,0.0,0.0,0.0,1.3394810413096643,2.2080258720172843,0.010240144293878982,high,0.001222352340838929,1,1.7950914161161855,0.010240144293878982,0.005606236783392336
2023-11-16,436.4023742675781,436.7222261657172,434.3571620148054,435.42338430911985,66665800,0.001222352340838929,416.8474411010742,12.132384986139215,1.6117962946975959,0,0.0,0.0,0.0,1.3394810413096643,2.2107248576105776,0.009911291236268103,high,0.00124300050821574,1,1.6117962946975959,0.009911291236268103,0.007416597016215375
2023-11-17,436.9451599121094,437.55581582516845,435.4912285306581,436.41203399072475,83133200,0.00124300050821574,418.2819885253906,12.743660389816974,1.4645063361569082,0,0.0,0.0,0.0,1.3394810413096643,2.213472789732113,0.009267807060372675,medium,0.007668066175206607,1,1.4645063361569082,0.009267807060372675,0.004568304406026934
2023-11-20,440.3085632324219,441.1518386514175,436.6834077524104,436.69311009341754,69936200,0.007668066175206607,419.92008514404296,13.380802432383426,1.523711166905501,0,0.0,0.0,0.0,1.3394810413096643,2.230445845560798,0.009232268632361769,medium,-0.0021818164990036032,0,1.523711166905501,0.009232268632361769,0.006292640788808583
2023-11-21,439.34893798828125,440.1825406267048,438.0791737195552,439.2617056622207,49244600,-0.0021818164990036032,421.35656585693357,13.863200481387528,1.2978512541533176,0,0.0,-0.0,0.0,1.3394810413096643,2.2255794220148193,0.009285110027300486,medium,0.003853411960295107,1,1.2978512541533176,0.009285110027300486,0.0020133106708005305
2023-11-22,441.0451965332031,442.3634429416601,439.94992648347943,441.0064463302394,59394900,0.003853411960295107,423.17252655029296,13.948570649269561,1.2813262686414466,0,0.0,0.0,0.0,1.3394810413096643,2.234155496378198,0.008282288335619494,medium,0.0006151509169234858,1,1.2813262686414466,0.008282288335619494,0.0023610028971105534
2023-11-24,441.31658935546875,441.51045868866237,440.7641179584505,441.09367216063396,29737400,0.0006151509169234858,425.24437713623047,13.37217080549304,1.2019149660155488,0,0.0,0.0,0.0,1.3394810413096643,2.2355298391803444,0.007404668229048002,medium,-0.0018025979338506571,0,1.2019149660155488,0.007404668229048002,0.0022395626123274644
2023-11-27,440.52178955078125,441.5007498020653,440.1340508901427,440.68655185927656,50506000,-0.0018025979338506571,427.3671173095703,12.144204417576024,1.0832057653914744,0,0.0,-0.0,0.0,1.3394810413096643,2.2315000777111766,0.007243745717017653,medium,0.0009896716774419794,1,1.0832057653914744,0.007243745717017653,0.0016304429239141851
2023-11-28,440.9579772949219,442.25681906014256,439.57190319998205,440.13407696271906,62115000,0.0009896716774419794,429.2737060546875,11.030831612253042,1.0592375671164693,0,0.0,0.0,0.0,1.3394810413096643,2.233708530136297,0.007112517290375928,medium,-0.0007036028068698225,0,1.0592375671164693,0.007112517290375928,0.0002947640243612596
2023-11-29,440.6478271484375,444.24390548723534,440.2504452581405,443.10982596571546,63146000,-0.0007036028068698225,431.03829498291014,9.752048327772378,0.9853860278933239,0,0.0,-0.0,0.0,1.3394810413096643,2.232136886544764,0.007192951079052254,medium,0.003929620346758282,1,0.9853860278933239,0.007192951079052254,0.0005904067627880157
2023-11-30,442.3828125,442.7317713844543,439.4167950935211,441.491084558086,79752700,0.003929620346758282,432.6734817504883,8.663145353965465,1.1207627660393995,0,0.0,0.0,0.0,1.3394810413096643,2.2409083370708798,0.007031739017032219,medium,0.005898477564019378,1,1.1207627660393995,0.007031739017032219,0.0006056484400806507
2023-12-01,444.9999084472656,445.53300475365734,441.18091323402564,441.77216442546705,89183400,0.005898477564019378,434.04696197509764,8.306141240623173,1.318656419975135,0,0.0,0.0,0.0,1.3394810413096643,2.254126284620116,0.0060949933879554715,low,-0.005263262689046162,0,1.318656419975135,0.0060949933879554715,0.0016623137694998292
2023-12-04,442.6639099121094,445.019271433423,440.3860783753154,441.60739008872554,72430900,-0.005263262689046162,435.1131759643555,7.950130510371706,0.9497622633871518,0,0.0,-0.0,0.0,1.3394810413096643,2.2422622258498768,0.00620764417449716,low,-0.0001969830979772495,0,0.9497622633871518,0.00620764417449716,0.0009701808184607284
2023-12-05,442.57672119140625,443.5363064434526,440.89984300542426,441.27787936550914,69793500,-0.0001969830979772495,436.12656860351564,7.511751670579036,0.8586748964497398,0,0.0,-0.0,0.0,1.3394810413096643,2.2418205380901517,0.00623625617623499,low,-0.0040380394094449,0,0.8586748964497398,0.00623625617623499,0.0007328498633768825
2023-12-06,440.7931823730469,444.74786226267736,440.35699117640615,444.7187848215884,69124700,-0.0040380394094449,436.99068756103514,6.957720310722827,0.5465144676987878,0,0.0,-0.0,0.0,1.3394810413096643,2.2327679784084404,0.00639506532340241,medium,0.0076015169239737335,1,0.5465144676987878,0.00639506532340241,6.596254286186689e-05
2023-12-07,444.1566467285156,444.80605282503006,442.27622650644105,442.87718005735604,66995400,0.0076015169239737335,438.007470703125,6.394983573834084,0.9615624425605664,0,0.0,0.0,0.0,1.3394810413096643,2.249740401983619,0.006506889707350961,medium,0.004289978397425525,1,0.9615624425605664,0.006506889707350961,0.0008003418583049573
2023-12-08,446.066162109375,446.59925845337557,443.167972091833,443.4102939900714,83194400,0.004289978397425525,439.28499603271484,5.147088970954277,1.3174759781552638,0,0.0,0.0,0.0,1.3394810413096643,2.259391739707944,0.006058544163754581,low,0.003881911897539441,1,1.3174759781552638,0.006058544163754581,0.0004786420249861865
2023-12-11,447.8011169433594,447.9756111721654,445.35852312344826,445.5717675539386,65002200,0.003881911897539441,440.32116241455077,4.6191453784512895,1.619337326706199,0,0.0,0.0,0.0,1.3394810413096643,2.2681624993835188,0.00530353000065128,low,0.004556936051376139,1,1.619337326706199,0.00530353000065128,0.0023076769423033073
2023-12-12,449.84637451171875,449.94330918636626,446.45386796122364,447.45223299144266,68327600,0.004556936051376139,441.47994537353514,3.858912974433437,2.1680792476052035,-1,0.0,0.0,0.0,1.3394810413096643,2.278498370847339,0.005264821141875312,low,0.01369595676976764,1,2.1680792476052035,0.005264821141875312,0.003258460772173985
2023-12-13,456.0498352050781,456.30185945750105,449.86577532109465,450.22440701550494,93278000,0.01369595676976764,442.5350173950195,4.758869694511825,2.839921804466427,-1,-1.0,-0.014195956769767641,1.0,1.3204658263533091,2.3097045860344503,0.0044288901437385085,low,0.0032042099537144125,1,2.839921804466427,0.0044288901437385085,0.006805260008016493
2023-12-14,457.5134582519531,459.18063413890565,454.83821495932193,457.98839971929596,119026000,0.0032042099537144125,443.6172271728516,5.557298753800047,2.500536986534939,-1,-1.0,-0.0032042099537144125,0.0,1.3162347766089681,2.3171053644591617,0.004432301160261634,low,-0.0016479237608170894,0,2.500536986534939,0.004432301160261634,0.0059257986139646295
2023-12-15,456.7601318359375,458.09346468799856,454.911024624647,456.9158501916579,141553700,-0.0016479237608170894,444.6351150512695,6.012039435115764,2.0167892967978376,-1,-1.0,0.0016479237608170894,0.0,1.318403831172156,2.3132869514727528,0.004518853228453055,low,0.005609369816252359,1,2.0167892967978376,0.004518853228453055,0.0047382181823161056
2023-12-18,459.3294677734375,460.3124269591709,457.30518842783584,458.3659919459903,70375300,0.005609369816252359,445.75433044433595,6.563389188593468,2.068312108124537,-1,-1.0,-0.005609369816252359,0.0,1.3110084165159475,2.326263033474674,0.004571303454248371,low,0.0060623869606101395,1,2.068312108124537,0.004571303454248371,0.005083709766058689
2023-12-19,462.12255859375,462.2004326198957,459.79658439176796,459.8744287176748,55761800,0.0060623869606101395,446.8450302124023,7.373328419740251,2.0719989008553994,-1,-1.0,-0.0060623869606101395,0.0,1.3030605761864111,2.3403657401557605,0.004489085350502618,low,-0.013954090431843811,0,2.0719989008553994,0.004489085350502618,0.005384799947905489
2023-12-20,455.7188415527344,463.1542078983234,455.29062347154826,461.2661635495232,102921000,-0.013954090431843811,447.663525390625,7.4059290246943945,1.0876847638222897,0,-1.0,0.013954090431843811,0.0,1.3212436013046869,2.307708064974038,0.005725459971371617,low,0.009437085303402426,1,1.0876847638222897,0.005725459971371617,-0.0001452094924168007
2023-12-21,460.03985595703125,460.31235562864003,456.2832215195996,458.7065232314146,86667500,0.009437085303402426,448.6132583618164,7.723645637534767,1.4794305864687476,0,0.0,-0.0005,1.0,1.3205829795040347,2.329486102838548,0.005960667666232713,low,0.0020077894795178033,1,1.4794305864687476,0.005960667666232713,0.001101365577520802
2023-12-22,460.9644470214844,462.64812393044707,459.06669078214355,461.16881437336167,67160400,0.0020077894795178033,449.5956512451172,7.991600537687131,1.422593099186291,0,0.0,0.0,0.0,1.3205829795040347,2.3341632205285103,0.005950432488836798,low,0.0042135200459463415,1,1.422593099186291,0.005950432488836798,0.0018325082255877805
2023-12-26,462.91082763671875,463.8159126462135,461.29528326802847,461.37315728833744,55387000,0.0042135200459463415,450.71510314941406,8.218539404413553,1.4839284557977894,0,0.0,0.0,0.0,1.3205829795040347,2.343998264048718,0.0058903790576041734,low,0.001806437231202583,1,1.4839284557977894,0.0058903790576041734,0.001553338271526577
2023-12-27,463.747802734375,463.89377939487036,462.1711954005529,462.70645305578125,68000300,0.001806437231202583,451.8545944213867,8.372965126711541,1.420429696410227,0,0.0,0.0,0.0,1.3205829795040347,2.34823254978277,0.005882337866704251,low,0.0003777232544097465,1,1.420429696410227,0.005882337866704251,0.0007021483256450658
2023-12-28,463.9230041503906,464.75995685713684,463.5045277970175,464.1079178321579,77158100,0.0003777232544097465,453.0183532714844,8.350835264567177,1.3058155901092878,0,0.0,0.0,0.0,1.3205829795040347,2.3491195318235847,0.005856064285590357,low,-0.002899113186312051,0,1.3058155901092878,0.005856064285590357,0.0035685110628957775
2023-12-29,462.5799865722656,464.2539217843669,460.62380998189565,463.72837604213146,122283100,-0.002899113186312051,454.02821197509763,8.217139835843218,1.0407239949678226,0,0.0,-0.0,0.0,1.3205829795040347,2.3423091684126516,0.005970792645844463,low,-0.005612103296437002,0,1.0407239949678226,0.005970792645844463,0.001101271364952882
2024-01-02,459.9912109375,460.9839117212058,457.8890577311239,459.5143439023402,123623700,-0.005612103296437002,454.77777709960935,8.031898540298913,0.6490910974202403,0,0.0,-0.0,0.0,1.3205829795040347,2.3291638874073284,0.006150839185500281,low,-0.008200189787143443,0,0.6490910974202403,0.006150839185500281,-0.00042270719023807906
2024-01-03,456.234619140625,458.570335093064,455.6312290704376,457.83068032303305,103585900,-0.008200189787143443,455.45631256103513,7.510991567167864,0.1036223476793676,0,0.0,-0.0,0.0,1.3205829795040347,2.3100643014852276,0.006356366650395105,medium,-0.0032264257401968485,0,0.1036223476793676,0.006356366650395105,-0.002905449156856036
2024-01-04,454.7649841308594,458.346416709132,454.5411334571291,455.75765509650716,84232200,-0.0032264257401968485,456.0657257080078,6.878843482947634,-0.18909306199114706,0,0.0,-0.0,0.0,1.3205829795040347,2.302611050561406,0.006434792383368337,medium,0.001368835734519112,1,-0.18909306199114706,0.006434792383368337,-0.003912021751135922
2024-01-05,455.3879089355469,457.84040614563645,453.93779478135224,454.96940287212124,86118900,0.001368835734519112,456.7954620361328,5.874162063791086,-0.2396176825393039,0,0.0,0.0,0.0,1.3205829795040347,2.305762946850113,0.006308481834313784,low,0.014174949938735193,1,-0.2396176825393039,0.006308481834313784,-0.003713799255114049
2024-01-08,461.88897705078125,462.0349537185437,455.7576897026201,455.8842127147601,74879100,0.014174949938735193,457.6820785522461,5.161049898153741,0.8151245544128722,0,0.0,0.0,0.0,1.3205829795040347,2.338447021192304,0.006788982507647634,medium,-0.0015180813350134097,0,0.8151245544128722,0.006788982507647634,-0.0002989866301046001
2024-01-09,461.1883239746094,462.21019049238487,458.7260848325078,459.23214725174796,65931400,-0.0015180813350134097,458.4381866455078,4.424944472762247,0.6215077603866076,0,0.0,-0.0,0.0,1.3205829795040347,2.334897068416514,0.006808146506434455,medium,0.005639360133625541,1,0.6215077603866076,0.006808146506434455,0.0005198177621801184
2024-01-10,463.7964782714844,464.6626560070687,461.17852110920177,461.4607624691406,67310600,0.005639360133625541,459.2379547119141,3.803004326590835,1.1986637847600696,0,0.0,0.0,0.0,1.3205829795040347,2.3480643938602612,0.006849455762323129,medium,-0.00044069056713367063,0,1.1986637847600696,0.006849455762323129,0.0032877277463339146
2024-01-11,463.5921325683594,465.3147167416708,459.6116768106503,464.7989126874992,77940700,-0.00044069056713367063,459.9252426147461,3.21267054984141,1.1413837481077245,0,0.0,-0.0,0.0,1.3205829795040347,2.3470296240308643,0.006832991006359663,medium,0.0006924735680979739,1,1.1413837481077245,0.006832991006359663,0.0038448747809465508
2024-01-12,463.91326904296875,465.7818595429952,462.502121615046,465.04220480544996,58026400,0.0006924735680979739,460.31841430664065,3.194548660894876,1.1253091181028028,0,0.0,0.0,0.0,1.3205829795040347,2.3486548800090485,0.00620140267394587,low,-0.003677969687080206,0,1.1253091181028028,0.00620140267394587,0.003709602347662323
2024-01-16,462.21014404296875,463.8451421871986,460.39023221216354,462.53132242501596,85014900,-0.003677969687080206,460.5532485961914,3.149817052709678,0.5260291055164571,0,0.0,-0.0,0.0,1.3205829795040347,2.3400165985549624,0.00625488538906334,low,-0.005574113203379845,0,0.5260291055164571,0.00625488538906334,0.00013901842249924336
2024-01-17,459.6408996582031,460.12750840636863,457.28570024897624,459.183486246918,68843900,-0.005574113203379845,460.69728698730466,3.030852811292784,-0.34854458295219787,0,0.0,-0.0,0.0,1.3205829795040347,2.326973081136829,0.006386426901074006,medium,0.008853358802243035,1,-0.34854458295219787,0.006386426901074006,-0.0006721879511740438
2024-01-18,463.72833251953125,464.2830735453687,459.7673604180853,461.31477246365523,91856200,0.008853358802243035,460.9172302246094,3.0854848085714757,0.9110731276694707,0,0.0,0.0,0.0,1.3205829795040347,2.347574608747294,0.006566637110596785,medium,0.012389103004520771,1,0.9110731276694707,0.006566637110596785,-2.9388217450545055e-05
2024-01-19,469.5092468261719,469.7914881784232,463.7770119836413,464.85726900395974,110834500,0.012389103004520771,461.2865646362305,3.6311944404771195,2.264456592652466,-1,0.0,0.0,0.0,1.3205829795040347,2.3766589523858617,0.006988711284836575,medium,0.0021121166809955232,1,2.264456592652466,0.006988711284836575,0.0025365704968803434
2024-01-22,470.501953125,472.2245371914283,469.8498844138423,471.0469524804882,75844900,0.0021121166809955232,462.0257202148438,3.9304661133991754,2.1565464923511954,-1,-1.0,-0.0026121166809955233,1.0,1.3171334626746334,2.381678733404233,0.006066995720814426,low,0.0029122636446194446,1,2.1565464923511954,0.006066995720814426,0.0028204991194598532
2024-01-23,471.8741760253906,472.1174803762762,469.956966252641,471.0469649925702,49945300,0.0029122636446194446,462.61743621826173,4.469596602136659,2.07104592005099,-1,-1.0,-0.0029122636446194446,0.0,1.3132976227761743,2.3886148097926894,0.005792391670618003,low,0.001092701981678,1,2.07104592005099,0.005792391670618003,0.004138545785799783
2024-01-24,472.39007568359375,475.6795260184098,471.8937252344452,474.7452454966969,81765000,0.001092701981678,463.1887176513672,4.951413627223612,1.8583295044542651,0,-1.0,-0.001092701981678,0.0,1.3118625798612338,2.3912248539288155,0.0057898704055613665,low,0.005424018340687646,1,1.8583295044542651,0.0057898704055613665,0.005471908822811352
2024-01-25,474.95928955078125,475.23178923650255,472.3900110425858,474.52132983790426,72525000,0.005424018340687646,463.7911407470703,5.605562601481986,1.9923332585311488,0,0.0,-0.0005,1.0,1.3112066485713032,2.4041949013932338,0.005828959202803989,low,-0.0012711544240388854,0,1.9923332585311488,0.005828959202803989,0.004786040730500275
2024-01-26,474.3559265136719,476.0201200569098,473.509232074134,474.53109852869903,76641600,-0.0012711544240388854,464.32154693603513,6.082808021527871,1.6496295036969324,0,0.0,-0.0,0.0,1.3112066485713032,2.401138798408076,0.005855026395238139,low,0.00788809518774843,1,1.6496295036969324,0.005855026395238139,0.0020539892447883432
2024-01-29,478.11248779296875,478.258494159002,474.12232032676826,474.66731967923187,61322800,0.00788809518774843,465.03102111816406,6.817063174486211,1.9189299468081593,0,0.0,0.0,0.0,1.3112066485713032,2.420079209808915,0.006042037727168677,low,-0.0007737825651068087,0,1.9189299468081593,0.006042037727168677,0.0032091849461389254
2024-01-30,477.74267578125,478.45310543351826,476.9835377414516,477.4214974259143,58618400,-0.0007737825651068087,465.7891555786133,7.352256699386173,1.625830094266795,0,0.0,-0.0,0.0,1.3112066485713032,2.4182065947101874,0.005978836062268491,low,-0.016451764740123897,0,1.625830094266795,0.005978836062268491,0.0024719757041936742
2024-01-31,469.947265625,475.98119623389044,469.92778226707486,475.533524505223,126011100,-0.016451764740123897,466.2869583129883,7.275682130252776,0.5030878543733915,0,0.0,-0.0,0.0,1.3112066485713032,2.3784228287209994,0.007061511639372058,medium,0.013003274959375977,1,0.5030878543733915,0.007061511639372058,-0.0010369176401667055
2024-02-01,476.0980224609375,476.12721779851535,470.84262409498666,471.65041126837735,91891600,0.013003274959375977,467.2801284790039,7.186446219519029,1.2270173201857975,0,0.0,0.0,0.0,1.3112066485713032,2.4093501147325154,0.007186952672641853,medium,0.010472268034230372,1,1.2270173201857975,0.007186952672641853,0.00047893368357096076
2024-02-02,481.11004638671875,482.7644982110768,476.1952805049677,476.53591254829524,99228200,0.010472268034230372,468.5973815917969,7.186207007985124,1.7412057266118457,0,0.0,0.0,0.0,1.3112066485713032,2.434581474922298,0.007301370513023908,medium,-0.003647872745286307,0,1.7412057266118457,0.007301370513023908,0.002827618175224812
2024-02-05,479.35821533203125,481.13921979443177,477.10037355108614,480.47743909484853,75757100,-0.003647872745286307,469.79589691162107,6.8585960185292105,1.3942093096862072,0,0.0,-0.0,0.0,1.3112066485713032,2.42570043151375,0.007438579512417742,medium,0.0028991631302139782,1,1.3942093096862072,0.007438579512417742,0.0005204245886178646
2024-02-06,480.7499694824219,481.08085985334736,478.8716372206463,480.30226806860526,55918600,0.0028991631302139782,470.73894653320315,7.0092116832350575,1.4282666013873622,0,0.0,0.0,0.0,1.3112066485713032,2.432732932769739,0.006921662288018431,medium,0.008305803853538827,1,1.4282666013873622,0.006921662288018431,0.001255013727682022
2024-02-07,484.7596130371094,485.17808940845316,482.0929770540646,482.9980918458816,70556500,0.008305803853538827,471.9175109863281,7.29468564504747,1.7604736757230997,0,0.0,0.0,0.0,1.3112066485713032,2.452938735337369,0.007006828363099074,medium,0.00044158806002859486,1,1.7604736757230997,0.007006828363099074,0.006206527446414567
2024-02-08,484.9737243652344,485.3532637246949,483.9421162494583,484.759615339305,52343600,0.00044158806002859486,472.97637329101565,7.585047903867507,1.5817106531524276,0,0.0,0.0,0.0,1.3112066485713032,2.4540219237948753,0.006980303719659782,medium,0.0057626993428151006,1,1.5817106531524276,0.006980303719659782,0.003694190066545091
2024-02-09,487.77655029296875,488.21448028265473,485.1391098762786,485.4797418906366,63979400,0.0057626993428151006,474.1855941772461,7.930165740252927,1.7138300208198625,0,0.0,0.0,0.0,1.3112066485713032,2.468163714322382,0.006993083468654071,medium,-0.0004390500819153809,0,1.7138300208198625,0.006993083468654071,0.002752276328262036
2024-02-12,487.56243896484375,490.0149359961155,486.84223792928447,487.747352637465,56502300,-0.0004390500819153809,475.36805267333983,8.079598073631548,1.5092813009227934,0,0.0,-0.0,0.0,1.3112066485713032,2.467080066841428,0.007013387177729119,medium,-0.013868753726107262,0,1.5092813009227934,0.007013387177729119,0.0033940408609362217
2024-02-13,480.84722900390625,483.7766228154562,477.57723287028176,481.2851887040555,113099200,-0.013868753726107262,476.2999069213867,7.538818707342366,0.6031876158648991,0,0.0,-0.0,0.0,1.3112066485713032,2.432864740971816,0.007809764466426686,medium,0.009046689646543062,1,0.6031876158648991,0.007809764466426686,4.045748967197345e-05
2024-02-14,485.217041015625,485.70364975049426,481.1587110987094,483.4847151074999,68387800,0.009046689646543062,477.57871398925784,6.685127915417367,1.142585022008556,0,0.0,0.0,0.0,1.3112066485713032,2.4548741132354053,0.007749850527606423,medium,0.006875980077607977,1,1.142585022008556,0.007749850527606423,0.0001886346482728205
2024-02-15,488.56488037109375,488.74979405458623,485.4408311080291,485.91772783399097,61683000,0.006875980077607977,478.82054138183594,6.270850899693699,1.5539101702663312,0,0.0,0.0,0.0,1.3112066485713032,2.4717537787310473,0.007679613397470405,medium,-0.004992360910690337,0,1.5539101702663312,0.007679613397470405,0.001475513051788697
2024-02-16,486.1318664550781,489.401862888149,485.3922116760664,488.2632150838705,75532900,-0.004992360910690337,479.65167236328125,6.070149321736907,1.0675510186531356,0,0.0,-0.0,0.0,1.3112066485713032,2.4594138917852595,0.007495843732818618,medium,-0.005520632712685064,0,1.0675510186531356,0.007495843732818618,-0.0006754989989123906
2024-02-20,483.45550537109375,485.06130820828355,481.20737545898015,484.3897857981468,71736700,-0.005520632712685064,480.2993499755859,5.723679349388851,0.551420721331083,0,0.0,-0.0,0.0,1.3112066485713032,2.4458363710002375,0.007668201604394491,medium,0.0009053543246796712,1,0.551420721331083,0.007668201604394491,-0.0016918155250663272
2024-02-21,483.8934020996094,484.0491204434422,480.3411646253707,482.15136438471933,59293400,0.0009053543246796712,480.9003112792969,5.415184136470492,0.5527218917920905,0,0.0,0.0,0.0,1.3112066485713032,2.4480507195361816,0.007659918247972312,medium,0.02048429596762575,1,0.5527218917920905,0.007659918247972312,0.0012630060850910595
2024-02-22,493.9078369140625,494.87131264849836,489.54781221335594,490.51131764803023,76402500,0.02048429596762575,481.9761993408203,5.761857687604101,2.070796992940591,-1,0.0,0.0,0.0,1.3112066485713032,2.4981973150189196,0.008782905167409418,medium,0.0006893782079976217,1,2.070796992940591,0.008782905167409418,0.003550527349307597
2024-02-23,494.2484436035156,496.4673780025352,493.51853058146656,495.6303956264625,61321800,0.0006893782079976217,482.940657043457,6.128228297545943,1.845196688345771,0,-1.0,-0.0011893782079976218,1.0,1.309647127957311,2.4999195178071716,0.008755970537946538,medium,-0.003669214722263372,0,1.845196688345771,0.008755970537946538,0.0023132069753855266
2024-02-26,492.4382629394531,495.12435246871587,492.3117399253592,494.6863927584272,50386700,-0.003669214722263372,483.8447738647461,6.128908352295252,1.4021239314973246,0,0.0,-0.0005,1.0,1.3089923043933325,2.4907467763079603,0.008819176594654954,medium,0.0018560848401234628,1,1.4021239314973246,0.008819176594654954,0.0025778362130709194
2024-02-27,493.3531188964844,493.5769696039291,491.2315119659273,493.1292978892794,48854500,0.0018560848401234628,484.6068054199219,6.3230676850220915,1.3832389454379088,0,0.0,0.0,0.0,1.3089923043933325,2.495369813640052,0.008704958773503848,medium,-0.0013225209522424502,0,1.3832389454379088,0.008704958773503848,0.004053179723632625
2024-02-28,492.7010803222656,493.2849870375032,491.4358798053579,491.7959655131677,56506600,-0.0013225209522424502,485.35472564697267,6.35301764690399,1.1563567242526154,0,0.0,-0.0,0.0,1.3089923043933325,2.4920696347779194,0.008713591919220331,medium,0.0035883892489504596,1,1.1563567242526154,0.008713591919220331,0.0036076046682482
2024-02-29,494.4722595214844,496.08780389109205,491.81539515660484,494.4625475441177,83924800,0.0035883892489504596,486.5809753417969,5.537060138446079,1.4251758121417297,0,0.0,0.0,0.0,1.3089923043933325,2.5010121506629925,0.007619082581189329,medium,0.009344480807071108,1,1.4251758121417297,0.007619082581189329,0.00022842332451314195
2024-03-01,499.114501953125,499.5427199698066,494.93942084083443,495.3481852022985,76844800,0.009344480807071108,487.73179931640624,5.634623867157107,2.020135310728698,-1,0.0,0.0,0.0,1.3089923043933325,2.5243828107031145,0.007395358727657159,medium,-0.0010729090301566304,0,2.020135310728698,0.007395358727657159,0.0019594438443278394
2024-03-04,498.57928466796875,500.4284215717115,498.2873313148722,498.3165563504212,49799300,-0.0010729090301566304,488.6052612304687,5.901794324148788,1.6899984800704777,0,-1.0,0.0005729090301566304,1.0,1.309742237904925,2.521674377589939,0.007176204420816108,medium,-0.010044372004997096,0,1.6899984800704777,0.007176204420816108,0.002478704982749187
2024-03-05,493.596435546875,497.02218009273895,491.38724255413155,496.57447866670594,72855600,-0.010044372004997096,489.3171722412109,5.577492202505284,0.7672378822406825,0,0.0,-0.0005,1.0,1.3090873667859726,2.496345742065956,0.007563106763828257,medium,0.005054359174396176,1,0.7672378822406825,0.007563106763828257,9.861361372507579e-05
2024-03-06,496.0975646972656,498.3554361707815,494.8031986362925,496.8761267293977,68382400,0.005054359174396176,490.0845520019531,5.389362284875311,1.1157187766328887,0,0.0,0.0,0.0,1.3090873667859726,2.5089631700698316,0.007599902949052923,medium,0.009877651873592422,1,1.1157187766328887,0.007599902949052923,0.0013739896390528009
2024-03-07,501.0221252441406,502.0732168317548,496.1560374872967,499.39686856549065,58652100,0.009877651873592422,490.8976776123047,5.757884110640553,1.7583625229840938,0,0.0,0.0,0.0,1.3090873667859726,2.533745834827446,0.007680907592836028,medium,-0.006020403477730244,0,1.7583625229840938,0.007680907592836028,0.0026318421639811933
2024-03-08,498.01483154296875,504.3407152276024,497.4406368151398,501.6546849790431,86532500,-0.006020403477730244,491.5497329711914,5.790048147140873,1.1165880503031393,0,0.0,-0.0,0.0,1.3090873667859726,2.5184916625917664,0.007868041959045714,medium,-0.0008602904655958788,0,1.1165880503031393,0.007868041959045714,-0.00044113469297907704
2024-03-11,497.5865783691406,498.1705147342669,494.881035254285,496.80801634913047,62557200,-0.0008602904655958788,492.040234375,5.868574899504078,0.9450921372085249,0,0.0,-0.0,0.0,1.3090873667859726,2.5163250282267557,0.007810680937588371,medium,0.010699980289495934,1,0.9450921372085249,0.007810680937588371,-0.0003986109800669267
2024-03-12,502.9393310546875,503.5232377514132,497.17784111143084,499.6985003866654,73114400,0.010699980289495934,492.8090789794922,6.246179766576859,1.6218316561111497,0,0.0,0.0,0.0,1.3090873667859726,2.5432496564307474,0.008094964970729802,medium,-0.00156879694834559,0,1.6218316561111497,0.008094964970729802,0.003750259478831679
2024-03-13,502.15093994140625,503.4355940031198,500.7105972360643,503.2604220038599,55104100,-0.00156879694834559,493.8742645263672,5.906163498990408,1.4013623931091401,0,0.0,-0.0,0.0,1.3090873667859726,2.5392598141308578,0.007288788151575005,medium,-0.001978803944202582,0,1.4013623931091401,0.007288788151575005,0.0024256282542833257
2024-03-14,501.15826416015625,503.2798707615309,498.112089236963,503.1241227281349,110171800,-0.001978803944202582,494.67132568359375,5.749945447073931,1.1281739168262221,0,0.0,-0.0,0.0,1.3090873667859726,2.5342351167953003,0.00715686638602956,medium,-0.006890161600754669,0,1.1281739168262221,0.00715686638602956,5.433709072432515e-05
2024-03-15,497.7170715332031,499.54266772632866,496.0477073102581,498.08804798108406,107646300,-0.006890161600754669,495.1289352416992,5.600635976643751,0.4621147138105735,0,0.0,-0.0,0.0,1.3090873667859726,2.5167738273062734,0.007285218748968384,medium,0.005925499389508845,1,0.4621147138105735,0.007285218748968384,-0.00011961453388055973
2024-03-18,500.675048828125,503.2327960119457,500.2650442068728,501.7879780994152,88893300,0.005925499389508845,495.85609436035156,5.307453869696551,0.9079597460635032,0,0.0,0.0,0.0,1.3090873667859726,2.5316869690835087,0.007227064310967725,medium,0.005541749658063163,1,0.9079597460635032,0.007227064310967725,0.0012375434371403849
2024-03-19,503.4573669433594,503.7404554386333,498.9763936514032,499.9819506807113,60755300,0.005541749658063163,496.85618743896487,4.69721798561336,1.4053381223976835,0,0.0,0.0,0.0,1.3090873667859726,2.5457169444787504,0.007085509710069733,medium,0.009206943705209159,1,1.4053381223976835,0.007085509710069733,0.0002058973108538307
2024-03-20,508.11407470703125,508.2507627953458,502.84240721032234,503.51601611982346,69594600,0.009206943705209159,498.0672210693359,4.283305733901922,2.3455840562992103,-1,0.0,0.0,0.0,1.3090873667859726,2.5691552170759633,0.007257418706934969,medium,0.0032991996955542306,1,2.3455840562992103,0.007257418706934969,0.0023610454415647804
2024-03-21,509.793212890625,511.6578075346775,509.5100647824686,510.9549424076125,60256100,0.0032991996955542306,498.8614898681641,4.899885075652262,2.2310162082741725,-1,-1.0,-0.0037991996955542306,1.0,1.3041138824606255,2.577631373185972,0.005899057342795578,low,-0.0018976498631431478,0,2.2310162082741725,0.005899057342795578,0.003416646169516143
2024-03-22,508.82672119140625,510.19342318455074,508.59237324097523,509.7053025616341,79070800,-0.0018976498631431478,499.5904037475586,5.249400627198603,1.759499436181674,0,-1.0,0.0018976498631431478,0.0,1.3065886339912,2.5727399313634125,0.0059478409582795835,low,-0.002766695091833191,0,1.759499436181674,0.0059478409582795835,0.0044151485170384475
2024-03-25,507.4208984375,508.57285588251494,507.26466648069925,507.4501546887545,48512100,-0.002766695091833191,500.33953552246095,5.244081840155204,1.3503532421663105,0,0.0,-0.0005,1.0,1.3059353396742046,2.5656219444227464,0.005910234715372731,low,-0.0018486246998525547,0,1.3503532421663105,0.005910234715372731,0.00267670962077004
2024-03-26,506.4837341308594,509.1879415331935,506.0835014250274,508.8462213354942,65463700,-0.0018486246998525547,500.9960662841797,5.144378633772593,1.0667309382426535,0,0.0,-0.0,0.0,1.3059353396742046,2.5608790723258026,0.00595631637094157,low,0.008368605670087502,1,1.0667309382426535,0.00595631637094157,0.0011986347491868962
2024-03-27,510.7400817871094,510.7791695687557,507.14752139258985,509.31480779780867,82999800,0.008368605670087502,501.89801635742185,5.1946164761182185,1.7021594318537514,0,0.0,0.0,0.0,1.3059353396742046,2.5823100594508768,0.006122474923848292,low,-0.00019104436999350314,0,1.7021594318537514,0.006122474923848292,0.0010309671421625652
2024-03-28,510.64251708984375,512.1459071621757,510.359428578344,510.7792051650659,96294900,-0.00019104436999350314,502.70652923583987,5.23624681440863,1.5155870483733407,0,0.0,-0.0,0.0,1.3059353396742046,2.581816723652441,0.006122629226657159,low,-0.0017413385212349357,0,1.5155870483733407,0.006122629226657159,0.0003329183290530185
2024-04-01,509.75408935546875,511.92137584867254,508.5923599199536,511.38445509453464,62477500,-0.0017413385212349357,503.238508605957,5.390306777531195,1.2087587995308742,0,0.0,-0.0,0.0,1.3059353396742046,2.5773209067367766,0.00588256164807241,low,-0.0063783807876179035,0,1.2087587995308742,0.00588256164807241,0.0003641805974346609
2024-04-02,506.5130310058594,506.6496594947848,504.20905639561914,505.92725051103764,74230300,-0.0063783807876179035,503.63519592285155,5.320860875427765,0.540858923092302,0,0.0,-0.0,0.0,1.3059353396742046,2.560881772581721,0.006099189263231456,low,0.001097820971077246,1,0.540858923092302,0.006099189263231456,-0.00035815654172228155
2024-04-03,507.06939697265625,508.5728465002203,505.370746880242,505.41954702145455,59155800,0.001097820971077246,504.3088439941406,4.811502889964769,0.573740272353003,0,0.0,0.0,0.0,1.3059353396742046,2.5636931622961106,0.005540852137666999,low,-0.012281066985207426,0,0.573740272353003,0.005540852137666999,0.0002311325924636785
2024-04-04,500.880126953125,511.4235209921689,500.5774945359362,511.08186037390533,96858100,-0.012281066985207426,504.54797210693357,4.49003568683592,-0.8168855237748148,0,0.0,-0.0,0.0,1.3059353396742046,2.5322082748404338,0.006241860638939439,low,0.01039275055475068,1,-0.8168855237748148,0.006241860638939439,-0.0038988019385953073
2024-04-05,506.11279296875,508.0750476043747,501.79782291081136,502.23714343274935,74546500,0.01039275055475068,504.80250549316406,4.42343824505043,0.2962147096892498,0,0.0,0.0,0.0,1.3059353396742046,2.558524883793526,0.0062836021181890385,low,0.0005591074175295375,1,0.2962147096892498,0.0062836021181890385,-0.0017820429536464708
2024-04-08,506.3958435058594,507.8211772121714,505.58560615213537,506.8156796872345,48401800,0.0005591074175295375,505.22155609130857,4.13409095550985,0.28404972875251633,0,0.0,0.0,0.0,1.3059353396742046,2.559955374033989,0.006093313334442308,low,0.001156044008545736,1,0.28404972875251633,0.006093313334442308,-0.001321953765893576
2024-04-09,506.9815979003906,508.3776156958321,502.12964804913753,508.1335553906493,68049200,0.001156044008545736,505.6913070678711,3.7354277940890497,0.3454198297076685,0,0.0,0.0,0.0,1.3059353396742046,2.5629147951062854,0.006080464478330396,low,-0.010063668144560717,0,0.3454198297076685,0.006080464478330396,0.00018493119333915187
2024-04-10,501.90509033203125,503.8966008078219,499.9233518012494,501.2802817017724,82652800,-0.010063668144560717,505.6395950317383,3.7823939633949495,-0.9873389011955448,0,0.0,-0.0,0.0,1.3059353396742046,2.537122471125551,0.006098054015561682,low,0.007518532495673645,1,-0.9873389011955448,0.006098054015561682,-0.0020473666297884407
2024-04-11,505.6929016113281,507.13771940586537,499.9135708481498,503.42801505622447,70099000,0.007518532495673645,505.8166931152344,3.6922994576961727,-0.03352694041330593,0,0.0,0.0,0.0,1.3059353396742046,2.5561979088702125,0.0063176771951896716,low,-0.013899132940491773,0,-0.03352694041330593,0.0063176771951896716,0.0019125532663877738
2024-04-12,498.71282958984375,503.56474960986543,496.9848635757255,502.14918793409277,92561100,-0.013899132940491773,505.6944213867188,3.8898879673134648,-1.7948053660005099,0,0.0,-0.0,0.0,1.3059353396742046,2.5206689743126183,0.007066942915124242,medium,-0.012607239535032184,0,-1.7948053660005099,0.007066942915124242,-0.002945823432660717
2024-04-15,492.46490478515625,503.05709839116423,491.61554988176164,502.8911540643935,92101400,-0.012607239535032184,505.4318130493164,4.573931141260904,-2.8349592207865104,1,0.0,-0.0,0.0,1.3059353396742046,2.4888902967649353,0.0074548795743140765,medium,-0.0018254760285401276,0,-2.8349592207865104,0.0074548795743140765,-0.005579092823173061
2024-04-16,491.5667419433594,494.4661795680653,490.27809637848605,492.94324564322153,73484000,-0.0018254760285401276,504.9763977050781,5.443303001791003,-2.4635144795920008,1,1.0,-0.0023254760285401277,1.0,1.3028984183469687,2.484346887190525,0.007301490866533299,medium,-0.005935760247295957,0,-2.4635144795920008,0.007301490866533299,-0.006175396830590233
2024-04-17,488.6575622558594,494.1928634388067,487.2615443714678,494.0268893119992,75910300,-0.005935760247295957,504.2364074707031,6.553450793850941,-2.3771972514787576,1,1.0,-0.005935760247295957,0.0,1.2951647257090801,2.469600399697046,0.007217620985030404,medium,-0.0020599092446938207,0,-2.3771972514787576,0.007217620985030404,-0.005349815251137282
2024-04-18,487.6520080566406,492.15249561510325,486.71482481856754,490.0535829309475,74548100,-0.0020599092446938207,503.2133041381836,7.451873028378204,-2.088239563701972,1,1.0,-0.0020599092446938207,0.0,1.2924968039171907,2.4645132470030107,0.006764062641212394,medium,-0.008766688511050677,0,-2.088239563701972,0.006764062641212394,-0.007265503599210775
2024-04-19,483.3955993652344,488.569665842459,482.12646792132756,487.5739105371773,102212600,-0.008766688511050677,501.89342346191404,8.49049730201799,-2.1786502531816563,1,1.0,-0.008766688511050677,0.0,1.28116588703572,2.442907627035177,0.006799356059326606,medium,0.00916693679921957,1,-2.1786502531816563,0.006799356059326606,-0.006239014713322557
2024-04-22,487.84722900390625,490.4440340397871,483.6591461256328,486.0021189287348,67961000,0.00916693679921957,500.8444488525391,8.876048050794024,-1.4643025560761957,0,1.0,0.00916693679921957,0.0,1.2929102537514925,2.46530160685854,0.007296481546845104,medium,0.011796816127652866,1,-1.4643025560761957,0.007296481546845104,-0.0018841794464722055
2024-04-23,493.6363525390625,494.0659010467374,487.6617612136965,489.85830389464087,64633600,0.011796816127652866,500.1552215576172,8.873694504544336,-0.7346285152386429,0,0.0,-0.0005,1.0,1.2922637986246168,2.4943843166138575,0.00792650346765059,medium,-0.00047465817279098024,0,-0.7346285152386429,0.00792650346765059,0.0008402789847663933
2024-04-24,493.402099609375,495.31552414024065,491.1762707245871,494.52477110173174,55928100,-0.00047465817279098024,499.50113983154296,8.864787691850548,-0.6880074779201809,0,0.0,-0.0,0.0,1.2922637986246168,2.493200336711895,0.007928155439266608,medium,-0.0038062052113857162,0,-0.6880074779201809,0.007928155439266608,0.0019324993996673884
2024-04-25,491.5276794433594,492.28914639879576,485.6702321576898,487.3200821932215,69122400,-0.0038062052113857162,498.54051971435547,8.6203895067102,-0.8135177958649347,0,0.0,-0.0,0.0,1.2922637986246168,2.4837107045972737,0.007606925241261356,medium,0.009429351780170169,1,-0.8135177958649347,0.007606925241261356,0.0015832402063290095
2024-04-26,496.18438720703125,497.7658932650639,493.6852119906925,494.3197628446228,64306100,0.009429351780170169,497.81761322021487,8.14523539652395,-0.20051305256083943,0,0.0,0.0,0.0,1.2922637986246168,2.507130486551096,0.00801504033154467,medium,0.0035352349373046796,1,-0.20051305256083943,0.00801504033154467,0.005222448264573179
2024-04-29,497.9416198730469,498.61522873285696,495.1983842873063,497.97090591945084,46415400,0.0035352349373046796,497.22698974609375,7.647192560155218,0.09344999767321406,0,0.0,0.0,0.0,1.2922637986246168,2.5159937818395335,0.0080909485962909,medium,-0.015968153096321675,0,0.09344999767321406,0.0080909485962909,0.0040961078921902
2024-04-30,490.0535583496094,497.45345338662946,490.0535583496094,496.47721220645434,77483600,-0.015968153096321675,496.4040161132813,7.479070342966258,-0.8490972102761714,0,0.0,-0.0,0.0,1.2922637986246168,2.4758180079417262,0.008678532898376995,medium,-0.0032523098381237957,0,-0.8490972102761714,0.008678532898376995,-0.0014568859526047078
2024-05-01,488.46234130859375,496.11606953951656,487.9937347584278,489.46786865773555,80242800,-0.0032523098381237957,495.4736633300781,7.235883150948248,-0.9689656224707768,0,0.0,-0.0,0.0,1.2922637986246168,2.4677658806770935,0.008660488145786231,medium,0.009309871920648747,1,-0.9689656224707768,0.008660488145786231,-0.002012416285671271
2024-05-02,493.0310974121094,493.8706803453591,487.6812848525579,492.1720003799534,62550200,0.009309871920648747,495.08121185302736,7.139430946764968,-0.28715376004118814,0,0.0,0.0,0.0,1.2922637986246168,2.4907404649563443,0.00863998206509956,medium,0.01231916583607324,1,-0.28715376004118814,0.00863998206509956,0.0006107991407356218
2024-05-03,499.14239501953125,500.372438730604,496.47724569258963,499.01547889074567,72756700,0.01231916583607324,494.7326919555664,6.731020549232048,0.6551314220052358,0,0.0,0.0,0.0,1.2922637986246168,2.5214243097987596,0.008780799111904542,medium,0.010273837580908714,1,0.6551314220052358,0.008780799111904542,0.0011887619519162361
2024-05-06,504.29693603515625,504.3359642334882,501.1046081667102,501.54392863434595,47264700,0.010273837580908714,494.62774658203125,6.553630994983827,1.4753942448889528,0,0.0,0.0,0.0,1.2922637986246168,2.5473290136301867,0.009116032983330908,medium,0.0011029448460288668,1,1.4753942448889528,0.009116032983330908,0.002536482480637043
2024-05-07,504.85345458984375,506.2494725384783,504.17984569021877,505.2634592637331,52561300,0.0011029448460288668,494.5213394165039,6.356813656133267,1.6253607124964364,0,0.0,0.0,0.0,1.2922637986246168,2.55013857703691,0.009115622633876178,medium,9.641053317012243e-05,1,1.6253607124964364,0.009115622633876178,0.005950702069107151
2024-05-08,504.9021301269531,505.439050807753,502.90084781577497,503.017991979403,42047200,9.641053317012243e-05,494.67119140625,6.57172749512005,1.5568111624074943,0,0.0,0.0,0.0,1.2922637986246168,2.55038443725678,0.008815779239739037,medium,0.0057455728259878025,1,1.5568111624074943,0.008815779239739037,0.006620446143365935
2024-05-09,507.8114318847656,507.8505196720802,504.4336750443816,505.0877400464436,43643700,0.0057455728259878025,494.77711791992186,6.7727311547454745,1.9245284755930347,0,0.0,0.0,0.0,1.2922637986246168,2.5650378567753047,0.008748001153162023,medium,0.0012873347960498161,1,1.9245284755930347,0.008748001153162023,0.005907586324433746
2024-05-10,508.465576171875,510.2227987029079,507.2452744718461,509.4125016902763,52233200,0.0012873347960498161,495.26475524902344,7.393653460078048,1.7854259729819977,0,0.0,0.0,0.0,1.2922637986246168,2.5683399192615166,0.008093577646132248,medium,0.00013389334901651076,1,1.7854259729819977,0.008093577646132248,0.0037012201164290616
2024-05-13,508.5336608886719,510.2518545410418,507.3914756298885,510.1444823340238,36716400,0.00013389334901651076,496.06819305419924,7.927203550150609,1.5724924628983195,0,0.0,0.0,0.0,1.2922637986246168,2.568683802894719,0.007444166727183573,medium,0.004577761746752934,1,1.5724924628983195,0.007444166727183573,0.0016732312700506204
2024-05-14,510.866943359375,511.38437973067596,508.1920523436628,508.72897301867357,57535900,0.004577761746752934,497.033203125,8.504134060132992,1.6267076855275562,0,0.0,0.0,0.0,1.2922637986246168,2.580442625347114,0.007426519207376909,medium,0.012307281727225604,1,1.6267076855275562,0.007426519207376909,0.002368194650195434
2024-05-15,517.1931762695312,517.4860367605042,512.7024302627835,513.3370109807618,59504900,0.012307281727225604,498.4599838256836,9.374221988781242,1.9983730347187125,0,0.0,0.0,0.0,1.2922637986246168,2.612200859718203,0.007529763644752857,medium,-0.002059782357850715,0,1.9983730347187125,0.007529763644752857,0.0048103688890065305
2024-05-16,516.1289672851562,518.8917465910545,515.9825072697596,517.2906967075278,50244800,-0.002059782357850715,499.8838317871094,9.799244052277317,1.6577947657372143,0,0.0,-0.0,0.0,1.2922637986246168,2.6068202944721928,0.007529759301023722,medium,0.0014363651176627287,1,1.6577947657372143,0.007529759301023722,0.003249297852238827
2024-05-17,516.870849609375,516.9391936348987,514.7914513506761,516.2460410203236,59187600,0.0014363651176627287,501.5575942993164,9.693041028100875,1.5798195082084439,0,0.0,0.0,0.0,1.2922637986246168,2.610564640211188,0.007031299905668354,medium,0.0011516187840642667,1,1.5798195082084439,0.007031299905668354,0.0032791039165614095
2024-05-20,517.4664306640625,518.930792527948,516.5975616577482,516.9880819887991,37764200,0.0011516187840642667,503.0385543823242,9.750567987973712,1.4796959827913145,0,0.0,0.0,0.0,1.2922637986246168,2.6135710154878695,0.006909544585360155,medium,0.002449531425223931,1,1.4796959827913145,0.006909544585360155,0.0034826490035709612
2024-05-21,518.7355346679688,518.8917666350982,516.4999636631139,516.7049957755823,33437000,0.002449531425223931,504.2935134887695,10.086189852527331,1.4318609296830203,0,0.0,0.0,0.0,1.2922637986246168,2.6199730398223617,0.006588091983675047,medium,-0.0028835635878153875,0,1.4318609296830203,0.006588091983675047,0.00305700293926516
2024-05-22,517.2418823242188,518.7550442398426,515.064823969773,518.0424072439434,48390000,-0.0028835635878153875,505.4855026245117,10.139848141433319,1.1594236457712108,0,0.0,-0.0,0.0,1.2922637986246168,2.612418180963672,0.006666501662692491,medium,-0.007331080317254154,0,1.1594236457712108,0.006666501662692491,1.883387625696174e-05
2024-05-23,513.4638061523438,520.4048662857896,512.2532170997966,520.2974940619036,57211200,-0.007331080317254154,506.5823089599609,9.728651939858857,0.7073433436537006,0,0.0,-0.0,0.0,1.2922637986246168,2.5932663334567723,0.006881215775407729,medium,0.006594835950507941,1,0.7073433436537006,0.006881215775407729,-0.001035425715623726
2024-05-24,516.8612060546875,517.6715030328614,514.3620306627067,515.3089561408403,41291100,0.006594835950507941,507.61614990234375,9.663956663789468,0.9566533123006102,0,0.0,0.0,0.0,1.2922637986246168,2.6103684995018948,0.006752094426829587,medium,0.000698483273860056,1,0.9566533123006102,0.006752094426829587,-3.73154905468371e-06
2024-05-28,517.2223510742188,517.9057318355667,514.5864879004678,517.6714434796838,36269600,0.000698483273860056,508.58018646240237,9.60960141973298,0.8993260213758711,0,0.0,0.0,0.0,1.2922637986246168,2.6121917982374083,0.006748855575650622,medium,-0.007027205954460208,0,0.8993260213758711,0.006748855575650622,-9.435865109552585e-05
2024-05-29,513.6004638671875,514.7817371522767,512.8878268689698,513.1904592530791,45190300,-0.007027205954460208,509.7575317382813,8.610852233312988,0.4462894060635478,0,0.0,-0.0,0.0,1.2922637986246168,2.5938353884786425,0.005720829839201931,low,-0.006655865649663677,0,0.4462894060635478,0.005720829839201931,-0.0019897061270323533
2024-05-30,510.193359375,512.721850102888,508.9438017208339,512.0580132889513,46377600,-0.006655865649663677,510.8440826416016,7.003313879034154,-0.09291647894715192,0,0.0,-0.0,0.0,1.2922637986246168,2.5765711686155854,0.005942474331186113,low,0.00906702780832683,1,-0.09291647894715192,0.005942474331186113,-0.002744166539402012
2024-05-31,514.84033203125,514.9672481577884,506.0443890267406,511.15017117084983,90785800,0.00906702780832683,511.9345443725586,5.651116010607998,0.5141971343778455,0,0.0,0.0,0.0,1.2922637986246168,2.599933011051556,0.005927360242146491,low,0.0008150657972758407,1,0.5141971343778455,0.005927360242146491,0.000535455085714185
2024-06-03,515.2601318359375,516.7342656913833,510.18366530067414,516.4511771729021,46835700,0.0008150657972758407,512.7404312133789,4.818814584761511,0.5228880626630957,0,0.0,0.0,0.0,1.2922637986246168,2.6020521275240727,0.0054271183522152135,low,0.0011173541347995171,1,0.5228880626630957,0.0054271183522152135,-0.000620498944932235
2024-06-04,515.836181640625,516.578134600827,512.4876809576447,513.9520429838191,34632700,0.0011173541347995171,513.3173934936524,4.429754991857425,0.5686066501651973,0,0.0,0.0,0.0,1.2922637986246168,2.6049595412277258,0.005027414703271265,low,0.011814974572177242,1,0.5686066501651973,0.005027414703271265,-0.0005367247727443428
2024-06-05,521.9669189453125,521.9864628385163,516.1680432425981,518.1596136281009,47610400,0.011814974572177242,514.1730667114258,4.3610980759256766,1.787130694654784,0,0.0,0.0,0.0,1.2922637986246168,2.6357370719688817,0.005566005616616824,low,-1.8709454566146043e-05,0,1.787130694654784,0.005566005616616824,0.0032317113325831467
2024-06-06,521.9571533203125,522.6991062505612,520.0242145910106,522.2695576901561,30808500,-1.8709454566146043e-05,515.0258178710938,4.113280164386722,1.685111437152055,0,0.0,-0.0,0.0,1.2922637986246168,2.6356877587658856,0.005567774328713755,low,-0.0012165147718674742,0,1.685111437152055,0.005567774328713755,0.004559142571602654
2024-06-07,521.3225708007812,524.1341502130953,519.8874652579173,520.9808506310355,43224500,-0.0012165147718674742,515.7013748168945,3.9731770998017018,1.4147861629846084,0,0.0,-0.0,0.0,1.2922637986246168,2.6324814056733166,0.005516365860550552,low,0.0030849126416061046,1,1.4147861629846084,0.005516365860550552,0.002502434055563793
2024-06-10,522.9332885742188,523.2554648254413,519.9167369014993,520.5122296802525,35686100,0.0030849126416061046,516.4247604370117,3.9028643227601996,1.6676285924805145,0,0.0,0.0,0.0,1.2922637986246168,2.6406023808404715,0.005530552555451153,low,0.002405674146507986,1,1.6676285924805145,0.005530552555451153,0.002956403424429846
2024-06-11,524.1928100585938,524.2513821567796,519.4092035615838,521.3812301755825,36383400,0.002405674146507986,517.2077178955078,3.8060017957848777,1.8352834648743155,0,0.0,0.0,0.0,1.2922637986246168,2.6469548097192668,0.005526447014983569,low,0.008179303958639465,1,1.8352834648743155,0.005526447014983569,0.00321406742677154
2024-06-12,528.4979248046875,531.1923600659605,527.4631115100716,528.7615289974312,63251300,0.008179303958639465,518.0892669677735,4.273222121652132,2.4357867530859303,-1,0.0,0.0,0.0,1.2922637986246168,2.6686050576727434,0.005687772916502142,low,0.002011508440890245,1,2.4357867530859303,0.005687772916502142,0.0024869333040639843
2024-06-13,529.5620727539062,530.4211698122318,526.7700371068663,530.2454535391702,44760900,0.002011508440890245,518.7077117919922,4.974254415293781,2.1821081222828806,-1,-1.0,-0.002511508440890245,1.0,1.2890182671865142,2.6739729792716544,0.005113833390172952,low,0.0006082509034041797,1,2.1821081222828806,0.005113833390172952,0.0028929768831552623
2024-06-14,529.88427734375,529.9135335983043,527.0238379218912,528.0293950539849,40089900,0.0006082509034041797,519.3954772949219,5.5199456487317216,1.900163645857285,0,-1.0,-0.0006082509034041797,0.0,1.2882342206609936,2.675599425751975,0.00505933363847499,low,0.007927489028795783,1,1.900163645857285,0.00505933363847499,0.0032579300182095936
2024-06-17,534.1016235351562,535.4977011129996,528.7420680092554,529.2009324320882,55839500,0.007927489028795783,520.2570159912109,6.382452148452844,2.1691674644676184,-1,0.0,-0.0005,1.0,1.2875901035506632,2.6968102108450758,0.0052712854253714,low,0.0025373688106628722,1,2.1691674644676184,0.0052712854253714,0.004226445295647528
2024-06-18,535.4585571289062,535.585473259027,533.7403629842298,534.16013957423,41376400,0.0025373688106628722,521.1566223144531,7.185848185936008,1.9902918130728946,0,-1.0,-0.0030373688106628723,1.0,1.2836792175292202,2.7036530129623513,0.005273639747236411,low,-0.0027202276049832995,0,1.9902918130728946,0.005273639747236411,0.004252784228478506
2024-06-20,534.0039672851562,537.0498352385172,532.2272010481894,536.385998334327,70328200,-0.0027202276049832995,521.9200439453125,7.7072359184492605,1.5678673220470334,0,0.0,-0.0005,1.0,1.2830373779204556,2.6962984614021948,0.005361397099728685,low,-0.0013416056626281395,0,1.5678673220470334,0.005361397099728685,0.0020728779157539534
2024-06-21,533.2880249023438,534.4045446160707,531.828742363983,533.1803062748603,64338600,-0.0013416056626281395,522.7223510742188,8.023321548869411,1.3168702966433943,0,0.0,-0.0,0.0,1.2830373779204556,2.6926810921182422,0.005306599689496305,low,-0.003255921869277183,0,1.3168702966433943,0.005306599689496305,0.001402255095050276
2024-06-24,531.5545043945312,535.6777608035513,531.4369822915095,533.1117619254674,45528700,-0.003255921869277183,523.6268859863281,7.9439573026926995,0.9979432298202233,0,0.0,-0.0,0.0,1.2830373779204556,2.6839139328634256,0.005018995049925894,low,0.0038434532800629036,1,0.9979432298202233,0.005018995049925894,0.0006294205405140037
2024-06-25,533.6014404296875,533.9638101987721,531.260682360104,532.7787259572508,37936200,0.0038434532800629036,524.4638977050781,8.074417801963687,1.1316658301217875,0,0.0,0.0,0.0,1.2830373779204556,2.6942294306720957,0.004915307313485175,low,0.0012473735559663498,1,1.1316658301217875,0.004915307313485175,-0.00018738660923257218
2024-06-26,534.2674560546875,534.9823921713983,531.8385861304241,532.4849577215607,38550600,0.0012473735559663498,525.3161529541015,8.168847153379287,1.0957853577763401,0,0.0,0.0,0.0,1.2830373779204556,2.6975901412176224,0.004911576517971603,low,0.0015751679490797151,1,1.0957853577763401,0.004911576517971603,-0.00044538566017187666
2024-06-27,535.1096801757812,535.6875469780335,533.3859430174333,534.1302894973802,35041500,0.0015751679490797151,526.3916137695312,7.9584271715094985,1.0954509249591415,0,0.0,0.0,0.0,1.2830373779204556,2.7018392987478217,0.004471285569976937,low,-0.003942868108871373,0,1.0954509249591415,0.004471285569976937,0.00041369345064072626
2024-06-28,533.0039672851562,538.9391321933387,531.7601817698417,535.8833782760337,76144500,-0.003942868108871373,527.5321441650391,7.103439788560011,0.7703061168941642,0,0.0,-0.0,0.0,1.2830373779204556,2.6911863027414937,0.004227745302374226,low,0.0020561168863561536,1,0.7703061168941642,0.004227745302374226,-0.0001065590386079205
2024-07-01,534.1010131835938,534.6298627037072,531.3391239129029,534.3850150000353,40297800,0.0020561168863561536,528.4951782226562,6.578423794517214,0.8521547312913592,0,0.0,0.0,0.0,1.2830373779204556,2.696719696342891,0.003905642570787641,low,0.0067070817549536865,1,0.8521547312913592,0.003905642570787641,0.0009558487125187469
2024-07-02,537.6953125,537.6953125,532.4457925507478,532.4947501316359,40434800,0.0067070817549536865,529.6169372558594,6.098087206900001,1.3247392124861548,0,0.0,0.0,0.0,1.2830373779204556,2.714806815816457,0.0040443030779844565,low,0.0044527036595634105,1,1.3247392124861548,0.0040443030779844565,0.0015285744074969034
2024-07-03,540.0948486328125,540.457218430894,537.3427629954197,537.381917105902,32789900,0.0044527036595634105,530.8298706054687,5.60544819261027,1.6528523159946256,0,0.0,0.0,0.0,1.2830373779204556,2.7268950460602506,0.00406899639485007,low,0.005749795516621325,1,1.6528523159946256,0.00406899639485007,0.0021696404282163157
2024-07-05,543.209228515625,543.6107523683424,539.7617544001083,540.3983822148235,41488400,0.005749795516621325,531.8919860839844,5.845082250126363,1.9361990041108346,0,0.0,0.0,0.0,1.2830373779204556,2.7425741349703845,0.0035099704538094894,low,0.0011533873169999632,1,1.9361990041108346,0.0035099704538094894,0.0030045659417246378
2024-07-08,543.8361206054688,544.786100933334,542.7685583933277,543.9927968223914,36110500,0.0011533873169999632,532.9859344482422,5.93456303830187,1.8283041375075215,0,0.0,0.0,0.0,1.2830373779204556,2.7457373851935913,0.003484278113401106,low,0.0009718951024171976,1,1.8283041375075215,0.003484278113401106,0.004023817026898905
2024-07-09,544.3649291992188,545.6968861634513,544.0711239537649,544.795863484972,27289700,0.0009718951024171976,534.138052368164,5.785925239195732,1.7675438945831055,0,0.0,0.0,0.0,1.2830373779204556,2.7484059539107846,0.0034097596257496735,low,0.009846779377452432,1,1.7675438945831055,0.0034097596257496735,0.0038069726701111133
2024-07-10,549.7516479492188,550.0944108163902,545.2954317896393,545.5892370725392,38701200,0.009846779377452432,535.478970336914,6.148761543723606,2.321228024670053,-1,0.0,0.0,0.0,1.2830373779204556,2.7754689009786206,0.0038169520387888855,low,-0.008660226248630587,0,2.321228024670053,0.0038169520387888855,0.004434912194610863
2024-07-11,545.01123046875,550.7407010140586,544.3746624818856,549.8690290838814,53054200,-0.008660226248630587,536.5198913574219,5.894486004484551,1.4405563275352344,0,-1.0,0.008160226248630586,1.0,1.2935072532097363,2.7514327123501077,0.004560969786031443,low,0.006287958711312465,1,1.4405563275352344,0.004560969786031443,0.0018123262129720636
2024-07-12,548.4490356445312,552.0531865568831,545.667599292853,546.1376877405125,53084400,0.006287958711312465,537.517446899414,6.148189869454854,1.778017429069166,0,0.0,-0.0005,1.0,1.2928604995831314,2.7687336076423197,0.00444303833922241,low,0.0027463455559277195,1,1.778017429069166,0.00444303833922241,0.0019199588519102913
2024-07-15,549.9573364257812,553.1991175344059,548.0964700225896,550.4470318184875,40584300,0.0027463455559277195,538.5372100830078,6.4435568363712115,1.7723326778638047,0,0.0,0.0,0.0,1.2928604995831314,2.776337506881216,0.0044474562697590534,low,0.0059124568606053005,1,1.7723326778638047,0.0044474562697590534,0.0022385504996958426
2024-07-16,553.2185668945312,553.5123721227574,550.5154392403327,551.2695891404957,36475300,0.0059124568606053005,539.7039245605469,6.891312642368491,1.9611129309233486,0,0.0,0.0,0.0,1.2928604995831314,2.7927524826211316,0.004524513129615188,low,-0.01412017750830266,0,1.9611129309233486,0.004524513129615188,0.003226662851333463
2024-07-17,545.4619140625,548.9583463886919,545.1386983611491,547.2835666023501,57119000,-0.01412017750830266,540.271939086914,6.873402072844543,0.7550809512643748,0,0.0,-0.0,0.0,1.2928604995831314,2.7533183218297683,0.0056016721277538355,low,-0.007714605453021677,0,0.7550809512643748,0.0056016721277538355,-0.0015667285258175554
2024-07-18,541.2700805664062,547.988746727991,539.0860582622142,546.9995524787638,56270400,-0.007714605453021677,540.5625152587891,6.781431363234127,0.10433863733448497,0,0.0,-0.0,0.0,1.2928604995831314,2.7320775572902756,0.005918725031105297,low,-0.0066628645941847215,0,0.10433863733448497,0.005918725031105297,-0.0013776043666957733
2024-07-19,537.6756591796875,542.6607838512468,536.6179005483158,541.0349619096787,65509100,-0.0066628645941847215,540.7460998535156,6.642818582901269,-0.4622195586872522,0,0.0,-0.0,0.0,1.2928604995831314,2.7138740944652393,0.006096020062597065,low,0.010257253083666889,1,-0.4622195586872522,0.006096020062597065,-0.003967769027795211
2024-07-22,543.2191162109375,543.8263337080781,539.6639229224022,541.6030975244146,43346700,0.010257253083666889,541.2426544189453,6.423539502155151,0.30769045497876135,0,0.0,0.0,0.0,1.2928604995831314,2.7417109878893764,0.006467752342381481,medium,-0.0015697527669806866,0,0.30769045497876135,0.006467752342381481,-0.0024655875222473764
2024-07-23,542.3670654296875,545.2660239376293,541.8773700301276,543.1113522241114,34439600,-0.0015697527669806866,541.7832824707032,6.0067234714975655,0.09718825275617086,0,0.0,-0.0,0.0,1.2928604995831314,2.7374071794798756,0.006421240890149505,medium,-0.022923334264055708,0,0.09718825275617086,0.006421240890149505,-0.003962029447764574
2024-07-24,530.0756225585938,537.8519873002513,529.1549928867055,537.5483785668235,74515300,-0.022923334264055708,541.6069915771484,6.303879349667985,-1.8292496380283645,0,0.0,-0.0,0.0,1.2928604995831314,2.6746566796878324,0.008310422894471294,medium,-0.00522389781809337,0,-1.8292496380283645,0.008310422894471294,-0.005722660798915184
2024-07-25,527.3137817382812,536.1773164246895,526.3736048145187,530.193193121847,61158300,-0.00522389781809337,541.2593078613281,6.894117968604769,-2.0228151282808944,1,0.0,-0.0,0.0,1.2928604995831314,2.6606845464946622,0.008371469740836763,medium,0.011137229224869242,1,-2.0228151282808944,0.008371469740836763,-0.005224519271929523
2024-07-26,533.2194213867188,535.9127455404142,530.3302071573028,531.1039639898098,53763800,0.011137229224869242,541.164794921875,6.995079431003921,-1.1358517960411416,0,1.0,0.010637229224869241,1.0,1.3066129530729762,2.6903172001840407,0.008769146653680556,medium,0.0005878357760509248,1,-1.1358517960411416,0.008769146653680556,-0.0016645005081187304
2024-07-29,533.532958984375,535.7757424689108,531.5349634304656,534.767000996549,39515800,0.0005878357760509248,541.1912445068359,6.963526817885574,-1.0997710962770872,0,0.0,-0.0005,1.0,1.3059596465964398,2.691898664883234,0.008725151172447198,medium,-0.00507957100838438,0,-1.0997710962770872,0.008725151172447198,-0.0035983839696419237
2024-07-30,530.8297119140625,536.0596840862061,527.4214517116767,535.001925487195,46853600,-0.00507957100838438,541.0276794433594,7.174069959818549,-1.4215037749025252,0,0.0,-0.0,0.0,1.3059596465964398,2.6782249744675846,0.008784476036985229,medium,0.01612400909867429,1,-1.4215037749025252,0.008784476036985229,-0.004300347617922662
2024-07-31,539.4581909179688,542.0927543010554,536.2947780748914,537.6658891932146,65663400,0.01612400909867429,541.1158233642578,7.141728943512042,-0.23210520301179646,0,0.0,0.0,0.0,1.3059596465964398,2.7214086983241965,0.009410306914517249,medium,-0.014262136750138165,0,-0.23210520301179646,0.009410306914517249,0.0035091210546233376
2024-08-01,531.8189697265625,543.4345294348678,528.3127341764186,541.1819427118934,76428700,-0.014262136750138165,540.7020294189454,7.437621802007696,-1.1943414076237358,0,0.0,-0.0,0.0,1.3059596465964398,2.6825955953156813,0.009880121293711686,high,-0.018793890858791885,0,-1.1943414076237358,0.009880121293711686,0.0017014732682143784
2024-08-02,521.9173583984375,525.9230331199286,517.7059303208597,524.7085981454201,82789100,-0.018793890858791885,539.6374359130859,8.506829376288152,-2.0830413695661036,1,0.0,-0.0,0.0,1.3059596465964398,2.6321791864790423,0.010530282814971108,high,-0.029556334139339543,0,-2.0830413695661036,0.010530282814971108,-0.004284750748517847
2024-08-05,506.7171325683594,512.7893664733926,499.75364959699385,501.0954398761734,146267400,-0.029556334139339543,537.7814865112305,11.173707932431077,-2.7801294011550546,1,1.0,-0.030056334139339544,1.0,1.2667072870858436,2.554381618928853,0.012159355805365915,high,0.009177524526670882,1,-2.7801294011550546,0.012159355805365915,-0.01031358473159594
2024-08-06,511.3889465332031,518.832292941033,507.19712508166475,508.5192787931633,84826300,0.009177524526670882,536.1326873779296,12.504813615169695,-1.978737277196173,0,1.0,0.009177524526670882,0.0,1.2783325242811867,2.57782451888705,0.012454283173104857,high,-0.0067064933581381546,0,-1.978737277196173,0.012454283173104857,-0.007462165624584888
2024-08-07,507.9707946777344,520.6343700428232,507.3733806496258,517.5786158200011,70698300,-0.0067064933581381546,534.0436447143554,13.555676682061128,-1.9233897833462266,0,0.0,-0.0005,1.0,1.2776933580190462,2.560536355872688,0.012091648396850448,high,0.02285409726696231,1,-1.9233897833462266,0.012091648396850448,-0.012028266115947376
2024-08-08,519.7136840820312,520.3404486814812,511.08525465156777,513.1125407389065,63276600,0.02285409726696231,532.7787673950195,13.658297223083165,-0.9565675061535218,0,0.0,0.0,0.0,1.2776933580190462,2.619055102805396,0.013425626527497172,high,0.004399824880407066,1,-0.9565675061535218,0.013425626527497172,-0.004605019312527282
2024-08-09,522.00537109375,523.4940638910218,517.6666780356554,518.8909162499233,45619600,0.004399824880407066,531.4565841674805,13.337675108615088,-0.7086102335500566,0,0.0,0.0,0.0,1.2776933580190462,2.6305784866098767,0.01336800835254177,high,0.0005254370380520798,1,-0.7086102335500566,0.01336800835254177,3.372383531250866e-05
2024-08-12,522.2797241210938,524.6889871074426,520.0075304089534,523.2003538167259,42542100,0.0005254370380520798,530.0727035522461,12.73952073749454,-0.6117168449058171,0,0.0,0.0,0.0,1.2776933580190462,2.6319606899782446,0.013331564046831803,high,0.016311892133958793,1,-0.6117168449058171,0.013331564046831803,0.006050078070790834
2024-08-13,530.8689575195312,531.1040615199245,525.2277168327499,525.4725645280489,52333100,0.016311892133958793,528.9552230834961,11.524664996523956,0.16605553711213059,0,0.0,0.0,0.0,1.2776933580190462,2.67489294885399,0.013872150509137102,high,0.0031497556912539145,1,0.16605553711213059,0.013872150509137102,0.007476951592248415
2024-08-14,532.543701171875,533.728785456597,528.9885080949739,531.6622256176499,42446900,0.0031497556912539145,528.3093124389649,10.895683546732196,0.3886299298936688,0,0.0,0.0,0.0,1.2776933580190462,2.6833182081431377,0.013617213037544795,high,0.01699500857259861,1,0.3886299298936688,0.013617213037544795,0.00944820140212683
2024-08-15,541.671630859375,541.9556326474029,537.5679813653051,538.1751988274788,60846800,0.01699500857259861,528.3293899536133,10.921163568342465,1.221686757300965,0,0.0,0.0,0.0,1.2776933580190462,2.72892122409354,0.014107020113340352,high,0.002239582094573738,1,1.221686757300965,0.014107020113340352,0.008276383663254089
2024-08-16,542.8861083984375,543.5814973816967,539.8989784334714,540.0556546584454,44430700,0.002239582094573738,528.5899124145508,11.214070870834497,1.2748444475295941,0,0.0,0.0,0.0,1.2776933580190462,2.735032867204522,0.014024698890664966,high,0.009515726510956715,1,1.2748444475295941,0.014024698890664966,0.007844335106087424
2024-08-19,548.0767211914062,548.0767211914062,542.4452256331724,543.2972906137162,39121800,0.009515726510956715,528.8327926635742,11.593770152674937,1.6598507883470552,0,0.0,0.0,0.0,1.2776933580190462,2.761058691967318,0.013998452637617039,high,-0.0016273262378447124,0,1.6598507883470552,0.013998452637617039,0.009642393000668352
2024-08-20,547.185546875,549.2814571312036,545.8437865187526,547.6262846058479,33732300,-0.0016273262378447124,529.0737167358399,11.934868818042029,1.5175558621792598,0,0.0,-0.0,0.0,1.2776933580190462,2.7565655487136502,0.01399889470214837,high,0.0034306615385566665,1,1.5175558621792598,0.01399889470214837,0.0060545493263076495
2024-08-21,549.0659790039062,550.5252615016209,543.2973537542563,548.2335208659752,41514600,0.0034306615385566665,530.0232345581055,12.74659053236344,1.4939480794845834,0,0.0,0.0,0.0,1.2776933580190462,2.7660223921201323,0.01287932980426283,high,-0.007879428239905761,0,1.4939480794845834,0.01287932980426283,0.0061107304957682
2024-08-22,544.7566528320312,551.5732334533072,543.5422179587766,550.9660160166799,56121500,-0.007879428239905761,530.895378112793,13.142049078489098,1.0547270548491872,0,0.0,-0.0,0.0,1.2776933580190462,2.7442277171714493,0.012968497175583371,high,0.010569368402715641,1,1.0547270548491872,0.012968497175583371,0.0011358431332673259
2024-08-23,550.544921875,551.4851585059275,545.8046443878154,547.9985298599797,50639400,0.010569368402715641,531.7616531372071,13.854982706616505,1.3557049572370015,0,0.0,0.0,0.0,1.2776933580190462,2.773232470895178,0.012947184257184182,high,-0.0023866256463959076,0,1.3557049572370015,0.012947184257184182,0.0028018003948957065
2024-08-26,549.2325439453125,552.2882384520825,547.5284135216066,551.5733022984582,35788600,-0.0023866256463959076,532.5466323852539,14.394847438981369,1.1591586246946237,0,0.0,-0.0,0.0,1.2776933580190462,2.7666138031567216,0.012976458614965188,high,0.0013719347261378927,1,1.1591586246946237,0.012976458614965188,0.00042132996342518204
2024-08-27,549.986572265625,550.4762675561165,546.8133563476018,547.9592265897197,32693900,0.0013719347261378927,533.504475402832,14.902976469289056,1.1059600675581882,0,0.0,0.0,0.0,1.2776933580190462,2.7704094167070847,0.012885467309934758,high,-0.00582216689576396,0,1.1059600675581882,0.012885467309934758,0.0010211821562217031
2024-08-28,546.7937622070312,550.0747565964821,543.6009392739261,549.6438223396717,41066000,-0.00582216689576396,533.8712539672852,15.145510591142363,0.8532236772066066,0,0.0,-0.0,0.0,1.2776933580190462,2.75427963071342,0.012528508933729775,high,8.974144758310748e-05,1,0.8532236772066066,0.012528508933729775,-0.0008293835306424222
2024-08-29,546.8428344726562,552.0630042239653,545.6969639633883,548.7624619787401,38715200,8.974144758310748e-05,534.6224472045899,15.408657058988549,0.7930858102223561,0,0.0,0.0,0.0,1.2776933580190462,2.754526803754529,0.012028964249680743,high,0.009500599996164883,1,0.7930858102223561,0.012028964249680743,0.0007644504068553516
2024-08-30,552.0629272460938,552.5722295246512,545.657733766081,549.212926690368,62700100,0.009500599996164883,536.1297256469727,15.573967535800545,1.023066316434442,0,0.0,0.0,0.0,1.2776933580190462,2.780696461095715,0.011162489304291314,high,-0.020793581477993327,0,1.023066316434442,0.011162489304291314,0.0005506967255451999
2024-09-03,540.7020874023438,549.25214992284,538.1850458833093,548.9191307501956,60600100,-0.020793581477993327,537.8289733886719,13.967024763193683,0.20570694635289596,0,0.0,-0.0,0.0,1.2776933580190462,2.7228758226663534,0.009929153620063965,high,-0.0020490874981778924,0,0.20570694635289596,0.009929153620063965,-0.003130694440774284
2024-09-04,539.5952758789062,543.0035361193702,538.1359934145067,538.8607329114091,47224900,-0.0020490874981778924,539.239289855957,12.504194638492486,0.028469328352690608,0,0.0,-0.0,0.0,1.2776933580190462,2.717296411859037,0.00989343709411803,high,-0.0024350014695619267,0,0.028469328352690608,0.00989343709411803,-0.003814898885637441
2024-09-05,538.282958984375,542.3866087950116,535.8246785314534,539.5366078915503,44264300,-0.0024350014695619267,540.7548980712891,10.125520650334073,-0.24412957834741125,0,0.0,-0.0,0.0,1.2776933580190462,2.710679791102925,0.009724706925590295,high,-0.016973625093464086,0,-0.24412957834741125,0.009724706925590295,-0.0031374658003970337
2024-09-06,529.2234497070312,540.2317896429337,528.3224271617227,538.6060276735342,68493800,-0.016973625093464086,541.2303863525391,9.272815485374325,-1.2948533985655102,0,0.0,-0.0,0.0,1.2776933580190462,2.6646697285803143,0.009498347522525123,medium,0.011134217178219026,1,-1.2948533985655102,0.009498347522525123,-0.006550139108606473
2024-09-09,535.1488647460938,536.4221205223048,531.4957564364314,533.4251872668898,40445800,0.011134217178219026,541.8875610351563,8.247689167817231,-0.8170405251639661,0,0.0,0.0,0.0,1.2776933580190462,2.694338740046553,0.009744869024045989,high,0.004346212941568779,1,-0.8170405251639661,0.009744869024045989,-0.006223415672195644
2024-09-10,537.4797973632812,537.8324234437913,532.1813200114981,537.0586665381934,36394600,0.004346212941568779,542.6475646972656,6.942895484176881,-0.7443245178847737,0,0.0,0.0,0.0,1.2776933580190462,2.7060489099475133,0.009767479298223303,high,0.010206681706174558,1,-0.7443245178847737,0.009767479298223303,-0.0011954567882832222
2024-09-11,542.9937744140625,543.9144040618945,528.8318231688719,537.3916883108078,75248600,0.010206681706174558,543.2538055419922,6.365639138804773,-0.04084917826153884,0,0.0,0.0,0.0,1.2776933580190462,2.733668689852688,0.009365161569178446,medium,0.008388007445118225,1,-0.04084917826153884,0.009365161569178446,0.001255697052587268
2024-09-12,547.5675659179688,547.8711746400817,541.3483991843773,543.5716351743016,51819600,0.008388007445118225,544.0049987792969,5.905047968213949,0.6033087551275883,0,0.0,0.0,0.0,1.2776933580190462,2.756598723175659,0.009496966710630262,medium,0.005209036485507497,1,0.6033087551275883,0.009496966710630262,0.0034202988355232986
2024-09-13,550.4273071289062,551.4263046450518,547.920069645679,548.1747207597754,39310500,0.005209036485507497,544.4427825927735,6.045836253036715,0.9898588525494464,0,0.0,0.0,0.0,1.2776933580190462,2.7709579465005842,0.008819246537400585,medium,0.0014758125532715154,1,0.9898588525494464,0.008819246537400585,0.007856831151317615
2024-09-16,551.240234375,551.5046291897925,548.3608236054457,550.1628688432331,36656100,0.0014758125532715154,544.8604888916016,6.218745554306287,1.025889454341907,0,0.0,0.0,0.0,1.2776933580190462,2.775047361022617,0.008814345086439078,medium,0.00040870701479295187,1,1.025889454341907,0.008814345086439078,0.005925150226328112
2024-09-17,551.465576171875,554.9032473896473,549.2325364902464,553.4537083801224,49321000,0.00040870701479295187,545.029931640625,6.355652022473522,1.0125860428628886,0,0.0,0.0,0.0,1.2776933580190462,2.7761815423454492,0.008570265243835907,medium,-0.0029702475783927105,0,1.0125860428628886,0.008570265243835907,0.0051376490409729475
2024-09-18,549.8300170898438,556.969754476821,549.2717571625421,552.1217580784818,59044900,-0.0029702475783927105,545.1621551513672,6.42993174282315,0.7259582411098929,0,0.0,-0.0,0.0,1.2776933580190462,2.7679355958421192,0.008591462359792579,medium,0.016920307923775156,1,0.7259582411098929,0.008591462359792579,0.0025022631840594936
2024-09-19,559.2124633789062,561.0733295553275,556.3722663136862,559.2418737919741,75315500,0.016920307923775156,545.6694793701172,7.117658490973819,1.9027302343830417,0,0.0,0.0,0.0,1.2776933580190462,2.814769918436946,0.009350982176973234,medium,-0.0017301318311112323,0,1.9027302343830417,0.009350982176973234,0.00420872327979088
2024-09-20,558.2457885742188,559.2871245583524,555.219996107625,557.843033129673,77503100,-0.0017301318311112323,546.3439361572266,7.646095141152122,1.556592247058903,0,0.0,-0.0,0.0,1.2776933580190462,2.809899995403804,0.009145415495959616,medium,0.002495817124092393,1,1.556592247058903,0.009145415495959616,0.002820889616467134
2024-09-23,559.6408081054688,560.2892222272916,558.0984411315784,559.3166610051752,44116900,0.002495817124092393,546.79873046875,8.162218521090312,1.5733562638069727,0,0.0,0.0,0.0,1.2776933580190462,2.81691299192932,0.008885648826601726,medium,0.0028571377996975157,1,1.5733562638069727,0.008885648826601726,0.0030248905306313094
2024-09-24,561.2420654296875,561.3010067117204,557.6071931426925,560.4364946014963,46805700,0.0028571377996975157,547.3992065429687,8.769833038606052,1.5784632188298842,0,0.0,0.0,0.0,1.2776933580190462,2.82496130051702,0.008863407916067607,medium,-0.0022078885428664426,0,1.5784632188298842,0.008863407916067607,0.0035145766876122225
2024-09-25,560.0042724609375,561.8217386948093,558.8941616149112,561.0849426444706,38428600,-0.0022078885428664426,547.9000915527344,9.200872294255818,1.3155471047848246,0,0.0,-0.0,0.0,1.2776933580190462,2.8187241008275676,0.008893330141525308,medium,0.003956800645357593,1,1.3155471047848246,0.008893330141525308,0.0036670484947174758
2024-09-26,562.2244873046875,564.5920921622151,559.866775948692,564.2678851150425,48336000,0.003956800645357593,548.6716278076171,9.734701773374542,1.3922213348270092,0,0.0,0.0,0.0,1.2776933580190462,2.8298772301688073,0.008772147187466413,medium,-0.0014513072431050762,0,1.3922213348270092,0.008772147187466413,0.0010743470390339631
2024-09-27,561.4091186523438,564.1107043094071,560.3776161208616,563.295359810012,42100900,-0.0014513072431050762,549.3999420166016,10.127644060043064,1.1857818624493701,0,0.0,-0.0,0.0,1.2776933580190462,2.8257702088475654,0.008790931095420219,medium,0.003999221306372743,1,1.1857818624493701,0.008790931095420219,0.0011301119566351943
2024-09-30,563.6588134765625,564.2678934162012,558.078818569817,560.3775886747461,63557400,0.003999221306372743,549.979736328125,10.608623617349833,1.2894299620608751,0,0.0,0.0,0.0,1.2776933580190462,2.8370710892737017,0.008605415416033506,medium,-0.008998800666687687,0,1.2894299620608751,0.008605415416033506,0.0014307927930912645
2024-10-01,558.6093139648438,563.9535439565005,556.035444442894,563.3051897855821,72668800,-0.008998800666687687,550.87509765625,10.539840227684719,0.7338077372632758,0,0.0,-0.0,0.0,1.2776933580190462,2.811540852064105,0.007341812263366937,medium,0.000421992719650843,1,0.7338077372632758,0.007341812263366937,-0.0009403949001857761
2024-10-02,558.8450927734375,559.866821742494,555.3183290115846,557.715374727311,38097800,0.000421992719650843,551.8375885009766,10.332460548635243,0.6782028578262004,0,0.0,0.0,0.0,1.2776933580190462,2.812727301834677,0.007297312785203619,medium,-0.001829959097201489,0,0.6782028578262004,0.007297312785203619,-0.00041441864768231897
2024-10-03,557.8233642578125,559.7684865712154,555.5343678239607,557.3714411111998,40846500,-0.001829959097201489,552.8146087646485,9.898020102284207,0.5060361002912215,0,0.0,-0.0,0.0,1.2776933580190462,2.8075801259207376,0.007280272790276377,medium,0.009046338124377482,1,0.5060361002912215,0.007280272790276377,-0.0015717705961941352
2024-10-04,562.8925170898438,563.2658318866675,558.0984259775333,562.2736036088263,42939100,0.009046338124377482,554.4980621337891,8.428605374328372,0.9959482717772387,0,0.0,0.0,0.0,1.2776933580190462,2.832978445051099,0.00595661269155348,low,-0.009081461481495611,0,0.9959482717772387,0.00595661269155348,0.0005277584773023765
2024-10-07,557.8037719726562,561.8905680396737,556.6543868115797,561.2421538745174,49964700,-0.009081461481495611,555.6308074951172,7.110631104885429,0.3055937575001019,0,0.0,-0.0,0.0,1.2776933580190462,2.80725086042446,0.006227689026380295,low,0.009412989374939376,1,0.3055937575001019,0.006227689026380295,-0.0020883780802712945
2024-10-08,563.0791625976562,563.6784689445017,559.5032914013763,560.3775771285751,37398700,0.009412989374939376,556.910775756836,5.866554935407058,1.0514496001037257,0,0.0,0.0,0.0,1.2776933580190462,2.8336754829464246,0.006424956618612916,medium,0.006902584366259027,1,1.0514496001037257,0.006424956618612916,0.001593979928054118
2024-10-09,566.9793090820312,567.5392812736217,562.4700908869163,563.0693372819003,37912200,0.006902584366259027,558.1100524902344,5.295678539462611,1.6748102298325913,0,0.0,0.0,0.0,1.2776933580190462,2.8532351670340623,0.006251814062097503,low,-0.001751702264267218,0,1.6748102298325913,0.006251814062097503,0.002890098257375755
2024-10-10,565.9869995117188,567.4114836582785,564.3758579947738,565.6333518501281,44138100,-0.001751702264267218,559.0310241699219,4.956540109211762,1.4033933325525005,0,0.0,-0.0,0.0,1.2776933580190462,2.848237148531482,0.00613023722216419,low,0.005970624657882385,1,1.4033933325525005,0.00613023722216419,0.002905749623962609
2024-10-11,569.3764038085938,570.1131999200273,565.7709716649979,565.9085213296812,42268000,0.005970624657882385,559.9784790039063,5.035808757121921,1.8662195603429954,0,0.0,0.0,0.0,1.2776933580190462,2.8652429034820006,0.006155792835386399,low,0.008145080967811955,1,1.8662195603429954,0.006155792835386399,0.0022906069306635897
2024-10-14,574.032958984375,574.966246072679,570.5061351329805,570.9874990099419,36217200,0.008145080967811955,561.118115234375,5.510870121852518,2.3435217060892426,-1,0.0,0.0,0.0,1.2776933580190462,2.8885805389233097,0.006321845686255089,low,-0.007800074963761271,0,2.3435217060892426,0.006321845686255089,0.005735915420525104
2024-10-15,569.5728759765625,574.6027324678581,568.3546560789198,574.2981924836022,54203600,-0.007800074963761271,562.0234802246093,5.3259140754491225,1.4174835802841124,0,-1.0,0.007300074963761271,1.0,1.287020615313285,2.866049394180846,0.006688216793069147,medium,0.004336971876182105,1,1.4174835802841124,0.006688216793069147,0.0022933025527849737
2024-10-16,572.0484619140625,572.5691599226542,568.767296964022,569.57286786976,30725400,0.004336971876182105,563.1344024658204,4.952822715524346,1.799793766149053,0,0.0,-0.0005,1.0,1.2863771050056285,2.878479369799157,0.006623809312733623,medium,8.577972710240778e-05,1,1.799793766149053,0.006623809312733623,0.0017801800547695892
2024-10-17,572.0975341796875,575.8011814159861,571.9108767867559,575.5948569414992,34393700,8.577972710240778e-05,563.7786560058594,5.245215742983751,1.5859935189426384,0,0.0,0.0,0.0,1.2863771050056285,2.8787262849739683,0.005618820946587263,low,0.0038393134190058387,1,1.5859935189426384,0.005618820946587263,0.0021476764530435144
2024-10-18,574.2982177734375,575.0841216421944,572.3235945792737,573.7873532764656,37416800,0.0038393134190058387,564.5812774658203,5.572007146746068,1.743885112080599,0,0.0,0.0,0.0,1.2863771050056285,2.8897786174295135,0.005607141404288964,low,-0.0016434481469848885,0,1.743885112080599,0.005607141404288964,0.001721414205268205
2024-10-21,573.3551635742188,574.5536566198024,570.3784781252017,573.5712616798963,36439000,-0.0016434481469848885,565.2669952392578,5.772287113399214,1.4012068658514771,0,0.0,-0.0,0.0,1.2863771050056285,2.8850294161155023,0.005641530192313008,low,-0.0005316592103524958,0,1.4012068658514771,0.005641530192313008,-0.00023629161769116348
2024-10-22,573.0504150390625,574.209633451099,570.1621725681896,570.8203601494715,34183800,-0.0005316592103524958,565.8574127197265,5.940389760621838,1.2108636990484272,0,0.0,-0.0,0.0,1.2863771050056285,2.8834955636542867,0.005640361905044789,low,-0.009179213868078406,0,1.2108636990484272,0.005640361905044789,0.0012173915329905915
2024-10-23,567.8143310546875,571.4688706983893,564.3071746074978,571.0267810694698,49314600,-0.009179213868078406,566.247915649414,5.79017683291759,0.2705298042657818,0,0.0,-0.0,0.0,1.2863771050056285,2.8570273411878486,0.006052091699219773,low,0.0021603916004062384,1,0.2705298042657818,0.006052091699219773,-0.0014858456158615108
2024-10-24,569.0423583984375,569.8479293354313,566.4193810527883,569.7693209618997,34979900,0.0021603916004062384,566.5888092041016,5.741325601986612,0.4273489024010266,0,0.0,0.0,0.0,1.2863771050056285,2.863199639057882,0.006014308247278984,low,-0.00034532770832045045,0,0.4273489024010266,0.006014308247278984,-0.0010709232412007448
2024-10-25,568.8458862304688,574.1705094317597,567.9028255594263,571.2724326633536,47268200,-0.00034532770832045045,566.9606475830078,5.627907438466236,0.33498039334753493,0,0.0,-0.0,0.0,1.2863771050056285,2.862210896888062,0.0059994949738673,low,0.003086550330708379,1,0.33498039334753493,0.0059994949738673,-0.0019078514666660024
2024-10-28,570.6043701171875,572.4512770786239,570.299830137409,572.3235609618828,30174700,0.003086550330708379,567.3079254150391,5.627732403815332,0.5857500793594167,0,0.0,0.0,0.0,1.2863771050056285,2.8710452548784096,0.0059761687893339875,low,0.0016169776628493643,1,0.5857500793594167,0.0059761687893339875,-0.0009618517711273488
2024-10-29,571.5277709960938,572.6476553589258,568.2465463889694,569.6415300427301,42899700,0.0016169776628493643,567.9538482666015,5.309143042818945,0.67316376685805,0,0.0,0.0,0.0,1.2863771050056285,2.8756876709245778,0.00553257163392059,low,-0.003029816921294481,0,0.67316376685805,0.00553257163392059,-0.0005321243964869769
2024-10-30,569.7987670898438,573.0504911915006,569.0914117169528,571.0562011429839,41435800,-0.003029816921294481,568.5015319824219,4.8665785393400025,0.26655998602209485,0,0.0,-0.0,0.0,1.2863771050056285,2.866974863758853,0.005609556589393124,low,-0.01979763993932215,0,0.26655998602209485,0.005609556589393124,0.0006977549928698082
2024-10-31,558.6290283203125,565.4959588071013,558.4325373559277,565.4271839715354,60182500,-0.01979763993932215,568.5418151855469,4.776029813371862,-2.0755286823128007,1,0.0,-0.0,0.0,1.2863771050056285,2.8102155276910676,0.007273630278991695,medium,0.004211569117516647,1,-2.0755286823128007,0.007273630278991695,-0.0036938513150758696
2024-11-01,560.9866943359375,565.4173043933644,560.5741053167588,561.2617936558026,45667500,0.004211569117516647,568.4465240478515,4.911760477861417,-1.5187690331272126,0,1.0,0.0037115691175166467,1.0,1.2911515825420479,2.822050944621057,0.0070361411538102546,medium,-0.0021563387077012815,0,-1.5187690331272126,0.0070361411538102546,-0.00278247194990845
2024-11-04,559.7783203125,562.4209644478059,557.892139281839,561.1241962515347,38217000,-0.0021563387077012815,568.5452514648438,4.701942885389933,-1.8645337397833428,0,0.0,-0.0005,1.0,1.290506006750777,2.8159656469340657,0.006738600570737522,medium,0.012019296392962288,1,-1.8645337397833428,0.006738600570737522,-0.0038310497575903824
2024-11-05,566.5470581054688,566.586332309216,560.4758658123077,560.6919638738422,39478300,0.012019296392962288,568.7186462402344,4.551289032482458,-0.4771369428017183,0,0.0,0.0,0.0,1.290506006750777,2.849811572676966,0.006948549726650921,medium,0.024561573185624373,1,-0.4771369428017183,0.006948549726650921,-0.0017505860115677972
2024-11-06,580.6346435546875,581.5089893813079,575.0841485043231,578.8270705681771,68182000,0.024561573185624373,569.4014129638672,5.247619488154997,2.1406335989444596,-1,0.0,0.0,0.0,1.290506006750777,2.9198074281845106,0.008725507856933597,medium,0.007702320909745663,1,2.1406335989444596,0.008725507856933597,0.003767692009815973
2024-11-07,585.1241455078125,586.145874462509,582.5601095007273,582.6387178727699,47233200,0.007702320909745663,570.3582702636719,6.2426684457142505,2.3653146683254898,-1,-1.0,-0.008202320909745663,1.0,1.2799208623474527,2.942296721991047,0.008813399119361515,medium,0.004322283315467201,1,2.3653146683254898,0.008813399119361515,0.009267684179629537
2024-11-08,587.65869140625,589.0831757216504,585.674234913322,585.674234913322,46444900,0.004322283315467201,571.2723846435547,7.3344023009231885,2.234170705448316,-1,-1.0,-0.004322283315467201,0.0,1.27438868175901,2.955014162021663,0.008778632004359669,medium,0.0009526837108582427,1,2.234170705448316,0.008778632004359669,0.009289827019219647
2024-11-11,588.2188110351562,589.6039615347568,586.4897863259886,589.2503137425987,37586800,0.0009526837108582427,571.9816772460938,8.244852818444315,1.9693661180632414,0,-1.0,-0.0009526837108582427,0.0,1.2731745924205962,2.957829355879176,0.008641799358225032,medium,-0.003111386017750056,0,1.9693661180632414,0.008641799358225032,0.009911631502931551
2024-11-12,586.3914794921875,588.7393574916656,583.9059918696842,588.1401110548398,43006100,-0.003111386017750056,572.822607421875,8.823626083487998,1.537788653091782,0,0.0,-0.0005,1.0,1.272538005124386,2.948626406978403,0.008445576458908692,medium,0.00048565151541094567,1,1.537788653091782,0.008445576458908692,0.0068854950207890816
2024-11-13,586.6763305664062,588.6803942959151,584.4856094336134,586.8531544283672,47388600,0.00048565151541094567,573.5540008544922,9.34682266473901,1.4039348110688132,0,0.0,0.0,0.0,1.272538005124386,2.950058411861333,0.008420276445963153,medium,-0.0064509881742512935,0,1.4039348110688132,0.008420276445963153,0.0020703106867463973
2024-11-14,582.9038696289062,587.2853715644612,582.2162413093224,586.8040077565071,38904100,-0.0064509881742512935,574.0943176269532,9.567925285824757,0.9207379592527509,0,0.0,-0.0,0.0,1.272538005124386,2.931027619933065,0.008593438525712887,medium,-0.012891238292987661,0,0.9207379592527509,0.008593438525712887,-0.0007603511300529941
2024-11-15,575.437744140625,579.8094129170865,573.5810036102117,579.3378226480269,75988800,-0.012891238292987661,574.1512939453125,9.572595162447609,0.13438886461626182,0,0.0,-0.0,0.0,1.272538005124386,2.8932430444411796,0.009095551809250466,medium,0.004088904662761587,1,0.13438886461626182,0.009095551809250466,-0.004203055451743967
2024-11-18,577.7954711914062,579.1118465214918,575.0349444617987,575.8993966406199,37001700,0.004088904662761587,574.3733093261719,9.6045969596378,0.35630457786157677,0,0.0,0.0,0.0,1.272538005124386,2.905073239416098,0.00912801104563978,medium,0.003648712812704701,1,0.35630457786157677,0.00912801104563978,-0.003575811261363298
2024-11-19,579.9075317382812,580.6344941628126,573.7479582489347,574.4159793947367,49412000,0.003648712812704701,574.7161651611328,9.677004588537843,0.536464205390318,0,0.0,0.0,0.0,1.272538005124386,2.915673017366601,0.009153724603988642,medium,0.00033895218010269806,1,0.536464205390318,0.009153724603988642,-0.0022237914952723463
2024-11-20,580.1041259765625,580.3889988810581,574.3374733314436,579.9862433981077,50032600,0.00033895218010269806,575.3306549072265,9.605609088004854,0.4969462139883378,0,0.0,0.0,0.0,1.272538005124386,2.916661291092304,0.008861591070535121,medium,0.005353982844241787,1,0.4969462139883378,0.008861591070535121,-0.0022531313623339955
2024-11-21,583.2183227539062,584.6428072515256,577.1078556838472,582.9531169226577,46750300,0.005353982844241787,576.039453125,9.640134105548851,0.7446856600028082,0,0.0,0.0,0.0,1.272538005124386,2.932277045607276,0.00891089675897952,medium,0.003094485882628035,1,0.7446856600028082,0.00891089675897952,0.00010786284136462022
2024-11-22,585.02587890625,585.6546259064262,582.7074417987914,583.2084127301733,38226400,0.003094485882628035,576.8484527587891,9.683492088119332,0.8444707831685813,0,0.0,0.0,0.0,1.272538005124386,2.9413509355288623,0.008912080097823369,medium,0.0033863082759400414,1,0.8444707831685813,0.008912080097823369,0.0033050076764877595
2024-11-25,587.0103149414062,590.2816460152659,584.7213185752529,588.965270737662,42441400,0.0033863082759400414,577.66875,9.820621389647613,0.9512193343746654,0,0.0,0.0,0.0,1.272538005124386,2.9513112565442876,0.008915313090615986,medium,0.0052080002298693,1,0.9512193343746654,0.008915313090615986,0.0031644883991234505
2024-11-26,590.075439453125,590.7434606979054,587.5408441710033,588.2579731618996,45621300,0.0052080002298693,578.5961334228516,10.082452199888017,1.1385430649897739,0,0.0,0.0,0.0,1.272538005124386,2.9666816862467864,0.008955615708813635,medium,-0.0030348672252512423,0,1.1385430649897739,0.008955615708813635,0.0034763458825563696
2024-11-27,588.287353515625,590.2717497615803,586.7646539336328,589.8886614517024,34000200,-0.0030348672252512423,579.5205627441406,10.08097662871621,0.8696370495009057,0,0.0,-0.0,0.0,1.272538005124386,2.957678201229443,0.008955753100349392,medium,0.006192953956674233,1,0.8696370495009057,0.008955753100349392,0.002801582001485582
2024-11-29,591.94189453125,592.7277982726248,588.827720226239,589.1027595534448,30177400,0.006192953956674233,581.1862060546875,9.15722787865216,1.1745572589316813,0,0.0,0.0,0.0,1.272538005124386,2.975994966148316,0.007446445579995705,medium,0.0017909634249451201,1,1.1745572589316813,0.007446445579995705,0.0029693762239720715
2024-12-02,593.0029907226562,593.6808455477146,591.8633791521069,592.3545765627109,31746000,0.0017909634249451201,582.7870208740235,8.187299504999597,1.247782598205227,0,0.0,0.0,0.0,1.272538005124386,2.9813248642855084,0.0074436111542807454,medium,0.0004635721159141501,1,1.247782598205227,0.0074436111542807454,0.0027086717324354887
2024-12-03,593.2779541015625,593.5235527754064,591.735647195163,592.7671496331845,26906600,0.0004635721159141501,584.4620025634765,6.481364767593573,1.3601998736693854,0,0.0,0.0,0.0,1.272538005124386,2.9827069233610723,0.0073749947487032836,medium,0.006190301339296772,1,1.3601998736693854,0.0073749947487032836,0.0021241245004303103
2024-12-04,596.9619140625,597.2075127280552,594.2996629026728,594.9676840777096,42787600,0.006190301339296772,585.9827453613282,5.559264790310627,1.9749317788042187,0,0.0,0.0,0.0,1.272538005124386,3.001170778023484,0.0071061769671769675,medium,-0.0016469560139122368,0,1.9749317788042187,0.0071061769671769675,0.002320584722315804
2024-12-05,595.9795532226562,597.7675188046404,595.6259055147337,596.961947940629,28762200,-0.0016469560139122368,586.7499908447265,5.83439771398061,1.5819220475514508,0,0.0,-0.0,0.0,1.272538005124386,2.996227981761841,0.004929007673716184,low,0.0018939445138458088,1,1.5819220475514508,0.004929007673716184,0.0025981669645836055
2024-12-06,597.109375,598.3472020292826,596.333304701608,596.7458937244957,31241500,0.0018939445138458088,587.349252319336,6.258698863144752,1.5594491593353252,0,0.0,0.0,0.0,1.272538005124386,3.00190267131013,0.00469788627991509,low,-0.005163034061252135,0,1.5594491593353252,0.00469788627991509,0.0017383650760179204
2024-12-09,594.034423828125,597.1584317989794,593.445010988573,596.9914414878755,34742700,-0.005163034061252135,587.6680389404297,6.435175477461405,0.9893102231622047,0,0.0,-0.0,0.0,1.272538005124386,2.986403745569592,0.004823415915480219,low,-0.0031139625452146617,0,0.9893102231622047,0.004823415915480219,0.00034756557877846963
2024-12-10,592.1875,595.1346840344664,591.5293123546073,594.7122615181331,37234500,-0.0031139625452146617,587.8664733886719,6.513762106624879,0.6633688090839764,0,0.0,-0.0,0.0,1.272538005124386,2.9771041961609996,0.004890334470156748,low,0.00770103838263702,1,0.6633688090839764,0.004890334470156748,-0.0003679413534472927
2024-12-11,596.7655639648438,597.7184581352288,594.8400485801485,595.115147903942,28677700,0.00770103838263702,588.3851776123047,6.79701932935263,1.2329502016198086,0,0.0,0.0,0.0,1.272538005124386,3.000030989844745,0.0050830020990491435,low,-0.005166016306231997,0,1.2329502016198086,0.0050830020990491435,-6.579394477924313e-05
2024-12-12,593.6906127929688,596.4707466548862,593.6906127929688,595.9010008938557,31543800,-0.005166016306231997,588.7358917236328,6.884603111216687,0.7196814383190105,0,0.0,-0.0,0.0,1.272538005124386,2.9845327808320055,0.005259914302719208,low,-0.00019853874112794794,0,0.7196814383190105,0.005259914302719208,-0.0007696060032431953
2024-12-13,593.57275390625,596.4413297893211,592.1973772710232,595.7242008087076,35904700,-0.00019853874112794794,589.2693359375,6.821980494404125,0.6308165161539123,0,0.0,-0.0,0.0,1.272538005124386,2.9839402354508437,0.004998450873503606,low,0.004260893044531318,1,0.6308165161539123,0.004998450873503606,-0.0011881026542379465
2024-12-16,596.1072998046875,597.0799209921157,594.5551592425911,595.3312295236393,43695200,0.004260893044531318,590.3028137207032,6.148736417477303,0.9440128328619732,0,0.0,0.0,0.0,1.272538005124386,2.9966544856453736,0.00384473272586962,low,-0.004128563775186064,0,0.9440128328619732,0.00384473272586962,0.000696682766918744
2024-12-17,593.6513061523438,594.5158183353977,592.2759894688432,593.5530906608857,55773500,-0.004128563775186064,591.09560546875,5.43158715005764,0.4705255780654475,0,0.0,-0.0,0.0,1.272538005124386,2.984282606489189,0.004018418989594434,low,-0.03025662357994095,0,0.4705255780654475,0.004018418989594434,0.0004937625209244635
2024-12-18,575.9584350585938,595.7339866328443,575.5752867073982,593.3467745348553,108248700,-0.03025662357994095,590.8981506347657,5.910391412825353,-2.5277032488496842,1,0.0,-0.0,0.0,1.272538005124386,2.8939882910084807,0.008089196206330399,medium,-0.00030704645349531975,0,-2.5277032488496842,0.008089196206330399,-0.007097769871591131
2024-12-19,575.7816162109375,582.5601648792804,575.5360174904994,580.9490228826561,85919500,-0.00030704645349531975,590.6820251464844,6.385782920034952,-2.333372293129151,1,1.0,-0.0008070464534953197,1.0,1.2715110078404124,2.8930997021672695,0.008087625087829654,medium,0.0119393312611692,1,-2.333372293129151,0.008087625087829654,-0.006125975901043795
2024-12-20,582.697265625,587.231466902458,572.6036351958548,573.4513839180992,125716700,0.0119393312611692,590.655972290039,6.418813641487498,-1.239903058346879,0,1.0,0.0119393312611692,0.0,1.2866919989652423,2.927641377883035,0.008458640428826115,medium,0.005970360891118923,1,-1.239903058346879,0.008458640428826115,-0.0036984019005843654
2024-12-23,586.1865844726562,586.7878476994515,579.2570769218985,582.440932357683,57635800,0.005970360891118923,590.7140075683594,6.370294204559161,-0.7107086345341688,0,0.0,-0.0005,1.0,1.2860486529657598,2.94512045346877,0.008538877788978081,medium,0.011053851184183533,1,-0.7107086345341688,0.008538877788978081,-0.003356508331266844
2024-12-24,592.7021484375,592.7416149913781,586.9554933157183,587.5370835235541,33160100,0.011053851184183533,590.9985992431641,6.323089823535156,0.26941720612525794,0,0.0,0.0,0.0,1.2860486529657598,2.9776753766809088,0.008860312081701115,medium,6.652143851463915e-05,1,0.26941720612525794,0.008860312081701115,-0.0003200253393929247
2024-12-26,592.7415771484375,593.8652307760627,589.5281816588665,590.9278604962976,41219100,6.652143851463915e-05,591.1319061279297,6.330702824885218,0.25426418914822063,0,0.0,0.0,0.0,1.2860486529657598,2.9778734559303954,0.00879030031891023,medium,-0.010582412766219719,0,0.25426418914822063,0.00879030031891023,0.005744603664298193
2024-12-27,586.5020141601562,589.2324254266508,582.31278453499,588.9958066290322,64969300,-0.010582412766219719,591.0426391601562,6.385275887876172,-0.7111086630761463,0,0.0,-0.0,0.0,1.2860486529657598,2.9463603698541707,0.00909438667005068,medium,-0.011477221849949032,0,-0.7111086630761463,0.00909438667005068,0.0036895304017533132
2024-12-30,579.80908203125,583.2787692142718,576.0535631828352,579.4838439796579,56578800,-0.011477221849949032,590.4359985351563,6.854453426363544,-1.5503667240677588,0,0.0,-0.0,0.0,1.2860486529657598,2.9125443382394565,0.009301502376914775,medium,-0.003644579131282699,0,-1.5503667240677588,0.009301502376914775,-0.0009937802204703337
2024-12-31,577.6997680664062,582.194563069081,576.0634704063194,581.4749602926895,57052700,-0.003644579131282699,589.6708374023438,7.386330868174104,-1.620705807739796,0,0.0,-0.0,0.0,1.2860486529657598,2.9019293399253736,0.009293977516318924,medium,-0.002459961304645871,0,-1.620705807739796,0.009293977516318924,-0.002916768224950658
2025-01-02,576.2803955078125,582.6775870195096,572.1995778777631,580.9624764637459,50204000,-0.002459961304645871,588.8209594726562,7.90884442796858,-1.5856379625442731,0,0.0,-0.0,0.0,1.2860486529657598,2.894790706040341,0.009287648510304832,medium,0.01242584380726078,1,-1.5856379625442731,0.009287648510304832,-0.005619530722716539
2025-01-03,583.48583984375,584.1265095290074,578.0447499447286,579.129057366777,37888500,0.01242584380726078,588.1471557617188,7.751246808141688,-0.6013633720284377,0,0.0,0.0,0.0,1.2860486529657598,2.9307609232083083,0.00965513618902155,medium,0.005743928888736339,1,-0.6013633720284377,0.00965513618902155,-0.003147666248967311
2025-01-06,586.8469848632812,591.1249540533898,585.1121413237427,587.7440065436294,47679400,0.005743928888736339,587.69052734375,7.531437685745026,-0.11200284934512902,0,0.0,0.0,0.0,1.2860486529657598,2.947595005541104,0.009775469144184458,high,-0.01136828734548715,0,-0.11200284934512902,0.009775469144184458,0.00011760208202390084
2025-01-07,580.2133178710938,589.2029082453815,578.3897946667151,588.8776099950986,60393100,-0.01136828734548715,586.8457244873047,7.365097818595669,-0.9005184696210241,0,0.0,-0.0,0.0,1.2860486529657598,2.9140858985399904,0.010031563000146708,high,0.001459872842085627,1,-0.9005184696210241,0.010031563000146708,0.0001393889829162772
2025-01-08,581.0609741210938,582.1354148697908,576.8323377526707,580.282291853868,47304700,0.001459872842085627,586.1970520019531,7.269326582847728,-0.7065410835961284,0,0.0,0.0,0.0,1.2860486529657598,2.9183400934027737,0.01001132185573852,high,-0.015385123221368308,0,-0.7065410835961284,0.01001132185573852,0.0011602793775899423
2025-01-10,572.189697265625,577.5716476388544,570.2774344732991,577.5026413332764,73105000,-0.015385123221368308,585.1971618652344,7.76071071140354,-1.6760661598294513,0,0.0,-0.0,0.0,1.2860486529657598,2.8734410714639127,0.010504846684419452,high,0.0015491331567375258,1,-1.6760661598294513,0.010504846684419452,-0.0014247530057545448
2025-01-13,573.0767822265625,573.4316201868376,567.123109023982,567.5371468067242,47910100,0.0015491331567375258,584.0127227783203,7.709740048218358,-1.418457753875236,0,0.0,0.0,0.0,1.2860486529657598,2.8778924143016487,0.010302662717313192,high,0.0013750900179164917,1,-1.418457753875236,0.010302662717313192,-0.003600095135859195
2025-01-14,573.8653564453125,576.6351742776535,570.0802375478183,576.0043111010004,48420600,0.0013750900179164917,583.0214599609375,7.674349585020938,-1.1930787637686167,0,0.0,0.0,0.0,1.2860486529657598,2.8818497754331927,0.010301534584465045,high,0.018026520303546564,1,-1.1930787637686167,0.010301534584465045,-0.004473862910023165
2025-01-15,584.303955078125,585.4473419377294,580.7751281246863,581.8889752343268,56900200,0.018026520303546564,582.5580200195312,7.2730093956988275,0.24005675829681977,0,0.0,0.0,0.0,1.2860486529657598,2.93379949892181,0.011207417177009462,high,-0.0019250258231096,0,0.24005675829681977,0.011207417177009462,0.0014050986197835778
2025-01-16,583.1802368164062,585.8514484014332,582.4803673486446,585.6740294157521,43319700,-0.0019250258231096,581.9116668701172,6.543318693217985,0.19387256005181422,0,0.0,-0.0,0.0,1.2860486529657598,2.92815185912656,0.01114596773826521,high,0.009989888126204568,1,0.19387256005181422,0.01114596773826521,0.0007281188867445323
2025-01-17,589.0353393554688,590.7898562052613,587.0934767089387,588.4242094250709,58070600,0.009989888126204568,581.6808685302734,6.178688298147286,1.1902964626651606,0,0.0,0.0,0.0,1.2860486529657598,2.957403768615772,0.011388266071011635,high,0.00911184153609896,1,1.1902964626651606,0.011388266071011635,0.005803121156259107
2025-01-21,594.4270629882812,594.4369296257112,590.1096871636119,592.0810894520482,42532900,0.00911184153609896,582.6042999267578,6.641228128618885,1.7802073400514449,0,0.0,0.0,0.0,1.2860486529657598,2.9843511631136606,0.009133394040664405,medium,0.0056057265506004325,1,1.7802073400514449,0.009133394040664405,0.007315662832131395
2025-01-22,597.7686157226562,599.1288881406504,596.7040416210903,597.2560318658977,48196000,0.0056057265506004325,583.7036499023437,7.244774389593,1.9413945920133298,0,0.0,0.0,0.0,1.2860486529657598,3.001080619665042,0.009164802495469715,medium,0.005443282562212271,1,1.9413945920133298,0.009164802495469715,0.008161790138668183
2025-01-23,601.0313110351562,601.0313110351562,596.8618141810588,597.1377792345874,41152100,0.005443282562212271,584.6203521728515,8.206789657385135,1.9996806970112604,0,0.0,0.0,0.0,1.2860486529657598,3.0174163494698583,0.008900604322884113,medium,-0.002923547658573923,0,1.9996806970112604,0.008900604322884113,0.005645142590401324
2025-01-24,599.2767333984375,602.0466115435261,598.1234798327728,601.0904500891409,34604700,-0.002923547658573923,585.2748596191407,8.836126086751605,1.5846167926791423,0,0.0,-0.0,0.0,1.2860486529657598,3.008594788966423,0.008890248625194429,medium,-0.014246470299252998,0,1.5846167926791423,0.008890248625194429,0.005445438223308459
2025-01-27,590.7996826171875,591.115114198888,586.1373355152499,586.3048878621954,70361100,-0.014246470299252998,585.179736328125,8.761889490277966,0.6414080313724848,0,0.0,-0.0,0.0,1.2860486529657598,2.9657329326629256,0.009194791122366418,medium,0.008555641375815824,1,0.6414080313724848,0.009194791122366418,0.000598166538216946
2025-01-28,595.8760375976562,596.713859452747,588.7099714764748,592.031779311243,44433300,0.008555641375815824,585.336459350586,8.930673409802347,1.180154929358628,0,0.0,0.0,0.0,1.2860486529657598,2.9911066800512365,0.009399496188920836,medium,-0.004492895597858128,0,1.180154929358628,0.009399496188920836,0.0004869265061603189
2025-01-29,593.204833984375,595.4916679771449,590.6518414168764,595.0874967960807,37177400,-0.004492895597858128,585.6716003417969,9.100861830740017,0.8277494794100809,0,0.0,-0.0,0.0,1.2860486529657598,2.9776679500157104,0.009124267488898627,medium,0.005352624627830857,1,0.8277494794100809,0.009124267488898627,-0.001532797923531393
2025-01-30,596.3885498046875,597.9262410572588,592.130313990855,595.3240359730432,39281300,0.005352624627830857,586.5005737304688,9.291841306527935,1.0641567960563403,0,0.0,0.0,0.0,1.2860486529657598,2.993606288818467,0.008722112881380502,medium,-0.005336059390659845,0,1.0641567960563403,0.008722112881380502,-0.0015509295104076761
2025-01-31,593.2146606445312,601.2382822731704,592.4556515232641,598.8134358374799,66566900,-0.005336059390659845,587.276318359375,9.165200691562355,0.6479227771436842,0,0.0,-0.0,0.0,1.2860486529657598,2.977632227869079,0.008781698079843643,medium,-0.006752188051665838,0,0.6479227771436842,0.008781698079843643,-0.0020334318568248607
2025-02-03,589.22265625,591.7065824928592,582.046722262467,584.1955437708402,65857200,-0.006752188051665838,587.9234313964844,8.7974876102175,0.14768135075367322,0,0.0,-0.0,0.0,1.2860486529657598,2.957526695117806,0.008930258865672685,medium,0.006685719665178872,1,0.14768135075367322,0.008930258865672685,-0.0005345754073074286
2025-02-04,593.1752319335938,593.6877555909119,588.7395770202528,589.2817005882882,33457800,0.006685719665178872,588.4079010009766,8.80703950176041,0.5413091347738608,0,0.0,0.0,0.0,1.2860486529657598,2.9772998895036467,0.008634811567949433,medium,0.004046405680562023,1,0.5413091347738608,0.008634811567949433,-0.0009085597494348192
2025-02-05,595.580322265625,595.7282015036632,590.021013481686,592.0515554519985,30653100,0.004046405680562023,588.8445678710938,8.941060102651424,0.7533507567557649,0,0.0,0.0,0.0,1.2860486529657598,2.989347252689271,0.008592137811170188,medium,0.003469690167650366,1,0.7533507567557649,0.008592137811170188,0.0007993005062492114
2025-02-06,597.650390625,597.7785366008171,594.0131505968404,597.3250923662002,35771500,0.003469690167650366,589.716421508789,8.905202565516317,0.8909364001368962,0,0.0,0.0,0.0,1.2860486529657598,2.9997193614596194,0.008119325365609617,medium,-0.009195733845060524,0,0.8909364001368962,0.008119325365609617,0.0004227136142131131
2025-02-07,592.1797485351562,599.4344951653416,591.4700123634921,598.2122352633725,50788500,-0.009195733845060524,590.2723602294922,8.680649609631717,0.21972875204497602,0,0.0,-0.0,0.0,1.2860486529657598,2.9721347406017617,0.00846307777867199,medium,0.0067682358555795335,1,0.21972875204497602,0.00846307777867199,-0.0003492212766670227
2025-02-10,596.2013549804688,596.8420848342793,594.1215398587573,595.3931329282537,26048700,0.0067682358555795335,591.4729431152343,7.647022705259285,0.6183337028648322,0,0.0,0.0,0.0,1.2860486529657598,2.9922508495207163,0.007620705278523293,medium,0.0007601405909699514,1,0.6183337028648322,0.007620705278523293,0.0023548635047820517
2025-02-11,596.6547241210938,597.1968476878733,593.8159001701387,593.9341794878935,30056700,0.0007601405909699514,592.6518402099609,6.373044883239395,0.6280959862153304,0,0.0,0.0,0.0,1.2860486529657598,2.994525380849801,0.0076255045931635495,medium,-0.0032265907611722317,0,0.6280959862153304,0.0076255045931635495,0.0011697476899402675
2025-02-12,594.732666015625,595.9056528588447,589.9520392250456,590.6321754646003,45076100,-0.0032265907611722317,593.6952056884766,4.595901801151885,0.2257359647868054,0,0.0,-0.0,0.0,1.2860486529657598,2.984863272921855,0.007714759580267428,medium,0.010502226223428519,1,0.2257359647868054,0.007714759580267428,-0.0002848515984065833
2025-02-13,601.0115966796875,601.2186155981716,594.5749988790903,595.8366651794477,40921300,0.010502226223428519,594.5305877685547,4.3085024792861075,1.5042370155968097,0,0.0,0.0,0.0,1.2860486529657598,3.0162109822600836,0.007034568925728121,medium,-4.925492282369204e-05,0,1.5042370155968097,0.007034568925728121,0.0011216556127490473
2025-02-14,600.9819946289062,602.2535274358258,600.360998100256,601.2185532755497,26910400,-4.925492282369204e-05,595.4206756591797,3.624810218961998,1.5342372796882942,0,0.0,-0.0,0.0,1.2860486529657598,3.0160624190209324,0.007000189737822195,medium,0.0029315675694663403,1,1.5342372796882942,0.007000189737822195,0.0029509513971964136
2025-02-18,602.7463989257812,602.7463989257812,599.6808827255115,602.145135650955,26749000,0.0029315675694663403,596.1062286376953,3.65008851577315,1.819180619700529,0,0.0,0.0,0.0,1.2860486529657598,3.0249042097960204,0.006722229971736892,medium,0.002352073742817084,1,1.819180619700529,0.006722229971736892,0.002183617739973775
2025-02-19,604.165771484375,604.4614697835945,600.8439635712302,601.3565473981581,31011100,0.002352073742817084,596.5931640625,4.042760187553418,1.8731280290107288,0,0.0,0.0,0.0,1.2860486529657598,3.0320190075624183,0.006465924780444024,medium,-0.004168941410624594,0,1.8731280290107288,0.006465924780444024,0.002502004370343202
2025-02-20,601.6522827148438,602.9336821985821,598.3403412349714,602.7956695963146,36554000,-0.004168941410624594,596.7873474121094,4.192682473919219,1.1603395518255708,0,0.0,-0.0,0.0,1.2860486529657598,3.0193786979639903,0.006453960815017077,medium,-0.01725204722983592,0,1.1603395518255708,0.006453960815017077,0.0023135342404527292
2025-02-21,591.361572265625,601.5734221193063,590.8982614234848,601.435409514207,76519800,-0.01725204722983592,596.3038604736328,4.234853856473128,-1.1670504757686737,0,0.0,-0.0,0.0,1.2860486529657598,2.967288234061955,0.007428132267168896,medium,-0.004560761261523953,0,-1.1670504757686737,0.007428132267168896,-0.003237320450200158
2025-02-24,588.670654296875,594.4074426853949,587.960918125522,593.4118748152965,50737200,-0.004560761261523953,595.7735565185546,4.498825425319259,-1.578834818018213,0,0.0,-0.0,0.0,1.2860486529657598,2.9537551408322695,0.0074615849759544816,medium,-0.004985563759225436,0,-1.578834818018213,0.0074615849759544816,-0.00413962171794021
2025-02-25,585.7431030273438,589.3409366661995,581.1300283822392,588.6115273648803,58266500,-0.004985563759225436,595.5207275390625,4.915824606832823,-1.989010042817267,0,0.0,-0.0,0.0,1.2860486529657598,2.9390290062485103,0.006851708636667874,medium,0.0005046234510921561,1,-1.989010042817267,0.006851708636667874,-0.005723047983678566
2025-02-26,586.0387573242188,591.0067297705009,583.3970853838995,587.4088964020577,43321600,0.0005046234510921561,595.0288635253906,5.351262563743282,-1.6799972145046822,0,0.0,0.0,0.0,1.2860486529657598,2.940512109208503,0.006524716539402021,medium,-0.016090692718088075,0,-1.6799972145046822,0.006524716539402021,-0.006092538042023551
2025-02-27,576.6844482421875,589.4690234968429,576.290203877955,588.3157098294636,74196700,-0.016090692718088075,594.2028442382813,6.7419680890395375,-2.5984098062661474,1,0.0,-0.0,0.0,1.2860486529657598,2.893197232425412,0.007332547811308309,medium,0.015484988958083439,1,-2.5984098062661474,0.007332547811308309,-0.008476888303516247
2025-02-28,585.6838989257812,586.2161558854355,574.1117771132394,577.1871598716435,88744100,0.015484988958083439,593.667611694336,6.9800248206893025,-1.1437943236090513,0,1.0,0.014984988958083438,1.0,1.3053200778300098,2.9379983596230774,0.008131091483431293,medium,-0.017675269999276228,0,-1.1437943236090513,0.008131091483431293,-0.0019294810659323761
2025-03-03,575.4227294921875,588.7987001526899,571.6080711867788,587.6552532272791,74249200,-0.017675269999276228,592.7780151367188,8.086821978937987,-2.1461194137490405,1,0.0,-0.0005,1.0,1.3046674177910949,2.886068445359309,0.008915268339868472,medium,-0.011907401191118678,0,-2.1461194137490405,0.008915268339868472,-0.004552382813482831
2025-03-04,568.611572265625,577.0196322682823,564.0675042327628,571.4208567458912,109648200,-0.011907401191118678,591.7474609375,9.713454179207302,-2.3818394821277784,1,1.0,-0.012407401191118678,1.0,1.2884798857175799,2.8517028705153873,0.00914596603354363,medium,0.010690461058066167,1,-2.3818394821277784,0.00914596603354363,-0.00593675029986148
2025-03-05,574.722900390625,576.5168836727693,564.8856223320056,568.4439889843314,71230500,0.010690461058066167,590.8248443603516,10.421246906322112,-1.5451072327974709,0,1.0,0.010690461058066167,0.0,1.3022543297599454,2.882188889001808,0.00938186921146023,medium,-0.0179105433535515,0,-1.5451072327974709,0.00938186921146023,-0.0038995827784666774
2025-03-06,564.5209350585938,571.8742272350298,561.9679425734266,567.2512863712917,80094900,-0.0179105433535515,589.271875,11.88650750426911,-2.082271847514236,1,0.0,-0.0005,1.0,1.3016032025950655,2.8305673199522166,0.009955931066161576,high,0.0055893217140628795,1,-2.082271847514236,0.009955931066161576,-0.004263552905559362
2025-03-07,567.68505859375,569.1340707451673,557.5422141835529,562.7368791286215,81158800,0.0055893217140628795,587.7736083984375,12.639510347410374,-1.5893455721410408,0,1.0,0.005089321714062879,1.0,1.3082274800371263,2.846388271336742,0.010035778942433272,high,-0.026996817266839387,0,-1.5893455721410408,0.010035778942433272,-0.006242686354363475
2025-03-10,552.5643920898438,561.3962362827218,547.6457527585567,559.4741670846696,99326600,-0.026996817266839387,585.7928405761719,14.827416344252269,-2.2410140590143266,1,0.0,-0.0005,1.0,1.3075733662971079,2.7695448473049895,0.01135660191384663,high,-0.008347703765828366,0,-2.2410140590143266,0.01135660191384663,-0.008106995807876105
2025-03-11,547.970947265625,555.9551623983707,544.1267490127518,551.4012280579012,88102100,-0.008347703765828366,583.3813201904297,16.83205441935004,-2.1037463426982006,1,1.0,-0.008847703765828366,1.0,1.296004344500024,2.746425507353511,0.011140875798876666,high,0.005292633728669656,1,-2.1037463426982006,0.011140875798876666,-0.007395056322818043
2025-03-12,550.8788452148438,555.0582088315019,545.7729200294035,554.1316472627199,69588200,0.005292633728669656,581.0925262451171,18.003653337869537,-1.678197222711506,0,1.0,0.005292633728669656,0.0,1.3028636208062272,2.760961331627009,0.011292532520443634,high,-0.013420177072022468,0,-1.678197222711506,0.011292532520443634,-0.008474621788697345
2025-03-13,543.5353393554688,551.1153839968962,541.8202288918889,550.5042540653316,74079400,-0.013420177072022468,578.5326599121094,19.536645321496728,-1.7913679641884093,0,0.0,-0.0005,1.0,1.3022121889958242,2.7239087416675676,0.011484612955022828,high,0.020445279954321643,1,-1.7913679641884093,0.011484612955022828,-0.007576548532391539
2025-03-14,554.762451171875,555.7678855775432,543.6043071486545,548.1582415612112,62660300,0.020445279954321643,576.2202026367188,19.472924185411333,-1.1019275410582376,0,0.0,0.0,0.0,1.3022121889958242,2.779599818460985,0.012350803347809098,high,0.0076818548542385845,1,-1.1019275410582376,0.012350803347809098,-0.004605356884339787
2025-03-17,559.0404663085938,561.5638590041749,554.3090523622551,554.7427633019219,49008700,0.0076818548542385845,574.1231262207032,18.916357663801346,-0.7973342532517159,0,0.0,0.0,0.0,1.3022121889958242,2.80095230081927,0.012599562962042177,high,-0.01086728105332802,0,-0.7973342532517159,0.012599562962042177,0.0023303775398758075
2025-03-18,552.9981079101562,556.9409127203818,551.0661118946721,556.7240271713574,66041400,-0.01086728105332802,571.6357116699219,18.21216076280571,-1.0233603800504985,0,0.0,-0.0,0.0,1.3022121889958242,2.7705135649493013,0.012599893232363005,high,0.01083201580103441,1,-1.0233603800504985,0.012599893232363005,0.0018264620823758768
2025-03-19,559.020751953125,562.7861379289428,553.5993951050114,554.7822486316311,66556000,0.01083201580103441,569.3784606933593,16.70329619385932,-0.6200996869134228,0,0.0,0.0,0.0,1.3022121889958242,2.8005238116618125,0.012972930540995667,high,-0.002895991014734792,0,-0.6200996869134228,0.012972930540995667,0.002934338496848827
2025-03-20,557.4041748046875,562.4115538615378,554.5554838320709,555.2750866351008,62958200,-0.002895991014734792,567.1660552978516,15.052349271169021,-0.6485286992284854,0,0.0,-0.0,0.0,1.3022121889958242,2.792413519866689,0.012974576904017678,high,0.00032975637740223734,1,-0.6485286992284854,0.012974576904017678,0.005039175708306362
2025-03-21,557.5880126953125,558.4877328401925,551.7054963570508,552.9413292589383,83763000,0.00032975637740223734,565.4773773193359,14.056604264450236,-0.5612567925794113,0,0.0,0.0,0.0,1.3022121889958242,2.7933343360332095,0.01260697102193518,high,0.017750086193809182,1,-0.5612567925794113,0.01260697102193518,0.0010160709929224814
2025-03-24,567.5736083984375,568.6314886589248,563.7375780431137,564.3307537296456,58766800,0.017750086193809182,564.4225250244141,12.974440797194138,0.24286853077358606,0,0.0,0.0,0.0,1.3022121889958242,2.8429162612659256,0.01341711194284523,high,0.0024009971253177113,1,0.24286853077358606,0.01341711194284523,0.003029717260836601
2025-03-25,568.93798828125,569.8771730865459,567.1880294433175,568.7797678649376,38355700,0.0024009971253177113,563.5822692871094,12.030854924256044,0.4451652877421582,0,0.0,0.0,0.0,1.3022121889958242,2.849742095036744,0.013427187941166577,high,-0.0120100659661846,0,0.4451652877421582,0.013427187941166577,0.005683372896565747
2025-03-26,562.1458740234375,569.7981425644431,560.7617168790538,568.6710483477373,51848300,-0.0120100659661846,562.3876251220703,10.807682006534238,-0.022368450375078484,0,0.0,-0.0,0.0,1.3022121889958242,2.8155165044887394,0.013621237728376801,high,-0.0026592845740137966,0,-0.022368450375078484,0.013621237728376801,0.0011149565431219448
2025-03-27,560.6529541015625,564.4296669577193,558.5371935416607,560.7517966033342,42164200,-0.0026592845740137966,561.586050415039,10.27278804142127,-0.0908318471786013,0,0.0,-0.0,0.0,1.3022121889958242,2.8080292448804713,0.013219350096849233,high,-0.020343823330424816,0,-0.0908318471786013,0.013219350096849233,0.0011622978312661445
2025-03-28,549.3623657226562,559.8521624781242,548.7790863172526,559.120558969836,71662700,-0.020343823330424816,559.7699737548828,8.908372125603398,-1.1682951593719617,0,0.0,-0.0,0.0,1.3022121889958242,2.7509031940159567,0.01323703243809763,high,0.006690231009001413,1,-1.1682951593719617,0.01323703243809763,-0.0029724181102992664
2025-03-31,553.050048828125,554.3550955683165,540.6719276036363,543.5984015371023,95328200,0.006690231009001413,558.6513397216797,8.217262226496507,-0.6816492816175937,0,0.0,0.0,0.0,1.3022121889958242,2.769307371867323,0.012952980474089482,high,0.002820487746496578,1,-0.6816492816175937,0.012952980474089482,-0.005184389147260821
2025-04-01,554.6121215820312,556.559825628618,547.4047657676659,551.1320571376683,54609600,0.002820487746496578,557.9513671875,7.914857419200657,-0.4218958635146133,0,0.0,0.0,0.0,1.3022121889958242,2.7771181693759575,0.012776506714562296,high,0.006308494357111239,1,-0.4218958635146133,0.012776506714562296,-0.005100491023025047
2025-04-02,558.1219482421875,560.9890444564371,548.52197624234,548.7592465118332,76014500,0.006308494357111239,557.1213195800781,6.864169297155531,0.14577563850647954,0,0.0,0.0,0.0,1.3022121889958242,2.7946376036764966,0.012597348931093991,high,-0.050536534960503074,0,0.14577563850647954,0.012597348931093991,-0.0014367789583658794
2025-04-03,530.6172485351562,541.7594774009829,530.6172485351562,538.9319060881811,125986000,-0.050536534960503074,555.4261352539063,8.842058754643345,-2.80578170844226,1,0.0,-0.0,0.0,1.3022121889958242,2.653406302716363,0.016382714465849428,high,-0.06032656014450251,0,-2.80578170844226,0.016382714465849428,-0.011012229035663734
2025-04-04,499.5533447265625,519.9099817661254,499.3358369172059,517.7349036725598,217965100,-0.06032656014450251,552.0195495605469,14.911756321999553,-3.518445694862931,1,1.0,-0.06082656014450251,1.0,1.2230031009609654,2.493335427807742,0.020624489104055857,high,-0.0017827814203064058,0,-3.518445694862931,0.020624489104055857,-0.019008776398479272
2025-04-07,498.6635437011719,517.2405628900261,476.33944038650816,483.64569927250346,256611400,-0.0017827814203064058,549.3245071411133,19.09277969142472,-2.6534095222758536,1,1.0,-0.0017827814203064058,0.0,1.2208227537555951,2.4888903557324547,0.020061683506054417,high,-0.015786671024523878,0,-2.6534095222758536,0.020061683506054417,-0.020703378884340838
2025-04-08,490.8531188964844,519.0300819148135,483.6160734043612,515.9454474877983,165816600,-0.015786671024523878,546.4686157226563,23.14723956896458,-2.402683769720007,1,1.0,-0.015786671024523878,0.0,1.201550026562802,2.449599062470396,0.020192973405949964,high,0.09986278391659298,1,-2.402683769720007,0.020192973405949964,-0.024424810638544923
2025-04-09,542.4021606445312,542.4021606445312,487.46196103833506,487.84755542038147,241867300,0.09986278391659298,546.0447814941406,23.13984091886954,-0.15741771356081058,0,1.0,0.09986278391659298,0.0,1.3215401572304195,2.6942228443281655,0.0310227067045629,high,-0.044808164846050234,0,-0.15741771356081058,0.0310227067045629,-0.00571395272664858
2025-04-10,518.6345825195312,527.4534689848499,503.5475251856576,526.1385259148457,162331200,-0.044808164846050234,544.7997436523438,23.93809102960503,-1.0930345740791603,0,0.0,-0.0005,1.0,1.3208793871518043,2.5734996629875146,0.03245684954222199,high,0.01768562624901455,1,-1.0930345740791603,0.03245684954222199,-0.00456827870375801
2025-04-11,527.8885498046875,530.3503195313269,514.1757514102393,517.0824330937988,97866300,0.01768562624901455,543.4560485839844,24.10310577082304,-0.6458710726872988,0,0.0,0.0,0.0,1.3208793871518043,2.619013616179077,0.03236058700728237,high,0.009654564485726522,1,-0.6458710726872988,0.03236058700728237,0.011034158574945403
2025-04-14,533.009765625,538.1113174755011,527.8093712828247,537.883883195208,68034000,0.009654564485726522,542.1545135498047,23.91938800828883,-0.3823152967641056,0,0.0,0.0,0.0,1.3208793871518043,2.6442990520254734,0.03239618628870686,high,-0.0028047392406681144,0,-0.3823152967641056,0.03239618628870686,0.013321627756151987
2025-04-15,531.5169067382812,537.0732068479572,530.7259857198238,533.5535570239268,56892900,-0.0028047392406681144,541.080453491211,23.889117067429655,-0.40033069141632777,0,0.0,-0.0,0.0,1.3208793871518043,2.636882482710196,0.032335174977219557,high,-0.022478798426379256,0,-0.40033069141632777,0.032335174977219557,0.015918014112923144
2025-04-16,519.7023315429688,531.7937621429162,514.3931980244283,525.6541223320015,83484800,-0.022478798426379256,539.1145324707031,23.952783873937673,-0.8104361075480762,0,0.0,-0.0,0.0,1.3208793871518043,2.5776085329073033,0.0324979469359878,high,0.0014257923621276338,1,-0.8104361075480762,0.0324979469359878,-0.008550302355671304
2025-04-17,520.44384765625,525.1499093262158,517.9721816819745,521.6599483491107,79868100,0.0014257923621276338,537.2665161132812,23.89314085289521,-0.7040794075841548,0,0.0,0.0,0.0,1.3208793871518043,2.5812836674660775,0.03251756263037532,high,-0.024090563717786426,0,-0.7040794075841548,0.03251756263037532,0.0006964890859642688
2025-04-21,508.0558776855469,515.7872559194974,502.69729269891565,515.2533374613439,69368100,-0.024090563717786426,534.789909362793,24.240448982511047,-1.1028686678425021,0,0.0,-0.0,0.0,1.3208793871518043,2.5190990888013047,0.03282596069938565,high,0.025684938396018903,1,-1.1028686678425021,0.03282596069938565,-0.007658748907395927
2025-04-22,521.2742919921875,523.3010457814191,513.3056442523776,514.2448892796023,75948100,0.025684938396018903,532.4749435424804,23.130189461605347,-0.4842438307254387,0,0.0,0.0,0.0,1.3208793871518043,2.5838019937106336,0.03315724077774306,high,0.015376645752308337,1,-0.4842438307254387,0.03315724077774306,-0.004452674125337451
2025-04-23,529.3516845703125,539.2482437222484,527.8291602174767,534.3049123051696,90590700,0.015376645752308337,530.4956283569336,21.480658336692382,-0.053254596236794835,0,0.0,0.0,0.0,1.3208793871518043,2.62353220166203,0.033420229342073685,high,0.020830549392469144,1,-0.053254596236794835,0.033420229342073685,-0.0008163971267421608
2025-04-24,540.4940185546875,541.2256220112762,529.3814182452572,530.6369834977514,64150400,0.020830549392469144,529.4130355834961,20.31559497232438,0.5454422076383592,0,0.0,0.0,0.0,1.3208793871518043,2.6781818187714848,0.03379030458821457,high,0.007199287618880849,1,0.5454422076383592,0.03379030458821457,0.00784547243702752
2025-04-25,544.3992309570312,544.8045575926888,537.5279880397045,540.4544620384363,61119600,0.007199287618880849,528.6003494262695,19.299834945389847,0.8186018986932113,0,0.0,0.0,0.0,1.3208793871518043,2.697462819980478,0.03385147877140309,high,0.00038122941622532403,1,0.8186018986932113,0.03385147877140309,0.009000171488378162
2025-04-28,544.6068115234375,547.2762226232229,538.8429303961163,545.1407299494361,47613800,0.00038122941622532403,528.3625717163086,19.05836422656537,0.8523417652227536,0,0.0,0.0,0.0,1.3208793871518043,2.6984911721566287,0.033559294739021465,high,0.006279805906986377,1,0.8523417652227536,0.033559294739021465,0.013894530115180511
2025-04-29,548.03759765625,549.1547955800734,542.3329728897722,542.6888783318544,47775100,0.006279805906986377,528.1119491577149,18.74704549228955,1.0628687334615103,0,0.0,0.0,0.0,1.3208793871518043,2.7154371729594886,0.03355483377365085,high,0.0003967339594560512,1,1.0628687334615103,0.03355483377365085,0.010013503617374008
2025-04-30,548.2550659179688,550.2126665027023,535.3826699025942,541.3640897959557,93101500,0.0003967339594560512,527.7940963745117,18.32319207075306,1.1166705814384958,0,0.0,0.0,0.0,1.3208793871518043,2.7165144791007707,0.0335467562999364,high,0.007061810223084447,1,1.1166705814384958,0.0335467562999364,0.007017521258803551
2025-05-01,552.1404418945312,557.6770094036193,551.5373699314374,554.0189320097116,63186100,0.007061810223084447,527.495021057129,17.844688146595395,1.3811068389056953,0,0.0,0.0,0.0,1.3208793871518043,2.735697988820441,0.03355531524672162,high,0.01473503495567426,1,1.3811068389056953,0.03355531524672162,0.004263773424926611
2025-05-02,560.3364868164062,561.9381212948161,556.0061238656243,558.3294653880318,60717300,0.01473503495567426,528.9809829711915,19.296682178043316,1.6249168409319912,0,0.0,0.0,0.0,1.3208793871518043,2.776008594313878,0.031550891104017396,high,-0.005750689730443321,0,1.6249168409319912,0.031550891104017396,0.005770922892285294
2025-05-05,557.1234130859375,560.2278400664005,555.3339293144951,556.194064255589,38659200,-0.005750689730443321,531.8594863891601,18.966968184450497,1.3319960497160144,0,0.0,-0.0,0.0,1.3208793871518043,2.760044630198935,0.027967223889344587,high,-0.008393557909377652,0,1.3319960497160144,0.027967223889344587,0.0045445390629515635
2025-05-06,552.4667358398438,556.9651555946843,550.6476235760448,551.6066009560054,48264700,-0.008393557909377652,534.5496459960938,17.789885809006027,1.0071503570123848,0,0.0,-0.0,0.0,1.3208793871518043,2.7368780357628935,0.028096019888468427,high,0.004196729249441555,1,1.0071503570123848,0.028096019888468427,0.0016098662996787583
2025-05-07,554.7901611328125,557.4298834610689,549.738030089525,553.8014947566288,55588000,0.004196729249441555,537.7464981079102,15.059557917583856,1.131750554576493,0,0.0,0.0,0.0,1.3208793871518043,2.7483639718677337,0.027665305962448455,high,0.006943627636358309,1,1.131750554576493,0.027665305962448455,0.0023698653576758586
2025-05-08,558.6558227539062,563.8463212534109,555.333918196641,558.8337754612519,65130800,0.006943627636358309,538.5591812133789,15.74689776580341,1.2762286159099865,0,0.0,0.0,0.0,1.3208793871518043,2.767447587897566,0.016739022444201227,high,-0.0012750371772895864,0,1.2762286159099865,0.016739022444201227,0.002346228840330631
2025-05-09,557.9439697265625,561.068128702691,556.381860066797,560.0596697605964,37603400,-0.0012750371772895864,540.5246505737305,15.581449821311455,1.1179523954829182,0,0.0,-0.0,0.0,1.3208793871518043,2.763918989336796,0.01276150603063312,high,0.03251307674144899,1,1.1179523954829182,0.01276150603063312,-0.000855785586262138
2025-05-12,576.382568359375,576.3924646775216,570.4999916854949,574.8797762427796,78993600,0.03251307674144899,542.9493515014649,17.200651342692137,1.9437180715900353,0,0.0,0.0,0.0,1.3208793871518043,2.853782499544251,0.013991092939814044,high,0.006582230528778774,1,1.9437180715900353,0.013991092939814044,0.0067969677081163235
2025-05-13,580.18896484375,582.403567726764,576.2342995973956,576.7977862928067,67947200,0.006582230528778774,545.3083114624023,18.915442477378548,1.8440305281286602,0,0.0,0.0,0.0,1.3208793871518043,2.872566753835246,0.013947095117757633,high,0.0012772436406420047,1,1.8440305281286602,0.013947095117757633,0.009792125395747609
2025-05-14,580.9304809570312,582.3046813078995,578.9036666864055,581.1479585868793,66283500,0.0012772436406420047,547.7789901733398,20.202574572213575,1.6409537638478844,0,0.0,0.0,0.0,1.3208793871518043,2.8762357214539023,0.013868211415236219,high,0.004872557252141818,1,1.6409537638478844,0.013868211415236219,0.0092082282739877
2025-05-15,583.7680053710938,584.2721745648568,578.4687074145315,578.9235156986,71268100,0.004872557252141818,550.982273864746,20.591805082395712,1.5921737494677815,0,0.0,0.0,0.0,1.3208793871518043,2.8902503446773418,0.012337610912495165,high,0.0063138938296915135,1,1.5921737494677815,0.012337610912495165,0.0087940141971444
2025-05-16,587.4655151367188,587.7621029517821,582.6012939394769,584.5489375445604,76052100,0.0063138938296915135,554.3333572387695,20.81277760023507,1.59191428142561,0,0.0,0.0,0.0,1.3208793871518043,2.908499078494864,0.0122944809649748,high,0.001093320207623707,1,1.59191428142561,0.0122944809649748,0.010311800398540622
2025-05-19,588.108154296875,588.7903364922698,581.4346564328234,581.4346564328234,68168500,0.001093320207623707,558.335971069336,19.0690931673609,1.5612794466019901,0,0.0,0.0,0.0,1.3208793871518043,2.9116789993112375,0.010146280929327924,high,-0.0033678968350383067,0,1.5612794466019901,0.010146280929327924,0.004027849091775565
2025-05-20,586.1307983398438,587.317209981726,582.917632829089,586.3681289429425,60614500,-0.0033678968350383067,561.5787963867188,17.914478144319606,1.3705117031784733,0,0.0,-0.0,0.0,1.3208793871518043,2.9018727648248097,0.00943263108058527,medium,-0.01699427924742923,0,1.3705117031784733,0.00943263108058527,0.002037823619012149
2025-05-21,576.2540893554688,585.8639582409971,575.2258980125081,581.7708648204313,95197700,-0.01699427924742923,563.9239166259765,16.486721491843436,0.747885062266164,0,0.0,-0.0,0.0,1.3208793871518043,2.8525575287188674,0.010438010801355445,high,0.0003946750999968456,1,0.747885062266164,0.010438010801355445,-0.0016164809586020983
2025-05-22,576.4815673828125,579.9715286968509,574.8205545855405,576.05638769199,70860400,0.0003946750999968456,565.7232940673828,15.74201052298455,0.6834116455278583,0,0.0,0.0,0.0,1.3208793871518043,2.853683362146761,0.009703346617875119,high,-0.0068493956928055814,0,0.6834116455278583,0.009703346617875119,-0.0025120573890310928
2025-05-23,572.5465087890625,575.215919785119,569.0762805285291,569.4519785383726,76029000,-0.0068493956928055814,567.1306579589843,14.974775527612932,0.3616649091060859,0,0.0,-0.0,0.0,1.3208793871518043,2.8341373556174423,0.009906716236680558,high,0.02057749361541795,1,0.3616649091060859,0.009906716236680558,-0.005144715293530512
2025-05-27,584.4501342773438,584.6082943415249,571.8742669840636,579.4276923460704,72588500,0.02057749361541795,569.1228240966797,14.462110611110528,1.059825262910717,0,0.0,0.0,0.0,1.3208793871518043,2.8924567989578778,0.010676583685727627,high,-0.005802110384951137,0,1.059825262910717,0.010676583685727627,-0.0012478806119716628
2025-05-28,581.0689086914062,586.051826179252,580.3373051792158,584.8555180607121,68445500,-0.005802110384951137,570.7743896484375,13.798300831503884,0.7460715032002073,0,0.0,-0.0,0.0,1.3208793871518043,2.875674445326622,0.0108531743436604,high,0.003939507281933468,1,0.7460715032002073,0.0108531743436604,-0.001734723321954229
2025-05-29,583.362548828125,586.4768718669775,579.4276761926377,586.3384441000501,69973300,0.003939507281933468,572.5297637939453,12.992273115278927,0.8337867390918914,0,0.0,0.0,0.0,1.3208793871518043,2.8870031857444562,0.01083861757345591,high,-0.0011190827579547142,0,0.8337867390918914,0.01083861757345591,0.0024520339839183107
2025-05-30,582.7100830078125,584.430352826958,576.6297607292682,582.2552747565533,90601200,-0.0011190827579547142,574.0582458496094,12.243953088053138,0.7066212273097474,0,0.0,-0.0,0.0,1.3208793871518043,2.8837723902571293,0.010835738083974573,high,0.005617096261868067,1,0.7066212273097474,0.010835738083974573,0.002149282412327999
2025-06-02,585.992431640625,586.0714814983527,578.4291102147669,581.0985213264464,61630500,0.005617096261868067,575.3410430908203,12.073459586858103,0.8822151159886802,0,0.0,0.0,0.0,1.3208793871518043,2.8999708173705208,0.010488738316982693,high,0.005686392165638516,1,0.8822151159886802,0.010488738316982693,0.004642580803262729
2025-06-03,589.3341064453125,590.3128764026674,585.1421107506463,585.6266079138771,63606200,0.005686392165638516,576.9515777587891,11.65659389229473,1.0622767509047857,0,0.0,0.0,0.0,1.3208793871518043,2.9164611887069967,0.010340976611382724,high,-0.00026837630786721444,0,1.0622767509047857,0.010340976611382724,0.0016643605133068416
2025-06-04,589.1759643554688,591.1730898063917,588.7409487228937,590.1943197189499,57314200,-0.00026837630786721444,578.7870391845703,10.423145330885365,0.9967169065670124,0,0.0,-0.0,0.0,1.3208793871518043,2.9156784796211332,0.010032658886595353,high,-0.00484458823974022,0,0.9967169065670124,0.010032658886595353,0.0027711073287236257
2025-06-05,586.3285522460938,592.2111289512687,584.3512195951713,590.8566609128592,92278700,-0.00484458823974022,580.3639587402344,8.871859623823534,0.672304765715941,0,0.0,-0.0,0.0,1.3208793871518043,2.901553217947897,0.010188655122676318,high,0.010216715128296139,1,0.672304765715941,0.010188655122676318,0.0010142882243888885
2025-06-06,592.349609375,594.0204580272924,590.0954209877331,591.8750084630755,66588700,0.010216715128296139,582.0486480712891,7.6472804275219,1.347009750896361,0,0.0,0.0,0.0,1.3208793871518043,2.9311975606052614,0.01028514463890391,high,0.0009008768838141856,1,1.347009750896361,0.01028514463890391,0.0032814478016390592
2025-06-09,592.8834838867188,594.4356974397457,591.7069684086109,592.9230088207169,53016400,0.0009008768838141856,583.7956237792969,5.555730694105696,1.6357632519991585,0,0.0,0.0,0.0,1.3208793871518043,2.933838208729503,0.010249790841727946,high,0.005653652033262058,1,1.6357632519991585,0.010249790841727946,0.0023382039260282828
2025-06-10,596.2449340820312,596.6304681071312,592.3001649023746,593.4173023897237,66247000,0.005653652033262058,584.7887420654297,5.9239166680632245,1.933888111283488,0,0.0,0.0,0.0,1.3208793871518043,2.9504251090835485,0.007602079419851911,medium,-0.002856194072335503,0,1.933888111283488,0.007602079419851911,0.002331655899552991
2025-06-11,594.5443725585938,598.2024500657004,592.4780937113569,597.3423151819753,73658200,-0.002856194072335503,585.5065124511718,6.200481621404175,1.4576061440490466,0,0.0,-0.0,0.0,1.3208793871518043,2.941998122376114,0.007575569538290913,medium,0.0039665546330707215,1,1.4576061440490466,0.007575569538290913,0.0018140923466593336
2025-06-12,596.9073486328125,596.9073486328125,592.725309003214,593.2097458920864,64129000,0.0039665546330707215,586.3053558349609,6.596448249980596,1.607227464853195,0,0.0,0.0,0.0,1.3208793871518043,2.9536677186589104,0.007600427023993385,medium,-0.011243133322926546,0,1.607227464853195,0.007600427023993385,0.0035763209212215223
2025-06-13,590.2338256835938,595.0288334634262,588.731033484191,591.7168252456129,89506000,-0.011243133322926546,586.6286468505859,6.623935255603864,0.5442654092909232,0,0.0,-0.0,0.0,1.3208793871518043,2.9204592387064037,0.008049082856804772,medium,0.009469221553216311,1,0.5442654092909232,0.008049082856804772,-0.000715648769023015
2025-06-16,595.8494262695312,597.5993850121447,593.4172853343232,593.5952983788304,79984100,0.009469221553216311,587.0478424072265,6.937547623007896,1.2686880639370124,0,0.0,0.0,0.0,1.3208793871518043,2.9481137142748524,0.008197542723337703,medium,-0.008581853965084374,0,1.2686880639370124,0.008197542723337703,0.0009980201648574101
2025-06-17,590.7578125,594.9299553868199,589.9965201271316,593.4074309844862,82209400,-0.008581853965084374,587.1803253173828,6.984005620984108,0.5122400205217953,0,0.0,-0.0,0.0,1.3208793871518043,2.922813432906483,0.008455073223902588,medium,-0.0001506471164413424,0,0.5122400205217953,0.008455073223902588,-0.0018490810348118763
2025-06-18,590.6688232421875,594.4059506456396,589.7097855095001,591.6574895866379,76605000,-0.0001506471164413424,587.4072265625,7.021728618925359,0.46450053209072484,0,0.0,-0.0,0.0,1.3208793871518043,2.92237311949092,0.008413626760508013,medium,-0.002351298196901591,0,0.46450053209072484,0.008413626760508013,-0.001307971643633044
2025-06-20,589.2816162109375,594.4180406328666,587.8735160730708,593.3471074282096,94051400,-0.002351298196901591,588.0586029052735,6.518894915049265,0.18761052626276262,0,0.0,-0.0,0.0,1.3208793871518043,2.9155017488443873,0.007397375024427651,medium,0.009829017063755472,1,0.18761052626276262,0.007397375024427651,-0.0025715422096275068
2025-06-23,595.1022338867188,595.4889076465048,586.9116980815279,590.0351674928282,87426000,0.009829017063755472,588.9896362304687,6.0943129322930565,1.0030002929222916,0,0.0,0.0,0.0,1.3208793871518043,2.9441582652831872,0.007645482009047339,medium,0.010986735734259066,1,1.0030002929222916,0.007645482009047339,0.001642887867708897
2025-06-24,601.676513671875,602.7374608387837,598.3348024442159,599.2471080685161,67735300,0.010986735734259066,590.4461364746094,5.398951711859409,2.08010328608734,-1,0.0,0.0,0.0,1.3208793871518043,2.976504954103688,0.007649566486689737,medium,0.0005601062431551068,1,2.08010328608734,0.007649566486689737,0.0019463907039174479
2025-06-25,602.0136108398438,603.4910690166892,600.4468830082857,602.7969444947229,62114800,0.0005601062431551068,591.3243103027344,5.786806898570069,1.8471845915146607,0,-1.0,-0.0010601062431551068,1.0,1.3194791146670297,2.9781721131112633,0.0063576949208189034,medium,0.0077933328130199795,1,1.8471845915146607,0.0063576949208189034,0.0037747827455653442
2025-06-26,606.7236328125,607.1599344481853,603.2530708764845,603.8678512919777,78548400,0.0077933328130199795,592.607046508789,6.2209881412125325,2.269187142504261,-1,0.0,-0.0005,1.0,1.3188193751096964,3.0013819995631943,0.006264187962889591,low,0.004956130432601319,1,2.269187142504261,0.006264187962889591,0.005363578731457609
2025-06-27,609.7380981445312,611.2056913389495,605.692457719191,607.7252035075089,86258400,0.004956130432601319,593.9258239746093,6.915055612291204,2.286644541486594,-1,-1.0,-0.005456130432601319,1.0,1.3116237245820561,3.0162572402310914,0.006283481179229395,low,0.004769811928816336,1,2.286644541486594,0.006283481179229395,0.00682506445735819
2025-06-30,612.6533813476562,614.0118537505704,609.867018033134,612.1873634601734,92502500,0.004769811928816336,595.4229888916016,7.569469119441822,2.2763013078155296,-1,-1.0,-0.004769811928816336,0.0,1.3053675260944262,3.0306442199959247,0.006257140364435565,low,-0.0003237317036786633,0,2.2763013078155296,0.006257140364435565,0.005813223430370363
2025-07-01,612.455078125,613.625146088841,610.3429883405835,611.1758893553448,70030100,-0.0003237317036786633,596.7461212158203,8.126575840368876,1.933035169763048,0,-1.0,0.0003237317036786633,0.0,1.3057901149475755,3.029663104379342,0.006242645727069107,low,0.004523032166475909,1,1.933035169763048,0.006242645727069107,0.003551129942782818
2025-07-02,615.2315063476562,615.2711481262035,611.4237773441516,612.0484833566157,66510400,0.004523032166475909,598.0409912109375,8.908958227610892,1.9295763542185491,0,0.0,-0.0005,1.0,1.3051372198901017,3.043366368054035,0.0062138868005401195,low,0.00785049006139128,1,1.9295763542185491,0.0062138868005401195,0.004343715127446978
2025-07-03,620.0803833007812,621.0124795190609,617.194824993195,617.214676143094,51065800,0.00785049006139128,599.5862121582031,9.913874234332976,2.0672212152545035,-1,0.0,0.0,0.0,1.3051372198901017,3.067258285479616,0.006311986437426421,low,-0.007479922081385233,0,2.0672212152545035,0.006311986437426421,0.004355146577121239
2025-07-07,615.4595336914062,618.7813935886118,612.6731706581298,618.1169852960921,74814500,-0.007479922081385233,601.0427612304687,10.003102756808527,1.4412300674533078,0,-1.0,0.006979922081385233,1.0,1.3142469759904505,3.0443154325007455,0.006499340752831709,medium,-0.000547866269065751,0,1.4412300674533078,0.006499340752831709,0.0018679360743239274
2025-07-08,615.1224365234375,616.8775081543645,614.3093261623386,616.1238907210633,59024600,-0.000547866269065751,602.1814025878906,10.254435535438093,1.2619937870616325,0,0.0,-0.0005,1.0,1.3135898525024554,3.042647554762882,0.006261446444749729,low,0.005978718557821743,1,1.2619937870616325,0.006261446444749729,0.0008044004347475103
2025-07-09,618.8110961914062,619.4655183729625,615.6875662931247,617.5319680301938,66113300,0.005978718557821743,603.477783203125,10.648446583127564,1.4399577317293253,0,0.0,0.0,0.0,1.3135898525024554,3.0608386881634537,0.006322045733481116,low,0.0028163406054207227,1,1.4399577317293253,0.006322045733481116,0.0020648904870475917
2025-07-10,620.5563354492188,621.5974919629854,617.7699723301522,618.9499658515675,57529000,0.0028163406054207227,604.6933532714844,11.154912787488174,1.4220624114181286,0,0.0,0.0,0.0,1.3135898525024554,3.069459052447571,0.006270678482258376,low,-0.003521617492822476,0,1.4220624114181286,0.006270678482258376,0.001723552174836554
2025-07-11,618.3748168945312,619.6043777491163,616.3024294765994,617.5022136064131,63670200,-0.003521617492822476,605.8848754882813,11.2857517067191,1.1066999993287046,0,0.0,-0.0,0.0,1.3135898525024554,3.0586495917549694,0.006299490054925661,low,0.0019063975979420422,1,1.1066999993287046,0.006299490054925661,-0.0005508693360061972
2025-07-14,619.5548095703125,619.9018415613931,616.5701165685465,617.9186632768227,51898500,0.0019063975979420422,607.0172485351562,11.47221213731855,1.092863423817992,0,0.0,0.0,0.0,1.3135898525024554,3.0644805939896376,0.006281856940853577,low,-0.004282421636416066,0,1.092863423817992,0.006281856940853577,0.0013263945998592578
2025-07-15,616.9072875976562,622.5791484786782,616.8279435196437,622.2420420602726,74317300,-0.004282421636416066,608.3509216308594,10.957278971361239,0.7808841948042421,0,0.0,-0.0,0.0,1.3135898525024554,3.0513571959895596,0.005681735002995278,low,0.003337615079474222,1,0.7808841948042421,0.005681735002995278,0.0005794835263891946
2025-07-16,618.9697265625,619.4754466932056,612.8516386863737,618.4937831556223,88987500,0.003337615079474222,609.5069366455078,10.787228082304466,0.8772216407025888,0,0.0,0.0,0.0,1.3135898525024554,3.0615414517797563,0.005429236226298065,low,0.006101040721242929,1,0.8772216407025888,0.005429236226298065,5.126283071969044e-05
2025-07-17,622.7576293945312,623.1146474859103,618.9301097920578,619.1482908768893,68885700,0.006101040721242929,611.1069274902344,10.21807812894339,1.1402048171167785,0,0.0,0.0,0.0,1.3135898525024554,3.080220040846838,0.004904108042220074,low,-0.0007327793271960323,0,1.1402048171167785,0.004904108042220074,0.0007082028538841318
2025-07-18,622.3014526367188,624.1755098834977,621.190877778705,624.0069566966004,65621600,-0.0007327793271960323,612.6885589599609,9.294433586590335,1.034263528508823,0,0.0,-0.0,0.0,1.3135898525024554,3.0779629192776907,0.004923217744425905,low,0.0018944777745851093,1,1.034263528508823,0.004923217744425905,0.0012659704870094204
2025-07-21,623.4815063476562,626.2281670376054,623.0551302914085,623.4815063476562,63375000,0.0018944777745851093,614.3985534667969,7.78481835100415,1.1667520642517957,0,0.0,0.0,0.0,1.3135898525024554,3.0837940516192592,0.004787773098066605,low,0.00014311092236799798,1,1.1667520642517957,0.004787773098066605,0.0012635865223380339
2025-07-22,623.5707397460938,624.4334174667899,620.9232136557434,623.8087114591411,60046300,0.00014311092236799798,615.8219787597657,6.58036472720085,1.1775579785566446,0,0.0,0.0,0.0,1.3135898525024554,3.0842353762303794,0.004524178725049317,low,0.008471555947003452,1,1.1775579785566446,0.004524178725049317,0.002148693034094847
2025-07-23,628.8757934570312,628.8757934570312,624.4334327911965,626.2381323551606,70511000,0.008471555947003452,617.1819427490234,6.308059395779683,1.853795275902358,0,0.0,0.0,0.0,1.3135898525024554,3.110363648773842,0.004300498412677188,low,0.00033090071475673087,1,1.853795275902358,0.004300498412677188,0.003175481207600693
2025-07-24,629.0839233398438,630.7994135925716,628.6575473006669,629.2624021105368,71307100,0.00033090071475673087,618.5354583740234,5.762763461760323,1.830452531292716,0,0.0,0.0,0.0,1.3135898525024554,3.1113928703283746,0.004305431087428055,low,0.004215452532187758,1,1.830452531292716,0.004305431087428055,0.0020214532063034534
2025-07-25,631.7413940429688,632.2173979677802,629.5004535059064,629.748350781943,56865400,0.004215452532187758,619.7863464355469,5.7791025826496965,2.0686685236067452,-1,0.0,0.0,0.0,1.3135898525024554,3.1245087992822316,0.004131579994639308,low,-0.00025103506196874024,0,2.0686685236067452,0.004131579994639308,0.003011099578180211
2025-07-28,631.5828247070312,632.6735486135409,630.1945756243812,632.1182610848412,54917100,-0.00025103506196874024,620.8785827636718,5.843991554611886,1.8316662239034183,0,-1.0,-0.0002489649380312598,1.0,1.3132628146862286,3.123724438022182,0.004100793436220753,low,-0.002641133326156579,0,1.8316662239034183,0.004100793436220753,0.0025819970108694407
2025-07-29,629.9169311523438,633.2982235137306,629.0046860832861,632.9809077241022,60556300,-0.002641133326156579,621.7417602539062,5.84010095526084,1.3998338318232664,0,0.0,-0.0005,1.0,1.3126061832788856,3.1154742653071916,0.0041490532379242105,low,-0.0012601246347007209,0,1.3998338318232664,0.0041490532379242105,0.002025148161164526
2025-07-30,629.1236572265625,632.3165451544952,626.2281734095909,630.5713386132512,80418900,-0.0012601246347007209,622.5751892089844,5.630680363085138,1.1629976477638475,0,0.0,-0.0,0.0,1.3126061832788856,3.111548379436702,0.004174607389159734,low,-0.0037582800219577626,0,1.1629976477638475,0.004174607389159734,7.88120448236911e-05
2025-07-31,626.763671875,634.4682782312485,625.4646925404661,634.0816044685715,103385200,-0.0037582800219577626,623.1517974853516,5.42581952413713,0.6656827366964053,0,0.0,-0.0,0.0,1.3126061832788856,3.09985430932491,0.004252520025045212,low,-0.01652617763451541,0,0.6656827366964053,0.004252520025045212,-0.0007390241025192077
2025-08-01,616.4907836914062,621.0719812920488,614.0812292944926,621.0322789916852,140103600,-0.01652617763451541,622.9723175048828,5.5896619381055865,-1.1595573909919137,0,0.0,-0.0,0.0,1.3126061832788856,3.0486255663678885,0.00548028801341807,low,0.015085355384855111,1,-1.1595573909919137,0.00548028801341807,-0.004887350135859841
2025-08-04,625.8612670898438,625.9108344398344,620.3183179857707,620.4075271113948,73218000,0.015085355384855111,623.4924041748047,5.331813146998453,0.44428843429604614,0,0.0,0.0,0.0,1.3126061832788856,3.0946151664719035,0.006198036752614028,low,-0.005082764440420212,0,0.44428843429604614,0.006198036752614028,-0.0018200720464950707
2025-08-05,622.688232421875,627.2892207726588,621.7660617410078,626.476110377079,68051400,-0.005082764440420212,623.8706939697265,4.962303516460396,-0.23828883983601334,0,0.0,-0.0,0.0,1.3126061832788856,3.078885966546975,0.006332887760590059,medium,0.0076303958197283745,1,-0.23828883983601334,0.006332887760590059,-0.0023083982693477972
2025-08-06,627.457763671875,628.1121858315174,622.8468502662965,623.7590952688204,64357500,0.0076303958197283745,624.30302734375,4.874174499844828,0.6472349991214692,0,0.0,0.0,0.0,1.3126061832788856,3.1023790851555355,0.006416779929239217,medium,-0.0008379750805715818,0,0.6472349991214692,0.006416779929239217,-0.0005302941784619781
2025-08-07,626.9321899414062,631.6223868787783,623.8185857342208,630.8886206499576,74205800,-0.0008379750805715818,624.6218200683594,4.824478067384982,0.4788849365210494,0,0.0,-0.0,0.0,1.3126061832788856,3.0997793687916886,0.00640517799076505,medium,0.007767426102698934,1,0.4788849365210494,0.00640517799076505,5.376680981525807e-05
2025-08-08,631.82080078125,632.2868791777582,628.4097315038053,628.727047311219,64051600,0.007767426102698934,625.2941192626953,4.844947093011522,1.3471109989970718,0,0.0,0.0,0.0,1.3126061832788856,3.1238566759734487,0.00652734788005503,medium,-0.001979497560583303,0,1.3471109989970718,0.00652734788005503,0.004912487557258127
2025-08-11,630.5713500976562,633.5758942477272,629.3219380955197,632.0984361099556,58742300,-0.001979497560583303,625.8449462890625,4.783953527038259,0.9879702597194512,0,0.0,-0.0,0.0,1.3126061832788856,3.1176730093037475,0.006559072262507999,medium,0.010589747830358579,1,0.9879702597194512,0.006559072262507999,0.0014995169681704438
2025-08-12,637.284423828125,637.4430514601922,631.4340237207567,632.9214074238032,64730800,0.010589747830358579,626.863803100586,4.947389184223385,2.106286839282645,-1,0.0,0.0,0.0,1.3126061832788856,3.150688380289789,0.006782094430729231,medium,0.003417206376974111,1,2.106286839282645,0.006782094430729231,0.004634019422326202
2025-08-13,639.4658813476562,640.7549350171026,637.2744477443421,639.4856719739724,60092800,0.003417206376974111,627.8886108398438,5.333843527644381,2.170530584148096,-1,-1.0,-0.003917206376974111,1.0,1.3074644339672898,3.161454932714774,0.006783175589275562,medium,9.315201910403848e-05,1,2.170530584148096,0.006783175589275562,0.0037913815337753494
2025-08-14,639.5254516601562,640.1897994624859,636.9374184340268,637.3835851461316,59327500,9.315201910403848e-05,628.727001953125,5.783729216194759,1.867039293055948,0,-1.0,-9.315201910403848e-05,0.0,1.307342641015359,3.161749428625063,0.006707305656713938,medium,-0.002344034961438168,0,1.867039293055948,0.006707305656713938,0.003977606953710473
2025-08-15,638.0281372070312,640.6558727131268,637.11589211782,640.5566774831647,68592500,-0.002344034961438168,629.5133361816406,5.931343825253992,1.4355601826919895,0,0.0,-0.0005,1.0,1.3066889696948514,3.1543381774250587,0.006742948397774274,medium,-0.00021765512234882508,0,1.4355601826919895,0.006742948397774274,0.0019553147408830534
2025-08-18,637.8892822265625,638.5834067295413,636.7787072305159,637.4529805837014,43804900,-0.00021765512234882508,630.2337249755859,6.034245483757177,1.2686850860780545,0,0.0,-0.0,0.0,1.3066889696948514,3.1536516195631217,0.006748825985895024,medium,-0.005439899526511449,0,1.2686850860780545,0.006748825985895024,0.0023076832285299485
2025-08-19,634.4286499023438,638.6924711313014,633.1098193903536,637.7108075589789,69750700,-0.005439899526511449,630.7766204833985,5.889944888184945,0.6200447522473687,0,0.0,-0.0,0.0,1.3066889696948514,3.136496071611078,0.006905964828995102,medium,-0.002660523481711854,0,0.6200447522473687,0.006905964828995102,-0.0008982462428440569
2025-08-20,632.7429809570312,634.2799321395609,627.626407225106,634.0221697813646,88890300,-0.002660523481711854,630.9699798583985,5.887735862305774,0.3011346195035389,0,0.0,-0.0,0.0,1.3066889696948514,3.12815135016226,0.006706189207738524,medium,-0.004019987695829061,0,0.3011346195035389,0.006706189207738524,-0.00211379221458125
2025-08-21,630.2044677734375,632.604096553562,628.4791123479844,630.9283690027011,54805800,-0.004019987695829061,631.0260070800781,5.874159544233152,-0.13985648507744966,0,0.0,-0.0,0.0,1.3066889696948514,3.115576220223917,0.006775568036684964,medium,0.015239972288353226,1,-0.13985648507744966,0.006775568036684964,-0.0029364201575678697
2025-08-22,639.88232421875,641.0623176031913,631.8901189367884,632.3958390332336,84083200,0.015239972288353226,631.4330535888672,6.199397654181315,1.362917996425669,0,0.0,0.0,0.0,1.3066889696948514,3.1630575154823815,0.0075348518644325225,medium,-0.004410584084018229,0,1.362917996425669,0.0075348518644325225,0.0005803812923904087
2025-08-25,637.0662841796875,639.8625729858918,636.9472983174492,638.6230864860744,51274300,-0.004410584084018229,631.7072265625,6.326325670647623,0.8471042902599956,0,0.0,-0.0,0.0,1.3066889696948514,3.1491065843477606,0.007617697389570878,medium,0.004178103890889278,1,0.8471042902599956,0.007617697389570878,-0.0002582044999434722
2025-08-26,639.7335815429688,640.0806740325912,636.1738106528877,636.798516612414,51581600,0.004178103890889278,632.1980590820312,6.556733857577981,1.149279904388414,0,0.0,0.0,0.0,1.3066889696948514,3.162263878820649,0.007625503792424017,medium,0.0022760168140987668,1,1.149279904388414,0.007625503792424017,0.0016653961835366732
2025-08-27,641.1912841796875,641.9250504526357,638.9998504138363,639.148612992103,48341100,0.0022760168140987668,632.8014404296875,6.80931710223605,1.2321123578229145,0,0.0,0.0,0.0,1.3066889696948514,3.1694612445794617,0.007616867498398343,medium,0.0035351068723046006,1,1.2321123578229145,0.007616867498398343,0.0026527042426987973
2025-08-28,643.4619750976562,644.0172625669782,639.9121297324674,641.7961126896905,61519500,0.0035351068723046006,633.6363555908204,7.049523583523653,1.3937990830757143,0,0.0,0.0,0.0,1.3066889696948514,3.1806656288066777,0.007553918271090637,medium,-0.00598153537129435,0,1.3937990830757143,0.007553918271090637,0.004163723156325529
2025-08-29,639.6245727539062,642.3911452321481,637.7306640961879,642.0242015644989,74522200,-0.00598153537129435,634.7930450439453,5.890891146745702,0.8201692391871835,0,0.0,-0.0,0.0,1.3066889696948514,3.1616403648437106,0.006543583660146741,medium,-0.007437888193564877,0,0.8201692391871835,0.006543583660146741,-8.057837560398532e-05
2025-09-02,634.884765625,635.1028861742022,629.5797276837342,632.13804448044,81983500,-0.007437888193564877,635.2442199707032,5.5036349256709505,-0.06531217105744877,0,0.0,-0.0,0.0,1.3066889696948514,3.1381244373017414,0.00606505021144715,low,0.005404926745351524,1,-0.06531217105744877,0.00606505021144715,-0.0006860391975133148
2025-09-03,638.3255615234375,638.7916398746721,635.0731807265284,637.2645539172183,70820900,0.005404926745351524,636.0260864257813,4.674260368583923,0.49194416150011305,0,0.0,0.0,0.0,1.3066889696948514,3.1550857700031547,0.005990246901617201,low,0.008322631068136768,1,0.49194416150011305,0.005990246901617201,-0.00044067462662086555
2025-09-04,643.6602783203125,643.6900550422279,638.09747828346,638.999797688006,65219200,0.008322631068136768,636.8362121582031,4.512346494801097,1.512309874689749,0,0.0,0.0,0.0,1.3066889696948514,3.1813443848552194,0.006030974758867957,low,-0.002900350441516548,0,1.512309874689749,0.006030974758867957,0.0007686482241867347
2025-09-05,641.796142578125,646.7243720544352,637.9190556866993,646.0004708304714,85178900,-0.002900350441516548,637.5794097900391,3.988988436565703,1.0570932593919133,0,0.0,-0.0,0.0,1.3066889696948514,3.172117371263988,0.0060863765086447575,low,0.0024535295419670193,1,1.0570932593919133,0.0060863765086447575,-0.0005184432385774952
2025-09-08,643.3727416992188,644.3742563254497,641.7861629025881,643.1644862104067,63133100,0.0024535295419670193,638.1570068359375,3.9473995179986843,1.3213090895662833,0,0.0,0.0,0.0,1.3066889696948514,3.179900254944971,0.005896307162295666,low,0.0023092523208794106,1,1.3213090895662833,0.005896307162295666,0.0011685697440747787
2025-09-09,644.8601684570312,645.3856792185645,641.7762803015634,643.5115612591451,66133900,0.0023092523208794106,638.8714477539063,3.7922286684420414,1.579208752088596,0,0.0,0.0,0.0,1.3066889696948514,3.1872434469888677,0.00586374385231261,low,0.0028866837953472123,1,1.579208752088596,0.00586374385231261,0.0031179978469636363
2025-09-10,646.724365234375,649.0446498954948,645.1576374702139,648.122479271532,78034500,0.0028866837953472123,639.3434448242188,4.154471342184955,1.776620850698759,0,0.0,0.0,0.0,1.3066889696948514,3.196444010999117,0.005447211122933805,low,0.008275924601042638,1,1.776620850698759,0.005447211122933805,0.0026143492569627737
2025-09-11,652.0988159179688,652.7929404681626,648.092817304151,648.6778210448584,69934400,0.008275924601042638,639.9750915527344,5.04003947233801,2.405482026832284,-1,0.0,0.0,0.0,1.3066889696948514,3.2228975406256,0.0056766327297003046,low,-0.0003347625365709058,0,2.405482026832284,0.0056766327297003046,0.0026050079635439477
2025-09-12,651.8805541992188,653.5662677492645,651.3748946038203,652.0689585463732,72780100,-0.0003347625365709058,640.5928466796875,5.69645964210302,1.9815303238704414,0,-1.0,-0.0001652374634290942,1.0,1.3064730557240083,3.2218186352697917,0.005680948676191358,low,0.00530983028777682,1,1.9815303238704414,0.005680948676191358,0.003118125544533076
2025-09-15,655.3511352539062,655.4800466805781,653.7943936028013,654.0918582328915,63772400,0.00530983028777682,641.4589965820312,6.540434681040605,2.124039050821124,-1,0.0,-0.0005,1.0,1.3058198191961463,3.238925945441071,0.005704640214561608,low,-0.0013777414352981307,0,2.124039050821124,0.005704640214561608,0.0036893856936950366
2025-09-16,654.4488525390625,656.213910313041,653.6655188822047,655.9064595692537,61169000,-0.0013777414352981307,642.2869750976563,7.089840616129387,1.7153950419897923,0,-1.0,0.0008777414352981307,1.0,1.3069659913584881,3.2344635429601745,0.005727159295568237,low,-0.0012433011331062585,0,1.7153950419897923,0.005727159295568237,0.002951986942459528
2025-09-17,653.6356811523438,656.1542956225366,648.7967216101163,654.4587170331596,101952200,-0.0012433011331062585,643.2473266601562,7.267973405538584,1.42933303584615,0,0.0,-0.0005,1.0,1.3063125083628089,3.2304421307722215,0.005541822324589005,low,0.004661749475952258,1,1.42933303584615,0.005541822324589005,0.002125989956768834
2025-09-18,656.6898803710938,659.2977648370164,654.7166275252608,656.3229972048737,90459200,0.004661749475952258,644.4446716308594,7.417382085671563,1.6508801351744986,0,0.0,0.0,0.0,1.3063125083628089,3.245501642682443,0.005494772329939735,low,0.004940556697161345,1,1.6508801351744986,0.005494772329939735,0.001403154931750758
2025-09-19,659.9423217773438,660.7874850308027,656.6311583459587,658.5800832029405,97945600,0.004940556697161345,645.9315643310547,7.393134579195942,1.8951038015343198,0,0.0,0.0,0.0,1.3063125083628089,3.261536227558846,0.0053538275373853925,low,0.004719943972387415,1,1.8951038015343198,0.0053538275373853925,0.002458218778497208
2025-09-22,663.0645751953125,663.5119788762895,658.4209716621773,658.4508309420254,69452200,0.004719943972387415,647.0906768798828,8.171150329818474,1.9549142618435382,0,0.0,0.0,0.0,1.3063125083628089,3.2769304958168357,0.004457987253716133,low,-0.005458436585496771,0,1.9549142618435382,0.004457987253716133,0.002340241515419327
2025-09-23,659.4551391601562,663.5617612775759,658.2320617574377,662.9452156846509,81708900,-0.005458436585496771,648.2101196289062,8.258694600693882,1.3615976949075261,0,0.0,-0.0,0.0,1.3063125083628089,3.2590435785103393,0.004539967784488141,low,-0.003186705609680798,0,1.3615976949075261,0.004539967784488141,0.0015241024853795988
2025-09-24,657.3569946289062,660.8471316064555,655.9350982101993,660.7477220570149,68082200,-0.003186705609680798,649.0912902832031,8.2468465537678,1.0022866670081008,0,0.0,-0.0,0.0,1.3063125083628089,3.248657966056506,0.004628513407048598,low,-0.004624172513464782,0,1.0022866670081008,0.004628513407048598,0.0011354215900646909
2025-09-25,654.3242797851562,655.6765652531099,650.7048739536411,654.2149171420698,89622100,-0.004624172513464782,649.7479400634766,8.106363282078986,0.5645367179382101,0,0.0,-0.0,0.0,1.3063125083628089,3.233635611184219,0.004810149581331139,low,0.005712795234045289,1,0.5645367179382101,0.004810149581331139,-0.0007217628078187174
2025-09-26,658.072998046875,658.619871988132,654.1553026157394,655.7760789419195,69179200,0.005712795234045289,650.4784912109375,8.168194166380006,0.9297657084593116,0,0.0,0.0,0.0,1.3063125083628089,3.252108709292431,0.004894141812847558,low,0.0028064247447203627,1,0.9297657084593116,0.004894141812847558,-0.0005673151004419287
2025-09-29,659.9224243164062,661.5134019828115,658.112721358766,660.5985670660314,73499000,0.0028064247447203627,651.4933837890625,8.008050917933156,1.0525707957810129,0,0.0,0.0,0.0,1.3063125083628089,3.2612355076467097,0.004608939566573353,low,0.0037597898827210047,1,1.0525707957810129,0.004608939566573353,-0.000950018945975339
2025-09-30,662.4082641601562,662.8756347075731,657.8641309647478,659.1766647693167,86288000,0.0037597898827210047,652.8695587158203,7.340801541617535,1.2994092525533827,0,0.0,0.0,0.0,1.3063125083628089,3.2734970679135307,0.004111383754517897,low,0.003401684988263315,1,1.2994092525533827,0.004111383754517897,0.0008936263476682163
2025-10-01,664.6654052734375,665.5801794564833,659.3059076216911,659.4152702620313,72545400,0.003401684988263315,654.1865509033203,6.946353649425756,1.5085402930764262,0,0.0,0.0,0.0,1.3063125083628089,3.2846324737485757,0.004051153838863446,low,0.001151140720406421,1,1.5085402930764262,0.004051153838863446,0.0022113044672570385
2025-10-02,665.4309692382812,666.7733621981591,663.004842335434,666.6540464714482,56896000,0.001151140720406421,655.2750854492188,6.91573770271538,1.4685177815629005,0,0.0,0.0,0.0,1.3063125083628089,3.2884135479406766,0.0037718533747700344,low,-1.4767471260179647e-05,0,1.4685177815629005,0.0037718533747700344,0.0033663671140312787
2025-10-03,665.421142578125,668.8714672806448,664.377038831869,666.1966948783695,70494400,-1.4767471260179647e-05,656.4563354492187,6.4972653136903995,1.3797815998088474,0,0.0,-0.0,0.0,1.3063125083628089,3.2883649863881157,0.0036410234232491746,low,0.003579813724412676,1,1.3797815998088474,0.0036410234232491746,0.002220854572970186
2025-10-06,667.8074951171875,668.7024238148077,665.669704301124,667.8174482099862,54623300,0.003579813724412676,657.6780731201172,6.198005690440829,1.634303436134764,0,0.0,0.0,0.0,1.3063125083628089,3.300136720497266,0.0036602010385511814,low,-0.0037143820348426687,0,1.634303436134764,0.0036602010385511814,0.0023755323689086485
2025-10-07,665.3316040039062,669.1796881705657,663.8898014056139,668.7322238208072,72020100,-0.0037143820348426687,658.7016448974609,5.634546110733377,1.1766624988330028,0,0.0,-0.0,0.0,1.3063125083628089,3.2878787519501262,0.0038637836712441536,low,0.005945343779221919,1,1.1766624988330028,0.0038637836712441536,0.0008806979853959136
2025-10-08,669.2990112304688,669.398481470165,665.6299006256374,666.4552183740389,60702200,0.005945343779221919,659.8303771972656,5.363533304108539,1.7653724692918382,0,0.0,0.0,0.0,1.3063125083628089,3.3074263214348685,0.003977800998916781,low,-0.002901212830195306,0,1.7653724692918382,0.003977800998916781,0.0013894297435876348
2025-10-09,667.3600463867188,670.1243359074817,665.4211353124821,669.7166839203261,66501900,-0.002901212830195306,660.5934387207031,5.290786037996859,1.2789418467161269,0,0.0,-0.0,0.0,1.3063125083628089,3.297830773756196,0.0037882392513379263,low,-0.027399797306962,0,1.2789418467161269,0.0037882392513379263,0.0005789590334672893
2025-10-10,649.32275390625,670.1342452495495,649.14378031214,668.324542434099,159422600,-0.027399797306962,660.4655487060547,5.537635746144065,-2.0121935263733484,1,0.0,-0.0,0.0,1.3063125083628089,3.2074708790026145,0.007431393375323694,medium,0.01522754489520044,1,-2.0121935263733484,0.007431393375323694,-0.004898046933673075
2025-10-13,659.2860107421875,661.3642043859337,656.0345659370097,656.9095884512618,79560500,0.01522754489520044,660.6622924804688,5.414904898206263,-0.25416544965307813,0,1.0,0.01472754489520044,1.0,1.325551284476884,3.256312785812675,0.008117399792883846,medium,-0.0012224016319925188,0,-0.25416544965307813,0.008117399792883846,-0.0025685006995155224
2025-10-14,658.4805908203125,662.0602448848334,649.4718888267987,653.4492417720955,88779600,-0.0012224016319925188,660.8638793945313,5.243757926414084,-0.4545001137854956,0,0.0,-0.0005,1.0,1.3248885088346456,3.2523322637490195,0.00811578483313895,medium,0.004429697562726796,1,-0.4545001137854956,0.00811578483313895,-0.0020701046189454926
2025-10-15,661.4039306640625,666.4352795829697,655.1992699391986,663.0446129876665,81702600,0.004429697562726796,661.2522918701172,4.960212575810322,0.03057102727507493,0,0.0,0.0,0.0,1.3248885088346456,3.266739112050926,0.008157774618052678,medium,-0.006833556809050219,0,0.03057102727507493,0.008157774618052678,-0.002373233862244517
2025-10-16,656.8995971679688,664.9239136533134,653.3895542222015,663.0445999065358,110563300,-0.006833556809050219,661.2627777099609,4.950271765927582,-0.8814022236160184,0,0.0,-0.0,0.0,1.3248885088346456,3.24441566474838,0.008260164999380658,medium,0.005660343785832389,1,-0.8814022236160184,0.008260164999380658,-0.003159702658015499
2025-10-17,660.62841796875,661.9906565438909,654.4138037793879,655.7660892614911,96500900,0.005660343785832389,661.2970825195313,4.943011507947605,-0.13527473073978538,0,0.0,0.0,0.0,1.3248885088346456,3.262780172794996,0.008284283452478267,medium,0.010346762560389149,1,-0.13527473073978538,0.008284283452478267,0.0034523255605433782
2025-10-20,667.499267578125,668.4041493887289,663.4921159142255,663.5418206897375,60493400,0.010346762560389149,661.5188171386719,5.122672189713065,1.167447421574727,0,0.0,0.0,0.0,1.3248885088346456,3.2965393845296513,0.008542671795584027,medium,-1.4904592548673624e-05,0,1.167447421574727,0.008542671795584027,0.0024761690935811197
2025-10-21,667.4893188476562,669.1797060532549,666.1867381348511,667.638493864759,56249000,-1.4904592548673624e-05,661.9205261230469,5.265350283731036,1.0576300577410582,0,0.0,-0.0,0.0,1.3248885088346456,3.2964902509533043,0.008434462725717132,medium,-0.005212468267243702,0,1.0576300577410582,0.008434462725717132,0.002717668501469889
2025-10-22,664.0191040039062,668.1953369980629,659.5445816579371,668.1953369980629,80564000,-0.005212468267243702,662.2536315917969,5.171345050295647,0.34139520665101286,0,0.0,-0.0,0.0,1.3248885088346456,3.279307400126932,0.008494350135886609,medium,0.00591237858353294,1,0.34139520665101286,0.008494350135886609,0.0007892353354757891
2025-10-23,667.9566650390625,668.9012985038863,664.019063764971,664.3372592841532,65604500,0.00591237858353294,662.9352508544922,4.965519302872115,1.01125660344646,0,0.0,0.0,0.0,1.3248885088346456,3.298695906968263,0.008486283932655377,medium,0.008139356488562998,1,1.01125660344646,0.008486283932655377,0.0033384224139924217
2025-10-24,673.4155883789062,674.628651928334,671.8246714345047,672.6300829996666,74356500,0.008139356488562998,663.7023803710938,5.345423400847946,1.8171073232985895,0,0.0,0.0,0.0,1.3248885088346456,3.3255451689024413,0.008573638742381156,medium,0.011728661579555206,1,1.8171073232985895,0.008573638742381156,0.0038342249545385426
2025-10-27,681.3603515625,681.658640907831,678.2580209918731,678.8645527756448,63339800,0.011728661579555206,664.7742767333984,6.559180460453117,2.5286809730427473,-1,0.0,0.0,0.0,1.3248885088346456,3.3645493627560223,0.008890505340413392,medium,0.0026524780243792965,1,2.5286809730427473,0.008890505340413392,0.004110604758371754
2025-10-28,683.1700439453125,685.0095454543999,680.9526890414517,683.1600908523567,61738100,0.0026524780243792965,665.8123657226563,7.707439259261146,2.252068117410004,-1,-1.0,-0.0031524780243792965,1.0,1.3207118269257916,3.373473756002672,0.008879778624603511,medium,0.00048027169098161166,1,2.252068117410004,0.008879778624603511,0.004644081281757348
2025-10-29,683.4982299804688,685.795149064121,679.0038013689816,684.8206562449755,85657100,0.00048027169098161166,666.7540069580078,8.652435892857538,1.935203361204101,0,-1.0,-0.00048027169098161166,0.0,1.3200775264233744,3.3750939399479494,0.008871620483461427,medium,-0.011059070654489161,0,1.935203361204101,0.008871620483461427,0.005782629273402411
2025-10-30,675.9810180664062,682.0564104652303,675.9810180664062,680.0279821977349,76335800,-0.011059070654489161,667.2815093994141,8.88597481366611,0.9790156791366156,0,0.0,-0.0005,1.0,1.3194174876601628,3.337768537600527,0.009299254371981014,medium,0.003274731939679319,1,0.9790156791366156,0.009299254371981014,0.0023883394257979904
2025-10-31,678.1983032226562,681.2012239761448,675.3942622450203,681.1614116072222,87164100,0.003274731939679319,667.9203674316407,9.198978920326628,1.117290938487186,0,0.0,0.0,0.0,1.3194174876601628,3.348698834837864,0.009313416197158099,medium,0.001875018306885159,1,1.117290938487186,0.009313416197158099,0.001415414516021255
2025-11-03,679.4711303710938,681.9171636388411,676.0903560257897,681.7878948104295,57315000,0.001875018306885159,668.503549194336,9.554300258915955,1.147920923515354,0,0.0,0.0,0.0,1.3194174876601628,3.35497770645743,0.009295874767075033,medium,-0.011924353295924664,0,1.147920923515354,0.009295874767075033,-0.0005553141385127543
2025-11-04,671.4169921875,676.1103005794487,670.7607556049009,672.2820616639051,78427000,-0.011924353295924664,668.8078186035157,9.544862855370987,0.27335893909844106,0,0.0,-0.0,0.0,1.3194174876601628,3.3149717669856806,0.009682026889874745,medium,0.003459398571762206,1,0.27335893909844106,0.009682026889874745,-0.0034706804025735464
2025-11-05,673.7437133789062,677.0051112074705,670.3529860359731,671.1583975728993,74402400,0.003459398571762206,669.0300537109375,9.608433110134111,0.4905752700715773,0,0.0,0.0,0.0,1.3194174876601628,3.326439575581823,0.009623616751421333,medium,-0.010787307565268271,0,0.4905752700715773,0.009623616751421333,-0.0028748550264174277
2025-11-06,666.514892578125,673.5448715272548,664.9338680034818,672.6399897028363,85035300,-0.010787307565268271,668.9877960205079,9.618018032563363,-0.2571115414849963,0,0.0,-0.0,0.0,1.3194174876601628,3.290556248782741,0.009920009397991071,high,0.0009840232716329205,1,-0.2571115414849963,0.009920009397991071,-0.0028205024085732494
2025-11-07,667.1710815429688,667.2805048704689,657.4663915648358,664.1284090392404,100592400,0.0009840232716329205,669.8802124023438,8.455075015340052,-0.3204147632587344,0,0.0,0.0,0.0,1.3194174876601628,3.2937942327081604,0.007550738311795687,medium,0.015483847432383142,1,-0.3204147632587344,0.007550738311795687,-0.003278644142182529
2025-11-10,677.5818481445312,678.3176487268574,671.2081667723378,673.4056154266486,75842900,0.015483847432383142,670.7950042724609,8.235413828997832,0.8241047763954598,0,0.0,0.0,0.0,1.3194174876601628,3.344794840081077,0.007575696771093997,medium,0.0022866236688574054,1,0.8241047763954598,0.007575696771093997,-0.0005568783170829327
2025-11-11,679.1329956054688,679.6997756663966,674.8871520395073,676.1002762110339,58953400,0.0022866236688574054,671.8276245117188,7.897934464784052,0.9249723616122333,0,0.0,0.0,0.0,1.3194174876601628,3.3524431271298787,0.007553130917890265,medium,0.0005563336963194146,1,0.9249723616122333,0.007553130917890265,0.002285317075873481
2025-11-12,679.5109252929688,681.0819968300743,677.0946904605516,680.9129156193362,62312500,0.0005563336963194146,672.7329742431641,7.674827486939461,0.8831405085441899,0,0.0,0.0,0.0,1.3194174876601628,3.354308204206496,0.0075248527943573345,medium,-0.016733243059015003,0,0.8831405085441899,0.0075248527943573345,0.0017047041007849228
2025-11-13,668.235107421875,677.0051787486752,666.7237544337754,676.6472315164618,103457800,-0.016733243059015003,673.2997497558594,6.814330290421799,-0.743234055018319,0,0.0,-0.0,0.0,1.3194174876601628,3.2981797497306604,0.008369701473999465,medium,-0.00016378217190490574,0,-0.743234055018319,0.008369701473999465,0.000515517002035576
2025-11-14,668.1256713867188,671.8345335183507,659.5147291242073,661.612768198211,96846700,-0.00016378217190490574,673.6746124267578,6.264624347550665,-0.8857579851868624,0,0.0,-0.0,0.0,1.3194174876601628,3.297639566687917,0.008294709447829066,medium,-0.009360102835536118,0,-0.8857579851868624,0.008294709447829066,0.00028595591332801105
2025-11-17,661.901123046875,669.8956413839408,658.4209391867944,665.9083353081996,90456100,-0.009360102835536118,673.3947052001953,6.667194048677193,-1.7239009498457116,0,0.0,-0.0,0.0,1.3194174876601628,3.266773321229185,0.008241801704025265,medium,-0.008433010863377237,0,-1.7239009498457116,0.008241801704025265,-0.004682834140255841
2025-11-18,656.3427734375,661.354216097308,652.146634691611,658.3512953245886,114467500,-0.008433010863377237,672.8373779296875,7.588982902205781,-2.1734934318264476,1,0.0,-0.0,0.0,1.3194174876601628,3.2392245863230684,0.008432708919315648,medium,0.003855757148191913,1,-2.1734934318264476,0.008432708919315648,-0.00682676104670277
2025-11-19,658.8783569335938,663.5617119214406,655.0203196831769,657.0388554539629,94703000,0.003855757148191913,672.5803405761719,7.980342679710913,-1.7169668261757556,0,1.0,0.003355757148191913,1.0,1.3238451323258278,3.2517142496763825,0.008429139631945125,medium,-0.015359602533844793,0,-1.7169668261757556,0.008429139631945125,-0.00616687635632827
2025-11-20,648.8355712890625,671.7351497651099,648.1991802397498,669.1001291109939,165293500,-0.015359602533844793,671.6242858886719,9.553688728616258,-2.3853314930965,1,0.0,-0.0005,1.0,1.323183209759665,3.2017692112477136,0.008919998972350747,medium,0.009911937023691694,1,-2.3853314930965,0.008919998972350747,-0.0058921482512942274
2025-11-21,655.2987670898438,660.7874729698119,647.1650267848305,651.3412595795126,123956200,0.009911937023691694,670.7184448242188,10.211163233135178,-1.510080426913382,0,1.0,0.009411937023691693,1.0,1.335636926800729,3.233504946033996,0.00902846317541948,medium,0.014611241086193577,1,-1.510080426913382,0.00902846317541948,-0.003877004412174908
2025-11-24,664.9437866210938,666.2662734630499,657.8442577670318,658.9380055466532,80437900,0.014611241086193577,669.8976165771485,9.967606889619459,-0.4969929102254011,0,0.0,-0.0005,1.0,1.3349691083373287,3.280750466353898,0.009268288874215035,medium,0.009362030553383407,1,-0.4969929102254011,0.009268288874215035,0.0009172643721710314
2025-11-25,671.1982421875,672.3815071629971,660.717877921785,664.8444060411854,81077100,0.009362030553383407,669.2990264892578,9.4759492008439,0.20042485011137978,0,0.0,0.0,0.0,1.3349691083373287,3.3114649524579303,0.009533451540012729,medium,0.006879763512976049,1,0.20042485011137978,0.009533451540012729,0.00447627265552316
2025-11-26,675.8318481445312,677.8404309302599,672.8885849296569,673.7934667684052,71879600,0.006879763512976049,668.9157073974609,9.015192908449468,0.7671650309987512,0,0.0,0.0,0.0,1.3349691083373287,3.334247048212349,0.00968779455767915,high,0.0054435632273936016,1,0.7671650309987512,0.00968779455767915,0.0050810739284799875
2025-11-28,679.5208129882812,679.7991961322198,676.6471609574353,677.0051081523229,49212000,0.0054435632273936016,669.0926971435547,9.194172933508307,1.1342092344947234,0,0.0,0.0,0.0,1.3349691083373287,3.352397232835044,0.009446639561757238,medium,-0.004575959173217758,0,1.1342092344947234,0.009446639561757238,0.009241707080727666
2025-12-01,676.41845703125,679.1230277654502,674.8970904760725,674.9667014318244,61201200,-0.004575959173217758,669.0037048339843,9.109624193343462,0.8139471003297524,0,0.0,-0.0,0.0,1.3349691083373287,3.3370567999651826,0.009477883281230726,medium,0.0018505862825212542,1,0.8139471003297524,0.009477883281230726,0.0063441278413457775
2025-12-02,677.67138671875,679.9483994968172,675.4838303983408,678.0591325179204,62953800,0.0018505862825212542,668.9137176513672,9.00911691435807,0.9720896232821115,0,0.0,0.0,0.0,1.3349691083373287,3.3432323115031926,0.009477612635618131,medium,0.003456786217426821,1,0.9720896232821115,0.009477612635618131,0.003791996880611312
2025-12-03,680.0180053710938,681.0321891246488,675.8417725523884,676.7167950740063,57238500,0.003456786217426821,669.3437683105469,9.334315623222768,1.1435479033932046,0,0.0,0.0,0.0,1.3349691083373287,3.354789150879253,0.009086390496744938,medium,0.0007307890626128348,1,1.1435479033932046,0.009086390496744938,0.0026109480134199944
2025-12-04,680.51513671875,681.4895687361658,677.4824173401821,681.4199577792665,61970300,0.0007307890626128348,669.682339477539,9.620720133155897,1.1259861103201518,0,0.0,0.0,0.0,1.3349691083373287,3.3572407940980877,0.009062226160984406,medium,0.0018977350040129193,1,1.1259861103201518,0.009062226160984406,0.0013811531233473514
2025-12-05,681.8078002929688,684.4925257185774,680.7040993957534,681.5890143183475,79241000,0.0018977350040129193,670.4469848632813,9.957560709903515,1.1409235414842436,0,0.0,0.0,0.0,1.3349691083373287,3.363611947469948,0.00866590234356661,medium,-0.003008799415334641,0,1.1409235414842436,0.00866590234356661,0.0006719874786712149
2025-12-08,679.7594604492188,682.7524282821314,677.7111260885928,682.7027235077143,55231500,-0.003008799415334641,671.0764038085938,10.135852430428736,0.8566676261542286,0,0.0,-0.0,0.0,1.3349691083373287,3.353491513808988,0.008715396812136629,medium,-0.0008634278241621205,0,0.8566676261542286,0.008715396812136629,0.0009854194302478382
2025-12-09,679.1727905273438,681.5095218770947,678.7253868572307,679.2822138612034,58310100,-0.0008634278241621205,671.1559509277344,10.19566136401948,0.7862991240471019,0,0.0,-0.0,0.0,1.3349691083373287,3.3505960159278736,0.008017730780134985,medium,0.006610281415951135,1,0.7862991240471019,0.008017730780134985,0.00044261660891116336
2025-12-10,683.6771850585938,685.0692222502689,677.4526176554032,678.6955405173951,85671300,0.006610281415951135,671.3831604003906,10.430709421867714,1.1786374407505844,0,0.0,0.0,0.0,1.3349691083373287,3.372744398504322,0.008136708923181945,medium,0.002324244979309141,1,1.1786374407505844,0.008136708923181945,0.0010733156486160262
2025-12-11,685.26806640625,685.3476304583654,678.3076987410943,681.2609148661827,86173700,0.002324244979309141,671.6710174560546,10.741623666295235,1.265828088248874,0,0.0,0.0,0.0,1.3349691083373287,3.380583482739038,0.008148851852490705,medium,-0.010810189042095767,0,1.265828088248874,0.008148851852490705,0.0013920068319552873
2025-12-12,677.9000854492188,684.9797692517327,675.3247225627367,684.2737672143002,113160300,-0.010810189042095767,672.1542663574219,10.79617944378323,0.5322085578251011,0,0.0,-0.0,0.0,1.3349691083373287,3.344038736218043,0.007580374328633485,medium,-0.001512030324677354,0,0.5322085578251011,0.007580374328633485,-0.00114957797726645
2025-12-15,676.8758544921875,681.8774049984522,675.4042533093998,681.8574988128718,90811000,-0.001512030324677354,672.5917755126953,10.801627199353357,0.3966142230634133,0,0.0,-0.0,0.0,1.3349691083373287,3.3389824482419854,0.0075946103109521025,medium,-0.002736037133594218,0,0.3966142230634133,0.0075946103109521025,-0.0008502241591349926
2025-12-16,675.0264282226562,677.2239376857725,671.1584377196804,675.3843754405706,122030600,-0.002736037133594218,673.2480407714844,10.51277832674342,0.16916436320623432,0,0.0,-0.0,0.0,1.3349691083373287,3.3298468682751756,0.007272679613633179,medium,-0.01106460773219221,0,0.16916436320623432,0.007272679613633179,-0.0012247460210214121
2025-12-17,667.5986938476562,676.5874893555698,667.3998140691156,676.0406154817738,110625200,-0.01106460773219221,673.8108367919922,9.839886404500389,-0.6313226280228947,0,0.0,-0.0,0.0,1.3349691083373287,3.293003418869442,0.00747302667971065,medium,0.007522963990016468,1,-0.6313226280228947,0.00747302667971065,-0.004759723850650081
2025-12-18,672.6399536132812,676.8857972779194,671.0788959983324,673.7635606688432,108650100,0.007522963990016468,674.4989166259766,9.2011637140262,-0.20203564141147934,0,0.0,0.0,0.0,1.3349691083373287,3.317776565008598,0.007594653208162085,medium,0.009022618958016409,1,-0.20203564141147934,0.007594653208162085,-0.003719980048508616
2025-12-19,678.7363891601562,679.2350273728672,674.6275542880097,674.747283458469,103599500,0.009022618958016409,675.9939575195312,6.970663316175782,0.39342477411884846,0,0.0,0.0,0.0,1.3349691083373287,3.3477115987425075,0.0067327200648264985,medium,0.006210566721978087,1,0.39342477411884846,0.0067327200648264985,0.0002465815515138192
2025-12-22,682.96484375,683.4933686131409,678.7364013691785,682.0772531068674,69556700,0.006210566721978087,677.3772613525391,5.156725564025902,1.0835524070624802,0,0.0,0.0,0.0,1.3349691083373287,3.3685027849924376,0.006559751565942484,medium,0.004560042005282501,1,1.0835524070624802,0.006559751565942484,0.0017911009608449074
2025-12-23,686.0863037109375,686.325640311278,682.0074163952171,682.0572680421344,64840000,0.004560042005282501,678.4343872070312,4.612057285951306,1.659111331338966,0,0.0,0.0,0.0,1.3349691083373287,3.383863299186914,0.005900020507617541,low,0.0035114479496600164,1,1.659111331338966,0.005900020507617541,0.003250316788620251
2025-12-24,688.4996948242188,688.9484813838191,685.9267046355759,686.0763204450832,39445600,0.0035114479496600164,679.2994598388672,4.802038959962238,1.9159017788193733,0,0.0,0.0,0.0,1.3349691083373287,3.395745559030774,0.00563204480559232,low,-0.0001014201750952399,0,1.9159017788193733,0.00563204480559232,0.006165527924990697
2025-12-26,688.4298706054688,689.7761694005526,687.392725060237,688.758988861415,41613300,-0.0001014201750952399,679.9293609619141,5.137768032166861,1.6545140984050157,0,0.0,-0.0,0.0,1.3349691083373287,3.395401161921598,0.005480531514038842,low,-0.0035699930558561223,0,1.6545140984050157,0.005480531514038842,0.004640651091968355
2025-12-29,685.9765625,687.322922191004,684.2014421207446,685.6674092439482,62559500,-0.0035699930558561223,680.2521484375,5.31063702493856,1.0779147653319936,0,0.0,-0.0,0.0,1.3349691083373287,3.383279603351692,0.005459833353056555,low,-0.0012218468855631148,0,1.0779147653319936,0.005459833353056555,0.0021221286891938487
2025-12-30,685.138916015625,686.6846823672308,684.7100944386586,685.5777200962995,47160700,-0.0012218468855631148,680.6881713867188,5.337234814916882,0.8339045935297794,0,0.0,-0.0,0.0,1.3349691083373287,3.3791457537053473,0.005346938694403599,low,-0.0074365500962735335,0,0.8339045935297794,0.005346938694403599,0.0006356459676856085
